Date/Time,Energy Produced (Wh),Energy Consumed (Wh),Exported to Grid (Wh),Imported from Grid (Wh),Stored in batteries (Wh),Discharged from batteries (Wh)
12/01/2024 00:00,0,94,0,97,3,0
12/01/2024 00:15,0,406,0,408,2,0
12/01/2024 00:30,0,699,0,699,0,0
12/01/2024 00:45,0,410,0,410,0,0
12/01/2024 01:00,0,459,0,461,2,0
12/01/2024 01:15,0,611,0,611,0,0
12/01/2024 01:30,0,514,0,516,2,0
12/01/2024 01:45,0,664,0,664,0,0
12/01/2024 02:00,0,799,0,799,0,0
12/01/2024 02:15,0,508,0,510,2,0
12/01/2024 02:30,0,633,0,637,4,0
12/01/2024 02:45,0,495,0,498,3,0
12/01/2024 03:00,0,492,0,493,1,0
12/01/2024 03:15,0,623,0,626,3,0
12/01/2024 03:30,0,804,0,807,3,0
12/01/2024 03:45,0,570,0,574,4,0
12/01/2024 04:00,0,588,0,590,2,0
12/01/2024 04:15,0,211,0,213,2,0
12/01/2024 04:30,0,386,0,388,2,0
12/01/2024 04:45,0,585,0,589,4,0
12/01/2024 05:00,0,683,0,687,4,0
12/01/2024 05:15,0,232,0,236,4,0
12/01/2024 05:30,0,721,0,727,6,0
12/01/2024 05:45,0,557,0,561,4,0
12/01/2024 06:00,0,683,0,687,4,0
12/01/2024 06:15,0,860,0,865,5,0
12/01/2024 06:30,0,697,0,701,4,0
12/01/2024 06:45,0,666,0,668,2,0
12/01/2024 07:00,1,699,0,703,5,0
12/01/2024 07:15,38,649,0,639,28,0
12/01/2024 07:30,63,856,0,851,58,0
12/01/2024 07:45,76,963,0,955,68,0
12/01/2024 08:00,131,960,0,952,123,0
12/01/2024 08:15,244,705,0,705,244,0
12/01/2024 08:30,294,649,0,642,287,0
12/01/2024 08:45,315,639,0,643,319,0
12/01/2024 09:00,318,653,0,651,316,0
12/01/2024 09:15,355,672,0,664,347,0
12/01/2024 09:30,391,1651,0,1643,383,0
12/01/2024 09:45,414,2419,0,2416,411,0
12/01/2024 10:00,385,1830,0,1833,388,0
12/01/2024 10:15,416,776,0,778,418,0
12/01/2024 10:30,929,842,0,789,876,0
12/01/2024 10:45,946,539,0,535,942,0
12/01/2024 11:00,507,508,0,529,528,0
12/01/2024 11:15,870,600,0,557,827,0
12/01/2024 11:30,890,551,0,554,893,0
12/01/2024 11:45,879,608,0,607,878,0
12/01/2024 12:00,880,658,0,658,880,0
12/01/2024 12:15,843,707,0,705,841,0
12/01/2024 12:30,806,346,0,343,803,0
12/01/2024 12:45,752,142,0,137,747,0
12/01/2024 13:00,645,525,0,520,640,0
12/01/2024 13:15,521,638,0,630,513,0
12/01/2024 13:30,418,660,0,541,299,0
12/01/2024 13:45,241,622,0,391,10,0
12/01/2024 14:00,178,614,0,474,38,0
12/01/2024 14:15,151,475,0,344,20,0
12/01/2024 14:30,122,578,0,496,40,0
12/01/2024 14:45,104,672,0,620,52,0
12/01/2024 15:00,82,657,0,581,6,0
12/01/2024 15:15,64,495,0,476,45,0
12/01/2024 15:30,44,565,0,576,55,0
12/01/2024 15:45,21,583,0,591,29,0
12/01/2024 16:00,5,557,5,0,0,557
12/01/2024 16:15,0,531,2,0,0,533
12/01/2024 16:30,0,143,0,1,0,142
12/01/2024 16:45,0,279,0,14,0,265
12/01/2024 17:00,0,560,1,0,0,561
12/01/2024 17:15,0,655,0,6,0,649
12/01/2024 17:30,0,658,0,4,0,654
12/01/2024 17:45,0,542,0,5,0,537
12/01/2024 18:00,0,320,0,2,0,318
12/01/2024 18:15,0,434,0,13,0,421
12/01/2024 18:30,0,899,2,0,0,901
12/01/2024 18:45,0,649,0,4,0,645
12/01/2024 19:00,0,683,0,10,0,673
12/01/2024 19:15,0,614,0,0,0,614
12/01/2024 19:30,0,568,0,6,0,562
12/01/2024 19:45,0,696,0,8,0,688
12/01/2024 20:00,0,546,0,13,0,533
12/01/2024 20:15,0,813,0,21,0,792
12/01/2024 20:30,0,824,0,832,8,0
12/01/2024 20:45,0,626,0,629,3,0
12/01/2024 21:00,0,840,0,840,0,0
12/01/2024 21:15,0,993,0,993,0,0
12/01/2024 21:30,0,739,0,740,1,0
12/01/2024 21:45,0,600,0,601,1,0
12/01/2024 22:00,0,515,0,515,0,0
12/01/2024 22:15,0,331,0,334,3,0
12/01/2024 22:30,0,293,0,293,0,0
12/01/2024 22:45,0,843,0,845,2,0
12/01/2024 23:00,0,489,0,490,1,0
12/01/2024 23:15,0,115,0,117,2,0
12/01/2024 23:30,0,516,0,516,0,0
12/01/2024 23:45,0,402,0,403,1,0
12/02/2024 00:00,0,121,0,123,2,0
12/02/2024 00:15,0,771,0,771,0,0
12/02/2024 00:30,0,617,0,620,3,0
12/02/2024 00:45,0,591,0,592,1,0
12/02/2024 01:00,0,681,0,683,2,0
12/02/2024 01:15,0,625,0,625,0,0
12/02/2024 01:30,0,747,0,750,3,0
12/02/2024 01:45,0,734,0,735,1,0
12/02/2024 02:00,0,598,0,600,2,0
12/02/2024 02:15,0,685,0,687,2,0
12/02/2024 02:30,0,591,0,595,4,0
12/02/2024 02:45,0,748,0,752,4,0
12/02/2024 03:00,0,808,0,810,2,0
12/02/2024 03:15,0,754,0,758,4,0
12/02/2024 03:30,0,700,0,704,4,0
12/02/2024 03:45,0,704,0,706,2,0
12/02/2024 04:00,0,584,0,588,4,0
12/02/2024 04:15,0,663,0,665,2,0
12/02/2024 04:30,0,716,0,720,4,0
12/02/2024 04:45,0,851,0,855,4,0
12/02/2024 05:00,0,657,0,661,4,0
12/02/2024 05:15,0,568,0,574,6,0
12/02/2024 05:30,0,751,0,754,3,0
12/02/2024 05:45,0,736,0,739,3,0
12/02/2024 06:00,0,1036,0,1042,6,0
12/02/2024 06:15,0,549,0,553,4,0
12/02/2024 06:30,0,614,0,616,2,0
12/02/2024 06:45,0,722,0,725,3,0
12/02/2024 07:00,2,748,0,749,3,0
12/02/2024 07:15,39,1037,0,1026,28,0
12/02/2024 07:30,63,967,0,955,51,0
12/02/2024 07:45,74,714,0,704,64,0
12/02/2024 08:00,87,821,0,811,77,0
12/02/2024 08:15,130,903,0,896,123,0
12/02/2024 08:30,165,760,0,753,158,0
12/02/2024 08:45,258,540,0,529,247,0
12/02/2024 09:00,340,723,0,716,333,0
12/02/2024 09:15,405,685,0,680,400,0
12/02/2024 09:30,485,653,0,646,478,0
12/02/2024 09:45,547,534,0,523,536,0
12/02/2024 10:00,651,502,0,407,556,0
12/02/2024 10:15,737,505,0,323,555,0
12/02/2024 10:30,791,494,0,260,557,0
12/02/2024 10:45,820,729,0,522,613,0
12/02/2024 11:00,865,553,0,482,794,0
12/02/2024 11:15,886,504,0,460,842,0
12/02/2024 11:30,873,502,0,492,863,0
12/02/2024 11:45,867,535,0,543,875,0
12/02/2024 12:00,865,651,0,670,884,0
12/02/2024 12:15,832,583,0,596,845,0
12/02/2024 12:30,800,511,0,509,798,0
12/02/2024 12:45,751,513,0,508,746,0
12/02/2024 13:00,634,558,0,554,630,0
12/02/2024 13:15,458,585,0,582,455,0
12/02/2024 13:30,339,337,0,339,341,0
12/02/2024 13:45,204,296,0,296,204,0
12/02/2024 14:00,172,547,0,546,171,0
12/02/2024 14:15,147,524,0,404,27,0
12/02/2024 14:30,114,376,0,274,12,0
12/02/2024 14:45,92,619,0,557,30,0
12/02/2024 15:00,87,588,0,513,12,0
12/02/2024 15:15,70,560,0,532,42,0
12/02/2024 15:30,54,577,0,581,58,0
12/02/2024 15:45,22,584,0,598,36,0
12/02/2024 16:00,4,558,2,0,0,556
12/02/2024 16:15,0,580,0,3,0,577
12/02/2024 16:30,0,561,0,5,0,556
12/02/2024 16:45,0,599,0,8,0,591
12/02/2024 17:00,0,628,8,0,0,636
12/02/2024 17:15,0,634,0,7,0,627
12/02/2024 17:30,0,552,0,2,0,550
12/02/2024 17:45,0,144,1,0,0,145
12/02/2024 18:00,0,180,0,4,0,176
12/02/2024 18:15,0,584,0,17,0,567
12/02/2024 18:30,0,1112,0,1,0,1111
12/02/2024 18:45,0,588,0,3,0,585
12/02/2024 19:00,0,627,0,7,0,620
12/02/2024 19:15,0,618,0,8,0,610
12/02/2024 19:30,0,593,0,8,0,585
12/02/2024 19:45,0,803,0,7,0,796
12/02/2024 20:00,0,577,0,10,0,567
12/02/2024 20:15,0,638,0,461,6,183
12/02/2024 20:30,0,589,0,593,4,0
12/02/2024 20:45,0,363,0,364,1,0
12/02/2024 21:00,0,373,0,376,3,0
12/02/2024 21:15,0,663,0,663,0,0
12/02/2024 21:30,0,571,0,571,0,0
12/02/2024 21:45,0,719,0,719,0,0
12/02/2024 22:00,0,596,0,597,1,0
12/02/2024 22:15,0,139,0,140,1,0
12/02/2024 22:30,0,131,0,132,1,0
12/02/2024 22:45,0,598,0,598,0,0
12/02/2024 23:00,0,223,0,224,1,0
12/02/2024 23:15,0,131,0,131,0,0
12/02/2024 23:30,0,769,0,769,0,0
12/02/2024 23:45,0,727,0,727,0,0
12/03/2024 00:00,0,589,0,589,0,0
12/03/2024 00:15,0,665,0,668,3,0
12/03/2024 00:30,0,556,0,556,0,0
12/03/2024 00:45,0,725,0,726,1,0
12/03/2024 01:00,0,663,0,666,3,0
12/03/2024 01:15,0,772,0,773,1,0
12/03/2024 01:30,0,734,0,734,0,0
12/03/2024 01:45,0,540,0,542,2,0
12/03/2024 02:00,0,696,0,698,2,0
12/03/2024 02:15,0,647,0,651,4,0
12/03/2024 02:30,0,516,0,517,1,0
12/03/2024 02:45,0,784,0,787,3,0
12/03/2024 03:00,0,680,0,681,1,0
12/03/2024 03:15,0,688,0,690,2,0
12/03/2024 03:30,0,481,0,484,3,0
12/03/2024 03:45,0,243,0,245,2,0
12/03/2024 04:00,0,191,0,193,2,0
12/03/2024 04:15,0,880,0,882,2,0
12/03/2024 04:30,0,738,0,740,2,0
12/03/2024 04:45,0,641,0,643,2,0
12/03/2024 05:00,0,621,0,625,4,0
12/03/2024 05:15,0,652,0,658,6,0
12/03/2024 05:30,0,889,0,891,2,0
12/03/2024 05:45,0,539,0,543,4,0
12/03/2024 06:00,0,571,0,575,4,0
12/03/2024 06:15,0,626,0,628,2,0
12/03/2024 06:30,0,610,0,610,0,0
12/03/2024 06:45,0,725,0,727,2,0
12/03/2024 07:00,1,1028,0,1031,4,0
12/03/2024 07:15,14,889,0,885,10,0
12/03/2024 07:30,24,715,0,707,16,0
12/03/2024 07:45,51,803,0,792,40,0
12/03/2024 08:00,66,783,0,774,57,0
12/03/2024 08:15,103,819,0,810,94,0
12/03/2024 08:30,117,830,0,823,110,0
12/03/2024 08:45,164,579,0,569,154,0
12/03/2024 09:00,190,593,0,587,184,0
12/03/2024 09:15,257,547,0,542,252,0
12/03/2024 09:30,482,1848,0,1845,479,0
12/03/2024 09:45,539,1992,0,1984,531,0
12/03/2024 10:00,642,1035,0,947,554,0
12/03/2024 10:15,730,559,0,390,561,0
12/03/2024 10:30,786,584,0,579,781,0
12/03/2024 10:45,816,531,0,534,819,0
12/03/2024 11:00,862,747,0,745,860,0
12/03/2024 11:15,854,525,0,513,842,0
12/03/2024 11:30,885,528,0,529,886,0
12/03/2024 11:45,845,528,0,507,824,0
12/03/2024 12:00,924,559,0,554,919,0
12/03/2024 12:15,718,542,0,515,691,0
12/03/2024 12:30,927,652,0,541,816,0
12/03/2024 12:45,827,488,0,407,746,0
12/03/2024 13:00,484,542,0,521,463,0
12/03/2024 13:15,433,737,0,731,427,0
12/03/2024 13:30,333,620,0,626,339,0
12/03/2024 13:45,215,242,0,244,217,0
12/03/2024 14:00,157,110,0,110,157,0
12/03/2024 14:15,153,159,0,162,156,0
12/03/2024 14:30,122,727,0,729,124,0
12/03/2024 14:45,100,555,0,560,105,0
12/03/2024 15:00,76,521,0,532,87,0
12/03/2024 15:15,59,527,0,532,64,0
12/03/2024 15:30,42,558,0,558,42,0
12/03/2024 15:45,20,540,0,538,18,0
12/03/2024 16:00,4,550,11,0,0,557
12/03/2024 16:15,0,700,0,6,0,694
12/03/2024 16:30,0,574,0,0,0,574
12/03/2024 16:45,0,541,0,6,0,535
12/03/2024 17:00,0,277,12,0,0,289
12/03/2024 17:15,0,112,0,3,0,109
12/03/2024 17:30,0,629,0,18,0,611
12/03/2024 17:45,0,1003,2,0,0,1005
12/03/2024 18:00,0,842,0,5,0,837
12/03/2024 18:15,0,627,0,3,0,624
12/03/2024 18:30,0,927,0,5,0,922
12/03/2024 18:45,0,557,0,5,0,552
12/03/2024 19:00,0,641,0,6,0,635
12/03/2024 19:15,0,667,0,6,0,661
12/03/2024 19:30,0,754,0,11,0,743
12/03/2024 19:45,0,548,7,0,0,555
12/03/2024 20:00,0,373,0,216,4,161
12/03/2024 20:15,0,723,0,727,4,0
12/03/2024 20:30,0,1130,0,1130,0,0
12/03/2024 20:45,0,612,0,612,0,0
12/03/2024 21:00,0,232,0,236,4,0
12/03/2024 21:15,1,1060,0,1060,1,0
12/03/2024 21:30,0,751,0,751,1,1
12/03/2024 21:45,0,620,0,621,1,0
12/03/2024 22:00,0,414,0,417,3,0
12/03/2024 22:15,0,657,0,657,0,0
12/03/2024 22:30,0,355,0,356,1,0
12/03/2024 22:45,0,126,0,127,1,0
12/03/2024 23:00,0,517,0,517,0,0
12/03/2024 23:15,0,112,0,112,0,0
12/03/2024 23:30,0,272,0,272,0,0
12/03/2024 23:45,0,681,0,681,0,0
12/04/2024 00:00,0,372,0,372,0,0
12/04/2024 00:15,0,602,0,602,0,0
12/04/2024 00:30,0,392,0,392,0,0
12/04/2024 00:45,0,208,0,208,0,0
12/04/2024 01:00,0,704,0,704,0,0
12/04/2024 01:15,0,306,0,307,1,0
12/04/2024 01:30,0,552,0,553,1,0
12/04/2024 01:45,0,791,0,791,0,0
12/04/2024 02:00,0,764,0,765,1,0
12/04/2024 02:15,0,641,0,641,0,0
12/04/2024 02:30,0,623,0,624,1,0
12/04/2024 02:45,0,502,0,503,1,0
12/04/2024 03:00,0,533,0,533,0,0
12/04/2024 03:15,0,761,0,762,1,0
12/04/2024 03:30,0,637,0,638,1,0
12/04/2024 03:45,0,635,0,635,0,0
12/04/2024 04:00,0,538,0,539,1,0
12/04/2024 04:15,0,507,0,507,0,0
12/04/2024 04:30,0,722,0,723,1,0
12/04/2024 04:45,0,595,0,596,1,0
12/04/2024 05:00,0,574,0,574,0,0
12/04/2024 05:15,0,891,0,893,2,0
12/04/2024 05:30,0,635,0,635,0,0
12/04/2024 05:45,0,585,0,586,1,0
12/04/2024 06:00,0,646,0,646,0,0
12/04/2024 06:15,0,515,0,515,0,0
12/04/2024 06:30,0,604,0,604,0,0
12/04/2024 06:45,0,679,0,681,2,0
12/04/2024 07:00,1,899,0,900,2,0
12/04/2024 07:15,34,753,0,741,22,0
12/04/2024 07:30,53,830,0,822,45,0
12/04/2024 07:45,69,830,0,823,62,0
12/04/2024 08:00,80,772,0,762,70,0
12/04/2024 08:15,122,803,0,797,116,0
12/04/2024 08:30,159,709,0,702,152,0
12/04/2024 08:45,246,516,0,505,235,0
12/04/2024 09:00,326,627,0,617,316,0
12/04/2024 09:15,387,506,0,499,380,0
12/04/2024 09:30,473,580,0,571,464,0
12/04/2024 09:45,530,619,0,610,521,0
12/04/2024 10:00,632,534,0,532,630,0
12/04/2024 10:15,726,518,0,512,720,0
12/04/2024 10:30,782,565,0,563,780,0
12/04/2024 10:45,808,562,0,562,808,0
12/04/2024 11:00,852,632,0,632,852,0
12/04/2024 11:15,871,508,0,505,868,0
12/04/2024 11:30,868,520,0,516,864,0
12/04/2024 11:45,855,712,0,711,854,0
12/04/2024 12:00,852,543,0,544,853,0
12/04/2024 12:15,814,499,0,494,809,0
12/04/2024 12:30,731,116,0,113,728,0
12/04/2024 12:45,714,508,0,505,711,0
12/04/2024 13:00,605,506,0,504,603,0
12/04/2024 13:15,428,554,0,558,432,0
12/04/2024 13:30,304,477,0,416,243,0
12/04/2024 13:45,268,172,92,0,4,0
12/04/2024 14:00,267,647,0,422,42,0
12/04/2024 14:15,243,563,0,346,26,0
12/04/2024 14:30,176,606,0,458,28,0
12/04/2024 14:45,117,559,0,510,68,0
12/04/2024 15:00,88,514,0,428,2,0
12/04/2024 15:15,46,500,0,486,32,0
12/04/2024 15:30,22,508,0,506,20,0
12/04/2024 15:45,4,535,0,547,16,0
12/04/2024 16:00,0,562,0,4,0,558
12/04/2024 16:15,0,558,0,6,0,552
12/04/2024 16:30,0,770,0,7,0,763
12/04/2024 16:45,0,569,0,6,0,563
12/04/2024 17:00,0,459,5,0,0,464
12/04/2024 17:15,0,717,0,4,0,713
12/04/2024 17:30,0,260,0,0,0,260
12/04/2024 17:45,0,499,0,11,0,488
12/04/2024 18:00,0,564,0,7,0,557
12/04/2024 18:15,0,798,0,3,0,795
12/04/2024 18:30,0,843,0,5,0,838
12/04/2024 18:45,0,577,0,6,0,571
12/04/2024 19:00,0,577,0,8,0,569
12/04/2024 19:15,0,605,0,2,0,603
12/04/2024 19:30,0,616,0,12,0,604
12/04/2024 19:45,0,670,0,2,0,668
12/04/2024 20:00,0,159,0,119,7,47
12/04/2024 20:15,0,103,0,107,4,0
12/04/2024 20:30,0,622,0,624,2,0
12/04/2024 20:45,0,886,0,886,0,0
12/04/2024 21:00,0,536,0,536,0,0
12/04/2024 21:15,0,509,0,509,0,0
12/04/2024 21:30,0,786,0,787,1,0
12/04/2024 21:45,0,609,0,609,0,0
12/04/2024 22:00,0,215,0,217,2,0
12/04/2024 22:15,0,489,0,489,0,0
12/04/2024 22:30,0,373,0,375,2,0
12/04/2024 22:45,0,100,0,101,1,0
12/04/2024 23:00,0,103,0,103,0,0
12/04/2024 23:15,0,444,0,444,0,0
12/04/2024 23:30,0,424,0,425,1,0
12/04/2024 23:45,0,568,0,569,1,0
12/05/2024 00:00,0,211,0,212,1,0
12/05/2024 00:15,0,571,0,572,1,0
12/05/2024 00:30,0,302,0,303,1,0
12/05/2024 00:45,0,84,0,87,3,0
12/05/2024 01:00,0,221,0,224,3,0
12/05/2024 01:15,0,477,0,481,4,0
12/05/2024 01:30,0,219,0,224,5,0
12/05/2024 01:45,0,572,0,577,5,0
12/05/2024 02:00,0,749,0,753,4,0
12/05/2024 02:15,0,574,0,574,0,0
12/05/2024 02:30,0,498,0,500,2,0
12/05/2024 02:45,0,564,0,566,2,0
12/05/2024 03:00,0,502,0,503,1,0
12/05/2024 03:15,0,533,0,534,1,0
12/05/2024 03:30,0,677,0,679,2,0
12/05/2024 03:45,0,513,0,513,0,0
12/05/2024 04:00,0,629,0,631,2,0
12/05/2024 04:15,0,541,0,541,0,0
12/05/2024 04:30,0,110,0,113,3,0
12/05/2024 04:45,0,108,0,108,0,0
12/05/2024 05:00,0,335,0,338,3,0
12/05/2024 05:15,0,699,0,701,2,0
12/05/2024 05:30,0,544,0,545,1,0
12/05/2024 05:45,0,118,0,120,2,0
12/05/2024 06:00,0,531,0,532,1,0
12/05/2024 06:15,0,576,0,578,2,0
12/05/2024 06:30,0,651,0,653,2,0
12/05/2024 06:45,0,620,0,620,0,0
12/05/2024 07:00,0,956,0,958,2,0
12/05/2024 07:15,0,515,0,517,2,0
12/05/2024 07:30,0,615,0,619,4,0
12/05/2024 07:45,30,670,0,661,21,0
12/05/2024 08:00,23,671,0,680,32,0
12/05/2024 08:15,29,648,0,646,27,0
12/05/2024 08:30,50,677,0,672,45,0
12/05/2024 08:45,133,644,0,639,128,0
12/05/2024 09:00,119,557,0,565,127,0
12/05/2024 09:15,48,520,0,530,58,0
12/05/2024 09:30,49,500,0,501,50,0
12/05/2024 09:45,142,570,0,560,132,0
12/05/2024 10:00,224,548,0,552,228,0
12/05/2024 10:15,240,518,0,514,236,0
12/05/2024 10:30,515,626,0,603,492,0
12/05/2024 10:45,536,542,0,482,476,0
12/05/2024 11:00,269,840,0,841,270,0
12/05/2024 11:15,161,506,0,511,166,0
12/05/2024 11:30,164,487,0,482,159,0
12/05/2024 11:45,208,509,0,503,202,0
12/05/2024 12:00,649,524,0,421,546,0
12/05/2024 12:15,338,578,0,573,333,0
12/05/2024 12:30,379,511,0,502,370,0
12/05/2024 12:45,428,548,0,523,403,0
12/05/2024 13:00,414,528,0,493,379,0
12/05/2024 13:15,484,209,0,178,453,0
12/05/2024 13:30,397,132,0,121,386,0
12/05/2024 13:45,186,116,0,120,190,0
12/05/2024 14:00,219,321,0,321,219,0
12/05/2024 14:15,180,728,0,726,178,0
12/05/2024 14:30,122,562,0,563,123,0
12/05/2024 14:45,70,478,0,482,74,0
12/05/2024 15:00,68,523,0,529,74,0
12/05/2024 15:15,37,508,0,520,49,0
12/05/2024 15:30,8,545,0,557,20,0
12/05/2024 15:45,0,532,0,542,10,0
12/05/2024 16:00,0,537,0,19,0,518
12/05/2024 16:15,0,651,1,0,0,652
12/05/2024 16:30,0,584,0,5,0,579
12/05/2024 16:45,0,152,1,0,0,153
12/05/2024 17:00,0,141,0,6,0,135
12/05/2024 17:15,0,253,0,14,0,239
12/05/2024 17:30,0,722,0,5,0,717
12/05/2024 17:45,0,960,0,7,0,953
12/05/2024 18:00,0,661,0,3,0,658
12/05/2024 18:15,0,559,0,7,0,552
12/05/2024 18:30,0,667,0,1,0,666
12/05/2024 18:45,0,120,0,5,0,115
12/05/2024 19:00,0,507,0,17,0,490
12/05/2024 19:15,0,308,0,188,6,126
12/05/2024 19:30,0,759,0,763,4,0
12/05/2024 19:45,0,817,0,819,2,0
12/05/2024 20:00,0,599,0,603,4,0
12/05/2024 20:15,0,861,0,868,7,0
12/05/2024 20:30,0,635,0,640,5,0
12/05/2024 20:45,0,282,0,286,4,0
12/05/2024 21:00,0,1709,0,1713,4,0
12/05/2024 21:15,0,1919,0,1921,2,0
12/05/2024 21:30,0,642,0,644,2,0
12/05/2024 21:45,0,672,0,673,1,0
12/05/2024 22:00,0,573,0,574,1,0
12/05/2024 22:15,0,206,0,209,3,0
12/05/2024 22:30,0,165,0,170,5,0
12/05/2024 22:45,0,659,0,661,2,0
12/05/2024 23:00,0,200,0,203,3,0
12/05/2024 23:15,0,645,0,648,3,0
12/05/2024 23:30,0,489,0,490,1,0
12/05/2024 23:45,0,115,0,115,0,0
12/06/2024 00:00,0,229,0,230,1,0
12/06/2024 00:15,0,501,0,502,1,0
12/06/2024 00:30,0,275,0,276,1,0
12/06/2024 00:45,0,875,0,876,1,0
12/06/2024 01:00,0,611,0,611,0,0
12/06/2024 01:15,0,506,0,507,1,0
12/06/2024 01:30,0,585,0,589,4,0
12/06/2024 01:45,0,509,0,512,3,0
12/06/2024 02:00,0,617,0,620,3,0
12/06/2024 02:15,0,744,0,746,2,0
12/06/2024 02:30,0,484,0,489,5,0
12/06/2024 02:45,0,565,0,568,3,0
12/06/2024 03:00,0,535,0,537,2,0
12/06/2024 03:15,0,492,0,497,5,0
12/06/2024 03:30,0,669,0,672,3,0
12/06/2024 03:45,0,393,0,397,4,0
12/06/2024 04:00,0,563,0,567,4,0
12/06/2024 04:15,0,540,0,544,4,0
12/06/2024 04:30,0,114,0,118,4,0
12/06/2024 04:45,0,211,0,215,4,0
12/06/2024 05:00,0,745,0,748,3,0
12/06/2024 05:15,0,848,0,851,3,0
12/06/2024 05:30,0,547,0,551,4,0
12/06/2024 05:45,0,590,0,594,4,0
12/06/2024 06:00,0,482,0,487,5,0
12/06/2024 06:15,0,724,0,726,2,0
12/06/2024 06:30,0,694,0,697,3,0
12/06/2024 06:45,0,591,0,596,5,0
12/06/2024 07:00,0,825,0,825,0,0
12/06/2024 07:15,22,647,0,640,15,0
12/06/2024 07:30,47,650,0,639,36,0
12/06/2024 07:45,64,681,0,675,58,0
12/06/2024 08:00,76,901,0,892,67,0
12/06/2024 08:15,115,789,0,785,111,0
12/06/2024 08:30,151,881,0,875,145,0
12/06/2024 08:45,235,753,0,749,231,0
12/06/2024 09:00,329,577,0,572,324,0
12/06/2024 09:15,402,538,0,536,400,0
12/06/2024 09:30,490,596,0,585,479,0
12/06/2024 09:45,556,688,0,674,542,0
12/06/2024 10:00,669,610,0,603,662,0
12/06/2024 10:15,767,681,0,682,768,0
12/06/2024 10:30,805,541,0,543,807,0
12/06/2024 10:45,729,510,0,472,691,0
12/06/2024 11:00,815,502,0,469,782,0
12/06/2024 11:15,860,501,0,484,843,0
12/06/2024 11:30,895,1546,0,1544,893,0
12/06/2024 11:45,883,1907,0,1905,881,0
12/06/2024 12:00,894,1910,0,1912,896,0
12/06/2024 12:15,859,748,0,749,860,0
12/06/2024 12:30,831,779,0,777,829,0
12/06/2024 12:45,778,1725,0,1722,775,0
12/06/2024 13:00,651,987,0,986,650,0
12/06/2024 13:15,500,643,0,643,500,0
12/06/2024 13:30,347,312,0,313,348,0
12/06/2024 13:45,269,605,0,603,267,0
12/06/2024 14:00,236,556,0,563,243,0
12/06/2024 14:15,168,475,0,476,169,0
12/06/2024 14:30,120,643,0,649,126,0
12/06/2024 14:45,100,718,0,719,101,0
12/06/2024 15:00,91,650,0,650,91,0
12/06/2024 15:15,84,621,0,625,88,0
12/06/2024 15:30,48,514,0,517,51,0
12/06/2024 15:45,21,624,0,627,24,0
12/06/2024 16:00,3,561,0,19,0,539
12/06/2024 16:15,0,536,0,5,0,531
12/06/2024 16:30,0,521,0,5,0,516
12/06/2024 16:45,0,702,0,4,0,698
12/06/2024 17:00,0,615,6,0,0,621
12/06/2024 17:15,0,668,0,11,0,657
12/06/2024 17:30,0,774,0,9,0,765
12/06/2024 17:45,0,371,5,0,0,376
12/06/2024 18:00,0,147,0,6,0,141
12/06/2024 18:15,0,193,0,9,0,184
12/06/2024 18:30,0,136,0,2,0,134
12/06/2024 18:45,0,524,0,16,0,508
12/06/2024 19:00,0,1465,0,13,0,1452
12/06/2024 19:15,0,868,1,0,0,869
12/06/2024 19:30,0,907,0,6,0,901
12/06/2024 19:45,0,592,0,3,0,589
12/06/2024 20:00,0,728,0,662,9,75
12/06/2024 20:15,0,707,0,712,5,0
12/06/2024 20:30,0,730,0,730,0,0
12/06/2024 20:45,0,712,0,712,0,0
12/06/2024 21:00,0,735,0,735,0,0
12/06/2024 21:15,0,729,0,729,0,0
12/06/2024 21:30,0,790,0,790,0,0
12/06/2024 21:45,0,813,0,813,0,0
12/06/2024 22:00,0,169,0,169,0,0
12/06/2024 22:15,0,411,0,411,0,0
12/06/2024 22:30,0,610,0,610,0,0
12/06/2024 22:45,0,204,0,204,0,0
12/06/2024 23:00,0,519,0,519,0,0
12/06/2024 23:15,0,633,0,635,2,0
12/06/2024 23:30,0,184,0,184,0,0
12/06/2024 23:45,0,627,0,627,0,0
12/07/2024 00:00,0,636,0,636,0,0
12/07/2024 00:15,0,701,0,701,0,0
12/07/2024 00:30,0,759,0,763,4,0
12/07/2024 00:45,0,711,0,712,1,0
12/07/2024 01:00,0,693,0,696,3,0
12/07/2024 01:15,0,501,0,503,2,0
12/07/2024 01:30,0,556,0,560,4,0
12/07/2024 01:45,0,727,0,729,2,0
12/07/2024 02:00,0,627,0,631,4,0
12/07/2024 02:15,0,833,0,835,2,0
12/07/2024 02:30,0,549,0,552,3,0
12/07/2024 02:45,0,542,0,544,2,0
12/07/2024 03:00,0,814,0,817,3,0
12/07/2024 03:15,0,537,0,541,4,0
12/07/2024 03:30,0,809,0,813,4,0
12/07/2024 03:45,0,528,0,532,4,0
12/07/2024 04:00,0,542,0,546,4,0
12/07/2024 04:15,0,736,0,738,2,0
12/07/2024 04:30,0,855,0,858,3,0
12/07/2024 04:45,0,708,0,711,3,0
12/07/2024 05:00,0,594,0,598,4,0
12/07/2024 05:15,0,523,0,529,6,0
12/07/2024 05:30,0,810,0,813,3,0
12/07/2024 05:45,0,730,0,736,6,0
12/07/2024 06:00,0,603,0,608,5,0
12/07/2024 06:15,0,562,0,566,4,0
12/07/2024 06:30,0,705,0,709,4,0
12/07/2024 06:45,0,756,0,757,1,0
12/07/2024 07:00,0,875,0,875,0,0
12/07/2024 07:15,0,886,0,889,3,0
12/07/2024 07:30,26,861,0,850,15,0
12/07/2024 07:45,66,651,0,641,56,0
12/07/2024 08:00,116,781,0,771,106,0
12/07/2024 08:15,148,972,0,967,143,0
12/07/2024 08:30,175,1071,0,1062,166,0
12/07/2024 08:45,208,1017,0,1009,200,0
12/07/2024 09:00,329,708,0,698,319,0
12/07/2024 09:15,473,544,0,540,469,0
12/07/2024 09:30,377,622,0,615,370,0
12/07/2024 09:45,668,510,0,396,554,0
12/07/2024 10:00,685,704,0,573,554,0
12/07/2024 10:15,820,591,0,329,558,0
12/07/2024 10:30,953,541,0,376,788,0
12/07/2024 10:45,981,582,0,489,888,0
12/07/2024 11:00,753,1826,0,1762,689,0
12/07/2024 11:15,886,1594,0,1599,891,0
12/07/2024 11:30,866,623,0,625,868,0
12/07/2024 11:45,852,425,0,426,853,0
12/07/2024 12:00,854,584,0,584,854,0
12/07/2024 12:15,824,510,0,513,827,0
12/07/2024 12:30,791,126,0,126,791,0
12/07/2024 12:45,747,177,0,174,744,0
12/07/2024 13:00,630,302,0,300,628,0
12/07/2024 13:15,483,739,0,736,480,0
12/07/2024 13:30,328,521,0,520,327,0
12/07/2024 13:45,215,500,0,506,221,0
12/07/2024 14:00,172,509,0,510,173,0
12/07/2024 14:15,145,530,0,533,148,0
12/07/2024 14:30,116,537,0,547,126,0
12/07/2024 14:45,102,604,0,610,108,0
12/07/2024 15:00,85,598,0,595,82,0
12/07/2024 15:15,58,501,0,505,62,0
12/07/2024 15:30,45,157,0,152,40,0
12/07/2024 15:45,26,358,0,362,30,0
12/07/2024 16:00,2,646,0,35,0,609
12/07/2024 16:15,0,722,0,2,0,720
12/07/2024 16:30,0,551,0,5,0,546
12/07/2024 16:45,0,563,0,7,0,556
12/07/2024 17:00,0,583,0,2,0,581
12/07/2024 17:15,0,552,4,0,0,556
12/07/2024 17:30,0,551,0,6,0,545
12/07/2024 17:45,0,656,0,10,0,646
12/07/2024 18:00,0,566,0,2,0,564
12/07/2024 18:15,1,217,0,0,0,216
12/07/2024 18:30,0,544,0,19,0,525
12/07/2024 18:45,0,746,0,6,0,740
12/07/2024 19:00,0,837,0,10,0,827
12/07/2024 19:15,0,881,2,0,0,883
12/07/2024 19:30,0,858,0,10,0,848
12/07/2024 19:45,0,672,3,0,0,675
12/07/2024 20:00,0,186,0,171,11,26
12/07/2024 20:15,0,409,0,412,3,0
12/07/2024 20:30,0,624,0,624,0,0
12/07/2024 20:45,0,759,0,760,1,0
12/07/2024 21:00,0,882,0,882,0,0
12/07/2024 21:15,0,933,0,933,0,0
12/07/2024 21:30,0,887,0,887,0,0
12/07/2024 21:45,0,711,0,711,0,0
12/07/2024 22:00,0,179,0,179,0,0
12/07/2024 22:15,0,127,0,127,0,0
12/07/2024 22:30,0,528,0,528,0,0
12/07/2024 22:45,0,575,0,575,0,0
12/07/2024 23:00,0,182,0,182,0,0
12/07/2024 23:15,0,247,0,247,0,0
12/07/2024 23:30,0,638,0,638,0,0
12/07/2024 23:45,0,121,0,121,0,0
12/08/2024 00:00,0,150,0,150,0,0
12/08/2024 00:15,0,648,0,648,0,0
12/08/2024 00:30,0,417,0,419,2,0
12/08/2024 00:45,0,584,0,584,0,0
12/08/2024 01:00,0,557,0,559,2,0
12/08/2024 01:15,0,114,0,116,2,0
12/08/2024 01:30,0,444,0,448,4,0
12/08/2024 01:45,0,709,0,711,2,0
12/08/2024 02:00,0,853,0,859,6,0
12/08/2024 02:15,0,680,0,684,4,0
12/08/2024 02:30,0,532,0,536,4,0
12/08/2024 02:45,0,497,0,502,5,0
12/08/2024 03:00,0,608,0,613,5,0
12/08/2024 03:15,0,496,0,500,4,0
12/08/2024 03:30,0,726,0,730,4,0
12/08/2024 03:45,0,732,0,737,5,0
12/08/2024 04:00,0,277,0,281,4,0
12/08/2024 04:15,0,165,0,169,4,0
12/08/2024 04:30,0,498,0,500,2,0
12/08/2024 04:45,0,420,0,423,3,0
12/08/2024 05:00,0,660,0,666,6,0
12/08/2024 05:15,0,542,0,546,4,0
12/08/2024 05:30,0,528,0,532,4,0
12/08/2024 05:45,0,513,0,519,6,0
12/08/2024 06:00,0,667,0,672,5,0
12/08/2024 06:15,0,571,0,575,4,0
12/08/2024 06:30,0,579,0,582,3,0
12/08/2024 06:45,0,708,0,711,3,0
12/08/2024 07:00,0,637,0,639,2,0
12/08/2024 07:15,0,559,0,563,4,0
12/08/2024 07:30,0,933,0,935,2,0
12/08/2024 07:45,0,648,0,649,1,0
12/08/2024 08:00,0,541,0,543,2,0
12/08/2024 08:15,0,670,0,671,1,0
12/08/2024 08:30,27,547,0,539,19,0
12/08/2024 08:45,107,525,0,514,96,0
12/08/2024 09:00,164,530,0,529,163,0
12/08/2024 09:15,195,557,0,555,193,0
12/08/2024 09:30,320,554,0,550,316,0
12/08/2024 09:45,273,280,0,286,279,0
12/08/2024 10:00,186,521,0,518,183,0
12/08/2024 10:15,285,239,0,242,288,0
12/08/2024 10:30,350,559,0,560,351,0
12/08/2024 10:45,435,568,0,560,427,0
12/08/2024 11:00,838,429,0,334,743,0
12/08/2024 11:15,687,532,0,439,594,0
12/08/2024 11:30,837,437,0,380,780,0
12/08/2024 11:45,820,399,0,399,820,0
12/08/2024 12:00,812,370,0,370,812,0
12/08/2024 12:15,786,438,0,435,783,0
12/08/2024 12:30,769,414,0,414,769,0
12/08/2024 12:45,730,168,0,155,717,0
12/08/2024 13:00,370,81,0,72,361,0
12/08/2024 13:15,286,76,0,75,285,0
12/08/2024 13:30,170,225,0,227,172,0
12/08/2024 13:45,164,505,0,503,162,0
12/08/2024 14:00,132,474,0,479,137,0
12/08/2024 14:15,114,364,0,366,116,0
12/08/2024 14:30,92,402,0,408,98,0
12/08/2024 14:45,57,336,0,343,64,0
12/08/2024 15:00,64,323,0,321,62,0
12/08/2024 15:15,66,558,0,561,69,0
12/08/2024 15:30,19,358,0,369,30,0
12/08/2024 15:45,5,475,0,487,17,0
12/08/2024 16:00,0,466,0,6,1,461
12/08/2024 16:15,0,212,0,5,0,207
12/08/2024 16:30,0,108,8,0,0,116
12/08/2024 16:45,0,105,0,6,0,99
12/08/2024 17:00,0,189,0,9,0,180
12/08/2024 17:15,0,610,0,13,0,597
12/08/2024 17:30,0,550,1,0,0,551
12/08/2024 17:45,0,477,0,5,0,472
12/08/2024 18:00,0,497,0,2,0,495
12/08/2024 18:15,0,306,0,2,0,304
12/08/2024 18:30,0,583,0,9,0,574
12/08/2024 18:45,0,331,0,8,0,323
12/08/2024 19:00,0,461,0,5,0,456
12/08/2024 19:15,0,486,1,0,0,487
12/08/2024 19:30,0,117,0,6,0,111
12/08/2024 19:45,0,413,0,9,0,404
12/08/2024 20:00,0,385,0,314,12,83
12/08/2024 20:15,0,139,0,144,5,0
12/08/2024 20:30,0,640,0,641,1,0
12/08/2024 20:45,0,551,0,551,0,0
12/08/2024 21:00,0,445,0,447,2,0
12/08/2024 21:15,0,427,0,427,0,0
12/08/2024 21:30,0,153,0,153,0,0
12/08/2024 21:45,0,256,0,256,0,0
12/08/2024 22:00,0,437,0,437,0,0
12/08/2024 22:15,0,166,0,166,0,0
12/08/2024 22:30,0,426,0,427,1,0
12/08/2024 22:45,0,409,0,409,0,0
12/08/2024 23:00,0,165,0,165,0,0
12/08/2024 23:15,0,108,0,108,0,0
12/08/2024 23:30,0,85,0,85,0,0
12/08/2024 23:45,0,364,0,364,0,0
12/09/2024 00:00,0,342,0,345,3,0
12/09/2024 00:15,0,103,0,107,4,0
12/09/2024 00:30,0,78,0,83,5,0
12/09/2024 00:45,0,285,0,289,4,0
12/09/2024 01:00,0,614,0,619,5,0
12/09/2024 01:15,0,248,0,253,5,0
12/09/2024 01:30,0,384,0,389,5,0
12/09/2024 01:45,0,589,0,592,3,0
12/09/2024 02:00,0,129,0,133,4,0
12/09/2024 02:15,0,283,0,286,3,0
12/09/2024 02:30,0,669,0,671,2,0
12/09/2024 02:45,0,612,0,617,5,0
12/09/2024 03:00,0,551,0,555,4,0
12/09/2024 03:15,0,500,0,505,5,0
12/09/2024 03:30,0,584,0,589,5,0
12/09/2024 03:45,0,629,0,634,5,0
12/09/2024 04:00,0,510,0,514,4,0
12/09/2024 04:15,0,577,0,581,4,0
12/09/2024 04:30,0,247,0,249,2,0
12/09/2024 04:45,0,442,0,444,2,0
12/09/2024 05:00,0,589,0,594,5,0
12/09/2024 05:15,0,254,0,258,4,0
12/09/2024 05:30,0,394,0,399,5,0
12/09/2024 05:45,0,600,0,605,5,0
12/09/2024 06:00,0,213,0,215,2,0
12/09/2024 06:15,0,139,0,143,4,0
12/09/2024 06:30,0,750,0,752,2,0
12/09/2024 06:45,0,816,0,816,0,0
12/09/2024 07:00,0,1198,0,1198,0,0
12/09/2024 07:15,46,213,0,202,35,0
12/09/2024 07:30,75,595,0,586,66,0
12/09/2024 07:45,58,599,0,606,65,0
12/09/2024 08:00,74,995,0,990,69,0
12/09/2024 08:15,74,1085,0,1087,76,0
12/09/2024 08:30,132,955,0,945,122,0
12/09/2024 08:45,175,714,0,707,168,0
12/09/2024 09:00,283,710,0,701,274,0
12/09/2024 09:15,342,557,0,557,342,0
12/09/2024 09:30,397,743,0,744,398,0
12/09/2024 09:45,488,648,0,645,485,0
12/09/2024 10:00,528,435,0,436,529,0
12/09/2024 10:15,781,732,0,731,780,0
12/09/2024 10:30,887,239,0,236,884,0
12/09/2024 10:45,645,350,0,329,624,0
12/09/2024 11:00,479,108,0,83,454,0
12/09/2024 11:15,751,112,0,111,750,0
12/09/2024 11:30,742,111,0,103,734,0
12/09/2024 11:45,812,458,0,456,810,0
12/09/2024 12:00,724,514,0,507,717,0
12/09/2024 12:15,576,579,0,580,577,0
12/09/2024 12:30,419,377,0,378,420,0
12/09/2024 12:45,496,96,0,94,494,0
12/09/2024 13:00,244,94,0,99,249,0
12/09/2024 13:15,240,98,0,103,245,0
12/09/2024 13:30,188,134,0,138,192,0
12/09/2024 13:45,124,621,0,627,130,0
12/09/2024 14:00,145,916,0,911,140,0
12/09/2024 14:15,128,613,0,622,137,0
12/09/2024 14:30,81,657,0,661,85,0
12/09/2024 14:45,58,728,0,736,66,0
12/09/2024 15:00,23,637,0,650,36,0
12/09/2024 15:15,12,453,0,461,20,0
12/09/2024 15:30,2,360,0,372,14,0
12/09/2024 15:45,0,371,0,381,10,0
12/09/2024 16:00,0,138,14,1,1,152
12/09/2024 16:15,0,142,3,0,0,145
12/09/2024 16:30,0,123,0,5,0,118
12/09/2024 16:45,0,361,0,5,0,356
12/09/2024 17:00,0,145,0,5,0,140
12/09/2024 17:15,0,347,0,13,0,334
12/09/2024 17:30,0,773,0,5,0,768
12/09/2024 17:45,0,485,0,0,0,485
12/09/2024 18:00,0,445,0,2,0,443
12/09/2024 18:15,0,422,0,6,0,416
12/09/2024 18:30,0,684,1,0,0,685
12/09/2024 18:45,0,168,0,3,0,165
12/09/2024 19:00,0,210,0,10,0,200
12/09/2024 19:15,0,566,0,7,0,559
12/09/2024 19:30,0,635,0,2,0,633
12/09/2024 19:45,0,332,0,4,0,328
12/09/2024 20:00,0,578,0,542,9,45
12/09/2024 20:15,0,437,0,439,2,0
12/09/2024 20:30,0,1786,0,1786,0,0
12/09/2024 20:45,0,2502,0,2502,0,0
12/09/2024 21:00,0,1607,0,1607,0,0
12/09/2024 21:15,0,795,0,795,0,0
12/09/2024 21:30,0,1155,0,1155,0,0
12/09/2024 21:45,0,237,0,237,0,0
12/09/2024 22:00,0,499,0,501,2,0
12/09/2024 22:15,0,164,0,165,1,0
12/09/2024 22:30,0,105,0,108,3,0
12/09/2024 22:45,0,91,0,93,2,0
12/09/2024 23:00,0,427,0,429,2,0
12/09/2024 23:15,0,509,0,509,0,0
12/09/2024 23:30,0,145,0,150,5,0
12/09/2024 23:45,0,76,0,81,5,0
12/10/2024 00:00,0,203,0,205,2,0
12/10/2024 00:15,0,456,0,458,2,0
12/10/2024 00:30,0,109,0,114,5,0
12/10/2024 00:45,0,87,0,92,5,0
12/10/2024 01:00,0,189,0,193,4,0
12/10/2024 01:15,0,471,0,475,4,0
12/10/2024 01:30,0,448,0,452,4,0
12/10/2024 01:45,0,276,0,281,5,0
12/10/2024 02:00,0,90,0,95,5,0
12/10/2024 02:15,0,388,0,392,4,0
12/10/2024 02:30,0,212,0,216,4,0
12/10/2024 02:45,0,102,0,107,5,0
12/10/2024 03:00,0,104,0,109,5,0
12/10/2024 03:15,0,510,0,512,2,0
12/10/2024 03:30,0,322,0,326,4,0
12/10/2024 03:45,0,628,0,632,4,0
12/10/2024 04:00,0,302,0,307,5,0
12/10/2024 04:15,0,494,0,498,4,0
12/10/2024 04:30,0,140,0,144,4,0
12/10/2024 04:45,0,548,0,551,3,0
12/10/2024 05:00,0,564,0,568,4,0
12/10/2024 05:15,0,648,0,653,5,0
12/10/2024 05:30,0,666,0,671,5,0
12/10/2024 05:45,0,500,0,502,2,0
12/10/2024 06:00,0,619,0,623,4,0
12/10/2024 06:15,0,499,0,503,4,0
12/10/2024 06:30,0,536,0,540,4,0
12/10/2024 06:45,0,628,0,630,2,0
12/10/2024 07:00,0,633,0,639,6,0
12/10/2024 07:15,0,656,0,660,4,0
12/10/2024 07:30,8,780,0,778,6,0
12/10/2024 07:45,36,862,0,853,27,0
12/10/2024 08:00,41,717,0,721,45,0
12/10/2024 08:15,68,548,0,542,62,0
12/10/2024 08:30,127,623,0,620,124,0
12/10/2024 08:45,115,892,0,896,119,0
12/10/2024 09:00,92,862,0,868,98,0
12/10/2024 09:15,70,828,0,835,77,0
12/10/2024 09:30,117,547,0,543,113,0
12/10/2024 09:45,112,846,0,844,110,0
12/10/2024 10:00,126,943,0,940,123,0
12/10/2024 10:15,121,805,0,810,126,0
12/10/2024 10:30,102,1037,0,1042,107,0
12/10/2024 10:45,106,853,0,851,104,0
12/10/2024 11:00,114,805,0,799,108,0
12/10/2024 11:15,137,834,0,829,132,0
12/10/2024 11:30,149,582,0,587,154,0
12/10/2024 11:45,160,720,0,718,158,0
12/10/2024 12:00,162,810,0,811,163,0
12/10/2024 12:15,160,1162,0,1167,165,0
12/10/2024 12:30,155,699,0,699,155,0
12/10/2024 12:45,150,289,0,295,156,0
12/10/2024 13:00,110,414,0,422,118,0
12/10/2024 13:15,104,275,0,277,106,0
12/10/2024 13:30,90,392,0,397,95,0
12/10/2024 13:45,82,747,0,743,78,0
12/10/2024 14:00,71,1044,0,1051,78,0
12/10/2024 14:15,67,889,0,896,74,0
12/10/2024 14:30,55,599,0,610,66,0
12/10/2024 14:45,38,558,0,570,50,0
12/10/2024 15:00,27,555,0,567,39,0
12/10/2024 15:15,17,700,0,710,27,0
12/10/2024 15:30,3,894,0,1480,589,0
12/10/2024 15:45,0,961,0,1665,704,0
12/10/2024 16:00,0,616,6,0,0,622
12/10/2024 16:15,0,290,1,0,0,291
12/10/2024 16:30,0,186,3,0,0,189
12/10/2024 16:45,0,231,0,4,0,227
12/10/2024 17:00,0,491,0,13,0,478
12/10/2024 17:15,0,971,0,11,0,960
12/10/2024 17:30,0,758,1,0,0,759
12/10/2024 17:45,0,531,0,6,0,525
12/10/2024 18:00,0,558,0,9,0,549
12/10/2024 18:15,0,560,0,5,0,555
12/10/2024 18:30,0,899,0,99,2,802
12/10/2024 18:45,0,658,0,666,8,0
12/10/2024 19:00,0,716,0,718,2,0
12/10/2024 19:15,0,883,0,883,0,0
12/10/2024 19:30,0,592,0,593,1,0
12/10/2024 19:45,0,196,0,196,0,0
12/10/2024 20:00,0,618,0,619,1,0
12/10/2024 20:15,0,912,0,913,1,0
12/10/2024 20:30,0,929,0,929,0,0
12/10/2024 20:45,0,888,0,888,0,0
12/10/2024 21:00,0,906,0,906,0,0
12/10/2024 21:15,0,843,0,844,1,0
12/10/2024 21:30,0,918,0,918,0,0
12/10/2024 21:45,0,769,0,769,0,0
12/10/2024 22:00,0,209,0,209,0,0
12/10/2024 22:15,0,424,0,426,2,0
12/10/2024 22:30,0,496,0,497,1,0
12/10/2024 22:45,0,219,0,222,3,0
12/10/2024 23:00,0,604,0,604,0,0
12/10/2024 23:15,0,557,0,557,0,0
12/10/2024 23:30,0,449,0,449,0,0
12/10/2024 23:45,0,88,0,88,0,0
12/11/2024 00:00,0,293,0,297,4,0
12/11/2024 00:15,0,393,0,395,2,0
12/11/2024 00:30,0,202,0,206,4,0
12/11/2024 00:45,0,639,0,641,2,0
12/11/2024 01:00,0,332,0,336,4,0
12/11/2024 01:15,0,111,0,113,2,0
12/11/2024 01:30,0,194,0,200,6,0
12/11/2024 01:45,0,673,0,676,3,0
12/11/2024 02:00,0,579,0,584,5,0
12/11/2024 02:15,0,505,0,509,4,0
12/11/2024 02:30,0,688,0,692,4,0
12/11/2024 02:45,0,529,0,533,4,0
12/11/2024 03:00,0,525,0,529,4,0
12/11/2024 03:15,0,577,0,581,4,0
12/11/2024 03:30,0,498,0,504,6,0
12/11/2024 03:45,0,382,0,386,4,0
12/11/2024 04:00,0,224,0,230,6,0
12/11/2024 04:15,0,643,0,647,4,0
12/11/2024 04:30,0,251,0,255,4,0
12/11/2024 04:45,0,94,0,98,4,0
12/11/2024 05:00,0,492,0,498,6,0
12/11/2024 05:15,0,366,0,370,4,0
12/11/2024 05:30,0,88,0,92,4,0
12/11/2024 05:45,0,494,0,500,6,0
12/11/2024 06:00,0,715,0,719,4,0
12/11/2024 06:15,0,534,0,538,4,0
12/11/2024 06:30,0,594,0,598,4,0
12/11/2024 06:45,0,602,0,604,2,0
12/11/2024 07:00,0,624,0,630,6,0
12/11/2024 07:15,0,588,0,592,4,0
12/11/2024 07:30,0,582,0,588,6,0
12/11/2024 07:45,0,657,0,661,4,0
12/11/2024 08:00,0,515,0,517,2,0
12/11/2024 08:15,0,504,0,508,4,0
12/11/2024 08:30,9,782,0,779,6,0
12/11/2024 08:45,6,957,0,963,12,0
12/11/2024 09:00,0,1099,0,1109,10,0
12/11/2024 09:15,2,1124,0,1130,8,0
12/11/2024 09:30,44,846,0,847,45,0
12/11/2024 09:45,43,2181,0,2182,44,0
12/11/2024 10:00,44,1671,0,1669,42,0
12/11/2024 10:15,65,451,0,451,65,0
12/11/2024 10:30,84,794,0,788,78,0
12/11/2024 10:45,72,666,0,665,71,0
12/11/2024 11:00,90,413,0,417,94,0
12/11/2024 11:15,96,290,0,288,94,0
12/11/2024 11:30,92,563,0,569,98,0
12/11/2024 11:45,78,857,0,853,74,0
12/11/2024 12:00,98,926,0,927,99,0
12/11/2024 12:15,84,715,0,714,83,0
12/11/2024 12:30,112,433,0,433,112,0
12/11/2024 12:45,133,507,0,508,134,0
12/11/2024 13:00,185,485,0,488,188,0
12/11/2024 13:15,94,659,0,663,98,0
12/11/2024 13:30,40,517,0,527,50,0
12/11/2024 13:45,15,396,0,402,21,0
12/11/2024 14:00,12,405,0,410,17,0
12/11/2024 14:15,83,636,0,630,77,0
12/11/2024 14:30,42,618,0,628,52,0
12/11/2024 14:45,31,444,0,444,31,0
12/11/2024 15:00,25,424,0,430,31,0
12/11/2024 15:15,3,414,0,424,13,0
12/11/2024 15:30,0,398,0,410,12,0
12/11/2024 15:45,0,490,0,501,11,0
12/11/2024 16:00,0,433,0,186,4,251
12/11/2024 16:15,0,466,0,472,6,0
12/11/2024 16:30,0,237,0,237,0,0
12/11/2024 16:45,0,202,0,202,0,0
12/11/2024 17:00,0,172,0,172,0,0
12/11/2024 17:15,0,124,0,125,1,0
12/11/2024 17:30,0,120,0,120,0,0
12/11/2024 17:45,0,138,0,138,0,0
12/11/2024 18:00,0,130,0,130,0,0
12/11/2024 18:15,0,157,0,157,0,0
12/11/2024 18:30,0,503,0,503,0,0
12/11/2024 18:45,0,202,0,203,1,0
12/11/2024 19:00,0,144,0,145,1,0
12/11/2024 19:15,0,152,0,152,0,0
12/11/2024 19:30,0,147,0,147,0,0
12/11/2024 19:45,0,146,0,146,0,0
12/11/2024 20:00,0,141,0,141,0,0
12/11/2024 20:15,0,598,0,598,0,0
12/11/2024 20:30,0,435,0,436,1,0
12/11/2024 20:45,0,366,0,366,0,0
12/11/2024 21:00,0,386,0,386,0,0
12/11/2024 21:15,0,391,0,392,1,0
12/11/2024 21:30,0,381,0,384,3,0
12/11/2024 21:45,0,367,0,368,1,0
12/11/2024 22:00,0,167,0,171,4,0
12/11/2024 22:15,0,412,0,415,3,0
12/11/2024 22:30,0,212,0,217,5,0
12/11/2024 22:45,0,195,0,197,2,0
12/11/2024 23:00,0,149,0,150,1,0
12/11/2024 23:15,0,112,0,112,0,0
12/11/2024 23:30,0,145,0,145,0,0
12/11/2024 23:45,0,134,0,135,1,0
12/12/2024 00:00,0,98,0,104,6,0
12/12/2024 00:15,0,407,0,411,4,0
12/12/2024 00:30,0,94,0,100,6,0
12/12/2024 00:45,0,111,0,115,4,0
12/12/2024 01:00,0,95,0,101,6,0
12/12/2024 01:15,0,78,0,83,5,0
12/12/2024 01:30,0,79,0,84,5,0
12/12/2024 01:45,0,87,0,92,5,0
12/12/2024 02:00,0,107,0,112,5,0
12/12/2024 02:15,0,570,0,574,4,0
12/12/2024 02:30,0,581,0,585,4,0
12/12/2024 02:45,0,158,0,163,5,0
12/12/2024 03:00,0,93,0,98,5,0
12/12/2024 03:15,0,102,0,108,6,0
12/12/2024 03:30,0,264,0,268,4,0
12/12/2024 03:45,0,443,0,449,6,0
12/12/2024 04:00,0,82,0,87,5,0
12/12/2024 04:15,0,112,0,117,5,0
12/12/2024 04:30,0,114,0,119,5,0
12/12/2024 04:45,0,237,0,242,5,0
12/12/2024 05:00,0,572,0,578,6,0
12/12/2024 05:15,0,606,0,610,4,0
12/12/2024 05:30,0,125,0,131,6,0
12/12/2024 05:45,0,80,0,85,5,0
12/12/2024 06:00,0,294,0,299,5,0
12/12/2024 06:15,0,438,0,442,4,0
12/12/2024 06:30,0,512,0,516,4,0
12/12/2024 06:45,0,519,0,521,2,0
12/12/2024 07:00,0,621,0,625,4,0
12/12/2024 07:15,18,606,0,598,10,0
12/12/2024 07:30,37,540,0,531,28,0
12/12/2024 07:45,60,665,0,654,49,0
12/12/2024 08:00,76,550,0,541,67,0
12/12/2024 08:15,101,232,0,223,92,0
12/12/2024 08:30,146,161,0,155,140,0
12/12/2024 08:45,192,151,0,146,187,0
12/12/2024 09:00,306,644,0,635,297,0
12/12/2024 09:15,452,2257,0,2254,449,0
12/12/2024 09:30,461,2308,0,2266,419,0
12/12/2024 09:45,552,1091,0,1044,505,0
12/12/2024 10:00,358,544,0,545,359,0
12/12/2024 10:15,577,1847,0,1792,522,0
12/12/2024 10:30,632,2216,0,2091,507,0
12/12/2024 10:45,668,893,0,813,588,0
12/12/2024 11:00,563,814,0,777,526,0
12/12/2024 11:15,377,922,0,897,352,0
12/12/2024 11:30,249,1761,0,1764,252,0
12/12/2024 11:45,474,1100,0,1054,428,0
12/12/2024 12:00,962,810,0,803,955,0
12/12/2024 12:15,662,522,0,491,631,0
12/12/2024 12:30,803,957,0,925,771,0
12/12/2024 12:45,917,647,0,628,898,0
12/12/2024 13:00,535,965,0,942,512,0
12/12/2024 13:15,196,721,0,722,197,0
12/12/2024 13:30,213,597,0,603,219,0
12/12/2024 13:45,162,560,0,562,164,0
12/12/2024 14:00,191,1009,0,1009,191,0
12/12/2024 14:15,161,1587,0,1588,162,0
12/12/2024 14:30,116,736,0,736,116,0
12/12/2024 14:45,109,1816,0,1815,108,0
12/12/2024 15:00,88,2015,0,2020,93,0
12/12/2024 15:15,60,1150,0,1159,69,0
12/12/2024 15:30,46,273,0,284,57,0
12/12/2024 15:45,21,201,0,213,33,0
12/12/2024 16:00,5,163,24,0,1,183
12/12/2024 16:15,0,216,0,10,0,206
12/12/2024 16:30,0,568,0,2,0,566
12/12/2024 16:45,0,153,0,4,0,149
12/12/2024 17:00,0,483,0,16,0,467
12/12/2024 17:15,0,708,6,0,0,714
12/12/2024 17:30,0,554,0,4,0,550
12/12/2024 17:45,0,570,0,4,0,566
12/12/2024 18:00,0,638,0,5,0,633
12/12/2024 18:15,0,714,0,5,0,709
12/12/2024 18:30,0,629,0,12,0,617
12/12/2024 18:45,0,585,0,1,0,584
12/12/2024 19:00,0,577,0,5,0,572
12/12/2024 19:15,0,667,0,10,0,657
12/12/2024 19:30,0,669,0,343,5,331
12/12/2024 19:45,0,586,0,554,6,38
12/12/2024 20:00,0,659,0,607,8,60
12/12/2024 20:15,0,566,0,570,4,0
12/12/2024 20:30,0,552,0,554,2,0
12/12/2024 20:45,0,871,0,871,0,0
12/12/2024 21:00,0,778,0,778,0,0
12/12/2024 21:15,0,622,0,622,0,0
12/12/2024 21:30,0,822,0,822,0,0
12/12/2024 21:45,0,551,0,552,1,0
12/12/2024 22:00,0,203,0,206,3,0
12/12/2024 22:15,0,470,0,470,0,0
12/12/2024 22:30,0,626,0,628,2,0
12/12/2024 22:45,0,204,0,204,0,0
12/12/2024 23:00,0,689,0,689,0,0
12/12/2024 23:15,0,581,0,581,0,0
12/12/2024 23:30,0,134,0,134,0,0
12/12/2024 23:45,0,136,0,136,0,0
12/13/2024 00:00,0,590,0,590,0,0
12/13/2024 00:15,0,227,0,227,0,0
12/13/2024 00:30,0,482,0,482,0,0
12/13/2024 00:45,0,664,0,664,0,0
12/13/2024 01:00,0,120,0,120,0,0
12/13/2024 01:15,0,219,0,220,1,0
12/13/2024 01:30,0,576,0,578,2,0
12/13/2024 01:45,0,305,0,306,1,0
12/13/2024 02:00,0,785,0,789,4,0
12/13/2024 02:15,0,902,0,903,1,0
12/13/2024 02:30,0,565,0,567,2,0
12/13/2024 02:45,0,569,0,572,3,0
12/13/2024 03:00,0,628,0,632,4,0
12/13/2024 03:15,0,648,0,652,4,0
12/13/2024 03:30,0,865,0,869,4,0
12/13/2024 03:45,0,500,0,506,6,0
12/13/2024 04:00,0,516,0,517,1,0
12/13/2024 04:15,0,691,0,695,4,0
12/13/2024 04:30,0,509,0,510,1,0
12/13/2024 04:45,0,916,0,921,5,0
12/13/2024 05:00,0,763,0,766,3,0
12/13/2024 05:15,0,321,0,326,5,0
12/13/2024 05:30,0,464,0,469,5,0
12/13/2024 05:45,0,299,0,304,5,0
12/13/2024 06:00,0,229,0,233,4,0
12/13/2024 06:15,0,783,0,786,3,0
12/13/2024 06:30,0,861,0,864,3,0
12/13/2024 06:45,0,768,0,771,3,0
12/13/2024 07:00,0,851,0,854,3,0
12/13/2024 07:15,0,470,0,473,3,0
12/13/2024 07:30,24,699,0,690,15,0
12/13/2024 07:45,58,948,0,938,48,0
12/13/2024 08:00,70,939,0,932,63,0
12/13/2024 08:15,99,785,0,778,92,0
12/13/2024 08:30,143,627,0,619,135,0
12/13/2024 08:45,207,519,0,513,201,0
12/13/2024 09:00,299,737,0,728,290,0
12/13/2024 09:15,364,798,0,789,355,0
12/13/2024 09:30,454,682,0,677,449,0
12/13/2024 09:45,532,616,0,609,525,0
12/13/2024 10:00,607,511,0,459,555,0
12/13/2024 10:15,712,480,0,324,556,0
12/13/2024 10:30,760,556,0,462,666,0
12/13/2024 10:45,794,571,0,602,825,0
12/13/2024 11:00,832,918,0,917,831,0
12/13/2024 11:15,855,665,0,668,858,0
12/13/2024 11:30,865,482,0,477,860,0
12/13/2024 11:45,848,518,0,523,853,0
12/13/2024 12:00,843,524,0,522,841,0
12/13/2024 12:15,824,508,0,504,820,0
12/13/2024 12:30,802,622,0,599,779,0
12/13/2024 12:45,757,534,0,488,711,0
12/13/2024 13:00,642,577,0,563,628,0
12/13/2024 13:15,495,533,0,568,530,0
12/13/2024 13:30,338,248,0,240,330,0
12/13/2024 13:45,218,323,0,313,208,0
12/13/2024 14:00,175,678,0,633,130,0
12/13/2024 14:15,143,740,0,742,145,0
12/13/2024 14:30,123,619,0,617,121,0
12/13/2024 14:45,101,582,0,571,90,0
12/13/2024 15:00,82,525,0,455,12,0
12/13/2024 15:15,60,525,0,489,24,0
12/13/2024 15:30,44,775,0,753,22,0
12/13/2024 15:45,23,638,0,625,10,0
12/13/2024 16:00,4,506,0,30,0,472
12/13/2024 16:15,0,525,0,7,0,518
12/13/2024 16:30,0,501,0,6,0,495
12/13/2024 16:45,0,506,0,5,0,501
12/13/2024 17:00,0,719,0,8,0,711
12/13/2024 17:15,0,940,0,7,0,933
12/13/2024 17:30,0,1157,0,3,0,1154
12/13/2024 17:45,0,331,3,0,0,334
12/13/2024 18:00,0,105,0,6,0,99
12/13/2024 18:15,0,111,0,6,0,105
12/13/2024 18:30,0,451,0,15,0,436
12/13/2024 18:45,0,1341,0,12,0,1329
12/13/2024 19:00,0,869,0,0,0,869
12/13/2024 19:15,0,817,0,8,0,809
12/13/2024 19:30,0,637,0,1,0,636
12/13/2024 19:45,0,759,0,10,0,749
12/13/2024 20:00,0,754,0,668,9,95
12/13/2024 20:15,0,1116,0,1119,3,0
12/13/2024 20:30,0,898,0,898,0,0
12/13/2024 20:45,0,817,0,817,0,0
12/13/2024 21:00,0,998,0,998,0,0
12/13/2024 21:15,0,865,0,865,0,0
12/13/2024 21:30,0,916,0,917,1,0
12/13/2024 21:45,0,844,0,847,3,0
12/13/2024 22:00,0,176,0,180,4,0
12/13/2024 22:15,0,649,0,649,0,0
12/13/2024 22:30,0,341,0,341,0,0
12/13/2024 22:45,0,277,0,277,0,0
12/13/2024 23:00,0,653,0,653,0,0
12/13/2024 23:15,0,755,0,755,0,0
12/13/2024 23:30,0,152,0,152,0,0
12/13/2024 23:45,0,547,0,549,2,0
12/14/2024 00:00,0,516,0,520,4,0
12/14/2024 00:15,0,827,0,831,4,0
12/14/2024 00:30,0,889,0,889,0,0
12/14/2024 00:45,0,612,0,612,0,0
12/14/2024 01:00,0,944,0,946,2,0
12/14/2024 01:15,0,549,0,551,2,0
12/14/2024 01:30,0,836,0,840,4,0
12/14/2024 01:45,0,655,0,658,3,0
12/14/2024 02:00,0,566,0,571,5,0
12/14/2024 02:15,0,950,0,952,2,0
12/14/2024 02:30,0,747,0,751,4,0
12/14/2024 02:45,0,942,0,944,2,0
12/14/2024 03:00,0,558,0,558,0,0
12/14/2024 03:15,0,613,0,615,2,0
12/14/2024 03:30,0,950,0,952,2,0
12/14/2024 03:45,0,721,0,725,4,0
12/14/2024 04:00,0,815,0,819,4,0
12/14/2024 04:15,0,557,0,559,2,0
12/14/2024 04:30,0,763,0,765,2,0
12/14/2024 04:45,0,702,0,704,2,0
12/14/2024 05:00,0,787,0,789,2,0
12/14/2024 05:15,0,853,0,857,4,0
12/14/2024 05:30,0,803,0,805,2,0
12/14/2024 05:45,0,625,0,629,4,0
12/14/2024 06:00,0,731,0,735,4,0
12/14/2024 06:15,0,752,0,754,2,0
12/14/2024 06:30,0,937,0,941,4,0
12/14/2024 06:45,0,609,0,613,4,0
12/14/2024 07:00,0,1230,0,1230,0,0
12/14/2024 07:15,17,898,0,889,8,0
12/14/2024 07:30,35,1048,0,1035,22,0
12/14/2024 07:45,57,1045,0,1036,48,0
12/14/2024 08:00,71,869,0,860,62,0
12/14/2024 08:15,98,921,0,910,87,0
12/14/2024 08:30,142,901,0,895,136,0
12/14/2024 08:45,205,811,0,802,196,0
12/14/2024 09:00,298,846,0,838,290,0
12/14/2024 09:15,362,1000,0,991,353,0
12/14/2024 09:30,453,715,0,708,446,0
12/14/2024 09:45,530,776,0,769,523,0
12/14/2024 10:00,600,799,0,752,553,0
12/14/2024 10:15,702,744,0,598,556,0
12/14/2024 10:30,760,727,0,523,556,0
12/14/2024 10:45,792,531,0,296,557,0
12/14/2024 11:00,828,495,0,225,558,0
12/14/2024 11:15,853,663,0,369,559,0
12/14/2024 11:30,862,786,0,484,560,0
12/14/2024 11:45,847,718,0,576,705,0
12/14/2024 12:00,833,706,0,618,745,0
12/14/2024 12:15,821,479,0,436,778,0
12/14/2024 12:30,795,1609,0,1593,779,0
12/14/2024 12:45,750,2068,0,2092,774,0
12/14/2024 13:00,644,1692,0,1710,662,0
12/14/2024 13:15,493,834,0,841,500,0
12/14/2024 13:30,337,796,0,803,344,0
12/14/2024 13:45,216,845,0,849,220,0
12/14/2024 14:00,173,825,0,829,177,0
12/14/2024 14:15,144,886,0,890,148,0
12/14/2024 14:30,124,1051,0,1056,129,0
12/14/2024 14:45,100,445,0,452,107,0
12/14/2024 15:00,81,346,0,354,89,0
12/14/2024 15:15,62,503,0,511,70,0
12/14/2024 15:30,46,631,0,641,56,0
12/14/2024 15:45,23,828,0,838,33,0
12/14/2024 16:00,7,686,0,4,1,676
12/14/2024 16:15,0,568,0,5,0,563
12/14/2024 16:30,0,545,0,4,0,541
12/14/2024 16:45,0,768,0,14,0,754
12/14/2024 17:00,0,928,0,1,0,927
12/14/2024 17:15,0,922,0,0,0,922
12/14/2024 17:30,0,602,0,2,0,600
12/14/2024 17:45,0,687,0,2,0,685
12/14/2024 18:00,0,578,0,10,0,568
12/14/2024 18:15,0,744,0,10,0,734
12/14/2024 18:30,0,1247,0,0,0,1247
12/14/2024 18:45,0,586,0,5,0,581
12/14/2024 19:00,0,650,0,14,0,636
12/14/2024 19:15,0,775,0,3,0,772
12/14/2024 19:30,0,645,0,24,0,621
12/14/2024 19:45,0,897,0,905,8,0
12/14/2024 20:00,0,885,0,888,3,0
12/14/2024 20:15,0,911,0,911,0,0
12/14/2024 20:30,0,1099,0,1099,0,0
12/14/2024 20:45,0,1228,0,1228,0,0
12/14/2024 21:00,0,1252,0,1252,0,0
12/14/2024 21:15,0,1170,0,1170,0,0
12/14/2024 21:30,0,865,0,865,0,0
12/14/2024 21:45,0,828,0,828,0,0
12/14/2024 22:00,0,285,0,285,0,0
12/14/2024 22:15,0,218,0,218,0,0
12/14/2024 22:30,0,690,0,690,0,0
12/14/2024 22:45,0,527,0,528,1,0
12/14/2024 23:00,0,220,0,220,0,0
12/14/2024 23:15,0,726,0,726,0,0
12/14/2024 23:30,0,142,0,142,0,0
12/14/2024 23:45,0,359,0,359,0,0
12/15/2024 00:00,0,1187,0,1187,0,0
12/15/2024 00:15,0,745,0,746,1,0
12/15/2024 00:30,0,604,0,604,0,0
12/15/2024 00:45,0,607,0,609,2,0
12/15/2024 01:00,0,618,0,618,0,0
12/15/2024 01:15,0,1051,0,1051,0,0
12/15/2024 01:30,0,580,0,580,0,0
12/15/2024 01:45,0,607,0,609,2,0
12/15/2024 02:00,0,668,0,670,2,0
12/15/2024 02:15,0,759,0,763,4,0
12/15/2024 02:30,0,902,0,904,2,0
12/15/2024 02:45,0,600,0,602,2,0
12/15/2024 03:00,0,554,0,558,4,0
12/15/2024 03:15,0,771,0,773,2,0
12/15/2024 03:30,0,672,0,676,4,0
12/15/2024 03:45,0,951,0,952,1,0
12/15/2024 04:00,0,824,0,828,4,0
12/15/2024 04:15,0,651,0,654,3,0
12/15/2024 04:30,0,750,0,754,4,0
12/15/2024 04:45,0,622,0,626,4,0
12/15/2024 05:00,0,1182,0,1187,5,0
12/15/2024 05:15,0,610,0,614,4,0
12/15/2024 05:30,0,628,0,632,4,0
12/15/2024 05:45,0,715,0,718,3,0
12/15/2024 06:00,0,960,0,964,4,0
12/15/2024 06:15,0,1127,0,1130,3,0
12/15/2024 06:30,0,845,0,850,5,0
12/15/2024 06:45,0,944,0,945,1,0
12/15/2024 07:00,0,1346,0,1350,4,0
12/15/2024 07:15,22,583,0,572,11,0
12/15/2024 07:30,46,1249,0,1237,34,0
12/15/2024 07:45,70,1051,0,1042,61,0
12/15/2024 08:00,80,924,0,917,73,0
12/15/2024 08:15,108,1038,0,1028,98,0
12/15/2024 08:30,152,803,0,797,146,0
12/15/2024 08:45,214,1063,0,1057,208,0
12/15/2024 09:00,308,999,0,993,302,0
12/15/2024 09:15,371,844,0,839,366,0
12/15/2024 09:30,450,969,0,964,445,0
12/15/2024 09:45,512,1890,0,1887,509,0
12/15/2024 10:00,587,1414,0,1378,551,0
12/15/2024 10:15,655,920,0,821,556,0
12/15/2024 10:30,763,634,0,426,555,0
12/15/2024 10:45,792,745,0,510,557,0
12/15/2024 11:00,857,505,0,205,557,0
12/15/2024 11:15,806,657,0,409,558,0
12/15/2024 11:30,769,579,0,369,559,0
12/15/2024 11:45,842,699,0,417,560,0
12/15/2024 12:00,784,573,0,467,678,0
12/15/2024 12:15,572,486,0,510,596,0
12/15/2024 12:30,671,612,0,609,668,0
12/15/2024 12:45,644,506,0,505,643,0
12/15/2024 13:00,587,726,0,733,594,0
12/15/2024 13:15,501,641,0,637,497,0
12/15/2024 13:30,427,556,0,563,434,0
12/15/2024 13:45,335,649,0,653,339,0
12/15/2024 14:00,284,287,0,296,293,0
12/15/2024 14:15,195,304,0,313,204,0
12/15/2024 14:30,163,716,0,722,169,0
12/15/2024 14:45,151,560,0,563,154,0
12/15/2024 15:00,110,647,0,654,117,0
12/15/2024 15:15,86,632,0,638,92,0
12/15/2024 15:30,52,526,0,536,62,0
12/15/2024 15:45,25,675,0,684,34,0
12/15/2024 16:00,1,666,0,18,2,649
12/15/2024 16:15,0,590,0,0,0,590
12/15/2024 16:30,0,534,0,2,0,532
12/15/2024 16:45,0,553,0,10,0,543
12/15/2024 17:00,0,713,0,3,0,710
12/15/2024 17:15,0,691,4,0,0,695
12/15/2024 17:30,0,859,0,1,0,858
12/15/2024 17:45,0,495,0,5,0,490
12/15/2024 18:00,0,712,0,12,0,700
12/15/2024 18:15,0,608,0,5,0,603
12/15/2024 18:30,0,668,0,1,0,667
12/15/2024 18:45,0,633,0,15,0,618
12/15/2024 19:00,0,835,0,7,0,828
12/15/2024 19:15,0,842,0,297,4,549
12/15/2024 19:30,0,694,0,702,8,0
12/15/2024 19:45,0,578,0,578,0,0
12/15/2024 20:00,0,806,0,806,0,0
12/15/2024 20:15,0,789,0,789,0,0
12/15/2024 20:30,0,1190,0,1190,0,0
12/15/2024 20:45,0,967,0,967,0,0
12/15/2024 21:00,0,918,0,918,0,0
12/15/2024 21:15,0,878,0,880,2,0
12/15/2024 21:30,0,761,0,761,0,0
12/15/2024 21:45,0,563,0,567,4,0
12/15/2024 22:00,0,207,0,209,2,0
12/15/2024 22:15,0,186,0,188,2,0
12/15/2024 22:30,0,769,0,775,6,0
12/15/2024 22:45,0,578,0,584,6,0
12/15/2024 23:00,0,413,0,419,6,0
12/15/2024 23:15,0,196,0,200,4,0
12/15/2024 23:30,0,720,0,722,2,0
12/15/2024 23:45,0,202,0,202,0,0
12/16/2024 00:00,0,296,0,296,0,0
12/16/2024 00:15,0,842,0,844,2,0
12/16/2024 00:30,0,586,0,590,4,0
12/16/2024 00:45,0,573,0,577,4,0
12/16/2024 01:00,0,679,0,681,2,0
12/16/2024 01:15,0,676,0,680,4,0
12/16/2024 01:30,0,526,0,530,4,0
12/16/2024 01:45,0,756,0,760,4,0
12/16/2024 02:00,0,534,0,538,4,0
12/16/2024 02:15,0,508,0,514,6,0
12/16/2024 02:30,0,756,0,760,4,0
12/16/2024 02:45,0,565,0,569,4,0
12/16/2024 03:00,0,498,0,504,6,0
12/16/2024 03:15,0,657,0,661,4,0
12/16/2024 03:30,0,653,0,657,4,0
12/16/2024 03:45,0,604,0,608,4,0
12/16/2024 04:00,0,594,0,598,4,0
12/16/2024 04:15,0,239,0,243,4,0
12/16/2024 04:30,0,94,0,99,5,0
12/16/2024 04:45,0,275,0,280,5,0
12/16/2024 05:00,0,774,0,778,4,0
12/16/2024 05:15,0,596,0,603,7,0
12/16/2024 05:30,0,641,0,646,5,0
12/16/2024 05:45,0,624,0,630,6,0
12/16/2024 06:00,0,646,0,650,4,0
12/16/2024 06:15,0,614,0,618,4,0
12/16/2024 06:30,0,636,0,640,4,0
12/16/2024 06:45,0,517,0,521,4,0
12/16/2024 07:00,0,875,0,881,6,0
12/16/2024 07:15,0,803,0,809,6,0
12/16/2024 07:30,0,692,0,697,5,0
12/16/2024 07:45,39,677,0,668,30,0
12/16/2024 08:00,123,674,0,666,115,0
12/16/2024 08:15,166,576,0,573,163,0
12/16/2024 08:30,124,630,0,636,130,0
12/16/2024 08:45,88,522,0,532,98,0
12/16/2024 09:00,110,617,0,611,104,0
12/16/2024 09:15,169,825,0,819,163,0
12/16/2024 09:30,167,552,0,553,168,0
12/16/2024 09:45,191,538,0,535,188,0
12/16/2024 10:00,244,536,0,533,241,0
12/16/2024 10:15,271,532,0,526,265,0
12/16/2024 10:30,282,773,0,782,291,0
12/16/2024 10:45,346,2094,0,2094,346,0
12/16/2024 11:00,308,1466,0,1468,310,0
12/16/2024 11:15,356,527,0,525,354,0
12/16/2024 11:30,410,493,0,487,404,0
12/16/2024 11:45,414,886,0,890,418,0
12/16/2024 12:00,430,1585,0,1584,429,0
12/16/2024 12:15,474,521,0,521,474,0
12/16/2024 12:30,353,289,0,292,356,0
12/16/2024 12:45,308,131,0,129,306,0
12/16/2024 13:00,330,488,0,494,336,0
12/16/2024 13:15,254,571,0,574,257,0
12/16/2024 13:30,327,547,0,543,323,0
12/16/2024 13:45,301,540,0,550,311,0
12/16/2024 14:00,294,764,0,763,293,0
12/16/2024 14:15,162,758,0,763,167,0
12/16/2024 14:30,134,420,0,422,136,0
12/16/2024 14:45,110,898,0,901,113,0
12/16/2024 15:00,109,490,0,489,108,0
12/16/2024 15:15,54,235,0,243,62,0
12/16/2024 15:30,19,467,0,478,30,0
12/16/2024 15:45,16,143,0,153,26,0
12/16/2024 16:00,0,292,12,0,0,304
12/16/2024 16:15,0,575,0,5,0,570
12/16/2024 16:30,0,553,6,0,0,559
12/16/2024 16:45,0,451,0,5,0,446
12/16/2024 17:00,0,426,0,5,0,421
12/16/2024 17:15,0,393,0,5,0,388
12/16/2024 17:30,0,414,0,6,0,408
12/16/2024 17:45,0,657,0,478,10,189
12/16/2024 18:00,0,380,0,389,9,0
12/16/2024 18:15,0,136,0,140,4,0
12/16/2024 18:30,0,638,0,639,1,0
12/16/2024 18:45,0,645,0,647,2,0
12/16/2024 19:00,0,248,0,250,2,0
12/16/2024 19:15,0,454,0,456,2,0
12/16/2024 19:30,0,379,0,382,3,0
12/16/2024 19:45,0,594,0,598,4,0
12/16/2024 20:00,0,578,0,583,5,0
12/16/2024 20:15,0,490,0,496,6,0
12/16/2024 20:30,0,467,0,469,2,0
12/16/2024 20:45,0,481,0,483,2,0
12/16/2024 21:00,0,583,0,583,0,0
12/16/2024 21:15,0,223,0,225,2,0
12/16/2024 21:30,0,144,0,144,0,0
12/16/2024 21:45,0,288,0,288,0,0
12/16/2024 22:00,0,731,0,733,2,0
12/16/2024 22:15,0,423,0,423,0,0
12/16/2024 22:30,0,94,0,96,2,0
12/16/2024 22:45,0,88,0,88,0,0
12/16/2024 23:00,0,307,0,307,0,0
12/16/2024 23:15,0,388,0,390,2,0
12/16/2024 23:30,0,84,0,84,0,0
12/16/2024 23:45,0,103,0,104,1,0
12/17/2024 00:00,0,137,0,142,5,0
12/17/2024 00:15,0,576,0,580,4,0
12/17/2024 00:30,0,283,0,289,6,0
12/17/2024 00:45,0,83,0,87,4,0
12/17/2024 01:00,0,93,0,99,6,0
12/17/2024 01:15,0,382,0,386,4,0
12/17/2024 01:30,0,178,0,183,5,0
12/17/2024 01:45,0,106,0,111,5,0
12/17/2024 02:00,0,76,0,81,5,0
12/17/2024 02:15,0,175,0,180,5,0
12/17/2024 02:30,0,578,0,584,6,0
12/17/2024 02:45,0,390,0,396,6,0
12/17/2024 03:00,0,333,0,338,5,0
12/17/2024 03:15,0,349,0,355,6,0
12/17/2024 03:30,0,340,0,346,6,0
12/17/2024 03:45,0,349,0,355,6,0
12/17/2024 04:00,0,364,0,369,5,0
12/17/2024 04:15,0,340,0,346,6,0
12/17/2024 04:30,0,352,0,358,6,0
12/17/2024 04:45,0,333,0,338,5,0
12/17/2024 05:00,0,354,0,360,6,0
12/17/2024 05:15,0,77,0,81,4,0
12/17/2024 05:30,0,104,0,110,6,0
12/17/2024 05:45,0,420,0,425,5,0
12/17/2024 06:00,0,342,0,348,6,0
12/17/2024 06:15,0,345,0,351,6,0
12/17/2024 06:30,0,328,0,333,5,0
12/17/2024 06:45,0,328,0,332,4,0
12/17/2024 07:00,0,575,0,580,5,0
12/17/2024 07:15,0,436,0,440,4,0
12/17/2024 07:30,12,347,0,343,8,0
12/17/2024 07:45,104,337,0,331,98,0
12/17/2024 08:00,53,330,0,333,56,0
12/17/2024 08:15,72,262,0,261,71,0
12/17/2024 08:30,171,243,0,239,167,0
12/17/2024 08:45,222,277,0,279,224,0
12/17/2024 09:00,229,435,0,440,234,0
12/17/2024 09:15,173,198,0,200,175,0
12/17/2024 09:30,153,103,0,103,153,0
12/17/2024 09:45,132,110,0,109,131,0
12/17/2024 10:00,143,139,0,142,146,0
12/17/2024 10:15,254,141,0,107,220,0
12/17/2024 10:30,385,758,0,706,333,0
12/17/2024 10:45,583,645,0,592,530,0
12/17/2024 11:00,744,368,0,317,693,0
12/17/2024 11:15,849,1151,0,1081,779,0
12/17/2024 11:30,690,1230,0,1190,650,0
12/17/2024 11:45,877,286,0,255,846,0
12/17/2024 12:00,843,194,0,155,804,0
12/17/2024 12:15,372,163,0,137,346,0
12/17/2024 12:30,671,111,0,53,613,0
12/17/2024 12:45,539,105,0,62,496,0
12/17/2024 13:00,576,126,0,106,556,0
12/17/2024 13:15,486,99,0,104,491,0
12/17/2024 13:30,330,126,0,134,338,0
12/17/2024 13:45,265,105,0,104,264,0
12/17/2024 14:00,196,95,0,102,203,0
12/17/2024 14:15,163,103,0,103,163,0
12/17/2024 14:30,126,117,0,115,124,0
12/17/2024 14:45,94,96,0,98,96,0
12/17/2024 15:00,77,106,0,113,84,0
12/17/2024 15:15,57,94,0,97,60,0
12/17/2024 15:30,42,101,0,108,49,0
12/17/2024 15:45,22,208,0,220,34,0
12/17/2024 16:00,6,164,14,0,0,172
12/17/2024 16:15,0,112,0,4,0,108
12/17/2024 16:30,0,144,2,0,0,146
12/17/2024 16:45,0,161,0,8,0,153
12/17/2024 17:00,0,528,0,11,0,517
12/17/2024 17:15,0,408,0,0,0,408
12/17/2024 17:30,0,362,0,6,0,356
12/17/2024 17:45,0,379,0,5,0,374
12/17/2024 18:00,0,167,0,2,0,165
12/17/2024 18:15,0,154,0,7,0,147
12/17/2024 18:30,0,532,0,9,0,523
12/17/2024 18:45,0,165,0,1,0,164
12/17/2024 19:00,0,413,0,13,0,400
12/17/2024 19:15,0,488,0,2,0,486
12/17/2024 19:30,0,426,0,9,0,417
12/17/2024 19:45,0,233,0,1,0,232
12/17/2024 20:00,0,187,0,176,7,18
12/17/2024 20:15,0,622,0,623,1,0
12/17/2024 20:30,0,412,0,412,0,0
12/17/2024 20:45,0,590,0,590,0,0
12/17/2024 21:00,0,590,0,592,2,0
12/17/2024 21:15,0,569,0,569,0,0
12/17/2024 21:30,0,354,0,354,0,0
12/17/2024 21:45,0,135,0,137,2,0
12/17/2024 22:00,0,202,0,202,0,0
12/17/2024 22:15,0,459,0,461,2,0
12/17/2024 22:30,0,168,0,172,4,0
12/17/2024 22:45,0,119,0,119,0,0
12/17/2024 23:00,0,88,0,88,0,0
12/17/2024 23:15,0,160,0,160,0,0
12/17/2024 23:30,0,569,0,572,3,0
12/17/2024 23:45,0,111,0,114,3,0
12/18/2024 00:00,0,96,0,97,1,0
12/18/2024 00:15,0,296,0,299,3,0
12/18/2024 00:30,0,684,0,689,5,0
12/18/2024 00:45,0,260,0,265,5,0
12/18/2024 01:00,0,90,0,94,4,0
12/18/2024 01:15,0,105,0,109,4,0
12/18/2024 01:30,0,285,0,290,5,0
12/18/2024 01:45,0,465,0,470,5,0
12/18/2024 02:00,0,82,0,88,6,0
12/18/2024 02:15,0,101,0,107,6,0
12/18/2024 02:30,0,322,0,328,6,0
12/18/2024 02:45,0,455,0,460,5,0
12/18/2024 03:00,0,84,0,90,6,0
12/18/2024 03:15,0,375,0,380,5,0
12/18/2024 03:30,0,581,0,587,6,0
12/18/2024 03:45,0,105,0,111,6,0
12/18/2024 04:00,0,118,0,123,5,0
12/18/2024 04:15,0,399,0,404,5,0
12/18/2024 04:30,0,397,0,403,6,0
12/18/2024 04:45,0,116,0,120,4,0
12/18/2024 05:00,0,722,0,726,4,0
12/18/2024 05:15,0,928,0,934,6,0
12/18/2024 05:30,0,715,0,719,4,0
12/18/2024 05:45,0,543,0,549,6,0
12/18/2024 06:00,0,563,0,566,3,0
12/18/2024 06:15,0,505,0,509,4,0
12/18/2024 06:30,0,627,0,632,5,0
12/18/2024 06:45,0,727,0,730,3,0
12/18/2024 07:00,0,685,0,692,7,0
12/18/2024 07:15,19,720,0,712,11,0
12/18/2024 07:30,60,514,0,502,48,0
12/18/2024 07:45,93,620,0,616,89,0
12/18/2024 08:00,101,557,0,559,103,0
12/18/2024 08:15,116,567,0,560,109,0
12/18/2024 08:30,148,625,0,620,143,0
12/18/2024 08:45,203,416,0,411,198,0
12/18/2024 09:00,240,111,0,108,237,0
12/18/2024 09:15,334,258,0,257,333,0
12/18/2024 09:30,416,603,0,603,416,0
12/18/2024 09:45,506,1006,0,1000,500,0
12/18/2024 10:00,594,1692,0,1685,587,0
12/18/2024 10:15,661,1585,0,1584,660,0
12/18/2024 10:30,655,1247,0,1246,654,0
12/18/2024 10:45,732,389,0,390,733,0
12/18/2024 11:00,722,387,0,391,726,0
12/18/2024 11:15,753,312,0,309,750,0
12/18/2024 11:30,762,415,0,411,758,0
12/18/2024 11:45,768,159,0,156,765,0
12/18/2024 12:00,777,103,0,97,771,0
12/18/2024 12:15,766,323,0,279,722,0
12/18/2024 12:30,756,1401,0,1236,591,0
12/18/2024 12:45,679,805,0,356,230,0
12/18/2024 13:00,591,211,356,0,24,0
12/18/2024 13:15,500,522,0,36,14,0
12/18/2024 13:30,352,519,0,252,85,0
12/18/2024 13:45,296,124,168,0,4,0
12/18/2024 14:00,237,118,11,0,108,0
12/18/2024 14:15,184,129,53,0,2,0
12/18/2024 14:30,184,137,27,0,20,0
12/18/2024 14:45,168,73,55,0,40,0
12/18/2024 15:00,140,87,51,0,2,0
12/18/2024 15:15,84,429,0,410,65,0
12/18/2024 15:30,64,440,0,427,51,0
12/18/2024 15:45,36,228,0,202,10,0
12/18/2024 16:00,8,118,7,0,0,117
12/18/2024 16:15,0,173,0,6,0,167
12/18/2024 16:30,0,591,0,13,0,578
12/18/2024 16:45,0,462,0,0,0,462
12/18/2024 17:00,0,440,0,7,0,433
12/18/2024 17:15,0,269,6,0,0,275
12/18/2024 17:30,0,483,0,17,0,466
12/18/2024 17:45,0,560,1,0,0,561
12/18/2024 18:00,0,454,0,11,0,443
12/18/2024 18:15,0,506,0,3,0,503
12/18/2024 18:30,0,586,0,4,0,582
12/18/2024 18:45,0,175,0,4,0,171
12/18/2024 19:00,0,245,0,11,0,234
12/18/2024 19:15,0,467,0,1,0,466
12/18/2024 19:30,0,394,0,16,0,378
12/18/2024 19:45,0,518,0,2,0,516
12/18/2024 20:00,0,606,0,549,12,69
12/18/2024 20:15,0,363,0,369,6,0
12/18/2024 20:30,0,178,0,182,4,0
12/18/2024 20:45,0,618,0,621,3,0
12/18/2024 21:00,0,974,0,975,1,0
12/18/2024 21:15,0,867,0,868,1,0
12/18/2024 21:30,0,557,0,561,4,0
12/18/2024 21:45,0,248,0,253,5,0
12/18/2024 22:00,0,445,0,450,5,0
12/18/2024 22:15,0,149,0,150,1,0
12/18/2024 22:30,0,150,0,155,5,0
12/18/2024 22:45,0,141,0,142,1,0
12/18/2024 23:00,0,377,0,379,2,0
12/18/2024 23:15,0,347,0,352,5,0
12/18/2024 23:30,0,102,0,108,6,0
12/18/2024 23:45,0,458,0,462,4,0
12/19/2024 00:00,0,493,0,498,5,0
12/19/2024 00:15,0,103,0,108,5,0
12/19/2024 00:30,0,77,0,82,5,0
12/19/2024 00:45,0,103,0,108,5,0
12/19/2024 01:00,0,529,0,534,5,0
12/19/2024 01:15,0,182,0,186,4,0
12/19/2024 01:30,0,79,0,84,5,0
12/19/2024 01:45,0,167,0,172,5,0
12/19/2024 02:00,0,528,0,533,5,0
12/19/2024 02:15,0,300,0,300,0,0
12/19/2024 02:30,0,102,0,107,5,0
12/19/2024 02:45,0,223,0,226,3,0
12/19/2024 03:00,0,672,0,676,4,0
12/19/2024 03:15,0,306,0,310,4,0
12/19/2024 03:30,0,76,0,82,6,0
12/19/2024 03:45,0,149,0,154,5,0
12/19/2024 04:00,0,586,0,591,5,0
12/19/2024 04:15,0,101,0,107,6,0
12/19/2024 04:30,0,78,0,84,6,0
12/19/2024 04:45,0,242,0,247,5,0
12/19/2024 05:00,0,630,0,636,6,0
12/19/2024 05:15,0,573,0,578,5,0
12/19/2024 05:30,0,550,0,555,5,0
12/19/2024 05:45,0,566,0,572,6,0
12/19/2024 06:00,0,521,0,525,4,0
12/19/2024 06:15,0,550,0,553,3,0
12/19/2024 06:30,0,764,0,769,5,0
12/19/2024 06:45,0,644,0,650,6,0
12/19/2024 07:00,0,683,0,686,3,0
12/19/2024 07:15,0,665,0,669,4,0
12/19/2024 07:30,10,510,0,507,7,0
12/19/2024 07:45,46,598,0,587,35,0
12/19/2024 08:00,60,581,0,572,51,0
12/19/2024 08:15,82,659,0,652,75,0
12/19/2024 08:30,123,601,0,590,112,0
12/19/2024 08:45,178,486,0,478,170,0
12/19/2024 09:00,268,137,0,129,260,0
12/19/2024 09:15,332,223,0,214,323,0
12/19/2024 09:30,402,627,0,617,392,0
12/19/2024 09:45,496,699,0,693,490,0
12/19/2024 10:00,579,571,0,566,574,0
12/19/2024 10:15,661,497,0,452,616,0
12/19/2024 10:30,384,515,0,482,351,0
12/19/2024 10:45,531,444,0,424,511,0
12/19/2024 11:00,793,118,0,115,790,0
12/19/2024 11:15,889,118,0,123,894,0
12/19/2024 11:30,935,123,0,126,938,0
12/19/2024 11:45,957,152,0,88,893,0
12/19/2024 12:00,828,405,0,288,711,0
12/19/2024 12:15,924,798,0,403,529,0
12/19/2024 12:30,950,426,462,0,62,0
12/19/2024 12:45,801,179,603,0,19,0
12/19/2024 13:00,690,126,523,0,41,0
12/19/2024 13:15,627,501,126,0,0,0
12/19/2024 13:30,442,494,0,88,36,0
12/19/2024 13:45,325,384,0,71,12,0
12/19/2024 14:00,229,380,0,167,16,0
12/19/2024 14:15,162,132,12,0,18,0
12/19/2024 14:30,111,116,0,37,32,0
12/19/2024 14:45,94,102,0,40,32,0
12/19/2024 15:00,87,119,0,36,4,0
12/19/2024 15:15,72,227,0,188,33,0
12/19/2024 15:30,37,608,0,578,7,0
12/19/2024 15:45,15,563,0,548,0,0
12/19/2024 16:00,1,442,0,0,0,441
12/19/2024 16:15,0,464,0,6,0,458
12/19/2024 16:30,0,459,0,4,0,455
12/19/2024 16:45,0,470,0,5,0,465
12/19/2024 17:00,0,526,0,5,0,521
12/19/2024 17:15,0,277,3,0,0,280
12/19/2024 17:30,0,798,0,7,0,791
12/19/2024 17:45,0,560,0,0,0,560
12/19/2024 18:00,0,150,0,4,0,146
12/19/2024 18:15,0,184,0,8,0,176
12/19/2024 18:30,0,673,0,10,0,663
12/19/2024 18:45,0,558,2,0,0,560
12/19/2024 19:00,0,157,0,3,0,154
12/19/2024 19:15,0,631,0,12,0,619
12/19/2024 19:30,0,785,0,6,0,779
12/19/2024 19:45,0,644,0,5,0,639
12/19/2024 20:00,0,597,0,546,8,59
12/19/2024 20:15,0,408,0,410,2,0
12/19/2024 20:30,0,355,0,356,1,0
12/19/2024 20:45,0,755,0,755,0,0
12/19/2024 21:00,0,544,0,544,0,0
12/19/2024 21:15,0,733,0,733,0,0
12/19/2024 21:30,0,704,0,705,1,0
12/19/2024 21:45,0,655,0,655,0,0
12/19/2024 22:00,0,341,0,342,1,0
12/19/2024 22:15,0,382,0,383,1,0
12/19/2024 22:30,0,372,0,374,2,0
12/19/2024 22:45,0,170,0,170,0,0
12/19/2024 23:00,0,279,0,279,0,0
12/19/2024 23:15,0,532,0,532,0,0
12/19/2024 23:30,0,123,0,123,0,0
12/19/2024 23:45,0,265,0,265,0,0
12/20/2024 00:00,0,628,0,630,2,0
12/20/2024 00:15,0,358,0,358,0,0
12/20/2024 00:30,0,236,0,236,0,0
12/20/2024 00:45,0,550,0,554,4,0
12/20/2024 01:00,0,186,0,187,1,0
12/20/2024 01:15,0,123,0,124,1,0
12/20/2024 01:30,0,581,0,584,3,0
12/20/2024 01:45,0,192,0,195,3,0
12/20/2024 02:00,0,610,0,614,4,0
12/20/2024 02:15,0,587,0,591,4,0
12/20/2024 02:30,0,360,0,364,4,0
12/20/2024 02:45,0,762,0,768,6,0
12/20/2024 03:00,0,683,0,685,2,0
12/20/2024 03:15,0,627,0,629,2,0
12/20/2024 03:30,0,659,0,661,2,0
12/20/2024 03:45,0,637,0,643,6,0
12/20/2024 04:00,0,579,0,583,4,0
12/20/2024 04:15,0,615,0,621,6,0
12/20/2024 04:30,0,506,0,510,4,0
12/20/2024 04:45,0,516,0,522,6,0
12/20/2024 05:00,0,450,0,456,6,0
12/20/2024 05:15,0,112,0,116,4,0
12/20/2024 05:30,0,272,0,275,3,0
12/20/2024 05:45,0,753,0,757,4,0
12/20/2024 06:00,0,456,0,461,5,0
12/20/2024 06:15,0,346,0,350,4,0
12/20/2024 06:30,0,706,0,710,4,0
12/20/2024 06:45,0,847,0,851,4,0
12/20/2024 07:00,0,1039,0,1041,2,0
12/20/2024 07:15,0,591,0,597,6,0
12/20/2024 07:30,0,744,0,750,6,0
12/20/2024 07:45,0,908,0,912,4,0
12/20/2024 08:00,28,681,0,671,18,0
12/20/2024 08:15,45,543,0,530,32,0
12/20/2024 08:30,73,657,0,648,64,0
12/20/2024 08:45,82,682,0,677,77,0
12/20/2024 09:00,71,774,0,783,80,0
12/20/2024 09:15,70,610,0,612,72,0
12/20/2024 09:30,88,563,0,553,78,0
12/20/2024 09:45,118,543,0,533,108,0
12/20/2024 10:00,145,564,0,564,145,0
12/20/2024 10:15,164,538,0,534,160,0
12/20/2024 10:30,169,619,0,1154,704,0
12/20/2024 10:45,132,736,0,1517,913,0
12/20/2024 11:00,130,547,0,1342,925,0
12/20/2024 11:15,108,136,0,953,925,0
12/20/2024 11:30,112,140,0,961,933,0
12/20/2024 11:45,95,454,0,1285,926,0
12/20/2024 12:00,112,1014,0,1822,920,0
12/20/2024 12:15,115,859,0,1629,885,0
12/20/2024 12:30,66,691,0,1449,824,0
12/20/2024 12:45,36,530,0,1200,706,0
12/20/2024 13:00,34,546,0,1070,558,0
12/20/2024 13:15,37,508,0,823,352,0
12/20/2024 13:30,28,690,0,817,155,0
12/20/2024 13:45,18,659,0,746,105,0
12/20/2024 14:00,11,864,0,949,96,0
12/20/2024 14:15,6,643,0,679,42,0
12/20/2024 14:30,2,605,0,627,24,0
12/20/2024 14:45,0,595,0,617,22,0
12/20/2024 15:00,0,598,0,614,16,0
12/20/2024 15:15,0,765,0,775,10,0
12/20/2024 15:30,0,641,0,657,16,0
12/20/2024 15:45,0,747,0,749,2,0
12/20/2024 16:00,0,607,0,622,15,0
12/20/2024 16:15,0,535,0,563,28,0
12/20/2024 16:30,0,404,0,451,47,0
12/20/2024 16:45,0,742,0,775,33,0
12/20/2024 17:00,0,956,0,982,26,0
12/20/2024 17:15,0,720,0,730,10,0
12/20/2024 17:30,0,575,0,585,10,0
12/20/2024 17:45,0,583,0,599,16,0
12/20/2024 18:00,0,645,0,669,24,0
12/20/2024 18:15,0,746,0,792,46,0
12/20/2024 18:30,0,1361,0,1419,58,0
12/20/2024 18:45,0,717,0,719,2,0
12/20/2024 19:00,0,725,0,725,0,0
12/20/2024 19:15,0,665,0,692,27,0
12/20/2024 19:30,0,604,0,634,30,0
12/20/2024 19:45,0,919,0,919,0,0
12/20/2024 20:00,0,825,0,856,31,0
12/20/2024 20:15,0,794,0,809,16,1
12/20/2024 20:30,0,204,0,232,28,0
12/20/2024 20:45,0,383,0,472,89,0
12/20/2024 21:00,0,902,0,906,4,0
12/20/2024 21:15,0,1567,0,1583,16,0
12/20/2024 21:30,0,2189,0,2282,93,0
12/20/2024 21:45,0,1283,0,1285,2,0
12/20/2024 22:00,0,190,0,190,0,0
12/20/2024 22:15,0,629,0,674,45,0
12/20/2024 22:30,0,229,0,229,0,0
12/20/2024 22:45,0,487,0,542,55,0
12/20/2024 23:00,0,637,0,638,1,0
12/20/2024 23:15,0,481,0,533,52,0
12/20/2024 23:30,0,165,0,187,22,0
12/20/2024 23:45,0,542,0,544,2,0
12/21/2024 00:00,0,524,0,524,0,0
12/21/2024 00:15,0,118,0,161,43,0
12/21/2024 00:30,0,369,0,369,0,0
12/21/2024 00:45,0,760,0,760,0,0
12/21/2024 01:00,0,694,0,750,56,0
12/21/2024 01:15,0,745,0,748,3,0
12/21/2024 01:30,0,536,0,538,2,0
12/21/2024 01:45,0,642,0,714,72,0
12/21/2024 02:00,0,755,0,758,3,0
12/21/2024 02:15,0,698,0,702,4,0
12/21/2024 02:30,0,1003,0,1038,35,0
12/21/2024 02:45,0,565,0,567,2,0
12/21/2024 03:00,0,600,0,617,17,0
12/21/2024 03:15,0,641,0,675,34,0
12/21/2024 03:30,0,578,0,582,4,0
12/21/2024 03:45,0,788,0,813,25,0
12/21/2024 04:00,0,657,0,734,77,0
12/21/2024 04:15,0,607,0,611,4,0
12/21/2024 04:30,0,621,0,623,2,0
12/21/2024 04:45,0,551,0,555,4,0
12/21/2024 05:00,0,750,0,754,4,0
12/21/2024 05:15,0,601,0,605,4,0
12/21/2024 05:30,0,731,0,735,4,0
12/21/2024 05:45,0,714,0,720,6,0
12/21/2024 06:00,0,760,0,764,4,0
12/21/2024 06:15,0,807,0,809,2,0
12/21/2024 06:30,0,794,0,798,4,0
12/21/2024 06:45,0,650,0,656,6,0
12/21/2024 07:00,0,910,0,914,4,0
12/21/2024 07:15,0,837,0,839,2,0
12/21/2024 07:30,0,820,0,822,2,0
12/21/2024 07:45,0,1060,0,1062,2,0
12/21/2024 08:00,0,788,0,790,2,0
12/21/2024 08:15,0,687,0,689,2,0
12/21/2024 08:30,0,788,0,790,2,0
12/21/2024 08:45,0,887,0,891,4,0
12/21/2024 09:00,0,912,0,914,2,0
12/21/2024 09:15,0,717,0,719,2,0
12/21/2024 09:30,0,542,0,542,0,0
12/21/2024 09:45,0,570,0,570,0,0
12/21/2024 10:00,0,552,0,552,0,0
12/21/2024 10:15,0,741,0,745,4,0
12/21/2024 10:30,2,733,0,731,0,0
12/21/2024 10:45,5,604,0,601,2,0
12/21/2024 11:00,4,594,0,592,2,0
12/21/2024 11:15,7,587,0,584,4,0
12/21/2024 11:30,16,774,0,766,8,0
12/21/2024 11:45,26,649,0,643,20,0
12/21/2024 12:00,30,554,0,548,24,0
12/21/2024 12:15,27,747,0,746,26,0
12/21/2024 12:30,23,585,0,584,22,0
12/21/2024 12:45,18,727,0,727,18,0
12/21/2024 13:00,30,566,0,565,29,0
12/21/2024 13:15,8,535,0,544,17,0
12/21/2024 13:30,6,595,0,601,12,0
12/21/2024 13:45,8,683,0,687,12,0
12/21/2024 14:00,7,707,0,712,12,0
12/21/2024 14:15,4,698,0,706,12,0
12/21/2024 14:30,2,601,0,611,12,0
12/21/2024 14:45,0,523,0,535,12,0
12/21/2024 15:00,0,724,0,736,12,0
12/21/2024 15:15,0,710,0,720,10,0
12/21/2024 15:30,0,640,0,646,6,0
12/21/2024 15:45,0,562,0,564,2,0
12/21/2024 16:00,0,643,0,23,0,620
12/21/2024 16:15,0,876,0,10,0,866
12/21/2024 16:30,0,944,5,0,0,949
12/21/2024 16:45,0,782,0,3,0,779
12/21/2024 17:00,0,640,0,3,0,637
12/21/2024 17:15,0,623,0,5,0,618
12/21/2024 17:30,0,1186,0,25,0,1161
12/21/2024 17:45,0,847,6,0,0,853
12/21/2024 18:00,0,640,0,3,0,637
12/21/2024 18:15,0,669,0,11,0,658
12/21/2024 18:30,0,1339,0,608,4,735
12/21/2024 18:45,0,689,0,695,6,0
12/21/2024 19:00,0,1197,0,1201,4,0
12/21/2024 19:15,0,814,0,814,0,0
12/21/2024 19:30,0,850,0,852,2,0
12/21/2024 19:45,0,590,0,590,0,0
12/21/2024 20:00,0,895,0,895,0,0
12/21/2024 20:15,0,946,0,946,0,0
12/21/2024 20:30,0,1105,0,1105,0,0
12/21/2024 20:45,0,752,0,752,0,0
12/21/2024 21:00,0,1020,0,1020,0,0
12/21/2024 21:15,0,902,0,902,0,0
12/21/2024 21:30,0,1154,0,1154,0,0
12/21/2024 21:45,0,1245,0,1245,0,0
12/21/2024 22:00,0,169,0,169,0,0
12/21/2024 22:15,0,687,0,687,0,0
12/21/2024 22:30,0,313,0,313,0,0
12/21/2024 22:45,0,543,0,545,2,0
12/21/2024 23:00,0,821,0,823,2,0
12/21/2024 23:15,0,286,0,286,0,0
12/21/2024 23:30,0,668,0,668,0,0
12/21/2024 23:45,0,325,0,327,2,0
12/22/2024 00:00,0,916,0,916,0,0
12/22/2024 00:15,0,1216,0,1216,0,0
12/22/2024 00:30,0,895,0,897,2,0
12/22/2024 00:45,0,854,0,854,0,0
12/22/2024 01:00,0,730,0,732,2,0
12/22/2024 01:15,0,1137,0,1139,2,0
12/22/2024 01:30,0,1097,0,1099,2,0
12/22/2024 01:45,0,942,0,944,2,0
12/22/2024 02:00,0,597,0,599,2,0
12/22/2024 02:15,0,882,0,884,2,0
12/22/2024 02:30,0,639,0,643,4,0
12/22/2024 02:45,0,1122,0,1124,2,0
12/22/2024 03:00,0,671,0,675,4,0
12/22/2024 03:15,0,976,0,978,2,0
12/22/2024 03:30,0,700,0,702,2,0
12/22/2024 03:45,0,1211,0,1213,2,0
12/22/2024 04:00,0,1182,0,1184,2,0
12/22/2024 04:15,0,955,0,959,4,0
12/22/2024 04:30,0,918,0,922,4,0
12/22/2024 04:45,0,902,0,902,0,0
12/22/2024 05:00,0,1140,0,1140,0,0
12/22/2024 05:15,0,799,0,803,4,0
12/22/2024 05:30,0,910,0,912,2,0
12/22/2024 05:45,0,663,0,665,2,0
12/22/2024 06:00,0,949,0,951,2,0
12/22/2024 06:15,0,875,0,877,2,0
12/22/2024 06:30,0,1598,0,1600,2,0
12/22/2024 06:45,0,1138,0,1138,0,0
12/22/2024 07:00,0,1435,0,1437,2,0
12/22/2024 07:15,0,780,0,783,3,0
12/22/2024 07:30,0,1392,0,1395,3,0
12/22/2024 07:45,0,1395,0,1397,2,0
12/22/2024 08:00,0,1287,0,1287,0,0
12/22/2024 08:15,0,1029,0,1031,2,0
12/22/2024 08:30,0,1091,0,1093,2,0
12/22/2024 08:45,0,1115,0,1117,2,0
12/22/2024 09:00,4,1786,0,1784,2,0
12/22/2024 09:15,8,1861,0,1854,1,0
12/22/2024 09:30,13,1118,0,1107,2,0
12/22/2024 09:45,17,1000,0,989,6,0
12/22/2024 10:00,19,878,0,866,7,0
12/22/2024 10:15,26,1103,0,1095,18,0
12/22/2024 10:30,30,1103,0,1093,20,0
12/22/2024 10:45,35,839,0,830,26,0
12/22/2024 11:00,39,783,0,772,28,0
12/22/2024 11:15,42,920,0,908,30,0
12/22/2024 11:30,42,812,0,807,37,0
12/22/2024 11:45,45,1160,0,1158,43,0
12/22/2024 12:00,45,990,0,999,54,0
12/22/2024 12:15,45,916,0,927,56,0
12/22/2024 12:30,45,847,0,858,56,0
12/22/2024 12:45,43,766,0,772,49,0
12/22/2024 13:00,39,948,0,958,49,0
12/22/2024 13:15,29,1089,0,1099,39,0
12/22/2024 13:30,19,843,0,853,29,0
12/22/2024 13:45,12,941,0,951,22,0
12/22/2024 14:00,7,761,0,772,18,0
12/22/2024 14:15,6,865,0,873,14,0
12/22/2024 14:30,2,947,0,958,13,0
12/22/2024 14:45,0,844,0,855,11,0
12/22/2024 15:00,0,724,0,732,8,0
12/22/2024 15:15,0,808,0,816,8,0
12/22/2024 15:30,0,1347,0,1357,10,0
12/22/2024 15:45,0,881,0,888,7,0
12/22/2024 16:00,0,774,0,781,7,0
12/22/2024 16:15,0,813,0,815,2,0
12/22/2024 16:30,0,823,0,823,0,0
12/22/2024 16:45,0,785,0,785,0,0
12/22/2024 17:00,0,1565,0,1565,0,0
12/22/2024 17:15,0,1641,0,1642,1,0
12/22/2024 17:30,0,1094,0,1095,1,0
12/22/2024 17:45,0,807,0,807,0,0
12/22/2024 18:00,0,1284,0,1288,4,0
12/22/2024 18:15,0,1160,0,1164,4,0
12/22/2024 18:30,0,1530,0,1534,4,0
12/22/2024 18:45,0,844,0,846,2,0
12/22/2024 19:00,0,681,0,683,2,0
12/22/2024 19:15,0,257,0,259,2,0
12/22/2024 19:30,0,666,0,666,0,0
12/22/2024 19:45,0,1020,0,1020,0,0
12/22/2024 20:00,0,1290,0,1290,0,0
12/22/2024 20:15,0,1435,0,1435,0,0
12/22/2024 20:30,0,1355,0,1355,0,0
12/22/2024 20:45,0,2083,0,2085,2,0
12/22/2024 21:00,0,2268,0,2272,4,0
12/22/2024 21:15,0,1571,0,1572,1,0
12/22/2024 21:30,0,857,0,858,1,0
12/22/2024 21:45,0,792,0,796,4,0
12/22/2024 22:00,0,971,0,974,3,0
12/22/2024 22:15,0,296,0,297,1,0
12/22/2024 22:30,0,502,0,502,0,0
12/22/2024 22:45,0,442,0,444,2,0
12/22/2024 23:00,0,193,0,193,0,0
12/22/2024 23:15,0,771,0,773,2,0
12/22/2024 23:30,0,1236,0,1238,2,0
12/22/2024 23:45,0,1103,0,1103,0,0
12/23/2024 00:00,0,877,0,877,0,0
12/23/2024 00:15,0,847,0,847,0,0
12/23/2024 00:30,0,1241,0,1241,0,0
12/23/2024 00:45,0,795,0,797,2,0
12/23/2024 01:00,0,950,0,950,0,0
12/23/2024 01:15,0,681,0,682,1,0
12/23/2024 01:30,0,656,0,659,3,0
12/23/2024 01:45,0,979,0,981,2,0
12/23/2024 02:00,0,1099,0,1101,2,0
12/23/2024 02:15,0,1071,0,1073,2,0
12/23/2024 02:30,0,834,0,834,0,0
12/23/2024 02:45,0,1413,0,1415,2,0
12/23/2024 03:00,0,854,0,856,2,0
12/23/2024 03:15,0,1111,0,1115,4,0
12/23/2024 03:30,0,793,0,795,2,0
12/23/2024 03:45,0,1027,0,1028,1,0
12/23/2024 04:00,0,909,0,910,1,0
12/23/2024 04:15,0,1119,0,1121,2,0
12/23/2024 04:30,0,984,0,987,3,0
12/23/2024 04:45,0,1140,0,1141,1,0
12/23/2024 05:00,0,936,0,938,2,0
12/23/2024 05:15,0,1356,0,1360,4,0
12/23/2024 05:30,0,1053,0,1055,2,0
12/23/2024 05:45,0,888,0,889,1,0
12/23/2024 06:00,0,1101,0,1104,3,0
12/23/2024 06:15,0,1168,0,1170,2,0
12/23/2024 06:30,0,1489,0,1491,2,0
12/23/2024 06:45,0,725,0,725,0,0
12/23/2024 07:00,0,1461,0,1465,4,0
12/23/2024 07:15,0,1251,0,1254,3,0
12/23/2024 07:30,0,1176,0,1179,3,0
12/23/2024 07:45,0,1639,0,1639,0,0
12/23/2024 08:00,0,1129,0,1131,2,0
12/23/2024 08:15,0,1049,0,1054,5,0
12/23/2024 08:30,0,1302,0,1305,3,0
12/23/2024 08:45,2,1277,0,1279,4,0
12/23/2024 09:00,8,1033,0,1028,3,0
12/23/2024 09:15,15,863,0,851,3,0
12/23/2024 09:30,18,939,0,922,1,0
12/23/2024 09:45,22,1236,0,1215,1,0
12/23/2024 10:00,31,887,0,857,1,0
12/23/2024 10:15,40,960,0,922,2,0
12/23/2024 10:30,44,986,0,943,1,0
12/23/2024 10:45,48,848,0,802,2,0
12/23/2024 11:00,53,995,0,1008,66,0
12/23/2024 11:15,49,896,0,901,54,0
12/23/2024 11:30,99,694,0,685,90,0
12/23/2024 11:45,137,703,0,700,134,0
12/23/2024 12:00,180,724,0,720,176,0
12/23/2024 12:15,157,852,0,850,155,0
12/23/2024 12:30,188,864,0,865,189,0
12/23/2024 12:45,194,841,0,839,192,0
12/23/2024 13:00,186,903,0,900,183,0
12/23/2024 13:15,138,850,0,861,149,0
12/23/2024 13:30,86,742,0,750,94,0
12/23/2024 13:45,54,719,0,728,63,0
12/23/2024 14:00,60,552,0,557,65,0
12/23/2024 14:15,46,678,0,691,59,0
12/23/2024 14:30,33,679,0,690,44,0
12/23/2024 14:45,25,836,0,847,36,0
12/23/2024 15:00,26,875,0,877,28,0
12/23/2024 15:15,14,950,0,960,24,0
12/23/2024 15:30,11,836,0,845,20,0
12/23/2024 15:45,4,677,0,687,14,0
12/23/2024 16:00,0,683,0,695,12,0
12/23/2024 16:15,0,692,0,702,10,0
12/23/2024 16:30,0,795,0,797,2,0
12/23/2024 16:45,0,802,0,806,4,0
12/23/2024 17:00,0,1379,0,1383,4,0
12/23/2024 17:15,0,902,0,904,2,0
12/23/2024 17:30,0,939,0,939,0,0
12/23/2024 17:45,0,1175,0,1176,1,0
12/23/2024 18:00,0,1179,0,1179,0,0
12/23/2024 18:15,0,903,0,904,1,0
12/23/2024 18:30,0,1263,0,1263,0,0
12/23/2024 18:45,0,875,0,875,0,0
12/23/2024 19:00,0,506,0,506,0,0
12/23/2024 19:15,0,204,0,204,0,0
12/23/2024 19:30,0,579,0,579,0,0
12/23/2024 19:45,0,553,0,553,0,0
12/23/2024 20:00,0,747,0,749,2,0
12/23/2024 20:15,0,1067,0,1067,0,0
12/23/2024 20:30,0,781,0,781,0,0
12/23/2024 20:45,0,886,0,885,0,1
12/23/2024 21:00,0,1077,0,1077,0,0
12/23/2024 21:15,0,675,0,675,0,0
12/23/2024 21:30,0,632,0,632,0,0
12/23/2024 21:45,0,866,0,866,0,0
12/23/2024 22:00,0,195,0,196,1,0
12/23/2024 22:15,0,596,0,597,1,0
12/23/2024 22:30,0,598,0,600,2,0
12/23/2024 22:45,0,156,0,156,0,0
12/23/2024 23:00,0,477,0,477,0,0
12/23/2024 23:15,0,633,0,633,0,0
12/23/2024 23:30,0,726,0,726,0,0
12/23/2024 23:45,0,775,0,777,2,0
12/24/2024 00:00,0,682,0,684,2,0
12/24/2024 00:15,0,644,0,644,0,0
12/24/2024 00:30,0,799,0,803,4,0
12/24/2024 00:45,0,653,0,653,0,0
12/24/2024 01:00,0,701,0,703,2,0
12/24/2024 01:15,0,1019,0,1021,2,0
12/24/2024 01:30,0,632,0,634,2,0
12/24/2024 01:45,0,741,0,743,2,0
12/24/2024 02:00,0,558,0,564,6,0
12/24/2024 02:15,0,586,0,590,4,0
12/24/2024 02:30,0,789,0,791,2,0
12/24/2024 02:45,0,789,0,793,4,0
12/24/2024 03:00,0,651,0,655,4,0
12/24/2024 03:15,0,685,0,689,4,0
12/24/2024 03:30,0,581,0,583,2,0
12/24/2024 03:45,0,834,0,838,4,0
12/24/2024 04:00,0,861,0,865,4,0
12/24/2024 04:15,0,661,0,663,2,0
12/24/2024 04:30,0,793,0,797,4,0
12/24/2024 04:45,0,563,0,567,4,0
12/24/2024 05:00,0,637,0,639,2,0
12/24/2024 05:15,0,652,0,656,4,0
12/24/2024 05:30,0,852,0,855,3,0
12/24/2024 05:45,0,743,0,744,1,0
12/24/2024 06:00,0,547,0,551,4,0
12/24/2024 06:15,0,671,0,675,4,0
12/24/2024 06:30,0,905,0,909,4,0
12/24/2024 06:45,0,915,0,917,2,0
12/24/2024 07:00,0,1271,0,1275,4,0
12/24/2024 07:15,0,968,0,968,0,0
12/24/2024 07:30,0,706,0,712,6,0
12/24/2024 07:45,0,736,0,742,6,0
12/24/2024 08:00,0,775,0,781,6,0
12/24/2024 08:15,0,886,0,892,6,0
12/24/2024 08:30,0,784,0,790,6,0
12/24/2024 08:45,1,603,0,608,6,0
12/24/2024 09:00,0,578,0,584,6,0
12/24/2024 09:15,6,540,0,540,6,0
12/24/2024 09:30,15,852,0,845,8,0
12/24/2024 09:45,9,768,0,769,10,0
12/24/2024 10:00,6,784,0,788,10,0
12/24/2024 10:15,6,830,0,834,10,0
12/24/2024 10:30,9,817,0,822,14,0
12/24/2024 10:45,9,788,0,792,13,0
12/24/2024 11:00,10,749,0,752,13,0
12/24/2024 11:15,16,614,0,612,14,0
12/24/2024 11:30,12,732,0,734,14,0
12/24/2024 11:45,34,739,0,730,25,0
12/24/2024 12:00,63,722,0,715,56,0
12/24/2024 12:15,53,823,0,831,61,0
12/24/2024 12:30,56,629,0,629,56,0
12/24/2024 12:45,41,576,0,586,51,0
12/24/2024 13:00,85,599,0,591,77,0
12/24/2024 13:15,94,724,0,732,102,0
12/24/2024 13:30,128,698,0,699,129,0
12/24/2024 13:45,82,740,0,747,89,0
12/24/2024 14:00,74,549,0,548,73,0
12/24/2024 14:15,63,529,0,536,70,0
12/24/2024 14:30,50,482,0,490,58,0
12/24/2024 14:45,39,500,0,510,49,0
12/24/2024 15:00,29,660,0,670,39,0
12/24/2024 15:15,21,502,0,512,31,0
12/24/2024 15:30,16,543,0,551,24,0
12/24/2024 15:45,9,589,0,598,18,0
12/24/2024 16:00,0,692,0,706,14,0
12/24/2024 16:15,0,737,0,745,8,0
12/24/2024 16:30,0,739,0,743,4,0
12/24/2024 16:45,0,587,0,591,4,0
12/24/2024 17:00,0,582,0,586,4,0
12/24/2024 17:15,0,603,0,604,1,0
12/24/2024 17:30,0,755,0,755,0,0
12/24/2024 17:45,0,817,0,817,0,0
12/24/2024 18:00,0,668,0,669,1,0
12/24/2024 18:15,0,717,0,717,0,0
12/24/2024 18:30,0,974,0,974,0,0
12/24/2024 18:45,0,589,0,591,2,0
12/24/2024 19:00,0,825,0,826,1,0
12/24/2024 19:15,0,1017,0,1018,1,0
12/24/2024 19:30,0,650,0,652,2,0
12/24/2024 19:45,0,695,0,695,0,0
12/24/2024 20:00,0,571,0,571,0,0
12/24/2024 20:15,0,721,0,724,3,0
12/24/2024 20:30,0,779,0,779,0,0
12/24/2024 20:45,0,803,0,804,1,0
12/24/2024 21:00,0,790,0,790,0,0
12/24/2024 21:15,0,563,0,563,0,0
12/24/2024 21:30,0,585,0,587,2,0
12/24/2024 21:45,0,699,0,699,0,0
12/24/2024 22:00,0,632,0,633,1,0
12/24/2024 22:15,0,468,0,468,0,0
12/24/2024 22:30,0,625,0,625,0,0
12/24/2024 22:45,0,119,0,121,2,0
12/24/2024 23:00,0,139,0,141,2,0
12/24/2024 23:15,0,533,0,535,2,0
12/24/2024 23:30,0,644,0,647,3,0
12/24/2024 23:45,0,593,0,597,4,0
12/25/2024 00:00,0,483,0,487,4,0
12/25/2024 00:15,0,640,0,643,3,0
12/25/2024 00:30,0,640,0,640,0,0
12/25/2024 00:45,0,728,0,731,3,0
12/25/2024 01:00,0,940,0,944,4,0
12/25/2024 01:15,0,609,0,613,4,0
12/25/2024 01:30,0,694,0,697,3,0
12/25/2024 01:45,0,560,0,563,3,0
12/25/2024 02:00,0,581,0,584,3,0
12/25/2024 02:15,0,744,0,747,3,0
12/25/2024 02:30,0,754,0,757,3,0
12/25/2024 02:45,0,628,0,630,2,0
12/25/2024 03:00,0,655,0,659,4,0
12/25/2024 03:15,0,584,0,589,5,0
12/25/2024 03:30,0,702,0,706,4,0
12/25/2024 03:45,0,734,0,739,5,0
12/25/2024 04:00,0,774,0,779,5,0
12/25/2024 04:15,0,760,0,765,5,0
12/25/2024 04:30,0,590,0,594,4,0
12/25/2024 04:45,0,585,0,588,3,0
12/25/2024 05:00,0,648,0,652,4,0
12/25/2024 05:15,0,732,0,736,4,0
12/25/2024 05:30,0,683,0,687,4,0
12/25/2024 05:45,0,605,0,607,2,0
12/25/2024 06:00,0,583,0,588,5,0
12/25/2024 06:15,0,685,0,690,5,0
12/25/2024 06:30,0,887,0,891,4,0
12/25/2024 06:45,0,884,0,887,3,0
12/25/2024 07:00,0,911,0,915,4,0
12/25/2024 07:15,0,982,0,989,7,0
12/25/2024 07:30,0,846,0,854,8,0
12/25/2024 07:45,0,829,0,836,7,0
12/25/2024 08:00,10,931,0,927,6,0
12/25/2024 08:15,19,857,0,847,9,0
12/25/2024 08:30,22,1013,0,1003,12,0
12/25/2024 08:45,27,1028,0,1019,18,0
12/25/2024 09:00,40,636,0,625,29,0
12/25/2024 09:15,57,663,0,652,46,0
12/25/2024 09:30,74,657,0,653,70,0
12/25/2024 09:45,108,1102,0,1094,100,0
12/25/2024 10:00,142,899,0,893,136,0
12/25/2024 10:15,213,1049,0,1040,204,0
12/25/2024 10:30,272,685,0,674,261,0
12/25/2024 10:45,317,549,0,545,313,0
12/25/2024 11:00,380,1235,0,1229,374,0
12/25/2024 11:15,427,2102,0,2098,423,0
12/25/2024 11:30,458,1173,0,1176,461,0
12/25/2024 11:45,464,514,0,521,471,0
12/25/2024 12:00,487,805,0,805,487,0
12/25/2024 12:15,520,732,0,731,519,0
12/25/2024 12:30,527,757,0,762,532,0
12/25/2024 12:45,513,492,0,488,509,0
12/25/2024 13:00,487,591,0,591,487,0
12/25/2024 13:15,387,245,0,256,398,0
12/25/2024 13:30,295,555,0,558,298,0
12/25/2024 13:45,179,548,0,556,187,0
12/25/2024 14:00,130,350,0,358,138,0
12/25/2024 14:15,100,194,0,202,108,0
12/25/2024 14:30,86,182,0,187,91,0
12/25/2024 14:45,64,512,0,520,72,0
12/25/2024 15:00,48,742,0,752,58,0
12/25/2024 15:15,36,572,0,578,42,0
12/25/2024 15:30,24,529,0,539,34,0
12/25/2024 15:45,15,540,0,550,25,0
12/25/2024 16:00,4,616,0,17,1,596
12/25/2024 16:15,0,907,0,2,0,905
12/25/2024 16:30,0,614,0,3,0,611
12/25/2024 16:45,0,547,0,6,0,541
12/25/2024 17:00,0,430,0,4,0,426
12/25/2024 17:15,0,215,0,11,0,204
12/25/2024 17:30,0,592,0,536,6,62
12/25/2024 17:45,0,766,0,770,4,0
12/25/2024 18:00,0,635,0,638,3,0
12/25/2024 18:15,0,891,0,893,2,0
12/25/2024 18:30,0,1112,0,1113,1,0
12/25/2024 18:45,0,606,0,609,3,0
12/25/2024 19:00,0,793,0,796,3,0
12/25/2024 19:15,0,604,0,605,1,0
12/25/2024 19:30,0,967,0,967,0,0
12/25/2024 19:45,0,848,0,850,2,0
12/25/2024 20:00,0,610,0,612,2,0
12/25/2024 20:15,0,717,0,720,3,0
12/25/2024 20:30,0,664,0,669,5,0
12/25/2024 20:45,0,721,0,727,6,0
12/25/2024 21:00,0,924,0,929,5,0
12/25/2024 21:15,0,786,0,787,1,0
12/25/2024 21:30,0,674,0,676,2,0
12/25/2024 21:45,0,531,0,531,0,0
12/25/2024 22:00,0,159,0,159,0,0
12/25/2024 22:15,0,634,0,636,2,0
12/25/2024 22:30,0,223,0,225,2,0
12/25/2024 22:45,0,379,0,381,2,0
12/25/2024 23:00,0,719,0,720,1,0
12/25/2024 23:15,0,152,0,152,0,0
12/25/2024 23:30,0,205,0,205,0,0
12/25/2024 23:45,0,600,0,600,0,0
12/26/2024 00:00,0,143,0,144,1,0
12/26/2024 00:15,0,336,0,339,3,0
12/26/2024 00:30,0,669,0,673,4,0
12/26/2024 00:45,0,665,0,668,3,0
12/26/2024 01:00,0,815,0,820,5,0
12/26/2024 01:15,0,573,0,578,5,0
12/26/2024 01:30,0,538,0,542,4,0
12/26/2024 01:45,0,697,0,701,4,0
12/26/2024 02:00,0,523,0,528,5,0
12/26/2024 02:15,0,799,0,804,5,0
12/26/2024 02:30,0,570,0,574,4,0
12/26/2024 02:45,0,539,0,543,4,0
12/26/2024 03:00,0,673,0,676,3,0
12/26/2024 03:15,0,552,0,555,3,0
12/26/2024 03:30,0,595,0,597,2,0
12/26/2024 03:45,0,720,0,724,4,0
12/26/2024 04:00,0,675,0,681,6,0
12/26/2024 04:15,0,596,0,600,4,0
12/26/2024 04:30,0,613,0,617,4,0
12/26/2024 04:45,0,528,0,532,4,0
12/26/2024 05:00,0,655,0,660,5,0
12/26/2024 05:15,0,645,0,650,5,0
12/26/2024 05:30,0,649,0,653,4,0
12/26/2024 05:45,0,982,0,986,4,0
12/26/2024 06:00,0,576,0,580,4,0
12/26/2024 06:15,0,599,0,605,6,0
12/26/2024 06:30,0,834,0,839,5,0
12/26/2024 06:45,0,628,0,631,3,0
12/26/2024 07:00,0,881,0,885,4,0
12/26/2024 07:15,0,958,0,960,2,0
12/26/2024 07:30,0,995,0,997,2,0
12/26/2024 07:45,12,782,0,774,4,0
12/26/2024 08:00,28,631,0,620,17,0
12/26/2024 08:15,42,829,0,820,33,0
12/26/2024 08:30,55,868,0,858,45,0
12/26/2024 08:45,68,968,0,959,59,0
12/26/2024 09:00,90,1060,0,1050,80,0
12/26/2024 09:15,105,804,0,800,101,0
12/26/2024 09:30,118,589,0,593,122,0
12/26/2024 09:45,147,531,0,525,141,0
12/26/2024 10:00,171,594,0,588,165,0
12/26/2024 10:15,209,621,0,615,203,0
12/26/2024 10:30,232,773,0,771,230,0
12/26/2024 10:45,265,558,0,557,264,0
12/26/2024 11:00,517,527,0,520,510,0
12/26/2024 11:15,573,237,0,232,568,0
12/26/2024 11:30,617,103,0,96,610,0
12/26/2024 11:45,625,140,0,141,626,0
12/26/2024 12:00,636,640,0,640,636,0
12/26/2024 12:15,671,487,0,486,670,0
12/26/2024 12:30,662,347,0,345,660,0
12/26/2024 12:45,641,178,0,182,645,0
12/26/2024 13:00,586,646,0,650,590,0
12/26/2024 13:15,461,735,0,742,468,0
12/26/2024 13:30,335,582,0,589,342,0
12/26/2024 13:45,206,581,0,587,212,0
12/26/2024 14:00,151,508,0,517,160,0
12/26/2024 14:15,120,225,0,230,125,0
12/26/2024 14:30,103,364,0,373,112,0
12/26/2024 14:45,80,409,0,420,91,0
12/26/2024 15:00,63,490,0,499,72,0
12/26/2024 15:15,46,721,0,733,58,0
12/26/2024 15:30,34,624,0,632,42,0
12/26/2024 15:45,22,529,0,538,31,0
12/26/2024 16:00,5,546,0,11,1,531
12/26/2024 16:15,0,613,0,8,0,605
12/26/2024 16:30,0,633,0,6,0,627
12/26/2024 16:45,0,359,0,1,0,358
12/26/2024 17:00,0,328,0,15,0,313
12/26/2024 17:15,0,694,0,5,0,689
12/26/2024 17:30,0,612,11,0,0,623
12/26/2024 17:45,0,515,0,1,0,514
12/26/2024 18:00,0,166,0,5,0,161
12/26/2024 18:15,0,613,0,18,0,595
12/26/2024 18:30,0,1321,0,532,5,794
12/26/2024 18:45,0,715,0,723,8,0
12/26/2024 19:00,0,728,0,732,4,0
12/26/2024 19:15,0,619,0,624,5,0
12/26/2024 19:30,0,563,0,568,5,0
12/26/2024 19:45,0,713,0,717,4,0
12/26/2024 20:00,0,587,0,588,1,0
12/26/2024 20:15,0,670,0,671,1,0
12/26/2024 20:30,0,1047,0,1049,2,0
12/26/2024 20:45,0,799,0,802,3,0
12/26/2024 21:00,0,609,0,611,2,0
12/26/2024 21:15,0,678,0,680,2,0
12/26/2024 21:30,0,564,0,565,1,0
12/26/2024 21:45,0,701,0,702,1,0
12/26/2024 22:00,0,521,0,521,0,0
12/26/2024 22:15,0,683,0,685,2,0
12/26/2024 22:30,0,431,0,436,5,0
12/26/2024 22:45,0,442,0,447,5,0
12/26/2024 23:00,0,110,0,115,5,0
12/26/2024 23:15,0,201,0,205,4,0
12/26/2024 23:30,0,463,0,467,4,0
12/26/2024 23:45,0,784,0,786,2,0
12/27/2024 00:00,0,380,0,383,3,0
12/27/2024 00:15,0,371,0,374,3,0
12/27/2024 00:30,0,532,0,534,2,0
12/27/2024 00:45,0,675,0,679,4,0
12/27/2024 01:00,0,1093,0,1094,1,0
12/27/2024 01:15,0,882,0,884,2,0
12/27/2024 01:30,0,667,0,667,0,0
12/27/2024 01:45,0,797,0,799,2,0
12/27/2024 02:00,0,609,0,611,2,0
12/27/2024 02:15,0,725,0,727,2,0
12/27/2024 02:30,0,655,0,657,2,0
12/27/2024 02:45,0,943,0,947,4,0
12/27/2024 03:00,0,598,0,600,2,0
12/27/2024 03:15,0,683,0,685,2,0
12/27/2024 03:30,0,670,0,672,2,0
12/27/2024 03:45,0,683,0,685,2,0
12/27/2024 04:00,0,1075,0,1079,4,0
12/27/2024 04:15,0,630,0,634,4,0
12/27/2024 04:30,0,783,0,785,2,0
12/27/2024 04:45,0,742,0,746,4,0
12/27/2024 05:00,0,603,0,605,2,0
12/27/2024 05:15,0,965,0,967,2,0
12/27/2024 05:30,0,879,0,881,2,0
12/27/2024 05:45,0,693,0,694,1,0
12/27/2024 06:00,0,689,0,692,3,0
12/27/2024 06:15,0,568,0,570,2,0
12/27/2024 06:30,0,1211,0,1213,2,0
12/27/2024 06:45,0,1078,0,1080,2,0
12/27/2024 07:00,0,1180,0,1181,1,0
12/27/2024 07:15,0,1015,0,1016,1,0
12/27/2024 07:30,4,927,0,923,0,0
12/27/2024 07:45,19,658,0,649,10,0
12/27/2024 08:00,35,1148,0,1137,24,0
12/27/2024 08:15,49,1184,0,1175,40,0
12/27/2024 08:30,74,937,0,929,66,0
12/27/2024 08:45,94,827,0,826,93,0
12/27/2024 09:00,141,707,0,699,133,0
12/27/2024 09:15,179,943,0,940,176,0
12/27/2024 09:30,211,603,0,604,212,0
12/27/2024 09:45,288,541,0,535,282,0
12/27/2024 10:00,329,696,0,688,321,0
12/27/2024 10:15,424,593,0,589,420,0
12/27/2024 10:30,500,689,0,687,498,0
12/27/2024 10:45,544,634,0,623,533,0
12/27/2024 11:00,582,716,0,670,536,0
12/27/2024 11:15,634,529,0,432,537,0
12/27/2024 11:30,663,656,0,533,540,0
12/27/2024 11:45,680,737,0,598,541,0
12/27/2024 12:00,685,1872,0,1726,539,0
12/27/2024 12:15,700,1481,0,1383,602,0
12/27/2024 12:30,672,530,0,490,632,0
12/27/2024 12:45,646,538,0,527,635,0
12/27/2024 13:00,629,664,0,668,633,0
12/27/2024 13:15,503,599,0,624,528,0
12/27/2024 13:30,352,252,0,249,349,0
12/27/2024 13:45,240,107,0,113,246,0
12/27/2024 14:00,204,502,0,502,204,0
12/27/2024 14:15,180,353,0,486,313,0
12/27/2024 14:30,178,385,0,716,509,0
12/27/2024 14:45,135,568,0,865,432,0
12/27/2024 15:00,114,512,0,646,248,0
12/27/2024 15:15,89,495,0,539,133,0
12/27/2024 15:30,62,427,0,439,74,0
12/27/2024 15:45,32,488,0,534,78,0
12/27/2024 16:00,8,523,0,586,71,0
12/27/2024 16:15,0,589,0,606,17,0
12/27/2024 16:30,0,513,0,570,57,0
12/27/2024 16:45,0,165,0,177,12,0
12/27/2024 17:00,0,121,0,173,52,0
12/27/2024 17:15,0,437,0,447,10,0
12/27/2024 17:30,0,1053,0,1073,20,0
12/27/2024 17:45,0,801,0,869,68,0
12/27/2024 18:00,0,604,0,622,18,0
12/27/2024 18:15,0,568,0,592,24,0
12/27/2024 18:30,0,920,0,970,50,0
12/27/2024 18:45,0,564,0,566,2,0
12/27/2024 19:00,0,753,0,774,21,0
12/27/2024 19:15,0,623,0,633,10,0
12/27/2024 19:30,0,200,0,224,24,0
12/27/2024 19:45,0,533,0,573,40,0
12/27/2024 20:00,0,527,0,529,2,0
12/27/2024 20:15,0,748,0,796,48,0
12/27/2024 20:30,0,892,0,916,24,0
12/27/2024 20:45,0,576,0,600,24,0
12/27/2024 21:00,0,552,0,592,40,0
12/27/2024 21:15,0,757,0,785,28,0
12/27/2024 21:30,0,1051,0,1069,18,0
12/27/2024 21:45,0,813,0,837,24,0
12/27/2024 22:00,0,949,0,960,11,0
12/27/2024 22:15,0,538,0,560,22,0
12/27/2024 22:30,0,174,0,189,15,0
12/27/2024 22:45,0,293,0,317,24,0
12/27/2024 23:00,0,453,0,512,59,0
12/27/2024 23:15,0,113,0,128,15,0
12/27/2024 23:30,0,565,0,600,35,0
12/27/2024 23:45,0,508,0,549,41,0
12/28/2024 00:00,0,561,0,566,5,0
12/28/2024 00:15,0,463,0,496,33,0
12/28/2024 00:30,0,231,0,235,4,0
12/28/2024 00:45,0,78,0,103,25,0
12/28/2024 01:00,0,386,0,413,27,0
12/28/2024 01:15,0,556,0,562,6,0
12/28/2024 01:30,0,841,0,878,37,0
12/28/2024 01:45,0,858,0,866,8,0
12/28/2024 02:00,0,565,0,602,37,0
12/28/2024 02:15,0,483,0,489,6,0
12/28/2024 02:30,0,619,0,639,20,0
12/28/2024 02:45,0,507,0,527,20,0
12/28/2024 03:00,0,513,0,523,10,0
12/28/2024 03:15,0,733,0,789,56,0
12/28/2024 03:30,0,502,0,528,26,0
12/28/2024 03:45,0,486,0,514,28,0
12/28/2024 04:00,0,586,0,604,18,0
12/28/2024 04:15,0,512,0,526,14,0
12/28/2024 04:30,0,505,0,529,24,0
12/28/2024 04:45,0,583,0,597,14,0
12/28/2024 05:00,0,625,0,653,28,0
12/28/2024 05:15,0,510,0,524,14,0
12/28/2024 05:30,0,559,0,587,28,0
12/28/2024 05:45,0,496,0,514,18,0
12/28/2024 06:00,0,542,0,557,15,0
12/28/2024 06:15,0,553,0,575,22,0
12/28/2024 06:30,0,728,0,742,14,0
12/28/2024 06:45,0,600,0,626,26,0
12/28/2024 07:00,0,860,0,878,18,0
12/28/2024 07:15,0,735,0,759,24,0
12/28/2024 07:30,0,770,0,784,14,0
12/28/2024 07:45,5,584,0,593,14,0
12/28/2024 08:00,15,624,0,633,24,0
12/28/2024 08:15,44,590,0,559,13,0
12/28/2024 08:30,70,543,0,497,24,0
12/28/2024 08:45,76,567,0,509,18,0
12/28/2024 09:00,68,647,0,601,22,0
12/28/2024 09:15,92,543,0,467,16,0
12/28/2024 09:30,128,593,0,478,13,0
12/28/2024 09:45,130,539,0,433,24,0
12/28/2024 10:00,156,572,0,431,15,0
12/28/2024 10:15,186,1347,0,1183,22,0
12/28/2024 10:30,209,1407,0,1216,18,0
12/28/2024 10:45,266,1427,0,1184,23,0
12/28/2024 11:00,254,774,0,540,20,0
12/28/2024 11:15,230,630,0,407,7,0
12/28/2024 11:30,268,505,0,260,23,0
12/28/2024 11:45,278,427,0,158,9,0
12/28/2024 12:00,234,169,37,0,28,0
12/28/2024 12:15,273,172,84,0,17,0
12/28/2024 12:30,269,237,12,0,20,0
12/28/2024 12:45,280,567,0,309,22,0
12/28/2024 13:00,318,469,0,158,7,0
12/28/2024 13:15,220,514,0,316,22,0
12/28/2024 13:30,168,506,0,355,17,0
12/28/2024 13:45,108,397,0,311,22,0
12/28/2024 14:00,100,391,0,311,20,0
12/28/2024 14:15,71,380,0,331,22,0
12/28/2024 14:30,40,223,0,201,18,0
12/28/2024 14:45,56,271,0,222,7,0
12/28/2024 15:00,38,484,0,465,19,0
12/28/2024 15:15,22,268,0,262,16,0
12/28/2024 15:30,10,109,0,120,21,0
12/28/2024 15:45,3,182,0,195,16,0
12/28/2024 16:00,0,644,0,660,16,0
12/28/2024 16:15,0,651,0,654,3,0
12/28/2024 16:30,0,432,0,432,0,0
12/28/2024 16:45,0,443,0,444,1,0
12/28/2024 17:00,0,309,0,310,1,0
12/28/2024 17:15,0,141,0,142,1,0
12/28/2024 17:30,0,193,0,194,1,0
12/28/2024 17:45,0,303,0,304,1,0
12/28/2024 18:00,0,646,0,646,0,0
12/28/2024 18:15,0,487,0,488,1,0
12/28/2024 18:30,0,507,0,507,0,0
12/28/2024 18:45,0,302,0,303,1,0
12/28/2024 19:00,0,635,0,636,1,0
12/28/2024 19:15,0,609,0,609,0,0
12/28/2024 19:30,0,461,0,464,3,0
12/28/2024 19:45,0,432,0,433,1,0
12/28/2024 20:00,0,519,0,522,3,0
12/28/2024 20:15,0,335,0,336,1,0
12/28/2024 20:30,0,561,0,565,4,0
12/28/2024 20:45,0,370,0,375,5,0
12/28/2024 21:00,0,446,0,452,6,0
12/28/2024 21:15,0,890,0,896,6,0
12/28/2024 21:30,0,1811,0,1817,6,0
12/28/2024 21:45,0,843,0,850,7,0
12/28/2024 22:00,0,204,0,210,6,0
12/28/2024 22:15,0,460,0,465,5,0
12/28/2024 22:30,0,131,0,136,5,0
12/28/2024 22:45,0,495,0,500,5,0
12/28/2024 23:00,0,235,0,240,5,0
12/28/2024 23:15,0,550,0,555,5,0
12/28/2024 23:30,0,93,0,94,1,0
12/28/2024 23:45,0,76,0,80,4,0
12/29/2024 00:00,0,73,0,79,6,0
12/29/2024 00:15,0,260,0,264,4,0
12/29/2024 00:30,0,443,0,449,6,0
12/29/2024 00:45,0,101,0,106,5,0
12/29/2024 01:00,0,85,0,89,4,0
12/29/2024 01:15,0,97,0,103,6,0
12/29/2024 01:30,0,554,0,559,5,0
12/29/2024 01:45,0,315,0,321,6,0
12/29/2024 02:00,0,88,0,94,6,0
12/29/2024 02:15,0,75,0,80,5,0
12/29/2024 02:30,0,484,0,489,5,0
12/29/2024 02:45,0,475,0,479,4,0
12/29/2024 03:00,0,418,0,422,4,0
12/29/2024 03:15,0,420,0,426,6,0
12/29/2024 03:30,0,471,0,477,6,0
12/29/2024 03:45,0,438,0,443,5,0
12/29/2024 04:00,0,575,0,579,4,0
12/29/2024 04:15,0,414,0,419,5,0
12/29/2024 04:30,0,440,0,446,6,0
12/29/2024 04:45,0,379,0,384,5,0
12/29/2024 05:00,0,345,0,350,5,0
12/29/2024 05:15,0,342,0,349,7,0
12/29/2024 05:30,0,411,0,416,5,0
12/29/2024 05:45,0,386,0,390,4,0
12/29/2024 06:00,0,362,0,368,6,0
12/29/2024 06:15,0,370,0,375,5,0
12/29/2024 06:30,0,621,0,626,5,0
12/29/2024 06:45,0,636,0,641,5,0
12/29/2024 07:00,0,610,0,614,4,0
12/29/2024 07:15,0,433,0,435,2,0
12/29/2024 07:30,12,483,0,479,8,0
12/29/2024 07:45,66,648,0,635,53,0
12/29/2024 08:00,90,491,0,486,85,0
12/29/2024 08:15,91,227,0,223,87,0
12/29/2024 08:30,120,468,0,465,117,0
12/29/2024 08:45,132,452,0,454,134,0
12/29/2024 09:00,155,521,0,511,145,0
12/29/2024 09:15,246,443,0,309,112,0
12/29/2024 09:30,263,260,0,10,13,0
12/29/2024 09:45,304,143,137,0,24,0
12/29/2024 10:00,246,416,0,186,16,0
12/29/2024 10:15,274,518,0,248,4,0
12/29/2024 10:30,310,393,0,127,44,0
12/29/2024 10:45,281,458,0,177,0,0
12/29/2024 11:00,255,456,0,232,31,0
12/29/2024 11:15,199,288,0,105,16,0
12/29/2024 11:30,181,91,67,0,23,0
12/29/2024 11:45,146,129,1,0,16,0
12/29/2024 12:00,104,248,0,155,11,0
12/29/2024 12:15,123,508,0,419,34,0
12/29/2024 12:30,178,282,0,111,7,0
12/29/2024 12:45,126,120,0,32,38,0
12/29/2024 13:00,116,151,0,46,11,0
12/29/2024 13:15,134,299,0,189,24,0
12/29/2024 13:30,132,621,0,507,18,0
12/29/2024 13:45,200,431,0,241,10,0
12/29/2024 14:00,139,419,0,310,30,0
12/29/2024 14:15,97,411,0,322,8,0
12/29/2024 14:30,113,158,0,81,36,0
12/29/2024 14:45,120,151,0,43,12,0
12/29/2024 15:00,63,123,0,82,22,0
12/29/2024 15:15,22,329,0,331,24,0
12/29/2024 15:30,15,519,0,511,7,0
12/29/2024 15:45,11,168,0,192,35,0
12/29/2024 16:00,2,107,0,114,9,0
12/29/2024 16:15,0,110,0,120,10,0
12/29/2024 16:30,0,110,0,111,1,0
12/29/2024 16:45,0,261,0,262,1,0
12/29/2024 17:00,0,810,0,811,1,0
12/29/2024 17:15,0,691,0,692,1,0
12/29/2024 17:30,0,618,0,619,1,0
12/29/2024 17:45,0,473,0,475,2,0
12/29/2024 18:00,0,290,0,293,3,0
12/29/2024 18:15,0,143,0,149,6,0
12/29/2024 18:30,0,596,0,599,3,0
12/29/2024 18:45,0,148,0,151,3,0
12/29/2024 19:00,0,533,0,537,4,0
12/29/2024 19:15,0,359,0,365,6,0
12/29/2024 19:30,0,160,0,165,5,0
12/29/2024 19:45,0,507,0,514,7,0
12/29/2024 20:00,0,345,0,349,4,0
12/29/2024 20:15,0,886,0,888,2,0
12/29/2024 20:30,0,762,0,762,0,0
12/29/2024 20:45,0,814,0,814,0,0
12/29/2024 21:00,0,1726,0,1729,3,0
12/29/2024 21:15,0,1088,0,1093,5,0
12/29/2024 21:30,0,174,0,177,3,0
12/29/2024 21:45,0,127,0,132,5,0
12/29/2024 22:00,0,323,0,328,5,0
12/29/2024 22:15,0,410,0,414,4,0
12/29/2024 22:30,0,213,0,217,4,0
12/29/2024 22:45,0,438,0,442,4,0
12/29/2024 23:00,0,153,0,159,6,0
12/29/2024 23:15,0,158,0,163,5,0
12/29/2024 23:30,0,370,0,373,3,0
12/29/2024 23:45,0,78,0,82,4,0
12/30/2024 00:00,0,79,0,83,4,0
12/30/2024 00:15,0,100,0,105,5,0
12/30/2024 00:30,0,250,0,254,4,0
12/30/2024 00:45,0,396,0,400,4,0
12/30/2024 01:00,0,75,0,80,5,0
12/30/2024 01:15,0,76,0,80,4,0
12/30/2024 01:30,0,111,0,115,4,0
12/30/2024 01:45,0,499,0,504,5,0
12/30/2024 02:00,0,365,0,370,5,0
12/30/2024 02:15,0,313,0,318,5,0
12/30/2024 02:30,0,78,0,83,5,0
12/30/2024 02:45,0,130,0,134,4,0
12/30/2024 03:00,0,344,0,349,5,0
12/30/2024 03:15,0,95,0,100,5,0
12/30/2024 03:30,0,74,0,80,6,0
12/30/2024 03:45,0,100,0,105,5,0
12/30/2024 04:00,0,344,0,349,5,0
12/30/2024 04:15,0,168,0,173,5,0
12/30/2024 04:30,0,75,0,81,6,0
12/30/2024 04:45,0,89,0,94,5,0
12/30/2024 05:00,0,202,0,207,5,0
12/30/2024 05:15,0,302,0,307,5,0
12/30/2024 05:30,0,93,0,99,6,0
12/30/2024 05:45,0,222,0,226,4,0
12/30/2024 06:00,0,407,0,412,5,0
12/30/2024 06:15,0,366,0,370,4,0
12/30/2024 06:30,0,514,0,518,4,0
12/30/2024 06:45,0,388,0,393,5,0
12/30/2024 07:00,0,632,0,633,1,0
12/30/2024 07:15,0,471,0,475,4,0
12/30/2024 07:30,0,374,0,378,4,0
12/30/2024 07:45,0,453,0,457,4,0
12/30/2024 08:00,0,390,0,395,5,0
12/30/2024 08:15,0,159,0,160,1,0
12/30/2024 08:30,0,141,0,146,5,0
12/30/2024 08:45,2,132,0,135,5,0
12/30/2024 09:00,41,295,0,292,38,0
12/30/2024 09:15,46,637,0,636,45,0
12/30/2024 09:30,56,162,0,156,50,0
12/30/2024 09:45,145,142,0,135,138,0
12/30/2024 10:00,222,140,0,143,225,0
12/30/2024 10:15,151,434,0,441,158,0
12/30/2024 10:30,98,379,0,384,103,0
12/30/2024 10:45,119,146,0,141,114,0
12/30/2024 11:00,106,164,0,72,14,0
12/30/2024 11:15,128,604,0,478,2,0
12/30/2024 11:30,212,961,0,789,40,0
12/30/2024 11:45,227,895,0,667,0,1
12/30/2024 12:00,129,591,0,475,13,0
12/30/2024 12:15,198,680,0,503,21,0
12/30/2024 12:30,480,374,78,0,28,0
12/30/2024 12:45,310,151,133,0,26,0
12/30/2024 13:00,385,99,250,0,36,0
12/30/2024 13:15,473,96,356,0,21,0
12/30/2024 13:30,322,119,136,0,67,0
12/30/2024 13:45,254,113,115,0,26,0
12/30/2024 14:00,228,90,131,0,7,0
12/30/2024 14:15,194,93,95,0,6,0
12/30/2024 14:30,234,110,52,0,72,0
12/30/2024 14:45,112,103,0,18,27,0
12/30/2024 15:00,86,115,0,32,3,0
12/30/2024 15:15,100,103,0,17,14,0
12/30/2024 15:30,64,71,0,55,48,0
12/30/2024 15:45,38,97,0,82,23,0
12/30/2024 16:00,15,480,0,468,3,0
12/30/2024 16:15,0,387,0,390,3,0
12/30/2024 16:30,0,129,0,132,3,0
12/30/2024 16:45,0,118,0,119,1,0
12/30/2024 17:00,0,119,0,122,3,0
12/30/2024 17:15,0,540,0,540,0,0
12/30/2024 17:30,0,448,0,450,2,0
12/30/2024 17:45,0,340,0,342,2,0
12/30/2024 18:00,0,141,0,144,3,0
12/30/2024 18:15,0,139,0,140,1,0
12/30/2024 18:30,0,549,0,551,2,0
12/30/2024 18:45,0,229,0,230,1,0
12/30/2024 19:00,0,165,0,168,3,0
12/30/2024 19:15,0,147,0,151,4,0
12/30/2024 19:30,0,457,0,458,1,0
12/30/2024 19:45,0,533,0,534,1,0
12/30/2024 20:00,0,207,0,207,0,0
12/30/2024 20:15,0,319,0,320,1,0
12/30/2024 20:30,0,422,0,422,0,0
12/30/2024 20:45,0,673,0,673,0,0
12/30/2024 21:00,0,1350,0,1350,0,0
12/30/2024 21:15,0,1334,0,1334,0,0
12/30/2024 21:30,0,456,0,456,0,0
12/30/2024 21:45,1,325,0,323,0,1
12/30/2024 22:00,0,710,0,711,1,0
12/30/2024 22:15,0,449,0,454,5,0
12/30/2024 22:30,0,138,0,144,6,0
12/30/2024 22:45,0,98,0,103,5,0
12/30/2024 23:00,0,111,0,113,2,0
12/30/2024 23:15,0,272,0,275,3,0
12/30/2024 23:30,0,687,0,688,1,0
12/30/2024 23:45,0,290,0,292,2,0
12/31/2024 00:00,0,109,0,111,2,0
12/31/2024 00:15,0,93,0,97,4,0
12/31/2024 00:30,0,358,0,362,4,0
12/31/2024 00:45,0,327,0,329,2,0
12/31/2024 01:00,0,110,0,110,0,0
12/31/2024 01:15,0,82,0,85,3,0
12/31/2024 01:30,0,212,0,214,2,0
12/31/2024 01:45,0,544,0,547,3,0
12/31/2024 02:00,0,454,0,457,3,0
12/31/2024 02:15,0,430,0,433,3,0
12/31/2024 02:30,0,266,0,270,4,0
12/31/2024 02:45,0,303,0,308,5,0
12/31/2024 03:00,0,114,0,118,4,0
12/31/2024 03:15,0,95,0,100,5,0
12/31/2024 03:30,0,537,0,541,4,0
12/31/2024 03:45,0,192,0,196,4,0
12/31/2024 04:00,0,91,0,96,5,0
12/31/2024 04:15,0,361,0,365,4,0
12/31/2024 04:30,0,588,0,591,3,0
12/31/2024 04:45,0,144,0,149,5,0
12/31/2024 05:00,0,99,0,104,5,0
12/31/2024 05:15,0,554,0,559,5,0
12/31/2024 05:30,0,588,0,592,4,0
12/31/2024 05:45,0,573,0,575,2,0
12/31/2024 06:00,0,679,0,683,4,0
12/31/2024 06:15,0,544,0,547,3,0
12/31/2024 06:30,0,587,0,590,3,0
12/31/2024 06:45,0,611,0,614,3,0
12/31/2024 07:00,0,876,0,880,4,0
12/31/2024 07:15,4,716,0,715,3,0
12/31/2024 07:30,26,524,0,517,19,0
12/31/2024 07:45,46,646,0,635,35,0
12/31/2024 08:00,62,567,0,555,50,0
12/31/2024 08:15,76,552,0,545,69,0
12/31/2024 08:30,117,671,0,661,107,0
12/31/2024 08:45,160,590,0,584,154,0
12/31/2024 09:00,223,295,0,295,223,0
12/31/2024 09:15,298,116,0,50,232,0
12/31/2024 09:30,385,79,290,0,16,0
12/31/2024 09:45,432,77,350,0,5,0
12/31/2024 10:00,617,399,179,0,39,0
12/31/2024 10:15,448,539,0,131,40,0
12/31/2024 10:30,476,442,0,5,39,0
12/31/2024 10:45,693,129,558,0,6,0
12/31/2024 11:00,726,429,256,0,41,0
12/31/2024 11:15,886,436,411,0,39,0
12/31/2024 11:30,950,382,544,0,24,0
12/31/2024 11:45,902,402,460,0,40,0
12/31/2024 12:00,928,360,546,0,22,0
12/31/2024 12:15,942,128,790,0,24,0
12/31/2024 12:30,800,128,610,0,62,0
12/31/2024 12:45,752,133,594,0,25,0
12/31/2024 13:00,689,87,597,0,5,0
12/31/2024 13:15,555,80,444,0,31,0
12/31/2024 13:30,402,130,227,0,45,0
12/31/2024 13:45,262,494,0,276,44,0
12/31/2024 14:00,181,333,0,177,25,0
12/31/2024 14:15,146,73,47,0,26,0
12/31/2024 14:30,124,100,18,0,6,0
12/31/2024 14:45,103,83,0,20,40,0
12/31/2024 15:00,82,102,0,46,26,0
12/31/2024 15:15,78,191,0,131,18,0
12/31/2024 15:30,58,595,0,571,34,0
12/31/2024 15:45,21,287,0,296,30,0
12/31/2024 16:00,5,109,0,128,24,0
12/31/2024 16:15,0,102,0,136,34,0
12/31/2024 16:30,0,446,0,476,30,0
12/31/2024 16:45,0,618,0,626,8,0
12/31/2024 17:00,0,438,0,446,8,0
12/31/2024 17:15,0,513,0,556,43,0
12/31/2024 17:30,0,149,0,191,42,0
12/31/2024 17:45,0,156,0,160,4,0
12/31/2024 18:00,0,167,0,209,42,0
12/31/2024 18:15,0,162,0,207,45,0
12/31/2024 18:30,0,537,0,542,5,0
12/31/2024 18:45,0,600,0,611,11,0
12/31/2024 19:00,0,346,0,391,45,0
12/31/2024 19:15,0,507,0,532,25,0
12/31/2024 19:30,0,202,0,224,22,0
12/31/2024 19:45,0,309,0,339,30,0
12/31/2024 20:00,0,609,0,631,22,0
12/31/2024 20:15,0,576,0,620,44,0
12/31/2024 20:30,0,604,0,628,24,0
12/31/2024 20:45,0,608,0,625,17,0
12/31/2024 21:00,0,1040,0,1057,17,0
12/31/2024 21:15,0,1996,0,2047,51,0
12/31/2024 21:30,0,1701,0,1718,17,0
12/31/2024 21:45,0,737,0,737,0,0
12/31/2024 22:00,0,166,0,207,41,0
12/31/2024 22:15,0,169,0,213,44,0
12/31/2024 22:30,0,580,0,584,4,0
12/31/2024 22:45,0,281,0,299,18,0
12/31/2024 23:00,0,110,0,134,24,0
12/31/2024 23:15,0,454,0,480,26,0
12/31/2024 23:30,0,387,0,425,38,0
12/31/2024 23:45,0,122,0,142,20,0
