Date/Time,Energy Produced (Wh),Energy Consumed (Wh),Exported to Grid (Wh),Imported from Grid (Wh),Stored in batteries (Wh),Discharged from batteries (Wh)
10/01/2024 00:00,0,116,0,116,0,0
10/01/2024 00:15,0,100,0,113,13,0
10/01/2024 00:30,0,140,0,142,2,0
10/01/2024 00:45,0,79,0,119,40,0
10/01/2024 01:00,0,108,0,106,0,2
10/01/2024 01:15,0,90,0,90,0,0
10/01/2024 01:30,0,115,0,115,0,0
10/01/2024 01:45,0,95,0,95,0,0
10/01/2024 02:00,0,82,0,93,11,0
10/01/2024 02:15,0,84,0,104,20,0
10/01/2024 02:30,0,106,0,130,24,0
10/01/2024 02:45,0,115,0,115,0,0
10/01/2024 03:00,0,89,0,89,0,0
10/01/2024 03:15,0,83,0,83,0,0
10/01/2024 03:30,0,92,0,92,0,0
10/01/2024 03:45,0,157,0,180,23,0
10/01/2024 04:00,0,84,0,113,29,0
10/01/2024 04:15,0,117,0,117,0,0
10/01/2024 04:30,0,109,0,109,0,0
10/01/2024 04:45,0,216,0,216,0,0
10/01/2024 05:00,0,112,0,112,0,0
10/01/2024 05:15,0,118,0,144,26,0
10/01/2024 05:30,0,113,0,128,15,0
10/01/2024 05:45,0,96,0,109,13,0
10/01/2024 06:00,0,81,0,83,2,0
10/01/2024 06:15,0,150,0,150,0,0
10/01/2024 06:30,0,102,0,102,0,0
10/01/2024 06:45,3,102,0,126,27,0
10/01/2024 07:00,48,170,0,155,33,0
10/01/2024 07:15,139,125,0,104,118,0
10/01/2024 07:30,155,87,0,70,138,0
10/01/2024 07:45,213,125,0,107,195,0
10/01/2024 08:00,119,412,0,397,104,0
10/01/2024 08:15,177,482,0,464,159,0
10/01/2024 08:30,197,390,0,372,179,0
10/01/2024 08:45,243,573,0,554,224,0
10/01/2024 09:00,425,105,0,77,397,0
10/01/2024 09:15,315,151,0,134,298,0
10/01/2024 09:30,370,76,0,53,347,0
10/01/2024 09:45,244,80,0,63,227,0
10/01/2024 10:00,281,142,0,125,264,0
10/01/2024 10:15,488,188,0,167,467,0
10/01/2024 10:30,423,193,0,178,408,0
10/01/2024 10:45,363,234,0,217,346,0
10/01/2024 11:00,365,212,0,193,346,0
10/01/2024 11:15,555,1168,0,1128,515,0
10/01/2024 11:30,762,112,0,27,677,0
10/01/2024 11:45,621,102,0,50,569,0
10/01/2024 12:00,772,165,0,55,662,0
10/01/2024 12:15,759,870,0,739,628,0
10/01/2024 12:30,871,413,2,0,456,0
10/01/2024 12:45,817,177,531,0,109,0
10/01/2024 13:00,1211,147,1027,0,37,0
10/01/2024 13:15,528,675,0,189,42,0
10/01/2024 13:30,827,904,0,93,16,0
10/01/2024 13:45,909,84,817,0,8,0
10/01/2024 14:00,701,278,395,0,28,0
10/01/2024 14:15,539,739,0,202,2,0
10/01/2024 14:30,638,180,440,0,18,0
10/01/2024 14:45,663,75,556,0,32,0
10/01/2024 15:00,571,150,402,0,19,0
10/01/2024 15:15,470,307,134,0,29,0
10/01/2024 15:30,340,106,223,0,11,0
10/01/2024 15:45,346,72,267,0,7,0
10/01/2024 16:00,488,69,482,0,0,63
10/01/2024 16:15,363,89,358,0,0,84
10/01/2024 16:30,307,93,303,0,0,89
10/01/2024 16:45,224,212,219,0,0,207
10/01/2024 17:00,138,108,135,0,0,105
10/01/2024 17:15,63,105,57,0,0,99
10/01/2024 17:30,68,130,63,0,0,125
10/01/2024 17:45,52,176,47,0,0,171
10/01/2024 18:00,21,171,17,0,0,167
10/01/2024 18:15,0,100,0,4,0,96
10/01/2024 18:30,0,159,0,8,0,151
10/01/2024 18:45,0,138,0,4,0,134
10/01/2024 19:00,0,124,0,5,0,119
10/01/2024 19:15,0,179,0,8,0,171
10/01/2024 19:30,0,296,0,7,0,289
10/01/2024 19:45,0,310,0,6,0,304
10/01/2024 20:00,0,406,0,18,8,396
10/01/2024 20:15,0,383,0,9,0,374
10/01/2024 20:30,0,596,0,8,0,588
10/01/2024 20:45,0,640,0,7,0,633
10/01/2024 21:00,0,1654,0,10,0,1644
10/01/2024 21:15,0,707,0,9,2,700
10/01/2024 21:30,0,344,0,161,0,183
10/01/2024 21:45,0,255,0,255,0,0
10/01/2024 22:00,0,223,0,223,0,0
10/01/2024 22:15,0,217,0,217,0,0
10/01/2024 22:30,0,165,0,167,2,0
10/01/2024 22:45,0,157,0,157,0,0
10/01/2024 23:00,0,71,0,81,10,0
10/01/2024 23:15,0,72,0,122,52,2
10/01/2024 23:30,0,211,0,211,0,0
10/01/2024 23:45,0,98,0,98,0,0
10/02/2024 00:00,0,119,0,119,0,0
10/02/2024 00:15,0,110,0,112,2,0
10/02/2024 00:30,0,136,0,136,0,0
10/02/2024 00:45,0,89,0,128,41,2
10/02/2024 01:00,0,72,0,85,13,0
10/02/2024 01:15,0,126,0,126,0,0
10/02/2024 01:30,0,100,0,100,0,0
10/02/2024 01:45,0,94,0,94,0,0
10/02/2024 02:00,0,70,0,72,2,0
10/02/2024 02:15,0,74,0,94,20,0
10/02/2024 02:30,0,140,0,162,24,2
10/02/2024 02:45,0,78,0,90,12,0
10/02/2024 03:00,0,153,0,153,0,0
10/02/2024 03:15,0,79,0,79,0,0
10/02/2024 03:30,0,106,0,108,2,0
10/02/2024 03:45,0,107,0,121,14,0
10/02/2024 04:00,0,104,0,124,20,0
10/02/2024 04:15,0,79,0,90,11,0
10/02/2024 04:30,0,107,0,124,17,0
10/02/2024 04:45,0,143,0,145,2,0
10/02/2024 05:00,0,148,0,150,2,0
10/02/2024 05:15,0,95,0,128,33,0
10/02/2024 05:30,0,97,0,100,3,0
10/02/2024 05:45,0,73,0,73,0,0
10/02/2024 06:00,0,71,0,71,0,0
10/02/2024 06:15,0,88,0,100,12,0
10/02/2024 06:30,0,129,0,131,2,0
10/02/2024 06:45,0,157,0,186,29,0
10/02/2024 07:00,1,122,0,133,12,0
10/02/2024 07:15,34,122,0,104,16,0
10/02/2024 07:30,62,111,0,95,46,0
10/02/2024 07:45,153,141,0,121,133,0
10/02/2024 08:00,222,195,0,178,205,0
10/02/2024 08:15,210,191,0,174,193,0
10/02/2024 08:30,228,90,0,73,211,0
10/02/2024 08:45,373,91,0,71,353,0
10/02/2024 09:00,560,104,0,85,541,0
10/02/2024 09:15,488,144,0,127,471,0
10/02/2024 09:30,376,78,0,66,364,0
10/02/2024 09:45,306,94,0,72,284,0
10/02/2024 10:00,581,131,0,99,549,0
10/02/2024 10:15,529,197,0,181,513,0
10/02/2024 10:30,476,160,0,128,444,0
10/02/2024 10:45,513,1266,0,1244,491,0
10/02/2024 11:00,516,1072,0,1050,494,0
10/02/2024 11:15,635,894,0,838,579,0
10/02/2024 11:30,673,172,0,145,646,0
10/02/2024 11:45,1176,80,0,62,1158,0
10/02/2024 12:00,1215,74,139,0,1002,0
10/02/2024 12:15,926,94,626,0,206,0
10/02/2024 12:30,867,131,727,0,9,0
10/02/2024 12:45,499,100,381,0,18,0
10/02/2024 13:00,1014,130,860,0,24,0
10/02/2024 13:15,739,83,644,0,12,0
10/02/2024 13:30,1166,71,1067,0,28,0
10/02/2024 13:45,1260,89,1161,0,10,0
10/02/2024 14:00,1132,99,1007,0,26,0
10/02/2024 14:15,1117,91,1016,0,10,0
10/02/2024 14:30,465,68,379,0,18,0
10/02/2024 14:45,589,69,495,0,25,0
10/02/2024 15:00,725,138,577,0,10,0
10/02/2024 15:15,574,97,451,0,26,0
10/02/2024 15:30,446,102,334,0,10,0
10/02/2024 15:45,316,72,221,0,23,0
10/02/2024 16:00,325,68,319,0,0,62
10/02/2024 16:15,271,78,268,0,0,75
10/02/2024 16:30,174,124,168,0,0,118
10/02/2024 16:45,92,106,88,0,0,102
10/02/2024 17:00,78,158,73,0,0,153
10/02/2024 17:15,63,93,58,0,0,88
10/02/2024 17:30,46,94,41,0,0,89
10/02/2024 17:45,32,124,25,0,1,118
10/02/2024 18:00,16,211,11,0,0,206
10/02/2024 18:15,1,95,0,3,0,91
10/02/2024 18:30,0,94,0,5,0,89
10/02/2024 18:45,0,119,0,6,0,113
10/02/2024 19:00,0,290,0,14,0,276
10/02/2024 19:15,0,374,0,1,0,373
10/02/2024 19:30,0,308,0,5,0,303
10/02/2024 19:45,0,156,0,6,0,150
10/02/2024 20:00,0,172,0,17,8,163
10/02/2024 20:15,0,224,0,9,0,215
10/02/2024 20:30,0,464,0,12,0,452
10/02/2024 20:45,0,518,0,8,1,511
10/02/2024 21:00,0,479,0,9,0,470
10/02/2024 21:15,0,187,0,9,0,178
10/02/2024 21:30,0,201,0,9,0,192
10/02/2024 21:45,0,177,0,9,0,168
10/02/2024 22:00,0,183,0,10,0,173
10/02/2024 22:15,0,162,0,9,0,153
10/02/2024 22:30,0,203,0,8,0,195
10/02/2024 22:45,0,132,0,8,0,124
10/02/2024 23:00,0,109,0,29,4,84
10/02/2024 23:15,0,121,0,8,0,113
10/02/2024 23:30,0,110,0,5,0,105
10/02/2024 23:45,0,85,0,8,0,77
10/03/2024 00:00,0,96,0,9,0,87
10/03/2024 00:15,0,115,0,8,0,107
10/03/2024 00:30,0,106,0,5,0,101
10/03/2024 00:45,0,92,0,10,0,82
10/03/2024 01:00,0,85,0,6,0,79
10/03/2024 01:15,0,110,0,5,0,105
10/03/2024 01:30,0,84,0,6,0,78
10/03/2024 01:45,0,94,0,9,0,85
10/03/2024 02:00,0,113,0,9,0,104
10/03/2024 02:15,0,89,0,5,0,84
10/03/2024 02:30,0,137,0,8,0,129
10/03/2024 02:45,0,90,0,6,0,84
10/03/2024 03:00,0,102,0,6,0,96
10/03/2024 03:15,0,82,0,6,0,76
10/03/2024 03:30,0,95,0,7,0,88
10/03/2024 03:45,0,114,0,6,0,108
10/03/2024 04:00,0,89,0,7,0,82
10/03/2024 04:15,0,82,0,8,0,74
10/03/2024 04:30,0,92,0,10,0,82
10/03/2024 04:45,0,101,0,6,0,95
10/03/2024 05:00,0,84,0,8,0,76
10/03/2024 05:15,0,86,0,8,0,78
10/03/2024 05:30,0,114,0,9,0,105
10/03/2024 05:45,0,99,0,6,0,93
10/03/2024 06:00,0,81,0,6,0,75
10/03/2024 06:15,0,91,0,7,0,84
10/03/2024 06:30,0,106,0,8,0,98
10/03/2024 06:45,3,95,0,22,4,74
10/03/2024 07:00,42,90,0,4,0,44
10/03/2024 07:15,182,104,0,4,82,0
10/03/2024 07:30,332,111,0,5,226,0
10/03/2024 07:45,451,102,0,6,355,0
10/03/2024 08:00,285,126,0,10,174,5
10/03/2024 08:15,356,181,0,6,185,4
10/03/2024 08:30,317,113,0,3,208,1
10/03/2024 08:45,483,125,5,0,353,0
10/03/2024 09:00,542,111,0,10,441,0
10/03/2024 09:15,634,107,0,3,530,0
10/03/2024 09:30,631,101,0,4,534,0
10/03/2024 09:45,757,142,0,3,618,0
10/03/2024 10:00,881,108,0,7,780,0
10/03/2024 10:15,755,109,0,9,655,0
10/03/2024 10:30,683,182,0,9,510,0
10/03/2024 10:45,677,93,0,7,591,0
10/03/2024 11:00,879,98,0,6,787,0
10/03/2024 11:15,1201,122,34,0,1045,0
10/03/2024 11:30,1315,161,12,0,1142,0
10/03/2024 11:45,1458,87,32,0,1339,0
10/03/2024 12:00,1287,90,608,0,591,2
10/03/2024 12:15,614,94,401,0,119,0
10/03/2024 12:30,706,116,588,0,2,0
10/03/2024 12:45,1034,306,704,0,24,0
10/03/2024 13:00,1235,232,988,0,15,0
10/03/2024 13:15,714,193,502,0,19,0
10/03/2024 13:30,970,125,821,0,24,0
10/03/2024 13:45,952,115,827,0,10,0
10/03/2024 14:00,819,107,682,0,30,0
10/03/2024 14:15,1141,119,1020,0,2,0
10/03/2024 14:30,929,101,802,0,26,0
10/03/2024 14:45,821,101,704,0,16,0
10/03/2024 15:00,834,148,669,0,17,0
10/03/2024 15:15,498,261,270,0,9,42
10/03/2024 15:30,353,215,138,0,0,0
10/03/2024 15:45,310,273,78,0,41,82
10/03/2024 16:00,362,114,117,0,131,0
10/03/2024 16:15,292,109,181,0,2,0
10/03/2024 16:30,163,83,28,0,52,0
10/03/2024 16:45,196,85,109,0,2,0
10/03/2024 17:00,96,99,0,17,14,0
10/03/2024 17:15,92,113,0,27,14,8
10/03/2024 17:30,58,262,0,10,0,194
10/03/2024 17:45,40,224,0,9,0,175
10/03/2024 18:00,17,165,0,11,0,137
10/03/2024 18:15,0,120,0,9,0,111
10/03/2024 18:30,0,202,0,2,0,200
10/03/2024 18:45,0,190,0,9,0,181
10/03/2024 19:00,0,262,0,11,0,251
10/03/2024 19:15,0,215,0,11,0,204
10/03/2024 19:30,0,159,0,10,0,149
10/03/2024 19:45,0,255,0,12,0,243
10/03/2024 20:00,0,238,0,6,0,232
10/03/2024 20:15,0,131,0,8,0,123
10/03/2024 20:30,0,203,0,9,0,194
10/03/2024 20:45,0,171,0,8,0,163
10/03/2024 21:00,0,254,0,12,0,242
10/03/2024 21:15,0,193,0,8,0,185
10/03/2024 21:30,0,216,0,9,0,207
10/03/2024 21:45,0,164,0,9,0,155
10/03/2024 22:00,0,149,0,8,0,141
10/03/2024 22:15,0,126,0,11,0,115
10/03/2024 22:30,0,176,0,10,0,166
10/03/2024 22:45,0,227,0,11,0,216
10/03/2024 23:00,0,121,0,9,0,112
10/03/2024 23:15,0,92,0,8,0,84
10/03/2024 23:30,0,96,0,12,0,84
10/03/2024 23:45,0,96,0,8,0,88
10/04/2024 00:00,0,115,0,9,0,106
10/04/2024 00:15,0,96,0,8,0,88
10/04/2024 00:30,0,256,0,10,0,246
10/04/2024 00:45,0,131,0,7,0,124
10/04/2024 01:00,0,81,0,7,0,74
10/04/2024 01:15,0,85,0,9,0,76
10/04/2024 01:30,0,108,0,9,0,99
10/04/2024 01:45,0,112,0,9,0,103
10/04/2024 02:00,0,82,0,7,0,75
10/04/2024 02:15,0,84,0,8,0,76
10/04/2024 02:30,0,150,0,9,0,141
10/04/2024 02:45,0,98,0,7,0,91
10/04/2024 03:00,0,83,0,10,0,73
10/04/2024 03:15,0,106,0,7,0,99
10/04/2024 03:30,0,108,0,7,0,101
10/04/2024 03:45,0,83,0,7,0,76
10/04/2024 04:00,0,83,0,7,0,76
10/04/2024 04:15,0,135,0,9,0,126
10/04/2024 04:30,0,116,0,9,0,107
10/04/2024 04:45,0,83,0,7,0,76
10/04/2024 05:00,0,184,0,9,0,175
10/04/2024 05:15,0,141,0,7,0,134
10/04/2024 05:30,0,89,0,9,0,80
10/04/2024 05:45,0,84,0,8,0,76
10/04/2024 06:00,0,95,6,11,11,101
10/04/2024 06:15,0,97,0,7,0,90
10/04/2024 06:30,0,144,0,11,7,140
10/04/2024 06:45,2,175,0,6,1,168
10/04/2024 07:00,39,128,0,8,0,81
10/04/2024 07:15,145,83,0,4,66,0
10/04/2024 07:30,213,84,0,9,138,0
10/04/2024 07:45,269,133,0,11,151,4
10/04/2024 08:00,257,168,0,4,106,13
10/04/2024 08:15,263,316,0,10,52,95
10/04/2024 08:30,294,328,0,7,63,90
10/04/2024 08:45,364,384,0,7,2,15
10/04/2024 09:00,450,253,0,6,213,10
10/04/2024 09:15,546,159,0,5,392,0
10/04/2024 09:30,646,161,0,4,489,0
10/04/2024 09:45,792,180,0,9,621,0
10/04/2024 10:00,757,193,0,5,569,0
10/04/2024 10:15,851,109,0,7,749,0
10/04/2024 10:30,925,160,0,7,772,0
10/04/2024 10:45,925,129,0,6,802,0
10/04/2024 11:00,1086,159,0,10,937,0
10/04/2024 11:15,826,122,0,7,711,0
10/04/2024 11:30,1086,493,0,11,604,0
10/04/2024 11:45,1211,316,15,0,882,2
10/04/2024 12:00,1305,240,0,6,1071,0
10/04/2024 12:15,1530,363,288,0,879,0
10/04/2024 12:30,1152,199,705,0,248,0
10/04/2024 12:45,785,178,586,0,21,0
10/04/2024 13:00,611,143,457,0,11,0
10/04/2024 13:15,653,1208,130,0,0,685
10/04/2024 13:30,652,1099,0,6,119,560
10/04/2024 13:45,623,197,0,2,430,2
10/04/2024 14:00,433,88,0,4,349,0
10/04/2024 14:15,597,1114,0,17,145,645
10/04/2024 14:30,588,1613,0,2,0,1023
10/04/2024 14:45,499,606,0,6,147,248
10/04/2024 15:00,418,184,0,5,239,0
10/04/2024 15:15,726,212,0,1,515,0
10/04/2024 15:30,494,222,0,7,279,0
10/04/2024 15:45,513,234,0,11,290,0
10/04/2024 16:00,366,151,360,0,4,149
10/04/2024 16:15,319,214,311,0,0,206
10/04/2024 16:30,207,165,204,0,0,162
10/04/2024 16:45,199,124,196,0,0,121
10/04/2024 17:00,118,130,111,0,0,123
10/04/2024 17:15,143,103,136,0,0,96
10/04/2024 17:30,66,254,62,0,0,250
10/04/2024 17:45,27,99,21,0,0,93
10/04/2024 18:00,8,113,1,0,0,106
10/04/2024 18:15,0,115,0,4,0,111
10/04/2024 18:30,0,161,0,7,0,154
10/04/2024 18:45,0,125,0,2,0,123
10/04/2024 19:00,0,260,0,5,0,255
10/04/2024 19:15,0,273,0,5,0,268
10/04/2024 19:30,0,246,0,4,0,242
10/04/2024 19:45,0,161,0,4,0,157
10/04/2024 20:00,0,186,0,17,7,176
10/04/2024 20:15,0,202,0,9,0,193
10/04/2024 20:30,0,453,0,10,0,443
10/04/2024 20:45,0,250,0,6,0,244
10/04/2024 21:00,0,186,0,9,0,177
10/04/2024 21:15,0,183,0,9,0,174
10/04/2024 21:30,0,186,0,8,0,178
10/04/2024 21:45,0,223,0,9,0,214
10/04/2024 22:00,0,285,0,7,0,278
10/04/2024 22:15,0,158,0,11,0,147
10/04/2024 22:30,0,127,0,9,0,118
10/04/2024 22:45,0,146,0,10,0,136
10/04/2024 23:00,0,163,0,10,0,153
10/04/2024 23:15,0,106,0,9,0,97
10/04/2024 23:30,0,181,0,8,0,173
10/04/2024 23:45,0,105,0,8,0,97
10/05/2024 00:00,0,86,0,9,0,77
10/05/2024 00:15,0,101,0,10,0,91
10/05/2024 00:30,0,240,0,10,0,230
10/05/2024 00:45,0,114,0,8,0,106
10/05/2024 01:00,0,71,0,7,0,64
10/05/2024 01:15,0,114,0,11,0,103
10/05/2024 01:30,0,106,0,7,0,99
10/05/2024 01:45,0,98,0,8,0,90
10/05/2024 02:00,0,116,0,10,0,106
10/05/2024 02:15,0,208,0,8,0,200
10/05/2024 02:30,0,109,0,9,0,100
10/05/2024 02:45,0,113,0,7,0,106
10/05/2024 03:00,0,75,0,9,0,66
10/05/2024 03:15,0,100,0,8,0,92
10/05/2024 03:30,0,74,0,8,0,66
10/05/2024 03:45,0,120,0,10,0,110
10/05/2024 04:00,0,84,0,8,1,77
10/05/2024 04:15,0,92,0,7,0,85
10/05/2024 04:30,0,99,0,8,0,91
10/05/2024 04:45,0,169,0,7,0,162
10/05/2024 05:00,0,137,0,8,0,129
10/05/2024 05:15,0,71,0,10,0,61
10/05/2024 05:30,0,77,0,7,0,70
10/05/2024 05:45,0,88,0,8,0,80
10/05/2024 06:00,0,78,0,10,0,68
10/05/2024 06:15,0,109,0,8,0,101
10/05/2024 06:30,0,113,0,7,0,106
10/05/2024 06:45,0,153,0,8,0,145
10/05/2024 07:00,14,135,0,6,0,115
10/05/2024 07:15,76,103,0,8,6,25
10/05/2024 07:30,59,90,0,9,0,22
10/05/2024 07:45,93,178,0,11,2,76
10/05/2024 08:00,115,455,0,4,0,336
10/05/2024 08:15,93,260,6,0,4,177
10/05/2024 08:30,73,157,0,4,0,80
10/05/2024 08:45,162,161,0,4,26,21
10/05/2024 09:00,148,175,0,10,8,25
10/05/2024 09:15,118,170,3,0,10,65
10/05/2024 09:30,209,206,0,5,30,22
10/05/2024 09:45,452,113,5,0,334,0
10/05/2024 10:00,470,95,0,2,377,0
10/05/2024 10:15,364,260,0,5,139,30
10/05/2024 10:30,798,223,0,1,576,0
10/05/2024 10:45,978,247,13,0,718,0
10/05/2024 11:00,652,184,17,0,451,0
10/05/2024 11:15,820,1355,0,18,56,573
10/05/2024 11:30,1208,1327,8,0,69,196
10/05/2024 11:45,1030,548,8,0,562,88
10/05/2024 12:00,876,75,54,0,747,0
10/05/2024 12:15,940,73,40,0,827,0
10/05/2024 12:30,1214,122,56,0,1036,0
10/05/2024 12:45,1243,81,59,0,1103,0
10/05/2024 13:00,1265,160,49,0,1056,0
10/05/2024 13:15,1357,164,0,10,1203,0
10/05/2024 13:30,1340,161,0,8,1187,0
10/05/2024 13:45,1217,134,10,0,1073,0
10/05/2024 14:00,971,86,34,0,851,0
10/05/2024 14:15,1035,109,0,12,938,0
10/05/2024 14:30,877,487,0,10,594,194
10/05/2024 14:45,611,429,16,0,263,97
10/05/2024 15:00,696,143,7,0,546,0
10/05/2024 15:15,481,92,1,0,388,0
10/05/2024 15:30,433,224,0,9,218,0
10/05/2024 15:45,417,250,0,25,192,0
10/05/2024 16:00,314,203,315,0,10,214
10/05/2024 16:15,251,85,248,0,0,82
10/05/2024 16:30,158,109,154,0,0,105
10/05/2024 16:45,84,97,79,0,0,92
10/05/2024 17:00,68,66,62,0,0,60
10/05/2024 17:15,52,138,47,0,0,133
10/05/2024 17:30,38,92,31,0,0,85
10/05/2024 17:45,24,156,19,0,0,151
10/05/2024 18:00,9,108,5,0,0,104
10/05/2024 18:15,0,165,0,6,0,159
10/05/2024 18:30,0,141,0,6,0,135
10/05/2024 18:45,0,152,0,7,0,145
10/05/2024 19:00,0,140,0,4,0,136
10/05/2024 19:15,0,190,0,8,0,182
10/05/2024 19:30,0,235,0,6,0,229
10/05/2024 19:45,0,301,0,6,0,295
10/05/2024 20:00,0,302,0,15,6,293
10/05/2024 20:15,0,508,0,14,0,494
10/05/2024 20:30,0,442,0,9,0,433
10/05/2024 20:45,0,540,0,11,0,529
10/05/2024 21:00,0,379,0,8,0,371
10/05/2024 21:15,0,290,0,10,0,280
10/05/2024 21:30,0,201,0,10,0,191
10/05/2024 21:45,0,224,0,6,0,218
10/05/2024 22:00,0,198,0,10,0,188
10/05/2024 22:15,0,197,0,7,0,190
10/05/2024 22:30,0,167,0,9,0,158
10/05/2024 22:45,0,138,0,7,0,131
10/05/2024 23:00,0,199,0,5,0,194
10/05/2024 23:15,0,139,0,11,0,128
10/05/2024 23:30,0,96,0,9,0,87
10/05/2024 23:45,0,114,0,8,0,106
10/06/2024 00:00,0,88,0,10,0,78
10/06/2024 00:15,0,94,0,8,0,86
10/06/2024 00:30,0,94,0,7,0,87
10/06/2024 00:45,0,108,0,9,0,99
10/06/2024 01:00,0,106,0,8,0,98
10/06/2024 01:15,0,70,0,8,0,62
10/06/2024 01:30,0,90,0,10,0,80
10/06/2024 01:45,0,79,0,9,0,70
10/06/2024 02:00,0,117,0,10,0,107
10/06/2024 02:15,0,116,0,8,0,108
10/06/2024 02:30,0,71,0,7,0,64
10/06/2024 02:45,0,75,0,9,0,66
10/06/2024 03:00,0,96,0,10,0,86
10/06/2024 03:15,0,136,0,7,0,129
10/06/2024 03:30,0,95,0,8,0,87
10/06/2024 03:45,0,69,0,7,0,62
10/06/2024 04:00,0,68,0,10,0,58
10/06/2024 04:15,0,80,0,7,0,73
10/06/2024 04:30,0,84,0,8,0,76
10/06/2024 04:45,0,136,0,12,0,124
10/06/2024 05:00,0,96,0,6,0,90
10/06/2024 05:15,0,72,0,9,0,63
10/06/2024 05:30,0,68,0,8,0,60
10/06/2024 05:45,0,76,0,8,0,68
10/06/2024 06:00,0,88,0,8,0,80
10/06/2024 06:15,0,75,0,11,0,64
10/06/2024 06:30,0,103,0,11,0,92
10/06/2024 06:45,0,74,0,6,0,68
10/06/2024 07:00,14,125,0,9,0,102
10/06/2024 07:15,151,73,0,3,83,2
10/06/2024 07:30,243,92,0,4,155,0
10/06/2024 07:45,265,67,0,6,204,0
10/06/2024 08:00,263,325,0,5,28,85
10/06/2024 08:15,272,206,0,2,109,41
10/06/2024 08:30,278,157,0,5,159,33
10/06/2024 08:45,281,89,0,2,194,0
10/06/2024 09:00,395,86,0,5,316,2
10/06/2024 09:15,488,118,0,3,373,0
10/06/2024 09:30,568,159,0,2,411,0
10/06/2024 09:45,690,888,0,7,226,417
10/06/2024 10:00,717,1434,0,4,0,713
10/06/2024 10:15,947,571,0,5,525,144
10/06/2024 10:30,871,102,0,5,774,0
10/06/2024 10:45,1110,114,2,0,994,0
10/06/2024 11:00,846,105,17,0,724,0
10/06/2024 11:15,1333,188,0,4,1149,0
10/06/2024 11:30,1115,171,8,0,936,0
10/06/2024 11:45,1068,130,10,0,928,0
10/06/2024 12:00,1366,118,0,8,1256,0
10/06/2024 12:15,1260,318,15,0,934,7
10/06/2024 12:30,1346,238,0,9,1117,0
10/06/2024 12:45,1345,161,0,2,1186,0
10/06/2024 13:00,1321,125,593,0,603,0
10/06/2024 13:15,1296,150,936,0,210,0
10/06/2024 13:30,1253,156,934,0,163,0
10/06/2024 13:45,1151,222,901,0,28,0
10/06/2024 14:00,1080,201,879,0,0,0
10/06/2024 14:15,958,197,730,0,31,0
10/06/2024 14:30,862,191,663,0,8,0
10/06/2024 14:45,743,163,552,0,28,0
10/06/2024 15:00,621,170,440,0,11,0
10/06/2024 15:15,470,197,267,0,6,0
10/06/2024 15:30,397,155,205,0,37,0
10/06/2024 15:45,345,119,225,0,1,0
10/06/2024 16:00,303,144,294,0,0,135
10/06/2024 16:15,253,111,247,0,0,105
10/06/2024 16:30,167,141,162,0,0,136
10/06/2024 16:45,93,375,83,0,0,365
10/06/2024 17:00,79,318,75,0,0,314
10/06/2024 17:15,60,219,57,0,0,216
10/06/2024 17:30,44,135,40,0,0,131
10/06/2024 17:45,28,220,24,0,0,216
10/06/2024 18:00,7,141,0,0,0,134
10/06/2024 18:15,0,155,0,4,0,151
10/06/2024 18:30,0,141,0,4,0,137
10/06/2024 18:45,0,116,0,6,0,110
10/06/2024 19:00,0,218,0,7,0,211
10/06/2024 19:15,0,259,0,6,0,253
10/06/2024 19:30,0,311,0,6,0,305
10/06/2024 19:45,0,222,0,5,0,217
10/06/2024 20:00,0,191,0,21,10,180
10/06/2024 20:15,0,144,0,10,0,134
10/06/2024 20:30,0,209,0,10,0,199
10/06/2024 20:45,0,172,0,10,0,162
10/06/2024 21:00,0,215,0,10,0,205
10/06/2024 21:15,0,262,0,9,0,253
10/06/2024 21:30,0,224,0,9,0,215
10/06/2024 21:45,0,167,0,8,0,159
10/06/2024 22:00,0,197,0,10,0,187
10/06/2024 22:15,0,179,0,110,0,69
10/06/2024 22:30,0,185,0,185,0,0
10/06/2024 22:45,0,146,0,147,1,0
10/06/2024 23:00,0,101,0,101,0,0
10/06/2024 23:15,0,111,0,111,0,0
10/06/2024 23:30,0,100,0,100,0,0
10/06/2024 23:45,0,83,0,107,24,0
10/07/2024 00:00,0,140,0,177,39,2
10/07/2024 00:15,0,98,0,97,2,3
10/07/2024 00:30,0,73,0,75,2,0
10/07/2024 00:45,0,72,0,72,0,0
10/07/2024 01:00,0,84,0,84,0,0
10/07/2024 01:15,0,135,0,151,16,0
10/07/2024 01:30,0,127,0,139,12,0
10/07/2024 01:45,0,100,0,129,30,1
10/07/2024 02:00,0,80,0,80,0,0
10/07/2024 02:15,0,72,0,72,0,0
10/07/2024 02:30,0,118,0,124,6,0
10/07/2024 02:45,0,98,0,106,8,0
10/07/2024 03:00,0,72,0,86,14,0
10/07/2024 03:15,0,86,0,100,14,0
10/07/2024 03:30,0,107,0,119,12,0
10/07/2024 03:45,0,77,0,79,2,0
10/07/2024 04:00,0,114,0,128,14,0
10/07/2024 04:15,0,72,0,72,0,0
10/07/2024 04:30,0,98,0,112,14,0
10/07/2024 04:45,0,71,0,83,12,0
10/07/2024 05:00,0,91,0,93,2,0
10/07/2024 05:15,0,94,0,106,12,0
10/07/2024 05:30,0,77,0,91,14,0
10/07/2024 05:45,0,128,0,128,0,0
10/07/2024 06:00,0,129,0,141,12,0
10/07/2024 06:15,0,88,0,102,14,0
10/07/2024 06:30,0,70,0,70,0,0
10/07/2024 06:45,0,96,0,102,6,0
10/07/2024 07:00,0,162,0,182,20,0
10/07/2024 07:15,2,86,0,86,2,0
10/07/2024 07:30,25,91,0,82,16,0
10/07/2024 07:45,29,77,0,62,14,0
10/07/2024 08:00,13,92,0,79,0,0
10/07/2024 08:15,18,77,0,59,0,0
10/07/2024 08:30,36,113,0,99,22,0
10/07/2024 08:45,46,144,0,128,30,0
10/07/2024 09:00,82,183,0,171,70,0
10/07/2024 09:15,106,160,0,148,94,0
10/07/2024 09:30,12,238,0,230,4,0
10/07/2024 09:45,9,365,0,356,0,0
10/07/2024 10:00,21,410,0,389,0,0
10/07/2024 10:15,22,553,0,537,6,0
10/07/2024 10:30,68,331,0,353,90,0
10/07/2024 10:45,218,246,0,229,201,0
10/07/2024 11:00,141,218,0,196,119,0
10/07/2024 11:15,236,197,0,183,222,0
10/07/2024 11:30,141,159,0,141,123,0
10/07/2024 11:45,198,171,0,152,179,0
10/07/2024 12:00,132,194,0,179,117,0
10/07/2024 12:15,118,439,0,421,100,0
10/07/2024 12:30,176,177,0,160,159,0
10/07/2024 12:45,128,181,0,165,112,0
10/07/2024 13:00,130,171,0,152,111,0
10/07/2024 13:15,116,177,0,161,100,0
10/07/2024 13:30,146,181,0,164,129,0
10/07/2024 13:45,123,291,0,275,107,0
10/07/2024 14:00,146,151,0,133,128,0
10/07/2024 14:15,272,108,0,87,251,0
10/07/2024 14:30,512,142,0,123,493,0
10/07/2024 14:45,406,371,0,354,389,0
10/07/2024 15:00,448,108,0,91,431,0
10/07/2024 15:15,367,77,0,62,352,0
10/07/2024 15:30,304,155,0,140,289,0
10/07/2024 15:45,174,151,0,137,160,0
10/07/2024 16:00,154,160,172,0,1,179
10/07/2024 16:15,199,194,192,0,0,187
10/07/2024 16:30,157,149,153,0,0,145
10/07/2024 16:45,166,125,160,0,0,119
10/07/2024 17:00,124,92,119,0,0,87
10/07/2024 17:15,47,157,41,0,0,151
10/07/2024 17:30,28,87,23,0,0,82
10/07/2024 17:45,15,256,3,0,0,244
10/07/2024 18:00,0,276,0,2,0,274
10/07/2024 18:15,0,176,0,8,0,168
10/07/2024 18:30,0,134,0,2,0,132
10/07/2024 18:45,0,392,0,7,0,385
10/07/2024 19:00,0,198,0,4,0,194
10/07/2024 19:15,0,156,0,5,0,151
10/07/2024 19:30,0,149,0,6,0,143
10/07/2024 19:45,0,272,0,4,0,268
10/07/2024 20:00,0,154,0,16,8,146
10/07/2024 20:15,0,163,0,8,0,155
10/07/2024 20:30,0,186,0,10,0,176
10/07/2024 20:45,0,157,0,10,0,147
10/07/2024 21:00,0,204,0,9,0,195
10/07/2024 21:15,0,199,0,10,0,189
10/07/2024 21:30,0,264,0,12,0,252
10/07/2024 21:45,0,208,0,8,0,200
10/07/2024 22:00,0,275,0,10,0,265
10/07/2024 22:15,0,274,0,7,0,267
10/07/2024 22:30,0,183,0,9,0,174
10/07/2024 22:45,0,150,0,9,0,141
10/07/2024 23:00,0,151,0,9,0,142
10/07/2024 23:15,0,220,0,7,0,213
10/07/2024 23:30,0,237,0,7,0,230
10/07/2024 23:45,0,169,0,7,0,162
10/08/2024 00:00,0,140,0,9,0,131
10/08/2024 00:15,0,145,0,8,0,137
10/08/2024 00:30,0,124,0,10,0,114
10/08/2024 00:45,0,122,0,7,0,115
10/08/2024 01:00,0,110,0,6,0,104
10/08/2024 01:15,0,72,0,11,0,61
10/08/2024 01:30,0,119,0,8,0,111
10/08/2024 01:45,0,104,0,11,0,93
10/08/2024 02:00,0,130,0,9,0,121
10/08/2024 02:15,0,104,0,6,0,98
10/08/2024 02:30,0,128,0,8,0,120
10/08/2024 02:45,0,116,0,9,0,107
10/08/2024 03:00,0,118,0,9,0,109
10/08/2024 03:15,0,105,0,7,0,98
10/08/2024 03:30,0,83,0,9,0,74
10/08/2024 03:45,0,143,0,10,0,133
10/08/2024 04:00,0,71,0,9,0,62
10/08/2024 04:15,0,70,0,9,0,61
10/08/2024 04:30,0,82,0,9,0,73
10/08/2024 04:45,0,102,0,8,0,94
10/08/2024 05:00,0,120,0,10,0,110
10/08/2024 05:15,0,98,0,8,0,90
10/08/2024 05:30,0,69,0,7,0,62
10/08/2024 05:45,0,70,0,8,0,62
10/08/2024 06:00,0,73,0,7,0,66
10/08/2024 06:15,0,141,0,9,0,132
10/08/2024 06:30,0,115,0,9,0,106
10/08/2024 06:45,0,239,0,4,0,235
10/08/2024 07:00,12,120,0,8,0,100
10/08/2024 07:15,74,111,0,6,25,56
10/08/2024 07:30,213,88,0,3,132,4
10/08/2024 07:45,217,138,0,5,88,4
10/08/2024 08:00,219,277,0,9,70,119
10/08/2024 08:15,224,90,0,6,140,0
10/08/2024 08:30,223,78,0,9,154,0
10/08/2024 08:45,211,73,0,6,144,0
10/08/2024 09:00,355,100,0,7,262,0
10/08/2024 09:15,486,75,0,5,416,0
10/08/2024 09:30,520,148,0,7,381,2
10/08/2024 09:45,606,93,0,6,519,0
10/08/2024 10:00,735,119,0,7,623,0
10/08/2024 10:15,767,363,0,7,414,3
10/08/2024 10:30,807,300,0,6,513,0
10/08/2024 10:45,1000,439,0,2,563,0
10/08/2024 11:00,1151,191,0,5,965,0
10/08/2024 11:15,1141,135,365,0,653,12
10/08/2024 11:30,1247,538,11,0,747,49
10/08/2024 11:45,1300,1402,0,4,51,149
10/08/2024 12:00,1327,263,0,3,1081,14
10/08/2024 12:15,1332,86,0,7,1253,0
10/08/2024 12:30,1322,69,0,7,1260,0
10/08/2024 12:45,1319,84,0,10,1245,0
10/08/2024 13:00,1314,97,0,7,1224,0
10/08/2024 13:15,1293,86,42,0,1165,0
10/08/2024 13:30,1249,73,1020,0,156,0
10/08/2024 13:45,1156,103,1053,0,0,0
10/08/2024 14:00,1075,101,934,0,40,0
10/08/2024 14:15,967,75,892,0,0,0
10/08/2024 14:30,856,177,649,0,30,0
10/08/2024 14:45,728,185,533,0,10,0
10/08/2024 15:00,571,104,462,0,5,0
10/08/2024 15:15,413,86,292,0,35,0
10/08/2024 15:30,391,71,320,0,0,0
10/08/2024 15:45,330,86,204,0,40,0
10/08/2024 16:00,274,96,262,0,2,86
10/08/2024 16:15,243,78,238,0,0,73
10/08/2024 16:30,156,67,151,0,0,62
10/08/2024 16:45,79,83,73,0,0,77
10/08/2024 17:00,62,99,57,0,0,94
10/08/2024 17:15,47,93,42,0,0,88
10/08/2024 17:30,32,97,28,0,0,93
10/08/2024 17:45,19,146,11,0,0,138
10/08/2024 18:00,4,113,0,0,0,109
10/08/2024 18:15,0,123,0,7,0,116
10/08/2024 18:30,0,161,2,0,0,163
10/08/2024 18:45,0,160,0,3,0,157
10/08/2024 19:00,0,185,0,5,0,180
10/08/2024 19:15,0,209,0,9,0,200
10/08/2024 19:30,0,201,0,4,0,197
10/08/2024 19:45,0,322,0,7,0,315
10/08/2024 20:00,0,203,0,20,10,193
10/08/2024 20:15,0,209,0,8,0,201
10/08/2024 20:30,0,197,0,9,0,188
10/08/2024 20:45,0,234,0,8,0,226
10/08/2024 21:00,0,210,0,8,0,202
10/08/2024 21:15,0,171,0,9,0,162
10/08/2024 21:30,0,217,0,8,0,209
10/08/2024 21:45,0,261,0,8,0,253
10/08/2024 22:00,0,244,0,9,0,235
10/08/2024 22:15,0,159,0,7,0,152
10/08/2024 22:30,0,341,0,13,0,328
10/08/2024 22:45,0,327,0,9,0,318
10/08/2024 23:00,0,93,0,5,0,88
10/08/2024 23:15,0,146,0,8,0,138
10/08/2024 23:30,0,231,0,13,0,218
10/08/2024 23:45,0,231,0,9,0,222
10/09/2024 00:00,0,116,0,6,0,110
10/09/2024 00:15,0,101,0,9,0,92
10/09/2024 00:30,0,117,0,11,0,106
10/09/2024 00:45,0,430,0,9,0,421
10/09/2024 01:00,0,84,0,8,0,76
10/09/2024 01:15,0,73,0,6,0,67
10/09/2024 01:30,0,86,0,11,0,75
10/09/2024 01:45,0,372,0,14,0,358
10/09/2024 02:00,0,172,0,8,0,164
10/09/2024 02:15,0,88,0,8,0,80
10/09/2024 02:30,0,93,0,9,0,84
10/09/2024 02:45,0,247,0,15,0,232
10/09/2024 03:00,0,287,0,7,0,280
10/09/2024 03:15,0,85,0,7,0,78
10/09/2024 03:30,0,87,0,5,0,82
10/09/2024 03:45,0,237,0,15,0,222
10/09/2024 04:00,0,272,0,5,0,267
10/09/2024 04:15,0,87,0,8,0,79
10/09/2024 04:30,0,78,0,10,0,68
10/09/2024 04:45,0,466,0,11,0,455
10/09/2024 05:00,0,95,0,9,0,86
10/09/2024 05:15,0,81,0,6,0,75
10/09/2024 05:30,0,111,0,8,0,103
10/09/2024 05:45,0,426,0,12,0,414
10/09/2024 06:00,0,77,0,7,0,70
10/09/2024 06:15,0,75,0,6,0,69
10/09/2024 06:30,0,332,0,16,0,316
10/09/2024 06:45,0,234,0,8,0,226
10/09/2024 07:00,46,152,0,1,9,114
10/09/2024 07:15,137,144,0,5,22,24
10/09/2024 07:30,202,133,0,10,89,10
10/09/2024 07:45,147,81,0,7,73,0
10/09/2024 08:00,211,80,0,7,138,0
10/09/2024 08:15,201,219,0,11,84,91
10/09/2024 08:30,217,306,0,5,32,116
10/09/2024 08:45,200,111,0,4,102,9
10/09/2024 09:00,345,104,0,7,248,0
10/09/2024 09:15,482,169,0,4,317,0
10/09/2024 09:30,517,244,0,8,283,2
10/09/2024 09:45,592,268,0,3,327,0
10/09/2024 10:00,732,166,0,3,569,0
10/09/2024 10:15,761,171,0,5,595,0
10/09/2024 10:30,798,125,0,6,679,0
10/09/2024 10:45,975,160,0,4,819,0
10/09/2024 11:00,1130,149,0,5,986,0
10/09/2024 11:15,1204,372,0,14,846,0
10/09/2024 11:30,1241,228,0,7,1020,0
10/09/2024 11:45,1282,95,0,0,1189,2
10/09/2024 12:00,1019,75,37,0,907,0
10/09/2024 12:15,1077,149,45,0,885,2
10/09/2024 12:30,901,304,33,0,584,20
10/09/2024 12:45,447,429,0,8,140,114
10/09/2024 13:00,876,592,15,0,412,143
10/09/2024 13:15,1152,308,23,0,829,8
10/09/2024 13:30,1171,660,5,0,540,34
10/09/2024 13:45,1233,107,0,6,1132,0
10/09/2024 14:00,1332,91,516,0,725,0
10/09/2024 14:15,524,111,381,0,32,0
10/09/2024 14:30,659,141,514,0,4,0
10/09/2024 14:45,617,152,433,0,32,0
10/09/2024 15:00,394,231,158,0,5,0
10/09/2024 15:15,396,337,106,0,1,48
10/09/2024 15:30,370,162,208,0,0,0
10/09/2024 15:45,216,143,25,0,48,0
10/09/2024 16:00,208,82,194,0,6,74
10/09/2024 16:15,265,120,261,0,0,116
10/09/2024 16:30,253,81,248,0,0,76
10/09/2024 16:45,162,86,156,0,0,80
10/09/2024 17:00,141,106,135,0,0,100
10/09/2024 17:15,126,80,121,0,0,75
10/09/2024 17:30,44,89,41,0,0,86
10/09/2024 17:45,20,171,17,0,0,168
10/09/2024 18:00,2,150,0,2,0,146
10/09/2024 18:15,0,120,0,4,0,116
10/09/2024 18:30,0,131,0,7,0,124
10/09/2024 18:45,0,159,0,4,0,155
10/09/2024 19:00,0,153,0,5,0,148
10/09/2024 19:15,0,254,0,9,0,245
10/09/2024 19:30,0,316,0,2,0,314
10/09/2024 19:45,0,240,0,6,0,234
10/09/2024 20:00,0,553,0,23,12,542
10/09/2024 20:15,0,242,0,8,0,234
10/09/2024 20:30,0,259,0,8,0,251
10/09/2024 20:45,0,275,0,13,0,262
10/09/2024 21:00,0,198,0,8,0,190
10/09/2024 21:15,0,240,0,7,0,233
10/09/2024 21:30,0,150,0,9,0,141
10/09/2024 21:45,0,262,0,8,0,254
10/09/2024 22:00,0,257,0,11,0,246
10/09/2024 22:15,0,269,0,10,0,259
10/09/2024 22:30,0,350,0,9,0,341
10/09/2024 22:45,0,83,0,9,0,74
10/09/2024 23:00,0,139,0,9,0,130
10/09/2024 23:15,0,112,0,11,0,101
10/09/2024 23:30,0,126,0,10,0,116
10/09/2024 23:45,0,82,0,7,0,75
10/10/2024 00:00,0,150,0,12,0,138
10/10/2024 00:15,0,353,0,9,0,344
10/10/2024 00:30,0,83,0,9,0,74
10/10/2024 00:45,0,72,0,10,0,62
10/10/2024 01:00,0,124,0,8,0,116
10/10/2024 01:15,0,102,0,10,0,92
10/10/2024 01:30,0,108,0,12,0,96
10/10/2024 01:45,0,415,0,12,0,403
10/10/2024 02:00,0,99,0,5,0,94
10/10/2024 02:15,0,71,0,9,0,62
10/10/2024 02:30,0,75,0,10,0,65
10/10/2024 02:45,0,214,0,9,0,205
10/10/2024 03:00,0,336,0,9,0,327
10/10/2024 03:15,0,74,0,8,0,66
10/10/2024 03:30,0,72,0,7,0,65
10/10/2024 03:45,0,133,0,11,0,122
10/10/2024 04:00,0,362,0,12,0,350
10/10/2024 04:15,0,142,0,9,0,133
10/10/2024 04:30,0,91,0,7,0,84
10/10/2024 04:45,0,162,0,12,0,150
10/10/2024 05:00,0,332,0,11,0,321
10/10/2024 05:15,0,86,0,8,0,78
10/10/2024 05:30,0,85,0,7,0,78
10/10/2024 05:45,0,122,0,12,0,110
10/10/2024 06:00,0,449,0,9,0,440
10/10/2024 06:15,0,75,0,9,0,66
10/10/2024 06:30,0,71,0,8,0,63
10/10/2024 06:45,0,183,0,14,0,169
10/10/2024 07:00,10,356,0,8,0,338
10/10/2024 07:15,94,103,0,4,13,18
10/10/2024 07:30,163,101,0,6,68,0
10/10/2024 07:45,175,87,0,9,103,6
10/10/2024 08:00,167,292,0,9,40,156
10/10/2024 08:15,175,111,0,2,76,10
10/10/2024 08:30,187,109,0,7,95,10
10/10/2024 08:45,149,83,0,6,79,7
10/10/2024 09:00,311,96,0,4,221,2
10/10/2024 09:15,461,106,0,7,362,0
10/10/2024 09:30,513,143,0,7,377,0
10/10/2024 09:45,602,160,0,9,451,0
10/10/2024 10:00,693,153,36,0,508,4
10/10/2024 10:15,823,855,0,5,317,344
10/10/2024 10:30,794,1438,0,2,0,642
10/10/2024 10:45,848,878,15,0,240,285
10/10/2024 11:00,614,108,2,0,504,0
10/10/2024 11:15,880,75,45,0,760,0
10/10/2024 11:30,1051,96,40,0,915,0
10/10/2024 11:45,1145,80,74,0,991,0
10/10/2024 12:00,996,85,66,0,845,0
10/10/2024 12:15,860,82,27,0,751,0
10/10/2024 12:30,658,148,25,0,495,10
10/10/2024 12:45,1192,110,62,0,1020,0
10/10/2024 13:00,1414,80,35,0,1299,0
10/10/2024 13:15,921,76,39,0,806,0
10/10/2024 13:30,731,104,36,0,591,0
10/10/2024 13:45,864,107,33,0,724,0
10/10/2024 14:00,507,93,0,1,415,0
10/10/2024 14:15,574,83,17,0,474,0
10/10/2024 14:30,846,106,27,0,713,0
10/10/2024 14:45,521,117,23,0,381,0
10/10/2024 15:00,421,231,1,0,189,0
10/10/2024 15:15,386,254,0,0,139,7
10/10/2024 15:30,403,154,2,0,247,0
10/10/2024 15:45,301,144,0,7,164,0
10/10/2024 16:00,211,135,172,0,26,122
10/10/2024 16:15,224,121,219,0,0,116
10/10/2024 16:30,145,138,139,0,0,132
10/10/2024 16:45,122,126,118,0,0,122
10/10/2024 17:00,122,159,116,0,0,153
10/10/2024 17:15,108,146,102,0,0,140
10/10/2024 17:30,50,114,46,0,0,110
10/10/2024 17:45,15,106,10,0,0,101
10/10/2024 18:00,1,108,0,6,0,101
10/10/2024 18:15,0,164,0,6,0,158
10/10/2024 18:30,0,439,0,12,0,427
10/10/2024 18:45,0,284,0,1,0,283
10/10/2024 19:00,0,173,0,7,0,166
10/10/2024 19:15,0,200,0,16,8,192
10/10/2024 19:30,0,236,0,7,0,229
10/10/2024 19:45,0,171,0,8,0,163
10/10/2024 20:00,0,545,0,15,0,530
10/10/2024 20:15,0,426,0,11,0,415
10/10/2024 20:30,0,289,0,10,0,279
10/10/2024 20:45,0,596,0,10,0,586
10/10/2024 21:00,0,334,0,9,0,325
10/10/2024 21:15,0,560,0,14,0,546
10/10/2024 21:30,0,444,0,9,0,435
10/10/2024 21:45,0,236,0,8,0,228
10/10/2024 22:00,0,277,0,11,0,266
10/10/2024 22:15,0,469,0,12,0,457
10/10/2024 22:30,0,241,0,8,0,233
10/10/2024 22:45,0,176,0,8,0,168
10/10/2024 23:00,0,501,0,14,0,487
10/10/2024 23:15,0,99,0,9,0,90
10/10/2024 23:30,0,135,0,6,0,129
10/10/2024 23:45,0,236,0,12,0,224
10/11/2024 00:00,0,342,0,8,0,334
10/11/2024 00:15,0,113,0,7,0,106
10/11/2024 00:30,0,132,0,8,0,124
10/11/2024 00:45,0,440,0,13,0,427
10/11/2024 01:00,0,86,0,9,0,77
10/11/2024 01:15,0,108,0,9,0,99
10/11/2024 01:30,0,414,0,14,0,400
10/11/2024 01:45,0,183,0,7,0,176
10/11/2024 02:00,0,104,0,7,0,97
10/11/2024 02:15,0,416,0,14,0,402
10/11/2024 02:30,0,115,0,8,0,107
10/11/2024 02:45,0,115,0,8,0,107
10/11/2024 03:00,0,376,0,13,0,363
10/11/2024 03:15,0,217,0,8,0,209
10/11/2024 03:30,0,80,0,36,0,44
10/11/2024 03:45,0,361,0,361,0,0
10/11/2024 04:00,0,233,0,233,0,0
10/11/2024 04:15,0,93,0,93,0,0
10/11/2024 04:30,0,437,0,437,0,0
10/11/2024 04:45,0,82,0,98,16,0
10/11/2024 05:00,0,83,0,103,22,2
10/11/2024 05:15,0,475,0,489,20,6
10/11/2024 05:30,0,92,0,92,0,0
10/11/2024 05:45,0,118,0,118,0,0
10/11/2024 06:00,0,412,0,424,12,0
10/11/2024 06:15,0,202,0,218,16,0
10/11/2024 06:30,0,600,0,614,14,0
10/11/2024 06:45,0,440,0,454,14,0
10/11/2024 07:00,10,496,0,487,1,0
10/11/2024 07:15,69,476,0,410,3,0
10/11/2024 07:30,138,330,0,204,12,0
10/11/2024 07:45,155,161,0,26,20,0
10/11/2024 08:00,148,122,16,0,10,0
10/11/2024 08:15,120,92,16,0,12,0
10/11/2024 08:30,166,92,0,2,76,0
10/11/2024 08:45,118,132,0,18,4,0
10/11/2024 09:00,255,110,6,0,139,0
10/11/2024 09:15,424,115,0,5,314,0
10/11/2024 09:30,497,419,0,11,109,20
10/11/2024 09:45,548,625,0,11,44,110
10/11/2024 10:00,686,504,0,3,188,3
10/11/2024 10:15,739,432,0,6,313,0
10/11/2024 10:30,771,376,0,6,401,0
10/11/2024 10:45,932,278,0,1,655,0
10/11/2024 11:00,1101,101,0,5,1005,0
10/11/2024 11:15,1175,103,0,6,1078,0
10/11/2024 11:30,1213,107,0,7,1113,0
10/11/2024 11:45,1247,374,0,11,884,0
10/11/2024 12:00,1275,118,0,4,1161,0
10/11/2024 12:15,1275,87,0,9,1197,0
10/11/2024 12:30,1261,78,0,9,1192,0
10/11/2024 12:45,1258,97,0,8,1169,0
10/11/2024 13:00,1252,241,0,15,1026,0
10/11/2024 13:15,1228,472,0,5,761,0
10/11/2024 13:30,1184,116,0,9,1077,0
10/11/2024 13:45,1094,76,0,8,1026,0
10/11/2024 14:00,1021,84,558,0,379,0
10/11/2024 14:15,916,113,803,0,0,0
10/11/2024 14:30,800,98,670,0,32,0
10/11/2024 14:45,677,75,594,0,8,0
10/11/2024 15:00,532,97,435,0,0,0
10/11/2024 15:15,399,82,277,0,40,0
10/11/2024 15:30,357,100,257,0,0,0
10/11/2024 15:45,316,106,170,0,40,0
10/11/2024 16:00,274,75,265,0,0,66
10/11/2024 16:15,227,92,222,0,0,87
10/11/2024 16:30,165,311,154,0,0,300
10/11/2024 16:45,108,333,104,0,0,329
10/11/2024 17:00,84,109,80,0,0,105
10/11/2024 17:15,58,80,54,0,0,76
10/11/2024 17:30,40,90,34,0,0,84
10/11/2024 17:45,15,121,11,0,0,117
10/11/2024 18:00,1,107,0,6,0,100
10/11/2024 18:15,0,134,0,6,0,128
10/11/2024 18:30,0,362,0,22,12,352
10/11/2024 18:45,0,110,0,10,0,100
10/11/2024 19:00,0,430,0,11,0,419
10/11/2024 19:15,0,263,0,10,0,253
10/11/2024 19:30,0,253,0,6,0,247
10/11/2024 19:45,0,192,0,9,0,183
10/11/2024 20:00,0,226,0,9,0,217
10/11/2024 20:15,0,526,0,11,0,515
10/11/2024 20:30,0,273,0,10,0,263
10/11/2024 20:45,0,668,0,16,0,652
10/11/2024 21:00,0,1577,0,8,0,1569
10/11/2024 21:15,0,1125,0,4,0,1121
10/11/2024 21:30,0,217,0,8,0,209
10/11/2024 21:45,0,196,0,11,0,185
10/11/2024 22:00,0,558,0,9,0,549
10/11/2024 22:15,0,164,0,10,0,154
10/11/2024 22:30,0,165,0,8,0,157
10/11/2024 22:45,0,195,0,6,0,189
10/11/2024 23:00,0,165,0,8,0,157
10/11/2024 23:15,0,156,0,9,6,153
10/11/2024 23:30,0,177,0,9,0,168
10/11/2024 23:45,0,443,0,12,0,431
10/12/2024 00:00,0,155,0,7,0,148
10/12/2024 00:15,0,86,0,6,0,80
10/12/2024 00:30,0,126,0,9,0,117
10/12/2024 00:45,0,101,0,6,0,95
10/12/2024 01:00,0,104,0,8,0,96
10/12/2024 01:15,0,409,0,14,0,395
10/12/2024 01:30,0,172,0,9,0,163
10/12/2024 01:45,0,122,0,7,0,115
10/12/2024 02:00,0,102,0,8,0,94
10/12/2024 02:15,0,77,0,7,0,70
10/12/2024 02:30,0,171,0,13,0,158
10/12/2024 02:45,0,465,0,10,0,455
10/12/2024 03:00,0,76,0,9,0,67
10/12/2024 03:15,0,97,0,9,0,88
10/12/2024 03:30,0,131,0,9,0,122
10/12/2024 03:45,0,77,0,76,2,3
10/12/2024 04:00,0,457,0,457,0,0
10/12/2024 04:15,0,139,0,139,0,0
10/12/2024 04:30,0,89,0,89,0,0
10/12/2024 04:45,0,136,0,140,4,0
10/12/2024 05:00,0,81,0,93,12,0
10/12/2024 05:15,0,318,0,358,42,2
10/12/2024 05:30,0,244,0,249,7,2
10/12/2024 05:45,0,82,0,83,1,0
10/12/2024 06:00,0,78,0,78,0,0
10/12/2024 06:15,0,138,0,138,0,0
10/12/2024 06:30,0,258,0,280,22,0
10/12/2024 06:45,0,300,0,306,6,0
10/12/2024 07:00,8,455,0,461,14,0
10/12/2024 07:15,54,379,0,341,16,0
10/12/2024 07:30,101,336,0,235,0,0
10/12/2024 07:45,139,333,0,196,2,0
10/12/2024 08:00,131,479,0,370,22,0
10/12/2024 08:15,118,250,0,134,2,0
10/12/2024 08:30,162,124,26,0,12,0
10/12/2024 08:45,124,88,10,0,26,0
10/12/2024 09:00,239,98,1,0,140,0
10/12/2024 09:15,408,104,0,6,310,0
10/12/2024 09:30,482,148,0,7,341,0
10/12/2024 09:45,547,191,0,6,364,2
10/12/2024 10:00,662,397,0,0,269,4
10/12/2024 10:15,736,288,0,7,455,0
10/12/2024 10:30,768,458,0,9,319,0
10/12/2024 10:45,946,172,1,0,773,0
10/12/2024 11:00,1109,102,0,7,1014,0
10/12/2024 11:15,1174,131,0,8,1051,0
10/12/2024 11:30,1207,102,0,5,1110,0
10/12/2024 11:45,1241,80,0,7,1168,0
10/12/2024 12:00,1271,140,0,5,1136,0
10/12/2024 12:15,1281,112,0,7,1176,0
10/12/2024 12:30,1271,74,0,8,1205,0
10/12/2024 12:45,1266,77,0,6,1195,0
10/12/2024 13:00,1256,94,0,9,1171,0
10/12/2024 13:15,1225,99,0,9,1135,0
10/12/2024 13:30,1198,101,300,0,797,0
10/12/2024 13:45,1130,88,1040,0,2,0
10/12/2024 14:00,1053,87,966,0,0,0
10/12/2024 14:15,945,125,780,0,40,0
10/12/2024 14:30,834,99,735,0,0,0
10/12/2024 14:45,704,110,554,0,40,0
10/12/2024 15:00,554,126,428,0,0,0
10/12/2024 15:15,399,94,273,0,32,0
10/12/2024 15:30,367,128,231,0,8,0
10/12/2024 15:45,319,165,154,0,0,0
10/12/2024 16:00,279,111,269,0,0,101
10/12/2024 16:15,231,126,224,0,0,119
10/12/2024 16:30,151,110,147,0,0,106
10/12/2024 16:45,83,88,78,0,0,83
10/12/2024 17:00,68,117,61,0,0,110
10/12/2024 17:15,47,104,43,0,0,100
10/12/2024 17:30,31,112,24,0,0,105
10/12/2024 17:45,14,144,9,0,0,139
10/12/2024 18:00,2,137,0,3,0,132
10/12/2024 18:15,0,114,0,6,0,108
10/12/2024 18:30,0,143,0,6,0,137
10/12/2024 18:45,0,130,0,4,0,126
10/12/2024 19:00,0,194,0,8,0,186
10/12/2024 19:15,0,277,0,8,0,269
10/12/2024 19:30,0,404,0,3,0,401
10/12/2024 19:45,0,271,0,3,0,268
10/12/2024 20:00,0,240,0,15,8,233
10/12/2024 20:15,0,196,0,12,0,184
10/12/2024 20:30,0,172,0,7,0,165
10/12/2024 20:45,0,210,0,8,0,202
10/12/2024 21:00,0,182,0,11,0,171
10/12/2024 21:15,0,198,0,9,0,189
10/12/2024 21:30,0,198,0,8,0,190
10/12/2024 21:45,0,254,0,10,0,244
10/12/2024 22:00,0,412,0,13,0,399
10/12/2024 22:15,0,269,0,8,0,261
10/12/2024 22:30,0,113,0,8,0,105
10/12/2024 22:45,0,131,0,8,0,123
10/12/2024 23:00,0,164,0,10,0,154
10/12/2024 23:15,0,193,0,6,0,187
10/12/2024 23:30,0,141,0,8,0,133
10/12/2024 23:45,0,136,0,9,0,127
10/13/2024 00:00,0,457,0,365,1,93
10/13/2024 00:15,0,235,0,235,0,0
10/13/2024 00:30,0,99,0,99,0,0
10/13/2024 00:45,0,124,0,125,1,0
10/13/2024 01:00,0,100,0,102,2,0
10/13/2024 01:15,0,80,0,80,0,0
10/13/2024 01:30,0,432,0,460,28,0
10/13/2024 01:45,0,285,0,309,32,8
10/13/2024 02:00,0,94,0,94,0,0
10/13/2024 02:15,0,138,0,138,0,0
10/13/2024 02:30,0,74,0,74,0,0
10/13/2024 02:45,0,333,0,335,2,0
10/13/2024 03:00,0,389,0,407,18,0
10/13/2024 03:15,0,76,0,94,18,0
10/13/2024 03:30,0,99,0,126,27,0
10/13/2024 03:45,0,126,0,126,0,0
10/13/2024 04:00,0,533,0,534,1,0
10/13/2024 04:15,0,193,0,207,14,0
10/13/2024 04:30,0,99,0,99,0,0
10/13/2024 04:45,0,74,0,88,14,0
10/13/2024 05:00,0,383,0,395,12,0
10/13/2024 05:15,0,403,0,415,12,0
10/13/2024 05:30,0,78,0,79,1,0
10/13/2024 05:45,0,74,0,87,13,0
10/13/2024 06:00,0,377,0,379,2,0
10/13/2024 06:15,0,447,0,459,12,0
10/13/2024 06:30,0,92,0,106,14,0
10/13/2024 06:45,0,102,0,102,0,0
10/13/2024 07:00,2,467,0,481,16,0
10/13/2024 07:15,0,613,0,623,10,0
10/13/2024 07:30,21,408,0,389,2,0
10/13/2024 07:45,28,472,0,454,10,0
10/13/2024 08:00,17,732,0,730,15,0
10/13/2024 08:15,38,324,0,287,1,0
10/13/2024 08:30,94,113,0,39,20,0
10/13/2024 08:45,96,142,0,50,4,0
10/13/2024 09:00,90,111,0,21,0,0
10/13/2024 09:15,105,115,0,24,14,0
10/13/2024 09:30,57,88,0,45,14,0
10/13/2024 09:45,84,88,0,17,13,0
10/13/2024 10:00,111,94,10,0,7,0
10/13/2024 10:15,184,364,0,187,7,0
10/13/2024 10:30,133,527,0,407,13,0
10/13/2024 10:45,102,493,0,401,10,0
10/13/2024 11:00,357,520,0,180,17,0
10/13/2024 11:15,213,404,0,191,0,0
10/13/2024 11:30,102,356,0,258,4,0
10/13/2024 11:45,101,264,0,175,12,0
10/13/2024 12:00,137,464,0,337,10,0
10/13/2024 12:15,143,297,0,181,27,0
10/13/2024 12:30,142,105,14,0,23,0
10/13/2024 12:45,200,352,0,156,4,0
10/13/2024 13:00,282,681,0,579,180,0
10/13/2024 13:15,247,569,0,554,232,0
10/13/2024 13:30,140,350,0,338,128,0
10/13/2024 13:45,60,516,0,498,42,0
10/13/2024 14:00,60,266,0,250,44,0
10/13/2024 14:15,67,689,0,670,48,0
10/13/2024 14:30,106,161,0,144,89,0
10/13/2024 14:45,86,160,0,143,69,0
10/13/2024 15:00,58,261,0,245,42,0
10/13/2024 15:15,59,390,0,373,42,0
10/13/2024 15:30,58,147,0,131,42,0
10/13/2024 15:45,43,90,0,74,27,0
10/13/2024 16:00,46,88,58,0,2,102
10/13/2024 16:15,42,111,37,0,0,106
10/13/2024 16:30,51,428,38,0,0,415
10/13/2024 16:45,21,494,19,0,0,492
10/13/2024 17:00,11,130,7,0,0,126
10/13/2024 17:15,0,108,0,4,0,104
10/13/2024 17:30,0,157,0,5,0,152
10/13/2024 17:45,0,121,0,2,0,119
10/13/2024 18:00,0,120,0,6,0,114
10/13/2024 18:15,0,172,0,8,0,164
10/13/2024 18:30,0,818,0,9,0,809
10/13/2024 18:45,0,422,1,0,0,423
10/13/2024 19:00,0,251,0,4,0,247
10/13/2024 19:15,0,471,0,9,0,462
10/13/2024 19:30,0,144,0,1,0,143
10/13/2024 19:45,0,123,0,6,0,117
10/13/2024 20:00,0,390,0,352,25,63
10/13/2024 20:15,0,410,0,410,0,0
10/13/2024 20:30,0,155,0,155,0,0
10/13/2024 20:45,0,465,0,465,0,0
10/13/2024 21:00,0,485,0,485,0,0
10/13/2024 21:15,0,236,0,240,4,0
10/13/2024 21:30,0,185,0,236,51,0
10/13/2024 21:45,0,288,0,311,23,0
10/13/2024 22:00,0,575,0,575,0,0
10/13/2024 22:15,0,211,0,211,0,0
10/13/2024 22:30,0,149,0,149,0,0
10/13/2024 22:45,0,265,0,265,0,0
10/13/2024 23:00,0,570,0,570,0,0
10/13/2024 23:15,0,274,0,276,2,0
10/13/2024 23:30,0,149,0,149,0,0
10/13/2024 23:45,0,128,0,128,0,0
10/14/2024 00:00,0,475,0,482,7,0
10/14/2024 00:15,0,187,0,224,37,0
10/14/2024 00:30,0,76,0,82,6,0
10/14/2024 00:45,0,84,0,102,18,0
10/14/2024 01:00,0,293,0,301,8,0
10/14/2024 01:15,0,327,0,327,0,0
10/14/2024 01:30,0,174,0,176,2,0
10/14/2024 01:45,0,384,0,384,0,0
10/14/2024 02:00,0,229,0,230,1,0
10/14/2024 02:15,0,275,0,276,1,0
10/14/2024 02:30,0,75,0,76,1,0
10/14/2024 02:45,0,97,0,98,1,0
10/14/2024 03:00,0,164,0,166,2,0
10/14/2024 03:15,0,434,0,473,39,0
10/14/2024 03:30,0,97,0,108,11,0
10/14/2024 03:45,0,77,0,77,0,0
10/14/2024 04:00,0,319,0,328,9,0
10/14/2024 04:15,0,413,0,433,20,0
10/14/2024 04:30,0,90,0,92,2,0
10/14/2024 04:45,0,71,0,75,4,0
10/14/2024 05:00,0,140,0,145,5,0
10/14/2024 05:15,0,456,0,459,3,0
10/14/2024 05:30,0,118,0,121,3,0
10/14/2024 05:45,0,73,0,76,3,0
10/14/2024 06:00,0,132,0,135,3,0
10/14/2024 06:15,0,410,0,446,36,0
10/14/2024 06:30,0,77,0,94,17,0
10/14/2024 06:45,0,106,0,110,4,0
10/14/2024 07:00,0,538,0,542,4,0
10/14/2024 07:15,0,568,0,574,6,0
10/14/2024 07:30,24,771,0,766,19,0
10/14/2024 07:45,60,471,0,454,43,0
10/14/2024 08:00,19,384,0,375,10,0
10/14/2024 08:15,25,218,0,207,14,0
10/14/2024 08:30,48,121,0,105,32,0
10/14/2024 08:45,42,161,0,146,27,0
10/14/2024 09:00,48,150,0,133,31,0
10/14/2024 09:15,76,81,0,64,59,0
10/14/2024 09:30,116,101,0,85,100,0
10/14/2024 09:45,83,75,0,60,68,0
10/14/2024 10:00,74,134,0,116,56,0
10/14/2024 10:15,81,444,0,427,64,0
10/14/2024 10:30,99,449,0,431,81,0
10/14/2024 10:45,110,302,0,286,94,0
10/14/2024 11:00,154,325,0,308,137,0
10/14/2024 11:15,80,331,0,315,64,0
10/14/2024 11:30,52,76,0,60,36,0
10/14/2024 11:45,71,71,0,54,54,0
10/14/2024 12:00,64,83,0,66,47,0
10/14/2024 12:15,140,94,0,75,121,0
10/14/2024 12:30,143,354,0,336,125,0
10/14/2024 12:45,143,359,0,343,127,0
10/14/2024 13:00,208,416,0,394,186,0
10/14/2024 13:15,324,263,0,247,308,0
10/14/2024 13:30,278,72,0,53,259,0
10/14/2024 13:45,222,102,0,87,207,0
10/14/2024 14:00,102,77,0,61,86,0
10/14/2024 14:15,77,100,0,82,59,0
10/14/2024 14:30,113,317,0,297,93,0
10/14/2024 14:45,100,353,0,339,86,0
10/14/2024 15:00,129,73,0,51,107,0
10/14/2024 15:15,230,121,0,103,212,0
10/14/2024 15:30,197,697,0,681,181,0
10/14/2024 15:45,199,414,0,398,183,0
10/14/2024 16:00,221,351,200,0,12,342
10/14/2024 16:15,197,212,193,0,0,208
10/14/2024 16:30,154,477,153,0,0,476
10/14/2024 16:45,105,129,99,0,0,123
10/14/2024 17:00,75,131,70,0,0,126
10/14/2024 17:15,40,126,36,0,0,122
10/14/2024 17:30,14,140,8,0,0,134
10/14/2024 17:45,0,111,0,0,0,111
10/14/2024 18:00,0,144,0,6,0,138
10/14/2024 18:15,0,145,0,4,0,141
10/14/2024 18:30,0,168,0,9,0,159
10/14/2024 18:45,0,177,0,3,0,174
10/14/2024 19:00,0,173,0,6,0,167
10/14/2024 19:15,0,175,0,5,0,170
10/14/2024 19:30,0,157,0,6,0,151
10/14/2024 19:45,0,150,0,12,6,144
10/14/2024 20:00,0,530,0,12,0,518
10/14/2024 20:15,0,971,0,58,0,913
10/14/2024 20:30,0,1001,0,294,0,707
10/14/2024 20:45,0,1928,0,1819,40,149
10/14/2024 21:00,0,1308,0,1416,108,0
10/14/2024 21:15,0,301,0,345,44,0
10/14/2024 21:30,0,329,0,358,29,0
10/14/2024 21:45,0,475,0,534,59,0
10/14/2024 22:00,0,202,0,237,35,0
10/14/2024 22:15,0,212,0,225,13,0
10/14/2024 22:30,0,591,0,621,30,0
10/14/2024 22:45,0,267,0,298,31,0
10/14/2024 23:00,0,448,0,477,29,0
10/14/2024 23:15,0,196,0,250,54,0
10/14/2024 23:30,0,431,0,439,8,0
10/14/2024 23:45,0,91,0,105,14,0
10/15/2024 00:00,0,132,0,134,2,0
10/15/2024 00:15,0,218,0,218,0,0
10/15/2024 00:30,0,532,0,532,0,0
10/15/2024 00:45,0,74,0,90,16,0
10/15/2024 01:00,0,361,0,371,10,0
10/15/2024 01:15,0,576,0,578,2,0
10/15/2024 01:30,0,126,0,139,13,0
10/15/2024 01:45,0,102,0,102,0,0
10/15/2024 02:00,0,212,0,243,31,0
10/15/2024 02:15,0,569,0,607,38,0
10/15/2024 02:30,0,95,0,108,13,0
10/15/2024 02:45,0,387,0,387,0,0
10/15/2024 03:00,0,520,0,520,0,0
10/15/2024 03:15,0,84,0,94,10,0
10/15/2024 03:30,0,81,0,84,3,0
10/15/2024 03:45,0,444,0,458,14,0
10/15/2024 04:00,0,339,0,352,13,0
10/15/2024 04:15,0,400,0,401,1,0
10/15/2024 04:30,0,333,0,334,1,0
10/15/2024 04:45,0,434,0,440,6,0
10/15/2024 05:00,0,71,0,99,28,0
10/15/2024 05:15,0,209,0,231,22,0
10/15/2024 05:30,0,607,0,617,10,0
10/15/2024 05:45,0,282,0,284,2,0
10/15/2024 06:00,0,518,0,518,0,0
10/15/2024 06:15,0,599,0,601,2,0
10/15/2024 06:30,0,632,0,632,0,0
10/15/2024 06:45,0,583,0,597,14,0
10/15/2024 07:00,4,907,0,919,16,0
10/15/2024 07:15,20,140,0,132,12,0
10/15/2024 07:30,41,200,0,187,28,0
10/15/2024 07:45,80,657,0,641,64,0
10/15/2024 08:00,76,598,0,582,60,0
10/15/2024 08:15,89,494,0,478,73,0
10/15/2024 08:30,137,388,0,371,120,0
10/15/2024 08:45,97,358,0,344,83,0
10/15/2024 09:00,142,350,0,332,124,0
10/15/2024 09:15,337,351,0,332,318,0
10/15/2024 09:30,484,376,0,341,462,13
10/15/2024 09:45,520,459,0,2,78,15
10/15/2024 10:00,647,168,0,1,480,0
10/15/2024 10:15,738,118,0,5,625,0
10/15/2024 10:30,779,1335,0,19,111,648
10/15/2024 10:45,685,1319,0,348,205,491
10/15/2024 11:00,1034,335,0,2,730,29
10/15/2024 11:15,1223,129,0,13,1107,0
10/15/2024 11:30,1220,114,71,0,1035,0
10/15/2024 11:45,952,80,30,0,842,0
10/15/2024 12:00,1338,74,67,0,1197,0
10/15/2024 12:15,1361,101,36,0,1224,0
10/15/2024 12:30,1207,86,112,0,1009,0
10/15/2024 12:45,1052,69,61,0,922,0
10/15/2024 13:00,656,71,0,6,591,0
10/15/2024 13:15,1018,344,0,8,682,0
10/15/2024 13:30,746,438,2,0,321,15
10/15/2024 13:45,1113,96,33,0,984,0
10/15/2024 14:00,737,100,38,0,599,0
10/15/2024 14:15,470,118,2,0,354,4
10/15/2024 14:30,480,110,0,5,375,0
10/15/2024 14:45,646,82,0,2,566,0
10/15/2024 15:00,603,385,0,16,244,10
10/15/2024 15:15,423,512,0,5,30,114
10/15/2024 15:30,357,360,0,9,32,26
10/15/2024 15:45,415,331,0,3,96,9
10/15/2024 16:00,349,98,144,0,154,47
10/15/2024 16:15,203,72,197,0,0,66
10/15/2024 16:30,114,71,110,0,0,67
10/15/2024 16:45,76,87,71,0,0,82
10/15/2024 17:00,69,264,57,0,0,252
10/15/2024 17:15,63,496,60,0,0,493
10/15/2024 17:30,34,295,32,0,0,293
10/15/2024 17:45,14,135,9,0,0,130
10/15/2024 18:00,0,190,0,6,0,184
10/15/2024 18:15,0,175,0,5,0,170
10/15/2024 18:30,0,132,0,6,0,126
10/15/2024 18:45,0,136,0,5,0,131
10/15/2024 19:00,0,138,0,6,0,132
10/15/2024 19:15,0,277,0,14,8,271
10/15/2024 19:30,0,252,0,6,0,246
10/15/2024 19:45,0,161,0,7,0,154
10/15/2024 20:00,0,179,0,9,0,170
10/15/2024 20:15,1,509,0,12,0,496
10/15/2024 20:30,0,604,0,7,0,597
10/15/2024 20:45,0,422,0,5,0,417
10/15/2024 21:00,0,507,0,4,0,503
10/15/2024 21:15,0,272,0,9,0,263
10/15/2024 21:30,0,285,0,8,0,277
10/15/2024 21:45,0,460,0,7,0,453
10/15/2024 22:00,0,147,0,8,0,139
10/15/2024 22:15,0,163,0,8,0,155
10/15/2024 22:30,0,526,0,10,0,516
10/15/2024 22:45,0,142,0,8,0,134
10/15/2024 23:00,0,301,0,11,0,290
10/15/2024 23:15,0,511,0,9,0,502
10/15/2024 23:30,0,208,0,4,0,204
10/15/2024 23:45,0,105,0,7,0,98
10/16/2024 00:00,0,77,0,7,0,70
10/16/2024 00:15,0,436,0,13,0,423
10/16/2024 00:30,0,257,0,6,0,251
10/16/2024 00:45,0,95,0,7,0,88
10/16/2024 01:00,0,106,0,10,0,96
10/16/2024 01:15,0,542,0,16,0,526
10/16/2024 01:30,0,499,0,318,1,182
10/16/2024 01:45,0,96,0,111,17,2
10/16/2024 02:00,0,126,0,126,0,0
10/16/2024 02:15,0,427,0,427,0,0
10/16/2024 02:30,0,125,0,125,0,0
10/16/2024 02:45,0,76,0,76,0,0
10/16/2024 03:00,0,307,0,323,16,0
10/16/2024 03:15,0,586,0,627,46,5
10/16/2024 03:30,0,306,0,307,1,0
10/16/2024 03:45,0,120,0,120,0,0
10/16/2024 04:00,0,469,0,469,0,0
10/16/2024 04:15,0,103,0,104,1,0
10/16/2024 04:30,0,73,0,88,15,0
10/16/2024 04:45,0,242,0,275,33,0
10/16/2024 05:00,0,520,0,527,7,0
10/16/2024 05:15,0,381,0,382,1,0
10/16/2024 05:30,0,270,0,270,0,0
10/16/2024 05:45,0,399,0,399,0,0
10/16/2024 06:00,0,80,0,96,16,0
10/16/2024 06:15,0,72,0,95,23,0
10/16/2024 06:30,0,396,0,399,3,0
10/16/2024 06:45,0,324,0,336,12,0
10/16/2024 07:00,0,648,0,648,0,0
10/16/2024 07:15,12,757,0,747,2,0
10/16/2024 07:30,35,138,0,131,28,0
10/16/2024 07:45,66,246,0,195,15,0
10/16/2024 08:00,67,685,0,619,1,0
10/16/2024 08:15,88,693,0,608,3,0
10/16/2024 08:30,137,639,0,514,12,0
10/16/2024 08:45,95,733,0,639,1,0
10/16/2024 09:00,121,582,0,485,24,0
10/16/2024 09:15,304,401,0,109,12,0
10/16/2024 09:30,459,363,39,0,57,0
10/16/2024 09:45,477,194,0,4,287,0
10/16/2024 10:00,637,160,0,3,480,0
10/16/2024 10:15,717,92,0,6,631,0
10/16/2024 10:30,759,190,0,9,578,0
10/16/2024 10:45,1046,485,15,0,546,0
10/16/2024 11:00,766,1235,7,0,201,677
10/16/2024 11:15,780,1422,4,0,17,663
10/16/2024 11:30,873,666,9,0,338,140
10/16/2024 11:45,639,113,0,3,529,0
10/16/2024 12:00,964,85,32,0,847,0
10/16/2024 12:15,788,77,37,0,674,0
10/16/2024 12:30,894,423,15,0,456,0
10/16/2024 12:45,775,440,41,0,303,9
10/16/2024 13:00,810,321,34,0,455,0
10/16/2024 13:15,740,216,43,0,481,0
10/16/2024 13:30,1458,71,12,0,1375,0
10/16/2024 13:45,1053,67,17,0,969,0
10/16/2024 14:00,856,104,35,0,719,2
10/16/2024 14:15,953,99,0,6,860,0
10/16/2024 14:30,717,104,9,0,604,0
10/16/2024 14:45,581,68,10,0,503,0
10/16/2024 15:00,598,72,0,4,530,0
10/16/2024 15:15,350,311,0,15,104,50
10/16/2024 15:30,306,458,0,111,90,131
10/16/2024 15:45,297,137,0,121,281,0
10/16/2024 16:00,256,94,253,0,15,106
10/16/2024 16:15,208,116,203,0,0,111
10/16/2024 16:30,136,125,131,0,0,120
10/16/2024 16:45,73,147,69,0,0,143
10/16/2024 17:00,58,308,45,0,0,295
10/16/2024 17:15,36,793,35,0,0,792
10/16/2024 17:30,21,752,28,0,0,759
10/16/2024 17:45,6,450,1,0,0,445
10/16/2024 18:00,0,377,0,6,0,371
10/16/2024 18:15,0,386,0,8,0,378
10/16/2024 18:30,0,713,6,0,0,719
10/16/2024 18:45,0,396,0,7,0,389
10/16/2024 19:00,0,378,0,6,0,372
10/16/2024 19:15,0,362,0,7,0,355
10/16/2024 19:30,0,466,0,7,0,459
10/16/2024 19:45,0,502,0,4,0,498
10/16/2024 20:00,0,591,0,14,5,582
10/16/2024 20:15,0,463,0,5,0,458
10/16/2024 20:30,0,406,0,8,0,398
10/16/2024 20:45,0,473,0,3,0,470
10/16/2024 21:00,0,223,0,19,0,204
10/16/2024 21:15,0,154,0,159,5,0
10/16/2024 21:30,0,175,0,179,4,0
10/16/2024 21:45,0,227,0,228,1,0
10/16/2024 22:00,0,194,0,195,1,0
10/16/2024 22:15,0,326,0,326,0,0
10/16/2024 22:30,0,392,0,416,24,0
10/16/2024 22:45,0,98,0,130,38,6
10/16/2024 23:00,0,94,0,94,0,0
10/16/2024 23:15,0,116,0,116,0,0
10/16/2024 23:30,0,166,0,166,0,0
10/16/2024 23:45,0,557,0,557,0,0
10/17/2024 00:00,0,172,0,188,16,0
10/17/2024 00:15,0,75,0,103,28,0
10/17/2024 00:30,0,73,0,115,42,0
10/17/2024 00:45,0,169,0,199,30,0
10/17/2024 01:00,0,540,0,571,31,0
10/17/2024 01:15,0,189,0,220,31,0
10/17/2024 01:30,0,110,0,153,43,0
10/17/2024 01:45,0,75,0,91,16,0
10/17/2024 02:00,0,434,0,441,7,0
10/17/2024 02:15,0,371,0,383,12,0
10/17/2024 02:30,0,102,0,102,0,0
10/17/2024 02:45,0,75,0,84,9,0
10/17/2024 03:00,0,366,0,372,6,0
10/17/2024 03:15,0,401,0,412,11,0
10/17/2024 03:30,0,179,0,192,13,0
10/17/2024 03:45,0,556,0,556,0,0
10/17/2024 04:00,0,523,0,537,14,0
10/17/2024 04:15,0,108,0,121,13,0
10/17/2024 04:30,0,76,0,76,0,0
10/17/2024 04:45,0,351,0,364,13,0
10/17/2024 05:00,0,361,0,374,13,0
10/17/2024 05:15,0,88,0,88,0,0
10/17/2024 05:30,0,86,0,87,1,0
10/17/2024 05:45,0,618,0,642,24,0
10/17/2024 06:00,0,455,0,455,0,0
10/17/2024 06:15,0,337,0,350,13,0
10/17/2024 06:30,0,288,0,300,12,0
10/17/2024 06:45,0,328,0,329,1,0
10/17/2024 07:00,2,939,0,946,9,0
10/17/2024 07:15,15,769,0,766,12,0
10/17/2024 07:30,39,117,0,91,13,0
10/17/2024 07:45,68,685,0,630,13,0
10/17/2024 08:00,75,625,0,560,10,0
10/17/2024 08:15,95,561,0,468,2,0
10/17/2024 08:30,138,436,0,312,14,0
10/17/2024 08:45,106,416,0,310,0,0
10/17/2024 09:00,117,362,0,259,14,0
10/17/2024 09:15,258,381,0,135,12,0
10/17/2024 09:30,439,407,18,0,14,0
10/17/2024 09:45,500,399,15,0,86,0
10/17/2024 10:00,606,477,0,6,277,142
10/17/2024 10:15,730,1507,0,674,3,106
10/17/2024 10:30,712,1777,0,1065,0,0
10/17/2024 10:45,740,167,30,0,545,2
10/17/2024 11:00,850,113,26,0,711,0
10/17/2024 11:15,1009,415,9,0,585,0
10/17/2024 11:30,823,325,23,0,479,4
10/17/2024 11:45,950,120,7,0,823,0
10/17/2024 12:00,812,106,3,0,703,0
10/17/2024 12:15,786,90,27,0,669,0
10/17/2024 12:30,1043,192,35,0,825,9
10/17/2024 12:45,830,167,0,5,668,0
10/17/2024 13:00,857,75,0,9,791,0
10/17/2024 13:15,819,654,0,18,208,25
10/17/2024 13:30,798,636,0,2,189,25
10/17/2024 13:45,1003,745,0,4,314,52
10/17/2024 14:00,858,153,0,9,714,0
10/17/2024 14:15,506,75,0,8,439,0
10/17/2024 14:30,596,79,0,7,524,0
10/17/2024 14:45,544,87,0,8,465,0
10/17/2024 15:00,545,88,0,7,464,0
10/17/2024 15:15,443,94,0,8,357,0
10/17/2024 15:30,355,79,0,9,285,0
10/17/2024 15:45,295,72,0,9,232,0
10/17/2024 16:00,251,106,201,0,40,96
10/17/2024 16:15,207,193,197,0,0,183
10/17/2024 16:30,168,545,164,0,0,541
10/17/2024 16:45,132,249,132,0,0,249
10/17/2024 17:00,99,80,94,0,0,75
10/17/2024 17:15,67,115,62,0,0,110
10/17/2024 17:30,39,93,34,0,0,88
10/17/2024 17:45,12,92,7,0,0,87
10/17/2024 18:00,2,100,0,3,0,95
10/17/2024 18:15,0,116,0,4,0,112
10/17/2024 18:30,0,417,0,14,0,403
10/17/2024 18:45,0,584,0,11,4,577
10/17/2024 19:00,0,333,0,7,0,326
10/17/2024 19:15,0,427,0,12,0,415
10/17/2024 19:30,0,328,0,5,0,323
10/17/2024 19:45,0,246,0,6,0,240
10/17/2024 20:00,0,203,0,7,0,196
10/17/2024 20:15,0,548,0,15,0,533
10/17/2024 20:30,0,208,0,4,0,204
10/17/2024 20:45,0,112,0,8,0,104
10/17/2024 21:00,0,118,0,7,0,111
10/17/2024 21:15,0,382,0,8,0,374
10/17/2024 21:30,0,588,0,8,0,580
10/17/2024 21:45,0,240,0,8,0,232
10/17/2024 22:00,0,168,0,9,0,159
10/17/2024 22:15,0,300,0,12,0,288
10/17/2024 22:30,0,525,0,12,0,513
10/17/2024 22:45,0,274,0,4,0,270
10/17/2024 23:00,0,88,0,6,0,82
10/17/2024 23:15,0,92,0,12,0,80
10/17/2024 23:30,0,424,0,405,14,33
10/17/2024 23:45,0,564,0,564,0,0
10/18/2024 00:00,0,208,0,210,2,0
10/18/2024 00:15,0,642,0,642,0,0
10/18/2024 00:30,0,464,0,464,0,0
10/18/2024 00:45,0,334,0,358,24,0
10/18/2024 01:00,0,111,0,140,32,3
10/18/2024 01:15,0,108,0,117,9,0
10/18/2024 01:30,0,572,0,572,0,0
10/18/2024 01:45,0,198,0,198,0,0
10/18/2024 02:00,0,90,0,90,0,0
10/18/2024 02:15,0,494,0,507,13,0
10/18/2024 02:30,0,410,0,440,30,0
10/18/2024 02:45,0,89,0,95,6,0
10/18/2024 03:00,0,182,0,190,8,0
10/18/2024 03:15,0,340,0,340,0,0
10/18/2024 03:30,0,111,0,113,2,0
10/18/2024 03:45,0,78,0,94,16,0
10/18/2024 04:00,0,551,0,573,22,0
10/18/2024 04:15,0,462,0,462,0,0
10/18/2024 04:30,0,443,0,443,0,0
10/18/2024 04:45,0,472,0,486,14,0
10/18/2024 05:00,0,452,0,452,0,0
10/18/2024 05:15,0,380,0,406,26,0
10/18/2024 05:30,0,413,0,423,10,0
10/18/2024 05:45,0,356,0,359,3,0
10/18/2024 06:00,0,135,0,135,0,0
10/18/2024 06:15,0,142,0,142,0,0
10/18/2024 06:30,0,440,0,453,13,0
10/18/2024 06:45,0,242,0,266,24,0
10/18/2024 07:00,0,888,0,894,6,0
10/18/2024 07:15,14,515,0,509,8,0
10/18/2024 07:30,37,392,0,357,2,0
10/18/2024 07:45,66,466,0,402,2,0
10/18/2024 08:00,76,411,0,347,12,0
10/18/2024 08:15,104,372,0,292,24,0
10/18/2024 08:30,136,475,0,351,12,0
10/18/2024 08:45,106,400,0,296,2,0
10/18/2024 09:00,110,152,0,42,0,0
10/18/2024 09:15,221,102,21,0,98,0
10/18/2024 09:30,416,71,0,4,349,0
10/18/2024 09:45,487,71,0,7,423,0
10/18/2024 10:00,583,228,0,8,363,0
10/18/2024 10:15,695,720,0,7,76,94
10/18/2024 10:30,726,676,0,6,86,30
10/18/2024 10:45,843,208,1,0,635,1
10/18/2024 11:00,1024,107,0,8,925,0
10/18/2024 11:15,1120,127,0,17,1010,0
10/18/2024 11:30,1152,115,0,21,1058,0
10/18/2024 11:45,1171,94,0,18,1095,0
10/18/2024 12:00,1203,108,0,14,1109,0
10/18/2024 12:15,1211,105,0,14,1120,0
10/18/2024 12:30,1203,84,0,18,1137,0
10/18/2024 12:45,1201,85,0,20,1136,0
10/18/2024 13:00,1186,133,0,26,1079,0
10/18/2024 13:15,1155,615,0,14,554,0
10/18/2024 13:30,1101,266,0,12,847,0
10/18/2024 13:45,1030,73,0,16,973,0
10/18/2024 14:00,971,105,6,0,860,0
10/18/2024 14:15,863,91,587,0,185,0
10/18/2024 14:30,769,82,613,0,74,0
10/18/2024 14:45,632,81,448,0,103,0
10/18/2024 15:00,466,111,289,0,66,0
10/18/2024 15:15,331,87,197,0,47,0
10/18/2024 15:30,275,76,131,0,68,0
10/18/2024 15:45,283,80,176,0,27,0
10/18/2024 16:00,244,276,230,0,0,262
10/18/2024 16:15,211,419,209,0,0,417
10/18/2024 16:30,136,111,134,0,0,109
10/18/2024 16:45,88,82,83,0,0,77
10/18/2024 17:00,67,137,60,0,0,130
10/18/2024 17:15,41,161,36,0,0,156
10/18/2024 17:30,22,143,18,0,0,139
10/18/2024 17:45,4,135,0,2,1,130
10/18/2024 18:00,0,150,0,3,0,147
10/18/2024 18:15,0,175,0,6,0,169
10/18/2024 18:30,0,463,0,13,0,450
10/18/2024 18:45,0,358,3,0,0,361
10/18/2024 19:00,0,142,0,15,9,136
10/18/2024 19:15,0,147,0,7,0,140
10/18/2024 19:30,0,103,0,9,0,94
10/18/2024 19:45,0,338,0,11,0,327
10/18/2024 20:00,0,342,0,9,0,333
10/18/2024 20:15,0,215,0,8,0,207
10/18/2024 20:30,0,494,0,7,0,487
10/18/2024 20:45,0,1202,0,17,0,1185
10/18/2024 21:00,0,1776,0,12,0,1764
10/18/2024 21:15,0,710,0,6,1,705
10/18/2024 21:30,0,536,0,10,0,526
10/18/2024 21:45,0,282,0,2,0,280
10/18/2024 22:00,0,213,0,7,0,206
10/18/2024 22:15,0,145,0,7,0,138
10/18/2024 22:30,0,137,0,8,0,129
10/18/2024 22:45,0,507,0,11,0,496
10/18/2024 23:00,0,185,0,5,0,180
10/18/2024 23:15,0,117,0,8,0,109
10/18/2024 23:30,0,83,0,7,0,76
10/18/2024 23:45,0,197,0,9,0,188
10/19/2024 00:00,0,515,0,11,1,505
10/19/2024 00:15,0,85,0,7,0,78
10/19/2024 00:30,0,97,0,7,0,90
10/19/2024 00:45,0,123,0,8,0,115
10/19/2024 01:00,0,417,0,8,0,409
10/19/2024 01:15,0,281,0,8,0,273
10/19/2024 01:30,0,92,5,0,0,97
10/19/2024 01:45,0,116,11,2,2,127
10/19/2024 02:00,0,365,0,363,0,2
10/19/2024 02:15,0,372,0,372,0,0
10/19/2024 02:30,0,125,0,125,0,0
10/19/2024 02:45,0,99,0,103,4,0
10/19/2024 03:00,0,321,0,367,48,2
10/19/2024 03:15,0,467,0,467,0,0
10/19/2024 03:30,0,99,0,100,1,0
10/19/2024 03:45,0,97,0,110,15,2
10/19/2024 04:00,0,359,0,360,1,0
10/19/2024 04:15,0,684,0,695,11,0
10/19/2024 04:30,0,276,0,289,13,0
10/19/2024 04:45,0,78,0,99,21,0
10/19/2024 05:00,0,478,0,478,0,0
10/19/2024 05:15,0,122,0,124,2,0
10/19/2024 05:30,0,95,0,108,13,0
10/19/2024 05:45,0,214,0,227,13,0
10/19/2024 06:00,0,698,0,700,2,0
10/19/2024 06:15,0,521,0,544,23,0
10/19/2024 06:30,0,524,0,524,0,0
10/19/2024 06:45,0,545,0,546,1,0
10/19/2024 07:00,2,868,0,869,3,0
10/19/2024 07:15,16,152,0,156,20,0
10/19/2024 07:30,41,172,0,133,2,0
10/19/2024 07:45,68,1047,0,1001,22,0
10/19/2024 08:00,90,688,0,598,0,0
10/19/2024 08:15,120,531,0,411,0,0
10/19/2024 08:30,148,457,0,321,12,0
10/19/2024 08:45,124,363,0,251,12,0
10/19/2024 09:00,130,362,0,254,22,0
10/19/2024 09:15,216,339,0,137,14,0
10/19/2024 09:30,419,132,0,5,292,0
10/19/2024 09:45,494,447,0,7,74,20
10/19/2024 10:00,583,294,0,9,298,0
10/19/2024 10:15,687,292,0,3,398,0
10/19/2024 10:30,717,89,0,7,635,0
10/19/2024 10:45,843,85,0,11,769,0
10/19/2024 11:00,1011,103,0,13,921,0
10/19/2024 11:15,1102,82,0,8,1028,0
10/19/2024 11:30,1132,67,0,19,1084,0
10/19/2024 11:45,1149,100,0,13,1062,0
10/19/2024 12:00,1178,434,0,14,758,0
10/19/2024 12:15,1187,182,0,17,1022,0
10/19/2024 12:30,1179,106,0,15,1088,0
10/19/2024 12:45,1173,86,0,20,1107,0
10/19/2024 13:00,1162,249,0,17,930,0
10/19/2024 13:15,1126,77,0,59,1108,0
10/19/2024 13:30,1071,89,0,83,1065,0
10/19/2024 13:45,1004,118,0,39,925,0
10/19/2024 14:00,945,309,397,0,239,0
10/19/2024 14:15,848,123,585,0,140,0
10/19/2024 14:30,754,189,459,0,106,0
10/19/2024 14:45,621,113,467,0,41,0
10/19/2024 15:00,445,82,306,0,57,0
10/19/2024 15:15,327,77,204,0,46,0
10/19/2024 15:30,260,246,0,11,25,0
10/19/2024 15:45,271,78,146,0,47,0
10/19/2024 16:00,235,104,223,0,0,92
10/19/2024 16:15,191,76,187,0,0,72
10/19/2024 16:30,118,70,113,0,0,65
10/19/2024 16:45,75,94,69,0,0,88
10/19/2024 17:00,58,119,53,0,0,114
10/19/2024 17:15,34,124,31,0,0,121
10/19/2024 17:30,19,118,14,0,0,113
10/19/2024 17:45,3,106,0,2,0,101
10/19/2024 18:00,0,102,0,4,0,98
10/19/2024 18:15,0,368,0,12,0,356
10/19/2024 18:30,0,167,0,0,0,167
10/19/2024 18:45,0,147,0,6,0,141
10/19/2024 19:00,0,308,0,4,0,304
10/19/2024 19:15,0,201,0,6,0,195
10/19/2024 19:30,0,304,0,6,0,298
10/19/2024 19:45,0,381,0,2,0,379
10/19/2024 20:00,0,265,0,13,10,262
10/19/2024 20:15,0,239,0,6,0,233
10/19/2024 20:30,0,267,0,5,0,262
10/19/2024 20:45,0,265,0,7,0,258
10/19/2024 21:00,0,252,0,9,0,243
10/19/2024 21:15,0,250,0,4,0,246
10/19/2024 21:30,0,247,0,6,0,241
10/19/2024 21:45,0,435,0,9,0,426
10/19/2024 22:00,0,347,0,8,0,339
10/19/2024 22:15,0,161,0,5,0,156
10/19/2024 22:30,0,128,0,5,0,123
10/19/2024 22:45,0,102,0,6,0,96
10/19/2024 23:00,0,110,0,24,2,88
10/19/2024 23:15,0,98,0,5,0,93
10/19/2024 23:30,0,100,0,8,0,92
10/19/2024 23:45,0,187,0,10,0,177
10/20/2024 00:00,0,403,0,9,0,394
10/20/2024 00:15,0,75,0,7,0,68
10/20/2024 00:30,0,91,0,7,0,84
10/20/2024 00:45,0,125,0,6,0,119
10/20/2024 01:00,0,78,0,6,0,72
10/20/2024 01:15,0,102,0,5,0,97
10/20/2024 01:30,0,360,0,15,0,345
10/20/2024 01:45,0,292,0,3,0,289
10/20/2024 02:00,0,75,0,7,0,68
10/20/2024 02:15,0,95,0,7,0,88
10/20/2024 02:30,0,112,0,8,0,104
10/20/2024 02:45,0,110,0,8,0,102
10/20/2024 03:00,0,487,0,9,0,478
10/20/2024 03:15,0,141,0,3,0,138
10/20/2024 03:30,0,123,0,7,0,116
10/20/2024 03:45,0,85,0,7,0,78
10/20/2024 04:00,0,101,0,9,0,92
10/20/2024 04:15,0,479,0,11,0,468
10/20/2024 04:30,0,161,0,3,0,158
10/20/2024 04:45,0,95,0,7,0,88
10/20/2024 05:00,0,106,0,7,0,99
10/20/2024 05:15,0,156,0,10,0,146
10/20/2024 05:30,0,520,0,9,0,511
10/20/2024 05:45,0,87,0,3,0,84
10/20/2024 06:00,0,72,0,6,0,66
10/20/2024 06:15,0,89,0,7,0,82
10/20/2024 06:30,0,290,0,12,0,278
10/20/2024 06:45,0,424,0,23,0,401
10/20/2024 07:00,0,599,0,601,2,0
10/20/2024 07:15,7,628,0,623,2,0
10/20/2024 07:30,34,374,0,358,18,0
10/20/2024 07:45,53,567,0,546,32,0
10/20/2024 08:00,73,385,0,369,57,0
10/20/2024 08:15,104,121,0,104,87,0
10/20/2024 08:30,137,86,0,67,118,0
10/20/2024 08:45,102,78,0,62,86,0
10/20/2024 09:00,98,90,0,76,84,0
10/20/2024 09:15,155,85,0,66,136,0
10/20/2024 09:30,391,203,0,185,373,0
10/20/2024 09:45,478,492,0,476,462,0
10/20/2024 10:00,564,260,0,243,547,0
10/20/2024 10:15,681,78,0,64,667,0
10/20/2024 10:30,712,82,0,67,697,0
10/20/2024 10:45,840,82,0,67,825,0
10/20/2024 11:00,1015,70,0,56,1001,0
10/20/2024 11:15,1107,99,0,84,1092,0
10/20/2024 11:30,1132,79,0,66,1119,0
10/20/2024 11:45,1150,72,0,63,1141,0
10/20/2024 12:00,1179,144,0,130,1165,0
10/20/2024 12:15,1194,571,0,560,1183,0
10/20/2024 12:30,1190,381,0,370,1179,0
10/20/2024 12:45,1183,243,0,229,1169,0
10/20/2024 13:00,1165,284,0,248,1129,0
10/20/2024 13:15,1135,156,545,0,434,0
10/20/2024 13:30,1079,355,695,0,29,0
10/20/2024 13:45,1017,293,684,0,40,0
10/20/2024 14:00,961,425,498,0,38,0
10/20/2024 14:15,869,169,680,0,20,0
10/20/2024 14:30,783,177,560,0,46,0
10/20/2024 14:45,648,199,449,0,0,0
10/20/2024 15:00,463,167,272,0,24,0
10/20/2024 15:15,335,191,128,0,16,0
10/20/2024 15:30,280,135,134,0,11,0
10/20/2024 15:45,274,126,117,0,31,0
10/20/2024 16:00,252,176,240,0,0,164
10/20/2024 16:15,219,99,214,0,0,94
10/20/2024 16:30,162,121,158,0,0,117
10/20/2024 16:45,110,121,104,0,0,115
10/20/2024 17:00,78,95,73,0,0,90
10/20/2024 17:15,40,82,36,0,0,78
10/20/2024 17:30,20,128,20,0,0,128
10/20/2024 17:45,2,153,0,3,0,148
10/20/2024 18:00,0,100,0,5,0,95
10/20/2024 18:15,0,236,0,7,0,229
10/20/2024 18:30,0,142,0,4,0,138
10/20/2024 18:45,0,420,0,6,0,414
10/20/2024 19:00,0,221,0,5,0,216
10/20/2024 19:15,0,228,0,7,0,221
10/20/2024 19:30,0,143,0,5,0,138
10/20/2024 19:45,0,170,0,4,0,166
10/20/2024 20:00,0,178,0,18,15,175
10/20/2024 20:15,0,267,0,5,0,262
10/20/2024 20:30,0,312,0,9,0,303
10/20/2024 20:45,0,418,0,10,0,408
10/20/2024 21:00,0,1599,0,11,0,1588
10/20/2024 21:15,0,1254,0,8,1,1247
10/20/2024 21:30,0,297,0,8,0,289
10/20/2024 21:45,0,317,0,5,0,312
10/20/2024 22:00,0,229,0,7,0,222
10/20/2024 22:15,0,164,0,6,0,158
10/20/2024 22:30,0,154,0,9,0,145
10/20/2024 22:45,0,154,0,6,0,148
10/20/2024 23:00,0,104,0,8,0,96
10/20/2024 23:15,0,102,0,5,0,97
10/20/2024 23:30,0,74,0,8,0,66
10/20/2024 23:45,0,115,0,7,0,108
10/21/2024 00:00,0,87,0,7,0,80
10/21/2024 00:15,0,87,0,7,0,80
10/21/2024 00:30,0,95,0,9,0,86
10/21/2024 00:45,0,113,0,9,0,104
10/21/2024 01:00,0,386,0,12,0,374
10/21/2024 01:15,0,174,0,6,0,168
10/21/2024 01:30,0,89,0,7,0,82
10/21/2024 01:45,0,119,0,7,0,112
10/21/2024 02:00,0,112,0,7,0,105
10/21/2024 02:15,0,70,0,8,0,62
10/21/2024 02:30,0,74,0,8,0,66
10/21/2024 02:45,0,415,0,13,0,402
10/21/2024 03:00,0,185,0,6,0,179
10/21/2024 03:15,0,124,0,7,0,117
10/21/2024 03:30,0,101,0,7,0,94
10/21/2024 03:45,0,70,0,7,0,63
10/21/2024 04:00,0,109,0,11,0,98
10/21/2024 04:15,0,484,0,13,0,471
10/21/2024 04:30,0,115,0,8,0,107
10/21/2024 04:45,0,106,0,7,0,99
10/21/2024 05:00,0,103,0,7,0,96
10/21/2024 05:15,0,85,0,7,0,78
10/21/2024 05:30,0,401,0,12,0,389
10/21/2024 05:45,0,167,0,134,0,33
10/21/2024 06:00,0,101,0,101,0,0
10/21/2024 06:15,0,76,0,76,0,0
10/21/2024 06:30,0,95,0,96,1,0
10/21/2024 06:45,0,413,0,414,1,0
10/21/2024 07:00,0,649,0,658,9,0
10/21/2024 07:15,20,352,0,369,37,0
10/21/2024 07:30,46,346,0,330,30,0
10/21/2024 07:45,72,134,0,116,54,0
10/21/2024 08:00,112,137,0,118,93,0
10/21/2024 08:15,210,373,0,353,190,0
10/21/2024 08:30,195,322,0,306,179,0
10/21/2024 08:45,237,652,0,635,220,0
10/21/2024 09:00,197,261,0,247,183,0
10/21/2024 09:15,177,179,0,160,158,0
10/21/2024 09:30,383,309,0,289,363,0
10/21/2024 09:45,442,395,0,378,425,0
10/21/2024 10:00,513,231,0,212,494,0
10/21/2024 10:15,637,119,0,106,624,0
10/21/2024 10:30,694,200,0,192,686,0
10/21/2024 10:45,881,205,0,190,866,0
10/21/2024 11:00,1003,300,0,290,993,0
10/21/2024 11:15,1146,84,0,74,1136,0
10/21/2024 11:30,866,146,0,128,848,0
10/21/2024 11:45,1069,81,0,61,1049,0
10/21/2024 12:00,807,100,0,94,801,0
10/21/2024 12:15,618,79,0,59,598,0
10/21/2024 12:30,767,72,0,57,752,0
10/21/2024 12:45,1121,236,0,230,1115,0
10/21/2024 13:00,1088,123,0,112,1077,0
10/21/2024 13:15,1062,101,0,91,1052,0
10/21/2024 13:30,994,129,0,121,986,0
10/21/2024 13:45,923,89,471,0,363,0
10/21/2024 14:00,867,162,627,0,78,0
10/21/2024 14:15,776,165,579,0,32,0
10/21/2024 14:30,689,199,490,0,0,0
10/21/2024 14:45,554,121,417,0,16,0
10/21/2024 15:00,405,122,257,0,26,0
10/21/2024 15:15,290,127,152,0,11,0
10/21/2024 15:30,244,77,137,0,30,0
10/21/2024 15:45,245,78,162,0,5,0
10/21/2024 16:00,216,98,205,0,1,88
10/21/2024 16:15,172,90,168,0,0,86
10/21/2024 16:30,106,101,98,0,0,93
10/21/2024 16:45,77,163,72,0,0,158
10/21/2024 17:00,58,184,55,0,0,181
10/21/2024 17:15,32,126,28,0,0,122
10/21/2024 17:30,15,76,10,0,0,71
10/21/2024 17:45,1,180,0,8,0,171
10/21/2024 18:00,0,139,0,3,0,136
10/21/2024 18:15,0,110,0,5,0,105
10/21/2024 18:30,0,370,0,8,0,362
10/21/2024 18:45,0,118,0,4,0,114
10/21/2024 19:00,0,137,0,6,0,131
10/21/2024 19:15,0,168,0,7,0,161
10/21/2024 19:30,0,133,0,3,0,130
10/21/2024 19:45,0,310,0,7,0,303
10/21/2024 20:00,0,281,0,19,14,276
10/21/2024 20:15,0,251,0,8,0,243
10/21/2024 20:30,0,239,0,7,0,232
10/21/2024 20:45,0,206,0,8,0,198
10/21/2024 21:00,0,174,0,7,0,167
10/21/2024 21:15,0,166,0,8,0,158
10/21/2024 21:30,0,240,0,9,0,231
10/21/2024 21:45,0,271,0,6,0,265
10/21/2024 22:00,0,301,0,8,0,293
10/21/2024 22:15,0,208,0,7,0,201
10/21/2024 22:30,0,157,0,7,0,150
10/21/2024 22:45,0,135,0,8,0,127
10/21/2024 23:00,0,102,0,6,0,96
10/21/2024 23:15,0,100,0,8,0,92
10/21/2024 23:30,0,82,0,8,0,74
10/21/2024 23:45,0,129,0,7,0,122
10/22/2024 00:00,0,96,0,9,0,87
10/22/2024 00:15,0,90,0,7,0,83
10/22/2024 00:30,0,150,0,6,0,144
10/22/2024 00:45,0,72,0,10,0,62
10/22/2024 01:00,0,74,0,8,0,66
10/22/2024 01:15,0,157,0,9,0,148
10/22/2024 01:30,0,101,0,7,0,94
10/22/2024 01:45,0,121,0,7,0,114
10/22/2024 02:00,0,71,0,7,0,64
10/22/2024 02:15,0,94,0,8,0,86
10/22/2024 02:30,0,78,0,8,0,70
10/22/2024 02:45,0,151,0,9,0,142
10/22/2024 03:00,0,98,0,6,0,92
10/22/2024 03:15,0,72,0,6,0,66
10/22/2024 03:30,0,75,0,8,0,67
10/22/2024 03:45,0,103,0,9,0,94
10/22/2024 04:00,0,133,0,8,0,125
10/22/2024 04:15,0,168,0,6,0,162
10/22/2024 04:30,0,145,0,8,0,137
10/22/2024 04:45,0,108,0,8,0,100
10/22/2024 05:00,0,104,0,6,0,98
10/22/2024 05:15,0,147,0,8,0,139
10/22/2024 05:30,0,95,0,7,0,88
10/22/2024 05:45,0,106,0,8,0,98
10/22/2024 06:00,0,97,0,7,0,90
10/22/2024 06:15,0,80,0,8,0,72
10/22/2024 06:30,0,102,0,7,0,95
10/22/2024 06:45,0,105,0,8,0,97
10/22/2024 07:00,0,126,0,138,19,7
10/22/2024 07:15,8,86,0,84,6,0
10/22/2024 07:30,37,174,0,153,16,0
10/22/2024 07:45,57,179,0,160,38,0
10/22/2024 08:00,81,86,0,68,63,0
10/22/2024 08:15,117,83,0,66,100,0
10/22/2024 08:30,142,112,0,95,125,0
10/22/2024 08:45,116,92,0,74,98,0
10/22/2024 09:00,112,111,0,96,97,0
10/22/2024 09:15,137,175,0,156,118,0
10/22/2024 09:30,330,163,0,142,309,0
10/22/2024 09:45,434,762,0,743,415,0
10/22/2024 10:00,499,1440,0,1419,478,0
10/22/2024 10:15,608,681,0,666,593,0
10/22/2024 10:30,647,91,0,76,632,0
10/22/2024 10:45,755,98,0,85,742,0
10/22/2024 11:00,932,105,0,91,918,0
10/22/2024 11:15,1010,112,0,101,999,0
10/22/2024 11:30,1046,86,0,76,1036,0
10/22/2024 11:45,1065,97,0,87,1055,0
10/22/2024 12:00,1095,108,0,94,1081,0
10/22/2024 12:15,1105,75,0,69,1099,0
10/22/2024 12:30,1089,84,187,0,818,0
10/22/2024 12:45,1072,146,756,0,170,0
10/22/2024 13:00,1056,196,858,0,2,0
10/22/2024 13:15,1023,131,866,0,26,0
10/22/2024 13:30,967,71,880,0,16,0
10/22/2024 13:45,906,498,397,0,11,0
10/22/2024 14:00,845,1379,0,568,34,0
10/22/2024 14:15,764,491,263,0,10,0
10/22/2024 14:30,672,91,556,0,25,0
10/22/2024 14:45,547,123,415,0,9,0
10/22/2024 15:00,401,144,233,0,24,0
10/22/2024 15:15,277,74,186,0,17,0
10/22/2024 15:30,239,72,157,0,10,0
10/22/2024 15:45,241,86,125,0,30,0
10/22/2024 16:00,211,100,200,0,0,89
10/22/2024 16:15,176,89,171,0,0,84
10/22/2024 16:30,106,76,102,0,0,72
10/22/2024 16:45,79,90,73,0,0,84
10/22/2024 17:00,56,221,51,0,0,216
10/22/2024 17:15,31,167,25,0,0,161
10/22/2024 17:30,14,201,10,0,0,197
10/22/2024 17:45,0,142,0,4,0,138
10/22/2024 18:00,0,151,0,8,0,143
10/22/2024 18:15,0,148,0,2,0,146
10/22/2024 18:30,0,96,0,6,0,90
10/22/2024 18:45,0,147,0,5,0,142
10/22/2024 19:00,0,174,0,7,0,167
10/22/2024 19:15,0,155,0,5,0,150
10/22/2024 19:30,0,275,0,6,0,269
10/22/2024 19:45,0,270,0,8,0,262
10/22/2024 20:00,0,270,0,18,17,269
10/22/2024 20:15,0,422,0,9,0,413
10/22/2024 20:30,0,294,0,9,0,285
10/22/2024 20:45,0,436,0,6,0,430
10/22/2024 21:00,0,168,0,8,0,160
10/22/2024 21:15,0,302,0,7,0,295
10/22/2024 21:30,0,206,0,7,0,199
10/22/2024 21:45,0,225,0,6,0,219
10/22/2024 22:00,0,184,0,8,0,176
10/22/2024 22:15,0,200,0,8,0,192
10/22/2024 22:30,0,160,0,5,0,155
10/22/2024 22:45,0,185,0,7,0,178
10/22/2024 23:00,0,70,0,6,0,64
10/22/2024 23:15,0,99,0,9,0,90
10/22/2024 23:30,0,85,0,7,0,78
10/22/2024 23:45,0,137,0,8,0,129
10/23/2024 00:00,0,98,0,6,0,92
10/23/2024 00:15,0,76,0,7,0,69
10/23/2024 00:30,0,77,0,7,0,70
10/23/2024 00:45,0,152,0,8,0,144
10/23/2024 01:00,0,93,0,8,0,85
10/23/2024 01:15,0,70,0,7,0,63
10/23/2024 01:30,0,71,0,8,0,63
10/23/2024 01:45,0,140,0,8,0,132
10/23/2024 02:00,0,137,0,8,0,129
10/23/2024 02:15,0,91,0,7,0,84
10/23/2024 02:30,0,105,0,9,0,96
10/23/2024 02:45,0,111,0,6,0,105
10/23/2024 03:00,0,71,0,9,0,62
10/23/2024 03:15,0,85,0,8,0,77
10/23/2024 03:30,0,83,0,7,0,76
10/23/2024 03:45,0,139,0,8,0,131
10/23/2024 04:00,0,91,0,7,0,84
10/23/2024 04:15,0,72,0,8,0,64
10/23/2024 04:30,0,71,0,8,0,63
10/23/2024 04:45,0,83,0,7,0,76
10/23/2024 05:00,0,136,0,8,0,128
10/23/2024 05:15,0,84,0,9,0,75
10/23/2024 05:30,0,98,0,9,0,89
10/23/2024 05:45,0,70,0,6,0,64
10/23/2024 06:00,0,71,0,9,0,62
10/23/2024 06:15,0,107,0,12,12,107
10/23/2024 06:30,0,189,0,9,0,180
10/23/2024 06:45,0,178,0,6,0,172
10/23/2024 07:00,0,165,0,182,21,4
10/23/2024 07:15,4,92,0,94,6,0
10/23/2024 07:30,42,88,0,68,22,0
10/23/2024 07:45,85,83,0,65,67,0
10/23/2024 08:00,103,106,0,88,85,0
10/23/2024 08:15,137,80,0,63,120,0
10/23/2024 08:30,164,75,0,57,146,0
10/23/2024 08:45,131,74,0,60,117,0
10/23/2024 09:00,129,107,0,89,111,0
10/23/2024 09:15,148,111,0,95,132,0
10/23/2024 09:30,339,130,0,109,318,0
10/23/2024 09:45,452,161,0,142,433,0
10/23/2024 10:00,521,75,0,56,502,0
10/23/2024 10:15,629,70,0,55,614,0
10/23/2024 10:30,662,100,0,87,649,0
10/23/2024 10:45,774,88,0,74,760,0
10/23/2024 11:00,953,111,0,97,939,0
10/23/2024 11:15,1030,85,0,71,1016,0
10/23/2024 11:30,1065,79,0,66,1052,0
10/23/2024 11:45,1085,76,0,61,1070,0
10/23/2024 12:00,1119,99,0,86,1106,0
10/23/2024 12:15,1130,81,0,72,1121,0
10/23/2024 12:30,1128,95,250,0,783,0
10/23/2024 12:45,1121,109,846,0,166,0
10/23/2024 13:00,1101,88,1013,0,0,0
10/23/2024 13:15,1070,87,959,0,24,0
10/23/2024 13:30,1010,230,764,0,16,0
10/23/2024 13:45,934,101,820,0,13,0
10/23/2024 14:00,869,155,685,0,29,0
10/23/2024 14:15,782,293,483,0,6,0
10/23/2024 14:30,692,213,446,0,33,0
10/23/2024 14:45,550,148,401,0,1,0
10/23/2024 15:00,393,103,265,0,25,0
10/23/2024 15:15,263,76,166,0,21,0
10/23/2024 15:30,232,73,146,0,13,0
10/23/2024 15:45,223,92,101,0,30,0
10/23/2024 16:00,216,99,205,0,0,88
10/23/2024 16:15,167,66,163,0,0,62
10/23/2024 16:30,101,75,96,0,0,70
10/23/2024 16:45,74,153,66,0,0,145
10/23/2024 17:00,50,223,46,0,0,219
10/23/2024 17:15,34,128,30,0,0,124
10/23/2024 17:30,14,119,8,0,0,113
10/23/2024 17:45,0,244,0,8,0,236
10/23/2024 18:00,0,355,0,1,0,354
10/23/2024 18:15,0,214,0,3,0,211
10/23/2024 18:30,0,221,0,7,0,214
10/23/2024 18:45,0,185,0,7,0,178
10/23/2024 19:00,0,202,0,3,0,199
10/23/2024 19:15,0,131,0,4,0,127
10/23/2024 19:30,0,215,0,8,0,207
10/23/2024 19:45,0,250,0,5,0,245
10/23/2024 20:00,0,315,0,18,9,306
10/23/2024 20:15,0,417,0,10,0,407
10/23/2024 20:30,0,397,0,9,0,388
10/23/2024 20:45,0,464,0,8,0,456
10/23/2024 21:00,0,167,0,9,0,158
10/23/2024 21:15,0,257,0,6,0,251
10/23/2024 21:30,0,279,0,9,0,270
10/23/2024 21:45,0,185,0,7,0,178
10/23/2024 22:00,0,280,0,9,0,271
10/23/2024 22:15,0,205,0,7,0,198
10/23/2024 22:30,0,147,0,6,0,141
10/23/2024 22:45,0,90,0,7,0,83
10/23/2024 23:00,0,105,0,9,0,96
10/23/2024 23:15,0,116,0,10,0,106
10/23/2024 23:30,0,257,0,8,0,249
10/23/2024 23:45,0,111,0,8,0,103
10/24/2024 00:00,0,131,0,10,0,121
10/24/2024 00:15,0,84,0,7,0,77
10/24/2024 00:30,0,90,0,7,0,83
10/24/2024 00:45,0,158,0,8,0,150
10/24/2024 01:00,0,201,0,6,0,195
10/24/2024 01:15,0,74,0,8,0,66
10/24/2024 01:30,0,72,0,8,0,64
10/24/2024 01:45,0,148,0,6,0,142
10/24/2024 02:00,0,138,0,8,0,130
10/24/2024 02:15,0,109,0,8,0,101
10/24/2024 02:30,0,110,0,7,0,103
10/24/2024 02:45,0,114,0,9,0,105
10/24/2024 03:00,0,168,0,8,0,160
10/24/2024 03:15,0,85,0,7,0,78
10/24/2024 03:30,0,156,0,8,0,148
10/24/2024 03:45,0,72,0,8,0,64
10/24/2024 04:00,0,70,0,8,0,62
10/24/2024 04:15,0,132,0,6,0,126
10/24/2024 04:30,0,145,0,8,0,137
10/24/2024 04:45,0,210,0,5,0,205
10/24/2024 05:00,0,82,0,8,0,74
10/24/2024 05:15,0,69,0,8,0,61
10/24/2024 05:30,0,76,0,8,0,68
10/24/2024 05:45,0,98,0,5,0,93
10/24/2024 06:00,0,122,0,9,0,113
10/24/2024 06:15,0,206,0,6,0,200
10/24/2024 06:30,0,118,0,7,0,111
10/24/2024 06:45,0,251,0,13,1,239
10/24/2024 07:00,0,178,0,194,21,5
10/24/2024 07:15,0,106,0,113,7,0
10/24/2024 07:30,4,175,0,177,6,0
10/24/2024 07:45,41,146,0,126,21,0
10/24/2024 08:00,84,66,0,49,67,0
10/24/2024 08:15,144,69,0,51,126,0
10/24/2024 08:30,185,99,0,81,167,0
10/24/2024 08:45,230,90,2,0,138,0
10/24/2024 09:00,249,184,0,172,237,0
10/24/2024 09:15,280,150,0,134,264,0
10/24/2024 09:30,416,102,0,79,393,0
10/24/2024 09:45,537,202,0,191,526,0
10/24/2024 10:00,534,87,0,71,518,0
10/24/2024 10:15,606,77,0,65,594,0
10/24/2024 10:30,650,110,0,94,634,0
10/24/2024 10:45,748,101,0,82,729,0
10/24/2024 11:00,904,196,0,178,886,0
10/24/2024 11:15,984,168,0,151,967,0
10/24/2024 11:30,1021,111,0,98,1008,0
10/24/2024 11:45,1042,108,0,86,1020,0
10/24/2024 12:00,1073,92,0,81,1062,0
10/24/2024 12:15,1087,124,0,112,1075,0
10/24/2024 12:30,1096,95,0,82,1083,0
10/24/2024 12:45,1105,124,0,78,1059,0
10/24/2024 13:00,701,82,176,0,443,0
10/24/2024 13:15,556,90,466,0,0,0
10/24/2024 13:30,548,117,422,0,9,0
10/24/2024 13:45,588,112,443,0,33,0
10/24/2024 14:00,571,103,468,0,0,0
10/24/2024 14:15,485,915,0,470,40,0
10/24/2024 14:30,526,1459,0,934,1,0
10/24/2024 14:45,634,601,32,0,1,0
10/24/2024 15:00,380,198,182,0,0,0
10/24/2024 15:15,295,127,129,0,39,0
10/24/2024 15:30,351,89,262,0,0,0
10/24/2024 15:45,238,126,72,0,40,0
10/24/2024 16:00,211,85,200,0,0,74
10/24/2024 16:15,135,100,130,0,0,95
10/24/2024 16:30,125,172,119,0,0,166
10/24/2024 16:45,127,137,120,0,0,130
10/24/2024 17:00,56,236,51,0,0,231
10/24/2024 17:15,31,156,26,0,0,151
10/24/2024 17:30,11,140,6,0,0,135
10/24/2024 17:45,0,134,0,4,0,130
10/24/2024 18:00,0,170,0,5,0,165
10/24/2024 18:15,0,159,0,6,0,153
10/24/2024 18:30,0,97,0,4,0,93
10/24/2024 18:45,0,157,0,6,0,151
10/24/2024 19:00,0,173,0,6,0,167
10/24/2024 19:15,0,206,0,8,0,198
10/24/2024 19:30,0,166,0,4,0,162
10/24/2024 19:45,0,113,0,5,0,108
10/24/2024 20:00,0,249,0,17,12,244
10/24/2024 20:15,0,170,0,7,0,163
10/24/2024 20:30,0,142,0,9,0,133
10/24/2024 20:45,0,147,0,10,0,137
10/24/2024 21:00,0,158,0,9,0,149
10/24/2024 21:15,0,220,0,8,0,212
10/24/2024 21:30,0,243,0,5,0,238
10/24/2024 21:45,0,194,0,8,0,186
10/24/2024 22:00,0,199,0,8,0,191
10/24/2024 22:15,0,135,0,9,0,126
10/24/2024 22:30,0,110,0,6,2,106
10/24/2024 22:45,0,128,0,8,0,120
10/24/2024 23:00,0,95,0,8,0,87
10/24/2024 23:15,0,89,0,5,0,84
10/24/2024 23:30,0,135,0,9,0,126
10/24/2024 23:45,0,104,0,7,0,97
10/25/2024 00:00,0,78,0,9,0,69
10/25/2024 00:15,0,73,0,9,0,64
10/25/2024 00:30,0,138,0,8,0,130
10/25/2024 00:45,0,84,0,10,0,74
10/25/2024 01:00,0,81,0,9,0,72
10/25/2024 01:15,0,99,0,8,0,91
10/25/2024 01:30,0,78,0,9,0,69
10/25/2024 01:45,0,114,0,9,0,105
10/25/2024 02:00,0,78,10,16,16,88
10/25/2024 02:15,0,92,0,7,0,85
10/25/2024 02:30,0,77,0,9,0,68
10/25/2024 02:45,0,102,0,8,0,94
10/25/2024 03:00,0,124,0,11,0,113
10/25/2024 03:15,0,70,0,8,0,62
10/25/2024 03:30,0,75,0,10,0,65
10/25/2024 03:45,0,99,0,11,0,88
10/25/2024 04:00,0,78,0,11,0,67
10/25/2024 04:15,0,99,0,10,0,89
10/25/2024 04:30,0,82,0,8,0,74
10/25/2024 04:45,0,120,0,10,0,110
10/25/2024 05:00,0,72,0,8,0,64
10/25/2024 05:15,0,93,0,10,0,83
10/25/2024 05:30,0,75,0,8,0,67
10/25/2024 05:45,0,85,0,10,0,75
10/25/2024 06:00,0,96,0,7,0,89
10/25/2024 06:15,0,141,0,8,2,135
10/25/2024 06:30,0,105,0,9,0,96
10/25/2024 06:45,0,139,0,10,0,129
10/25/2024 07:00,0,136,0,148,14,2
10/25/2024 07:15,1,92,0,95,4,0
10/25/2024 07:30,18,128,0,116,6,0
10/25/2024 07:45,41,237,0,216,20,0
10/25/2024 08:00,82,85,0,61,58,0
10/25/2024 08:15,126,94,0,77,109,0
10/25/2024 08:30,141,77,0,59,123,0
10/25/2024 08:45,96,100,0,84,80,0
10/25/2024 09:00,97,130,0,109,76,0
10/25/2024 09:15,120,97,0,76,99,0
10/25/2024 09:30,321,105,0,84,300,0
10/25/2024 09:45,451,129,0,111,433,0
10/25/2024 10:00,529,151,0,129,507,0
10/25/2024 10:15,632,120,0,101,613,0
10/25/2024 10:30,689,97,0,76,668,0
10/25/2024 10:45,792,123,0,103,772,0
10/25/2024 11:00,964,111,0,89,942,0
10/25/2024 11:15,1030,84,0,68,1014,0
10/25/2024 11:30,1074,102,0,84,1056,0
10/25/2024 11:45,1090,116,0,97,1071,0
10/25/2024 12:00,1116,219,0,188,1085,0
10/25/2024 12:15,1131,219,201,0,711,0
10/25/2024 12:30,1125,98,821,0,206,0
10/25/2024 12:45,1120,74,1013,0,33,0
10/25/2024 13:00,1104,90,998,0,16,0
10/25/2024 13:15,1063,189,855,0,19,0
10/25/2024 13:30,1007,117,876,0,14,0
10/25/2024 13:45,941,118,804,0,19,0
10/25/2024 14:00,871,355,502,0,14,0
10/25/2024 14:15,790,267,502,0,21,0
10/25/2024 14:30,684,403,269,0,12,0
10/25/2024 14:45,529,153,360,0,16,0
10/25/2024 15:00,358,70,270,0,18,0
10/25/2024 15:15,228,68,142,0,18,0
10/25/2024 15:30,192,92,80,0,20,0
10/25/2024 15:45,213,89,109,0,15,0
10/25/2024 16:00,205,73,197,0,1,66
10/25/2024 16:15,159,79,154,0,0,74
10/25/2024 16:30,94,122,89,0,0,117
10/25/2024 16:45,64,143,56,0,0,135
10/25/2024 17:00,43,202,38,0,0,197
10/25/2024 17:15,22,145,16,0,0,139
10/25/2024 17:30,4,185,1,0,0,182
10/25/2024 17:45,0,163,0,6,0,157
10/25/2024 18:00,0,145,0,7,0,138
10/25/2024 18:15,0,160,0,3,0,157
10/25/2024 18:30,0,275,0,9,0,266
10/25/2024 18:45,0,233,0,4,0,229
10/25/2024 19:00,0,152,0,2,0,150
10/25/2024 19:15,0,319,0,4,0,315
10/25/2024 19:30,0,129,0,5,0,124
10/25/2024 19:45,0,164,0,5,0,159
10/25/2024 20:00,0,152,0,18,8,142
10/25/2024 20:15,0,134,0,9,0,125
10/25/2024 20:30,0,136,0,9,0,127
10/25/2024 20:45,0,233,0,9,0,224
10/25/2024 21:00,0,227,0,10,0,217
10/25/2024 21:15,0,200,0,8,0,192
10/25/2024 21:30,0,194,0,9,0,185
10/25/2024 21:45,0,254,0,10,0,244
10/25/2024 22:00,0,197,0,9,0,188
10/25/2024 22:15,0,133,0,9,0,124
10/25/2024 22:30,0,111,0,10,0,101
10/25/2024 22:45,0,127,0,9,0,118
10/25/2024 23:00,0,128,0,9,0,119
10/25/2024 23:15,0,90,0,8,0,82
10/25/2024 23:30,0,349,0,13,0,336
10/25/2024 23:45,0,436,0,10,0,426
10/26/2024 00:00,0,131,0,8,0,123
10/26/2024 00:15,0,178,0,10,0,168
10/26/2024 00:30,0,272,0,10,0,262
10/26/2024 00:45,0,94,0,9,0,85
10/26/2024 01:00,0,139,0,7,0,132
10/26/2024 01:15,0,336,0,12,0,324
10/26/2024 01:30,0,247,0,9,0,238
10/26/2024 01:45,0,76,0,8,0,68
10/26/2024 02:00,0,118,0,11,0,107
10/26/2024 02:15,0,133,0,8,0,125
10/26/2024 02:30,0,467,0,12,0,455
10/26/2024 02:45,0,77,0,9,0,68
10/26/2024 03:00,0,123,0,8,0,115
10/26/2024 03:15,0,80,0,6,0,74
10/26/2024 03:30,0,297,0,13,0,284
10/26/2024 03:45,0,311,0,10,0,301
10/26/2024 04:00,0,93,0,7,0,86
10/26/2024 04:15,0,75,0,10,0,65
10/26/2024 04:30,0,158,0,10,0,148
10/26/2024 04:45,0,477,0,14,0,463
10/26/2024 05:00,0,172,0,8,0,164
10/26/2024 05:15,0,77,0,8,0,69
10/26/2024 05:30,0,73,0,7,0,66
10/26/2024 05:45,0,280,0,13,0,267
10/26/2024 06:00,0,386,0,10,0,376
10/26/2024 06:15,0,125,0,8,0,117
10/26/2024 06:30,0,103,0,8,0,95
10/26/2024 06:45,0,123,0,10,0,113
10/26/2024 07:00,0,607,0,621,18,4
10/26/2024 07:15,3,510,0,513,6,0
10/26/2024 07:30,31,516,0,497,12,0
10/26/2024 07:45,62,597,0,575,40,0
10/26/2024 08:00,100,225,0,205,80,0
10/26/2024 08:15,151,97,0,76,130,0
10/26/2024 08:30,140,97,0,79,122,0
10/26/2024 08:45,214,150,0,132,196,0
10/26/2024 09:00,151,84,0,71,138,0
10/26/2024 09:15,163,73,0,53,143,0
10/26/2024 09:30,341,83,0,61,319,0
10/26/2024 09:45,457,113,0,96,440,0
10/26/2024 10:00,538,87,0,67,518,0
10/26/2024 10:15,632,150,0,132,614,0
10/26/2024 10:30,694,103,0,82,673,0
10/26/2024 10:45,799,98,0,80,781,0
10/26/2024 11:00,961,407,0,382,936,0
10/26/2024 11:15,972,391,0,312,893,0
10/26/2024 11:30,1070,89,0,69,1050,0
10/26/2024 11:45,1084,78,0,59,1065,0
10/26/2024 12:00,1106,100,0,83,1089,0
10/26/2024 12:15,1100,73,0,25,1052,0
10/26/2024 12:30,1061,69,0,41,1033,0
10/26/2024 12:45,344,83,0,22,283,0
10/26/2024 13:00,339,367,0,312,284,0
10/26/2024 13:15,1014,128,0,86,972,0
10/26/2024 13:30,1105,118,56,0,931,0
10/26/2024 13:45,1075,102,842,0,131,0
10/26/2024 14:00,1044,102,940,0,2,0
10/26/2024 14:15,915,286,603,0,26,0
10/26/2024 14:30,735,1081,0,362,16,0
10/26/2024 14:45,334,1129,0,799,4,0
10/26/2024 15:00,586,123,463,0,0,0
10/26/2024 15:15,433,89,324,0,20,0
10/26/2024 15:30,182,76,86,0,20,0
10/26/2024 15:45,260,117,143,0,0,0
10/26/2024 16:00,272,509,255,0,0,492
10/26/2024 16:15,203,183,203,0,0,183
10/26/2024 16:30,128,156,125,0,0,153
10/26/2024 16:45,64,155,57,0,0,148
10/26/2024 17:00,41,141,36,0,0,136
10/26/2024 17:15,23,108,18,0,0,103
10/26/2024 17:30,6,105,0,0,0,99
10/26/2024 17:45,0,163,0,5,0,158
10/26/2024 18:00,0,158,0,5,0,153
10/26/2024 18:15,0,102,0,5,0,97
10/26/2024 18:30,0,471,0,7,0,464
10/26/2024 18:45,0,275,0,0,0,275
10/26/2024 19:00,0,120,0,5,0,115
10/26/2024 19:15,0,86,0,5,0,81
10/26/2024 19:30,0,95,0,7,0,88
10/26/2024 19:45,0,183,0,6,0,177
10/26/2024 20:00,0,130,0,17,10,123
10/26/2024 20:15,0,332,0,11,0,321
10/26/2024 20:30,0,368,0,10,0,358
10/26/2024 20:45,0,157,0,7,0,150
10/26/2024 21:00,0,219,0,10,0,209
10/26/2024 21:15,0,285,0,9,0,276
10/26/2024 21:30,0,260,0,8,0,252
10/26/2024 21:45,0,366,0,12,0,354
10/26/2024 22:00,0,436,0,11,0,425
10/26/2024 22:15,0,152,0,10,0,142
10/26/2024 22:30,0,132,0,7,0,125
10/26/2024 22:45,0,135,0,7,0,128
10/26/2024 23:00,0,265,0,12,0,253
10/26/2024 23:15,0,416,0,10,0,406
10/26/2024 23:30,0,103,0,7,0,96
10/26/2024 23:45,0,81,0,9,0,72
10/27/2024 00:00,0,103,0,9,0,94
10/27/2024 00:15,0,371,0,13,0,358
10/27/2024 00:30,0,333,0,10,0,323
10/27/2024 00:45,0,77,0,8,0,69
10/27/2024 01:00,0,97,0,7,0,90
10/27/2024 01:15,0,182,0,11,0,171
10/27/2024 01:30,0,631,0,15,0,616
10/27/2024 01:45,0,109,0,7,0,102
10/27/2024 02:00,0,76,0,10,0,66
10/27/2024 02:15,0,159,0,11,0,148
10/27/2024 02:30,0,512,0,11,0,501
10/27/2024 02:45,0,486,0,8,0,478
10/27/2024 03:00,0,154,0,7,1,148
10/27/2024 03:15,0,75,0,9,0,66
10/27/2024 03:30,0,508,0,11,0,497
10/27/2024 03:45,0,152,0,6,0,146
10/27/2024 04:00,0,93,0,7,0,86
10/27/2024 04:15,0,204,0,13,0,191
10/27/2024 04:30,0,546,0,11,0,535
10/27/2024 04:45,0,444,0,100,0,344
10/27/2024 05:00,0,427,0,429,2,0
10/27/2024 05:15,0,340,0,340,0,0
10/27/2024 05:30,0,182,0,183,1,0
10/27/2024 05:45,0,76,0,78,2,0
10/27/2024 06:00,0,207,0,207,0,0
10/27/2024 06:15,0,736,0,743,7,0
10/27/2024 06:30,0,421,0,458,39,2
10/27/2024 06:45,0,531,0,547,18,2
10/27/2024 07:00,0,1028,0,1029,1,0
10/27/2024 07:15,0,341,0,341,0,0
10/27/2024 07:30,17,186,0,172,3,0
10/27/2024 07:45,46,797,0,781,30,0
10/27/2024 08:00,107,712,0,691,86,0
10/27/2024 08:15,167,619,0,601,149,0
10/27/2024 08:30,163,561,0,545,147,0
10/27/2024 08:45,114,472,0,458,100,0
10/27/2024 09:00,121,285,0,266,102,0
10/27/2024 09:15,168,83,0,63,148,0
10/27/2024 09:30,356,124,0,103,335,0
10/27/2024 09:45,483,227,0,208,464,0
10/27/2024 10:00,571,406,0,385,550,0
10/27/2024 10:15,668,617,0,598,649,0
10/27/2024 10:30,737,1057,0,1038,718,0
10/27/2024 10:45,841,1380,0,1359,820,0
10/27/2024 11:00,981,117,0,98,962,0
10/27/2024 11:15,1036,1024,0,1004,1016,0
10/27/2024 11:30,1082,707,0,689,1064,0
10/27/2024 11:45,1097,547,0,528,1078,0
10/27/2024 12:00,1118,312,0,294,1100,0
10/27/2024 12:15,1135,87,0,71,1119,0
10/27/2024 12:30,1132,101,0,86,1117,0
10/27/2024 12:45,1125,382,0,365,1108,0
10/27/2024 13:00,1117,612,0,595,1100,0
10/27/2024 13:15,1085,389,0,302,998,0
10/27/2024 13:30,1024,423,319,0,282,0
10/27/2024 13:45,951,191,722,0,38,0
10/27/2024 14:00,878,174,688,0,16,0
10/27/2024 14:15,793,208,573,0,12,0
10/27/2024 14:30,678,497,165,0,16,0
10/27/2024 14:45,520,339,159,0,22,0
10/27/2024 15:00,338,154,175,0,9,0
10/27/2024 15:15,217,170,21,0,26,0
10/27/2024 15:30,180,143,26,0,11,0
10/27/2024 15:45,205,152,34,0,19,0
10/27/2024 16:00,203,143,189,0,0,129
10/27/2024 16:15,162,93,158,0,0,89
10/27/2024 16:30,93,414,85,0,0,406
10/27/2024 16:45,64,287,62,0,0,285
10/27/2024 17:00,38,241,27,0,0,230
10/27/2024 17:15,19,327,17,0,0,325
10/27/2024 17:30,0,182,0,3,0,179
10/27/2024 17:45,0,177,0,8,0,169
10/27/2024 18:00,0,431,0,3,0,428
10/27/2024 18:15,0,155,0,8,0,147
10/27/2024 18:30,0,543,0,11,0,532
10/27/2024 18:45,0,678,0,0,0,678
10/27/2024 19:00,0,312,0,0,0,312
10/27/2024 19:15,0,289,0,13,0,276
10/27/2024 19:30,0,402,1,0,0,403
10/27/2024 19:45,0,174,0,5,0,169
10/27/2024 20:00,0,173,0,17,10,166
10/27/2024 20:15,0,456,0,14,0,442
10/27/2024 20:30,0,656,0,10,0,646
10/27/2024 20:45,0,318,0,8,0,310
10/27/2024 21:00,0,211,0,8,0,203
10/27/2024 21:15,0,304,0,12,0,292
10/27/2024 21:30,0,672,0,11,0,661
10/27/2024 21:45,0,284,0,7,0,277
10/27/2024 22:00,0,188,0,9,0,179
10/27/2024 22:15,0,367,0,11,0,356
10/27/2024 22:30,0,636,0,9,0,627
10/27/2024 22:45,0,201,0,10,0,191
10/27/2024 23:00,0,122,0,8,0,114
10/27/2024 23:15,0,234,0,11,0,223
10/27/2024 23:30,0,482,0,12,0,470
10/27/2024 23:45,0,85,0,7,0,78
10/28/2024 00:00,0,77,0,9,0,68
10/28/2024 00:15,0,258,0,12,0,246
10/28/2024 00:30,0,538,0,10,0,528
10/28/2024 00:45,0,92,0,9,0,83
10/28/2024 01:00,0,170,0,10,6,166
10/28/2024 01:15,0,671,0,10,0,661
10/28/2024 01:30,0,279,0,111,0,168
10/28/2024 01:45,0,73,0,74,1,0
10/28/2024 02:00,0,287,0,287,0,0
10/28/2024 02:15,0,283,0,283,0,0
10/28/2024 02:30,0,77,0,77,0,0
10/28/2024 02:45,0,119,0,119,0,0
10/28/2024 03:00,0,493,0,512,19,0
10/28/2024 03:15,0,433,0,467,38,4
10/28/2024 03:30,0,314,0,316,3,1
10/28/2024 03:45,0,215,0,215,0,0
10/28/2024 04:00,0,288,0,289,1,0
10/28/2024 04:15,0,75,0,75,0,0
10/28/2024 04:30,0,113,0,125,12,0
10/28/2024 04:45,0,504,0,534,30,0
10/28/2024 05:00,0,280,0,295,15,0
10/28/2024 05:15,0,542,0,542,0,0
10/28/2024 05:30,0,316,0,316,0,0
10/28/2024 05:45,0,550,0,557,7,0
10/28/2024 06:00,0,538,0,544,6,0
10/28/2024 06:15,0,554,0,578,24,0
10/28/2024 06:30,0,545,0,545,0,0
10/28/2024 06:45,0,575,0,587,12,0
10/28/2024 07:00,0,993,0,995,2,0
10/28/2024 07:15,4,542,0,552,14,0
10/28/2024 07:30,40,140,0,125,25,0
10/28/2024 07:45,74,642,0,623,55,0
10/28/2024 08:00,103,692,0,674,85,0
10/28/2024 08:15,168,561,0,540,147,0
10/28/2024 08:30,269,499,0,483,253,0
10/28/2024 08:45,228,547,0,526,207,0
10/28/2024 09:00,333,518,0,503,318,0
10/28/2024 09:15,238,519,0,506,225,0
10/28/2024 09:30,288,527,0,504,265,0
10/28/2024 09:45,489,204,0,191,476,0
10/28/2024 10:00,291,282,0,265,274,0
10/28/2024 10:15,472,508,0,487,451,0
10/28/2024 10:30,614,763,0,741,592,0
10/28/2024 10:45,564,1778,0,1759,545,0
10/28/2024 11:00,756,565,0,515,706,0
10/28/2024 11:15,682,113,0,63,632,0
10/28/2024 11:30,689,118,0,69,640,0
10/28/2024 11:45,865,493,0,471,843,0
10/28/2024 12:00,924,569,0,455,810,0
10/28/2024 12:15,1112,349,0,321,1084,0
10/28/2024 12:30,1077,329,0,297,1045,0
10/28/2024 12:45,660,111,0,81,630,0
10/28/2024 13:00,704,162,0,128,670,0
10/28/2024 13:15,788,160,0,73,701,0
10/28/2024 13:30,1007,92,0,70,985,0
10/28/2024 13:45,916,97,0,82,901,0
10/28/2024 14:00,838,417,0,403,824,0
10/28/2024 14:15,756,406,0,390,740,0
10/28/2024 14:30,646,83,185,0,378,0
10/28/2024 14:45,487,71,406,0,10,0
10/28/2024 15:00,321,75,236,0,10,0
10/28/2024 15:15,210,95,85,0,30,0
10/28/2024 15:30,171,249,0,80,2,0
10/28/2024 15:45,193,496,0,343,40,0
10/28/2024 16:00,193,174,182,0,0,163
10/28/2024 16:15,162,90,157,0,0,85
10/28/2024 16:30,113,176,103,0,0,166
10/28/2024 16:45,99,588,86,0,0,575
10/28/2024 17:00,56,460,58,0,0,462
10/28/2024 17:15,22,466,15,0,0,459
10/28/2024 17:30,4,429,0,0,0,425
10/28/2024 17:45,0,428,0,4,0,424
10/28/2024 18:00,0,366,0,4,0,362
10/28/2024 18:15,0,121,0,6,0,115
10/28/2024 18:30,0,113,0,7,0,106
10/28/2024 18:45,0,152,0,5,0,147
10/28/2024 19:00,0,189,0,4,0,185
10/28/2024 19:15,0,137,0,6,0,131
10/28/2024 19:30,0,238,0,5,0,233
10/28/2024 19:45,0,188,0,4,0,184
10/28/2024 20:00,0,241,0,18,15,238
10/28/2024 20:15,0,702,0,9,0,693
10/28/2024 20:30,0,987,0,14,0,973
10/28/2024 20:45,0,1018,0,8,0,1010
10/28/2024 21:00,0,673,0,12,0,661
10/28/2024 21:15,0,1008,0,6,0,1002
10/28/2024 21:30,0,693,0,8,0,685
10/28/2024 21:45,0,610,0,9,0,601
10/28/2024 22:00,0,209,0,10,0,199
10/28/2024 22:15,0,236,0,10,0,226
10/28/2024 22:30,0,584,0,9,0,575
10/28/2024 22:45,0,185,0,8,0,177
10/28/2024 23:00,0,143,0,10,0,133
10/28/2024 23:15,0,534,0,15,0,519
10/28/2024 23:30,0,490,0,256,1,235
10/28/2024 23:45,0,141,0,141,0,0
10/29/2024 00:00,0,160,0,162,2,0
10/29/2024 00:15,0,562,0,562,0,0
10/29/2024 00:30,0,147,0,147,0,0
10/29/2024 00:45,0,83,0,91,8,0
10/29/2024 01:00,0,396,0,441,48,3
10/29/2024 01:15,0,401,0,407,8,2
10/29/2024 01:30,0,577,0,577,0,0
10/29/2024 01:45,0,509,0,510,1,0
10/29/2024 02:00,0,356,0,356,0,0
10/29/2024 02:15,0,107,0,122,15,0
10/29/2024 02:30,0,176,0,218,44,2
10/29/2024 02:45,0,613,0,614,2,1
10/29/2024 03:00,0,111,0,111,0,0
10/29/2024 03:15,0,211,0,211,0,0
10/29/2024 03:30,0,653,0,663,10,0
10/29/2024 03:45,0,313,0,315,2,0
10/29/2024 04:00,0,90,0,107,19,2
10/29/2024 04:15,0,584,0,611,29,2
10/29/2024 04:30,0,131,0,131,0,0
10/29/2024 04:45,0,234,0,236,2,0
10/29/2024 05:00,0,596,0,606,10,0
10/29/2024 05:15,0,501,0,513,12,0
10/29/2024 05:30,0,124,0,129,5,0
10/29/2024 05:45,0,516,0,517,1,0
10/29/2024 06:00,0,187,0,215,28,0
10/29/2024 06:15,0,587,0,588,1,0
10/29/2024 06:30,0,765,0,776,11,0
10/29/2024 06:45,0,680,0,694,14,0
10/29/2024 07:00,0,1052,0,1052,0,0
10/29/2024 07:15,0,554,0,555,1,0
10/29/2024 07:30,0,553,0,574,21,0
10/29/2024 07:45,33,580,0,572,25,0
10/29/2024 08:00,152,645,0,623,130,0
10/29/2024 08:15,235,587,0,566,214,0
10/29/2024 08:30,250,449,0,432,233,0
10/29/2024 08:45,265,412,0,393,246,0
10/29/2024 09:00,342,354,0,335,323,0
10/29/2024 09:15,407,349,0,330,388,0
10/29/2024 09:30,532,359,0,339,512,0
10/29/2024 09:45,694,376,0,355,673,0
10/29/2024 10:00,669,442,0,423,650,0
10/29/2024 10:15,472,364,0,346,454,0
10/29/2024 10:30,756,374,0,354,736,0
10/29/2024 10:45,600,421,0,347,526,0
10/29/2024 11:00,539,426,0,412,525,0
10/29/2024 11:15,470,372,0,353,451,0
10/29/2024 11:30,456,345,0,330,441,0
10/29/2024 11:45,482,338,0,318,462,0
10/29/2024 12:00,457,294,0,176,339,0
10/29/2024 12:15,299,320,0,281,260,0
10/29/2024 12:30,288,349,0,330,269,0
10/29/2024 12:45,347,352,0,333,328,0
10/29/2024 13:00,395,209,0,192,378,0
10/29/2024 13:15,367,80,0,63,350,0
10/29/2024 13:30,326,108,0,94,312,0
10/29/2024 13:45,288,182,0,167,273,0
10/29/2024 14:00,305,472,0,453,286,0
10/29/2024 14:15,332,371,0,353,314,0
10/29/2024 14:30,311,302,0,288,297,0
10/29/2024 14:45,280,75,0,55,260,0
10/29/2024 15:00,325,78,0,61,308,0
10/29/2024 15:15,222,104,0,90,208,0
10/29/2024 15:30,157,82,0,68,143,0
10/29/2024 15:45,136,81,0,65,120,0
10/29/2024 16:00,87,177,101,0,2,193
10/29/2024 16:15,67,307,59,0,0,299
10/29/2024 16:30,58,211,54,0,0,207
10/29/2024 16:45,32,657,23,0,0,648
10/29/2024 17:00,22,570,19,0,0,567
10/29/2024 17:15,0,250,0,2,0,248
10/29/2024 17:30,0,163,0,5,0,158
10/29/2024 17:45,0,183,0,6,0,177
10/29/2024 18:00,0,413,0,17,0,396
10/29/2024 18:15,0,230,1,0,0,231
10/29/2024 18:30,0,144,0,6,0,138
10/29/2024 18:45,0,163,0,7,0,156
10/29/2024 19:00,0,222,0,2,0,220
10/29/2024 19:15,0,186,0,6,0,180
10/29/2024 19:30,0,161,0,2,0,159
10/29/2024 19:45,0,146,0,5,0,141
10/29/2024 20:00,0,154,0,15,8,147
10/29/2024 20:15,0,328,0,8,0,320
10/29/2024 20:30,0,406,0,3,0,403
10/29/2024 20:45,0,416,0,8,0,408
10/29/2024 21:00,0,380,0,7,0,373
10/29/2024 21:15,0,178,0,8,0,170
10/29/2024 21:30,0,150,0,6,0,144
10/29/2024 21:45,0,156,0,7,0,149
10/29/2024 22:00,0,142,0,8,0,134
10/29/2024 22:15,0,166,0,9,0,157
10/29/2024 22:30,0,284,0,11,0,273
10/29/2024 22:45,0,788,0,11,0,777
10/29/2024 23:00,0,368,0,5,0,363
10/29/2024 23:15,0,288,0,10,0,278
10/29/2024 23:30,0,408,0,5,0,403
10/29/2024 23:45,0,163,0,6,0,157
10/30/2024 00:00,0,137,0,7,0,130
10/30/2024 00:15,0,371,0,14,0,357
10/30/2024 00:30,0,338,0,11,0,327
10/30/2024 00:45,0,85,0,10,0,75
10/30/2024 01:00,0,110,0,8,0,102
10/30/2024 01:15,0,313,0,15,0,298
10/30/2024 01:30,0,571,0,7,0,564
10/30/2024 01:45,0,139,0,10,0,129
10/30/2024 02:00,0,86,0,8,0,78
10/30/2024 02:15,0,189,0,11,0,178
10/30/2024 02:30,0,438,0,12,0,426
10/30/2024 02:45,0,75,0,19,0,56
10/30/2024 03:00,0,83,0,86,3,0
10/30/2024 03:15,0,138,0,406,268,0
10/30/2024 03:30,0,205,0,1137,932,0
10/30/2024 03:45,0,364,0,451,87,0
10/30/2024 04:00,0,105,0,166,61,0
10/30/2024 04:15,0,117,0,153,36,0
10/30/2024 04:30,0,95,0,120,25,0
10/30/2024 04:45,0,485,0,485,0,0
10/30/2024 05:00,0,302,0,324,22,0
10/30/2024 05:15,0,123,0,127,4,0
10/30/2024 05:30,0,76,0,76,0,0
10/30/2024 05:45,0,126,0,127,1,0
10/30/2024 06:00,0,432,0,432,0,0
10/30/2024 06:15,0,90,0,91,1,0
10/30/2024 06:30,0,450,0,451,1,0
10/30/2024 06:45,0,400,0,416,16,0
10/30/2024 07:00,0,603,0,613,10,0
10/30/2024 07:15,0,281,0,298,17,0
10/30/2024 07:30,0,106,0,135,29,0
10/30/2024 07:45,3,450,0,473,26,0
10/30/2024 08:00,18,286,0,276,8,0
10/30/2024 08:15,39,524,0,505,20,0
10/30/2024 08:30,71,355,0,357,73,0
10/30/2024 08:45,108,327,0,310,91,0
10/30/2024 09:00,112,326,0,308,94,0
10/30/2024 09:15,163,456,0,437,144,0
10/30/2024 09:30,162,327,0,309,144,0
10/30/2024 09:45,328,356,0,336,308,0
10/30/2024 10:00,327,345,0,330,312,0
10/30/2024 10:15,385,365,0,346,366,0
10/30/2024 10:30,436,351,0,332,417,0
10/30/2024 10:45,520,106,0,88,502,0
10/30/2024 11:00,466,100,0,84,450,0
10/30/2024 11:15,374,96,0,78,356,0
10/30/2024 11:30,567,1230,0,1199,536,0
10/30/2024 11:45,642,1390,0,1364,616,0
10/30/2024 12:00,489,571,0,552,470,0
10/30/2024 12:15,678,84,0,57,651,0
10/30/2024 12:30,857,92,0,27,792,0
10/30/2024 12:45,719,107,0,76,688,0
10/30/2024 13:00,1055,134,0,112,1033,0
10/30/2024 13:15,925,114,0,92,903,0
10/30/2024 13:30,924,94,0,77,907,0
10/30/2024 13:45,518,103,0,89,504,0
10/30/2024 14:00,798,75,0,53,776,0
10/30/2024 14:15,954,77,0,62,939,0
10/30/2024 14:30,755,86,0,69,738,0
10/30/2024 14:45,589,100,0,86,575,0
10/30/2024 15:00,465,100,0,85,450,0
10/30/2024 15:15,331,90,0,73,314,0
10/30/2024 15:30,313,73,0,61,301,0
10/30/2024 15:45,265,73,0,58,250,0
10/30/2024 16:00,231,98,238,0,6,111
10/30/2024 16:15,199,89,195,0,0,85
10/30/2024 16:30,152,87,146,0,0,81
10/30/2024 16:45,112,114,105,0,0,107
10/30/2024 17:00,59,375,51,0,0,367
10/30/2024 17:15,22,144,18,0,0,140
10/30/2024 17:30,0,164,0,4,0,160
10/30/2024 17:45,0,157,0,6,0,151
10/30/2024 18:00,0,156,0,5,0,151
10/30/2024 18:15,0,137,0,7,0,130
10/30/2024 18:30,0,185,2,0,0,187
10/30/2024 18:45,0,180,0,5,0,175
10/30/2024 19:00,0,192,0,7,0,185
10/30/2024 19:15,0,198,0,3,0,195
10/30/2024 19:30,0,150,0,4,0,146
10/30/2024 19:45,0,132,0,8,0,124
10/30/2024 20:00,0,299,0,299,22,22
10/30/2024 20:15,0,356,0,356,0,0
10/30/2024 20:30,0,165,0,165,0,0
10/30/2024 20:45,0,153,0,159,6,0
10/30/2024 21:00,0,150,0,152,2,0
10/30/2024 21:15,0,167,0,167,0,0
10/30/2024 21:30,0,235,0,237,2,0
10/30/2024 21:45,0,218,0,224,6,0
10/30/2024 22:00,0,249,0,253,4,0
10/30/2024 22:15,0,210,0,214,4,0
10/30/2024 22:30,0,162,0,164,2,0
10/30/2024 22:45,0,163,0,167,4,0
10/30/2024 23:00,0,73,0,77,4,0
10/30/2024 23:15,0,87,0,93,6,0
10/30/2024 23:30,0,129,0,133,4,0
10/30/2024 23:45,0,90,0,96,6,0
10/31/2024 00:00,0,102,0,106,4,0
10/31/2024 00:15,0,73,0,79,6,0
10/31/2024 00:30,0,125,0,129,4,0
10/31/2024 00:45,0,84,0,88,4,0
10/31/2024 01:00,0,86,0,90,4,0
10/31/2024 01:15,0,73,0,79,6,0
10/31/2024 01:30,0,151,0,157,6,0
10/31/2024 01:45,0,85,0,89,4,0
10/31/2024 02:00,0,72,0,78,6,0
10/31/2024 02:15,0,73,0,79,6,0
10/31/2024 02:30,0,96,0,102,6,0
10/31/2024 02:45,0,189,0,194,5,0
10/31/2024 03:00,0,360,0,365,5,0
10/31/2024 03:15,0,149,0,155,6,0
10/31/2024 03:30,0,73,0,79,6,0
10/31/2024 03:45,0,71,0,77,6,0
10/31/2024 04:00,0,83,0,88,5,0
10/31/2024 04:15,0,141,0,147,6,0
10/31/2024 04:30,0,72,0,79,7,0
10/31/2024 04:45,0,94,0,99,5,0
10/31/2024 05:00,0,94,0,99,5,0
10/31/2024 05:15,0,195,0,201,6,0
10/31/2024 05:30,0,360,0,367,7,0
10/31/2024 05:45,0,94,0,99,5,0
10/31/2024 06:00,0,88,0,94,6,0
10/31/2024 06:15,0,79,0,85,6,0
10/31/2024 06:30,0,120,0,126,6,0
10/31/2024 06:45,0,236,0,239,3,0
10/31/2024 07:00,0,175,0,179,4,0
10/31/2024 07:15,0,117,0,121,4,0
10/31/2024 07:30,23,139,0,123,7,0
10/31/2024 07:45,63,139,0,116,40,0
10/31/2024 08:00,111,138,0,116,89,0
10/31/2024 08:15,182,117,0,97,162,0
10/31/2024 08:30,206,91,0,73,188,0
10/31/2024 08:45,196,105,0,88,179,0
10/31/2024 09:00,213,113,0,94,194,0
10/31/2024 09:15,254,88,0,72,238,0
10/31/2024 09:30,366,74,0,50,342,0
10/31/2024 09:45,531,112,0,93,512,0
10/31/2024 10:00,630,212,0,192,610,0
10/31/2024 10:15,694,393,0,375,676,0
10/31/2024 10:30,667,339,0,325,653,0
10/31/2024 10:45,703,1013,0,993,683,0
10/31/2024 11:00,767,1428,0,1411,750,0
10/31/2024 11:15,906,1397,0,1377,886,0
10/31/2024 11:30,974,1402,0,1383,955,0
10/31/2024 11:45,923,1041,0,977,859,0
10/31/2024 12:00,999,112,508,0,379,0
10/31/2024 12:15,1030,89,620,0,321,0
10/31/2024 12:30,1012,157,648,0,207,0
10/31/2024 12:45,1008,134,690,0,184,0
10/31/2024 13:00,745,113,532,0,100,0
10/31/2024 13:15,843,77,654,0,112,0
10/31/2024 13:30,734,73,590,0,71,0
10/31/2024 13:45,576,101,467,0,8,0
10/31/2024 14:00,678,103,555,0,20,0
10/31/2024 14:15,557,137,389,0,31,0
10/31/2024 14:30,495,78,402,0,15,0
10/31/2024 14:45,306,79,201,0,26,0
10/31/2024 15:00,164,101,41,0,22,0
10/31/2024 15:15,149,90,39,0,20,0
10/31/2024 15:30,156,77,69,0,10,0
10/31/2024 15:45,187,79,108,0,0,0
10/31/2024 16:00,177,188,164,0,2,177
10/31/2024 16:15,123,211,119,0,0,207
10/31/2024 16:30,75,234,69,0,0,228
10/31/2024 16:45,41,178,38,0,0,175
10/31/2024 17:00,18,116,14,0,0,112
10/31/2024 17:15,2,144,0,3,0,139
10/31/2024 17:30,0,166,0,10,0,156
10/31/2024 17:45,0,330,0,4,0,326
10/31/2024 18:00,0,176,0,5,0,171
10/31/2024 18:15,0,149,0,3,0,146
10/31/2024 18:30,0,163,0,6,0,157
10/31/2024 18:45,0,184,0,7,0,177
10/31/2024 19:00,0,191,0,4,0,187
10/31/2024 19:15,0,149,0,4,0,145
10/31/2024 19:30,0,184,0,8,0,176
10/31/2024 19:45,0,160,0,5,0,155
10/31/2024 20:00,0,185,0,194,26,17
10/31/2024 20:15,0,235,0,241,6,0
10/31/2024 20:30,0,241,0,243,2,0
10/31/2024 20:45,0,196,0,200,4,0
10/31/2024 21:00,0,211,0,215,4,0
10/31/2024 21:15,0,219,0,221,2,0
10/31/2024 21:30,0,362,0,362,0,0
10/31/2024 21:45,0,245,0,245,0,0
10/31/2024 22:00,0,276,0,278,2,0
10/31/2024 22:15,0,309,0,311,2,0
10/31/2024 22:30,0,212,0,215,3,0
10/31/2024 22:45,0,231,0,234,3,0
10/31/2024 23:00,0,257,0,262,5,0
10/31/2024 23:15,0,83,0,34,25,74
10/31/2024 23:30,0,118,0,10,0,108
10/31/2024 23:45,0,131,0,8,0,123
