Date/Time,Energy Produced (Wh),Energy Consumed (Wh),Exported to Grid (Wh),Imported from Grid (Wh),Stored in batteries (Wh),Discharged from batteries (Wh)
11/01/2025 00:00,0,550,38,0,0,588
11/01/2025 00:15,0,266,4,0,0,270
11/01/2025 00:30,0,145,0,2,0,143
11/01/2025 00:45,0,172,5,0,0,177
11/01/2025 01:00,0,234,0,165,17,86
11/01/2025 01:15,0,420,0,430,10,0
11/01/2025 01:30,0,298,0,303,5,0
11/01/2025 01:45,0,166,0,172,6,0
11/01/2025 02:00,0,169,0,174,5,0
11/01/2025 02:15,0,220,0,226,6,0
11/01/2025 02:30,0,495,0,500,5,0
11/01/2025 02:45,0,230,0,235,5,0
11/01/2025 03:00,0,168,0,210,42,0
11/01/2025 03:15,0,143,0,204,61,0
11/01/2025 03:30,0,454,0,462,8,0
11/01/2025 03:45,0,305,0,311,6,0
11/01/2025 04:00,0,141,0,146,5,0
11/01/2025 04:15,0,145,0,235,90,0
11/01/2025 04:30,0,281,0,292,11,0
11/01/2025 04:45,0,544,0,551,7,0
11/01/2025 05:00,0,144,0,150,6,0
11/01/2025 05:15,0,148,0,229,81,0
11/01/2025 05:30,0,193,0,203,10,0
11/01/2025 05:45,0,522,0,528,6,0
11/01/2025 06:00,0,152,0,158,6,0
11/01/2025 06:15,0,155,0,250,95,0
11/01/2025 06:30,0,544,0,552,8,0
11/01/2025 06:45,0,570,0,575,5,0
11/01/2025 07:00,0,440,0,446,6,0
11/01/2025 07:15,0,473,0,478,5,0
11/01/2025 07:30,6,576,0,654,84,0
11/01/2025 07:45,26,588,0,582,20,0
11/01/2025 08:00,108,503,0,496,101,0
11/01/2025 08:15,213,527,0,532,218,0
11/01/2025 08:30,210,150,0,157,217,0
11/01/2025 08:45,172,155,0,161,178,0
11/01/2025 09:00,175,173,0,175,177,0
11/01/2025 09:15,242,149,0,149,242,0
11/01/2025 09:30,362,145,0,145,362,0
11/01/2025 09:45,494,240,0,239,493,0
11/01/2025 10:00,559,150,0,152,561,0
11/01/2025 10:15,629,176,0,184,637,0
11/01/2025 10:30,705,216,0,217,706,0
11/01/2025 10:45,794,617,0,618,795,0
11/01/2025 11:00,912,391,0,392,913,0
11/01/2025 11:15,999,401,0,409,1007,0
11/01/2025 11:30,1040,400,0,413,1053,0
11/01/2025 11:45,1055,198,0,212,1069,0
11/01/2025 12:00,1066,153,0,167,1080,0
11/01/2025 12:15,1080,145,0,171,1106,0
11/01/2025 12:30,1083,525,0,545,1103,0
11/01/2025 12:45,1075,511,0,530,1094,0
11/01/2025 13:00,1054,177,0,186,1063,0
11/01/2025 13:15,1009,568,0,178,619,0
11/01/2025 13:30,947,156,635,0,156,0
11/01/2025 13:45,868,722,0,17,163,0
11/01/2025 14:00,796,1100,0,412,108,0
11/01/2025 14:15,703,1052,0,418,69,0
11/01/2025 14:30,570,1030,0,532,72,0
11/01/2025 14:45,414,1264,0,913,63,0
11/01/2025 15:00,261,1063,0,834,32,0
11/01/2025 15:15,168,1082,0,952,38,0
11/01/2025 15:30,135,1143,0,1028,20,0
11/01/2025 15:45,154,1147,0,1034,41,0
11/01/2025 16:00,172,253,129,0,0,210
11/01/2025 16:15,144,224,142,0,0,222
11/01/2025 16:30,88,157,85,0,0,154
11/01/2025 16:45,55,213,51,0,0,209
11/01/2025 17:00,30,173,28,0,0,171
11/01/2025 17:15,15,225,11,0,0,221
11/01/2025 17:30,1,599,0,2,0,596
11/01/2025 17:45,0,441,8,0,0,449
11/01/2025 18:00,0,229,0,2,1,228
11/01/2025 18:15,0,508,0,9,0,499
11/01/2025 18:30,0,297,8,0,0,305
11/01/2025 18:45,0,262,0,5,0,257
11/01/2025 19:00,0,265,0,3,0,262
11/01/2025 19:15,0,324,4,0,0,328
11/01/2025 19:30,0,274,0,4,0,270
11/01/2025 19:45,0,540,0,7,0,533
11/01/2025 20:00,0,315,0,15,13,313
11/01/2025 20:15,0,285,0,3,0,282
11/01/2025 20:30,0,671,17,0,0,688
11/01/2025 20:45,0,1122,13,0,0,1135
11/01/2025 21:00,0,2026,17,0,0,2043
11/01/2025 21:15,0,1051,1,0,0,1052
11/01/2025 21:30,0,583,14,0,0,597
11/01/2025 21:45,0,379,4,0,0,383
11/01/2025 22:00,0,275,20,0,0,295
11/01/2025 22:15,0,371,0,6,0,365
11/01/2025 22:30,0,650,0,557,16,109
11/01/2025 22:45,0,290,0,299,9,0
11/01/2025 23:00,0,215,0,220,5,0
11/01/2025 23:15,0,148,0,154,6,0
11/01/2025 23:30,0,423,0,427,4,0
11/01/2025 23:45,0,343,0,347,4,0
11/02/2025 00:00,0,176,0,182,6,0
11/02/2025 00:15,0,147,0,153,6,0
11/02/2025 00:30,0,284,0,290,6,0
11/02/2025 00:45,0,523,0,529,6,0
11/02/2025 01:00,0,248,0,252,4,0
11/02/2025 01:15,0,167,0,173,6,0
11/02/2025 01:30,0,319,0,325,6,0
11/02/2025 01:45,0,595,0,601,6,0
11/02/2025 01:00,0,157,0,246,89,0
11/02/2025 01:15,0,168,0,176,8,0
11/02/2025 01:30,0,326,0,332,6,0
11/02/2025 01:45,0,682,0,688,6,0
11/02/2025 02:00,0,165,0,256,91,0
11/02/2025 02:15,0,154,0,162,8,0
11/02/2025 02:30,0,573,0,579,6,0
11/02/2025 02:45,0,315,0,320,5,0
11/02/2025 03:00,0,164,0,247,83,0
11/02/2025 03:15,0,285,0,293,8,0
11/02/2025 03:30,0,516,0,523,7,0
11/02/2025 03:45,0,118,0,125,7,0
11/02/2025 04:00,0,186,0,269,83,0
11/02/2025 04:15,0,649,0,657,8,0
11/02/2025 04:30,0,148,0,154,6,0
11/02/2025 04:45,0,239,0,243,4,0
11/02/2025 05:00,0,601,0,676,75,0
11/02/2025 05:15,0,137,0,144,7,0
11/02/2025 05:30,0,110,0,115,5,0
11/02/2025 05:45,0,613,0,680,67,0
11/02/2025 06:00,0,228,0,235,7,0
11/02/2025 06:15,0,134,0,203,69,0
11/02/2025 06:30,8,792,0,792,8,0
11/02/2025 06:45,34,432,0,404,6,0
11/02/2025 07:00,116,202,0,200,114,0
11/02/2025 07:15,216,1579,0,1582,219,0
11/02/2025 07:30,218,1645,0,1653,226,0
11/02/2025 07:45,181,1492,0,1499,188,0
11/02/2025 08:00,182,1469,0,1473,186,0
11/02/2025 08:15,246,1472,0,1478,252,0
11/02/2025 08:30,357,1419,0,1415,353,0
11/02/2025 08:45,494,1305,0,1316,505,0
11/02/2025 09:00,554,1279,0,1285,560,0
11/02/2025 09:15,627,1275,0,1292,644,0
11/02/2025 09:30,696,1288,0,1290,698,0
11/02/2025 09:45,784,1305,0,1320,799,0
11/02/2025 10:00,901,1284,0,1284,901,0
11/02/2025 10:15,979,1237,0,1250,992,0
11/02/2025 10:30,1036,1008,0,1025,1053,0
11/02/2025 10:45,1052,1025,0,1038,1065,0
11/02/2025 11:00,1068,1032,0,1037,1073,0
11/02/2025 11:15,1080,1091,0,1105,1094,0
11/02/2025 11:30,1082,1067,0,1080,1095,0
11/02/2025 11:45,1074,1027,0,1041,1088,0
11/02/2025 12:00,1051,1020,0,1035,1066,0
11/02/2025 12:15,1004,1357,0,1140,787,0
11/02/2025 12:30,944,1568,0,782,158,0
11/02/2025 12:45,866,1178,0,382,70,0
11/02/2025 13:00,792,1102,0,381,71,0
11/02/2025 13:15,693,1268,0,611,36,0
11/02/2025 13:30,559,991,0,454,22,0
11/02/2025 13:45,399,986,0,640,53,0
11/02/2025 14:00,242,1009,0,767,0,0
11/02/2025 14:15,163,1206,0,1049,6,0
11/02/2025 14:30,132,1061,0,943,14,0
11/02/2025 14:45,145,1039,0,935,41,0
11/02/2025 15:00,165,1315,0,1164,14,0
11/02/2025 15:15,140,1296,0,1176,20,0
11/02/2025 15:30,89,1457,0,1390,22,0
11/02/2025 15:45,53,1270,0,1225,8,0
11/02/2025 16:00,30,212,42,0,0,224
11/02/2025 16:15,14,167,10,0,0,163
11/02/2025 16:30,0,189,0,3,0,186
11/02/2025 16:45,0,214,0,4,0,210
11/02/2025 17:00,0,207,0,2,0,205
11/02/2025 17:15,0,206,0,2,0,204
11/02/2025 17:30,0,564,14,0,0,578
11/02/2025 17:45,0,755,8,0,0,763
11/02/2025 18:00,0,312,3,0,0,315
11/02/2025 18:15,0,420,0,4,0,416
11/02/2025 18:30,0,370,0,2,0,368
11/02/2025 18:45,0,367,0,7,0,360
11/02/2025 19:00,0,605,3,0,0,608
11/02/2025 19:15,0,266,1,0,0,267
11/02/2025 19:30,0,222,0,5,0,217
11/02/2025 19:45,0,246,0,3,0,243
11/02/2025 20:00,0,304,3,18,18,307
11/02/2025 20:15,0,534,0,2,0,532
11/02/2025 20:30,0,1840,21,0,0,1861
11/02/2025 20:45,0,1559,18,0,0,1577
11/02/2025 21:00,0,337,2,0,0,339
11/02/2025 21:15,0,560,0,1,0,559
11/02/2025 21:30,0,843,21,0,0,864
11/02/2025 21:45,0,771,9,0,0,780
11/02/2025 22:00,0,351,0,259,25,117
11/02/2025 22:15,0,257,0,265,8,0
11/02/2025 22:30,0,589,0,596,7,0
11/02/2025 22:45,0,461,0,468,7,0
11/02/2025 23:00,0,1048,0,1052,4,0
11/02/2025 23:15,0,1026,0,1027,1,0
11/02/2025 23:30,0,1212,0,1217,5,0
11/02/2025 23:45,0,1517,0,1523,6,0
11/03/2025 00:00,0,1046,0,1048,2,0
11/03/2025 00:15,0,1051,0,1051,0,0
11/03/2025 00:30,0,1460,0,1462,2,0
11/03/2025 00:45,0,1251,0,1255,4,0
11/03/2025 01:00,0,1079,0,1083,4,0
11/03/2025 01:15,0,1093,0,1169,76,0
11/03/2025 01:30,0,1541,0,1549,9,1
11/03/2025 01:45,0,1059,0,1066,7,0
11/03/2025 02:00,0,1020,0,1024,4,0
11/03/2025 02:15,0,1349,0,1424,75,0
11/03/2025 02:30,0,1391,0,1399,8,0
11/03/2025 02:45,0,1031,0,1036,5,0
11/03/2025 03:00,0,580,0,649,69,0
11/03/2025 03:15,0,628,0,637,9,0
11/03/2025 03:30,0,242,0,250,8,0
11/03/2025 03:45,0,163,0,168,5,0
11/03/2025 04:00,0,454,0,528,74,0
11/03/2025 04:15,0,574,0,581,7,0
11/03/2025 04:30,0,143,0,148,5,0
11/03/2025 04:45,0,147,0,219,72,0
11/03/2025 05:00,0,621,0,629,8,0
11/03/2025 05:15,0,321,0,327,6,0
11/03/2025 05:30,0,153,0,221,68,0
11/03/2025 05:45,0,545,0,552,7,0
11/03/2025 06:00,0,559,0,565,6,0
11/03/2025 06:15,0,390,0,394,4,0
11/03/2025 06:30,6,376,0,493,123,0
11/03/2025 06:45,53,426,0,381,8,0
11/03/2025 07:00,101,594,0,593,100,0
11/03/2025 07:15,136,699,0,705,142,0
11/03/2025 07:30,178,1031,0,1036,183,0
11/03/2025 07:45,166,532,0,539,173,0
11/03/2025 08:00,177,497,0,505,185,0
11/03/2025 08:15,163,492,0,497,168,0
11/03/2025 08:30,181,436,0,441,186,0
11/03/2025 08:45,220,486,0,489,223,0
11/03/2025 09:00,226,428,0,434,232,0
11/03/2025 09:15,225,435,0,436,226,0
11/03/2025 09:30,407,461,0,468,414,0
11/03/2025 09:45,554,426,0,437,565,0
11/03/2025 10:00,701,415,0,422,708,0
11/03/2025 10:15,614,527,0,536,623,0
11/03/2025 10:30,487,433,0,451,505,0
11/03/2025 10:45,506,450,0,463,519,0
11/03/2025 11:00,533,406,0,423,550,0
11/03/2025 11:15,642,388,0,408,662,0
11/03/2025 11:30,479,368,0,377,488,0
11/03/2025 11:45,405,164,0,177,418,0
11/03/2025 12:00,505,160,0,174,519,0
11/03/2025 12:15,371,135,0,144,380,0
11/03/2025 12:30,253,139,0,146,260,0
11/03/2025 12:45,173,134,0,141,180,0
11/03/2025 13:00,139,165,0,173,147,0
11/03/2025 13:15,144,138,0,143,149,0
11/03/2025 13:30,170,165,0,170,175,0
11/03/2025 13:45,191,156,0,159,194,0
11/03/2025 14:00,164,443,0,452,173,0
11/03/2025 14:15,128,463,0,467,132,0
11/03/2025 14:30,261,433,0,439,267,0
11/03/2025 14:45,265,406,0,415,274,0
11/03/2025 15:00,191,400,0,1548,1339,0
11/03/2025 15:15,143,415,0,2426,2154,0
11/03/2025 15:30,43,572,0,2180,1651,0
11/03/2025 15:45,20,205,0,347,162,0
11/03/2025 16:00,12,166,9,0,0,163
11/03/2025 16:15,5,460,0,0,0,455
11/03/2025 16:30,0,507,3,0,0,510
11/03/2025 16:45,0,483,2,0,0,485
11/03/2025 17:00,0,558,0,2,0,556
11/03/2025 17:15,0,519,4,0,0,523
11/03/2025 17:30,0,968,10,0,0,978
11/03/2025 17:45,0,467,5,0,0,472
11/03/2025 18:00,0,532,0,3,0,529
11/03/2025 18:15,0,253,0,0,0,253
11/03/2025 18:30,0,447,0,7,0,440
11/03/2025 18:45,0,313,0,1,0,312
11/03/2025 19:00,0,419,0,2,0,417
11/03/2025 19:15,0,496,4,0,0,500
11/03/2025 19:30,0,253,1,0,0,254
11/03/2025 19:45,0,229,0,3,0,226
11/03/2025 20:00,0,228,0,24,23,227
11/03/2025 20:15,0,598,4,0,0,602
11/03/2025 20:30,0,287,5,0,0,292
11/03/2025 20:45,0,274,7,0,0,281
11/03/2025 21:00,0,613,18,0,0,631
11/03/2025 21:15,0,641,9,0,0,650
11/03/2025 21:30,0,616,13,0,0,629
11/03/2025 21:45,0,355,10,0,0,365
11/03/2025 22:00,0,560,19,0,0,579
11/03/2025 22:15,0,494,5,0,0,499
11/03/2025 22:30,0,711,0,577,16,150
11/03/2025 22:45,0,631,0,642,11,0
11/03/2025 23:00,0,273,0,278,5,0
11/03/2025 23:15,0,215,0,219,4,0
11/03/2025 23:30,0,244,0,247,3,0
11/03/2025 23:45,0,400,0,403,3,0
11/04/2025 00:00,0,438,0,444,6,0
11/04/2025 00:15,0,153,0,159,6,0
11/04/2025 00:30,0,215,0,221,6,0
11/04/2025 00:45,0,197,0,202,5,0
11/04/2025 01:00,0,537,0,542,5,0
11/04/2025 01:15,0,205,0,211,6,0
11/04/2025 01:30,0,149,0,155,6,0
11/04/2025 01:45,0,168,0,174,6,0
11/04/2025 02:00,0,178,0,269,91,0
11/04/2025 02:15,0,560,0,571,11,0
11/04/2025 02:30,0,198,0,204,6,0
11/04/2025 02:45,0,144,0,149,5,0
11/04/2025 03:00,0,166,0,172,6,0
11/04/2025 03:15,0,483,0,576,93,0
11/04/2025 03:30,0,346,0,354,8,0
11/04/2025 03:45,0,141,0,147,6,0
11/04/2025 04:00,0,149,0,154,5,0
11/04/2025 04:15,0,525,0,530,5,0
11/04/2025 04:30,0,289,0,378,89,0
11/04/2025 04:45,0,140,0,148,8,0
11/04/2025 05:00,0,184,0,189,5,0
11/04/2025 05:15,0,568,0,574,6,0
11/04/2025 05:30,0,190,0,280,90,0
11/04/2025 05:45,0,144,0,151,7,0
11/04/2025 06:00,0,394,0,398,4,0
11/04/2025 06:15,0,545,0,547,2,0
11/04/2025 06:30,2,426,0,506,82,0
11/04/2025 06:45,22,437,0,425,10,0
11/04/2025 07:00,110,518,0,516,108,0
11/04/2025 07:15,206,264,0,268,210,0
11/04/2025 07:30,201,469,0,477,209,0
11/04/2025 07:45,163,1570,0,1576,169,0
11/04/2025 08:00,165,1364,0,1372,173,0
11/04/2025 08:15,227,1118,0,1119,228,0
11/04/2025 08:30,346,488,0,486,344,0
11/04/2025 08:45,479,153,0,163,489,0
11/04/2025 09:00,526,174,0,180,532,0
11/04/2025 09:15,603,157,0,176,622,0
11/04/2025 09:30,681,140,0,152,693,0
11/04/2025 09:45,767,138,0,150,779,0
11/04/2025 10:00,879,151,0,155,883,0
11/04/2025 10:15,961,163,0,172,970,0
11/04/2025 10:30,1018,135,0,162,1045,0
11/04/2025 10:45,1038,135,0,161,1064,0
11/04/2025 11:00,1056,136,0,155,1075,0
11/04/2025 11:15,1069,242,0,256,1083,0
11/04/2025 11:30,1073,523,0,541,1091,0
11/04/2025 11:45,991,435,0,450,1006,0
11/04/2025 12:00,1015,413,0,407,1009,0
11/04/2025 12:15,1035,359,0,389,1065,0
11/04/2025 12:30,1047,170,659,0,218,0
11/04/2025 12:45,902,144,655,0,103,0
11/04/2025 13:00,691,138,426,0,127,0
11/04/2025 13:15,617,137,457,0,23,0
11/04/2025 13:30,603,155,437,0,11,0
11/04/2025 13:45,473,163,256,0,54,0
11/04/2025 14:00,290,146,124,0,20,0
11/04/2025 14:15,200,139,53,0,8,0
11/04/2025 14:30,163,138,0,10,35,0
11/04/2025 14:45,168,166,0,4,6,0
11/04/2025 15:00,182,157,6,0,19,0
11/04/2025 15:15,158,137,2,0,19,0
11/04/2025 15:30,93,498,0,413,8,0
11/04/2025 15:45,50,480,0,472,42,0
11/04/2025 16:00,28,438,26,0,2,438
11/04/2025 16:15,11,427,12,0,0,428
11/04/2025 16:30,0,434,0,2,0,432
11/04/2025 16:45,0,444,0,3,0,441
11/04/2025 17:00,0,545,0,5,0,540
11/04/2025 17:15,0,484,2,0,0,486
11/04/2025 17:30,0,767,10,0,0,777
11/04/2025 17:45,0,486,11,0,0,497
11/04/2025 18:00,0,556,1,0,0,557
11/04/2025 18:15,0,256,0,3,0,253
11/04/2025 18:30,0,322,0,0,0,322
11/04/2025 18:45,0,532,6,0,0,538
11/04/2025 19:00,0,216,0,3,0,213
11/04/2025 19:15,0,254,0,4,0,250
11/04/2025 19:30,0,784,0,10,0,774
11/04/2025 19:45,0,676,7,0,0,683
11/04/2025 20:00,0,522,21,20,20,543
11/04/2025 20:15,0,506,0,2,0,504
11/04/2025 20:30,0,584,2,0,0,586
11/04/2025 20:45,0,1825,28,0,0,1853
11/04/2025 21:00,0,1419,0,123,5,1301
11/04/2025 21:15,0,407,0,421,14,0
11/04/2025 21:30,0,993,0,1000,7,0
11/04/2025 21:45,0,836,0,843,7,0
11/04/2025 22:00,0,1003,0,1008,5,0
11/04/2025 22:15,0,463,0,469,6,0
11/04/2025 22:30,0,714,0,721,7,0
11/04/2025 22:45,0,273,0,279,6,0
11/04/2025 23:00,0,275,0,282,7,0
11/04/2025 23:15,0,324,0,331,7,0
11/04/2025 23:30,0,681,0,687,6,0
11/04/2025 23:45,0,184,0,190,6,0
11/05/2025 00:00,0,240,0,244,4,0
11/05/2025 00:15,0,276,0,282,6,0
11/05/2025 00:30,0,597,0,680,83,0
11/05/2025 00:45,0,185,0,193,8,0
11/05/2025 01:00,0,161,0,167,6,0
11/05/2025 01:15,0,361,0,367,6,0
11/05/2025 01:30,0,571,0,656,85,0
11/05/2025 01:45,0,163,0,169,6,0
11/05/2025 02:00,0,168,0,174,6,0
11/05/2025 02:15,0,424,0,501,77,0
11/05/2025 02:30,0,462,0,473,11,0
11/05/2025 02:45,0,146,0,153,7,0
11/05/2025 03:00,0,223,0,229,6,0
11/05/2025 03:15,0,661,0,746,85,0
11/05/2025 03:30,0,183,0,191,8,0
11/05/2025 03:45,0,141,0,147,6,0
11/05/2025 04:00,0,429,0,507,78,0
11/05/2025 04:15,0,483,0,492,9,0
11/05/2025 04:30,0,160,0,166,6,0
11/05/2025 04:45,0,391,0,397,6,0
11/05/2025 05:00,0,340,0,420,80,0
11/05/2025 05:15,0,174,0,180,6,0
11/05/2025 05:30,0,285,0,291,6,0
11/05/2025 05:45,0,596,0,671,75,0
11/05/2025 06:00,0,560,0,569,9,0
11/05/2025 06:15,0,592,0,599,7,0
11/05/2025 06:30,6,600,0,665,71,0
11/05/2025 06:45,53,601,0,554,6,0
11/05/2025 07:00,86,782,0,784,88,0
11/05/2025 07:15,111,720,0,726,117,0
11/05/2025 07:30,162,668,0,675,169,0
11/05/2025 07:45,203,546,0,549,206,0
11/05/2025 08:00,309,527,0,532,314,0
11/05/2025 08:15,368,498,0,500,370,0
11/05/2025 08:30,359,444,0,442,357,0
11/05/2025 08:45,367,424,0,429,372,0
11/05/2025 09:00,409,422,0,431,418,0
11/05/2025 09:15,420,429,0,437,428,0
11/05/2025 09:30,500,413,0,415,502,0
11/05/2025 09:45,573,512,0,523,584,0
11/05/2025 10:00,596,405,0,440,631,0
11/05/2025 10:15,702,391,0,395,706,0
11/05/2025 10:30,307,397,0,405,315,0
11/05/2025 10:45,367,378,0,383,372,0
11/05/2025 11:00,420,321,0,329,428,0
11/05/2025 11:15,303,149,0,156,310,0
11/05/2025 11:30,287,167,0,175,295,0
11/05/2025 11:45,353,144,0,151,360,0
11/05/2025 12:00,378,139,0,140,379,0
11/05/2025 12:15,440,138,0,148,450,0
11/05/2025 12:30,393,165,0,175,403,0
11/05/2025 12:45,368,149,0,155,374,0
11/05/2025 13:00,417,139,0,146,424,0
11/05/2025 13:15,389,183,0,189,395,0
11/05/2025 13:30,306,498,0,504,312,0
11/05/2025 13:45,357,466,0,467,358,0
11/05/2025 14:00,279,426,0,429,282,0
11/05/2025 14:15,156,424,0,434,166,0
11/05/2025 14:30,166,289,0,293,170,0
11/05/2025 14:45,160,380,0,388,168,0
11/05/2025 15:00,112,417,0,422,117,0
11/05/2025 15:15,95,502,0,508,101,0
11/05/2025 15:30,75,532,0,539,82,0
11/05/2025 15:45,31,486,0,494,39,0
11/05/2025 16:00,9,489,13,0,1,494
11/05/2025 16:15,0,528,1,0,0,529
11/05/2025 16:30,0,439,0,0,0,439
11/05/2025 16:45,0,438,0,5,0,433
11/05/2025 17:00,0,416,7,0,0,423
11/05/2025 17:15,0,366,7,1,1,373
11/05/2025 17:30,0,708,0,1,0,707
11/05/2025 17:45,0,281,4,0,0,285
11/05/2025 18:00,0,477,0,1,0,476
11/05/2025 18:15,0,432,4,0,0,436
11/05/2025 18:30,0,229,1,0,0,230
11/05/2025 18:45,0,436,0,0,0,436
11/05/2025 19:00,0,285,5,0,0,290
11/05/2025 19:15,0,351,5,0,0,356
11/05/2025 19:30,0,486,0,5,0,481
11/05/2025 19:45,0,524,3,0,0,527
11/05/2025 20:00,0,265,0,25,20,260
11/05/2025 20:15,0,440,0,9,0,431
11/05/2025 20:30,0,1633,0,518,7,1122
11/05/2025 20:45,0,2116,0,2130,14,0
11/05/2025 21:00,0,639,0,646,7,0
11/05/2025 21:15,0,605,0,610,5,0
11/05/2025 21:30,0,500,0,504,4,0
11/05/2025 21:45,0,681,0,684,3,0
11/05/2025 22:00,0,612,0,617,5,0
11/05/2025 22:15,0,290,0,296,6,0
11/05/2025 22:30,0,299,0,306,7,0
11/05/2025 22:45,0,251,0,259,8,0
11/05/2025 23:00,0,317,0,325,8,0
11/05/2025 23:15,0,465,0,470,5,0
11/05/2025 23:30,0,181,0,186,5,0
11/05/2025 23:45,0,144,0,150,6,0
11/06/2025 00:00,0,211,0,320,109,0
11/06/2025 00:15,0,194,0,202,8,0
11/06/2025 00:30,0,166,0,170,4,0
11/06/2025 00:45,0,445,0,452,7,0
11/06/2025 01:00,0,204,0,209,5,0
11/06/2025 01:15,0,183,0,189,6,0
11/06/2025 01:30,0,163,0,266,103,0
11/06/2025 01:45,0,149,0,158,9,0
11/06/2025 02:00,0,361,0,366,5,0
11/06/2025 02:15,0,402,0,407,5,0
11/06/2025 02:30,0,146,0,151,5,0
11/06/2025 02:45,0,174,0,179,5,0
11/06/2025 03:00,0,151,0,248,97,0
11/06/2025 03:15,0,488,0,496,8,0
11/06/2025 03:30,0,279,0,285,6,0
11/06/2025 03:45,0,173,0,178,5,0
11/06/2025 04:00,0,172,0,266,94,0
11/06/2025 04:15,0,329,0,338,9,0
11/06/2025 04:30,0,461,0,467,6,0
11/06/2025 04:45,0,164,0,169,5,0
11/06/2025 05:00,0,151,0,157,6,0
11/06/2025 05:15,0,313,0,404,91,0
11/06/2025 05:30,0,514,0,522,8,0
11/06/2025 05:45,0,144,0,150,6,0
11/06/2025 06:00,0,143,0,149,6,0
11/06/2025 06:15,0,408,0,502,94,0
11/06/2025 06:30,0,382,0,389,7,0
11/06/2025 06:45,22,170,0,152,4,0
11/06/2025 07:00,110,512,0,505,103,0
11/06/2025 07:15,195,530,0,537,202,0
11/06/2025 07:30,189,363,0,369,195,0
11/06/2025 07:45,157,255,0,263,165,0
11/06/2025 08:00,157,244,0,247,160,0
11/06/2025 08:15,219,221,0,226,224,0
11/06/2025 08:30,342,142,0,145,345,0
11/06/2025 08:45,449,158,0,165,456,0
11/06/2025 09:00,507,158,0,164,513,0
11/06/2025 09:15,603,154,0,172,621,0
11/06/2025 09:30,624,168,0,176,632,0
11/06/2025 09:45,459,140,0,142,461,0
11/06/2025 10:00,322,156,0,166,332,0
11/06/2025 10:15,410,502,0,504,412,0
11/06/2025 10:30,363,511,0,514,366,0
11/06/2025 10:45,402,399,0,404,407,0
11/06/2025 11:00,383,430,0,433,386,0
11/06/2025 11:15,827,412,0,419,834,0
11/06/2025 11:30,396,411,0,417,402,0
11/06/2025 11:45,658,409,0,404,653,0
11/06/2025 12:00,1078,438,0,454,1094,0
11/06/2025 12:15,763,394,0,412,781,0
11/06/2025 12:30,617,376,0,394,635,0
11/06/2025 12:45,548,389,0,381,540,0
11/06/2025 13:00,668,159,0,167,676,0
11/06/2025 13:15,855,151,0,164,868,0
11/06/2025 13:30,567,166,0,183,584,0
11/06/2025 13:45,275,141,0,152,286,0
11/06/2025 14:00,170,136,0,139,173,0
11/06/2025 14:15,134,143,0,150,141,0
11/06/2025 14:30,106,168,0,171,109,0
11/06/2025 14:45,153,152,0,156,157,0
11/06/2025 15:00,155,136,0,142,161,0
11/06/2025 15:15,165,138,0,141,168,0
11/06/2025 15:30,130,504,0,509,135,0
11/06/2025 15:45,68,674,0,683,77,0
11/06/2025 16:00,37,198,38,0,2,201
11/06/2025 16:15,8,190,1,0,0,183
11/06/2025 16:30,0,608,3,0,0,611
11/06/2025 16:45,0,584,13,0,0,597
11/06/2025 17:00,0,589,9,0,0,598
11/06/2025 17:15,0,588,0,2,0,586
11/06/2025 17:30,0,832,5,0,0,837
11/06/2025 17:45,0,500,3,0,0,503
11/06/2025 18:00,0,658,6,0,0,664
11/06/2025 18:15,0,317,10,0,0,327
11/06/2025 18:30,0,465,0,3,0,462
11/06/2025 18:45,0,420,2,0,0,422
11/06/2025 19:00,0,251,0,3,0,248
11/06/2025 19:15,0,596,0,0,0,596
11/06/2025 19:30,0,333,0,2,0,331
11/06/2025 19:45,0,834,0,5,0,829
11/06/2025 20:00,0,901,20,8,8,921
11/06/2025 20:15,0,674,2,0,0,676
11/06/2025 20:30,0,1023,0,8,0,1015
11/06/2025 20:45,0,2011,0,1364,12,659
11/06/2025 21:00,0,1165,0,1175,10,0
11/06/2025 21:15,0,217,0,225,8,0
11/06/2025 21:30,0,505,0,511,6,0
11/06/2025 21:45,0,679,0,685,6,0
11/06/2025 22:00,0,476,0,478,2,0
11/06/2025 22:15,0,352,0,353,1,0
11/06/2025 22:30,0,921,0,924,3,0
11/06/2025 22:45,0,605,0,611,6,0
11/06/2025 23:00,0,252,0,260,8,0
11/06/2025 23:15,0,248,0,254,6,0
11/06/2025 23:30,0,660,0,666,6,0
11/06/2025 23:45,0,240,0,246,6,0
11/07/2025 00:00,0,210,0,296,86,0
11/07/2025 00:15,0,313,0,320,7,0
11/07/2025 00:30,0,639,0,644,5,0
11/07/2025 00:45,0,163,0,170,7,0
11/07/2025 01:00,0,143,0,226,83,0
11/07/2025 01:15,0,577,0,583,6,0
11/07/2025 01:30,0,346,0,352,6,0
11/07/2025 01:45,0,232,0,314,82,0
11/07/2025 02:00,0,489,0,498,9,0
11/07/2025 02:15,0,374,0,381,7,0
11/07/2025 02:30,0,153,0,223,70,0
11/07/2025 02:45,0,353,0,363,10,0
11/07/2025 03:00,0,571,0,577,6,0
11/07/2025 03:15,0,152,0,227,75,0
11/07/2025 03:30,0,369,0,377,8,0
11/07/2025 03:45,0,498,0,503,5,0
11/07/2025 04:00,0,168,0,241,73,0
11/07/2025 04:15,0,663,0,669,6,0
11/07/2025 04:30,0,557,0,617,60,0
11/07/2025 04:45,0,571,0,578,7,0
11/07/2025 05:00,0,635,0,703,68,0
11/07/2025 05:15,0,579,0,587,8,0
11/07/2025 05:30,0,615,0,673,58,0
11/07/2025 05:45,0,569,0,628,59,0
11/07/2025 06:00,0,615,0,621,6,0
11/07/2025 06:15,0,594,0,600,6,0
11/07/2025 06:30,9,598,0,637,48,0
11/07/2025 06:45,38,640,0,608,6,0
11/07/2025 07:00,116,554,0,548,110,0
11/07/2025 07:15,213,575,0,578,216,0
11/07/2025 07:30,228,617,0,620,231,0
11/07/2025 07:45,228,591,0,596,233,0
11/07/2025 08:00,195,725,0,732,202,0
11/07/2025 08:15,272,758,0,760,274,0
11/07/2025 08:30,359,966,0,969,362,0
11/07/2025 08:45,449,461,0,467,455,0
11/07/2025 09:00,478,255,0,255,478,0
11/07/2025 09:15,547,229,0,248,566,0
11/07/2025 09:30,675,590,0,595,680,0
11/07/2025 09:45,789,571,0,593,811,0
11/07/2025 10:00,841,608,0,639,872,0
11/07/2025 10:15,774,460,0,485,799,0
11/07/2025 10:30,847,456,0,472,863,0
11/07/2025 10:45,831,679,0,709,861,0
11/07/2025 11:00,829,677,0,679,831,0
11/07/2025 11:15,864,666,0,674,872,0
11/07/2025 11:30,852,276,0,299,875,0
11/07/2025 11:45,730,156,0,182,756,0
11/07/2025 12:00,904,149,0,167,922,0
11/07/2025 12:15,853,159,0,165,859,0
11/07/2025 12:30,555,148,0,159,566,0
11/07/2025 12:45,537,159,0,170,548,0
11/07/2025 13:00,861,157,0,47,751,0
11/07/2025 13:15,849,1085,0,542,306,0
11/07/2025 13:30,606,1341,0,830,95,0
11/07/2025 13:45,472,1350,0,914,36,0
11/07/2025 14:00,338,1322,0,1045,61,0
11/07/2025 14:15,238,1325,0,1113,26,0
11/07/2025 14:30,240,1597,0,1357,0,0
11/07/2025 14:45,179,1634,0,1516,61,0
11/07/2025 15:00,168,1663,0,1535,40,0
11/07/2025 15:15,123,1580,0,1469,12,0
11/07/2025 15:30,104,2024,0,1967,47,0
11/07/2025 15:45,60,1733,0,1718,45,0
11/07/2025 16:00,20,236,0,9,0,207
11/07/2025 16:15,0,434,0,7,0,427
11/07/2025 16:30,0,694,4,0,0,698
11/07/2025 16:45,0,514,10,0,0,524
11/07/2025 17:00,0,495,14,0,0,509
11/07/2025 17:15,0,449,0,1,0,448
11/07/2025 17:30,0,808,36,0,0,844
11/07/2025 17:45,0,616,14,0,0,630
11/07/2025 18:00,0,507,6,0,0,513
11/07/2025 18:15,0,423,6,0,0,429
11/07/2025 18:30,0,238,0,8,0,230
11/07/2025 18:45,0,500,14,0,0,514
11/07/2025 19:00,0,244,0,5,0,239
11/07/2025 19:15,0,364,1,0,0,365
11/07/2025 19:30,0,555,21,0,0,576
11/07/2025 19:45,0,227,0,0,0,227
11/07/2025 20:00,0,257,29,24,24,286
11/07/2025 20:15,0,552,4,0,0,556
11/07/2025 20:30,0,650,0,1,0,649
11/07/2025 20:45,0,1912,13,0,0,1925
11/07/2025 21:00,0,1274,10,0,0,1284
11/07/2025 21:15,0,1109,0,819,17,307
11/07/2025 21:30,0,620,0,631,11,0
11/07/2025 21:45,0,463,0,467,4,0
11/07/2025 22:00,0,213,0,218,5,0
11/07/2025 22:15,0,443,0,446,3,0
11/07/2025 22:30,0,245,0,248,3,0
11/07/2025 22:45,0,270,0,275,5,0
11/07/2025 23:00,0,284,0,288,4,0
11/07/2025 23:15,0,284,0,288,4,0
11/07/2025 23:30,0,284,0,288,4,0
11/07/2025 23:45,0,261,0,267,6,0
11/08/2025 00:00,0,165,0,169,4,0
11/08/2025 00:15,0,147,0,150,3,0
11/08/2025 00:30,0,142,0,147,5,0
11/08/2025 00:45,0,274,0,278,4,0
11/08/2025 01:00,0,431,0,524,93,0
11/08/2025 01:15,0,213,0,219,6,0
11/08/2025 01:30,0,139,0,145,6,0
11/08/2025 01:45,0,164,0,168,4,0
11/08/2025 02:00,0,146,0,246,100,0
11/08/2025 02:15,0,198,0,206,8,0
11/08/2025 02:30,0,462,0,468,6,0
11/08/2025 02:45,0,181,0,187,6,0
11/08/2025 03:00,0,221,0,228,7,0
11/08/2025 03:15,0,152,0,252,100,0
11/08/2025 03:30,0,159,0,171,12,0
11/08/2025 03:45,0,434,0,442,8,0
11/08/2025 04:00,0,191,0,197,6,0
11/08/2025 04:15,0,163,0,169,6,0
11/08/2025 04:30,0,150,0,156,6,0
11/08/2025 04:45,0,156,0,264,108,0
11/08/2025 05:00,0,269,0,277,8,0
11/08/2025 05:15,0,375,0,381,6,0
11/08/2025 05:30,0,163,0,168,5,0
11/08/2025 05:45,0,152,0,159,7,0
11/08/2025 06:00,0,152,0,157,5,0
11/08/2025 06:15,0,150,0,254,104,0
11/08/2025 06:30,0,542,0,551,9,0
11/08/2025 06:45,0,482,0,486,4,0
11/08/2025 07:00,8,514,0,512,6,0
11/08/2025 07:15,47,439,0,433,41,0
11/08/2025 07:30,51,689,0,695,57,0
11/08/2025 07:45,66,595,0,601,72,0
11/08/2025 08:00,111,305,0,307,113,0
11/08/2025 08:15,115,175,0,178,118,0
11/08/2025 08:30,99,151,0,157,105,0
11/08/2025 08:45,173,187,0,186,172,0
11/08/2025 09:00,120,170,0,179,129,0
11/08/2025 09:15,111,170,0,176,117,0
11/08/2025 09:30,146,165,0,167,148,0
11/08/2025 09:45,193,200,0,206,199,0
11/08/2025 10:00,146,172,0,181,155,0
11/08/2025 10:15,228,573,0,576,231,0
11/08/2025 10:30,316,684,0,697,329,0
11/08/2025 10:45,166,518,0,520,168,0
11/08/2025 11:00,445,451,0,458,452,0
11/08/2025 11:15,1002,444,0,470,1028,0
11/08/2025 11:30,993,419,0,432,1006,0
11/08/2025 11:45,932,410,0,430,952,0
11/08/2025 12:00,751,425,0,443,769,0
11/08/2025 12:15,522,237,0,240,525,0
11/08/2025 12:30,902,566,0,602,938,0
11/08/2025 12:45,785,199,0,216,802,0
11/08/2025 13:00,676,151,0,157,682,0
11/08/2025 13:15,160,168,0,169,161,0
11/08/2025 13:30,126,251,0,254,129,0
11/08/2025 13:45,224,466,0,475,233,0
11/08/2025 14:00,167,300,0,300,167,0
11/08/2025 14:15,147,348,0,352,151,0
11/08/2025 14:30,121,545,0,549,125,0
11/08/2025 14:45,114,474,0,473,113,0
11/08/2025 15:00,132,312,0,317,137,0
11/08/2025 15:15,122,151,0,154,125,0
11/08/2025 15:30,81,163,0,166,84,0
11/08/2025 15:45,42,333,0,337,46,0
11/08/2025 16:00,24,205,38,0,0,219
11/08/2025 16:15,6,152,4,0,0,150
11/08/2025 16:30,0,174,0,3,0,171
11/08/2025 16:45,0,198,0,0,0,198
11/08/2025 17:00,0,245,0,3,0,242
11/08/2025 17:15,0,273,11,0,0,284
11/08/2025 17:30,0,714,17,0,0,731
11/08/2025 17:45,0,493,8,0,0,501
11/08/2025 18:00,0,336,1,0,0,337
11/08/2025 18:15,0,209,0,4,0,205
11/08/2025 18:30,0,389,7,0,0,396
11/08/2025 18:45,0,395,1,0,0,396
11/08/2025 19:00,0,214,0,3,0,211
11/08/2025 19:15,0,236,0,6,0,230
11/08/2025 19:30,0,222,0,1,0,221
11/08/2025 19:45,0,223,0,1,0,222
11/08/2025 20:00,0,362,26,23,23,388
11/08/2025 20:15,0,814,0,6,0,808
11/08/2025 20:30,0,738,12,0,0,750
11/08/2025 20:45,0,620,21,0,0,641
11/08/2025 21:00,0,500,14,0,0,514
11/08/2025 21:15,0,290,4,0,0,294
11/08/2025 21:30,0,438,0,401,29,66
11/08/2025 21:45,0,523,0,532,9,0
11/08/2025 22:00,0,681,0,684,3,0
11/08/2025 22:15,0,644,0,645,1,0
11/08/2025 22:30,0,169,0,175,6,0
11/08/2025 22:45,0,219,0,225,6,0
11/08/2025 23:00,0,162,0,167,5,0
11/08/2025 23:15,0,146,0,152,6,0
11/08/2025 23:30,0,178,0,184,6,0
11/08/2025 23:45,0,488,0,492,4,0
11/09/2025 00:00,0,248,0,252,4,0
11/09/2025 00:15,0,142,0,148,6,0
11/09/2025 00:30,0,139,0,144,5,0
11/09/2025 00:45,0,160,0,261,101,0
11/09/2025 01:00,0,169,0,178,9,0
11/09/2025 01:15,0,547,0,551,4,0
11/09/2025 01:30,0,264,0,270,6,0
11/09/2025 01:45,0,158,0,164,6,0
11/09/2025 02:00,0,164,0,255,91,0
11/09/2025 02:15,0,142,0,151,9,0
11/09/2025 02:30,0,163,0,169,6,0
11/09/2025 02:45,0,531,0,537,6,0
11/09/2025 03:00,0,227,0,232,5,0
11/09/2025 03:15,0,140,0,234,94,0
11/09/2025 03:30,0,162,0,170,8,0
11/09/2025 03:45,0,140,0,146,6,0
11/09/2025 04:00,0,421,0,427,6,0
11/09/2025 04:15,0,459,0,555,96,0
11/09/2025 04:30,0,149,0,159,10,0
11/09/2025 04:45,0,138,0,145,7,0
11/09/2025 05:00,0,157,0,164,7,0
11/09/2025 05:15,0,359,0,452,93,0
11/09/2025 05:30,0,378,0,388,10,0
11/09/2025 05:45,0,154,0,160,6,0
11/09/2025 06:00,0,137,0,143,6,0
11/09/2025 06:15,0,173,0,179,6,0
11/09/2025 06:30,0,632,0,720,88,0
11/09/2025 06:45,14,481,0,475,8,0
11/09/2025 07:00,48,481,0,482,49,0
11/09/2025 07:15,50,534,0,540,56,0
11/09/2025 07:30,120,546,0,552,126,0
11/09/2025 07:45,159,685,0,692,166,0
11/09/2025 08:00,184,1563,0,1570,191,0
11/09/2025 08:15,175,1364,0,1372,183,0
11/09/2025 08:30,258,1337,0,1341,262,0
11/09/2025 08:45,383,1315,0,1329,397,0
11/09/2025 09:00,272,1336,0,1340,276,0
11/09/2025 09:15,307,1382,0,1387,312,0
11/09/2025 09:30,276,1339,0,1341,278,0
11/09/2025 09:45,352,1320,0,1324,356,0
11/09/2025 10:00,406,1324,0,1336,418,0
11/09/2025 10:15,293,1317,0,1324,300,0
11/09/2025 10:30,305,1412,0,1419,312,0
11/09/2025 10:45,232,1783,0,1789,238,0
11/09/2025 11:00,591,1556,0,1564,599,0
11/09/2025 11:15,559,1550,0,1568,577,0
11/09/2025 11:30,288,1521,0,1528,295,0
11/09/2025 11:45,584,1329,0,1335,590,0
11/09/2025 12:00,783,1330,0,1351,804,0
11/09/2025 12:15,682,1322,0,1331,691,0
11/09/2025 12:30,772,1706,0,1711,777,0
11/09/2025 12:45,390,1620,0,1629,399,0
11/09/2025 13:00,479,1509,0,1526,496,0
11/09/2025 13:15,383,1370,0,1379,392,0
11/09/2025 13:30,313,1242,0,1248,319,0
11/09/2025 13:45,275,192,0,201,284,0
11/09/2025 14:00,166,435,0,440,171,0
11/09/2025 14:15,210,161,0,164,213,0
11/09/2025 14:30,199,201,0,209,207,0
11/09/2025 14:45,147,202,0,202,147,0
11/09/2025 15:00,164,221,0,668,611,0
11/09/2025 15:15,109,193,0,2421,2337,0
11/09/2025 15:30,26,249,0,884,661,0
11/09/2025 15:45,1,185,0,332,148,0
11/09/2025 16:00,0,184,21,0,0,205
11/09/2025 16:15,0,288,0,10,0,278
11/09/2025 16:30,0,657,2,0,0,659
11/09/2025 16:45,0,527,19,0,0,546
11/09/2025 17:00,0,289,0,1,0,288
11/09/2025 17:15,0,290,0,1,0,289
11/09/2025 17:30,0,573,20,0,0,593
11/09/2025 17:45,0,305,3,0,0,308
11/09/2025 18:00,0,332,0,5,0,327
11/09/2025 18:15,0,625,11,0,0,636
11/09/2025 18:30,0,315,0,2,0,313
11/09/2025 18:45,0,411,0,5,0,406
11/09/2025 19:00,0,304,8,0,0,312
11/09/2025 19:15,0,322,12,0,0,334
11/09/2025 19:30,0,208,0,0,0,208
11/09/2025 19:45,0,203,0,7,0,196
11/09/2025 20:00,0,376,7,22,22,383
11/09/2025 20:15,0,354,24,0,0,378
11/09/2025 20:30,0,622,2,0,0,624
11/09/2025 20:45,0,635,3,0,0,638
11/09/2025 21:00,0,1718,37,0,0,1755
11/09/2025 21:15,0,1512,1,0,0,1513
11/09/2025 21:30,0,788,0,656,19,151
11/09/2025 21:45,0,618,0,627,9,0
11/09/2025 22:00,0,528,0,531,3,0
11/09/2025 22:15,0,288,0,295,7,0
11/09/2025 22:30,0,274,0,281,7,0
11/09/2025 22:45,0,257,0,262,5,0
11/09/2025 23:00,0,290,0,295,5,0
11/09/2025 23:15,0,258,0,264,6,0
11/09/2025 23:30,0,230,0,236,6,0
11/09/2025 23:45,0,456,0,461,5,0
11/10/2025 00:00,0,215,0,220,5,0
11/10/2025 00:15,0,149,0,154,5,0
11/10/2025 00:30,0,141,0,146,5,0
11/10/2025 00:45,0,156,0,162,6,0
11/10/2025 01:00,0,170,0,235,65,0
11/10/2025 01:15,0,140,0,199,59,0
11/10/2025 01:30,0,163,0,171,8,0
11/10/2025 01:45,0,148,0,154,6,0
11/10/2025 02:00,0,145,0,152,7,0
11/10/2025 02:15,0,247,0,253,6,0
11/10/2025 02:30,0,421,0,526,105,0
11/10/2025 02:45,0,141,0,153,12,0
11/10/2025 03:00,0,140,0,148,8,0
11/10/2025 03:15,0,163,0,169,6,0
11/10/2025 03:30,0,149,0,155,6,0
11/10/2025 03:45,0,170,0,176,6,0
11/10/2025 04:00,0,140,0,259,119,0
11/10/2025 04:15,0,149,0,157,8,0
11/10/2025 04:30,0,154,0,158,4,0
11/10/2025 04:45,0,392,0,398,6,0
11/10/2025 05:00,0,263,0,269,6,0
11/10/2025 05:15,0,156,0,247,91,0
11/10/2025 05:30,0,143,0,249,106,0
11/10/2025 05:45,0,141,0,154,13,0
11/10/2025 06:00,0,161,0,168,7,0
11/10/2025 06:15,0,142,0,250,108,0
11/10/2025 06:30,0,292,0,303,11,0
11/10/2025 06:45,0,424,0,430,6,0
11/10/2025 07:00,1,156,0,159,4,0
11/10/2025 07:15,24,203,0,199,20,0
11/10/2025 07:30,33,305,0,313,41,0
11/10/2025 07:45,43,268,0,271,46,0
11/10/2025 08:00,37,239,0,245,43,0
11/10/2025 08:15,20,325,0,332,27,0
11/10/2025 08:30,64,468,0,465,61,0
11/10/2025 08:45,58,279,0,288,67,0
11/10/2025 09:00,48,261,0,269,56,0
11/10/2025 09:15,63,279,0,285,69,0
11/10/2025 09:30,120,265,0,271,126,0
11/10/2025 09:45,139,186,0,190,143,0
11/10/2025 10:00,160,175,0,181,166,0
11/10/2025 10:15,109,157,0,166,118,0
11/10/2025 10:30,114,181,0,186,119,0
11/10/2025 10:45,89,166,0,171,94,0
11/10/2025 11:00,113,154,0,158,117,0
11/10/2025 11:15,195,159,0,161,197,0
11/10/2025 11:30,171,177,0,181,175,0
11/10/2025 11:45,130,159,0,165,136,0
11/10/2025 12:00,84,150,0,157,91,0
11/10/2025 12:15,125,174,0,179,130,0
11/10/2025 12:30,95,144,0,148,99,0
11/10/2025 12:45,61,139,0,140,62,0
11/10/2025 13:00,74,135,0,144,83,0
11/10/2025 13:15,56,163,0,169,62,0
11/10/2025 13:30,35,135,0,147,47,0
11/10/2025 13:45,44,145,0,146,45,0
11/10/2025 14:00,47,160,0,2263,2150,0
11/10/2025 14:15,44,139,0,2790,2695,0
11/10/2025 14:30,102,125,0,3468,3445,0
11/10/2025 14:45,23,136,0,3244,3131,0
11/10/2025 15:00,24,161,0,1254,1117,0
11/10/2025 15:15,12,137,0,329,204,0
11/10/2025 15:30,13,505,0,689,197,0
11/10/2025 15:45,2,604,0,701,99,0
11/10/2025 16:00,0,472,15,0,0,487
11/10/2025 16:15,0,460,3,0,0,463
11/10/2025 16:30,0,424,3,0,0,427
11/10/2025 16:45,0,434,0,0,0,434
11/10/2025 17:00,0,416,2,0,0,418
11/10/2025 17:15,0,428,13,0,0,441
11/10/2025 17:30,0,760,9,0,0,769
11/10/2025 17:45,0,285,9,0,0,294
11/10/2025 18:00,0,559,0,5,0,554
11/10/2025 18:15,0,345,0,5,0,340
11/10/2025 18:30,0,360,0,0,0,360
11/10/2025 18:45,0,500,26,0,0,526
11/10/2025 19:00,0,191,0,3,0,188
11/10/2025 19:15,0,212,0,4,0,208
11/10/2025 19:30,0,569,0,9,0,560
11/10/2025 19:45,0,474,0,2,0,472
11/10/2025 20:00,0,224,19,27,27,243
11/10/2025 20:15,0,239,1,0,0,240
11/10/2025 20:30,0,291,0,5,0,286
11/10/2025 20:45,0,747,0,9,0,738
11/10/2025 21:00,0,580,0,3,0,577
11/10/2025 21:15,0,443,17,0,0,460
11/10/2025 21:30,0,565,6,0,0,571
11/10/2025 21:45,0,423,0,3,0,420
11/10/2025 22:00,0,757,0,6,0,751
11/10/2025 22:15,0,383,0,0,0,383
11/10/2025 22:30,0,319,37,0,0,356
11/10/2025 22:45,0,292,0,204,18,106
11/10/2025 23:00,0,416,0,426,10,0
11/10/2025 23:15,0,528,0,534,6,0
11/10/2025 23:30,0,191,0,197,6,0
11/10/2025 23:45,0,197,0,203,6,0
11/11/2025 00:00,0,198,0,206,8,0
11/11/2025 00:15,0,300,0,308,8,0
11/11/2025 00:30,0,624,0,630,6,0
11/11/2025 00:45,0,187,0,193,6,0
11/11/2025 01:00,0,165,0,172,7,0
11/11/2025 01:15,0,252,0,259,7,0
11/11/2025 01:30,0,621,0,627,6,0
11/11/2025 01:45,0,309,0,316,7,0
11/11/2025 02:00,0,145,0,152,7,0
11/11/2025 02:15,0,186,0,193,7,0
11/11/2025 02:30,0,560,0,648,88,0
11/11/2025 02:45,0,337,0,345,8,0
11/11/2025 03:00,0,167,0,174,7,0
11/11/2025 03:15,0,245,0,252,7,0
11/11/2025 03:30,0,596,0,603,7,0
11/11/2025 03:45,0,155,0,241,86,0
11/11/2025 04:00,0,160,0,167,7,0
11/11/2025 04:15,0,435,0,442,7,0
11/11/2025 04:30,0,445,0,451,6,0
11/11/2025 04:45,0,195,0,269,74,0
11/11/2025 05:00,0,172,0,180,8,0
11/11/2025 05:15,0,604,0,611,7,0
11/11/2025 05:30,0,283,0,359,76,0
11/11/2025 05:45,0,168,0,175,7,0
11/11/2025 06:00,0,412,0,419,7,0
11/11/2025 06:15,0,648,0,653,5,0
11/11/2025 06:30,0,600,0,665,66,1
11/11/2025 06:45,19,623,0,611,7,0
11/11/2025 07:00,23,598,0,655,80,0
11/11/2025 07:15,73,1006,0,1006,73,0
11/11/2025 07:30,155,1135,0,1136,156,0
11/11/2025 07:45,108,546,0,554,116,0
11/11/2025 08:00,145,417,0,422,150,0
11/11/2025 08:15,169,842,0,847,174,0
11/11/2025 08:30,311,733,0,730,308,0
11/11/2025 08:45,445,544,0,553,454,0
11/11/2025 09:00,292,207,0,221,306,0
11/11/2025 09:15,210,218,0,224,216,0
11/11/2025 09:30,166,683,0,689,172,0
11/11/2025 09:45,312,686,0,682,308,0
11/11/2025 10:00,486,684,0,690,492,0
11/11/2025 10:15,473,634,0,648,487,0
11/11/2025 10:30,324,649,0,658,333,0
11/11/2025 10:45,362,617,0,620,365,0
11/11/2025 11:00,547,578,0,594,563,0
11/11/2025 11:15,414,581,0,596,429,0
11/11/2025 11:30,473,615,0,639,497,0
11/11/2025 11:45,369,738,0,745,376,0
11/11/2025 12:00,503,624,0,628,507,0
11/11/2025 12:15,424,569,0,582,437,0
11/11/2025 12:30,518,788,0,791,521,0
11/11/2025 12:45,478,944,0,971,505,0
11/11/2025 13:00,395,584,0,588,399,0
11/11/2025 13:15,443,695,0,701,449,0
11/11/2025 13:30,437,562,0,582,457,0
11/11/2025 13:45,450,606,0,617,461,0
11/11/2025 14:00,245,636,0,645,254,0
11/11/2025 14:15,265,694,0,695,266,0
11/11/2025 14:30,234,602,0,608,240,0
11/11/2025 14:45,242,596,0,599,245,0
11/11/2025 15:00,171,644,0,926,453,0
11/11/2025 15:15,97,597,0,1567,1067,0
11/11/2025 15:30,42,612,0,1624,1054,0
11/11/2025 15:45,24,278,0,1210,956,0
11/11/2025 16:00,7,167,21,0,3,184
11/11/2025 16:15,0,226,0,4,0,222
11/11/2025 16:30,0,240,0,3,0,237
11/11/2025 16:45,0,220,6,0,0,226
11/11/2025 17:00,0,288,8,0,0,296
11/11/2025 17:15,0,261,0,3,0,258
11/11/2025 17:30,0,762,3,0,0,765
11/11/2025 17:45,0,555,6,0,0,561
11/11/2025 18:00,0,415,3,0,0,418
11/11/2025 18:15,0,794,0,4,0,790
11/11/2025 18:30,0,534,7,0,0,541
11/11/2025 18:45,0,509,0,13,0,496
11/11/2025 19:00,0,883,6,0,0,889
11/11/2025 19:15,0,699,9,0,0,708
11/11/2025 19:30,0,1003,14,0,0,1017
11/11/2025 19:45,0,802,12,0,0,814
11/11/2025 20:00,0,492,20,13,13,512
11/11/2025 20:15,0,903,14,0,0,917
11/11/2025 20:30,0,1507,0,312,0,1195
11/11/2025 20:45,0,1917,0,1928,12,1
11/11/2025 21:00,0,2206,0,2213,7,0
11/11/2025 21:15,0,326,0,331,5,0
11/11/2025 21:30,0,345,0,351,6,0
11/11/2025 21:45,0,647,0,651,4,0
11/11/2025 22:00,0,658,0,662,4,0
11/11/2025 22:15,0,304,0,306,2,0
11/11/2025 22:30,0,594,0,598,4,0
11/11/2025 22:45,0,451,0,457,6,0
11/11/2025 23:00,0,210,0,213,3,0
11/11/2025 23:15,0,586,0,587,1,0
11/11/2025 23:30,0,312,0,382,70,0
11/11/2025 23:45,0,167,0,172,5,0
11/12/2025 00:00,0,505,0,569,64,0
11/12/2025 00:15,0,365,0,371,6,0
11/12/2025 00:30,0,152,0,155,3,0
11/12/2025 00:45,0,285,0,356,71,0
11/12/2025 01:00,0,622,0,629,7,0
11/12/2025 01:15,0,152,0,155,3,0
11/12/2025 01:30,0,336,0,396,60,0
11/12/2025 01:45,0,488,0,495,7,0
11/12/2025 02:00,0,155,0,217,62,0
11/12/2025 02:15,0,376,0,382,6,0
11/12/2025 02:30,0,443,0,449,6,0
11/12/2025 02:45,0,162,0,221,59,0
11/12/2025 03:00,0,521,0,527,6,0
11/12/2025 03:15,0,313,0,377,64,0
11/12/2025 03:30,0,179,0,187,8,0
11/12/2025 03:45,0,707,0,711,4,0
11/12/2025 04:00,0,250,0,320,70,0
11/12/2025 04:15,0,245,0,251,6,0
11/12/2025 04:30,0,725,0,775,50,0
11/12/2025 04:45,0,614,0,620,6,0
11/12/2025 05:00,0,696,0,739,43,0
11/12/2025 05:15,0,573,0,579,6,0
11/12/2025 05:30,0,562,0,594,32,0
11/12/2025 05:45,0,676,0,829,153,0
11/12/2025 06:00,0,614,0,710,96,0
11/12/2025 06:15,0,677,0,686,9,0
11/12/2025 06:30,0,597,0,650,53,0
11/12/2025 06:45,0,237,0,244,7,0
11/12/2025 07:00,24,525,0,521,20,0
11/12/2025 07:15,35,648,0,653,40,0
11/12/2025 07:30,55,764,0,765,56,0
11/12/2025 07:45,49,648,0,652,53,0
11/12/2025 08:00,86,689,0,688,85,0
11/12/2025 08:15,115,678,0,680,117,0
11/12/2025 08:30,124,621,0,630,133,0
11/12/2025 08:45,159,625,0,628,162,0
11/12/2025 09:00,155,624,0,630,161,0
11/12/2025 09:15,209,639,0,639,209,0
11/12/2025 09:30,291,609,0,614,296,0
11/12/2025 09:45,359,583,0,595,371,0
11/12/2025 10:00,375,606,0,619,388,0
11/12/2025 10:15,320,551,0,558,327,0
11/12/2025 10:30,451,555,0,569,465,0
11/12/2025 10:45,442,461,0,473,454,0
11/12/2025 11:00,529,456,0,455,528,0
11/12/2025 11:15,525,445,0,464,544,0
11/12/2025 11:30,525,468,0,475,532,0
11/12/2025 11:45,682,461,0,466,687,0
11/12/2025 12:00,545,446,0,467,566,0
11/12/2025 12:15,691,446,0,450,695,0
11/12/2025 12:30,771,523,0,544,792,0
11/12/2025 12:45,675,418,0,433,690,0
11/12/2025 13:00,570,427,0,431,574,0
11/12/2025 13:15,828,449,0,461,840,0
11/12/2025 13:30,527,425,0,438,540,0
11/12/2025 13:45,309,179,0,191,321,0
11/12/2025 14:00,240,138,0,142,244,0
11/12/2025 14:15,240,158,0,158,240,0
11/12/2025 14:30,322,134,0,1085,1273,0
11/12/2025 14:45,245,146,0,1124,1223,0
11/12/2025 15:00,134,164,0,1065,1035,0
11/12/2025 15:15,94,323,0,869,640,0
11/12/2025 15:30,92,805,0,913,200,0
11/12/2025 15:45,70,474,0,524,120,0
11/12/2025 16:00,22,161,14,0,2,155
11/12/2025 16:15,2,533,0,4,0,527
11/12/2025 16:30,0,593,0,4,0,589
11/12/2025 16:45,0,608,17,0,0,625
11/12/2025 17:00,0,600,30,0,0,630
11/12/2025 17:15,0,620,19,0,0,639
11/12/2025 17:30,0,958,19,0,0,977
11/12/2025 17:45,0,568,9,0,0,577
11/12/2025 18:00,0,706,12,0,0,718
11/12/2025 18:15,0,556,16,0,0,572
11/12/2025 18:30,0,571,3,0,0,574
11/12/2025 18:45,0,564,19,0,0,583
11/12/2025 19:00,0,551,11,0,0,562
11/12/2025 19:15,0,549,0,1,0,548
11/12/2025 19:30,0,747,0,0,0,747
11/12/2025 19:45,0,673,0,3,0,670
11/12/2025 20:00,0,676,22,13,13,698
11/12/2025 20:15,0,527,27,0,0,554
11/12/2025 20:30,0,791,4,0,0,795
11/12/2025 20:45,0,1032,0,485,11,558
11/12/2025 21:00,0,1967,0,1976,9,0
11/12/2025 21:15,0,1208,0,1214,6,0
11/12/2025 21:30,0,428,0,433,5,0
11/12/2025 21:45,0,746,0,752,6,0
11/12/2025 22:00,0,253,0,258,5,0
11/12/2025 22:15,0,310,0,313,3,0
11/12/2025 22:30,0,614,0,620,6,0
11/12/2025 22:45,0,237,0,246,9,0
11/12/2025 23:00,0,247,0,253,6,0
11/12/2025 23:15,0,466,0,473,7,0
11/12/2025 23:30,0,535,0,540,5,0
11/12/2025 23:45,0,211,0,217,6,0
11/13/2025 00:00,0,197,0,203,6,0
11/13/2025 00:15,0,483,0,569,86,0
11/13/2025 00:30,0,343,0,349,6,0
11/13/2025 00:45,0,137,0,143,6,0
11/13/2025 01:00,0,160,0,165,5,0
11/13/2025 01:15,0,399,0,482,83,0
11/13/2025 01:30,0,370,0,377,7,0
11/13/2025 01:45,0,164,0,170,6,0
11/13/2025 02:00,0,235,0,240,5,0
11/13/2025 02:15,0,541,0,623,82,0
11/13/2025 02:30,0,139,0,146,7,0
11/13/2025 02:45,0,168,0,173,5,0
11/13/2025 03:00,0,530,0,603,73,0
11/13/2025 03:15,0,206,0,216,10,0
11/13/2025 03:30,0,147,0,153,6,0
11/13/2025 03:45,0,415,0,494,79,0
11/13/2025 04:00,0,359,0,369,10,0
11/13/2025 04:15,0,149,0,155,6,0
11/13/2025 04:30,0,223,0,229,6,0
11/13/2025 04:45,0,604,0,684,80,0
11/13/2025 05:00,0,492,0,500,8,0
11/13/2025 05:15,0,488,0,493,5,0
11/13/2025 05:30,0,517,0,522,5,0
11/13/2025 05:45,0,417,0,498,81,0
11/13/2025 06:00,0,440,0,446,6,0
11/13/2025 06:15,0,484,0,490,6,0
11/13/2025 06:30,0,410,0,414,4,0
11/13/2025 06:45,18,418,0,482,82,0
11/13/2025 07:00,85,603,0,603,85,0
11/13/2025 07:15,87,567,0,575,95,0
11/13/2025 07:30,130,688,0,692,134,0
11/13/2025 07:45,156,573,0,577,160,0
11/13/2025 08:00,187,475,0,480,192,0
11/13/2025 08:15,219,441,0,441,219,0
11/13/2025 08:30,296,453,0,459,302,0
11/13/2025 08:45,345,581,0,585,349,0
11/13/2025 09:00,430,426,0,427,431,0
11/13/2025 09:15,441,410,0,417,448,0
11/13/2025 09:30,495,437,0,450,508,0
11/13/2025 09:45,515,441,0,447,521,0
11/13/2025 10:00,530,418,0,431,543,0
11/13/2025 10:15,620,421,0,439,638,0
11/13/2025 10:30,512,443,0,441,510,0
11/13/2025 10:45,657,394,0,402,665,0
11/13/2025 11:00,567,375,0,399,591,0
11/13/2025 11:15,414,409,0,414,419,0
11/13/2025 11:30,459,146,0,151,464,0
11/13/2025 11:45,434,139,0,147,442,0
11/13/2025 12:00,450,137,0,143,456,0
11/13/2025 12:15,460,162,0,173,471,0
11/13/2025 12:30,338,137,0,145,346,0
11/13/2025 12:45,433,143,0,153,443,0
11/13/2025 13:00,307,167,0,181,321,0
11/13/2025 13:15,337,248,0,247,336,0
11/13/2025 13:30,371,526,0,535,380,0
11/13/2025 13:45,344,399,0,409,354,0
11/13/2025 14:00,339,428,0,429,340,0
11/13/2025 14:15,329,396,0,404,337,0
11/13/2025 14:30,253,390,0,817,680,0
11/13/2025 14:45,175,523,0,1863,1515,0
11/13/2025 15:00,53,424,0,1660,1289,0
11/13/2025 15:15,66,406,0,754,414,0
11/13/2025 15:30,68,666,0,745,147,0
11/13/2025 15:45,24,282,0,366,108,0
11/13/2025 16:00,2,157,0,11,2,146
11/13/2025 16:15,0,646,0,0,0,646
11/13/2025 16:30,0,599,0,2,0,597
11/13/2025 16:45,0,602,30,0,0,632
11/13/2025 17:00,0,572,18,0,0,590
11/13/2025 17:15,0,569,19,0,0,588
11/13/2025 17:30,0,814,6,0,0,820
11/13/2025 17:45,0,618,17,0,0,635
11/13/2025 18:00,0,850,0,7,0,843
11/13/2025 18:15,0,543,20,0,0,563
11/13/2025 18:30,0,646,9,0,0,655
11/13/2025 18:45,0,247,2,0,0,249
11/13/2025 19:00,0,350,0,8,0,342
11/13/2025 19:15,0,531,15,0,0,546
11/13/2025 19:30,0,384,0,14,0,370
11/13/2025 19:45,0,1133,4,0,0,1137
11/13/2025 20:00,0,813,17,14,14,830
11/13/2025 20:15,0,536,27,0,0,563
11/13/2025 20:30,0,508,31,0,0,539
11/13/2025 20:45,0,385,13,0,0,398
11/13/2025 21:00,0,235,0,4,0,231
11/13/2025 21:15,0,734,0,360,11,385
11/13/2025 21:30,0,853,0,864,11,0
11/13/2025 21:45,0,607,0,610,3,0
11/13/2025 22:00,0,355,0,360,5,0
11/13/2025 22:15,0,489,0,495,6,0
11/13/2025 22:30,0,649,0,656,7,0
11/13/2025 22:45,0,210,0,215,5,0
11/13/2025 23:00,0,253,0,258,5,0
11/13/2025 23:15,0,631,0,637,6,0
11/13/2025 23:30,0,491,0,496,5,0
11/13/2025 23:45,0,240,0,245,5,0
11/14/2025 00:00,0,284,0,290,6,0
11/14/2025 00:15,0,661,0,666,5,0
11/14/2025 00:30,0,253,0,259,6,0
11/14/2025 00:45,0,141,0,220,79,0
11/14/2025 01:00,0,468,0,477,9,0
11/14/2025 01:15,0,477,0,482,5,0
11/14/2025 01:30,0,155,0,160,5,0
11/14/2025 01:45,0,267,0,341,74,0
11/14/2025 02:00,0,622,0,630,8,0
11/14/2025 02:15,0,155,0,161,6,0
11/14/2025 02:30,0,143,0,149,6,0
11/14/2025 02:45,0,473,0,552,79,0
11/14/2025 03:00,0,430,0,647,217,0
11/14/2025 03:15,0,143,0,151,8,0
11/14/2025 03:30,0,281,0,285,4,0
11/14/2025 03:45,0,644,0,716,72,0
11/14/2025 04:00,0,153,0,161,8,0
11/14/2025 04:15,0,400,0,462,62,0
11/14/2025 04:30,0,627,0,644,17,0
11/14/2025 04:45,0,579,0,585,6,0
11/14/2025 05:00,0,599,0,655,56,0
11/14/2025 05:15,0,599,0,609,10,0
11/14/2025 05:30,0,588,0,595,7,0
11/14/2025 05:45,0,623,0,688,65,0
11/14/2025 06:00,0,587,0,594,7,0
11/14/2025 06:15,0,610,0,614,4,0
11/14/2025 06:30,0,590,0,650,60,0
11/14/2025 06:45,8,624,0,620,4,0
11/14/2025 07:00,35,734,0,729,30,0
11/14/2025 07:15,54,739,0,744,59,0
11/14/2025 07:30,93,653,0,656,96,0
11/14/2025 07:45,109,590,0,596,115,0
11/14/2025 08:00,146,657,0,662,151,0
11/14/2025 08:15,207,620,0,620,207,0
11/14/2025 08:30,277,603,0,601,275,0
11/14/2025 08:45,370,602,0,609,377,0
11/14/2025 09:00,421,634,0,640,427,0
11/14/2025 09:15,505,628,0,621,498,0
11/14/2025 09:30,583,465,0,484,602,0
11/14/2025 09:45,654,451,0,468,671,0
11/14/2025 10:00,784,464,0,478,798,0
11/14/2025 10:15,826,445,0,464,845,0
11/14/2025 10:30,972,220,0,245,997,0
11/14/2025 10:45,883,136,0,148,895,0
11/14/2025 11:00,922,118,0,134,938,0
11/14/2025 11:15,1005,119,0,129,1015,0
11/14/2025 11:30,985,139,0,141,987,0
11/14/2025 11:45,998,111,0,119,1006,0
11/14/2025 12:00,651,182,0,183,652,0
11/14/2025 12:15,650,578,0,578,650,0
11/14/2025 12:30,875,407,0,433,901,0
11/14/2025 12:45,411,482,0,485,414,0
11/14/2025 13:00,427,359,0,374,442,0
11/14/2025 13:15,303,165,0,170,308,0
11/14/2025 13:30,294,103,0,111,302,0
11/14/2025 13:45,292,105,0,106,293,0
11/14/2025 14:00,240,129,0,133,244,0
11/14/2025 14:15,261,118,8,0,135,0
11/14/2025 14:30,183,139,0,33,77,0
11/14/2025 14:45,132,515,0,459,76,0
11/14/2025 15:00,86,442,0,382,26,0
11/14/2025 15:15,34,387,0,364,11,0
11/14/2025 15:30,52,863,0,812,1,0
11/14/2025 15:45,44,323,0,304,25,0
11/14/2025 16:00,14,143,30,0,0,159
11/14/2025 16:15,1,556,0,2,0,553
11/14/2025 16:30,0,500,16,0,0,516
11/14/2025 16:45,0,490,21,0,0,511
11/14/2025 17:00,0,457,1,0,0,458
11/14/2025 17:15,0,456,17,0,0,473
11/14/2025 17:30,0,805,0,5,0,800
11/14/2025 17:45,0,703,13,0,0,716
11/14/2025 18:00,0,713,0,0,0,713
11/14/2025 18:15,0,526,0,0,0,526
11/14/2025 18:30,0,604,21,0,0,625
11/14/2025 18:45,0,452,0,3,0,449
11/14/2025 19:00,0,595,8,0,0,603
11/14/2025 19:15,0,513,7,0,0,520
11/14/2025 19:30,0,609,0,3,0,606
11/14/2025 19:45,0,489,14,0,0,503
11/14/2025 20:00,0,608,4,14,14,612
11/14/2025 20:15,0,639,12,0,0,651
11/14/2025 20:30,0,375,4,0,0,379
11/14/2025 20:45,0,610,0,13,0,597
11/14/2025 21:00,0,2007,0,649,6,1364
11/14/2025 21:15,0,1418,0,1430,12,0
11/14/2025 21:30,0,495,0,497,2,0
11/14/2025 21:45,0,791,0,794,3,0
11/14/2025 22:00,0,652,0,655,3,0
11/14/2025 22:15,0,244,0,249,5,0
11/14/2025 22:30,0,247,0,252,5,0
11/14/2025 22:45,0,372,0,378,6,0
11/14/2025 23:00,0,609,0,613,4,0
11/14/2025 23:15,0,256,0,262,6,0
11/14/2025 23:30,0,198,0,204,6,0
11/14/2025 23:45,0,373,0,379,6,0
11/15/2025 00:00,0,594,0,598,4,0
11/15/2025 00:15,0,182,0,269,87,0
11/15/2025 00:30,0,114,0,124,10,0
11/15/2025 00:45,0,293,0,299,6,0
11/15/2025 01:00,0,539,0,544,5,0
11/15/2025 01:15,0,124,0,129,5,0
11/15/2025 01:30,0,130,0,213,83,0
11/15/2025 01:45,0,520,0,528,8,0
11/15/2025 02:00,0,285,0,291,6,0
11/15/2025 02:15,0,114,0,118,4,0
11/15/2025 02:30,0,312,0,392,80,0
11/15/2025 02:45,0,479,0,489,10,0
11/15/2025 03:00,0,134,0,138,4,0
11/15/2025 03:15,0,147,0,214,67,0
11/15/2025 03:30,0,611,0,619,8,0
11/15/2025 03:45,0,454,0,461,7,0
11/15/2025 04:00,0,509,0,580,71,0
11/15/2025 04:15,0,637,0,645,8,0
11/15/2025 04:30,0,531,0,537,6,0
11/15/2025 04:45,0,578,0,583,5,0
11/15/2025 05:00,0,587,0,653,66,0
11/15/2025 05:15,0,539,0,546,7,0
11/15/2025 05:30,0,630,0,691,61,0
11/15/2025 05:45,0,518,0,524,6,0
11/15/2025 06:00,0,641,0,647,6,0
11/15/2025 06:15,0,556,0,615,59,0
11/15/2025 06:30,0,990,0,996,6,0
11/15/2025 06:45,11,738,0,769,42,0
11/15/2025 07:00,55,269,0,266,52,0
11/15/2025 07:15,151,803,0,802,150,0
11/15/2025 07:30,138,838,0,846,146,0
11/15/2025 07:45,116,837,0,846,125,0
11/15/2025 08:00,135,757,0,760,138,0
11/15/2025 08:15,200,582,0,579,197,0
11/15/2025 08:30,268,564,0,561,265,0
11/15/2025 08:45,370,596,0,606,380,0
11/15/2025 09:00,423,606,0,613,430,0
11/15/2025 09:15,506,548,0,546,504,0
11/15/2025 09:30,582,528,0,566,620,0
11/15/2025 09:45,669,536,0,552,685,0
11/15/2025 10:00,775,547,0,553,781,0
11/15/2025 10:15,846,556,0,588,878,0
11/15/2025 10:30,912,549,0,555,918,0
11/15/2025 10:45,960,455,0,466,971,0
11/15/2025 11:00,965,432,0,444,977,0
11/15/2025 11:15,990,531,0,553,1012,0
11/15/2025 11:30,984,440,0,449,993,0
11/15/2025 11:45,986,425,0,440,1001,0
11/15/2025 12:00,944,429,0,437,952,0
11/15/2025 12:15,883,402,0,429,910,0
11/15/2025 12:30,859,908,0,928,879,0
11/15/2025 12:45,776,256,0,285,805,0
11/15/2025 13:00,708,460,0,244,492,0
11/15/2025 13:15,318,303,0,135,150,0
11/15/2025 13:30,361,385,0,58,34,0
11/15/2025 13:45,340,467,0,127,0,0
11/15/2025 14:00,228,170,38,0,20,0
11/15/2025 14:15,301,224,36,0,41,0
11/15/2025 14:30,228,1422,0,1200,6,0
11/15/2025 14:45,144,1825,0,1712,31,0
11/15/2025 15:00,130,649,0,592,73,0
11/15/2025 15:15,127,468,0,341,0,0
11/15/2025 15:30,70,387,0,325,8,0
11/15/2025 15:45,32,436,0,442,38,0
11/15/2025 16:00,8,275,13,0,2,282
11/15/2025 16:15,0,125,0,4,0,121
11/15/2025 16:30,0,132,0,2,0,130
11/15/2025 16:45,0,150,0,3,0,147
11/15/2025 17:00,0,534,2,0,0,536
11/15/2025 17:15,0,944,33,0,0,977
11/15/2025 17:30,0,862,22,0,0,884
11/15/2025 17:45,0,598,10,0,0,608
11/15/2025 18:00,0,634,11,0,0,645
11/15/2025 18:15,0,323,2,0,0,325
11/15/2025 18:30,0,245,0,2,0,243
11/15/2025 18:45,0,655,6,0,0,661
11/15/2025 19:00,0,324,0,4,0,320
11/15/2025 19:15,0,751,1,0,0,752
11/15/2025 19:30,0,605,0,2,0,603
11/15/2025 19:45,0,641,17,0,0,658
11/15/2025 20:00,0,444,7,10,10,451
11/15/2025 20:15,0,209,11,0,0,220
11/15/2025 20:30,0,466,24,0,0,490
11/15/2025 20:45,0,577,29,0,0,606
11/15/2025 21:00,0,285,0,4,0,281
11/15/2025 21:15,0,492,2,0,0,494
11/15/2025 21:30,0,781,12,0,0,793
11/15/2025 21:45,0,814,36,0,0,850
11/15/2025 22:00,0,244,0,107,14,151
11/15/2025 22:15,0,258,0,268,10,0
11/15/2025 22:30,0,567,0,569,2,0
11/15/2025 22:45,0,439,0,445,6,0
11/15/2025 23:00,0,219,0,224,5,0
11/15/2025 23:15,0,196,0,202,6,0
11/15/2025 23:30,0,403,0,409,6,0
11/15/2025 23:45,0,532,0,538,6,0
11/16/2025 00:00,0,145,0,151,6,0
11/16/2025 00:15,0,119,0,125,6,0
11/16/2025 00:30,0,328,0,334,6,0
11/16/2025 00:45,0,475,0,482,7,0
11/16/2025 01:00,0,143,0,150,7,0
11/16/2025 01:15,0,125,0,131,6,0
11/16/2025 01:30,0,240,0,320,80,0
11/16/2025 01:45,0,508,0,518,10,0
11/16/2025 02:00,0,111,0,117,6,0
11/16/2025 02:15,0,130,0,135,5,0
11/16/2025 02:30,0,196,0,274,78,0
11/16/2025 02:45,0,524,0,534,10,0
11/16/2025 03:00,0,117,0,123,6,0
11/16/2025 03:15,0,109,0,115,6,0
11/16/2025 03:30,0,363,0,370,7,0
11/16/2025 03:45,0,360,0,444,84,0
11/16/2025 04:00,0,109,0,117,8,0
11/16/2025 04:15,0,154,0,160,6,0
11/16/2025 04:30,0,500,0,577,77,0
11/16/2025 04:45,0,171,0,182,11,0
11/16/2025 05:00,0,105,0,112,7,0
11/16/2025 05:15,0,260,0,266,6,0
11/16/2025 05:30,0,448,0,527,79,0
11/16/2025 05:45,0,115,0,121,6,0
11/16/2025 06:00,0,130,0,137,7,0
11/16/2025 06:15,0,508,0,580,72,0
11/16/2025 06:30,0,742,0,752,10,0
11/16/2025 06:45,0,584,0,590,6,0
11/16/2025 07:00,8,422,0,424,10,0
11/16/2025 07:15,84,672,0,673,85,0
11/16/2025 07:30,113,688,0,694,119,0
11/16/2025 07:45,144,532,0,539,151,0
11/16/2025 08:00,161,504,0,509,166,0
11/16/2025 08:15,202,569,0,572,205,0
11/16/2025 08:30,246,492,0,494,248,0
11/16/2025 08:45,467,469,0,470,468,0
11/16/2025 09:00,453,403,0,410,460,0
11/16/2025 09:15,430,368,0,372,434,0
11/16/2025 09:30,535,351,0,364,548,0
11/16/2025 09:45,547,358,0,356,545,0
11/16/2025 10:00,350,367,0,367,350,0
11/16/2025 10:15,699,372,0,383,710,0
11/16/2025 10:30,1010,477,0,489,1022,0
11/16/2025 10:45,1063,253,0,274,1084,0
11/16/2025 11:00,782,107,0,117,792,0
11/16/2025 11:15,507,115,0,129,521,0
11/16/2025 11:30,696,145,0,161,712,0
11/16/2025 11:45,748,113,0,128,763,0
11/16/2025 12:00,543,140,0,144,547,0
11/16/2025 12:15,425,568,0,585,442,0
11/16/2025 12:30,569,571,0,578,576,0
11/16/2025 12:45,608,473,0,484,619,0
11/16/2025 13:00,450,422,0,426,454,0
11/16/2025 13:15,452,339,0,348,461,0
11/16/2025 13:30,281,583,0,590,288,0
11/16/2025 13:45,167,1061,0,1067,173,0
11/16/2025 14:00,163,1765,0,1767,165,0
11/16/2025 14:15,209,728,0,731,212,0
11/16/2025 14:30,182,1551,0,1557,188,0
11/16/2025 14:45,189,1685,0,1687,191,0
11/16/2025 15:00,173,606,0,978,545,0
11/16/2025 15:15,119,444,0,1428,1103,0
11/16/2025 15:30,95,563,0,706,238,0
11/16/2025 15:45,38,694,0,726,70,0
11/16/2025 16:00,14,251,0,10,6,233
11/16/2025 16:15,0,134,0,2,0,132
11/16/2025 16:30,0,166,0,3,0,163
11/16/2025 16:45,0,165,0,3,0,162
11/16/2025 17:00,0,221,1,0,0,222
11/16/2025 17:15,0,258,0,0,0,258
11/16/2025 17:30,0,663,0,6,0,657
11/16/2025 17:45,0,627,5,0,0,632
11/16/2025 18:00,0,295,0,1,0,294
11/16/2025 18:15,0,615,0,2,0,613
11/16/2025 18:30,0,665,30,0,0,695
11/16/2025 18:45,0,494,3,0,0,497
11/16/2025 19:00,0,522,28,0,0,550
11/16/2025 19:15,0,592,10,0,0,602
11/16/2025 19:30,0,304,1,0,0,305
11/16/2025 19:45,0,285,0,7,0,278
11/16/2025 20:00,0,379,0,27,24,376
11/16/2025 20:15,0,997,14,0,0,1011
11/16/2025 20:30,0,596,9,0,0,605
11/16/2025 20:45,0,593,25,0,0,618
11/16/2025 21:00,0,551,1,0,0,552
11/16/2025 21:15,0,737,2,0,0,739
11/16/2025 21:30,0,433,11,0,0,444
11/16/2025 21:45,0,333,12,0,0,345
11/16/2025 22:00,0,260,10,0,0,270
11/16/2025 22:15,0,657,8,0,0,665
11/16/2025 22:30,0,467,0,278,16,205
11/16/2025 22:45,0,271,0,281,10,0
11/16/2025 23:00,0,235,0,241,6,0
11/16/2025 23:15,0,449,0,456,7,0
11/16/2025 23:30,0,557,0,563,6,0
11/16/2025 23:45,0,112,0,119,7,0
11/17/2025 00:00,0,113,0,118,5,0
11/17/2025 00:15,0,538,0,545,7,0
11/17/2025 00:30,0,279,0,284,5,0
11/17/2025 00:45,0,132,0,138,6,0
11/17/2025 01:00,0,346,0,352,6,0
11/17/2025 01:15,0,488,0,494,6,0
11/17/2025 01:30,0,128,0,133,5,0
11/17/2025 01:45,0,114,0,183,69,0
11/17/2025 02:00,0,578,0,593,15,0
11/17/2025 02:15,0,269,0,275,6,0
11/17/2025 02:30,0,135,0,141,6,0
11/17/2025 02:45,0,542,0,612,70,0
11/17/2025 03:00,0,205,0,214,9,0
11/17/2025 03:15,0,152,0,158,6,0
11/17/2025 03:30,0,623,0,683,60,0
11/17/2025 03:45,0,145,0,153,8,0
11/17/2025 04:00,0,203,0,272,69,0
11/17/2025 04:15,0,579,0,585,6,0
11/17/2025 04:30,0,130,0,136,6,0
11/17/2025 04:45,0,295,0,367,72,0
11/17/2025 05:00,0,480,0,487,7,0
11/17/2025 05:15,0,143,0,208,65,0
11/17/2025 05:30,0,539,0,548,9,0
11/17/2025 05:45,0,547,0,554,7,0
11/17/2025 06:00,0,535,0,595,60,0
11/17/2025 06:15,0,723,0,730,7,0
11/17/2025 06:30,0,575,0,581,6,0
11/17/2025 06:45,6,614,0,650,42,0
11/17/2025 07:00,49,676,0,669,42,0
11/17/2025 07:15,118,681,0,678,115,0
11/17/2025 07:30,157,601,0,610,166,0
11/17/2025 07:45,209,501,0,502,210,0
11/17/2025 08:00,273,136,0,142,279,0
11/17/2025 08:15,342,145,0,142,339,0
11/17/2025 08:30,402,138,0,146,410,0
11/17/2025 08:45,355,149,0,153,359,0
11/17/2025 09:00,405,386,0,384,403,0
11/17/2025 09:15,660,634,0,652,678,0
11/17/2025 09:30,553,535,0,549,567,0
11/17/2025 09:45,900,532,0,551,919,0
11/17/2025 10:00,592,559,0,566,599,0
11/17/2025 10:15,396,594,0,593,395,0
11/17/2025 10:30,719,689,0,688,718,0
11/17/2025 10:45,594,585,0,597,606,0
11/17/2025 11:00,886,666,0,693,913,0
11/17/2025 11:15,731,842,0,843,732,0
11/17/2025 11:30,994,703,0,735,1026,0
11/17/2025 11:45,952,679,0,685,958,0
11/17/2025 12:00,945,481,0,483,947,0
11/17/2025 12:15,778,194,0,194,778,0
11/17/2025 12:30,716,215,0,217,718,0
11/17/2025 12:45,705,223,0,230,712,0
11/17/2025 13:00,622,188,0,204,638,0
11/17/2025 13:15,535,203,0,225,557,0
11/17/2025 13:30,474,185,0,212,501,0
11/17/2025 13:45,269,228,0,117,158,0
11/17/2025 14:00,165,188,0,83,60,0
11/17/2025 14:15,136,201,0,135,70,0
11/17/2025 14:30,116,209,0,110,17,0
11/17/2025 14:45,105,200,0,114,19,0
11/17/2025 15:00,116,197,0,121,40,0
11/17/2025 15:15,145,197,0,68,16,0
11/17/2025 15:30,102,583,0,497,16,0
11/17/2025 15:45,36,875,0,873,34,0
11/17/2025 16:00,13,441,20,0,1,449
11/17/2025 16:15,0,218,0,3,0,215
11/17/2025 16:30,0,684,14,0,0,698
11/17/2025 16:45,0,671,28,0,0,699
11/17/2025 17:00,0,694,11,0,0,705
11/17/2025 17:15,0,815,0,0,0,815
11/17/2025 17:30,0,946,11,0,0,957
11/17/2025 17:45,0,694,16,0,0,710
11/17/2025 18:00,0,808,7,0,0,815
11/17/2025 18:15,0,665,6,0,0,671
11/17/2025 18:30,0,684,6,0,0,690
11/17/2025 18:45,0,857,0,9,0,848
11/17/2025 19:00,0,781,19,0,0,800
11/17/2025 19:15,0,692,2,0,0,694
11/17/2025 19:30,0,753,12,0,0,765
11/17/2025 19:45,0,637,6,0,0,643
11/17/2025 20:00,0,709,1,12,12,710
11/17/2025 20:15,0,704,0,104,10,610
11/17/2025 20:30,0,793,0,805,12,0
11/17/2025 20:45,0,2090,0,2094,4,0
11/17/2025 21:00,0,2285,0,2287,2,0
11/17/2025 21:15,0,1794,0,1794,0,0
11/17/2025 21:30,0,699,0,705,6,0
11/17/2025 21:45,0,664,0,668,4,0
11/17/2025 22:00,0,273,0,277,4,0
11/17/2025 22:15,0,683,0,687,4,0
11/17/2025 22:30,0,483,0,485,2,0
11/17/2025 22:45,0,242,0,247,5,0
11/17/2025 23:00,0,594,0,599,5,0
11/17/2025 23:15,0,309,0,315,6,0
11/17/2025 23:30,0,172,0,178,6,0
11/17/2025 23:45,0,451,0,526,75,0
11/18/2025 00:00,0,428,0,436,8,0
11/18/2025 00:15,0,182,0,187,5,0
11/18/2025 00:30,0,253,0,322,69,0
11/18/2025 00:45,0,604,0,612,8,0
11/18/2025 01:00,0,156,0,160,4,0
11/18/2025 01:15,0,190,0,196,6,0
11/18/2025 01:30,0,644,0,717,73,0
11/18/2025 01:45,0,189,0,196,7,0
11/18/2025 02:00,0,165,0,234,69,0
11/18/2025 02:15,0,680,0,688,8,0
11/18/2025 02:30,0,168,0,174,6,0
11/18/2025 02:45,0,238,0,309,71,0
11/18/2025 03:00,0,551,0,559,8,0
11/18/2025 03:15,0,176,0,182,6,0
11/18/2025 03:30,0,422,0,482,60,0
11/18/2025 03:45,0,450,0,456,6,0
11/18/2025 04:00,0,674,0,679,5,0
11/18/2025 04:15,0,798,0,866,68,0
11/18/2025 04:30,0,579,0,587,8,0
11/18/2025 04:45,0,632,0,689,57,0
11/18/2025 05:00,0,566,0,574,8,0
11/18/2025 05:15,0,583,0,589,6,0
11/18/2025 05:30,0,634,0,688,54,0
11/18/2025 05:45,0,552,0,560,8,0
11/18/2025 06:00,0,646,0,687,41,0
11/18/2025 06:15,0,587,0,643,56,0
11/18/2025 06:30,0,308,0,316,8,0
11/18/2025 06:45,6,611,0,652,47,0
11/18/2025 07:00,32,665,0,709,76,0
11/18/2025 07:15,123,636,0,638,125,0
11/18/2025 07:30,114,698,0,706,122,0
11/18/2025 07:45,103,576,0,584,111,0
11/18/2025 08:00,124,579,0,584,129,0
11/18/2025 08:15,183,556,0,562,189,0
11/18/2025 08:30,230,564,0,566,232,0
11/18/2025 08:45,337,573,0,570,334,0
11/18/2025 09:00,407,607,0,612,412,0
11/18/2025 09:15,480,619,0,627,488,0
11/18/2025 09:30,543,529,0,544,558,0
11/18/2025 09:45,629,473,0,479,635,0
11/18/2025 10:00,752,450,0,466,768,0
11/18/2025 10:15,819,452,0,465,832,0
11/18/2025 10:30,881,422,0,438,897,0
11/18/2025 10:45,918,531,0,551,938,0
11/18/2025 11:00,936,419,0,449,966,0
11/18/2025 11:15,954,452,0,452,954,0
11/18/2025 11:30,948,426,0,440,962,0
11/18/2025 11:45,957,314,0,328,971,0
11/18/2025 12:00,935,136,0,159,958,0
11/18/2025 12:15,895,159,0,178,914,0
11/18/2025 12:30,840,141,0,172,871,0
11/18/2025 12:45,763,143,0,160,780,0
11/18/2025 13:00,672,168,0,180,684,0
11/18/2025 13:15,539,143,0,56,452,0
11/18/2025 13:30,383,361,0,34,56,0
11/18/2025 13:45,234,569,0,392,57,0
11/18/2025 14:00,144,414,0,272,2,0
11/18/2025 14:15,125,397,0,368,96,0
11/18/2025 14:30,107,188,0,93,12,0
11/18/2025 14:45,86,162,0,86,10,0
11/18/2025 15:00,86,151,0,118,53,0
11/18/2025 15:15,90,138,0,64,16,0
11/18/2025 15:30,59,510,0,466,15,0
11/18/2025 15:45,28,766,0,755,17,0
11/18/2025 16:00,10,234,19,0,0,243
11/18/2025 16:15,0,221,0,8,0,213
11/18/2025 16:30,0,684,2,0,0,686
11/18/2025 16:45,0,626,23,0,0,649
11/18/2025 17:00,0,599,0,1,0,598
11/18/2025 17:15,0,646,1,0,0,647
11/18/2025 17:30,0,985,0,6,0,979
11/18/2025 17:45,0,759,8,0,0,767
11/18/2025 18:00,0,672,16,0,0,688
11/18/2025 18:15,0,619,10,0,0,629
11/18/2025 18:30,0,680,0,2,0,678
11/18/2025 18:45,0,650,11,0,0,661
11/18/2025 19:00,0,685,0,2,0,683
11/18/2025 19:15,0,705,2,0,0,707
11/18/2025 19:30,0,887,9,0,0,896
11/18/2025 19:45,0,591,9,0,0,600
11/18/2025 20:00,0,504,12,13,13,516
11/18/2025 20:15,0,249,4,0,0,253
11/18/2025 20:30,0,432,11,0,0,443
11/18/2025 20:45,0,811,24,0,0,835
11/18/2025 21:00,0,571,0,504,16,83
11/18/2025 21:15,0,475,0,482,7,0
11/18/2025 21:30,0,806,0,811,5,0
11/18/2025 21:45,0,778,0,780,2,0
11/18/2025 22:00,0,372,0,374,2,0
11/18/2025 22:15,0,1050,0,1050,0,0
11/18/2025 22:30,0,318,0,320,2,0
11/18/2025 22:45,0,235,0,237,2,0
11/18/2025 23:00,0,568,0,574,6,0
11/18/2025 23:15,0,467,0,469,2,0
11/18/2025 23:30,0,233,0,239,6,0
11/18/2025 23:45,0,430,0,432,2,0
11/19/2025 00:00,0,559,0,561,2,0
11/19/2025 00:15,0,168,0,246,78,0
11/19/2025 00:30,0,305,0,311,6,0
11/19/2025 00:45,0,603,0,676,73,0
11/19/2025 01:00,0,202,0,210,8,0
11/19/2025 01:15,0,387,0,392,5,0
11/19/2025 01:30,0,460,0,525,65,0
11/19/2025 01:45,0,156,0,162,6,0
11/19/2025 02:00,0,464,0,527,63,0
11/19/2025 02:15,0,396,0,402,6,0
11/19/2025 02:30,0,151,0,157,6,0
11/19/2025 02:45,0,531,0,593,62,0
11/19/2025 03:00,0,367,0,373,6,0
11/19/2025 03:15,0,146,0,206,60,0
11/19/2025 03:30,0,565,0,572,7,0
11/19/2025 03:45,0,490,0,496,6,0
11/19/2025 04:00,0,170,0,218,48,0
11/19/2025 04:15,0,713,0,721,8,0
11/19/2025 04:30,0,812,0,859,47,0
11/19/2025 04:45,0,744,0,750,6,0
11/19/2025 05:00,0,791,0,797,6,0
11/19/2025 05:15,0,561,0,619,58,0
11/19/2025 05:30,0,703,0,709,6,0
11/19/2025 05:45,0,557,0,585,28,0
11/19/2025 06:00,0,659,0,672,13,0
11/19/2025 06:15,0,604,0,644,40,0
11/19/2025 06:30,0,591,0,597,6,0
11/19/2025 06:45,0,779,0,823,44,0
11/19/2025 07:00,23,1001,0,994,16,0
11/19/2025 07:15,51,700,0,698,49,0
11/19/2025 07:30,67,342,0,343,68,0
11/19/2025 07:45,84,276,0,278,86,0
11/19/2025 08:00,92,253,0,255,94,0
11/19/2025 08:15,135,233,0,237,139,0
11/19/2025 08:30,172,642,0,645,175,0
11/19/2025 08:45,273,600,0,598,271,0
11/19/2025 09:00,399,565,0,561,395,0
11/19/2025 09:15,494,563,0,571,502,0
11/19/2025 09:30,551,592,0,610,569,0
11/19/2025 09:45,605,564,0,566,607,0
11/19/2025 10:00,760,566,0,574,768,0
11/19/2025 10:15,819,563,0,575,831,0
11/19/2025 10:30,871,584,0,604,891,0
11/19/2025 10:45,912,476,0,489,925,0
11/19/2025 11:00,932,466,0,506,972,0
11/19/2025 11:15,949,464,0,478,963,0
11/19/2025 11:30,941,446,0,464,959,0
11/19/2025 11:45,953,449,0,457,961,0
11/19/2025 12:00,928,517,0,540,951,0
11/19/2025 12:15,888,277,0,293,904,0
11/19/2025 12:30,834,152,0,165,847,0
11/19/2025 12:45,756,443,0,454,767,0
11/19/2025 13:00,665,517,0,527,675,0
11/19/2025 13:15,531,522,0,536,545,0
11/19/2025 13:30,379,431,0,447,395,0
11/19/2025 13:45,235,168,0,87,154,0
11/19/2025 14:00,147,167,0,52,32,0
11/19/2025 14:15,129,139,0,36,26,0
11/19/2025 14:30,109,139,0,69,39,0
11/19/2025 14:45,89,150,0,109,48,0
11/19/2025 15:00,86,226,0,170,30,0
11/19/2025 15:15,88,591,0,517,14,0
11/19/2025 15:30,58,837,0,803,24,0
11/19/2025 15:45,29,410,0,393,12,0
11/19/2025 16:00,12,169,25,0,0,182
11/19/2025 16:15,0,642,16,0,0,658
11/19/2025 16:30,0,626,13,0,0,639
11/19/2025 16:45,0,665,11,0,0,676
11/19/2025 17:00,0,652,2,0,0,654
11/19/2025 17:15,0,652,2,0,0,654
11/19/2025 17:30,0,1024,15,0,0,1039
11/19/2025 17:45,0,947,27,0,0,974
11/19/2025 18:00,0,787,20,0,0,807
11/19/2025 18:15,0,662,9,0,0,671
11/19/2025 18:30,0,739,21,0,0,760
11/19/2025 18:45,0,801,7,0,0,808
11/19/2025 19:00,0,828,0,4,0,824
11/19/2025 19:15,0,1063,0,2,0,1061
11/19/2025 19:30,0,1004,11,0,0,1015
11/19/2025 19:45,0,479,0,6,0,473
11/19/2025 20:00,0,698,0,35,16,679
11/19/2025 20:15,0,458,0,470,12,0
11/19/2025 20:30,0,546,0,552,6,0
11/19/2025 20:45,0,1087,0,1087,0,0
11/19/2025 21:00,0,2566,0,2567,1,0
11/19/2025 21:15,0,2699,0,2699,0,0
11/19/2025 21:30,0,930,0,930,0,0
11/19/2025 21:45,0,696,0,697,1,0
11/19/2025 22:00,0,380,0,381,1,0
11/19/2025 22:15,0,945,0,946,1,0
11/19/2025 22:30,0,426,0,426,0,0
11/19/2025 22:45,0,526,0,526,0,0
11/19/2025 23:00,0,783,0,785,2,0
11/19/2025 23:15,0,286,0,289,3,0
11/19/2025 23:30,0,316,0,389,73,0
11/19/2025 23:45,0,687,0,691,4,0
11/20/2025 00:00,0,209,0,282,73,0
11/20/2025 00:15,0,274,0,278,4,0
11/20/2025 00:30,0,621,0,625,4,0
11/20/2025 00:45,0,181,0,246,65,0
11/20/2025 01:00,0,449,0,455,6,0
11/20/2025 01:15,0,555,0,560,5,0
11/20/2025 01:30,0,185,0,253,68,0
11/20/2025 01:45,0,291,0,297,6,0
11/20/2025 02:00,0,582,0,640,58,0
11/20/2025 02:15,0,165,0,171,6,0
11/20/2025 02:30,0,566,0,623,57,0
11/20/2025 02:45,0,285,0,292,7,0
11/20/2025 03:00,0,167,0,220,53,0
11/20/2025 03:15,0,729,0,735,6,0
11/20/2025 03:30,0,577,0,609,32,0
11/20/2025 03:45,0,667,0,699,32,0
11/20/2025 04:00,0,628,0,632,4,0
11/20/2025 04:15,0,547,0,597,50,0
11/20/2025 04:30,0,615,0,621,6,0
11/20/2025 04:45,0,289,0,334,45,0
11/20/2025 05:00,0,190,0,226,36,0
11/20/2025 05:15,0,637,0,644,7,0
11/20/2025 05:30,0,601,0,635,34,0
11/20/2025 05:45,0,728,0,734,6,0
11/20/2025 06:00,0,651,0,680,29,0
11/20/2025 06:15,0,772,0,795,23,0
11/20/2025 06:30,0,696,0,748,52,0
11/20/2025 06:45,0,599,0,605,6,0
11/20/2025 07:00,42,628,0,621,35,0
11/20/2025 07:15,57,748,0,750,59,0
11/20/2025 07:30,102,562,0,563,103,0
11/20/2025 07:45,155,250,0,254,159,0
11/20/2025 08:00,188,197,0,204,195,0
11/20/2025 08:15,249,173,0,176,252,0
11/20/2025 08:30,278,560,0,567,285,0
11/20/2025 08:45,285,593,0,594,286,0
11/20/2025 09:00,288,565,0,570,293,0
11/20/2025 09:15,487,589,0,595,493,0
11/20/2025 09:30,543,561,0,578,560,0
11/20/2025 09:45,684,554,0,568,698,0
11/20/2025 10:00,779,562,0,586,803,0
11/20/2025 10:15,823,523,0,525,825,0
11/20/2025 10:30,752,473,0,481,760,0
11/20/2025 10:45,1022,458,0,474,1038,0
11/20/2025 11:00,987,482,0,477,982,0
11/20/2025 11:15,1058,527,0,548,1079,0
11/20/2025 11:30,736,423,0,433,746,0
11/20/2025 11:45,949,401,0,408,956,0
11/20/2025 12:00,342,425,0,432,349,0
11/20/2025 12:15,1002,450,0,457,1009,0
11/20/2025 12:30,923,428,0,450,945,0
11/20/2025 12:45,701,424,0,424,701,0
11/20/2025 13:00,602,408,0,424,618,0
11/20/2025 13:15,391,226,0,234,399,0
11/20/2025 13:30,305,143,0,155,317,0
11/20/2025 13:45,253,162,0,163,254,0
11/20/2025 14:00,240,139,0,143,244,0
11/20/2025 14:15,205,170,0,79,114,0
11/20/2025 14:30,155,182,0,58,31,0
11/20/2025 14:45,129,528,0,432,33,0
11/20/2025 15:00,86,522,0,474,38,0
11/20/2025 15:15,55,540,0,507,22,0
11/20/2025 15:30,30,714,0,694,10,0
11/20/2025 15:45,19,525,0,528,22,0
11/20/2025 16:00,5,448,25,0,0,468
11/20/2025 16:15,0,592,0,0,0,592
11/20/2025 16:30,0,567,7,0,0,574
11/20/2025 16:45,0,643,6,0,0,649
11/20/2025 17:00,0,413,26,0,0,439
11/20/2025 17:15,0,206,0,7,0,199
11/20/2025 17:30,0,731,2,0,0,733
11/20/2025 17:45,0,829,17,0,0,846
11/20/2025 18:00,0,733,0,2,0,731
11/20/2025 18:15,0,706,19,0,0,725
11/20/2025 18:30,0,591,8,0,0,599
11/20/2025 18:45,0,675,9,0,0,684
11/20/2025 19:00,0,688,8,0,0,696
11/20/2025 19:15,0,753,8,0,0,761
11/20/2025 19:30,0,703,13,0,0,716
11/20/2025 19:45,0,814,0,7,0,807
11/20/2025 20:00,0,904,37,3,3,941
11/20/2025 20:15,0,696,24,0,0,720
11/20/2025 20:30,0,744,0,176,10,578
11/20/2025 20:45,0,653,0,664,11,0
11/20/2025 21:00,0,736,0,738,2,0
11/20/2025 21:15,0,756,0,758,2,0
11/20/2025 21:30,0,702,0,705,3,0
11/20/2025 21:45,0,764,0,768,4,0
11/20/2025 22:00,0,847,0,847,0,0
11/20/2025 22:15,0,471,0,472,1,0
11/20/2025 22:30,0,553,0,554,1,0
11/20/2025 22:45,0,711,0,713,2,0
11/20/2025 23:00,0,496,0,499,3,0
11/20/2025 23:15,0,262,0,264,2,0
11/20/2025 23:30,0,377,0,380,3,0
11/20/2025 23:45,0,469,0,471,2,0
11/21/2025 00:00,0,173,0,255,82,0
11/21/2025 00:15,0,302,0,310,8,0
11/21/2025 00:30,0,629,0,635,6,0
11/21/2025 00:45,0,152,0,230,78,0
11/21/2025 01:00,0,249,0,256,7,0
11/21/2025 01:15,0,568,0,574,6,0
11/21/2025 01:30,0,187,0,190,3,0
11/21/2025 01:45,0,280,0,351,71,0
11/21/2025 02:00,0,555,0,561,6,0
11/21/2025 02:15,0,145,0,215,70,0
11/21/2025 02:30,0,631,0,639,8,0
11/21/2025 02:45,0,596,0,601,5,0
11/21/2025 03:00,0,591,0,653,62,0
11/21/2025 03:15,0,665,0,671,6,0
11/21/2025 03:30,0,565,0,571,6,0
11/21/2025 03:45,0,470,0,539,69,0
11/21/2025 04:00,0,581,0,587,6,0
11/21/2025 04:15,0,633,0,693,60,0
11/21/2025 04:30,0,625,0,632,7,0
11/21/2025 04:45,0,667,0,734,67,0
11/21/2025 05:00,0,550,0,557,7,0
11/21/2025 05:15,0,584,0,641,57,0
11/21/2025 05:30,0,608,0,615,7,0
11/21/2025 05:45,0,662,0,717,55,0
11/21/2025 06:00,0,730,0,736,6,0
11/21/2025 06:15,0,624,0,666,42,0
11/21/2025 06:30,0,624,0,629,5,0
11/21/2025 06:45,1,677,0,714,38,0
11/21/2025 07:00,20,713,0,705,12,0
11/21/2025 07:15,98,742,0,745,101,0
11/21/2025 07:30,94,759,0,766,101,0
11/21/2025 07:45,148,678,0,681,151,0
11/21/2025 08:00,228,593,0,600,235,0
11/21/2025 08:15,241,604,0,613,250,0
11/21/2025 08:30,212,562,0,567,217,0
11/21/2025 08:45,229,766,0,771,234,0
11/21/2025 09:00,235,290,0,296,241,0
11/21/2025 09:15,280,166,0,177,291,0
11/21/2025 09:30,337,386,0,389,340,0
11/21/2025 09:45,244,406,0,414,252,0
11/21/2025 10:00,184,585,0,591,190,0
11/21/2025 10:15,196,466,0,471,201,0
11/21/2025 10:30,156,940,0,944,160,0
11/21/2025 10:45,184,1086,0,1093,191,0
11/21/2025 11:00,167,939,0,945,173,0
11/21/2025 11:15,238,872,0,876,242,0
11/21/2025 11:30,415,861,0,859,413,0
11/21/2025 11:45,518,865,0,874,527,0
11/21/2025 12:00,555,764,0,785,576,0
11/21/2025 12:15,518,735,0,751,534,0
11/21/2025 12:30,545,695,0,714,564,0
11/21/2025 12:45,452,698,0,705,459,0
11/21/2025 13:00,390,1053,0,1067,404,0
11/21/2025 13:15,293,1763,0,1770,300,0
11/21/2025 13:30,269,1025,0,1032,276,0
11/21/2025 13:45,224,420,0,428,232,0
11/21/2025 14:00,256,673,0,683,266,0
11/21/2025 14:15,198,695,0,700,203,0
11/21/2025 14:30,158,195,0,203,166,0
11/21/2025 14:45,116,192,0,198,122,0
11/21/2025 15:00,60,200,0,1061,921,0
11/21/2025 15:15,20,261,0,1685,1444,0
11/21/2025 15:30,12,652,0,2114,1474,0
11/21/2025 15:45,0,698,0,2061,1363,0
11/21/2025 16:00,0,172,27,2,2,199
11/21/2025 16:15,0,184,0,6,0,178
11/21/2025 16:30,0,661,12,0,0,673
11/21/2025 16:45,0,691,8,0,0,699
11/21/2025 17:00,0,593,1,0,0,594
11/21/2025 17:15,0,529,5,0,0,534
11/21/2025 17:30,0,1013,9,0,0,1022
11/21/2025 17:45,0,635,3,0,0,638
11/21/2025 18:00,0,686,7,0,0,693
11/21/2025 18:15,0,601,7,0,0,608
11/21/2025 18:30,0,521,5,0,0,526
11/21/2025 18:45,0,549,19,0,0,568
11/21/2025 19:00,0,497,19,0,0,516
11/21/2025 19:15,0,548,8,0,0,556
11/21/2025 19:30,0,560,6,0,0,566
11/21/2025 19:45,0,488,2,0,0,490
11/21/2025 20:00,0,583,15,14,14,598
11/21/2025 20:15,0,808,33,0,0,841
11/21/2025 20:30,0,832,0,480,12,364
11/21/2025 20:45,0,1080,0,1089,9,0
11/21/2025 21:00,0,2340,0,2345,5,0
11/21/2025 21:15,0,1891,0,1896,5,0
11/21/2025 21:30,0,805,0,809,4,0
11/21/2025 21:45,0,627,0,628,1,0
11/21/2025 22:00,0,340,0,342,2,0
11/21/2025 22:15,0,256,0,258,2,0
11/21/2025 22:30,0,570,0,570,0,0
11/21/2025 22:45,0,202,0,202,0,0
11/21/2025 23:00,0,213,0,215,2,0
11/21/2025 23:15,0,196,0,198,2,0
11/21/2025 23:30,0,494,0,496,2,0
11/21/2025 23:45,0,270,0,356,86,0
11/22/2025 00:00,0,168,0,176,8,0
11/22/2025 00:15,0,270,0,272,2,0
11/22/2025 00:30,0,583,0,589,6,0
11/22/2025 00:45,0,158,0,239,81,0
11/22/2025 01:00,0,165,0,174,9,0
11/22/2025 01:15,0,378,0,384,6,0
11/22/2025 01:30,0,601,0,606,5,0
11/22/2025 01:45,0,437,0,525,88,0
11/22/2025 02:00,0,271,0,278,7,0
11/22/2025 02:15,0,311,0,315,4,0
11/22/2025 02:30,0,359,0,437,78,0
11/22/2025 02:45,0,185,0,195,10,0
11/22/2025 03:00,0,593,0,599,6,0
11/22/2025 03:15,0,549,0,555,6,0
11/22/2025 03:30,0,556,0,635,79,0
11/22/2025 03:45,0,186,0,194,8,0
11/22/2025 04:00,0,475,0,481,6,0
11/22/2025 04:15,0,251,0,329,78,0
11/22/2025 04:30,0,534,0,542,8,0
11/22/2025 04:45,0,611,0,617,6,0
11/22/2025 05:00,0,559,0,626,67,0
11/22/2025 05:15,0,601,0,611,10,0
11/22/2025 05:30,0,435,0,441,6,0
11/22/2025 05:45,0,351,0,426,75,0
11/22/2025 06:00,0,140,0,148,8,0
11/22/2025 06:15,0,168,0,173,5,0
11/22/2025 06:30,0,452,0,528,76,0
11/22/2025 06:45,0,684,0,693,9,0
11/22/2025 07:00,0,559,0,563,4,0
11/22/2025 07:15,0,538,0,606,68,0
11/22/2025 07:30,4,475,0,481,10,0
11/22/2025 07:45,16,547,0,541,10,0
11/22/2025 08:00,48,575,0,577,50,0
11/22/2025 08:15,58,475,0,485,68,0
11/22/2025 08:30,64,480,0,489,73,0
11/22/2025 08:45,74,478,0,485,81,0
11/22/2025 09:00,87,224,0,228,91,0
11/22/2025 09:15,77,181,0,184,80,0
11/22/2025 09:30,100,181,0,189,108,0
11/22/2025 09:45,165,272,0,274,167,0
11/22/2025 10:00,186,635,0,641,192,0
11/22/2025 10:15,205,414,0,420,211,0
11/22/2025 10:30,147,139,0,147,155,0
11/22/2025 10:45,136,275,0,285,146,0
11/22/2025 11:00,151,640,0,646,157,0
11/22/2025 11:15,200,446,0,449,203,0
11/22/2025 11:30,314,411,0,410,313,0
11/22/2025 11:45,227,423,0,432,236,0
11/22/2025 12:00,225,427,0,433,231,0
11/22/2025 12:15,268,527,0,540,281,0
11/22/2025 12:30,160,1011,0,1014,163,0
11/22/2025 12:45,305,459,0,457,303,0
11/22/2025 13:00,412,499,0,505,418,0
11/22/2025 13:15,523,456,0,476,543,0
11/22/2025 13:30,355,444,0,455,366,0
11/22/2025 13:45,179,469,0,473,183,0
11/22/2025 14:00,114,175,0,709,648,0
11/22/2025 14:15,199,253,0,1809,1755,0
11/22/2025 14:30,133,395,0,2069,1807,0
11/22/2025 14:45,48,686,0,2472,1834,0
11/22/2025 15:00,52,591,0,2718,2179,0
11/22/2025 15:15,56,586,0,2519,1989,0
11/22/2025 15:30,54,466,0,669,257,0
11/22/2025 15:45,21,214,0,385,192,0
11/22/2025 16:00,8,204,8,0,3,207
11/22/2025 16:15,0,261,0,5,0,256
11/22/2025 16:30,0,200,7,0,0,207
11/22/2025 16:45,0,211,0,3,0,208
11/22/2025 17:00,0,207,0,5,0,202
11/22/2025 17:15,0,239,0,8,0,231
11/22/2025 17:30,0,789,6,0,0,795
11/22/2025 17:45,0,740,14,0,0,754
11/22/2025 18:00,0,595,6,0,0,601
11/22/2025 18:15,0,590,19,0,0,609
11/22/2025 18:30,0,436,7,0,0,443
11/22/2025 18:45,0,251,0,3,0,248
11/22/2025 19:00,0,695,3,0,0,698
11/22/2025 19:15,0,663,0,5,0,658
11/22/2025 19:30,0,619,0,0,0,619
11/22/2025 19:45,0,690,13,0,0,703
11/22/2025 20:00,0,506,19,12,12,525
11/22/2025 20:15,0,665,4,0,0,669
11/22/2025 20:30,0,860,50,0,0,910
11/22/2025 20:45,0,1796,34,0,0,1830
11/22/2025 21:00,0,2239,0,1209,9,1039
11/22/2025 21:15,0,1127,0,1234,107,0
11/22/2025 21:30,0,280,0,396,116,0
11/22/2025 21:45,0,710,0,722,12,0
11/22/2025 22:00,0,553,0,558,5,0
11/22/2025 22:15,0,342,0,345,3,0
11/22/2025 22:30,0,402,0,494,92,0
11/22/2025 22:45,0,664,0,671,7,0
11/22/2025 23:00,0,227,0,315,88,0
11/22/2025 23:15,0,262,0,270,8,0
11/22/2025 23:30,0,694,0,696,2,0
11/22/2025 23:45,0,258,0,260,2,0
11/23/2025 00:00,0,134,0,207,73,0
11/23/2025 00:15,0,421,0,429,8,0
11/23/2025 00:30,0,594,0,600,6,0
11/23/2025 00:45,0,241,0,245,4,0
11/23/2025 01:00,0,758,0,832,74,0
11/23/2025 01:15,0,606,0,614,8,0
11/23/2025 01:30,0,532,0,536,4,0
11/23/2025 01:45,0,604,0,647,43,0
11/23/2025 02:00,0,359,0,401,42,0
11/23/2025 02:15,0,181,0,187,6,0
11/23/2025 02:30,0,590,0,596,6,0
11/23/2025 02:45,0,715,0,783,68,0
11/23/2025 03:00,0,645,0,652,7,0
11/23/2025 03:15,0,639,0,676,37,0
11/23/2025 03:30,0,538,0,579,41,0
11/23/2025 03:45,0,545,0,551,6,0
11/23/2025 04:00,0,588,0,649,61,0
11/23/2025 04:15,0,516,0,523,7,0
11/23/2025 04:30,0,582,0,639,57,0
11/23/2025 04:45,0,305,0,313,8,0
11/23/2025 05:00,0,201,0,268,67,0
11/23/2025 05:15,0,798,0,803,5,0
11/23/2025 05:30,0,777,0,826,49,0
11/23/2025 05:45,0,710,0,716,6,0
11/23/2025 06:00,0,722,0,754,32,0
11/23/2025 06:15,0,699,0,744,45,0
11/23/2025 06:30,0,764,0,816,52,0
11/23/2025 06:45,0,635,0,675,40,0
11/23/2025 07:00,6,707,0,742,41,0
11/23/2025 07:15,85,1007,0,1006,84,0
11/23/2025 07:30,83,797,0,805,91,0
11/23/2025 07:45,92,594,0,602,100,0
11/23/2025 08:00,134,550,0,552,136,0
11/23/2025 08:15,205,659,0,664,210,0
11/23/2025 08:30,392,550,0,557,399,0
11/23/2025 08:45,355,542,0,550,363,0
11/23/2025 09:00,273,527,0,536,282,0
11/23/2025 09:15,516,639,0,642,519,0
11/23/2025 09:30,595,530,0,545,610,0
11/23/2025 09:45,410,530,0,538,418,0
11/23/2025 10:00,380,627,0,634,387,0
11/23/2025 10:15,400,539,0,558,419,0
11/23/2025 10:30,350,553,0,564,361,0
11/23/2025 10:45,485,557,0,564,492,0
11/23/2025 11:00,582,578,0,594,598,0
11/23/2025 11:15,344,547,0,556,353,0
11/23/2025 11:30,219,551,0,556,224,0
11/23/2025 11:45,224,567,0,574,231,0
11/23/2025 12:00,239,531,0,532,240,0
11/23/2025 12:15,348,618,0,625,355,0
11/23/2025 12:30,183,1278,0,1286,191,0
11/23/2025 12:45,214,753,0,750,211,0
11/23/2025 13:00,241,882,0,883,242,0
11/23/2025 13:15,197,698,0,706,205,0
11/23/2025 13:30,190,546,0,550,194,0
11/23/2025 13:45,181,526,0,532,187,0
11/23/2025 14:00,102,115,0,122,109,0
11/23/2025 14:15,65,556,0,563,72,0
11/23/2025 14:30,67,599,0,608,76,0
11/23/2025 14:45,27,550,0,553,30,0
11/23/2025 15:00,37,571,0,973,439,0
11/23/2025 15:15,13,731,0,1148,430,0
11/23/2025 15:30,19,811,0,1234,442,0
11/23/2025 15:45,16,488,0,893,421,0
11/23/2025 16:00,0,166,14,0,0,180
11/23/2025 16:15,0,153,0,4,0,149
11/23/2025 16:30,0,469,0,13,0,456
11/23/2025 16:45,0,637,19,0,0,656
11/23/2025 17:00,0,174,7,0,0,181
11/23/2025 17:15,0,214,0,4,0,210
11/23/2025 17:30,0,635,0,10,0,625
11/23/2025 17:45,0,847,24,0,0,871
11/23/2025 18:00,0,610,13,0,0,623
11/23/2025 18:15,0,694,10,0,0,704
11/23/2025 18:30,0,685,8,0,0,693
11/23/2025 18:45,0,418,13,0,0,431
11/23/2025 19:00,0,627,0,0,0,627
11/23/2025 19:15,0,284,7,0,0,291
11/23/2025 19:30,0,195,0,4,0,191
11/23/2025 19:45,0,416,0,42,0,374
11/23/2025 20:00,0,771,0,562,8,217
11/23/2025 20:15,0,636,0,642,6,0
11/23/2025 20:30,0,483,0,483,0,0
11/23/2025 20:45,0,758,0,760,2,0
11/23/2025 21:00,0,1161,0,1161,0,0
11/23/2025 21:15,0,851,0,926,75,0
11/23/2025 21:30,0,723,0,731,8,0
11/23/2025 21:45,0,696,0,702,6,0
11/23/2025 22:00,0,274,0,280,6,0
11/23/2025 22:15,0,209,0,213,4,0
11/23/2025 22:30,0,606,0,675,69,0
11/23/2025 22:45,0,415,0,421,6,0
11/23/2025 23:00,0,154,0,155,1,0
11/23/2025 23:15,0,190,0,255,65,0
11/23/2025 23:30,0,598,0,606,8,0
11/23/2025 23:45,0,144,0,146,2,0
11/24/2025 00:00,0,131,0,202,71,0
11/24/2025 00:15,0,473,0,478,5,0
11/24/2025 00:30,0,691,0,693,2,0
11/24/2025 00:45,0,518,0,520,2,0
11/24/2025 01:00,0,492,0,747,255,0
11/24/2025 01:15,0,504,0,511,7,0
11/24/2025 01:30,0,162,0,231,69,0
11/24/2025 01:45,0,491,0,498,7,0
11/24/2025 02:00,0,679,0,685,6,0
11/24/2025 02:15,0,531,0,537,6,0
11/24/2025 02:30,0,528,0,599,71,0
11/24/2025 02:45,0,577,0,584,7,0
11/24/2025 03:00,0,527,0,578,51,0
11/24/2025 03:15,0,478,0,488,10,0
11/24/2025 03:30,0,369,0,435,66,0
11/24/2025 03:45,0,279,0,287,8,0
11/24/2025 04:00,0,375,0,381,6,0
11/24/2025 04:15,0,710,0,769,59,0
11/24/2025 04:30,0,529,0,594,65,0
11/24/2025 04:45,0,558,0,565,7,0
11/24/2025 05:00,0,541,0,583,42,0
11/24/2025 05:15,0,531,0,541,10,0
11/24/2025 05:30,0,534,0,599,65,0
11/24/2025 05:45,0,561,0,569,8,0
11/24/2025 06:00,0,150,0,156,6,0
11/24/2025 06:15,0,145,0,203,58,0
11/24/2025 06:30,0,573,0,629,56,0
11/24/2025 06:45,0,665,0,671,6,0
11/24/2025 07:00,20,580,0,579,19,0
11/24/2025 07:15,106,764,0,760,102,0
11/24/2025 07:30,153,685,0,693,161,0
11/24/2025 07:45,139,595,0,600,144,0
11/24/2025 08:00,192,582,0,584,194,0
11/24/2025 08:15,227,609,0,611,229,0
11/24/2025 08:30,199,537,0,544,206,0
11/24/2025 08:45,148,547,0,554,155,0
11/24/2025 09:00,367,451,0,455,371,0
11/24/2025 09:15,439,342,0,348,445,0
11/24/2025 09:30,503,124,0,131,510,0
11/24/2025 09:45,579,153,0,172,598,0
11/24/2025 10:00,702,391,0,414,725,0
11/24/2025 10:15,775,513,0,517,779,0
11/24/2025 10:30,806,375,0,385,816,0
11/24/2025 10:45,879,357,0,370,892,0
11/24/2025 11:00,918,122,0,135,931,0
11/24/2025 11:15,941,145,0,160,956,0
11/24/2025 11:30,899,215,0,228,912,0
11/24/2025 11:45,919,524,0,540,935,0
11/24/2025 12:00,901,348,0,368,921,0
11/24/2025 12:15,862,198,0,206,870,0
11/24/2025 12:30,810,107,0,115,818,0
11/24/2025 12:45,761,133,0,155,783,0
11/24/2025 13:00,471,307,0,314,478,0
11/24/2025 13:15,377,481,0,486,382,0
11/24/2025 13:30,306,336,0,351,321,0
11/24/2025 13:45,292,181,0,185,296,0
11/24/2025 14:00,174,118,0,118,174,0
11/24/2025 14:15,151,110,0,104,145,0
11/24/2025 14:30,135,418,0,331,48,0
11/24/2025 14:45,122,450,0,396,68,0
11/24/2025 15:00,81,342,0,315,54,0
11/24/2025 15:15,72,124,0,66,14,0
11/24/2025 15:30,45,630,0,599,14,0
11/24/2025 15:45,23,592,0,608,39,0
11/24/2025 16:00,6,121,0,1,0,114
11/24/2025 16:15,0,225,0,10,0,215
11/24/2025 16:30,0,724,30,0,0,754
11/24/2025 16:45,0,628,20,0,0,648
11/24/2025 17:00,0,518,19,0,0,537
11/24/2025 17:15,0,520,11,0,0,531
11/24/2025 17:30,0,958,0,5,0,953
11/24/2025 17:45,0,759,7,0,0,766
11/24/2025 18:00,0,647,9,0,0,656
11/24/2025 18:15,0,629,15,0,0,644
11/24/2025 18:30,0,621,0,1,0,620
11/24/2025 18:45,0,602,7,0,0,609
11/24/2025 19:00,0,683,2,0,0,685
11/24/2025 19:15,0,655,9,0,0,664
11/24/2025 19:30,0,691,3,0,0,694
11/24/2025 19:45,0,713,7,0,0,720
11/24/2025 20:00,0,653,0,17,14,650
11/24/2025 20:15,0,665,19,0,0,684
11/24/2025 20:30,0,768,28,0,0,796
11/24/2025 20:45,0,850,0,468,11,393
11/24/2025 21:00,0,864,0,874,10,0
11/24/2025 21:15,0,2179,0,2180,1,0
11/24/2025 21:30,0,2216,0,2217,1,0
11/24/2025 21:45,0,1288,0,1294,6,0
11/24/2025 22:00,0,346,0,352,6,0
11/24/2025 22:15,0,206,0,210,4,0
11/24/2025 22:30,0,367,0,373,6,0
11/24/2025 22:45,0,628,0,628,0,0
11/24/2025 23:00,0,213,0,217,4,0
11/24/2025 23:15,0,232,0,236,4,0
11/24/2025 23:30,0,619,0,621,2,0
11/24/2025 23:45,0,277,0,355,78,0
11/25/2025 00:00,0,139,0,146,7,0
11/25/2025 00:15,0,394,0,398,4,0
11/25/2025 00:30,0,469,0,538,69,0
11/25/2025 00:45,0,134,0,142,8,0
11/25/2025 01:00,0,534,0,540,6,0
11/25/2025 01:15,0,632,0,703,71,0
11/25/2025 01:30,0,541,0,547,6,0
11/25/2025 01:45,0,382,0,388,6,0
11/25/2025 02:00,0,543,0,612,69,0
11/25/2025 02:15,0,211,0,218,7,0
11/25/2025 02:30,0,654,0,660,6,0
11/25/2025 02:45,0,606,0,675,69,0
11/25/2025 03:00,0,536,0,544,8,0
11/25/2025 03:15,0,437,0,505,68,0
11/25/2025 03:30,0,480,0,487,7,0
11/25/2025 03:45,0,218,0,224,6,0
11/25/2025 04:00,0,710,0,760,50,0
11/25/2025 04:15,0,551,0,557,6,0
11/25/2025 04:30,0,503,0,560,57,0
11/25/2025 04:45,0,579,0,587,8,0
11/25/2025 05:00,0,140,0,196,56,0
11/25/2025 05:15,0,320,0,327,7,0
11/25/2025 05:30,0,691,0,696,5,0
11/25/2025 05:45,0,546,0,590,44,0
11/25/2025 06:00,0,551,0,558,7,0
11/25/2025 06:15,0,565,0,601,36,0
11/25/2025 06:30,0,529,0,535,6,0
11/25/2025 06:45,0,643,0,721,78,0
11/25/2025 07:00,1,216,0,223,8,0
11/25/2025 07:15,3,276,0,277,4,0
11/25/2025 07:30,14,246,0,285,53,0
11/25/2025 07:45,15,245,0,238,8,0
11/25/2025 08:00,70,187,0,184,67,0
11/25/2025 08:15,124,161,0,167,130,0
11/25/2025 08:30,147,307,0,313,153,0
11/25/2025 08:45,185,680,0,687,192,0
11/25/2025 09:00,201,448,0,453,206,0
11/25/2025 09:15,253,419,0,432,266,0
11/25/2025 09:30,306,388,0,398,316,0
11/25/2025 09:45,229,379,0,385,235,0
11/25/2025 10:00,238,442,0,450,246,0
11/25/2025 10:15,403,451,0,448,400,0
11/25/2025 10:30,378,386,0,394,386,0
11/25/2025 10:45,381,394,0,398,385,0
11/25/2025 11:00,288,407,0,415,296,0
11/25/2025 11:15,203,396,0,402,209,0
11/25/2025 11:30,175,450,0,457,182,0
11/25/2025 11:45,194,366,0,369,197,0
11/25/2025 12:00,218,376,0,382,224,0
11/25/2025 12:15,186,371,0,383,198,0
11/25/2025 12:30,147,394,0,401,154,0
11/25/2025 12:45,157,487,0,493,163,0
11/25/2025 13:00,141,403,0,409,147,0
11/25/2025 13:15,124,370,0,377,131,0
11/25/2025 13:30,98,392,0,400,106,0
11/25/2025 13:45,92,208,0,216,100,0
11/25/2025 14:00,90,136,0,613,567,0
11/25/2025 14:15,88,103,0,1623,1608,0
11/25/2025 14:30,75,260,0,1863,1678,0
11/25/2025 14:45,65,524,0,2167,1708,0
11/25/2025 15:00,48,355,0,1997,1690,0
11/25/2025 15:15,30,213,0,1918,1735,0
11/25/2025 15:30,20,641,0,1644,1023,0
11/25/2025 15:45,8,496,0,601,113,0
11/25/2025 16:00,0,112,21,0,0,133
11/25/2025 16:15,0,356,0,14,0,342
11/25/2025 16:30,0,666,20,0,0,686
11/25/2025 16:45,0,525,4,0,0,529
11/25/2025 17:00,0,446,11,0,0,457
11/25/2025 17:15,0,447,6,0,0,453
11/25/2025 17:30,0,740,1,0,0,741
11/25/2025 17:45,0,694,2,0,0,696
11/25/2025 18:00,0,582,4,0,0,586
11/25/2025 18:15,0,483,0,3,0,480
11/25/2025 18:30,0,479,7,1,1,486
11/25/2025 18:45,0,467,4,0,0,471
11/25/2025 19:00,0,470,3,0,0,473
11/25/2025 19:15,0,576,0,2,0,574
11/25/2025 19:30,0,497,5,0,0,502
11/25/2025 19:45,0,561,2,0,0,563
11/25/2025 20:00,0,475,8,14,14,483
11/25/2025 20:15,0,663,37,0,0,700
11/25/2025 20:30,0,433,28,0,0,461
11/25/2025 20:45,0,447,3,0,0,450
11/25/2025 21:00,0,312,0,2,0,310
11/25/2025 21:15,0,469,19,0,0,488
11/25/2025 21:30,0,295,0,2,0,293
11/25/2025 21:45,0,292,1,0,0,293
11/25/2025 22:00,0,297,0,2,0,295
11/25/2025 22:15,0,902,0,917,20,5
11/25/2025 22:30,0,407,0,411,4,0
11/25/2025 22:45,0,557,0,557,0,0
11/25/2025 23:00,0,284,0,285,1,0
11/25/2025 23:15,0,425,0,428,3,0
11/25/2025 23:30,0,511,0,514,3,0
11/25/2025 23:45,0,183,0,183,0,0
11/26/2025 00:00,0,203,0,206,3,0
11/26/2025 00:15,0,161,0,163,2,0
11/26/2025 00:30,0,422,0,428,6,0
11/26/2025 00:45,0,298,0,303,5,0
11/26/2025 01:00,0,169,0,174,5,0
11/26/2025 01:15,0,155,0,161,6,0
11/26/2025 01:30,0,152,0,157,5,0
11/26/2025 01:45,0,485,0,587,102,0
11/26/2025 02:00,0,519,0,529,10,0
11/26/2025 02:15,0,398,0,404,6,0
11/26/2025 02:30,0,162,0,167,5,0
11/26/2025 02:45,0,219,0,225,6,0
11/26/2025 03:00,0,343,0,435,92,0
11/26/2025 03:15,0,145,0,155,10,0
11/26/2025 03:30,0,140,0,146,6,0
11/26/2025 03:45,0,388,0,394,6,0
11/26/2025 04:00,0,505,0,511,6,0
11/26/2025 04:15,0,363,0,456,93,0
11/26/2025 04:30,0,148,0,157,9,0
11/26/2025 04:45,0,141,0,147,6,0
11/26/2025 05:00,0,141,0,148,7,0
11/26/2025 05:15,0,369,0,377,8,0
11/26/2025 05:30,0,418,0,515,97,0
11/26/2025 05:45,0,474,0,485,11,0
11/26/2025 06:00,0,342,0,350,8,0
11/26/2025 06:15,0,141,0,147,6,0
11/26/2025 06:30,0,295,0,302,7,0
11/26/2025 06:45,0,301,0,398,97,0
11/26/2025 07:00,21,209,0,214,27,1
11/26/2025 07:15,94,302,0,307,99,0
11/26/2025 07:30,69,298,0,304,75,0
11/26/2025 07:45,138,253,0,251,136,0
11/26/2025 08:00,129,248,0,254,135,0
11/26/2025 08:15,176,321,0,320,175,0
11/26/2025 08:30,243,600,0,607,250,0
11/26/2025 08:45,202,1028,0,1033,207,0
11/26/2025 09:00,252,814,0,817,255,0
11/26/2025 09:15,404,1034,0,1031,401,0
11/26/2025 09:30,460,731,0,738,467,0
11/26/2025 09:45,522,414,0,425,533,0
11/26/2025 10:00,566,285,0,295,576,0
11/26/2025 10:15,402,242,0,250,410,0
11/26/2025 10:30,287,227,0,230,290,0
11/26/2025 10:45,459,239,0,243,463,0
11/26/2025 11:00,414,223,0,231,422,0
11/26/2025 11:15,425,175,0,178,428,0
11/26/2025 11:30,281,183,0,181,279,0
11/26/2025 11:45,469,483,0,486,472,0
11/26/2025 12:00,305,339,0,350,316,0
11/26/2025 12:15,527,302,0,312,537,0
11/26/2025 12:30,394,597,0,616,413,0
11/26/2025 12:45,309,629,0,627,307,0
11/26/2025 13:00,377,458,0,468,387,0
11/26/2025 13:15,404,477,0,487,414,0
11/26/2025 13:30,327,343,0,355,339,0
11/26/2025 13:45,211,199,0,203,215,0
11/26/2025 14:00,186,193,0,1079,1072,0
11/26/2025 14:15,189,177,0,3143,3155,0
11/26/2025 14:30,164,268,0,1742,1638,0
11/26/2025 14:45,133,424,0,494,203,0
11/26/2025 15:00,90,322,0,432,200,0
11/26/2025 15:15,60,184,0,283,159,0
11/26/2025 15:30,36,484,0,548,100,0
11/26/2025 15:45,13,502,0,541,52,0
11/26/2025 16:00,0,395,10,0,0,405
11/26/2025 16:15,0,448,3,0,0,451
11/26/2025 16:30,0,468,0,4,0,464
11/26/2025 16:45,0,530,5,0,0,535
11/26/2025 17:00,0,362,17,0,0,379
11/26/2025 17:15,0,277,0,6,0,271
11/26/2025 17:30,0,456,0,1,0,455
11/26/2025 17:45,0,265,0,1,0,264
11/26/2025 18:00,0,249,0,1,0,248
11/26/2025 18:15,0,205,0,3,0,202
11/26/2025 18:30,0,224,0,4,0,220
11/26/2025 18:45,0,264,0,1,0,263
11/26/2025 19:00,0,274,0,5,0,269
11/26/2025 19:15,0,497,0,4,0,493
11/26/2025 19:30,0,501,0,6,0,495
11/26/2025 19:45,0,525,0,1,0,524
11/26/2025 20:00,0,487,5,18,18,492
11/26/2025 20:15,0,409,0,5,0,404
11/26/2025 20:30,0,1455,2,0,0,1457
11/26/2025 20:45,0,1619,3,0,0,1622
11/26/2025 21:00,0,492,18,0,0,510
11/26/2025 21:15,0,518,32,0,0,550
11/26/2025 21:30,0,449,6,0,0,455
11/26/2025 21:45,0,600,12,0,0,612
11/26/2025 22:00,0,368,0,359,24,33
11/26/2025 22:15,0,249,0,262,13,0
11/26/2025 22:30,0,306,0,313,7,0
11/26/2025 22:45,0,489,0,497,8,0
11/26/2025 23:00,0,346,0,354,8,0
11/26/2025 23:15,0,248,0,255,7,0
11/26/2025 23:30,0,179,0,185,6,0
11/26/2025 23:45,0,242,0,248,6,0
11/27/2025 00:00,0,162,0,168,6,0
11/27/2025 00:15,0,222,0,228,6,0
11/27/2025 00:30,0,146,0,152,6,0
11/27/2025 00:45,0,162,0,168,6,0
11/27/2025 01:00,0,195,0,201,6,0
11/27/2025 01:15,0,513,0,519,6,0
11/27/2025 01:30,0,146,0,153,7,0
11/27/2025 01:45,0,142,0,266,124,0
11/27/2025 02:00,0,150,0,164,14,0
11/27/2025 02:15,0,164,0,173,9,0
11/27/2025 02:30,0,152,0,160,8,0
11/27/2025 02:45,0,180,0,186,6,0
11/27/2025 03:00,0,415,0,423,8,0
11/27/2025 03:15,0,287,0,293,6,0
11/27/2025 03:30,0,141,0,147,6,0
11/27/2025 03:45,0,166,0,270,104,0
11/27/2025 04:00,0,146,0,157,11,0
11/27/2025 04:15,0,213,0,219,6,0
11/27/2025 04:30,0,596,0,602,6,0
11/27/2025 04:45,0,159,0,165,6,0
11/27/2025 05:00,0,142,0,148,6,0
11/27/2025 05:15,0,152,0,251,99,0
11/27/2025 05:30,0,447,0,456,9,0
11/27/2025 05:45,0,382,0,388,6,0
11/27/2025 06:00,0,169,0,174,5,0
11/27/2025 06:15,0,143,0,150,7,0
11/27/2025 06:30,0,139,0,145,6,0
11/27/2025 06:45,0,479,0,570,91,0
11/27/2025 07:00,23,178,0,168,13,0
11/27/2025 07:15,93,309,0,309,93,0
11/27/2025 07:30,122,368,0,376,130,0
11/27/2025 07:45,96,407,0,416,105,0
11/27/2025 08:00,112,1659,0,1665,118,0
11/27/2025 08:15,151,1761,0,1768,158,0
11/27/2025 08:30,179,1416,0,1421,184,0
11/27/2025 08:45,278,1358,0,1360,280,0
11/27/2025 09:00,352,1356,0,1357,353,0
11/27/2025 09:15,437,1334,0,1332,435,0
11/27/2025 09:30,499,1329,0,1345,515,0
11/27/2025 09:45,575,1338,0,1341,578,0
11/27/2025 10:00,678,1330,0,1345,693,0
11/27/2025 10:15,737,1331,0,1339,745,0
11/27/2025 10:30,718,1346,0,1358,730,0
11/27/2025 10:45,701,1712,0,1725,714,0
11/27/2025 11:00,880,1776,0,1776,880,0
11/27/2025 11:15,937,1838,0,1852,951,0
11/27/2025 11:30,899,1480,0,1489,908,0
11/27/2025 11:45,992,1357,0,1367,1002,0
11/27/2025 12:00,784,1668,0,1694,810,0
11/27/2025 12:15,982,1710,0,1738,1010,0
11/27/2025 12:30,654,1584,0,1595,665,0
11/27/2025 12:45,814,1656,0,1669,827,0
11/27/2025 13:00,412,1388,0,1393,417,0
11/27/2025 13:15,399,1491,0,1490,398,0
11/27/2025 13:30,263,1843,0,1842,262,0
11/27/2025 13:45,213,1564,0,1572,221,0
11/27/2025 14:00,181,1754,0,2014,441,0
11/27/2025 14:15,151,1848,0,2214,517,0
11/27/2025 14:30,118,1416,0,1352,54,0
11/27/2025 14:45,113,1479,0,1421,55,0
11/27/2025 15:00,110,1150,0,1146,106,0
11/27/2025 15:15,88,611,0,525,2,0
11/27/2025 15:30,65,598,0,535,2,0
11/27/2025 15:45,26,547,0,557,36,0
11/27/2025 16:00,3,425,19,0,0,441
11/27/2025 16:15,0,467,6,0,0,473
11/27/2025 16:30,0,487,19,0,0,506
11/27/2025 16:45,0,451,12,0,0,463
11/27/2025 17:00,0,451,8,0,0,459
11/27/2025 17:15,0,461,8,0,0,469
11/27/2025 17:30,0,576,15,0,0,591
11/27/2025 17:45,0,562,5,0,0,567
11/27/2025 18:00,0,504,11,0,0,515
11/27/2025 18:15,0,515,3,0,0,518
11/27/2025 18:30,0,464,7,0,0,471
11/27/2025 18:45,0,511,5,0,0,516
11/27/2025 19:00,0,547,2,0,0,549
11/27/2025 19:15,0,510,12,0,0,522
11/27/2025 19:30,0,334,6,0,0,340
11/27/2025 19:45,0,499,10,0,0,509
11/27/2025 20:00,0,502,17,8,8,519
11/27/2025 20:15,0,274,20,0,0,294
11/27/2025 20:30,0,238,7,0,0,245
11/27/2025 20:45,0,212,1,0,0,213
11/27/2025 21:00,0,685,4,0,0,689
11/27/2025 21:15,0,1896,38,0,0,1934
11/27/2025 21:30,0,831,0,563,12,280
11/27/2025 21:45,0,301,0,309,8,0
11/27/2025 22:00,0,423,0,429,6,0
11/27/2025 22:15,0,706,0,711,5,0
11/27/2025 22:30,0,254,0,260,6,0
11/27/2025 22:45,0,149,0,155,6,0
11/27/2025 23:00,0,152,0,156,4,0
11/27/2025 23:15,0,640,0,646,6,0
11/27/2025 23:30,0,248,0,252,4,0
11/27/2025 23:45,0,178,0,180,2,0
11/28/2025 00:00,0,228,0,228,0,0
11/28/2025 00:15,0,720,0,724,4,0
11/28/2025 00:30,0,563,0,643,80,0
11/28/2025 00:45,0,540,0,550,10,0
11/28/2025 01:00,0,298,0,304,6,0
11/28/2025 01:15,0,431,0,436,5,0
11/28/2025 01:30,0,147,0,231,84,0
11/28/2025 01:45,0,203,0,210,7,0
11/28/2025 02:00,0,698,0,705,7,0
11/28/2025 02:15,0,528,0,607,79,0
11/28/2025 02:30,0,365,0,375,10,0
11/28/2025 02:45,0,387,0,393,6,0
11/28/2025 03:00,0,325,0,403,78,0
11/28/2025 03:15,0,232,0,242,10,0
11/28/2025 03:30,0,665,0,672,7,0
11/28/2025 03:45,0,526,0,596,70,0
11/28/2025 04:00,0,554,0,563,9,0
11/28/2025 04:15,0,564,0,570,6,0
11/28/2025 04:30,0,208,0,286,78,0
11/28/2025 04:45,0,126,0,136,10,0
11/28/2025 05:00,0,477,0,484,7,0
11/28/2025 05:15,0,595,0,667,72,0
11/28/2025 05:30,0,534,0,544,10,0
11/28/2025 05:45,0,570,0,575,5,0
11/28/2025 06:00,0,220,0,294,74,0
11/28/2025 06:15,0,142,0,150,8,0
11/28/2025 06:30,0,513,0,520,7,0
11/28/2025 06:45,0,649,0,714,65,0
11/28/2025 07:00,0,538,0,544,6,0
11/28/2025 07:15,32,575,0,574,31,0
11/28/2025 07:30,60,587,0,589,62,0
11/28/2025 07:45,73,419,0,427,81,0
11/28/2025 08:00,93,514,0,519,98,0
11/28/2025 08:15,140,705,0,709,144,0
11/28/2025 08:30,175,658,0,661,178,0
11/28/2025 08:45,271,746,0,748,273,0
11/28/2025 09:00,350,565,0,566,351,0
11/28/2025 09:15,425,567,0,572,430,0
11/28/2025 09:30,494,390,0,394,498,0
11/28/2025 09:45,564,252,0,253,565,0
11/28/2025 10:00,698,268,0,284,714,0
11/28/2025 10:15,636,162,0,184,658,0
11/28/2025 10:30,584,174,0,181,591,0
11/28/2025 10:45,692,292,0,298,698,0
11/28/2025 11:00,678,721,0,738,695,0
11/28/2025 11:15,744,464,0,478,758,0
11/28/2025 11:30,614,419,0,438,633,0
11/28/2025 11:45,638,418,0,429,649,0
11/28/2025 12:00,400,1182,0,1186,404,0
11/28/2025 12:15,557,623,0,626,560,0
11/28/2025 12:30,730,464,0,498,764,0
11/28/2025 12:45,635,440,0,438,633,0
11/28/2025 13:00,394,430,0,449,413,0
11/28/2025 13:15,214,468,0,474,220,0
11/28/2025 13:30,321,524,0,524,321,0
11/28/2025 13:45,294,955,0,959,298,0
11/28/2025 14:00,243,799,0,1043,487,0
11/28/2025 14:15,218,695,0,1347,870,0
11/28/2025 14:30,155,744,0,1369,780,0
11/28/2025 14:45,141,792,0,1248,597,0
11/28/2025 15:00,93,707,0,774,160,0
11/28/2025 15:15,51,763,0,769,57,0
11/28/2025 15:30,39,626,0,711,124,0
11/28/2025 15:45,23,571,0,620,72,0
11/28/2025 16:00,2,597,0,11,1,585
11/28/2025 16:15,0,609,13,0,0,622
11/28/2025 16:30,0,585,4,0,0,589
11/28/2025 16:45,0,583,3,0,0,586
11/28/2025 17:00,0,711,2,0,0,713
11/28/2025 17:15,0,844,6,0,0,850
11/28/2025 17:30,0,683,6,0,0,689
11/28/2025 17:45,0,681,3,0,0,684
11/28/2025 18:00,0,649,14,0,0,663
11/28/2025 18:15,0,598,14,0,0,612
11/28/2025 18:30,0,597,7,0,0,604
11/28/2025 18:45,0,726,7,0,0,733
11/28/2025 19:00,0,645,17,0,0,662
11/28/2025 19:15,0,619,9,0,0,628
11/28/2025 19:30,0,633,21,0,0,654
11/28/2025 19:45,0,630,13,0,0,643
11/28/2025 20:00,0,662,0,9,9,662
11/28/2025 20:15,0,957,0,415,5,547
11/28/2025 20:30,0,907,0,916,9,0
11/28/2025 20:45,0,1021,0,1025,4,0
11/28/2025 21:00,0,669,0,673,4,0
11/28/2025 21:15,0,609,0,614,5,0
11/28/2025 21:30,0,281,0,283,2,0
11/28/2025 21:45,0,227,0,231,4,0
11/28/2025 22:00,0,461,0,464,3,0
11/28/2025 22:15,0,583,0,586,3,0
11/28/2025 22:30,0,118,0,121,3,0
11/28/2025 22:45,0,138,0,142,4,0
11/28/2025 23:00,0,501,0,501,0,0
11/28/2025 23:15,0,299,0,299,0,0
11/28/2025 23:30,0,138,0,218,80,0
11/28/2025 23:45,0,304,0,308,4,0
11/29/2025 00:00,0,558,0,558,0,0
11/29/2025 00:15,0,133,0,198,65,0
11/29/2025 00:30,0,655,0,660,5,0
11/29/2025 00:45,0,561,0,561,0,0
11/29/2025 01:00,0,498,0,498,0,0
11/29/2025 01:15,0,198,0,265,67,0
11/29/2025 01:30,0,546,0,553,7,0
11/29/2025 01:45,0,325,0,328,3,0
11/29/2025 02:00,0,691,0,747,56,0
11/29/2025 02:15,0,596,0,603,7,0
11/29/2025 02:30,0,553,0,557,4,0
11/29/2025 02:45,0,523,0,581,58,0
11/29/2025 03:00,0,491,0,497,6,0
11/29/2025 03:15,0,135,0,141,6,0
11/29/2025 03:30,0,306,0,356,50,0
11/29/2025 03:45,0,716,0,722,6,0
11/29/2025 04:00,0,540,0,586,46,0
11/29/2025 04:15,0,544,0,550,6,0
11/29/2025 04:30,0,548,0,602,54,0
11/29/2025 04:45,0,538,0,546,8,0
11/29/2025 05:00,0,585,0,644,59,0
11/29/2025 05:15,0,199,0,209,10,0
11/29/2025 05:30,0,211,0,217,6,0
11/29/2025 05:45,0,644,0,698,54,0
11/29/2025 06:00,0,632,0,692,60,0
11/29/2025 06:15,0,576,0,582,6,0
11/29/2025 06:30,0,908,0,936,28,0
11/29/2025 06:45,0,799,0,855,56,0
11/29/2025 07:00,4,909,0,911,6,0
11/29/2025 07:15,46,706,0,704,44,0
11/29/2025 07:30,65,725,0,734,74,0
11/29/2025 07:45,71,665,0,671,77,0
11/29/2025 08:00,90,559,0,561,92,0
11/29/2025 08:15,136,543,0,547,140,0
11/29/2025 08:30,171,398,0,404,177,0
11/29/2025 08:45,267,168,0,168,267,0
11/29/2025 09:00,346,206,0,209,349,0
11/29/2025 09:15,423,178,0,178,423,0
11/29/2025 09:30,490,260,0,277,507,0
11/29/2025 09:45,563,765,0,774,572,0
11/29/2025 10:00,673,724,0,729,678,0
11/29/2025 10:15,751,556,0,565,760,0
11/29/2025 10:30,803,551,0,574,826,0
11/29/2025 10:45,846,555,0,560,851,0
11/29/2025 11:00,881,554,0,568,895,0
11/29/2025 11:15,902,591,0,598,909,0
11/29/2025 11:30,885,567,0,585,903,0
11/29/2025 11:45,890,577,0,585,898,0
11/29/2025 12:00,883,1085,0,1100,898,0
11/29/2025 12:15,843,691,0,721,873,0
11/29/2025 12:30,802,695,0,700,807,0
11/29/2025 12:45,732,567,0,583,748,0
11/29/2025 13:00,623,380,0,394,637,0
11/29/2025 13:15,468,587,0,603,484,0
11/29/2025 13:30,329,470,0,478,337,0
11/29/2025 13:45,191,731,0,738,198,0
11/29/2025 14:00,152,912,0,916,156,0
11/29/2025 14:15,125,846,0,852,131,0
11/29/2025 14:30,106,443,0,496,159,0
11/29/2025 14:45,87,184,0,247,150,0
11/29/2025 15:00,71,152,0,222,141,0
11/29/2025 15:15,62,556,0,550,56,0
11/29/2025 15:30,40,841,0,852,51,0
11/29/2025 15:45,21,791,0,858,88,0
11/29/2025 16:00,5,568,2,1,6,570
11/29/2025 16:15,0,259,0,2,0,257
11/29/2025 16:30,0,305,0,4,0,301
11/29/2025 16:45,0,225,10,0,0,235
11/29/2025 17:00,0,213,4,0,0,217
11/29/2025 17:15,0,530,10,0,0,540
11/29/2025 17:30,0,1055,16,0,0,1071
11/29/2025 17:45,0,546,0,1,0,545
11/29/2025 18:00,0,445,0,9,0,436
11/29/2025 18:15,0,768,11,0,0,779
11/29/2025 18:30,0,628,22,0,0,650
11/29/2025 18:45,0,295,0,1,0,294
11/29/2025 19:00,1,967,0,0,0,966
11/29/2025 19:15,0,783,29,0,0,812
11/29/2025 19:30,0,718,17,0,0,735
11/29/2025 19:45,0,660,8,0,0,668
11/29/2025 20:00,0,678,14,17,17,692
11/29/2025 20:15,0,724,8,0,0,732
11/29/2025 20:30,0,344,6,0,0,350
11/29/2025 20:45,0,463,13,0,0,476
11/29/2025 21:00,0,782,0,43,3,742
11/29/2025 21:15,0,882,0,894,12,0
11/29/2025 21:30,0,2137,0,2142,5,0
11/29/2025 21:45,0,1630,0,1633,3,0
11/29/2025 22:00,0,673,0,675,2,0
11/29/2025 22:15,0,267,0,267,0,0
11/29/2025 22:30,0,226,0,230,4,0
11/29/2025 22:45,0,619,0,619,0,0
11/29/2025 23:00,0,177,0,178,1,0
11/29/2025 23:15,0,172,0,173,1,0
11/29/2025 23:30,0,753,0,753,0,0
11/29/2025 23:45,0,590,0,592,2,0
11/30/2025 00:00,0,547,0,549,2,0
11/30/2025 00:15,0,364,0,366,2,0
11/30/2025 00:30,0,166,0,229,63,0
11/30/2025 00:45,0,554,0,716,162,0
11/30/2025 01:00,0,671,0,738,67,0
11/30/2025 01:15,0,560,0,566,6,0
11/30/2025 01:30,0,593,0,595,2,0
11/30/2025 01:45,0,143,0,199,56,0
11/30/2025 02:00,0,398,0,402,4,0
11/30/2025 02:15,0,768,0,768,0,0
11/30/2025 02:30,0,521,0,523,2,0
11/30/2025 02:45,0,562,0,612,50,0
11/30/2025 03:00,0,548,0,552,4,0
11/30/2025 03:15,0,475,0,476,1,0
11/30/2025 03:30,0,437,0,482,45,0
11/30/2025 03:45,0,643,0,649,6,0
11/30/2025 04:00,0,639,0,643,4,0
11/30/2025 04:15,0,590,0,637,47,0
11/30/2025 04:30,0,561,0,567,6,0
11/30/2025 04:45,0,519,0,520,1,0
11/30/2025 05:00,0,568,0,616,48,0
11/30/2025 05:15,0,522,0,527,5,0
11/30/2025 05:30,0,548,0,590,42,0
11/30/2025 05:45,0,588,0,642,54,0
11/30/2025 06:00,0,517,0,521,4,0
11/30/2025 06:15,0,543,0,594,51,0
11/30/2025 06:30,0,749,0,799,50,0
11/30/2025 06:45,0,706,0,753,47,0
11/30/2025 07:00,4,753,0,798,49,0
11/30/2025 07:15,12,900,0,955,67,0
11/30/2025 07:30,46,811,0,810,45,0
11/30/2025 07:45,83,827,0,831,87,0
11/30/2025 08:00,82,604,0,609,87,0
11/30/2025 08:15,92,604,0,607,95,0
11/30/2025 08:30,101,613,0,621,109,0
11/30/2025 08:45,88,606,0,616,98,0
11/30/2025 09:00,92,528,0,531,95,0
11/30/2025 09:15,116,170,0,172,118,0
11/30/2025 09:30,117,164,0,171,124,0
11/30/2025 09:45,114,657,0,664,121,0
11/30/2025 10:00,101,614,0,620,107,0
11/30/2025 10:15,121,426,0,430,125,0
11/30/2025 10:30,316,412,0,415,319,0
11/30/2025 10:45,249,434,0,440,255,0
11/30/2025 11:00,236,504,0,513,245,0
11/30/2025 11:15,217,434,0,433,216,0
11/30/2025 11:30,237,572,0,580,245,0
11/30/2025 11:45,153,615,0,621,159,0
11/30/2025 12:00,158,1304,0,1309,163,0
11/30/2025 12:15,120,532,0,540,128,0
11/30/2025 12:30,71,492,0,502,81,0
11/30/2025 12:45,40,650,0,658,48,0
11/30/2025 13:00,66,758,0,763,71,0
11/30/2025 13:15,103,751,0,754,106,0
11/30/2025 13:30,94,627,0,635,102,0
11/30/2025 13:45,130,862,0,862,130,0
11/30/2025 14:00,148,942,0,1136,342,0
11/30/2025 14:15,86,1009,0,1666,743,0
11/30/2025 14:30,61,929,0,1653,785,0
11/30/2025 14:45,54,515,0,1278,817,0
11/30/2025 15:00,38,439,0,1254,853,0
11/30/2025 15:15,13,595,0,1459,877,0
11/30/2025 15:30,3,572,0,1424,855,0
11/30/2025 15:45,0,451,0,1205,754,0
11/30/2025 16:00,0,425,14,0,0,439
11/30/2025 16:15,0,547,0,8,0,539
11/30/2025 16:30,0,436,4,0,0,440
11/30/2025 16:45,0,427,3,0,0,430
11/30/2025 17:00,0,457,10,0,0,467
11/30/2025 17:15,0,518,0,0,0,518
11/30/2025 17:30,0,634,5,0,0,639
11/30/2025 17:45,0,455,10,0,0,465
11/30/2025 18:00,0,557,16,0,0,573
11/30/2025 18:15,0,599,17,0,0,616
11/30/2025 18:30,0,482,15,0,0,497
11/30/2025 18:45,0,450,0,3,0,447
11/30/2025 19:00,0,660,0,1,0,659
11/30/2025 19:15,0,507,28,1,1,535
11/30/2025 19:30,0,498,0,360,7,145
11/30/2025 19:45,0,441,0,448,7,0
11/30/2025 20:00,0,462,0,463,1,0
11/30/2025 20:15,0,614,0,614,0,0
11/30/2025 20:30,0,685,0,685,0,0
11/30/2025 20:45,0,1229,0,1229,0,0
11/30/2025 21:00,0,2068,0,2068,0,0
11/30/2025 21:15,0,1240,0,1240,0,0
11/30/2025 21:30,0,543,0,543,0,0
11/30/2025 21:45,0,530,0,532,2,0
11/30/2025 22:00,0,384,0,468,84,0
11/30/2025 22:15,0,420,0,428,8,0
11/30/2025 22:30,0,229,0,231,2,0
11/30/2025 22:45,0,154,0,155,1,0
11/30/2025 23:00,0,164,0,165,1,0
11/30/2025 23:15,0,202,0,203,1,0
11/30/2025 23:30,0,539,0,628,89,0
11/30/2025 23:45,0,177,0,181,4,0
