Date/Time,Energy Produced (Wh),Energy Consumed (Wh),Exported to Grid (Wh),Imported from Grid (Wh),Stored in batteries (Wh),Discharged from batteries (Wh)
04/01/2025 00:00,0,350,0,350,0,0
04/01/2025 00:15,0,277,0,277,0,0
04/01/2025 00:30,0,295,0,295,0,0
04/01/2025 00:45,0,154,0,156,2,0
04/01/2025 01:00,0,296,0,296,0,0
04/01/2025 01:15,0,286,0,286,0,0
04/01/2025 01:30,0,307,0,307,0,0
04/01/2025 01:45,0,326,0,327,1,0
04/01/2025 02:00,0,288,0,288,0,0
04/01/2025 02:15,0,288,0,288,0,0
04/01/2025 02:30,0,285,0,285,0,0
04/01/2025 02:45,0,314,0,314,0,0
04/01/2025 03:00,0,580,0,580,0,0
04/01/2025 03:15,0,284,0,284,0,0
04/01/2025 03:30,0,298,0,298,0,0
04/01/2025 03:45,0,312,0,312,0,0
04/01/2025 04:00,0,281,0,282,1,0
04/01/2025 04:15,0,284,0,284,0,0
04/01/2025 04:30,0,281,0,281,0,0
04/01/2025 04:45,0,306,0,306,0,0
04/01/2025 05:00,0,376,0,376,0,0
04/01/2025 05:15,0,549,0,549,0,0
04/01/2025 05:30,0,285,0,285,0,0
04/01/2025 05:45,0,307,0,307,0,0
04/01/2025 06:00,0,287,0,288,1,0
04/01/2025 06:15,0,280,0,280,0,0
04/01/2025 06:30,0,647,0,647,0,0
04/01/2025 06:45,0,711,0,711,0,0
04/01/2025 07:00,1,577,0,577,1,0
04/01/2025 07:15,34,699,0,689,24,0
04/01/2025 07:30,62,630,0,636,68,0
04/01/2025 07:45,76,402,0,398,72,0
04/01/2025 08:00,191,466,0,461,186,0
04/01/2025 08:15,262,848,0,850,264,0
04/01/2025 08:30,236,649,0,657,244,0
04/01/2025 08:45,242,367,0,372,247,0
04/01/2025 09:00,319,363,0,364,320,0
04/01/2025 09:15,426,408,0,392,410,0
04/01/2025 09:30,564,396,0,377,545,0
04/01/2025 09:45,931,359,0,320,892,0
04/01/2025 10:00,1130,148,0,154,1136,0
04/01/2025 10:15,1248,115,0,123,1256,0
04/01/2025 10:30,1328,99,0,105,1334,0
04/01/2025 10:45,1404,96,0,99,1407,0
04/01/2025 11:00,1482,112,0,112,1482,0
04/01/2025 11:15,1535,117,0,122,1540,0
04/01/2025 11:30,1589,95,0,88,1582,0
04/01/2025 11:45,1627,95,71,0,1461,0
04/01/2025 12:00,1632,105,863,0,664,0
04/01/2025 12:15,1639,121,1312,0,206,0
04/01/2025 12:30,1657,102,1479,0,76,0
04/01/2025 12:45,1674,118,1504,0,52,0
04/01/2025 13:00,1684,133,1499,0,52,0
04/01/2025 13:15,1665,186,1441,0,38,0
04/01/2025 13:30,1618,534,1053,0,31,0
04/01/2025 13:45,1495,369,1034,0,92,0
04/01/2025 14:00,1514,358,1150,0,6,0
04/01/2025 14:15,1451,119,1263,0,69,0
04/01/2025 14:30,1458,170,1264,0,24,0
04/01/2025 14:45,1348,370,914,0,64,0
04/01/2025 15:00,1219,348,843,0,28,0
04/01/2025 15:15,1093,338,703,0,52,0
04/01/2025 15:30,1002,335,647,0,20,0
04/01/2025 15:45,894,399,476,0,19,0
04/01/2025 16:00,786,230,761,0,18,223
04/01/2025 16:15,703,140,702,0,0,139
04/01/2025 16:30,620,147,618,0,0,145
04/01/2025 16:45,524,96,522,0,0,94
04/01/2025 17:00,387,105,383,0,0,101
04/01/2025 17:15,256,161,249,0,0,154
04/01/2025 17:30,206,638,192,0,0,624
04/01/2025 17:45,182,457,188,0,0,463
04/01/2025 18:00,148,334,144,0,0,330
04/01/2025 18:15,98,417,97,0,0,416
04/01/2025 18:30,44,116,41,0,0,113
04/01/2025 18:45,22,121,19,0,0,118
04/01/2025 19:00,3,599,0,11,0,585
04/01/2025 19:15,0,348,1,0,0,349
04/01/2025 19:30,0,209,0,2,0,207
04/01/2025 19:45,0,220,0,8,0,212
04/01/2025 20:00,0,991,3,0,0,994
04/01/2025 20:15,1,1145,0,2,0,1142
04/01/2025 20:30,0,691,0,1,0,690
04/01/2025 20:45,0,650,4,0,0,654
04/01/2025 21:00,0,435,0,3,0,432
04/01/2025 21:15,0,802,0,12,0,790
04/01/2025 21:30,0,607,3,0,0,610
04/01/2025 21:45,0,444,2,0,0,446
04/01/2025 22:00,0,384,0,7,0,377
04/01/2025 22:15,0,541,0,8,0,533
04/01/2025 22:30,0,717,0,1,0,716
04/01/2025 22:45,0,341,0,0,0,341
04/01/2025 23:00,0,355,0,248,10,117
04/01/2025 23:15,0,386,0,392,6,0
04/01/2025 23:30,0,848,0,848,0,0
04/01/2025 23:45,0,397,0,397,0,0
04/02/2025 00:00,0,372,0,372,0,0
04/02/2025 00:15,0,533,0,533,0,0
04/02/2025 00:30,0,775,0,775,0,0
04/02/2025 00:45,0,358,0,358,0,0
04/02/2025 01:00,0,365,0,366,1,0
04/02/2025 01:15,0,815,0,815,0,0
04/02/2025 01:30,0,527,0,527,0,0
04/02/2025 01:45,0,371,0,371,0,0
04/02/2025 02:00,0,423,0,423,0,0
04/02/2025 02:15,0,875,0,875,0,0
04/02/2025 02:30,0,695,0,695,0,0
04/02/2025 02:45,0,812,0,812,0,0
04/02/2025 03:00,0,875,0,875,0,0
04/02/2025 03:15,0,747,0,747,0,0
04/02/2025 03:30,0,819,0,820,1,0
04/02/2025 03:45,0,781,0,781,0,0
04/02/2025 04:00,0,786,0,786,0,0
04/02/2025 04:15,0,819,0,819,0,0
04/02/2025 04:30,0,792,0,792,0,0
04/02/2025 04:45,0,789,0,789,0,0
04/02/2025 05:00,0,804,0,804,0,0
04/02/2025 05:15,0,798,0,798,0,0
04/02/2025 05:30,0,790,0,790,0,0
04/02/2025 05:45,0,835,0,835,0,0
04/02/2025 06:00,0,766,0,766,0,0
04/02/2025 06:15,0,810,0,810,0,0
04/02/2025 06:30,6,861,0,855,0,0
04/02/2025 06:45,65,813,0,809,61,0
04/02/2025 07:00,160,994,0,988,154,0
04/02/2025 07:15,319,805,0,803,317,0
04/02/2025 07:30,422,698,0,701,425,0
04/02/2025 07:45,495,582,0,583,496,0
04/02/2025 08:00,588,570,0,574,592,0
04/02/2025 08:15,644,503,0,502,643,0
04/02/2025 08:30,754,511,0,521,764,0
04/02/2025 08:45,797,317,0,322,802,0
04/02/2025 09:00,861,131,0,133,863,0
04/02/2025 09:15,892,153,0,163,902,0
04/02/2025 09:30,934,150,0,158,942,0
04/02/2025 09:45,1044,206,0,211,1049,0
04/02/2025 10:00,1112,609,0,613,1116,0
04/02/2025 10:15,1225,548,0,553,1230,0
04/02/2025 10:30,1329,579,0,549,1299,0
04/02/2025 10:45,1418,593,0,461,1286,0
04/02/2025 11:00,1465,585,0,234,1114,0
04/02/2025 11:15,1513,508,145,0,860,0
04/02/2025 11:30,1537,117,915,0,505,0
04/02/2025 11:45,1521,99,1346,0,76,0
04/02/2025 12:00,1544,101,1439,0,4,0
04/02/2025 12:15,1507,112,1296,0,99,0
04/02/2025 12:30,1582,514,1042,0,26,0
04/02/2025 12:45,1596,493,1053,0,50,0
04/02/2025 13:00,1453,516,893,0,44,0
04/02/2025 13:15,1238,551,665,0,22,0
04/02/2025 13:30,1460,536,890,0,34,0
04/02/2025 13:45,1470,432,981,0,57,0
04/02/2025 14:00,1569,432,1102,0,35,0
04/02/2025 14:15,1361,441,900,0,20,0
04/02/2025 14:30,1297,456,784,0,57,0
04/02/2025 14:45,1323,172,1131,0,20,0
04/02/2025 15:00,1227,130,1096,0,1,0
04/02/2025 15:15,1109,116,944,0,49,0
04/02/2025 15:30,958,104,812,0,42,0
04/02/2025 15:45,807,101,674,0,32,0
04/02/2025 16:00,655,386,671,0,0,402
04/02/2025 16:15,600,574,599,0,0,573
04/02/2025 16:30,455,392,453,0,0,390
04/02/2025 16:45,481,419,478,0,0,416
04/02/2025 17:00,439,285,440,0,0,286
04/02/2025 17:15,214,105,209,0,0,100
04/02/2025 17:30,217,654,202,0,0,639
04/02/2025 17:45,174,283,177,0,0,286
04/02/2025 18:00,135,238,123,0,0,226
04/02/2025 18:15,73,543,74,0,0,544
04/02/2025 18:30,35,160,32,0,0,157
04/02/2025 18:45,4,174,0,0,0,170
04/02/2025 19:00,0,539,0,11,0,528
04/02/2025 19:15,0,654,2,0,0,656
04/02/2025 19:30,0,661,3,0,0,664
04/02/2025 19:45,0,618,0,6,0,612
04/02/2025 20:00,0,848,0,2,0,846
04/02/2025 20:15,0,1016,0,7,0,1009
04/02/2025 20:30,0,1007,0,0,0,1007
04/02/2025 20:45,0,749,3,0,0,752
04/02/2025 21:00,0,1911,0,5,0,1906
04/02/2025 21:15,0,1884,0,1693,11,202
04/02/2025 21:30,0,1341,0,1344,3,0
04/02/2025 21:45,0,616,0,616,0,0
04/02/2025 22:00,0,811,0,811,0,0
04/02/2025 22:15,0,544,0,544,0,0
04/02/2025 22:30,0,852,0,852,0,0
04/02/2025 22:45,0,792,0,792,0,0
04/02/2025 23:00,0,535,0,535,0,0
04/02/2025 23:15,0,510,0,510,0,0
04/02/2025 23:30,0,508,0,508,0,0
04/02/2025 23:45,0,805,0,805,0,0
04/03/2025 00:00,0,955,0,955,0,0
04/03/2025 00:15,0,486,0,486,0,0
04/03/2025 00:30,0,486,0,486,0,0
04/03/2025 00:45,0,525,0,525,0,0
04/03/2025 01:00,0,949,0,949,0,0
04/03/2025 01:15,0,547,0,547,0,0
04/03/2025 01:30,0,478,0,478,0,0
04/03/2025 01:45,0,546,0,546,0,0
04/03/2025 02:00,0,1014,0,1014,0,0
04/03/2025 02:15,0,896,0,896,0,0
04/03/2025 02:30,0,893,0,893,0,0
04/03/2025 02:45,0,902,0,902,0,0
04/03/2025 03:00,0,910,0,910,0,0
04/03/2025 03:15,0,881,0,881,0,0
04/03/2025 03:30,0,898,0,898,0,0
04/03/2025 03:45,0,936,0,936,0,0
04/03/2025 04:00,0,564,0,564,0,0
04/03/2025 04:15,0,484,0,484,0,0
04/03/2025 04:30,0,869,0,869,0,0
04/03/2025 04:45,0,610,0,610,0,0
04/03/2025 05:00,0,479,0,479,0,0
04/03/2025 05:15,0,590,0,590,0,0
04/03/2025 05:30,0,908,0,908,0,0
04/03/2025 05:45,0,461,0,461,0,0
04/03/2025 06:00,0,461,0,461,0,0
04/03/2025 06:15,0,589,0,589,0,0
04/03/2025 06:30,0,1041,0,1041,0,0
04/03/2025 06:45,0,963,0,963,0,0
04/03/2025 07:00,0,1036,0,1036,0,0
04/03/2025 07:15,2,979,0,977,0,0
04/03/2025 07:30,4,965,0,961,0,0
04/03/2025 07:45,14,627,0,621,8,0
04/03/2025 08:00,23,527,0,523,19,0
04/03/2025 08:15,38,541,0,536,33,0
04/03/2025 08:30,43,726,0,729,46,0
04/03/2025 08:45,34,721,0,729,42,0
04/03/2025 09:00,34,571,0,575,38,0
04/03/2025 09:15,47,506,0,505,46,0
04/03/2025 09:30,48,508,0,510,50,0
04/03/2025 09:45,50,476,0,483,57,0
04/03/2025 10:00,53,462,0,459,50,0
04/03/2025 10:15,100,494,0,499,105,0
04/03/2025 10:30,260,498,0,501,263,0
04/03/2025 10:45,88,516,0,522,94,0
04/03/2025 11:00,573,438,0,405,540,0
04/03/2025 11:15,819,467,0,468,820,0
04/03/2025 11:30,588,417,0,430,601,0
04/03/2025 11:45,386,385,0,388,389,0
04/03/2025 12:00,334,145,0,154,343,0
04/03/2025 12:15,251,123,0,125,253,0
04/03/2025 12:30,474,115,0,114,473,0
04/03/2025 12:45,501,116,0,118,503,0
04/03/2025 13:00,567,317,0,326,576,0
04/03/2025 13:15,1237,596,0,415,1056,0
04/03/2025 13:30,988,360,0,301,929,0
04/03/2025 13:45,1083,362,0,301,1022,0
04/03/2025 14:00,758,395,0,399,762,0
04/03/2025 14:15,615,184,0,196,627,0
04/03/2025 14:30,592,115,0,125,602,0
04/03/2025 14:45,522,110,0,119,531,0
04/03/2025 15:00,571,142,0,159,588,0
04/03/2025 15:15,342,141,0,149,350,0
04/03/2025 15:30,296,118,0,123,301,0
04/03/2025 15:45,204,111,0,116,209,0
04/03/2025 16:00,198,172,197,0,11,182
04/03/2025 16:15,236,519,229,0,0,512
04/03/2025 16:30,271,369,271,0,0,369
04/03/2025 16:45,417,363,414,0,0,360
04/03/2025 17:00,228,383,225,0,0,380
04/03/2025 17:15,195,134,196,0,0,135
04/03/2025 17:30,172,520,160,0,0,508
04/03/2025 17:45,124,156,124,0,0,156
04/03/2025 18:00,104,117,102,0,0,115
04/03/2025 18:15,132,193,124,0,0,185
04/03/2025 18:30,71,519,68,0,0,516
04/03/2025 18:45,21,201,20,0,0,200
04/03/2025 19:00,1,199,0,4,0,194
04/03/2025 19:15,0,317,0,6,0,311
04/03/2025 19:30,0,198,0,4,0,194
04/03/2025 19:45,0,323,0,9,0,314
04/03/2025 20:00,0,604,10,0,0,614
04/03/2025 20:15,0,653,0,2,0,651
04/03/2025 20:30,0,818,0,7,0,811
04/03/2025 20:45,0,1138,1,0,0,1139
04/03/2025 21:00,0,773,0,5,0,768
04/03/2025 21:15,0,561,0,209,7,359
04/03/2025 21:30,0,559,0,573,14,0
04/03/2025 21:45,0,545,0,547,2,0
04/03/2025 22:00,1,541,0,539,0,1
04/03/2025 22:15,0,534,0,534,0,0
04/03/2025 22:30,0,504,0,504,0,0
04/03/2025 22:45,0,480,0,480,0,0
04/03/2025 23:00,0,485,0,485,0,0
04/03/2025 23:15,0,732,0,732,0,0
04/03/2025 23:30,0,490,0,490,0,0
04/03/2025 23:45,0,469,0,469,0,0
04/04/2025 00:00,0,488,0,488,0,0
04/04/2025 00:15,0,460,0,460,0,0
04/04/2025 00:30,0,462,0,462,0,0
04/04/2025 00:45,0,476,0,476,0,0
04/04/2025 01:00,0,494,0,494,0,0
04/04/2025 01:15,0,470,0,470,0,0
04/04/2025 01:30,0,455,0,455,0,0
04/04/2025 01:45,0,469,0,469,0,0
04/04/2025 02:00,0,481,0,481,0,0
04/04/2025 02:15,0,459,0,459,0,0
04/04/2025 02:30,0,474,0,474,0,0
04/04/2025 02:45,0,486,0,486,0,0
04/04/2025 03:00,0,685,0,685,0,0
04/04/2025 03:15,0,537,0,537,0,0
04/04/2025 03:30,0,464,0,464,0,0
04/04/2025 03:45,0,482,0,482,0,0
04/04/2025 04:00,0,460,0,460,0,0
04/04/2025 04:15,0,485,0,485,0,0
04/04/2025 04:30,0,482,0,482,0,0
04/04/2025 04:45,0,461,0,461,0,0
04/04/2025 05:00,0,460,0,460,0,0
04/04/2025 05:15,0,474,0,474,0,0
04/04/2025 05:30,0,471,0,471,0,0
04/04/2025 05:45,0,459,0,459,0,0
04/04/2025 06:00,0,488,0,488,0,0
04/04/2025 06:15,0,474,0,474,0,0
04/04/2025 06:30,0,469,0,469,0,0
04/04/2025 06:45,2,340,0,340,2,0
04/04/2025 07:00,22,120,0,118,20,0
04/04/2025 07:15,74,153,0,144,65,0
04/04/2025 07:30,58,123,0,129,64,0
04/04/2025 07:45,97,120,0,109,86,0
04/04/2025 08:00,164,125,0,118,157,0
04/04/2025 08:15,208,96,0,91,203,0
04/04/2025 08:30,257,97,0,94,254,0
04/04/2025 08:45,449,102,0,100,447,0
04/04/2025 09:00,463,136,0,129,456,0
04/04/2025 09:15,580,118,0,114,576,0
04/04/2025 09:30,522,131,0,134,525,0
04/04/2025 09:45,639,148,0,137,628,0
04/04/2025 10:00,936,126,0,124,934,0
04/04/2025 10:15,1088,116,0,81,1053,0
04/04/2025 10:30,892,119,0,106,879,0
04/04/2025 10:45,1086,142,0,109,1053,0
04/04/2025 11:00,1045,112,0,95,1028,0
04/04/2025 11:15,1183,116,0,66,1133,0
04/04/2025 11:30,1214,144,0,102,1172,0
04/04/2025 11:45,1344,122,0,113,1335,0
04/04/2025 12:00,1486,102,0,83,1467,0
04/04/2025 12:15,1457,92,0,36,1401,0
04/04/2025 12:30,1531,139,866,0,526,0
04/04/2025 12:45,1595,107,1390,0,98,0
04/04/2025 13:00,1642,102,1430,0,110,0
04/04/2025 13:15,1541,130,1389,0,22,0
04/04/2025 13:30,1434,121,1272,0,41,0
04/04/2025 13:45,1406,100,1207,0,99,0
04/04/2025 14:00,1290,106,1177,0,7,0
04/04/2025 14:15,1332,118,1129,0,85,0
04/04/2025 14:30,1133,114,1007,0,12,0
04/04/2025 14:45,1066,106,906,0,54,0
04/04/2025 15:00,1175,142,979,0,54,0
04/04/2025 15:15,1079,131,940,0,8,0
04/04/2025 15:30,986,99,818,0,69,0
04/04/2025 15:45,846,97,721,0,28,0
04/04/2025 16:00,682,119,704,0,0,141
04/04/2025 16:15,638,104,637,0,0,103
04/04/2025 16:30,555,97,552,0,0,94
04/04/2025 16:45,558,125,556,0,0,123
04/04/2025 17:00,449,113,446,0,0,110
04/04/2025 17:15,271,100,267,0,0,96
04/04/2025 17:30,233,290,226,0,0,283
04/04/2025 17:45,185,235,181,0,0,231
04/04/2025 18:00,137,128,134,0,0,125
04/04/2025 18:15,84,126,82,0,0,124
04/04/2025 18:30,61,126,58,0,0,123
04/04/2025 18:45,30,113,27,0,0,110
04/04/2025 19:00,3,230,0,1,0,226
04/04/2025 19:15,0,251,0,5,0,246
04/04/2025 19:30,0,148,0,3,0,145
04/04/2025 19:45,0,169,6,0,0,175
04/04/2025 20:00,0,167,0,6,0,161
04/04/2025 20:15,0,161,0,7,0,154
04/04/2025 20:30,0,179,0,6,0,173
04/04/2025 20:45,0,634,0,10,0,624
04/04/2025 21:00,0,1695,0,0,0,1695
04/04/2025 21:15,0,1784,0,1,0,1783
04/04/2025 21:30,0,1032,12,0,0,1044
04/04/2025 21:45,1,598,0,0,0,597
04/04/2025 22:00,0,668,0,3,0,665
04/04/2025 22:15,0,696,2,0,0,698
04/04/2025 22:30,0,767,0,5,0,762
04/04/2025 22:45,0,625,2,0,0,627
04/04/2025 23:00,0,504,0,0,0,504
04/04/2025 23:15,0,299,0,1,0,298
04/04/2025 23:30,0,105,0,53,4,56
04/04/2025 23:45,0,106,0,108,2,0
04/05/2025 00:00,0,123,0,125,2,0
04/05/2025 00:15,0,131,0,132,1,0
04/05/2025 00:30,0,102,0,105,3,0
04/05/2025 00:45,0,101,0,107,6,0
04/05/2025 01:00,0,123,0,127,4,0
04/05/2025 01:15,0,118,0,122,4,0
04/05/2025 01:30,0,99,0,103,4,0
04/05/2025 01:45,0,97,0,102,5,0
04/05/2025 02:00,0,113,0,118,5,0
04/05/2025 02:15,0,125,0,129,4,0
04/05/2025 02:30,0,100,0,104,4,0
04/05/2025 02:45,0,98,0,103,5,0
04/05/2025 03:00,0,106,0,111,5,0
04/05/2025 03:15,0,384,0,389,5,0
04/05/2025 03:30,0,359,0,362,3,0
04/05/2025 03:45,0,98,0,103,5,0
04/05/2025 04:00,0,119,0,122,3,0
04/05/2025 04:15,0,124,0,127,3,0
04/05/2025 04:30,0,101,0,104,3,0
04/05/2025 04:45,0,125,0,129,4,0
04/05/2025 05:00,0,142,0,146,4,0
04/05/2025 05:15,0,517,0,521,4,0
04/05/2025 05:30,0,135,0,139,4,0
04/05/2025 05:45,0,122,0,124,2,0
04/05/2025 06:00,0,103,0,107,4,0
04/05/2025 06:15,0,115,0,121,6,0
04/05/2025 06:30,0,307,0,309,2,0
04/05/2025 06:45,21,349,0,344,16,0
04/05/2025 07:00,60,107,0,105,58,0
04/05/2025 07:15,72,119,0,121,74,0
04/05/2025 07:30,81,470,0,472,83,0
04/05/2025 07:45,90,520,0,522,92,0
04/05/2025 08:00,67,438,0,447,76,0
04/05/2025 08:15,105,211,0,212,106,0
04/05/2025 08:30,108,270,0,280,118,0
04/05/2025 08:45,124,157,0,162,129,0
04/05/2025 09:00,189,150,0,150,189,0
04/05/2025 09:15,178,123,0,126,181,0
04/05/2025 09:30,207,100,0,102,209,0
04/05/2025 09:45,341,98,0,99,342,0
04/05/2025 10:00,350,129,0,126,347,0
04/05/2025 10:15,408,443,0,448,413,0
04/05/2025 10:30,369,534,0,538,373,0
04/05/2025 10:45,308,419,0,426,315,0
04/05/2025 11:00,346,375,0,378,349,0
04/05/2025 11:15,414,127,0,128,415,0
04/05/2025 11:30,434,151,0,157,440,0
04/05/2025 11:45,383,161,0,169,391,0
04/05/2025 12:00,264,138,0,148,274,0
04/05/2025 12:15,356,130,0,129,355,0
04/05/2025 12:30,628,504,0,507,631,0
04/05/2025 12:45,477,476,0,480,481,0
04/05/2025 13:00,370,139,0,149,380,0
04/05/2025 13:15,249,160,0,166,255,0
04/05/2025 13:30,328,575,0,576,329,0
04/05/2025 13:45,294,130,0,140,304,0
04/05/2025 14:00,160,107,0,116,169,0
04/05/2025 14:15,162,376,0,383,169,0
04/05/2025 14:30,212,855,0,858,215,0
04/05/2025 14:45,297,631,0,637,303,0
04/05/2025 15:00,189,469,0,474,194,0
04/05/2025 15:15,150,434,0,436,152,0
04/05/2025 15:30,124,403,0,404,125,0
04/05/2025 15:45,147,424,0,428,151,0
04/05/2025 16:00,154,428,148,0,8,430
04/05/2025 16:15,118,437,114,0,0,433
04/05/2025 16:30,59,442,57,0,0,440
04/05/2025 16:45,48,408,49,0,0,409
04/05/2025 17:00,37,157,35,0,0,155
04/05/2025 17:15,59,157,58,0,0,156
04/05/2025 17:30,27,433,16,0,0,422
04/05/2025 17:45,14,690,13,0,0,689
04/05/2025 18:00,5,259,0,0,0,254
04/05/2025 18:15,2,269,0,4,0,263
04/05/2025 18:30,1,486,3,0,0,488
04/05/2025 18:45,1,266,0,11,0,254
04/05/2025 19:00,0,621,0,3,0,618
04/05/2025 19:15,0,531,0,4,0,527
04/05/2025 19:30,0,543,0,0,0,543
04/05/2025 19:45,0,456,5,0,0,461
04/05/2025 20:00,0,776,0,671,10,115
04/05/2025 20:15,0,597,0,601,4,0
04/05/2025 20:30,0,767,0,767,0,0
04/05/2025 20:45,0,799,0,799,0,0
04/05/2025 21:00,0,1855,0,1855,0,0
04/05/2025 21:15,0,1557,0,1557,0,0
04/05/2025 21:30,0,524,0,524,0,0
04/05/2025 21:45,0,545,0,545,0,0
04/05/2025 22:00,0,391,0,391,0,0
04/05/2025 22:15,0,151,0,151,0,0
04/05/2025 22:30,0,126,0,126,0,0
04/05/2025 22:45,0,178,0,178,0,0
04/05/2025 23:00,0,606,0,606,0,0
04/05/2025 23:15,0,163,0,163,0,0
04/05/2025 23:30,0,144,0,144,0,0
04/05/2025 23:45,0,133,0,133,0,0
04/06/2025 00:00,0,326,0,326,0,0
04/06/2025 00:15,0,511,0,511,0,0
04/06/2025 00:30,0,103,0,103,0,0
04/06/2025 00:45,0,118,0,118,0,0
04/06/2025 01:00,0,136,0,138,2,0
04/06/2025 01:15,0,464,0,464,0,0
04/06/2025 01:30,0,241,0,241,0,0
04/06/2025 01:45,0,116,0,116,0,0
04/06/2025 02:00,0,131,0,131,0,0
04/06/2025 02:15,0,383,0,385,2,0
04/06/2025 02:30,0,448,0,448,0,0
04/06/2025 02:45,0,131,0,135,4,0
04/06/2025 03:00,0,127,0,131,4,0
04/06/2025 03:15,0,467,0,467,0,0
04/06/2025 03:30,0,226,0,230,4,0
04/06/2025 03:45,0,112,0,114,2,0
04/06/2025 04:00,0,125,0,129,4,0
04/06/2025 04:15,0,494,0,496,2,0
04/06/2025 04:30,0,227,0,229,2,0
04/06/2025 04:45,0,98,0,102,4,0
04/06/2025 05:00,0,161,0,165,4,0
04/06/2025 05:15,0,579,0,583,4,0
04/06/2025 05:30,0,383,0,387,4,0
04/06/2025 05:45,0,371,0,375,4,0
04/06/2025 06:00,0,388,0,392,4,0
04/06/2025 06:15,0,468,0,472,4,0
04/06/2025 06:30,0,604,0,604,0,0
04/06/2025 06:45,0,530,0,532,2,0
04/06/2025 07:00,1,481,0,482,2,0
04/06/2025 07:15,36,406,0,406,36,0
04/06/2025 07:30,12,770,0,776,18,0
04/06/2025 07:45,34,549,0,545,30,0
04/06/2025 08:00,49,311,0,310,48,0
04/06/2025 08:15,93,288,0,291,96,0
04/06/2025 08:30,102,647,0,649,104,0
04/06/2025 08:45,56,543,0,549,62,0
04/06/2025 09:00,29,553,0,558,34,0
04/06/2025 09:15,62,445,0,449,66,0
04/06/2025 09:30,40,415,0,419,44,0
04/06/2025 09:45,137,432,0,431,136,0
04/06/2025 10:00,245,593,0,594,246,0
04/06/2025 10:15,211,448,0,452,215,0
04/06/2025 10:30,298,419,0,417,296,0
04/06/2025 10:45,428,438,0,445,435,0
04/06/2025 11:00,264,415,0,419,268,0
04/06/2025 11:15,163,399,0,404,168,0
04/06/2025 11:30,171,359,0,362,174,0
04/06/2025 11:45,173,435,0,440,178,0
04/06/2025 12:00,149,304,0,306,151,0
04/06/2025 12:15,187,308,0,307,186,0
04/06/2025 12:30,258,1832,0,1834,260,0
04/06/2025 12:45,291,1002,0,1008,297,0
04/06/2025 13:00,286,336,0,341,291,0
04/06/2025 13:15,251,573,0,578,256,0
04/06/2025 13:30,414,178,0,178,414,0
04/06/2025 13:45,392,417,0,424,399,0
04/06/2025 14:00,272,583,0,590,279,0
04/06/2025 14:15,454,361,0,357,450,0
04/06/2025 14:30,377,386,0,396,387,0
04/06/2025 14:45,447,398,0,403,452,0
04/06/2025 15:00,378,339,0,348,387,0
04/06/2025 15:15,311,373,0,378,316,0
04/06/2025 15:30,463,127,0,122,458,0
04/06/2025 15:45,604,112,0,116,608,0
04/06/2025 16:00,477,100,454,0,37,114
04/06/2025 16:15,388,95,385,0,0,92
04/06/2025 16:30,298,134,294,0,0,130
04/06/2025 16:45,230,134,225,0,0,129
04/06/2025 17:00,263,549,251,0,0,537
04/06/2025 17:15,309,417,312,0,0,420
04/06/2025 17:30,221,511,220,0,0,510
04/06/2025 17:45,311,607,306,0,0,602
04/06/2025 18:00,143,329,143,0,0,329
04/06/2025 18:15,104,379,106,0,0,381
04/06/2025 18:30,50,109,47,0,0,106
04/06/2025 18:45,25,135,19,0,0,129
04/06/2025 19:00,1,165,0,5,0,159
04/06/2025 19:15,0,263,0,3,0,260
04/06/2025 19:30,0,173,0,3,0,170
04/06/2025 19:45,0,192,8,0,0,200
04/06/2025 20:00,0,755,0,8,0,747
04/06/2025 20:15,0,1151,0,563,7,595
04/06/2025 20:30,2,1400,0,1409,11,0
04/06/2025 20:45,0,1238,0,1238,0,0
04/06/2025 21:00,1,1247,0,1246,0,0
04/06/2025 21:15,0,879,0,879,0,0
04/06/2025 21:30,0,730,0,730,0,0
04/06/2025 21:45,0,651,0,651,0,0
04/06/2025 22:00,0,512,0,512,0,0
04/06/2025 22:15,0,643,0,643,0,0
04/06/2025 22:30,0,763,0,763,0,0
04/06/2025 22:45,0,517,0,517,0,0
04/06/2025 23:00,0,464,0,464,0,0
04/06/2025 23:15,0,457,0,457,0,0
04/06/2025 23:30,0,108,0,109,1,0
04/06/2025 23:45,0,214,0,217,3,0
04/07/2025 00:00,0,430,0,432,2,0
04/07/2025 00:15,0,130,0,130,0,0
04/07/2025 00:30,0,111,0,113,2,0
04/07/2025 00:45,0,102,0,102,0,0
04/07/2025 01:00,0,102,0,106,4,0
04/07/2025 01:15,0,123,0,123,0,0
04/07/2025 01:30,0,291,0,293,2,0
04/07/2025 01:45,0,383,0,386,3,0
04/07/2025 02:00,0,129,0,130,1,0
04/07/2025 02:15,0,99,0,99,0,0
04/07/2025 02:30,0,101,0,101,0,0
04/07/2025 02:45,0,187,0,189,2,0
04/07/2025 03:00,0,460,0,462,2,0
04/07/2025 03:15,0,108,0,112,4,0
04/07/2025 03:30,0,102,0,106,4,0
04/07/2025 03:45,0,128,0,130,2,0
04/07/2025 04:00,0,392,0,398,6,0
04/07/2025 04:15,0,272,0,276,4,0
04/07/2025 04:30,0,104,0,108,4,0
04/07/2025 04:45,0,120,0,123,3,0
04/07/2025 05:00,0,99,0,102,3,0
04/07/2025 05:15,0,341,0,343,2,0
04/07/2025 05:30,0,332,0,332,0,0
04/07/2025 05:45,0,129,0,129,0,0
04/07/2025 06:00,0,99,0,101,2,0
04/07/2025 06:15,0,444,0,445,1,0
04/07/2025 06:30,0,606,0,607,1,0
04/07/2025 06:45,2,584,0,584,2,0
04/07/2025 07:00,14,556,0,548,6,0
04/07/2025 07:15,54,555,0,545,44,0
04/07/2025 07:30,97,720,0,725,102,0
04/07/2025 07:45,102,581,0,583,104,0
04/07/2025 08:00,132,528,0,533,137,0
04/07/2025 08:15,116,515,0,519,120,0
04/07/2025 08:30,127,531,0,535,131,0
04/07/2025 08:45,125,544,0,543,124,0
04/07/2025 09:00,125,539,0,542,128,0
04/07/2025 09:15,167,586,0,589,170,0
04/07/2025 09:30,187,627,0,629,189,0
04/07/2025 09:45,136,613,0,620,143,0
04/07/2025 10:00,224,669,0,668,223,0
04/07/2025 10:15,277,770,0,775,282,0
04/07/2025 10:30,337,757,0,758,338,0
04/07/2025 10:45,449,405,0,405,449,0
04/07/2025 11:00,297,314,0,320,303,0
04/07/2025 11:15,261,162,0,168,267,0
04/07/2025 11:30,272,201,0,206,277,0
04/07/2025 11:45,167,580,0,586,173,0
04/07/2025 12:00,125,528,0,533,130,0
04/07/2025 12:15,156,555,0,558,159,0
04/07/2025 12:30,178,333,0,334,179,0
04/07/2025 12:45,230,97,0,100,233,0
04/07/2025 13:00,248,95,0,101,254,0
04/07/2025 13:15,229,119,0,117,227,0
04/07/2025 13:30,289,104,0,106,291,0
04/07/2025 13:45,180,217,0,224,187,0
04/07/2025 14:00,145,601,0,602,146,0
04/07/2025 14:15,182,522,0,967,627,0
04/07/2025 14:30,225,537,0,1708,1396,0
04/07/2025 14:45,107,559,0,899,447,0
04/07/2025 15:00,121,532,0,535,124,0
04/07/2025 15:15,86,515,0,522,93,0
04/07/2025 15:30,85,534,0,537,88,0
04/07/2025 15:45,86,542,0,545,89,0
04/07/2025 16:00,115,532,101,0,6,524
04/07/2025 16:15,130,535,128,0,0,533
04/07/2025 16:30,87,636,86,0,0,635
04/07/2025 16:45,102,479,103,0,0,480
04/07/2025 17:00,71,112,67,0,0,108
04/07/2025 17:15,49,183,41,0,0,175
04/07/2025 17:30,30,741,14,0,0,725
04/07/2025 17:45,21,684,24,0,0,687
04/07/2025 18:00,14,601,9,0,0,596
04/07/2025 18:15,15,604,10,0,0,599
04/07/2025 18:30,4,451,0,3,0,444
04/07/2025 18:45,0,587,0,112,4,479
04/07/2025 19:00,0,573,0,583,10,0
04/07/2025 19:15,0,613,0,613,0,0
04/07/2025 19:30,0,576,0,576,0,0
04/07/2025 19:45,0,344,0,346,2,0
04/07/2025 20:00,0,953,0,953,0,0
04/07/2025 20:15,0,717,0,717,0,0
04/07/2025 20:30,0,581,0,581,0,0
04/07/2025 20:45,0,1005,0,1005,0,0
04/07/2025 21:00,0,1901,0,1901,0,0
04/07/2025 21:15,0,1916,0,1916,0,0
04/07/2025 21:30,0,1197,0,1197,0,0
04/07/2025 21:45,0,1203,0,1203,0,0
04/07/2025 22:00,0,765,0,765,0,0
04/07/2025 22:15,0,1180,0,1180,0,0
04/07/2025 22:30,0,506,0,506,0,0
04/07/2025 22:45,0,750,0,750,0,0
04/07/2025 23:00,0,665,0,665,0,0
04/07/2025 23:15,0,477,0,477,0,0
04/07/2025 23:30,0,803,0,803,0,0
04/07/2025 23:45,0,607,0,607,0,0
04/08/2025 00:00,0,667,0,667,0,0
04/08/2025 00:15,0,828,0,828,0,0
04/08/2025 00:30,0,463,0,463,0,0
04/08/2025 00:45,0,597,0,597,0,0
04/08/2025 01:00,0,886,0,886,0,0
04/08/2025 01:15,0,856,0,856,0,0
04/08/2025 01:30,0,932,0,932,0,0
04/08/2025 01:45,0,907,0,907,0,0
04/08/2025 02:00,0,875,0,875,0,0
04/08/2025 02:15,0,951,0,951,0,0
04/08/2025 02:30,0,923,0,923,0,0
04/08/2025 02:45,0,883,0,883,0,0
04/08/2025 03:00,0,928,0,928,0,0
04/08/2025 03:15,0,933,0,933,0,0
04/08/2025 03:30,0,753,0,753,0,0
04/08/2025 03:45,0,544,0,546,2,0
04/08/2025 04:00,0,546,0,548,2,0
04/08/2025 04:15,0,606,0,608,2,0
04/08/2025 04:30,0,200,0,202,2,0
04/08/2025 04:45,0,132,0,134,2,0
04/08/2025 05:00,0,388,0,390,2,0
04/08/2025 05:15,0,434,0,434,0,0
04/08/2025 05:30,0,509,0,512,3,0
04/08/2025 05:45,0,654,0,655,1,0
04/08/2025 06:00,0,563,0,565,2,0
04/08/2025 06:15,0,571,0,573,2,0
04/08/2025 06:30,0,727,0,729,2,0
04/08/2025 06:45,20,624,0,614,10,0
04/08/2025 07:00,33,686,0,688,35,0
04/08/2025 07:15,58,594,0,593,57,0
04/08/2025 07:30,60,547,0,554,67,0
04/08/2025 07:45,64,542,0,548,70,0
04/08/2025 08:00,63,540,0,542,65,0
04/08/2025 08:15,137,525,0,522,134,0
04/08/2025 08:30,222,526,0,528,224,0
04/08/2025 08:45,342,527,0,529,344,0
04/08/2025 09:00,373,557,0,559,375,0
04/08/2025 09:15,371,538,0,548,381,0
04/08/2025 09:30,307,573,0,575,309,0
04/08/2025 09:45,261,550,0,556,267,0
04/08/2025 10:00,292,544,0,550,298,0
04/08/2025 10:15,265,503,0,505,267,0
04/08/2025 10:30,281,618,0,627,290,0
04/08/2025 10:45,241,550,0,558,249,0
04/08/2025 11:00,224,549,0,555,230,0
04/08/2025 11:15,373,341,0,342,374,0
04/08/2025 11:30,350,94,0,101,357,0
04/08/2025 11:45,503,93,0,97,507,0
04/08/2025 12:00,454,111,0,114,457,0
04/08/2025 12:15,1421,145,142,0,1134,0
04/08/2025 12:30,1222,123,72,0,1027,0
04/08/2025 12:45,1300,153,57,0,1090,0
04/08/2025 13:00,1678,120,295,0,1263,0
04/08/2025 13:15,1340,136,106,0,1098,0
04/08/2025 13:30,1541,594,0,185,1132,0
04/08/2025 13:45,1253,420,0,66,899,0
04/08/2025 14:00,1082,410,0,200,872,0
04/08/2025 14:15,1706,496,117,0,1093,0
04/08/2025 14:30,1385,494,120,0,771,0
04/08/2025 14:45,1099,436,356,0,307,0
04/08/2025 15:00,1153,408,665,0,80,0
04/08/2025 15:15,529,403,75,0,51,0
04/08/2025 15:30,951,429,470,0,52,0
04/08/2025 15:45,827,405,388,0,34,0
04/08/2025 16:00,841,430,811,0,4,404
04/08/2025 16:15,598,257,601,0,0,260
04/08/2025 16:30,675,453,664,0,0,442
04/08/2025 16:45,682,532,672,0,0,522
04/08/2025 17:00,521,560,522,0,0,561
04/08/2025 17:15,379,561,376,0,0,558
04/08/2025 17:30,272,958,268,0,0,954
04/08/2025 17:45,233,600,230,0,0,597
04/08/2025 18:00,233,559,232,0,0,558
04/08/2025 18:15,139,130,133,0,0,124
04/08/2025 18:30,74,658,67,0,0,651
04/08/2025 18:45,32,276,31,0,0,275
04/08/2025 19:00,11,220,8,0,0,217
04/08/2025 19:15,0,544,0,17,0,527
04/08/2025 19:30,0,388,15,0,0,403
04/08/2025 19:45,0,320,0,13,0,307
04/08/2025 20:00,0,1073,0,5,0,1068
04/08/2025 20:15,0,1062,4,0,0,1066
04/08/2025 20:30,0,963,0,1,0,962
04/08/2025 20:45,0,1033,6,0,0,1039
04/08/2025 21:00,0,761,0,1,0,760
04/08/2025 21:15,0,864,0,840,9,33
04/08/2025 21:30,0,802,0,803,1,0
04/08/2025 21:45,0,1220,0,1220,0,0
04/08/2025 22:00,2,1284,0,1278,0,4
04/08/2025 22:15,0,1006,0,1006,0,0
04/08/2025 22:30,1,1241,0,1240,0,0
04/08/2025 22:45,0,748,0,748,0,0
04/08/2025 23:00,0,487,0,487,0,0
04/08/2025 23:15,0,794,0,794,0,0
04/08/2025 23:30,0,716,0,716,0,0
04/08/2025 23:45,0,829,0,829,0,0
04/09/2025 00:00,0,1041,0,1041,0,0
04/09/2025 00:15,0,525,0,525,0,0
04/09/2025 00:30,0,634,0,634,0,0
04/09/2025 00:45,0,895,0,895,0,0
04/09/2025 01:00,0,708,0,708,0,0
04/09/2025 01:15,0,1032,0,1032,0,0
04/09/2025 01:30,0,987,0,987,0,0
04/09/2025 01:45,0,961,0,961,0,0
04/09/2025 02:00,0,1034,0,1034,0,0
04/09/2025 02:15,0,852,0,852,0,0
04/09/2025 02:30,0,949,0,950,1,0
04/09/2025 02:45,0,560,0,562,2,0
04/09/2025 03:00,0,578,0,578,0,0
04/09/2025 03:15,0,597,0,597,0,0
04/09/2025 03:30,0,526,0,527,1,0
04/09/2025 03:45,0,740,0,740,0,0
04/09/2025 04:00,0,589,0,589,0,0
04/09/2025 04:15,0,740,0,740,0,0
04/09/2025 04:30,0,578,0,579,1,0
04/09/2025 04:45,0,600,0,600,0,0
04/09/2025 05:00,0,671,0,672,1,0
04/09/2025 05:15,0,567,0,568,1,0
04/09/2025 05:30,0,627,0,629,2,0
04/09/2025 05:45,0,131,0,131,0,0
04/09/2025 06:00,0,438,0,439,1,0
04/09/2025 06:15,10,604,0,601,7,0
04/09/2025 06:30,110,573,0,563,100,0
04/09/2025 06:45,233,773,0,776,236,0
04/09/2025 07:00,334,655,0,652,331,0
04/09/2025 07:15,455,633,0,633,455,0
04/09/2025 07:30,564,558,0,531,537,0
04/09/2025 07:45,731,540,0,360,551,0
04/09/2025 08:00,826,547,0,361,640,0
04/09/2025 08:15,872,552,0,582,902,0
04/09/2025 08:30,909,525,0,533,917,0
04/09/2025 08:45,945,577,0,581,949,0
04/09/2025 09:00,985,606,0,611,990,0
04/09/2025 09:15,1063,572,0,544,1035,0
04/09/2025 09:30,1125,561,0,506,1070,0
04/09/2025 09:45,1220,511,0,374,1083,0
04/09/2025 10:00,1294,554,0,352,1092,0
04/09/2025 10:15,1387,514,0,215,1088,0
04/09/2025 10:30,1471,531,0,108,1048,0
04/09/2025 10:45,1558,620,0,0,938,0
04/09/2025 11:00,1621,530,308,0,783,0
04/09/2025 11:15,1658,523,565,0,570,0
04/09/2025 11:30,1696,537,910,0,249,0
04/09/2025 11:45,1729,560,1133,0,36,0
04/09/2025 12:00,1725,171,1526,0,28,0
04/09/2025 12:15,1732,124,1582,0,26,0
04/09/2025 12:30,1744,258,1449,0,37,0
04/09/2025 12:45,1753,483,1257,0,13,0
04/09/2025 13:00,1759,422,1315,0,22,0
04/09/2025 13:15,1740,311,1386,0,43,0
04/09/2025 13:30,1689,121,1556,0,12,0
04/09/2025 13:45,1669,95,1538,0,36,0
04/09/2025 14:00,1642,126,1496,0,20,0
04/09/2025 14:15,1596,118,1458,0,20,0
04/09/2025 14:30,1491,102,1379,0,10,0
04/09/2025 14:45,1393,203,1165,0,25,0
04/09/2025 15:00,1269,597,657,0,15,0
04/09/2025 15:15,1169,435,724,0,10,0
04/09/2025 15:30,1075,417,630,0,28,0
04/09/2025 15:45,974,366,596,0,12,0
04/09/2025 16:00,871,399,844,0,0,372
04/09/2025 16:15,787,435,786,0,0,434
04/09/2025 16:30,700,451,702,0,0,453
04/09/2025 16:45,609,409,609,0,0,409
04/09/2025 17:00,474,201,476,0,0,203
04/09/2025 17:15,306,129,305,0,0,128
04/09/2025 17:30,225,608,213,0,0,596
04/09/2025 17:45,197,234,203,0,0,240
04/09/2025 18:00,182,230,174,0,0,222
04/09/2025 18:15,140,387,140,0,0,387
04/09/2025 18:30,72,286,68,0,0,282
04/09/2025 18:45,38,387,27,0,0,376
04/09/2025 19:00,15,380,23,0,0,388
04/09/2025 19:15,0,212,0,8,0,204
04/09/2025 19:30,0,551,0,2,0,549
04/09/2025 19:45,0,583,0,2,0,581
04/09/2025 20:00,0,785,10,0,0,795
04/09/2025 20:15,0,794,13,0,0,807
04/09/2025 20:30,0,678,0,0,0,678
04/09/2025 20:45,0,900,5,0,0,905
04/09/2025 21:00,0,540,5,0,0,545
04/09/2025 21:15,0,532,0,0,0,532
04/09/2025 21:30,0,569,0,1,0,568
04/09/2025 21:45,0,974,0,8,0,966
04/09/2025 22:00,0,600,0,74,2,528
04/09/2025 22:15,0,763,0,775,12,0
04/09/2025 22:30,0,1647,0,1649,2,0
04/09/2025 22:45,0,2283,0,2283,0,0
04/09/2025 23:00,0,1033,0,1033,0,0
04/09/2025 23:15,0,639,0,639,0,0
04/09/2025 23:30,0,896,0,896,0,0
04/09/2025 23:45,0,998,0,998,0,0
04/10/2025 00:00,0,477,0,477,0,0
04/10/2025 00:15,0,470,0,470,0,0
04/10/2025 00:30,0,619,0,619,0,0
04/10/2025 00:45,0,892,0,892,0,0
04/10/2025 01:00,0,612,0,612,0,0
04/10/2025 01:15,0,926,0,926,0,0
04/10/2025 01:30,0,976,0,976,0,0
04/10/2025 01:45,0,866,0,866,0,0
04/10/2025 02:00,0,561,0,561,0,0
04/10/2025 02:15,0,601,0,601,0,0
04/10/2025 02:30,0,498,0,498,0,0
04/10/2025 02:45,0,526,0,526,0,0
04/10/2025 03:00,0,673,0,673,0,0
04/10/2025 03:15,0,533,0,533,0,0
04/10/2025 03:30,0,541,0,543,2,0
04/10/2025 03:45,0,576,0,576,0,0
04/10/2025 04:00,0,560,0,560,0,0
04/10/2025 04:15,0,558,0,558,0,0
04/10/2025 04:30,0,579,0,579,0,0
04/10/2025 04:45,0,553,0,553,0,0
04/10/2025 05:00,0,581,0,581,0,0
04/10/2025 05:15,0,639,0,639,0,0
04/10/2025 05:30,0,540,0,541,1,0
04/10/2025 05:45,0,531,0,532,1,0
04/10/2025 06:00,0,577,0,577,0,0
04/10/2025 06:15,12,544,0,536,4,0
04/10/2025 06:30,56,604,0,596,48,0
04/10/2025 06:45,183,583,0,587,187,0
04/10/2025 07:00,325,857,0,857,325,0
04/10/2025 07:15,455,575,0,580,460,0
04/10/2025 07:30,562,545,0,552,569,0
04/10/2025 07:45,720,574,0,584,730,0
04/10/2025 08:00,803,548,0,553,808,0
04/10/2025 08:15,838,522,0,534,850,0
04/10/2025 08:30,883,544,0,554,893,0
04/10/2025 08:45,913,556,0,567,924,0
04/10/2025 09:00,955,556,0,566,965,0
04/10/2025 09:15,1032,499,0,511,1044,0
04/10/2025 09:30,1088,422,0,433,1099,0
04/10/2025 09:45,1184,322,0,331,1193,0
04/10/2025 10:00,1254,98,0,117,1273,0
04/10/2025 10:15,1349,127,0,104,1326,0
04/10/2025 10:30,1438,99,136,0,1203,0
04/10/2025 10:45,1476,200,323,0,953,0
04/10/2025 11:00,1580,536,459,0,585,0
04/10/2025 11:15,1604,391,1163,0,50,0
04/10/2025 11:30,1650,380,1254,0,16,0
04/10/2025 11:45,1678,195,1442,0,41,0
04/10/2025 12:00,1676,130,1546,0,0,0
04/10/2025 12:15,1683,108,1505,0,70,0
04/10/2025 12:30,1500,100,1394,0,6,0
04/10/2025 12:45,1708,97,1596,0,15,0
04/10/2025 13:00,1708,120,1544,0,44,0
04/10/2025 13:15,1228,107,1093,0,28,0
04/10/2025 13:30,1704,175,1513,0,16,0
04/10/2025 13:45,1314,588,677,0,49,0
04/10/2025 14:00,1374,386,939,0,49,0
04/10/2025 14:15,1231,359,827,0,45,0
04/10/2025 14:30,718,221,493,0,4,0
04/10/2025 14:45,845,117,669,0,59,0
04/10/2025 15:00,1054,106,932,0,16,0
04/10/2025 15:15,828,105,718,0,5,0
04/10/2025 15:30,679,136,481,0,62,0
04/10/2025 15:45,776,225,500,0,51,0
04/10/2025 16:00,750,553,745,0,1,549
04/10/2025 16:15,686,359,688,0,0,361
04/10/2025 16:30,565,374,565,0,0,374
04/10/2025 16:45,617,364,618,0,0,365
04/10/2025 17:00,389,366,388,0,0,365
04/10/2025 17:15,274,399,270,0,0,395
04/10/2025 17:30,194,834,190,0,0,830
04/10/2025 17:45,240,298,246,0,0,304
04/10/2025 18:00,161,130,153,0,0,122
04/10/2025 18:15,161,499,160,0,0,498
04/10/2025 18:30,114,216,117,0,0,219
04/10/2025 18:45,56,123,54,0,0,121
04/10/2025 19:00,16,269,10,0,0,263
04/10/2025 19:15,0,244,0,8,0,236
04/10/2025 19:30,0,416,0,12,0,404
04/10/2025 19:45,0,443,0,0,0,443
04/10/2025 20:00,0,514,1,0,0,515
04/10/2025 20:15,0,510,5,0,0,515
04/10/2025 20:30,0,632,0,2,0,630
04/10/2025 20:45,0,990,0,0,0,990
04/10/2025 21:00,0,621,3,0,0,624
04/10/2025 21:15,0,542,1,0,0,543
04/10/2025 21:30,0,522,0,2,0,520
04/10/2025 21:45,0,539,0,0,0,539
04/10/2025 22:00,0,712,2,0,0,714
04/10/2025 22:15,0,913,0,199,4,718
04/10/2025 22:30,0,499,0,511,12,0
04/10/2025 22:45,0,482,0,484,2,0
04/10/2025 23:00,0,489,0,489,0,0
04/10/2025 23:15,0,509,0,509,0,0
04/10/2025 23:30,0,878,0,878,0,0
04/10/2025 23:45,0,485,0,485,0,0
04/11/2025 00:00,0,489,0,489,0,0
04/11/2025 00:15,0,472,0,472,0,0
04/11/2025 00:30,0,689,0,689,0,0
04/11/2025 00:45,0,694,0,694,0,0
04/11/2025 01:00,0,470,0,470,0,0
04/11/2025 01:15,0,477,0,477,0,0
04/11/2025 01:30,0,485,0,485,0,0
04/11/2025 01:45,0,884,0,884,0,0
04/11/2025 02:00,0,924,0,924,0,0
04/11/2025 02:15,0,917,0,917,0,0
04/11/2025 02:30,0,904,0,904,0,0
04/11/2025 02:45,0,964,0,964,0,0
04/11/2025 03:00,0,882,0,882,0,0
04/11/2025 03:15,0,896,0,896,0,0
04/11/2025 03:30,0,393,0,394,1,0
04/11/2025 03:45,0,481,0,482,1,0
04/11/2025 04:00,0,184,0,188,4,0
04/11/2025 04:15,0,123,0,127,4,0
04/11/2025 04:30,0,611,0,614,3,0
04/11/2025 04:45,0,144,0,147,3,0
04/11/2025 05:00,0,106,0,108,2,0
04/11/2025 05:15,0,186,0,189,3,0
04/11/2025 05:30,0,639,0,640,1,0
04/11/2025 05:45,0,550,0,552,2,0
04/11/2025 06:00,0,527,0,527,0,0
04/11/2025 06:15,0,635,0,637,2,0
04/11/2025 06:30,0,567,0,571,4,0
04/11/2025 06:45,2,620,0,620,2,0
04/11/2025 07:00,19,800,0,793,12,0
04/11/2025 07:15,88,745,0,745,88,0
04/11/2025 07:30,152,949,0,951,154,0
04/11/2025 07:45,211,527,0,534,218,0
04/11/2025 08:00,162,531,0,535,166,0
04/11/2025 08:15,79,538,0,545,86,0
04/11/2025 08:30,108,517,0,524,115,0
04/11/2025 08:45,152,520,0,522,154,0
04/11/2025 09:00,263,539,0,545,269,0
04/11/2025 09:15,291,574,0,576,293,0
04/11/2025 09:30,297,641,0,651,307,0
04/11/2025 09:45,200,561,0,565,204,0
04/11/2025 10:00,302,327,0,333,308,0
04/11/2025 10:15,300,116,0,122,306,0
04/11/2025 10:30,385,115,0,120,390,0
04/11/2025 10:45,527,153,0,160,534,0
04/11/2025 11:00,733,525,0,535,743,0
04/11/2025 11:15,902,470,0,481,913,0
04/11/2025 11:30,734,411,0,421,744,0
04/11/2025 11:45,706,426,0,440,720,0
04/11/2025 12:00,780,108,0,114,786,0
04/11/2025 12:15,822,93,0,104,833,0
04/11/2025 12:30,1357,92,0,53,1318,0
04/11/2025 12:45,590,106,0,115,599,0
04/11/2025 13:00,502,107,0,105,500,0
04/11/2025 13:15,514,92,0,110,532,0
04/11/2025 13:30,499,293,0,300,506,0
04/11/2025 13:45,480,617,0,627,490,0
04/11/2025 14:00,529,437,0,443,535,0
04/11/2025 14:15,677,440,0,449,686,0
04/11/2025 14:30,830,393,0,400,837,0
04/11/2025 14:45,1048,404,0,308,952,0
04/11/2025 15:00,955,389,0,15,581,0
04/11/2025 15:15,997,385,589,0,23,0
04/11/2025 15:30,993,411,551,0,31,0
04/11/2025 15:45,750,345,329,0,76,0
04/11/2025 16:00,653,113,669,0,2,131
04/11/2025 16:15,732,97,731,0,0,96
04/11/2025 16:30,592,111,590,0,0,109
04/11/2025 16:45,436,113,434,0,0,111
04/11/2025 17:00,408,96,406,0,0,94
04/11/2025 17:15,305,256,293,0,0,244
04/11/2025 17:30,185,1041,191,0,0,1047
04/11/2025 17:45,133,436,143,0,0,446
04/11/2025 18:00,109,523,106,0,0,520
04/11/2025 18:15,86,355,87,0,0,356
04/11/2025 18:30,52,470,47,0,0,465
04/11/2025 18:45,25,360,29,0,0,364
04/11/2025 19:00,6,371,6,0,0,371
04/11/2025 19:15,0,187,0,0,0,187
04/11/2025 19:30,0,248,0,6,0,242
04/11/2025 19:45,0,819,6,0,0,825
04/11/2025 20:00,0,480,0,7,0,473
04/11/2025 20:15,1,1162,3,0,0,1164
04/11/2025 20:30,2,2321,1,0,0,2320
04/11/2025 20:45,2,2694,0,3,0,2689
04/11/2025 21:00,0,1580,0,1451,12,141
04/11/2025 21:15,0,814,0,817,3,0
04/11/2025 21:30,0,1003,0,1003,0,0
04/11/2025 21:45,0,859,0,859,0,0
04/11/2025 22:00,0,777,0,777,0,0
04/11/2025 22:15,0,672,0,672,0,0
04/11/2025 22:30,1,532,0,531,0,0
04/11/2025 22:45,0,514,0,514,0,0
04/11/2025 23:00,0,674,0,674,0,0
04/11/2025 23:15,0,814,0,814,0,0
04/11/2025 23:30,0,465,0,465,0,0
04/11/2025 23:45,0,453,0,453,0,0
04/12/2025 00:00,0,480,0,480,0,0
04/12/2025 00:15,0,900,0,900,0,0
04/12/2025 00:30,0,607,0,607,0,0
04/12/2025 00:45,0,456,0,456,0,0
04/12/2025 01:00,0,457,0,457,0,0
04/12/2025 01:15,0,812,0,812,0,0
04/12/2025 01:30,0,714,0,714,0,0
04/12/2025 01:45,0,492,0,492,0,0
04/12/2025 02:00,0,764,0,764,0,0
04/12/2025 02:15,0,996,0,996,0,0
04/12/2025 02:30,0,510,0,511,1,0
04/12/2025 02:45,0,506,0,508,2,0
04/12/2025 03:00,0,583,0,584,1,0
04/12/2025 03:15,0,532,0,533,1,0
04/12/2025 03:30,0,569,0,571,2,0
04/12/2025 03:45,0,583,0,586,3,0
04/12/2025 04:00,0,567,0,568,1,0
04/12/2025 04:15,0,591,0,592,1,0
04/12/2025 04:30,0,313,0,315,2,0
04/12/2025 04:45,0,434,0,435,1,0
04/12/2025 05:00,0,123,0,126,3,0
04/12/2025 05:15,0,408,0,410,2,0
04/12/2025 05:30,0,640,0,641,1,0
04/12/2025 05:45,0,538,0,542,4,0
04/12/2025 06:00,0,547,0,548,1,0
04/12/2025 06:15,0,583,0,585,2,0
04/12/2025 06:30,0,726,0,727,1,0
04/12/2025 06:45,0,634,0,636,2,0
04/12/2025 07:00,8,722,0,718,4,0
04/12/2025 07:15,30,547,0,550,33,0
04/12/2025 07:30,25,1191,0,1193,27,0
04/12/2025 07:45,52,1027,0,1028,53,0
04/12/2025 08:00,83,740,0,739,82,0
04/12/2025 08:15,123,632,0,633,124,0
04/12/2025 08:30,92,1367,0,1374,99,0
04/12/2025 08:45,92,1559,0,1565,98,0
04/12/2025 09:00,111,1466,0,1469,114,0
04/12/2025 09:15,178,1131,0,1132,179,0
04/12/2025 09:30,207,876,0,881,212,0
04/12/2025 09:45,216,893,0,896,219,0
04/12/2025 10:00,302,1095,0,1092,299,0
04/12/2025 10:15,239,805,0,811,245,0
04/12/2025 10:30,268,902,0,905,271,0
04/12/2025 10:45,252,623,0,627,256,0
04/12/2025 11:00,284,1089,0,1092,287,0
04/12/2025 11:15,323,640,0,644,327,0
04/12/2025 11:30,292,585,0,591,298,0
04/12/2025 11:45,223,639,0,643,227,0
04/12/2025 12:00,306,630,0,634,310,0
04/12/2025 12:15,266,595,0,602,273,0
04/12/2025 12:30,315,889,0,891,317,0
04/12/2025 12:45,371,591,0,600,380,0
04/12/2025 13:00,387,628,0,636,395,0
04/12/2025 13:15,355,607,0,614,362,0
04/12/2025 13:30,307,535,0,539,311,0
04/12/2025 13:45,272,583,0,586,275,0
04/12/2025 14:00,258,610,0,620,268,0
04/12/2025 14:15,273,651,0,655,277,0
04/12/2025 14:30,228,593,0,601,236,0
04/12/2025 14:45,216,563,0,568,221,0
04/12/2025 15:00,282,602,0,608,288,0
04/12/2025 15:15,319,576,0,586,329,0
04/12/2025 15:30,284,592,0,595,287,0
04/12/2025 15:45,272,598,0,602,276,0
04/12/2025 16:00,292,579,255,0,20,562
04/12/2025 16:15,228,580,230,0,0,582
04/12/2025 16:30,169,592,171,0,0,594
04/12/2025 16:45,150,298,156,0,0,304
04/12/2025 17:00,148,5,141,0,2,0
04/12/2025 17:15,154,72,148,0,4,70
04/12/2025 17:30,86,614,89,0,0,617
04/12/2025 17:45,60,688,64,0,0,692
04/12/2025 18:00,48,559,54,0,0,565
04/12/2025 18:15,38,307,41,0,0,310
04/12/2025 18:30,21,167,21,0,0,167
04/12/2025 18:45,2,219,0,3,0,214
04/12/2025 19:00,0,787,0,3,0,784
04/12/2025 19:15,0,288,0,151,8,145
04/12/2025 19:30,0,260,0,264,4,0
04/12/2025 19:45,0,247,0,247,0,0
04/12/2025 20:00,0,353,0,353,0,0
04/12/2025 20:15,0,656,0,656,0,0
04/12/2025 20:30,0,223,0,224,1,0
04/12/2025 20:45,0,249,0,249,0,0
04/12/2025 21:00,0,300,0,301,1,0
04/12/2025 21:15,0,699,0,700,1,0
04/12/2025 21:30,0,437,0,437,0,0
04/12/2025 21:45,0,401,0,401,0,0
04/12/2025 22:00,0,667,0,667,0,0
04/12/2025 22:15,0,570,0,570,0,0
04/12/2025 22:30,0,372,0,372,0,0
04/12/2025 22:45,0,549,0,550,1,0
04/12/2025 23:00,0,271,0,271,0,0
04/12/2025 23:15,0,486,0,486,0,0
04/12/2025 23:30,0,129,0,129,0,0
04/12/2025 23:45,0,157,0,157,0,0
04/13/2025 00:00,0,432,0,432,0,0
04/13/2025 00:15,0,594,0,594,0,0
04/13/2025 00:30,0,256,0,256,0,0
04/13/2025 00:45,0,126,0,126,0,0
04/13/2025 01:00,0,605,0,605,0,0
04/13/2025 01:15,0,151,0,151,0,0
04/13/2025 01:30,0,157,0,157,0,0
04/13/2025 01:45,0,582,0,582,0,0
04/13/2025 02:00,0,283,0,283,0,0
04/13/2025 02:15,0,141,0,141,0,0
04/13/2025 02:30,0,356,0,358,2,0
04/13/2025 02:45,0,397,0,399,2,0
04/13/2025 03:00,0,141,0,141,0,0
04/13/2025 03:15,0,572,0,574,2,0
04/13/2025 03:30,0,435,0,435,0,0
04/13/2025 03:45,0,148,0,148,0,0
04/13/2025 04:00,0,296,0,298,2,0
04/13/2025 04:15,0,394,0,396,2,0
04/13/2025 04:30,0,382,0,382,0,0
04/13/2025 04:45,0,649,0,653,4,0
04/13/2025 05:00,0,569,0,571,2,0
04/13/2025 05:15,0,524,0,526,2,0
04/13/2025 05:30,0,551,0,552,1,0
04/13/2025 05:45,0,546,0,547,1,0
04/13/2025 06:00,0,568,0,570,2,0
04/13/2025 06:15,0,603,0,605,2,0
04/13/2025 06:30,0,535,0,537,2,0
04/13/2025 06:45,0,557,0,557,0,0
04/13/2025 07:00,0,578,0,578,0,0
04/13/2025 07:15,0,609,0,609,0,0
04/13/2025 07:30,10,669,0,663,4,0
04/13/2025 07:45,38,773,0,771,36,0
04/13/2025 08:00,48,880,0,886,54,0
04/13/2025 08:15,52,46,0,55,61,0
04/13/2025 08:30,64,254,0,262,72,0
04/13/2025 08:45,86,1430,0,1437,93,0
04/13/2025 09:00,115,1446,0,1450,119,0
04/13/2025 09:15,129,1475,0,1484,138,0
04/13/2025 09:30,130,1120,0,1127,137,0
04/13/2025 09:45,138,832,0,839,145,0
04/13/2025 10:00,148,1142,0,1148,154,0
04/13/2025 10:15,171,852,0,859,178,0
04/13/2025 10:30,200,834,0,841,207,0
04/13/2025 10:45,218,849,0,854,223,0
04/13/2025 11:00,278,1013,0,1023,288,0
04/13/2025 11:15,284,866,0,877,295,0
04/13/2025 11:30,324,680,0,685,329,0
04/13/2025 11:45,324,200,0,209,333,0
04/13/2025 12:00,278,2,0,11,287,0
04/13/2025 12:15,291,234,0,240,297,0
04/13/2025 12:30,293,636,0,644,301,0
04/13/2025 12:45,267,801,0,811,277,0
04/13/2025 13:00,276,537,0,548,287,0
04/13/2025 13:15,301,596,0,604,309,0
04/13/2025 13:30,267,536,0,544,275,0
04/13/2025 13:45,264,633,0,641,272,0
04/13/2025 14:00,261,1114,0,1122,269,0
04/13/2025 14:15,296,1768,0,1778,306,0
04/13/2025 14:30,273,1119,0,1131,285,0
04/13/2025 14:45,238,1118,0,1128,248,0
04/13/2025 15:00,263,582,0,590,271,0
04/13/2025 15:15,205,429,0,436,212,0
04/13/2025 15:30,163,763,0,771,171,0
04/13/2025 15:45,167,208,0,210,169,0
04/13/2025 16:00,136,453,129,0,9,455
04/13/2025 16:15,157,238,150,0,0,231
04/13/2025 16:30,102,523,106,0,0,527
04/13/2025 16:45,83,390,80,0,0,387
04/13/2025 17:00,63,500,60,0,0,497
04/13/2025 17:15,60,546,61,0,0,547
04/13/2025 17:30,49,602,46,0,0,599
04/13/2025 17:45,37,322,35,0,0,320
04/13/2025 18:00,31,474,11,0,0,454
04/13/2025 18:15,21,386,33,0,0,398
04/13/2025 18:30,22,138,19,0,0,135
04/13/2025 18:45,19,440,0,287,5,139
04/13/2025 19:00,2,196,0,198,4,0
04/13/2025 19:15,0,199,0,199,0,0
04/13/2025 19:30,0,239,0,239,0,0
04/13/2025 19:45,0,628,0,628,0,0
04/13/2025 20:00,0,389,0,389,0,0
04/13/2025 20:15,0,379,0,379,0,0
04/13/2025 20:30,0,511,0,511,0,0
04/13/2025 20:45,0,776,0,779,3,0
04/13/2025 21:00,0,180,0,185,5,0
04/13/2025 21:15,0,157,0,161,4,0
04/13/2025 21:30,0,121,0,125,4,0
04/13/2025 21:45,0,425,0,428,3,0
04/13/2025 22:00,0,357,0,358,1,0
04/13/2025 22:15,0,167,0,169,2,0
04/13/2025 22:30,0,168,0,173,5,0
04/13/2025 22:45,0,321,0,324,3,0
04/13/2025 23:00,0,540,0,540,0,0
04/13/2025 23:15,0,418,0,418,0,0
04/13/2025 23:30,0,256,0,256,0,0
04/13/2025 23:45,0,202,0,202,0,0
04/14/2025 00:00,0,341,0,341,0,0
04/14/2025 00:15,0,108,0,108,0,0
04/14/2025 00:30,0,122,0,122,0,0
04/14/2025 00:45,0,349,0,349,0,0
04/14/2025 01:00,0,607,0,607,0,0
04/14/2025 01:15,0,444,0,444,0,0
04/14/2025 01:30,0,118,0,122,4,0
04/14/2025 01:45,0,281,0,283,2,0
04/14/2025 02:00,0,436,0,438,2,0
04/14/2025 02:15,0,539,0,539,0,0
04/14/2025 02:30,0,546,0,548,2,0
04/14/2025 02:45,0,687,0,687,0,0
04/14/2025 03:00,0,511,0,512,1,0
04/14/2025 03:15,0,568,0,569,1,0
04/14/2025 03:30,0,577,0,577,0,0
04/14/2025 03:45,0,314,0,317,3,0
04/14/2025 04:00,0,99,0,101,2,0
04/14/2025 04:15,0,98,0,99,1,0
04/14/2025 04:30,0,587,0,587,0,0
04/14/2025 04:45,0,193,0,197,4,0
04/14/2025 05:00,0,116,0,120,4,0
04/14/2025 05:15,0,665,0,667,2,0
04/14/2025 05:30,0,535,0,539,4,0
04/14/2025 05:45,0,534,0,536,2,0
04/14/2025 06:00,0,558,0,558,0,0
04/14/2025 06:15,25,554,0,545,16,0
04/14/2025 06:30,166,657,0,653,162,0
04/14/2025 06:45,279,614,0,621,286,0
04/14/2025 07:00,410,547,0,546,409,0
04/14/2025 07:15,498,468,0,473,503,0
04/14/2025 07:30,625,387,0,391,629,0
04/14/2025 07:45,773,375,0,382,780,0
04/14/2025 08:00,840,406,0,410,844,0
04/14/2025 08:15,877,239,0,245,883,0
04/14/2025 08:30,936,0,0,2,938,0
04/14/2025 08:45,989,36,0,44,997,0
04/14/2025 09:00,1050,194,0,201,1057,0
04/14/2025 09:15,1113,170,0,175,1118,0
04/14/2025 09:30,1145,117,0,131,1159,0
04/14/2025 09:45,1230,121,0,124,1233,0
04/14/2025 10:00,1321,135,0,144,1330,0
04/14/2025 10:15,1417,135,0,152,1434,0
04/14/2025 10:30,1488,306,0,127,1309,0
04/14/2025 10:45,1575,455,632,0,488,0
04/14/2025 11:00,1626,417,1111,0,98,0
04/14/2025 11:15,1636,384,1173,0,79,0
04/14/2025 11:30,1677,394,1221,0,62,0
04/14/2025 11:45,1728,398,1301,0,29,0
04/14/2025 12:00,1740,434,1222,0,84,0
04/14/2025 12:15,1734,415,1242,0,77,0
04/14/2025 12:30,1775,197,1551,0,27,0
04/14/2025 12:45,1711,129,1579,0,3,0
04/14/2025 13:00,1713,104,1512,0,97,0
04/14/2025 13:15,1712,99,1605,0,8,0
04/14/2025 13:30,1664,100,1563,0,1,0
04/14/2025 13:45,1663,112,1453,0,98,0
04/14/2025 14:00,1623,109,1504,0,10,0
04/14/2025 14:15,1586,105,1479,0,2,0
04/14/2025 14:30,1474,128,1273,0,73,0
04/14/2025 14:45,850,111,710,0,29,0
04/14/2025 15:00,1091,97,990,0,4,0
04/14/2025 15:15,1137,99,962,0,76,0
04/14/2025 15:30,999,107,860,0,32,0
04/14/2025 15:45,1009,114,892,0,3,0
04/14/2025 16:00,864,98,896,0,0,130
04/14/2025 16:15,816,119,815,0,0,118
04/14/2025 16:30,684,115,683,0,0,114
04/14/2025 16:45,564,95,562,0,0,93
04/14/2025 17:00,567,97,565,0,0,95
04/14/2025 17:15,320,107,315,0,0,102
04/14/2025 17:30,221,294,214,0,0,287
04/14/2025 17:45,289,188,290,0,0,189
04/14/2025 18:00,250,138,247,0,0,135
04/14/2025 18:15,163,117,161,0,0,115
04/14/2025 18:30,86,104,83,0,0,101
04/14/2025 18:45,42,160,36,0,0,154
04/14/2025 19:00,15,159,14,0,0,158
04/14/2025 19:15,2,145,1,0,0,144
04/14/2025 19:30,0,387,0,2,0,385
04/14/2025 19:45,0,357,0,12,0,345
04/14/2025 20:00,0,568,11,0,0,579
04/14/2025 20:15,0,507,5,0,0,512
04/14/2025 20:30,0,590,0,0,0,590
04/14/2025 20:45,0,1456,0,0,0,1456
04/14/2025 21:00,0,1826,17,0,0,1843
04/14/2025 21:15,0,1258,0,11,0,1247
04/14/2025 21:30,0,2412,0,73,0,2339
04/14/2025 21:45,0,2072,0,1704,14,382
04/14/2025 22:00,0,532,0,540,8,0
04/14/2025 22:15,0,490,0,490,0,0
04/14/2025 22:30,0,503,0,503,0,0
04/14/2025 22:45,0,483,0,483,0,0
04/14/2025 23:00,0,467,0,467,0,0
04/14/2025 23:15,0,470,0,470,0,0
04/14/2025 23:30,0,488,0,488,0,0
04/14/2025 23:45,0,483,0,483,0,0
04/15/2025 00:00,0,467,0,467,0,0
04/15/2025 00:15,0,478,0,478,0,0
04/15/2025 00:30,0,490,0,490,0,0
04/15/2025 00:45,0,466,0,466,0,0
04/15/2025 01:00,0,462,0,462,0,0
04/15/2025 01:15,0,268,0,269,1,0
04/15/2025 01:30,0,281,0,282,1,0
04/15/2025 01:45,0,324,0,326,2,0
04/15/2025 02:00,0,97,0,99,2,0
04/15/2025 02:15,0,100,0,103,3,0
04/15/2025 02:30,0,104,0,107,3,0
04/15/2025 02:45,0,119,0,123,4,0
04/15/2025 03:00,0,98,0,100,2,0
04/15/2025 03:15,0,121,0,122,1,0
04/15/2025 03:30,0,113,0,116,3,0
04/15/2025 03:45,0,329,0,331,2,0
04/15/2025 04:00,0,229,0,232,3,0
04/15/2025 04:15,0,104,0,107,3,0
04/15/2025 04:30,0,134,0,135,1,0
04/15/2025 04:45,0,101,0,103,2,0
04/15/2025 05:00,0,112,0,115,3,0
04/15/2025 05:15,0,121,0,123,2,0
04/15/2025 05:30,0,201,0,205,4,0
04/15/2025 05:45,0,355,0,356,1,0
04/15/2025 06:00,0,101,0,102,1,0
04/15/2025 06:15,0,132,0,134,2,0
04/15/2025 06:30,0,441,0,445,4,0
04/15/2025 06:45,20,421,0,413,12,0
04/15/2025 07:00,69,471,0,468,66,0
04/15/2025 07:15,54,439,0,450,65,0
04/15/2025 07:30,24,363,0,370,31,0
04/15/2025 07:45,17,333,0,336,20,0
04/15/2025 08:00,24,335,0,337,26,0
04/15/2025 08:15,60,329,0,326,57,0
04/15/2025 08:30,51,96,0,101,56,0
04/15/2025 08:45,518,128,0,119,509,0
04/15/2025 09:00,625,122,0,135,638,0
04/15/2025 09:15,475,109,0,112,478,0
04/15/2025 09:30,494,105,0,105,494,0
04/15/2025 09:45,887,109,0,110,888,0
04/15/2025 10:00,942,110,0,99,931,0
04/15/2025 10:15,1059,93,0,65,1031,0
04/15/2025 10:30,1233,114,15,0,1104,0
04/15/2025 10:45,1233,106,0,49,1176,0
04/15/2025 11:00,1156,90,1,0,1065,0
04/15/2025 11:15,735,93,0,100,742,0
04/15/2025 11:30,565,102,0,95,558,0
04/15/2025 11:45,970,109,0,7,868,0
04/15/2025 12:00,803,92,0,92,803,0
04/15/2025 12:15,781,107,0,104,778,0
04/15/2025 12:30,928,120,0,115,923,0
04/15/2025 12:45,566,103,0,109,572,0
04/15/2025 13:00,317,95,0,97,319,0
04/15/2025 13:15,250,98,0,97,249,0
04/15/2025 13:30,599,131,0,11,479,0
04/15/2025 13:45,623,94,269,0,260,0
04/15/2025 14:00,795,98,647,0,50,0
04/15/2025 14:15,1178,134,991,0,53,0
04/15/2025 14:30,805,105,675,0,25,0
04/15/2025 14:45,1216,100,1090,0,26,0
04/15/2025 15:00,1303,96,1197,0,10,0
04/15/2025 15:15,1256,117,1116,0,23,0
04/15/2025 15:30,1240,111,1106,0,23,0
04/15/2025 15:45,986,102,882,0,2,0
04/15/2025 16:00,874,115,865,0,0,106
04/15/2025 16:15,746,123,743,0,0,120
04/15/2025 16:30,683,97,682,0,0,96
04/15/2025 16:45,608,97,607,0,0,96
04/15/2025 17:00,499,97,496,0,0,94
04/15/2025 17:15,207,121,203,0,0,117
04/15/2025 17:30,6,432,1,0,0,427
04/15/2025 17:45,6,162,2,0,0,158
04/15/2025 18:00,9,168,7,0,0,166
04/15/2025 18:15,7,140,5,0,0,138
04/15/2025 18:30,0,134,0,3,0,131
04/15/2025 18:45,2,118,0,1,0,115
04/15/2025 19:00,1,200,0,3,0,196
04/15/2025 19:15,0,151,0,4,0,147
04/15/2025 19:30,0,171,0,3,0,168
04/15/2025 19:45,0,156,10,0,0,166
04/15/2025 20:00,0,146,0,6,0,140
04/15/2025 20:15,0,141,0,5,0,136
04/15/2025 20:30,0,342,0,5,0,337
04/15/2025 20:45,0,621,1,0,0,622
04/15/2025 21:00,0,584,0,2,0,582
04/15/2025 21:15,0,596,6,0,0,602
04/15/2025 21:30,0,598,1,0,0,599
04/15/2025 21:45,0,638,0,3,0,635
04/15/2025 22:00,1,795,5,0,0,799
04/15/2025 22:15,0,690,0,0,0,690
04/15/2025 22:30,0,1195,0,3,0,1192
04/15/2025 22:45,0,542,8,0,0,550
04/15/2025 23:00,0,493,5,0,0,498
04/15/2025 23:15,0,478,7,0,0,485
04/15/2025 23:30,0,465,4,0,0,469
04/15/2025 23:45,0,462,0,0,0,462
04/16/2025 00:00,0,490,0,101,2,391
04/16/2025 00:15,0,616,0,626,10,0
04/16/2025 00:30,0,719,0,721,2,0
04/16/2025 00:45,0,491,0,491,0,0
04/16/2025 01:00,0,470,0,470,0,0
04/16/2025 01:15,0,459,0,459,0,0
04/16/2025 01:30,0,528,0,528,0,0
04/16/2025 01:45,0,842,0,842,0,0
04/16/2025 02:00,0,475,0,475,0,0
04/16/2025 02:15,0,460,0,460,0,0
04/16/2025 02:30,0,479,0,479,0,0
04/16/2025 02:45,0,602,0,602,0,0
04/16/2025 03:00,0,278,0,282,4,0
04/16/2025 03:15,0,114,0,114,0,0
04/16/2025 03:30,0,98,0,100,2,0
04/16/2025 03:45,0,282,0,284,2,0
04/16/2025 04:00,0,421,0,423,2,0
04/16/2025 04:15,0,101,0,103,2,0
04/16/2025 04:30,0,114,0,116,2,0
04/16/2025 04:45,0,375,0,377,2,0
04/16/2025 05:00,0,330,0,334,4,0
04/16/2025 05:15,0,96,0,100,4,0
04/16/2025 05:30,0,98,0,102,4,0
04/16/2025 05:45,0,465,0,467,2,0
04/16/2025 06:00,2,245,0,243,0,0
04/16/2025 06:15,42,356,0,346,32,0
04/16/2025 06:30,177,608,0,569,138,0
04/16/2025 06:45,295,545,0,284,34,0
04/16/2025 07:00,423,479,0,459,403,0
04/16/2025 07:15,347,419,0,421,349,0
04/16/2025 07:30,688,474,0,478,692,0
04/16/2025 07:45,887,431,0,431,887,0
04/16/2025 08:00,833,405,0,396,824,0
04/16/2025 08:15,759,388,0,390,761,0
04/16/2025 08:30,822,403,0,415,834,0
04/16/2025 08:45,550,508,0,511,553,0
04/16/2025 09:00,526,146,0,147,527,0
04/16/2025 09:15,850,122,0,125,853,0
04/16/2025 09:30,893,124,0,111,880,0
04/16/2025 09:45,935,142,0,111,904,0
04/16/2025 10:00,674,118,0,119,675,0
04/16/2025 10:15,701,140,0,147,708,0
04/16/2025 10:30,817,130,0,118,805,0
04/16/2025 10:45,864,120,0,81,825,0
04/16/2025 11:00,1005,118,0,70,957,0
04/16/2025 11:15,901,366,0,374,909,0
04/16/2025 11:30,1244,498,0,144,890,0
04/16/2025 11:45,1084,379,218,0,487,0
04/16/2025 12:00,880,396,370,0,114,0
04/16/2025 12:15,878,430,402,0,46,0
04/16/2025 12:30,844,275,533,0,36,0
04/16/2025 12:45,784,119,643,0,22,0
04/16/2025 13:00,1012,122,862,0,28,0
04/16/2025 13:15,823,152,661,0,10,0
04/16/2025 13:30,1245,122,1094,0,29,0
04/16/2025 13:45,1724,120,1587,0,17,0
04/16/2025 14:00,1455,146,1309,0,0,0
04/16/2025 14:15,1388,235,1126,0,27,0
04/16/2025 14:30,1059,521,534,0,4,0
04/16/2025 14:45,968,400,549,0,19,0
04/16/2025 15:00,1100,396,670,0,34,0
04/16/2025 15:15,1250,422,818,0,10,0
04/16/2025 15:30,764,405,344,0,15,0
04/16/2025 15:45,830,412,379,0,39,0
04/16/2025 16:00,813,434,797,0,10,428
04/16/2025 16:15,419,406,419,0,0,406
04/16/2025 16:30,393,182,393,0,0,182
04/16/2025 16:45,610,140,609,0,0,139
04/16/2025 17:00,414,135,410,0,0,131
04/16/2025 17:15,272,126,269,0,0,123
04/16/2025 17:30,281,253,276,0,0,248
04/16/2025 17:45,354,402,344,0,0,392
04/16/2025 18:00,186,414,188,0,0,416
04/16/2025 18:15,131,131,123,0,0,123
04/16/2025 18:30,68,435,66,0,0,433
04/16/2025 18:45,32,137,29,0,0,134
04/16/2025 19:00,5,161,4,0,0,160
04/16/2025 19:15,0,383,0,10,0,373
04/16/2025 19:30,0,635,0,0,0,635
04/16/2025 19:45,0,491,0,6,0,485
04/16/2025 20:00,0,944,3,0,0,947
04/16/2025 20:15,0,1055,10,0,0,1065
04/16/2025 20:30,0,1277,0,6,0,1271
04/16/2025 20:45,0,2149,11,0,0,2160
04/16/2025 21:00,0,2279,0,111,0,2168
04/16/2025 21:15,0,1268,0,1282,14,0
04/16/2025 21:30,0,1112,0,1117,5,0
04/16/2025 21:45,0,1111,0,1111,0,0
04/16/2025 22:00,0,644,0,644,0,0
04/16/2025 22:15,0,515,0,515,0,0
04/16/2025 22:30,0,720,0,721,1,0
04/16/2025 22:45,0,846,0,847,1,0
04/16/2025 23:00,0,688,0,688,0,0
04/16/2025 23:15,0,723,0,723,0,0
04/16/2025 23:30,0,926,0,926,0,0
04/16/2025 23:45,0,752,0,752,0,0
04/17/2025 00:00,0,467,0,467,0,0
04/17/2025 00:15,0,482,0,482,0,0
04/17/2025 00:30,0,622,0,622,0,0
04/17/2025 00:45,0,182,0,184,2,0
04/17/2025 01:00,0,101,0,101,0,0
04/17/2025 01:15,0,262,0,263,1,0
04/17/2025 01:30,0,448,0,449,1,0
04/17/2025 01:45,0,98,0,100,2,0
04/17/2025 02:00,0,113,0,115,2,0
04/17/2025 02:15,0,471,0,473,2,0
04/17/2025 02:30,0,268,0,271,3,0
04/17/2025 02:45,0,144,0,146,2,0
04/17/2025 03:00,0,527,0,529,2,0
04/17/2025 03:15,0,402,0,403,1,0
04/17/2025 03:30,0,393,0,394,1,0
04/17/2025 03:45,0,451,0,453,2,0
04/17/2025 04:00,0,360,0,362,2,0
04/17/2025 04:15,0,354,0,359,5,0
04/17/2025 04:30,0,328,0,332,4,0
04/17/2025 04:45,0,227,0,230,3,0
04/17/2025 05:00,0,184,0,187,3,0
04/17/2025 05:15,0,582,0,584,2,0
04/17/2025 05:30,0,543,0,545,2,0
04/17/2025 05:45,0,568,0,570,2,0
04/17/2025 06:00,1,565,0,565,1,0
04/17/2025 06:15,43,577,0,567,33,0
04/17/2025 06:30,179,569,0,567,177,0
04/17/2025 06:45,304,537,0,394,161,0
04/17/2025 07:00,429,539,0,535,425,0
04/17/2025 07:15,511,603,0,606,514,0
04/17/2025 07:30,657,535,0,544,666,0
04/17/2025 07:45,785,433,0,438,790,0
04/17/2025 08:00,851,408,0,412,855,0
04/17/2025 08:15,915,381,0,385,919,0
04/17/2025 08:30,987,256,0,264,995,0
04/17/2025 08:45,1036,124,0,129,1041,0
04/17/2025 09:00,1098,105,0,116,1109,0
04/17/2025 09:15,1135,99,0,108,1144,0
04/17/2025 09:30,1179,97,0,108,1190,0
04/17/2025 09:45,1263,119,0,127,1271,0
04/17/2025 10:00,1352,98,0,107,1361,0
04/17/2025 10:15,1449,99,0,95,1445,0
04/17/2025 10:30,1520,127,256,0,1137,0
04/17/2025 10:45,1595,95,1220,0,280,0
04/17/2025 11:00,1645,106,1477,0,62,0
04/17/2025 11:15,1682,184,1470,0,28,0
04/17/2025 11:30,1714,474,1188,0,52,0
04/17/2025 11:45,1748,423,1321,0,4,0
04/17/2025 12:00,1752,364,1317,0,71,0
04/17/2025 12:15,1754,390,1337,0,27,0
04/17/2025 12:30,1760,219,1515,0,26,0
04/17/2025 12:45,1751,98,1609,0,44,0
04/17/2025 13:00,1480,96,1359,0,25,0
04/17/2025 13:15,1736,118,1594,0,24,0
04/17/2025 13:30,1718,102,1592,0,24,0
04/17/2025 13:45,1682,96,1560,0,26,0
04/17/2025 14:00,1660,121,1491,0,48,0
04/17/2025 14:15,1613,119,1462,0,32,0
04/17/2025 14:30,1508,188,1298,0,22,0
04/17/2025 14:45,1422,131,1265,0,26,0
04/17/2025 15:00,1308,118,1158,0,32,0
04/17/2025 15:15,1210,109,1073,0,28,0
04/17/2025 15:30,1118,133,961,0,24,0
04/17/2025 15:45,1030,94,908,0,28,0
04/17/2025 16:00,930,127,951,0,0,148
04/17/2025 16:15,840,428,836,0,0,424
04/17/2025 16:30,755,416,755,0,0,416
04/17/2025 16:45,668,363,664,0,0,359
04/17/2025 17:00,541,383,540,0,0,382
04/17/2025 17:15,365,406,364,0,0,405
04/17/2025 17:30,263,525,259,0,0,521
04/17/2025 17:45,226,232,221,0,0,227
04/17/2025 18:00,202,126,198,0,0,122
04/17/2025 18:15,156,105,153,0,0,102
04/17/2025 18:30,90,177,85,0,0,172
04/17/2025 18:45,54,296,52,0,0,294
04/17/2025 19:00,28,234,27,0,0,233
04/17/2025 19:15,6,123,2,0,0,119
04/17/2025 19:30,0,128,0,3,0,125
04/17/2025 19:45,0,148,0,3,0,145
04/17/2025 20:00,0,151,0,3,0,148
04/17/2025 20:15,0,462,0,2,0,460
04/17/2025 20:30,0,903,5,0,0,908
04/17/2025 20:45,0,718,4,0,0,722
04/17/2025 21:00,0,823,0,3,0,820
04/17/2025 21:15,0,669,15,0,0,684
04/17/2025 21:30,0,712,0,1,0,711
04/17/2025 21:45,0,348,5,0,0,353
04/17/2025 22:00,0,219,0,5,0,214
04/17/2025 22:15,0,152,0,4,0,148
04/17/2025 22:30,0,131,0,3,0,128
04/17/2025 22:45,0,110,0,2,0,108
04/17/2025 23:00,0,110,0,7,0,103
04/17/2025 23:15,0,200,0,9,0,191
04/17/2025 23:30,0,530,2,0,0,532
04/17/2025 23:45,0,130,0,5,0,125
04/18/2025 00:00,0,107,0,3,0,104
04/18/2025 00:15,0,119,0,3,0,116
04/18/2025 00:30,0,107,0,3,0,104
04/18/2025 00:45,0,231,0,8,0,223
04/18/2025 01:00,0,538,0,2,0,536
04/18/2025 01:15,0,117,0,2,0,115
04/18/2025 01:30,0,122,0,4,0,118
04/18/2025 01:45,0,121,0,121,4,4
04/18/2025 02:00,0,383,0,383,0,0
04/18/2025 02:15,0,292,0,292,0,0
04/18/2025 02:30,0,105,0,107,2,0
04/18/2025 02:45,0,117,0,117,0,0
04/18/2025 03:00,0,198,0,200,2,0
04/18/2025 03:15,0,566,0,566,0,0
04/18/2025 03:30,0,130,0,132,2,0
04/18/2025 03:45,0,116,0,116,0,0
04/18/2025 04:00,0,235,0,235,0,0
04/18/2025 04:15,0,639,0,639,0,0
04/18/2025 04:30,0,526,0,526,0,0
04/18/2025 04:45,0,558,0,558,0,0
04/18/2025 05:00,0,575,0,575,0,0
04/18/2025 05:15,0,545,0,549,4,0
04/18/2025 05:30,0,553,0,553,0,0
04/18/2025 05:45,0,558,0,559,1,0
04/18/2025 06:00,6,599,0,595,2,0
04/18/2025 06:15,67,556,0,532,43,0
04/18/2025 06:30,200,640,0,462,22,0
04/18/2025 06:45,327,566,0,271,32,0
04/18/2025 07:00,450,582,0,556,424,0
04/18/2025 07:15,536,582,0,587,541,0
04/18/2025 07:30,688,752,0,763,699,0
04/18/2025 07:45,810,545,0,551,816,0
04/18/2025 08:00,874,462,0,465,877,0
04/18/2025 08:15,941,1199,0,1209,951,0
04/18/2025 08:30,1000,1289,0,1294,1005,0
04/18/2025 08:45,1046,1417,0,1432,1061,0
04/18/2025 09:00,1097,1894,0,1905,1108,0
04/18/2025 09:15,1142,1705,0,1715,1152,0
04/18/2025 09:30,1190,417,0,431,1204,0
04/18/2025 09:45,1263,571,0,576,1268,0
04/18/2025 10:00,1354,353,0,360,1361,0
04/18/2025 10:15,1451,311,0,299,1439,0
04/18/2025 10:30,1524,393,228,0,903,0
04/18/2025 10:45,1591,264,1097,0,230,0
04/18/2025 11:00,1642,491,1078,0,73,0
04/18/2025 11:15,1664,519,1117,0,28,0
04/18/2025 11:30,1692,495,1145,0,52,0
04/18/2025 11:45,1709,674,1011,0,24,0
04/18/2025 12:00,1747,602,1100,0,45,0
04/18/2025 12:15,1545,575,919,0,51,0
04/18/2025 12:30,1519,511,1006,0,2,0
04/18/2025 12:45,1770,796,898,0,76,0
04/18/2025 13:00,1733,955,759,0,19,0
04/18/2025 13:15,1728,636,1091,0,1,0
04/18/2025 13:30,1697,539,1140,0,18,0
04/18/2025 13:45,1653,520,1086,0,47,0
04/18/2025 14:00,1615,530,1065,0,20,0
04/18/2025 14:15,1513,521,967,0,25,0
04/18/2025 14:30,1441,505,908,0,28,0
04/18/2025 14:45,1366,500,823,0,43,0
04/18/2025 15:00,1196,519,672,0,5,0
04/18/2025 15:15,1149,497,622,0,30,0
04/18/2025 15:30,923,179,697,0,47,0
04/18/2025 15:45,796,145,624,0,27,0
04/18/2025 16:00,708,108,732,0,1,133
04/18/2025 16:15,648,109,645,0,0,106
04/18/2025 16:30,799,119,795,0,0,115
04/18/2025 16:45,545,132,545,0,0,132
04/18/2025 17:00,352,399,330,0,0,377
04/18/2025 17:15,115,432,130,0,0,447
04/18/2025 17:30,86,251,78,0,0,243
04/18/2025 17:45,210,246,213,0,0,249
04/18/2025 18:00,152,239,150,0,0,237
04/18/2025 18:15,107,138,103,0,0,134
04/18/2025 18:30,49,137,48,0,0,136
04/18/2025 18:45,14,132,12,0,0,130
04/18/2025 19:00,10,174,4,0,0,168
04/18/2025 19:15,0,150,0,4,0,146
04/18/2025 19:30,0,202,0,3,0,199
04/18/2025 19:45,0,227,0,4,0,223
04/18/2025 20:00,0,1213,4,0,0,1217
04/18/2025 20:15,0,1496,0,1,0,1495
04/18/2025 20:30,0,1893,0,3,0,1890
04/18/2025 20:45,0,1337,10,0,0,1347
04/18/2025 21:00,0,1090,2,0,0,1092
04/18/2025 21:15,0,1013,4,0,0,1017
04/18/2025 21:30,0,906,0,0,0,906
04/18/2025 21:45,0,817,0,552,13,278
04/18/2025 22:00,0,163,0,173,10,0
04/18/2025 22:15,0,112,0,114,2,0
04/18/2025 22:30,0,106,0,106,0,0
04/18/2025 22:45,0,145,0,146,1,0
04/18/2025 23:00,0,152,0,152,0,0
04/18/2025 23:15,0,100,0,103,3,0
04/18/2025 23:30,0,100,0,104,4,0
04/18/2025 23:45,0,119,0,121,2,0
04/19/2025 00:00,0,113,0,115,2,0
04/19/2025 00:15,0,127,0,128,1,0
04/19/2025 00:30,0,115,0,120,5,0
04/19/2025 00:45,0,100,0,104,4,0
04/19/2025 01:00,0,114,0,118,4,0
04/19/2025 01:15,0,125,0,125,0,0
04/19/2025 01:30,0,106,0,110,4,0
04/19/2025 01:45,0,111,0,116,5,0
04/19/2025 02:00,0,125,0,129,4,0
04/19/2025 02:15,0,101,0,106,5,0
04/19/2025 02:30,0,98,0,102,4,0
04/19/2025 02:45,0,110,0,114,4,0
04/19/2025 03:00,0,116,0,120,4,0
04/19/2025 03:15,0,102,0,106,4,0
04/19/2025 03:30,0,122,0,122,0,0
04/19/2025 03:45,0,126,0,129,3,0
04/19/2025 04:00,0,100,0,103,3,0
04/19/2025 04:15,0,156,0,159,3,0
04/19/2025 04:30,0,109,0,112,3,0
04/19/2025 04:45,0,130,0,134,4,0
04/19/2025 05:00,0,415,0,418,3,0
04/19/2025 05:15,0,129,0,132,3,0
04/19/2025 05:30,0,122,0,126,4,0
04/19/2025 05:45,0,101,0,104,3,0
04/19/2025 06:00,0,97,0,100,3,0
04/19/2025 06:15,28,105,0,97,20,0
04/19/2025 06:30,79,115,0,108,72,0
04/19/2025 06:45,218,106,0,86,198,0
04/19/2025 07:00,217,122,0,121,216,0
04/19/2025 07:15,286,131,0,128,283,0
04/19/2025 07:30,545,171,0,170,544,0
04/19/2025 07:45,389,329,0,334,394,0
04/19/2025 08:00,338,204,0,203,337,0
04/19/2025 08:15,395,768,0,767,394,0
04/19/2025 08:30,366,938,0,934,362,0
04/19/2025 08:45,886,518,0,446,814,0
04/19/2025 09:00,975,388,0,376,963,0
04/19/2025 09:15,967,360,0,355,962,0
04/19/2025 09:30,912,291,0,288,909,0
04/19/2025 09:45,822,145,0,139,816,0
04/19/2025 10:00,883,408,0,405,880,0
04/19/2025 10:15,997,127,0,121,991,0
04/19/2025 10:30,1023,120,0,93,996,0
04/19/2025 10:45,1453,127,0,123,1449,0
04/19/2025 11:00,1513,278,0,192,1427,0
04/19/2025 11:15,1048,291,0,288,1045,0
04/19/2025 11:30,951,112,0,115,954,0
04/19/2025 11:45,766,114,189,0,463,0
04/19/2025 12:00,687,109,564,0,14,0
04/19/2025 12:15,1082,142,854,0,86,0
04/19/2025 12:30,1084,129,948,0,7,0
04/19/2025 12:45,1115,131,930,0,54,0
04/19/2025 13:00,1207,114,1033,0,60,0
04/19/2025 13:15,789,112,671,0,6,0
04/19/2025 13:30,1187,136,1047,0,4,0
04/19/2025 13:45,1510,167,1241,0,102,0
04/19/2025 14:00,1345,166,1168,0,11,0
04/19/2025 14:15,1212,230,981,0,1,0
04/19/2025 14:30,1166,171,992,0,3,0
04/19/2025 14:45,1030,166,818,0,46,0
04/19/2025 15:00,915,165,704,0,46,0
04/19/2025 15:15,749,147,585,0,17,0
04/19/2025 15:30,779,101,672,0,6,0
04/19/2025 15:45,901,111,738,0,52,0
04/19/2025 16:00,695,125,715,0,0,145
04/19/2025 16:15,526,116,524,0,0,114
04/19/2025 16:30,725,139,722,0,0,136
04/19/2025 16:45,615,128,613,0,0,126
04/19/2025 17:00,479,117,476,0,0,114
04/19/2025 17:15,378,122,375,0,0,119
04/19/2025 17:30,348,165,349,0,0,166
04/19/2025 17:45,194,125,190,0,0,121
04/19/2025 18:00,119,93,116,0,0,90
04/19/2025 18:15,116,98,114,0,0,96
04/19/2025 18:30,95,132,92,0,0,129
04/19/2025 18:45,30,113,29,0,0,112
04/19/2025 19:00,10,154,6,0,0,150
04/19/2025 19:15,0,464,0,4,0,460
04/19/2025 19:30,0,158,1,0,0,159
04/19/2025 19:45,0,194,0,2,0,192
04/19/2025 20:00,0,199,0,3,0,196
04/19/2025 20:15,0,228,6,0,0,234
04/19/2025 20:30,0,262,0,2,0,260
04/19/2025 20:45,0,1236,1,0,0,1237
04/19/2025 21:00,0,1065,8,0,0,1073
04/19/2025 21:15,0,441,0,1,0,440
04/19/2025 21:30,0,378,6,0,0,384
04/19/2025 21:45,0,444,6,0,0,450
04/19/2025 22:00,0,158,0,2,0,156
04/19/2025 22:15,0,121,0,2,0,119
04/19/2025 22:30,0,104,0,6,0,98
04/19/2025 22:45,0,133,0,5,0,128
04/19/2025 23:00,0,137,2,2,2,139
04/19/2025 23:15,0,205,0,4,0,201
04/19/2025 23:30,0,122,0,4,0,118
04/19/2025 23:45,0,99,0,2,0,97
04/20/2025 00:00,0,101,0,3,0,98
04/20/2025 00:15,0,132,0,6,0,126
04/20/2025 00:30,0,104,0,4,0,100
04/20/2025 00:45,0,130,0,4,0,126
04/20/2025 01:00,0,106,0,5,0,101
04/20/2025 01:15,0,98,0,4,0,94
04/20/2025 01:30,0,104,0,5,0,99
04/20/2025 01:45,0,121,0,5,0,116
04/20/2025 02:00,0,112,0,4,0,108
04/20/2025 02:15,0,117,0,4,0,113
04/20/2025 02:30,0,97,0,4,0,93
04/20/2025 02:45,0,95,0,4,0,91
04/20/2025 03:00,0,119,0,8,0,111
04/20/2025 03:15,0,103,0,3,0,100
04/20/2025 03:30,0,126,0,2,0,124
04/20/2025 03:45,0,100,0,4,0,96
04/20/2025 04:00,0,98,0,4,0,94
04/20/2025 04:15,0,114,0,4,0,110
04/20/2025 04:30,0,116,0,2,0,114
04/20/2025 04:45,0,112,0,4,0,108
04/20/2025 05:00,0,115,0,2,0,113
04/20/2025 05:15,0,97,0,5,0,92
04/20/2025 05:30,0,96,0,5,0,91
04/20/2025 05:45,0,115,3,0,0,118
04/20/2025 06:00,18,101,0,5,0,78
04/20/2025 06:15,99,122,0,6,3,20
04/20/2025 06:30,120,106,0,7,21,0
04/20/2025 06:45,322,105,0,11,228,0
04/20/2025 07:00,284,103,0,91,272,0
04/20/2025 07:15,301,130,0,127,298,0
04/20/2025 07:30,710,231,0,227,706,0
04/20/2025 07:45,827,225,0,223,825,0
04/20/2025 08:00,917,328,0,311,900,0
04/20/2025 08:15,830,123,0,69,776,0
04/20/2025 08:30,1015,134,0,130,1011,0
04/20/2025 08:45,1084,148,0,139,1075,0
04/20/2025 09:00,1141,115,0,94,1120,0
04/20/2025 09:15,1164,106,0,94,1152,0
04/20/2025 09:30,1240,103,0,84,1221,0
04/20/2025 09:45,1361,205,0,192,1348,0
04/20/2025 10:00,1430,102,0,97,1425,0
04/20/2025 10:15,1511,125,471,0,915,0
04/20/2025 10:30,1570,100,1362,0,108,0
04/20/2025 10:45,1628,99,1485,0,44,0
04/20/2025 11:00,1667,110,1495,0,62,0
04/20/2025 11:15,1693,113,1530,0,50,0
04/20/2025 11:30,1723,115,1575,0,33,0
04/20/2025 11:45,1739,128,1554,0,57,0
04/20/2025 12:00,1745,101,1636,0,8,0
04/20/2025 12:15,1780,98,1656,0,26,0
04/20/2025 12:30,1773,105,1640,0,28,0
04/20/2025 12:45,1778,115,1615,0,48,0
04/20/2025 13:00,1785,652,1107,0,26,0
04/20/2025 13:15,1792,1834,0,62,20,0
04/20/2025 13:30,1753,1845,0,128,36,0
04/20/2025 13:45,1715,1766,0,84,33,0
04/20/2025 14:00,1689,1788,0,103,4,0
04/20/2025 14:15,1645,1765,0,168,48,0
04/20/2025 14:30,1555,666,836,0,53,0
04/20/2025 14:45,1387,96,1286,0,5,0
04/20/2025 15:00,1294,125,1146,0,23,0
04/20/2025 15:15,1187,118,1022,0,47,0
04/20/2025 15:30,1084,128,950,0,6,0
04/20/2025 15:45,1032,109,897,0,26,0
04/20/2025 16:00,855,113,871,0,1,130
04/20/2025 16:15,863,114,860,0,0,111
04/20/2025 16:30,778,138,776,0,0,136
04/20/2025 16:45,705,124,703,0,0,122
04/20/2025 17:00,572,112,571,0,0,111
04/20/2025 17:15,347,102,344,0,0,99
04/20/2025 17:30,162,163,160,0,0,161
04/20/2025 17:45,198,145,191,0,0,138
04/20/2025 18:00,186,226,188,0,0,228
04/20/2025 18:15,141,106,137,0,0,102
04/20/2025 18:30,88,129,85,0,0,126
04/20/2025 18:45,62,136,58,0,0,132
04/20/2025 19:00,31,158,28,0,0,155
04/20/2025 19:15,8,136,6,0,0,134
04/20/2025 19:30,0,167,0,2,0,165
04/20/2025 19:45,0,169,0,3,0,166
04/20/2025 20:00,0,161,7,0,0,168
04/20/2025 20:15,0,151,0,6,0,145
04/20/2025 20:30,0,190,0,3,0,187
04/20/2025 20:45,0,398,2,0,0,400
04/20/2025 21:00,0,253,0,1,0,252
04/20/2025 21:15,0,651,0,7,0,644
04/20/2025 21:30,0,1611,0,0,0,1611
04/20/2025 21:45,0,1075,12,0,0,1087
04/20/2025 22:00,0,1732,0,4,0,1728
04/20/2025 22:15,0,815,15,0,0,830
04/20/2025 22:30,0,378,0,2,0,376
04/20/2025 22:45,0,161,0,4,0,157
04/20/2025 23:00,0,136,0,3,0,133
04/20/2025 23:15,0,102,0,3,0,99
04/20/2025 23:30,0,101,0,5,0,96
04/20/2025 23:45,0,129,0,5,0,124
04/21/2025 00:00,0,124,0,2,0,122
04/21/2025 00:15,0,99,0,5,0,94
04/21/2025 00:30,0,96,0,5,0,91
04/21/2025 00:45,0,114,0,2,0,112
04/21/2025 01:00,0,131,0,5,0,126
04/21/2025 01:15,0,105,0,2,0,103
04/21/2025 01:30,0,95,0,6,0,89
04/21/2025 01:45,0,99,0,3,0,96
04/21/2025 02:00,0,125,0,6,0,119
04/21/2025 02:15,0,119,0,3,0,116
04/21/2025 02:30,0,129,0,3,0,126
04/21/2025 02:45,0,98,0,4,0,94
04/21/2025 03:00,0,94,0,3,0,91
04/21/2025 03:15,0,103,0,7,0,96
04/21/2025 03:30,0,121,0,5,0,116
04/21/2025 03:45,0,103,0,105,4,2
04/21/2025 04:00,0,125,0,130,5,0
04/21/2025 04:15,0,111,0,115,4,0
04/21/2025 04:30,0,95,0,99,4,0
04/21/2025 04:45,0,99,0,104,5,0
04/21/2025 05:00,0,118,0,122,4,0
04/21/2025 05:15,0,107,0,110,3,0
04/21/2025 05:30,0,96,0,100,4,0
04/21/2025 05:45,1,123,0,123,1,0
04/21/2025 06:00,42,122,0,82,2,0
04/21/2025 06:15,130,99,0,10,41,0
04/21/2025 06:30,278,96,100,0,186,104
04/21/2025 06:45,424,121,229,0,314,240
04/21/2025 07:00,538,156,0,133,533,18
04/21/2025 07:15,603,620,0,630,613,0
04/21/2025 07:30,718,448,0,459,729,0
04/21/2025 07:45,834,651,0,659,842,0
04/21/2025 08:00,828,583,0,594,839,0
04/21/2025 08:15,848,1414,0,1427,861,0
04/21/2025 08:30,1060,2303,0,2312,1069,0
04/21/2025 08:45,1115,976,0,991,1130,0
04/21/2025 09:00,1065,625,0,635,1075,0
04/21/2025 09:15,1144,1101,0,1103,1146,0
04/21/2025 09:30,1152,1400,0,1408,1160,0
04/21/2025 09:45,1318,240,0,247,1325,0
04/21/2025 10:00,1401,679,0,696,1418,0
04/21/2025 10:15,1472,150,0,25,1347,0
04/21/2025 10:30,1544,403,482,0,659,0
04/21/2025 10:45,1601,237,1154,0,210,0
04/21/2025 11:00,1579,140,1415,0,24,0
04/21/2025 11:15,1691,129,1539,0,23,0
04/21/2025 11:30,1703,160,1495,0,48,0
04/21/2025 11:45,1723,150,1539,0,34,0
04/21/2025 12:00,1736,387,1319,0,30,0
04/21/2025 12:15,1716,264,1420,0,32,0
04/21/2025 12:30,1708,158,1482,0,68,0
04/21/2025 12:45,1719,125,1568,0,26,0
04/21/2025 13:00,1725,109,1613,0,3,0
04/21/2025 13:15,1725,113,1565,0,47,0
04/21/2025 13:30,1704,191,1492,0,21,0
04/21/2025 13:45,1675,403,1231,0,41,0
04/21/2025 14:00,1657,278,1375,0,4,0
04/21/2025 14:15,1522,100,1369,0,53,0
04/21/2025 14:30,1518,128,1357,0,33,0
04/21/2025 14:45,1155,128,1008,0,19,0
04/21/2025 15:00,1140,127,1011,0,2,0
04/21/2025 15:15,982,200,709,0,73,0
04/21/2025 15:30,1058,1720,0,690,29,1
04/21/2025 15:45,619,1801,0,1186,4,0
04/21/2025 16:00,497,326,390,0,0,219
04/21/2025 16:15,499,113,498,0,0,112
04/21/2025 16:30,360,113,357,0,0,110
04/21/2025 16:45,293,156,291,0,0,154
04/21/2025 17:00,191,129,189,0,0,127
04/21/2025 17:15,149,119,143,0,0,113
04/21/2025 17:30,107,515,99,0,0,507
04/21/2025 17:45,90,262,91,0,0,263
04/21/2025 18:00,73,139,71,0,0,137
04/21/2025 18:15,19,170,21,0,0,172
04/21/2025 18:30,20,171,19,0,0,170
04/21/2025 18:45,10,132,7,0,0,129
04/21/2025 19:00,1,113,0,1,0,111
04/21/2025 19:15,0,293,5,0,0,298
04/21/2025 19:30,0,187,0,4,0,183
04/21/2025 19:45,0,194,0,2,0,192
04/21/2025 20:00,0,315,8,0,0,323
04/21/2025 20:15,0,450,7,0,0,457
04/21/2025 20:30,0,827,3,0,0,830
04/21/2025 20:45,0,1816,1,0,0,1817
04/21/2025 21:00,0,568,14,0,0,582
04/21/2025 21:15,0,167,0,5,0,162
04/21/2025 21:30,0,196,0,2,0,194
04/21/2025 21:45,0,178,0,5,0,173
04/21/2025 22:00,0,172,0,5,0,167
04/21/2025 22:15,0,184,0,0,0,184
04/21/2025 22:30,0,128,0,3,0,125
04/21/2025 22:45,0,108,0,5,0,103
04/21/2025 23:00,0,122,0,6,0,116
04/21/2025 23:15,0,114,0,5,0,109
04/21/2025 23:30,0,126,0,5,0,121
04/21/2025 23:45,0,138,0,4,0,134
04/22/2025 00:00,0,492,0,5,0,487
04/22/2025 00:15,0,124,0,2,0,122
04/22/2025 00:30,0,122,0,5,0,117
04/22/2025 00:45,0,103,0,4,0,99
04/22/2025 01:00,0,119,0,4,0,115
04/22/2025 01:15,0,124,0,4,0,120
04/22/2025 01:30,0,103,0,5,0,98
04/22/2025 01:45,0,100,0,4,0,96
04/22/2025 02:00,0,116,0,5,0,111
04/22/2025 02:15,0,130,0,5,0,125
04/22/2025 02:30,0,476,0,6,0,470
04/22/2025 02:45,0,150,0,1,0,149
04/22/2025 03:00,0,117,0,3,0,114
04/22/2025 03:15,0,104,0,4,0,100
04/22/2025 03:30,0,105,0,3,0,102
04/22/2025 03:45,0,128,0,2,1,127
04/22/2025 04:00,0,132,0,4,0,128
04/22/2025 04:15,0,477,0,149,4,332
04/22/2025 04:30,0,188,0,199,11,0
04/22/2025 04:45,0,118,0,122,4,0
04/22/2025 05:00,0,102,0,106,4,0
04/22/2025 05:15,0,103,0,107,4,0
04/22/2025 05:30,0,125,0,129,4,0
04/22/2025 05:45,0,211,0,213,2,0
04/22/2025 06:00,0,428,0,430,2,0
04/22/2025 06:15,0,169,0,173,4,0
04/22/2025 06:30,8,159,0,155,4,0
04/22/2025 06:45,21,154,0,139,6,0
04/22/2025 07:00,51,144,0,137,44,0
04/22/2025 07:15,115,131,0,129,113,0
04/22/2025 07:30,182,128,0,134,188,0
04/22/2025 07:45,202,112,0,118,208,0
04/22/2025 08:00,263,259,0,259,263,0
04/22/2025 08:15,334,167,0,169,336,0
04/22/2025 08:30,313,172,0,181,322,0
04/22/2025 08:45,397,258,0,258,397,0
04/22/2025 09:00,473,166,0,175,482,0
04/22/2025 09:15,410,388,0,393,415,0
04/22/2025 09:30,373,391,0,400,382,0
04/22/2025 09:45,556,404,0,412,564,0
04/22/2025 10:00,640,392,0,403,651,0
04/22/2025 10:15,627,386,0,393,634,0
04/22/2025 10:30,625,383,0,396,638,0
04/22/2025 10:45,759,372,0,387,774,0
04/22/2025 11:00,882,363,0,369,888,0
04/22/2025 11:15,1109,113,0,89,1085,0
04/22/2025 11:30,1354,106,0,14,1262,0
04/22/2025 11:45,1323,105,50,0,1168,0
04/22/2025 12:00,1674,89,105,0,1480,0
04/22/2025 12:15,1717,104,0,97,1710,0
04/22/2025 12:30,1674,127,509,0,1038,0
04/22/2025 12:45,1686,101,1398,0,187,0
04/22/2025 13:00,1696,98,1570,0,28,0
04/22/2025 13:15,1712,1227,461,0,24,0
04/22/2025 13:30,1053,1811,0,816,58,0
04/22/2025 13:45,1081,1802,0,725,4,0
04/22/2025 14:00,1461,1384,73,0,4,0
04/22/2025 14:15,1611,297,1206,0,108,0
04/22/2025 14:30,1241,148,1083,0,10,0
04/22/2025 14:45,1344,165,1176,0,3,0
04/22/2025 15:00,1061,135,923,0,3,0
04/22/2025 15:15,1096,128,966,0,2,0
04/22/2025 15:30,940,128,715,0,97,0
04/22/2025 15:45,1001,150,843,0,8,0
04/22/2025 16:00,801,150,821,0,0,170
04/22/2025 16:15,891,95,889,0,0,93
04/22/2025 16:30,709,97,706,0,0,94
04/22/2025 16:45,690,162,688,0,0,160
04/22/2025 17:00,551,132,549,0,0,130
04/22/2025 17:15,410,104,406,0,0,100
04/22/2025 17:30,283,370,283,0,0,370
04/22/2025 17:45,227,107,224,0,0,104
04/22/2025 18:00,172,131,168,0,0,127
04/22/2025 18:15,146,112,146,0,0,112
04/22/2025 18:30,94,105,90,0,0,101
04/22/2025 18:45,62,118,61,0,0,117
04/22/2025 19:00,36,142,32,0,0,138
04/22/2025 19:15,15,143,14,0,0,142
04/22/2025 19:30,1,146,0,4,0,141
04/22/2025 19:45,0,142,0,2,0,140
04/22/2025 20:00,0,262,7,0,0,269
04/22/2025 20:15,0,442,0,3,0,439
04/22/2025 20:30,0,488,4,0,0,492
04/22/2025 20:45,0,413,0,0,0,413
04/22/2025 21:00,0,214,0,0,0,214
04/22/2025 21:15,0,230,0,5,0,225
04/22/2025 21:30,0,230,1,0,0,231
04/22/2025 21:45,0,161,0,2,0,159
04/22/2025 22:00,0,151,0,3,0,148
04/22/2025 22:15,0,385,0,3,0,382
04/22/2025 22:30,0,436,3,0,0,439
04/22/2025 22:45,0,117,0,3,0,114
04/22/2025 23:00,0,112,0,6,0,106
04/22/2025 23:15,0,111,0,5,0,106
04/22/2025 23:30,0,130,0,4,0,126
04/22/2025 23:45,0,102,0,3,0,99
04/23/2025 00:00,0,103,0,5,0,98
04/23/2025 00:15,0,112,0,4,0,108
04/23/2025 00:30,0,113,0,5,0,108
04/23/2025 00:45,0,103,0,5,0,98
04/23/2025 01:00,0,144,0,3,0,141
04/23/2025 01:15,0,107,0,4,0,103
04/23/2025 01:30,0,102,0,6,0,96
04/23/2025 01:45,0,390,0,5,0,385
04/23/2025 02:00,0,291,0,3,0,288
04/23/2025 02:15,0,97,0,5,0,92
04/23/2025 02:30,0,108,0,5,0,103
04/23/2025 02:45,0,127,0,4,0,123
04/23/2025 03:00,0,99,0,5,0,94
04/23/2025 03:15,0,99,0,6,0,93
04/23/2025 03:30,0,108,0,5,0,103
04/23/2025 03:45,0,111,0,3,0,108
04/23/2025 04:00,0,101,0,5,0,96
04/23/2025 04:15,0,440,0,12,0,428
04/23/2025 04:30,0,565,5,0,0,570
04/23/2025 04:45,0,100,0,6,0,94
04/23/2025 05:00,0,95,0,3,0,92
04/23/2025 05:15,0,107,0,3,0,104
04/23/2025 05:30,0,108,0,4,0,104
04/23/2025 05:45,5,94,0,8,0,81
04/23/2025 06:00,60,271,0,6,0,205
04/23/2025 06:15,149,334,1,0,28,214
04/23/2025 06:30,289,113,0,7,195,12
04/23/2025 06:45,369,347,0,13,87,52
04/23/2025 07:00,428,416,0,413,425,0
04/23/2025 07:15,497,163,0,169,503,0
04/23/2025 07:30,643,111,0,115,647,0
04/23/2025 07:45,793,217,0,223,799,0
04/23/2025 08:00,993,361,0,362,994,0
04/23/2025 08:15,945,562,0,566,949,0
04/23/2025 08:30,1051,407,0,409,1053,0
04/23/2025 08:45,1093,458,0,462,1097,0
04/23/2025 09:00,1136,1710,0,1715,1141,0
04/23/2025 09:15,1185,834,0,841,1192,0
04/23/2025 09:30,1262,164,0,157,1255,0
04/23/2025 09:45,1352,142,0,137,1347,0
04/23/2025 10:00,1426,144,0,25,1307,0
04/23/2025 10:15,1496,142,856,0,498,0
04/23/2025 10:30,1552,142,1273,0,137,0
04/23/2025 10:45,1598,124,1442,0,32,0
04/23/2025 11:00,1652,122,1473,0,57,0
04/23/2025 11:15,1685,140,1515,0,30,0
04/23/2025 11:30,1726,114,1556,0,56,0
04/23/2025 11:45,1721,138,1577,0,6,0
04/23/2025 12:00,1755,143,1519,0,93,0
04/23/2025 12:15,1731,134,1589,0,8,0
04/23/2025 12:30,1722,109,1591,0,22,0
04/23/2025 12:45,1732,131,1569,0,32,0
04/23/2025 13:00,1718,109,1569,0,40,0
04/23/2025 13:15,1641,100,1537,0,4,0
04/23/2025 13:30,1696,97,1518,0,81,0
04/23/2025 13:45,1637,126,1504,0,7,0
04/23/2025 14:00,1647,99,1525,0,23,0
04/23/2025 14:15,1584,136,1419,0,29,0
04/23/2025 14:30,1521,124,1350,0,47,0
04/23/2025 14:45,1415,108,1303,0,4,0
04/23/2025 15:00,1325,1291,12,0,22,0
04/23/2025 15:15,1213,1337,0,129,5,0
04/23/2025 15:30,1112,1312,0,281,81,0
04/23/2025 15:45,1028,1059,0,35,4,0
04/23/2025 16:00,926,144,949,0,0,167
04/23/2025 16:15,846,153,844,0,0,151
04/23/2025 16:30,767,152,766,0,0,151
04/23/2025 16:45,667,161,665,0,0,159
04/23/2025 17:00,561,121,561,0,0,121
04/23/2025 17:15,420,103,416,0,0,99
04/23/2025 17:30,305,231,306,0,0,232
04/23/2025 17:45,247,125,246,0,0,124
04/23/2025 18:00,214,131,211,0,0,128
04/23/2025 18:15,149,142,148,0,0,141
04/23/2025 18:30,89,151,88,0,0,150
04/23/2025 18:45,64,114,60,0,0,110
04/23/2025 19:00,35,114,33,0,1,113
04/23/2025 19:15,13,148,6,0,0,141
04/23/2025 19:30,1,184,0,2,0,181
04/23/2025 19:45,0,188,0,2,0,186
04/23/2025 20:00,0,349,10,0,0,359
04/23/2025 20:15,0,265,1,0,0,266
04/23/2025 20:30,0,205,0,2,0,203
04/23/2025 20:45,0,472,0,4,0,468
04/23/2025 21:00,0,363,4,0,0,367
04/23/2025 21:15,0,367,1,0,0,368
04/23/2025 21:30,0,123,0,5,0,118
04/23/2025 21:45,0,154,0,3,0,151
04/23/2025 22:00,0,144,0,4,0,140
04/23/2025 22:15,0,107,0,3,0,104
04/23/2025 22:30,0,107,0,6,0,101
04/23/2025 22:45,0,122,0,5,0,117
04/23/2025 23:00,0,134,0,3,0,131
04/23/2025 23:15,0,107,0,5,0,102
04/23/2025 23:30,0,102,0,5,0,97
04/23/2025 23:45,0,106,0,5,0,101
04/24/2025 00:00,0,130,0,2,0,128
04/24/2025 00:15,0,124,0,6,0,118
04/24/2025 00:30,0,134,0,4,0,130
04/24/2025 00:45,0,191,0,6,0,185
04/24/2025 01:00,0,146,0,4,0,142
04/24/2025 01:15,0,135,0,4,0,131
04/24/2025 01:30,0,131,0,4,0,127
04/24/2025 01:45,0,108,0,6,0,102
04/24/2025 02:00,0,99,0,5,0,94
04/24/2025 02:15,0,116,0,6,0,110
04/24/2025 02:30,0,111,0,2,0,109
04/24/2025 02:45,0,119,0,3,0,116
04/24/2025 03:00,0,122,0,6,0,116
04/24/2025 03:15,0,101,0,6,0,95
04/24/2025 03:30,0,98,0,4,0,94
04/24/2025 03:45,0,131,0,5,0,126
04/24/2025 04:00,0,104,0,6,0,98
04/24/2025 04:15,0,103,0,6,0,97
04/24/2025 04:30,0,129,0,4,0,125
04/24/2025 04:45,0,114,0,6,0,108
04/24/2025 05:00,0,106,0,5,0,101
04/24/2025 05:15,0,102,0,6,0,96
04/24/2025 05:30,0,120,0,3,0,117
04/24/2025 05:45,0,99,0,7,0,92
04/24/2025 06:00,16,102,0,6,0,80
04/24/2025 06:15,110,139,0,5,4,28
04/24/2025 06:30,250,129,0,6,137,10
04/24/2025 06:45,384,106,0,9,287,0
04/24/2025 07:00,437,433,0,440,444,0
04/24/2025 07:15,560,522,0,525,563,0
04/24/2025 07:30,716,340,0,345,721,0
04/24/2025 07:45,872,463,0,465,874,0
04/24/2025 08:00,860,198,0,177,839,0
04/24/2025 08:15,812,151,0,135,796,0
04/24/2025 08:30,884,264,0,258,878,0
04/24/2025 08:45,1139,146,0,156,1149,0
04/24/2025 09:00,893,166,0,139,866,0
04/24/2025 09:15,1216,146,0,28,1098,0
04/24/2025 09:30,963,119,0,69,913,0
04/24/2025 09:45,852,124,0,69,797,0
04/24/2025 10:00,1388,150,586,0,652,0
04/24/2025 10:15,1421,157,966,0,298,0
04/24/2025 10:30,1353,171,1042,0,140,0
04/24/2025 10:45,1291,166,1107,0,18,0
04/24/2025 11:00,1650,120,1504,0,26,0
04/24/2025 11:15,1592,113,1415,0,64,0
04/24/2025 11:30,1654,128,1506,0,20,0
04/24/2025 11:45,1448,127,1319,0,2,0
04/24/2025 12:00,1699,116,1539,0,44,0
04/24/2025 12:15,1692,146,1520,0,26,0
04/24/2025 12:30,1682,125,1531,0,26,0
04/24/2025 12:45,1697,115,1576,0,6,0
04/24/2025 13:00,1700,115,1515,0,70,0
04/24/2025 13:15,1700,794,898,0,8,0
04/24/2025 13:30,1686,1293,391,0,2,0
04/24/2025 13:45,1637,1318,268,0,51,0
04/24/2025 14:00,1606,1312,242,0,52,0
04/24/2025 14:15,1548,902,640,0,6,0
04/24/2025 14:30,1491,124,1366,0,1,0
04/24/2025 14:45,1391,137,1203,0,51,0
04/24/2025 15:00,1320,123,1162,0,35,0
04/24/2025 15:15,1193,149,1017,0,27,0
04/24/2025 15:30,1114,124,988,0,2,0
04/24/2025 15:45,1005,116,888,0,1,0
04/24/2025 16:00,914,118,945,0,0,149
04/24/2025 16:15,831,135,829,0,0,133
04/24/2025 16:30,739,161,738,0,0,160
04/24/2025 16:45,647,133,644,0,0,130
04/24/2025 17:00,540,98,538,0,0,96
04/24/2025 17:15,411,92,409,0,0,90
04/24/2025 17:30,287,129,285,0,0,127
04/24/2025 17:45,246,113,243,0,0,110
04/24/2025 18:00,208,120,204,0,0,116
04/24/2025 18:15,146,119,143,0,0,116
04/24/2025 18:30,93,113,91,0,0,111
04/24/2025 18:45,58,110,54,0,0,106
04/24/2025 19:00,34,127,31,0,0,124
04/24/2025 19:15,9,101,6,0,0,98
04/24/2025 19:30,0,148,0,5,0,143
04/24/2025 19:45,0,168,0,3,0,165
04/24/2025 20:00,0,317,13,0,0,330
04/24/2025 20:15,0,384,0,1,0,383
04/24/2025 20:30,0,1056,0,1,0,1055
04/24/2025 20:45,0,1645,12,0,0,1657
04/24/2025 21:00,0,447,5,0,0,452
04/24/2025 21:15,0,233,0,2,0,231
04/24/2025 21:30,0,191,0,3,0,188
04/24/2025 21:45,0,190,0,4,0,186
04/24/2025 22:00,0,244,0,6,0,238
04/24/2025 22:15,0,143,0,3,0,140
04/24/2025 22:30,0,127,0,5,0,122
04/24/2025 22:45,0,107,0,5,0,102
04/24/2025 23:00,0,133,0,5,0,128
04/24/2025 23:15,0,120,0,4,0,116
04/24/2025 23:30,0,105,0,5,0,100
04/24/2025 23:45,0,103,0,5,0,98
04/25/2025 00:00,0,137,0,6,0,131
04/25/2025 00:15,0,132,0,2,0,130
04/25/2025 00:30,0,98,0,5,0,93
04/25/2025 00:45,0,98,0,5,0,93
04/25/2025 01:00,0,125,0,5,0,120
04/25/2025 01:15,0,118,0,3,0,115
04/25/2025 01:30,0,131,0,6,0,125
04/25/2025 01:45,0,98,0,3,0,95
04/25/2025 02:00,0,99,0,6,0,93
04/25/2025 02:15,0,105,0,5,0,100
04/25/2025 02:30,0,116,0,4,0,112
04/25/2025 02:45,0,116,0,6,0,110
04/25/2025 03:00,0,124,0,4,0,120
04/25/2025 03:15,0,105,0,5,0,100
04/25/2025 03:30,0,99,0,5,0,94
04/25/2025 03:45,0,125,0,5,0,120
04/25/2025 04:00,0,106,0,5,0,101
04/25/2025 04:15,0,122,0,3,0,119
04/25/2025 04:30,0,99,0,6,0,93
04/25/2025 04:45,0,98,0,5,0,93
04/25/2025 05:00,0,106,0,4,0,102
04/25/2025 05:15,0,129,0,3,0,126
04/25/2025 05:30,0,102,0,5,0,97
04/25/2025 05:45,1,125,0,7,1,118
04/25/2025 06:00,52,119,0,7,0,60
04/25/2025 06:15,88,136,0,6,0,42
04/25/2025 06:30,107,119,0,8,6,10
04/25/2025 06:45,130,124,0,7,13,0
04/25/2025 07:00,87,116,0,122,93,0
04/25/2025 07:15,58,105,0,112,65,0
04/25/2025 07:30,103,130,0,133,106,0
04/25/2025 07:45,38,126,0,133,45,0
04/25/2025 08:00,121,101,0,102,122,0
04/25/2025 08:15,176,300,0,301,177,0
04/25/2025 08:30,411,169,0,170,412,0
04/25/2025 08:45,347,273,0,282,356,0
04/25/2025 09:00,373,399,0,399,373,0
04/25/2025 09:15,408,400,0,397,405,0
04/25/2025 09:30,242,386,0,390,246,0
04/25/2025 09:45,290,403,0,402,289,0
04/25/2025 10:00,224,305,0,310,229,0
04/25/2025 10:15,164,182,0,186,168,0
04/25/2025 10:30,185,190,0,184,179,0
04/25/2025 10:45,348,369,0,357,336,0
04/25/2025 11:00,354,248,0,253,359,0
04/25/2025 11:15,285,157,0,151,279,0
04/25/2025 11:30,424,188,0,179,415,0
04/25/2025 11:45,738,162,0,158,734,0
04/25/2025 12:00,1485,433,0,337,1389,0
04/25/2025 12:15,1663,219,0,205,1649,0
04/25/2025 12:30,1615,155,0,139,1599,0
04/25/2025 12:45,1672,176,0,130,1626,0
04/25/2025 13:00,1269,163,0,41,1147,0
04/25/2025 13:15,808,132,30,0,646,0
04/25/2025 13:30,1018,127,822,0,69,0
04/25/2025 13:45,846,122,717,0,7,0
04/25/2025 14:00,921,154,711,0,56,0
04/25/2025 14:15,846,130,688,0,28,0
04/25/2025 14:30,927,146,775,0,6,0
04/25/2025 14:45,868,127,687,0,54,0
04/25/2025 15:00,1061,122,899,0,40,0
04/25/2025 15:15,1053,144,867,0,42,0
04/25/2025 15:30,928,140,784,0,4,0
04/25/2025 15:45,729,131,551,0,47,0
04/25/2025 16:00,597,141,609,0,0,153
04/25/2025 16:15,677,140,677,0,0,140
04/25/2025 16:30,605,131,603,0,0,129
04/25/2025 16:45,426,124,424,0,0,122
04/25/2025 17:00,363,96,363,0,0,96
04/25/2025 17:15,279,91,276,0,0,88
04/25/2025 17:30,207,456,199,0,0,448
04/25/2025 17:45,157,202,154,0,0,199
04/25/2025 18:00,121,155,120,0,0,154
04/25/2025 18:15,97,114,95,0,0,112
04/25/2025 18:30,72,132,69,0,0,129
04/25/2025 18:45,40,182,32,0,0,174
04/25/2025 19:00,22,139,25,0,0,142
04/25/2025 19:15,9,141,6,0,0,138
04/25/2025 19:30,0,142,0,3,0,139
04/25/2025 19:45,0,129,0,2,0,127
04/25/2025 20:00,0,728,6,0,0,734
04/25/2025 20:15,0,170,0,2,0,168
04/25/2025 20:30,0,307,0,5,0,302
04/25/2025 20:45,0,241,0,4,0,237
04/25/2025 21:00,0,183,0,5,0,178
04/25/2025 21:15,0,170,0,7,0,163
04/25/2025 21:30,0,183,0,4,0,179
04/25/2025 21:45,0,190,0,0,0,190
04/25/2025 22:00,0,392,0,0,0,392
04/25/2025 22:15,0,324,0,3,0,321
04/25/2025 22:30,0,445,0,0,0,445
04/25/2025 22:45,0,201,1,0,0,202
04/25/2025 23:00,0,129,0,5,0,124
04/25/2025 23:15,0,102,0,4,0,98
04/25/2025 23:30,0,100,0,4,0,96
04/25/2025 23:45,0,126,0,1,0,125
04/26/2025 00:00,0,108,0,4,0,104
04/26/2025 00:15,0,126,0,5,0,121
04/26/2025 00:30,0,115,0,7,0,108
04/26/2025 00:45,0,98,0,4,0,94
04/26/2025 01:00,0,106,0,4,0,102
04/26/2025 01:15,0,130,0,4,0,126
04/26/2025 01:30,0,107,0,5,0,102
04/26/2025 01:45,0,134,0,6,0,128
04/26/2025 02:00,0,106,0,4,0,102
04/26/2025 02:15,0,103,0,5,0,98
04/26/2025 02:30,0,105,0,3,0,102
04/26/2025 02:45,0,120,0,6,0,114
04/26/2025 03:00,0,98,0,5,0,93
04/26/2025 03:15,0,130,0,5,0,125
04/26/2025 03:30,0,105,0,3,0,102
04/26/2025 03:45,0,98,0,5,0,93
04/26/2025 04:00,0,102,0,7,0,95
04/26/2025 04:15,0,124,0,4,0,120
04/26/2025 04:30,0,108,0,5,0,103
04/26/2025 04:45,0,124,0,6,0,118
04/26/2025 05:00,0,112,0,4,0,108
04/26/2025 05:15,0,98,0,6,0,92
04/26/2025 05:30,0,96,0,4,0,92
04/26/2025 05:45,0,124,0,4,0,120
04/26/2025 06:00,0,96,0,3,0,93
04/26/2025 06:15,0,152,0,7,1,146
04/26/2025 06:30,0,160,0,5,0,155
04/26/2025 06:45,0,119,0,4,0,115
04/26/2025 07:00,16,119,0,108,7,2
04/26/2025 07:15,20,123,0,123,20,0
04/26/2025 07:30,44,143,0,138,39,0
04/26/2025 07:45,45,334,0,339,50,0
04/26/2025 08:00,62,341,0,339,60,0
04/26/2025 08:15,89,165,0,162,86,0
04/26/2025 08:30,144,139,0,129,134,0
04/26/2025 08:45,223,540,0,537,220,0
04/26/2025 09:00,159,924,0,926,161,0
04/26/2025 09:15,88,414,0,417,91,0
04/26/2025 09:30,136,1375,0,1373,134,0
04/26/2025 09:45,85,1375,0,1376,86,0
04/26/2025 10:00,145,242,0,237,140,0
04/26/2025 10:15,210,266,0,266,210,0
04/26/2025 10:30,248,170,0,164,242,0
04/26/2025 10:45,287,418,0,415,284,0
04/26/2025 11:00,367,257,0,251,361,0
04/26/2025 11:15,221,341,0,341,221,0
04/26/2025 11:30,516,157,0,152,511,0
04/26/2025 11:45,423,166,0,163,420,0
04/26/2025 12:00,443,157,0,154,440,0
04/26/2025 12:15,342,166,0,165,341,0
04/26/2025 12:30,329,137,0,135,327,0
04/26/2025 12:45,222,145,0,145,222,0
04/26/2025 13:00,226,117,0,114,223,0
04/26/2025 13:15,263,361,0,361,263,0
04/26/2025 13:30,251,418,0,419,252,0
04/26/2025 13:45,260,450,0,449,259,0
04/26/2025 14:00,258,221,0,219,256,0
04/26/2025 14:15,282,231,0,227,278,0
04/26/2025 14:30,254,342,0,342,254,0
04/26/2025 14:45,302,211,0,210,301,0
04/26/2025 15:00,343,217,0,215,341,0
04/26/2025 15:15,275,145,0,142,272,0
04/26/2025 15:30,252,123,0,124,253,0
04/26/2025 15:45,215,108,0,104,211,0
04/26/2025 16:00,329,120,342,0,7,140
04/26/2025 16:15,198,146,194,0,0,142
04/26/2025 16:30,126,149,123,0,0,146
04/26/2025 16:45,139,328,132,0,0,321
04/26/2025 17:00,119,305,118,0,0,304
04/26/2025 17:15,119,368,118,0,0,367
04/26/2025 17:30,95,158,93,0,0,156
04/26/2025 17:45,84,134,81,0,0,131
04/26/2025 18:00,39,152,37,0,0,150
04/26/2025 18:15,41,153,38,0,0,150
04/26/2025 18:30,48,136,45,0,0,133
04/26/2025 18:45,15,161,10,0,0,156
04/26/2025 19:00,5,229,2,0,0,226
04/26/2025 19:15,0,222,0,4,0,218
04/26/2025 19:30,0,200,0,2,0,198
04/26/2025 19:45,0,241,0,6,0,235
04/26/2025 20:00,0,246,0,3,0,243
04/26/2025 20:15,0,380,1,0,0,381
04/26/2025 20:30,0,248,8,0,0,256
04/26/2025 20:45,0,155,0,5,0,150
04/26/2025 21:00,0,183,0,5,0,178
04/26/2025 21:15,0,194,0,1,0,193
04/26/2025 21:30,0,174,0,3,0,171
04/26/2025 21:45,0,164,0,6,0,158
04/26/2025 22:00,0,451,2,0,0,453
04/26/2025 22:15,0,324,0,2,0,322
04/26/2025 22:30,0,442,1,0,0,443
04/26/2025 22:45,0,186,0,4,0,182
04/26/2025 23:00,0,138,0,4,0,134
04/26/2025 23:15,0,120,0,5,0,115
04/26/2025 23:30,0,100,0,5,0,95
04/26/2025 23:45,0,102,0,5,0,97
04/27/2025 00:00,0,135,0,4,0,131
04/27/2025 00:15,0,123,0,3,0,120
04/27/2025 00:30,0,108,0,4,0,104
04/27/2025 00:45,0,103,0,6,0,97
04/27/2025 01:00,0,132,0,7,0,125
04/27/2025 01:15,0,114,0,38,2,78
04/27/2025 01:30,0,100,0,104,4,0
04/27/2025 01:45,0,99,0,104,5,0
04/27/2025 02:00,0,122,0,125,3,0
04/27/2025 02:15,0,112,0,114,2,0
04/27/2025 02:30,0,124,0,126,2,0
04/27/2025 02:45,0,100,0,103,3,0
04/27/2025 03:00,0,102,0,107,5,0
04/27/2025 03:15,0,114,0,118,4,0
04/27/2025 03:30,0,126,0,130,4,0
04/27/2025 03:45,0,117,0,120,3,0
04/27/2025 04:00,0,111,0,114,3,0
04/27/2025 04:15,0,98,0,102,4,0
04/27/2025 04:30,0,100,0,104,4,0
04/27/2025 04:45,0,128,0,132,4,0
04/27/2025 05:00,0,111,0,115,4,0
04/27/2025 05:15,0,96,0,100,4,0
04/27/2025 05:30,0,99,0,103,4,0
04/27/2025 05:45,7,125,0,120,2,0
04/27/2025 06:00,79,119,0,68,28,0
04/27/2025 06:15,173,126,0,4,51,0
04/27/2025 06:30,302,128,0,12,188,2
04/27/2025 06:45,443,109,23,0,339,28
04/27/2025 07:00,536,109,0,118,545,0
04/27/2025 07:15,664,134,0,135,665,0
04/27/2025 07:30,458,111,0,114,461,0
04/27/2025 07:45,317,306,0,310,321,0
04/27/2025 08:00,438,144,0,146,440,0
04/27/2025 08:15,338,225,0,234,347,0
04/27/2025 08:30,447,284,0,289,452,0
04/27/2025 08:45,460,206,0,217,471,0
04/27/2025 09:00,756,149,0,134,741,0
04/27/2025 09:15,562,122,0,133,573,0
04/27/2025 09:30,563,123,0,128,568,0
04/27/2025 09:45,840,126,0,120,834,0
04/27/2025 10:00,1144,97,0,23,1070,0
04/27/2025 10:15,1369,116,39,0,1214,0
04/27/2025 10:30,1123,132,0,112,1103,0
04/27/2025 10:45,734,102,0,110,742,0
04/27/2025 11:00,670,91,0,104,683,0
04/27/2025 11:15,1111,100,0,5,1016,0
04/27/2025 11:30,1763,108,261,0,1394,0
04/27/2025 11:45,1497,97,784,0,616,0
04/27/2025 12:00,936,125,451,0,360,0
04/27/2025 12:15,1015,124,711,0,180,0
04/27/2025 12:30,1012,95,857,0,60,0
04/27/2025 12:45,1092,113,959,0,20,0
04/27/2025 13:00,1642,124,1498,0,20,0
04/27/2025 13:15,1320,120,1175,0,25,0
04/27/2025 13:30,1383,139,1198,0,46,0
04/27/2025 13:45,928,165,743,0,20,0
04/27/2025 14:00,795,147,641,0,7,0
04/27/2025 14:15,1003,264,680,0,59,0
04/27/2025 14:30,843,166,675,0,2,0
04/27/2025 14:45,774,152,572,0,50,0
04/27/2025 15:00,982,156,820,0,6,0
04/27/2025 15:15,959,146,812,0,1,0
04/27/2025 15:30,753,169,505,0,79,0
04/27/2025 15:45,689,353,332,0,4,0
04/27/2025 16:00,738,216,747,0,0,225
04/27/2025 16:15,625,133,622,0,0,130
04/27/2025 16:30,616,106,614,0,0,104
04/27/2025 16:45,476,121,472,0,0,117
04/27/2025 17:00,334,128,335,0,0,129
04/27/2025 17:15,391,127,388,0,0,124
04/27/2025 17:30,342,137,339,0,0,134
04/27/2025 17:45,331,317,325,0,0,311
04/27/2025 18:00,287,322,285,0,0,320
04/27/2025 18:15,207,130,203,0,0,126
04/27/2025 18:30,82,163,79,0,1,161
04/27/2025 18:45,63,125,61,0,0,123
04/27/2025 19:00,56,142,50,0,0,136
04/27/2025 19:15,19,753,12,0,0,746
04/27/2025 19:30,1,1001,0,1,0,999
04/27/2025 19:45,0,692,0,0,0,692
04/27/2025 20:00,0,505,0,3,0,502
04/27/2025 20:15,0,1461,4,0,0,1465
04/27/2025 20:30,0,1984,5,0,0,1989
04/27/2025 20:45,0,1293,25,0,0,1318
04/27/2025 21:00,0,935,0,11,0,924
04/27/2025 21:15,0,1764,0,102,1,1663
04/27/2025 21:30,0,538,0,552,14,0
04/27/2025 21:45,0,533,0,541,8,0
04/27/2025 22:00,0,152,0,152,0,0
04/27/2025 22:15,0,134,0,136,2,0
04/27/2025 22:30,0,134,0,134,0,0
04/27/2025 22:45,0,196,0,198,2,0
04/27/2025 23:00,0,391,0,391,0,0
04/27/2025 23:15,0,153,0,155,2,0
04/27/2025 23:30,0,131,0,131,0,0
04/27/2025 23:45,0,104,0,104,0,0
04/28/2025 00:00,0,102,0,102,0,0
04/28/2025 00:15,0,459,0,459,0,0
04/28/2025 00:30,0,166,0,166,0,0
04/28/2025 00:45,0,101,0,103,2,0
04/28/2025 01:00,0,106,0,106,0,0
04/28/2025 01:15,0,128,0,130,2,0
04/28/2025 01:30,0,173,0,177,4,0
04/28/2025 01:45,0,542,0,546,4,0
04/28/2025 02:00,0,293,0,297,4,0
04/28/2025 02:15,0,128,0,130,2,0
04/28/2025 02:30,0,99,0,103,4,0
04/28/2025 02:45,0,93,0,99,6,0
04/28/2025 03:00,0,357,0,359,2,0
04/28/2025 03:15,0,395,0,397,2,0
04/28/2025 03:30,0,100,0,102,2,0
04/28/2025 03:45,0,95,0,99,4,0
04/28/2025 04:00,0,132,0,136,4,0
04/28/2025 04:15,0,576,0,582,6,0
04/28/2025 04:30,0,341,0,345,4,0
04/28/2025 04:45,0,106,0,110,4,0
04/28/2025 05:00,0,96,0,100,4,0
04/28/2025 05:15,0,232,0,234,2,0
04/28/2025 05:30,0,422,0,426,4,0
04/28/2025 05:45,10,102,0,98,6,0
04/28/2025 06:00,88,132,0,124,80,0
04/28/2025 06:15,178,198,0,202,182,0
04/28/2025 06:30,294,577,0,328,45,0
04/28/2025 06:45,423,351,0,8,80,0
04/28/2025 07:00,508,359,0,357,506,0
04/28/2025 07:15,611,353,0,361,619,0
04/28/2025 07:30,767,386,0,394,775,0
04/28/2025 07:45,887,355,0,362,894,0
04/28/2025 08:00,965,324,0,334,975,0
04/28/2025 08:15,1027,100,0,107,1034,0
04/28/2025 08:30,1082,131,0,143,1094,0
04/28/2025 08:45,1138,187,0,190,1141,0
04/28/2025 09:00,1208,128,0,131,1211,0
04/28/2025 09:15,1280,142,0,139,1277,0
04/28/2025 09:30,1361,173,0,164,1352,0
04/28/2025 09:45,1431,178,0,179,1432,0
04/28/2025 10:00,1475,142,0,136,1469,0
04/28/2025 10:15,1540,147,239,0,1154,0
04/28/2025 10:30,1591,192,1347,0,52,0
04/28/2025 10:45,1637,199,1345,0,93,0
04/28/2025 11:00,1690,161,1498,0,31,0
04/28/2025 11:15,1711,126,1530,0,55,0
04/28/2025 11:30,1738,117,1578,0,43,0
04/28/2025 11:45,1771,922,763,0,86,0
04/28/2025 12:00,1782,1335,437,0,10,0
04/28/2025 12:15,1753,1301,423,0,29,0
04/28/2025 12:30,1746,1527,163,0,56,0
04/28/2025 12:45,1756,1406,322,0,28,0
04/28/2025 13:00,1763,1605,104,0,54,0
04/28/2025 13:15,1770,1587,177,0,6,0
04/28/2025 13:30,1773,1453,294,0,26,0
04/28/2025 13:45,1703,225,1414,0,64,0
04/28/2025 14:00,1674,131,1507,0,36,0
04/28/2025 14:15,1602,114,1461,0,27,0
04/28/2025 14:30,1541,138,1397,0,6,0
04/28/2025 14:45,1418,141,1258,0,19,0
04/28/2025 15:00,1335,118,1127,0,90,0
04/28/2025 15:15,1222,136,1052,0,34,0
04/28/2025 15:30,1125,127,992,0,6,0
04/28/2025 15:45,1008,156,850,0,2,0
04/28/2025 16:00,934,120,964,0,0,150
04/28/2025 16:15,848,126,847,0,0,125
04/28/2025 16:30,759,141,756,0,0,138
04/28/2025 16:45,674,111,673,0,0,110
04/28/2025 17:00,563,92,561,0,0,90
04/28/2025 17:15,450,95,448,0,0,93
04/28/2025 17:30,322,134,315,0,0,127
04/28/2025 17:45,251,146,249,0,0,144
04/28/2025 18:00,202,118,198,0,0,114
04/28/2025 18:15,139,125,135,0,0,121
04/28/2025 18:30,88,155,83,0,0,150
04/28/2025 18:45,67,127,65,0,0,125
04/28/2025 19:00,38,115,35,0,0,112
04/28/2025 19:15,13,290,7,0,0,284
04/28/2025 19:30,0,191,3,0,0,194
04/28/2025 19:45,0,172,0,4,0,168
04/28/2025 20:00,0,155,0,6,0,149
04/28/2025 20:15,0,143,0,8,0,135
04/28/2025 20:30,0,173,0,4,0,169
04/28/2025 20:45,0,274,5,0,0,279
04/28/2025 21:00,0,380,1,0,0,381
04/28/2025 21:15,0,568,0,1,0,567
04/28/2025 21:30,0,461,2,0,0,463
04/28/2025 21:45,0,195,0,4,0,191
04/28/2025 22:00,0,186,0,5,0,181
04/28/2025 22:15,0,169,0,3,0,166
04/28/2025 22:30,0,146,0,5,0,141
04/28/2025 22:45,0,128,0,4,0,124
04/28/2025 23:00,0,98,0,5,0,93
04/28/2025 23:15,0,131,0,5,0,126
04/28/2025 23:30,0,132,0,4,0,128
04/28/2025 23:45,0,103,0,4,0,99
04/29/2025 00:00,0,117,0,7,0,110
04/29/2025 00:15,0,130,0,3,0,127
04/29/2025 00:30,0,115,0,5,0,110
04/29/2025 00:45,0,117,0,3,0,114
04/29/2025 01:00,0,99,0,4,0,95
04/29/2025 01:15,0,111,0,6,0,105
04/29/2025 01:30,0,129,0,4,0,125
04/29/2025 01:45,0,106,0,4,0,102
04/29/2025 02:00,0,101,0,5,0,96
04/29/2025 02:15,0,118,0,4,0,114
04/29/2025 02:30,0,103,0,6,0,97
04/29/2025 02:45,0,121,0,4,0,117
04/29/2025 03:00,0,118,0,4,0,114
04/29/2025 03:15,0,99,0,5,0,94
04/29/2025 03:30,0,109,0,6,0,103
04/29/2025 03:45,0,112,0,5,0,107
04/29/2025 04:00,0,119,0,5,0,114
04/29/2025 04:15,0,122,0,5,0,117
04/29/2025 04:30,0,103,0,6,0,97
04/29/2025 04:45,0,107,0,4,0,103
04/29/2025 05:00,0,112,0,6,0,106
04/29/2025 05:15,0,115,0,5,0,110
04/29/2025 05:30,0,120,0,4,0,116
04/29/2025 05:45,20,99,0,5,0,74
04/29/2025 06:00,126,118,9,0,36,37
04/29/2025 06:15,196,117,0,7,86,0
04/29/2025 06:30,317,142,0,7,191,9
04/29/2025 06:45,425,119,0,9,315,0
04/29/2025 07:00,496,107,0,106,495,0
04/29/2025 07:15,585,114,0,118,589,0
04/29/2025 07:30,747,121,0,126,752,0
04/29/2025 07:45,840,125,0,137,852,0
04/29/2025 08:00,879,114,0,124,889,0
04/29/2025 08:15,988,205,0,217,1000,0
04/29/2025 08:30,1057,164,0,172,1065,0
04/29/2025 08:45,1011,140,0,138,1009,0
04/29/2025 09:00,1136,176,0,169,1129,0
04/29/2025 09:15,1251,192,0,184,1243,0
04/29/2025 09:30,1322,150,133,0,1039,0
04/29/2025 09:45,1388,145,917,0,326,0
04/29/2025 10:00,1451,143,1207,0,101,0
04/29/2025 10:15,1510,153,1351,0,6,0
04/29/2025 10:30,1548,151,1360,0,37,0
04/29/2025 10:45,1593,124,1422,0,47,0
04/29/2025 11:00,1648,137,1479,0,32,0
04/29/2025 11:15,1681,156,1473,0,52,0
04/29/2025 11:30,1697,129,1538,0,30,0
04/29/2025 11:45,1722,104,1616,0,2,0
04/29/2025 12:00,1726,97,1583,0,46,0
04/29/2025 12:15,1694,115,1521,0,58,0
04/29/2025 12:30,1707,106,1595,0,6,0
04/29/2025 12:45,1721,131,1546,0,44,0
04/29/2025 13:00,1719,97,1615,0,7,0
04/29/2025 13:15,1715,98,1586,0,31,0
04/29/2025 13:30,1715,125,1539,0,51,0
04/29/2025 13:45,1650,120,1503,0,27,0
04/29/2025 14:00,1607,94,1508,0,5,0
04/29/2025 14:15,1551,152,1343,0,56,0
04/29/2025 14:30,1482,1313,141,0,28,0
04/29/2025 14:45,1361,1310,30,0,21,0
04/29/2025 15:00,1290,1374,0,95,11,0
04/29/2025 15:15,1173,2603,0,1460,30,0
04/29/2025 15:30,1029,2262,0,1269,36,0
04/29/2025 15:45,991,1322,0,371,40,0
04/29/2025 16:00,858,150,869,0,0,161
04/29/2025 16:15,813,167,809,0,0,163
04/29/2025 16:30,688,134,685,0,0,131
04/29/2025 16:45,459,156,457,0,0,154
04/29/2025 17:00,320,109,317,0,0,106
04/29/2025 17:15,346,107,344,0,0,105
04/29/2025 17:30,431,134,427,0,0,130
04/29/2025 17:45,391,285,390,0,0,284
04/29/2025 18:00,207,112,205,0,0,110
04/29/2025 18:15,149,123,144,0,0,118
04/29/2025 18:30,117,134,115,0,0,132
04/29/2025 18:45,83,108,82,0,0,107
04/29/2025 19:00,52,186,41,0,0,175
04/29/2025 19:15,21,196,21,0,0,196
04/29/2025 19:30,2,252,2,0,0,252
04/29/2025 19:45,0,153,0,4,0,149
04/29/2025 20:00,0,303,2,0,0,305
04/29/2025 20:15,0,416,11,0,0,427
04/29/2025 20:30,0,237,4,0,0,241
04/29/2025 20:45,0,299,4,0,0,303
04/29/2025 21:00,0,410,2,0,0,412
04/29/2025 21:15,0,432,0,6,0,426
04/29/2025 21:30,0,404,3,0,0,407
04/29/2025 21:45,0,198,0,2,0,196
04/29/2025 22:00,0,158,0,5,0,153
04/29/2025 22:15,0,157,0,6,0,151
04/29/2025 22:30,0,130,0,4,0,126
04/29/2025 22:45,0,112,0,5,0,107
04/29/2025 23:00,0,119,0,5,0,114
04/29/2025 23:15,0,135,0,5,0,130
04/29/2025 23:30,0,116,0,3,0,113
04/29/2025 23:45,0,160,0,6,0,154
04/30/2025 00:00,0,299,0,0,0,299
04/30/2025 00:15,0,129,0,3,0,126
04/30/2025 00:30,0,99,0,5,0,94
04/30/2025 00:45,0,213,0,6,0,207
04/30/2025 01:00,0,211,0,1,0,210
04/30/2025 01:15,0,127,0,4,0,123
04/30/2025 01:30,0,98,0,6,0,92
04/30/2025 01:45,0,99,0,5,0,94
04/30/2025 02:00,0,128,0,4,0,124
04/30/2025 02:15,0,114,0,4,0,110
04/30/2025 02:30,0,100,0,6,0,94
04/30/2025 02:45,0,121,0,4,0,117
04/30/2025 03:00,0,110,0,5,0,105
04/30/2025 03:15,0,119,0,5,0,114
04/30/2025 03:30,0,148,0,8,0,140
04/30/2025 03:45,0,254,2,0,0,256
04/30/2025 04:00,0,129,0,7,0,122
04/30/2025 04:15,0,100,0,4,0,96
04/30/2025 04:30,0,98,0,6,0,92
04/30/2025 04:45,0,129,0,5,0,124
04/30/2025 05:00,0,110,0,4,0,106
04/30/2025 05:15,0,118,0,4,0,114
04/30/2025 05:30,0,96,0,3,1,94
04/30/2025 05:45,7,108,0,1,0,100
04/30/2025 06:00,53,138,0,7,0,78
04/30/2025 06:15,181,114,0,6,86,13
04/30/2025 06:30,266,114,0,5,163,6
04/30/2025 06:45,305,132,0,9,182,0
04/30/2025 07:00,215,110,0,102,207,0
04/30/2025 07:15,502,103,0,96,495,0
04/30/2025 07:30,461,143,0,143,461,0
04/30/2025 07:45,384,128,0,127,383,0
04/30/2025 08:00,545,103,0,97,539,0
04/30/2025 08:15,438,305,0,304,437,0
04/30/2025 08:30,529,395,0,385,519,0
04/30/2025 08:45,604,134,0,129,599,0
04/30/2025 09:00,990,99,53,0,838,0
04/30/2025 09:15,967,111,150,0,706,0
04/30/2025 09:30,1416,99,0,60,1377,0
04/30/2025 09:45,1449,118,0,113,1444,0
04/30/2025 10:00,1499,112,0,105,1492,0
04/30/2025 10:15,1565,109,0,104,1560,0
04/30/2025 10:30,1607,123,496,0,988,0
04/30/2025 10:45,1659,164,1282,0,213,0
04/30/2025 11:00,1719,145,1565,0,9,0
04/30/2025 11:15,1748,107,1571,0,70,0
04/30/2025 11:30,1771,126,1607,0,38,0
04/30/2025 11:45,1801,105,1690,0,6,0
04/30/2025 12:00,1811,98,1654,0,59,0
04/30/2025 12:15,1784,136,1616,0,32,0
04/30/2025 12:30,1787,117,1666,0,4,0
04/30/2025 12:45,1799,108,1667,0,24,0
04/30/2025 13:00,1809,104,1625,0,80,0
04/30/2025 13:15,1804,131,1664,0,9,0
04/30/2025 13:30,1793,169,1597,0,27,0
04/30/2025 13:45,1734,155,1575,0,4,0
04/30/2025 14:00,1700,130,1516,0,54,0
04/30/2025 14:15,1637,455,1122,0,60,0
04/30/2025 14:30,1575,1302,267,0,6,0
04/30/2025 14:45,1458,1321,135,0,2,0
04/30/2025 15:00,1371,1332,15,0,24,0
04/30/2025 15:15,1248,1304,0,106,50,0
04/30/2025 15:30,1140,1299,0,193,34,0
04/30/2025 15:45,1019,870,148,0,1,0
04/30/2025 16:00,956,140,978,0,1,163
04/30/2025 16:15,867,153,863,0,0,149
04/30/2025 16:30,771,115,768,0,0,112
04/30/2025 16:45,690,117,689,0,0,116
04/30/2025 17:00,584,110,581,0,0,107
04/30/2025 17:15,486,95,484,0,0,93
04/30/2025 17:30,337,118,333,0,0,114
04/30/2025 17:45,269,134,266,0,0,131
04/30/2025 18:00,202,109,199,0,0,106
04/30/2025 18:15,127,94,124,0,0,91
04/30/2025 18:30,90,113,87,0,0,110
04/30/2025 18:45,83,116,79,0,0,112
04/30/2025 19:00,60,126,57,0,0,123
04/30/2025 19:15,41,110,37,0,0,106
04/30/2025 19:30,15,110,12,0,0,107
04/30/2025 19:45,0,146,0,4,0,142
04/30/2025 20:00,0,150,0,6,0,144
04/30/2025 20:15,0,142,0,5,0,137
04/30/2025 20:30,0,193,0,6,0,187
04/30/2025 20:45,0,165,10,0,0,175
04/30/2025 21:00,0,200,0,3,0,197
04/30/2025 21:15,0,439,3,0,0,442
04/30/2025 21:30,0,415,0,0,0,415
04/30/2025 21:45,0,470,4,0,0,474
04/30/2025 22:00,0,187,0,5,0,182
04/30/2025 22:15,0,164,0,6,0,158
04/30/2025 22:30,0,181,0,4,0,177
04/30/2025 22:45,0,157,0,4,0,153
04/30/2025 23:00,0,107,0,5,0,102
04/30/2025 23:15,0,134,0,4,0,130
04/30/2025 23:30,0,134,0,4,0,130
04/30/2025 23:45,0,103,0,5,0,98
