Date/Time,Energy Produced (Wh),Energy Consumed (Wh),Exported to Grid (Wh),Imported from Grid (Wh),Stored in batteries (Wh),Discharged from batteries (Wh)
12/01/2025 00:00,0,111,0,115,4,0
12/01/2025 00:15,0,111,0,115,4,0
12/01/2025 00:30,0,114,0,118,4,0
12/01/2025 00:45,0,452,0,537,85,0
12/01/2025 01:00,0,346,0,355,9,0
12/01/2025 01:15,0,156,0,159,3,0
12/01/2025 01:30,0,144,0,148,4,0
12/01/2025 01:45,0,269,0,272,3,0
12/01/2025 02:00,0,604,0,608,4,0
12/01/2025 02:15,0,617,0,696,79,0
12/01/2025 02:30,0,427,0,433,6,0
12/01/2025 02:45,0,129,0,131,2,0
12/01/2025 03:00,0,487,0,489,2,0
12/01/2025 03:15,0,193,0,269,76,0
12/01/2025 03:30,0,470,0,480,10,0
12/01/2025 03:45,0,546,0,552,6,0
12/01/2025 04:00,0,565,0,566,1,0
12/01/2025 04:15,0,125,0,203,78,0
12/01/2025 04:30,0,139,0,149,10,0
12/01/2025 04:45,0,409,0,413,4,0
12/01/2025 05:00,0,647,0,717,70,0
12/01/2025 05:15,0,525,0,535,10,0
12/01/2025 05:30,0,333,0,338,5,0
12/01/2025 05:45,0,451,0,524,73,0
12/01/2025 06:00,0,273,0,280,7,0
12/01/2025 06:15,0,575,0,577,2,0
12/01/2025 06:30,0,550,0,614,64,0
12/01/2025 06:45,0,546,0,552,6,0
12/01/2025 07:00,2,346,0,406,62,0
12/01/2025 07:15,36,184,0,181,33,0
12/01/2025 07:30,60,194,0,200,66,0
12/01/2025 07:45,70,643,0,651,78,0
12/01/2025 08:00,83,531,0,535,87,0
12/01/2025 08:15,128,990,0,988,126,0
12/01/2025 08:30,162,1034,0,1039,167,0
12/01/2025 08:45,251,961,0,960,250,0
12/01/2025 09:00,330,1024,0,1024,330,0
12/01/2025 09:15,422,1025,0,1030,427,0
12/01/2025 09:30,502,932,0,946,516,0
12/01/2025 09:45,635,1227,0,1228,636,0
12/01/2025 10:00,532,2241,0,2250,541,0
12/01/2025 10:15,580,2281,0,2280,579,0
12/01/2025 10:30,802,1254,0,1261,809,0
12/01/2025 10:45,836,1222,0,1230,844,0
12/01/2025 11:00,858,1124,0,1155,889,0
12/01/2025 11:15,540,1123,0,1137,554,0
12/01/2025 11:30,880,1121,0,1131,890,0
12/01/2025 11:45,872,1129,0,1159,902,0
12/01/2025 12:00,868,1126,0,1143,885,0
12/01/2025 12:15,834,1180,0,1194,848,0
12/01/2025 12:30,793,1073,0,1082,802,0
12/01/2025 12:45,725,818,0,829,736,0
12/01/2025 13:00,615,816,0,825,624,0
12/01/2025 13:15,464,821,0,827,470,0
12/01/2025 13:30,316,1110,0,1123,329,0
12/01/2025 13:45,188,1252,0,1257,193,0
12/01/2025 14:00,153,1068,0,1403,488,0
12/01/2025 14:15,129,815,0,1485,799,0
12/01/2025 14:30,106,820,0,923,209,0
12/01/2025 14:45,87,557,0,523,53,0
12/01/2025 15:00,79,440,0,510,149,0
12/01/2025 15:15,62,636,0,659,85,0
12/01/2025 15:30,47,906,0,905,46,0
12/01/2025 15:45,31,431,0,467,67,0
12/01/2025 16:00,4,146,0,0,3,145
12/01/2025 16:15,0,541,0,10,0,531
12/01/2025 16:30,0,740,26,0,0,766
12/01/2025 16:45,0,662,8,0,0,670
12/01/2025 17:00,0,624,0,0,0,624
12/01/2025 17:15,0,678,21,0,0,699
12/01/2025 17:30,0,1064,0,2,0,1062
12/01/2025 17:45,0,894,7,0,0,901
12/01/2025 18:00,0,647,16,0,0,663
12/01/2025 18:15,0,613,5,0,0,618
12/01/2025 18:30,0,610,6,0,0,616
12/01/2025 18:45,0,588,2,0,0,590
12/01/2025 19:00,0,813,4,0,0,817
12/01/2025 19:15,0,734,12,0,0,746
12/01/2025 19:30,0,779,13,0,0,792
12/01/2025 19:45,0,641,7,0,0,648
12/01/2025 20:00,0,685,10,17,17,695
12/01/2025 20:15,0,656,32,3,3,688
12/01/2025 20:30,0,616,0,628,12,0
12/01/2025 20:45,0,653,0,658,5,0
12/01/2025 21:00,0,363,0,364,1,0
12/01/2025 21:15,0,568,0,568,0,0
12/01/2025 21:30,0,579,0,585,6,0
12/01/2025 21:45,0,477,0,479,2,0
12/01/2025 22:00,0,585,0,589,4,0
12/01/2025 22:15,0,1043,0,1043,0,0
12/01/2025 22:30,0,416,0,417,1,0
12/01/2025 22:45,0,589,0,589,0,0
12/01/2025 23:00,0,425,0,425,0,0
12/01/2025 23:15,0,244,0,244,0,0
12/01/2025 23:30,0,642,0,708,66,0
12/01/2025 23:45,0,205,0,209,4,0
12/02/2025 00:00,0,267,0,334,67,0
12/02/2025 00:15,0,739,0,745,6,0
12/02/2025 00:30,0,641,0,643,2,0
12/02/2025 00:45,0,619,0,673,54,0
12/02/2025 01:00,0,551,0,556,5,0
12/02/2025 01:15,0,456,0,509,53,0
12/02/2025 01:30,0,560,0,564,4,0
12/02/2025 01:45,0,630,0,632,2,0
12/02/2025 02:00,0,663,0,705,42,0
12/02/2025 02:15,0,618,0,660,42,0
12/02/2025 02:30,0,519,0,539,20,0
12/02/2025 02:45,0,568,0,590,22,0
12/02/2025 03:00,0,566,0,619,53,0
12/02/2025 03:15,0,532,0,539,7,0
12/02/2025 03:30,0,550,0,580,30,0
12/02/2025 03:45,0,165,0,219,54,0
12/02/2025 04:00,0,418,0,421,3,0
12/02/2025 04:15,0,807,0,851,44,0
12/02/2025 04:30,0,734,0,788,54,0
12/02/2025 04:45,0,736,0,742,6,0
12/02/2025 05:00,0,607,0,612,5,0
12/02/2025 05:15,0,698,0,739,41,0
12/02/2025 05:30,0,578,0,638,60,0
12/02/2025 05:45,0,706,0,710,4,0
12/02/2025 06:00,0,739,0,771,32,0
12/02/2025 06:15,0,611,0,628,17,0
12/02/2025 06:30,0,666,0,680,14,0
12/02/2025 06:45,0,541,0,621,80,0
12/02/2025 07:00,0,546,0,553,7,0
12/02/2025 07:15,0,595,0,623,28,0
12/02/2025 07:30,6,630,0,628,4,0
12/02/2025 07:45,27,188,0,190,29,0
12/02/2025 08:00,56,249,0,254,61,0
12/02/2025 08:15,77,939,0,945,83,0
12/02/2025 08:30,100,909,0,912,103,0
12/02/2025 08:45,99,1039,0,1042,102,0
12/02/2025 09:00,108,1125,0,1131,114,0
12/02/2025 09:15,125,912,0,917,130,0
12/02/2025 09:30,80,1085,0,1092,87,0
12/02/2025 09:45,71,891,0,897,77,0
12/02/2025 10:00,78,924,0,932,86,0
12/02/2025 10:15,81,911,0,917,87,0
12/02/2025 10:30,94,1409,0,1417,102,0
12/02/2025 10:45,76,2191,0,2198,83,0
12/02/2025 11:00,77,2161,0,2166,82,0
12/02/2025 11:15,73,1564,0,1573,82,0
12/02/2025 11:30,78,716,0,722,84,0
12/02/2025 11:45,75,875,0,881,81,0
12/02/2025 12:00,76,848,0,857,85,0
12/02/2025 12:15,69,829,0,838,78,0
12/02/2025 12:30,62,751,0,759,70,0
12/02/2025 12:45,65,1350,0,1357,72,0
12/02/2025 13:00,62,2090,0,2099,71,0
12/02/2025 13:15,66,1067,0,1073,72,0
12/02/2025 13:30,59,711,0,721,69,0
12/02/2025 13:45,43,554,0,562,51,0
12/02/2025 14:00,31,284,0,353,100,0
12/02/2025 14:15,32,356,0,519,195,0
12/02/2025 14:30,33,881,0,1044,196,0
12/02/2025 14:45,15,859,0,1040,196,0
12/02/2025 15:00,7,791,0,978,194,0
12/02/2025 15:15,1,737,0,926,190,0
12/02/2025 15:30,0,777,0,968,191,0
12/02/2025 15:45,0,329,0,518,189,0
12/02/2025 16:00,0,216,22,0,0,238
12/02/2025 16:15,0,704,7,0,0,711
12/02/2025 16:30,0,939,12,0,0,951
12/02/2025 16:45,0,850,0,444,6,412
12/02/2025 17:00,0,747,0,804,57,0
12/02/2025 17:15,0,662,0,667,5,0
12/02/2025 17:30,0,1036,0,1083,47,0
12/02/2025 17:45,0,768,0,773,5,0
12/02/2025 18:00,0,793,0,844,51,0
12/02/2025 18:15,0,708,0,753,45,0
12/02/2025 18:30,0,639,0,691,52,0
12/02/2025 18:45,0,834,0,657,42,219
12/02/2025 19:00,0,851,4,0,0,855
12/02/2025 19:15,0,762,0,173,3,592
12/02/2025 19:30,0,727,0,732,5,0
12/02/2025 19:45,0,875,0,877,2,0
12/02/2025 20:00,0,728,0,1428,700,0
12/02/2025 20:15,0,665,0,1833,1168,0
12/02/2025 20:30,0,649,0,1636,987,0
12/02/2025 20:45,0,851,0,926,75,0
12/02/2025 21:00,0,974,0,981,7,0
12/02/2025 21:15,0,781,0,782,1,0
12/02/2025 21:30,0,760,0,826,66,0
12/02/2025 21:45,0,800,0,802,2,0
12/02/2025 22:00,0,872,0,935,63,0
12/02/2025 22:15,0,608,0,611,3,0
12/02/2025 22:30,0,504,0,571,67,0
12/02/2025 22:45,0,635,0,638,4,1
12/02/2025 23:00,0,587,0,650,63,0
12/02/2025 23:15,0,290,0,296,6,0
12/02/2025 23:30,0,666,0,714,48,0
12/02/2025 23:45,0,376,0,384,8,0
12/03/2025 00:00,0,210,0,212,2,0
12/03/2025 00:15,0,507,0,565,58,0
12/03/2025 00:30,0,626,0,676,50,0
12/03/2025 00:45,0,623,0,631,8,0
12/03/2025 01:00,0,593,0,637,44,0
12/03/2025 01:15,0,644,0,648,4,0
12/03/2025 01:30,0,449,0,453,4,0
12/03/2025 01:45,0,393,0,439,46,0
12/03/2025 02:00,0,428,0,435,7,0
12/03/2025 02:15,0,463,0,466,3,0
12/03/2025 02:30,0,697,0,735,38,0
12/03/2025 02:45,0,575,0,580,5,0
12/03/2025 03:00,0,203,0,240,37,0
12/03/2025 03:15,0,632,0,637,5,0
12/03/2025 03:30,0,644,0,673,29,0
12/03/2025 03:45,0,613,0,662,49,0
12/03/2025 04:00,0,699,0,705,6,0
12/03/2025 04:15,0,587,0,589,2,0
12/03/2025 04:30,0,589,0,627,38,0
12/03/2025 04:45,0,597,0,677,80,0
12/03/2025 05:00,0,557,0,565,9,1
12/03/2025 05:15,0,774,0,804,30,0
12/03/2025 05:30,0,591,0,597,6,0
12/03/2025 05:45,0,609,0,639,30,0
12/03/2025 06:00,0,616,0,660,44,0
12/03/2025 06:15,0,555,0,559,4,0
12/03/2025 06:30,0,603,0,633,30,0
12/03/2025 06:45,0,743,0,782,39,0
12/03/2025 07:00,0,654,0,660,6,0
12/03/2025 07:15,8,621,0,614,1,0
12/03/2025 07:30,16,290,0,343,69,0
12/03/2025 07:45,19,257,0,256,18,0
12/03/2025 08:00,29,223,0,228,34,0
12/03/2025 08:15,50,175,0,183,58,0
12/03/2025 08:30,66,393,0,400,73,0
12/03/2025 08:45,109,632,0,633,110,0
12/03/2025 09:00,144,683,0,689,150,0
12/03/2025 09:15,176,595,0,598,179,0
12/03/2025 09:30,241,565,0,564,240,0
12/03/2025 09:45,309,564,0,570,315,0
12/03/2025 10:00,430,589,0,591,432,0
12/03/2025 10:15,590,562,0,572,600,0
12/03/2025 10:30,695,576,0,608,727,0
12/03/2025 10:45,757,320,0,325,762,0
12/03/2025 11:00,703,178,0,192,717,0
12/03/2025 11:15,729,356,0,370,743,0
12/03/2025 11:30,679,779,0,795,695,0
12/03/2025 11:45,666,629,0,666,703,0
12/03/2025 12:00,722,618,0,630,734,0
12/03/2025 12:15,728,588,0,612,752,0
12/03/2025 12:30,734,559,0,569,744,0
12/03/2025 12:45,501,561,0,570,510,0
12/03/2025 13:00,726,570,0,581,737,0
12/03/2025 13:15,442,740,0,751,453,0
12/03/2025 13:30,402,543,0,548,407,0
12/03/2025 13:45,337,239,0,247,345,0
12/03/2025 14:00,305,170,0,178,313,0
12/03/2025 14:15,271,212,0,217,276,0
12/03/2025 14:30,189,678,0,688,199,0
12/03/2025 14:45,160,577,0,583,166,0
12/03/2025 15:00,132,560,0,661,233,0
12/03/2025 15:15,100,479,0,738,359,0
12/03/2025 15:30,59,748,0,1033,344,0
12/03/2025 15:45,26,718,0,1007,315,0
12/03/2025 16:00,3,163,21,0,3,184
12/03/2025 16:15,0,393,0,17,0,376
12/03/2025 16:30,0,780,14,0,0,794
12/03/2025 16:45,0,909,4,0,0,913
12/03/2025 17:00,0,464,9,0,0,473
12/03/2025 17:15,0,187,0,0,0,187
12/03/2025 17:30,0,789,0,14,0,775
12/03/2025 17:45,0,1120,3,0,0,1123
12/03/2025 18:00,0,849,21,0,0,870
12/03/2025 18:15,0,828,31,0,0,859
12/03/2025 18:30,0,775,10,0,0,785
12/03/2025 18:45,0,749,17,0,0,766
12/03/2025 19:00,0,650,30,0,0,680
12/03/2025 19:15,0,645,22,0,0,667
12/03/2025 19:30,0,753,7,0,0,760
12/03/2025 19:45,0,957,0,666,6,297
12/03/2025 20:00,0,695,0,697,2,0
12/03/2025 20:15,0,626,0,626,0,0
12/03/2025 20:30,0,698,0,700,2,0
12/03/2025 20:45,0,971,0,971,0,0
12/03/2025 21:00,0,917,0,917,0,0
12/03/2025 21:15,0,949,0,949,0,0
12/03/2025 21:30,0,804,0,806,2,0
12/03/2025 21:45,0,759,0,761,2,0
12/03/2025 22:00,0,257,0,257,0,0
12/03/2025 22:15,0,529,0,529,0,0
12/03/2025 22:30,0,574,0,576,2,0
12/03/2025 22:45,0,579,0,636,57,0
12/03/2025 23:00,0,503,0,510,7,0
12/03/2025 23:15,0,445,0,499,54,0
12/03/2025 23:30,0,177,0,185,8,0
12/03/2025 23:45,0,416,0,418,2,0
12/04/2025 00:00,0,971,0,1029,58,0
12/04/2025 00:15,0,1049,0,1054,5,0
12/04/2025 00:30,0,962,0,1016,54,0
12/04/2025 00:45,0,676,0,682,6,0
12/04/2025 01:00,0,648,0,706,58,0
12/04/2025 01:15,0,1134,0,1140,6,0
12/04/2025 01:30,0,707,0,709,2,0
12/04/2025 01:45,0,936,0,992,56,0
12/04/2025 02:00,0,1108,0,1113,5,0
12/04/2025 02:15,0,1019,0,1073,54,0
12/04/2025 02:30,0,1121,0,1125,4,0
12/04/2025 02:45,0,1012,0,1052,40,0
12/04/2025 03:00,0,1015,0,1019,4,0
12/04/2025 03:15,0,1010,0,1061,52,1
12/04/2025 03:30,0,1010,0,1146,136,0
12/04/2025 03:45,0,1115,0,1172,57,0
12/04/2025 04:00,0,995,0,1001,6,0
12/04/2025 04:15,0,1018,0,1054,36,0
12/04/2025 04:30,0,1012,0,1055,43,0
12/04/2025 04:45,0,1010,0,1046,36,0
12/04/2025 05:00,0,1012,0,1019,7,0
12/04/2025 05:15,0,1023,0,1055,32,0
12/04/2025 05:30,0,1019,0,1067,48,0
12/04/2025 05:45,0,994,0,1000,6,0
12/04/2025 06:00,0,1027,0,1057,30,0
12/04/2025 06:15,0,996,0,1002,6,0
12/04/2025 06:30,0,1018,0,1049,31,0
12/04/2025 06:45,0,1198,0,1238,40,0
12/04/2025 07:00,0,1054,0,1084,30,0
12/04/2025 07:15,0,1156,0,1202,46,0
12/04/2025 07:30,0,1109,0,1115,6,0
12/04/2025 07:45,44,1139,0,1179,84,0
12/04/2025 08:00,157,1036,0,1042,163,0
12/04/2025 08:15,200,1082,0,1084,202,0
12/04/2025 08:30,228,1194,0,1201,235,0
12/04/2025 08:45,213,1492,0,1500,221,0
12/04/2025 09:00,263,1455,0,1458,266,0
12/04/2025 09:15,302,1458,0,1465,309,0
12/04/2025 09:30,283,1415,0,1425,293,0
12/04/2025 09:45,432,1416,0,1415,431,0
12/04/2025 10:00,351,1378,0,1392,365,0
12/04/2025 10:15,183,2469,0,2476,190,0
12/04/2025 10:30,187,2438,0,2445,194,0
12/04/2025 10:45,164,1264,0,1277,177,0
12/04/2025 11:00,127,1269,0,1276,134,0
12/04/2025 11:15,182,1335,0,1332,179,0
12/04/2025 11:30,314,1554,0,1558,318,0
12/04/2025 11:45,481,1530,0,1534,485,0
12/04/2025 12:00,533,1473,0,1482,542,0
12/04/2025 12:15,671,1350,0,1362,683,0
12/04/2025 12:30,493,1309,0,1335,519,0
12/04/2025 12:45,574,1294,0,1309,589,0
12/04/2025 13:00,603,1221,0,1242,624,0
12/04/2025 13:15,474,1166,0,1177,485,0
12/04/2025 13:30,396,797,0,804,403,0
12/04/2025 13:45,250,748,0,754,256,0
12/04/2025 14:00,211,386,0,557,382,0
12/04/2025 14:15,182,247,0,892,827,0
12/04/2025 14:30,99,237,0,960,822,0
12/04/2025 14:45,64,655,0,1375,784,0
12/04/2025 15:00,47,611,0,1273,709,0
12/04/2025 15:15,54,614,0,1162,602,0
12/04/2025 15:30,42,870,0,1265,437,0
12/04/2025 15:45,26,649,0,765,142,0
12/04/2025 16:00,6,611,0,27,6,584
12/04/2025 16:15,0,641,18,0,0,659
12/04/2025 16:30,0,796,4,0,0,800
12/04/2025 16:45,0,673,7,0,0,680
12/04/2025 17:00,0,691,28,0,0,719
12/04/2025 17:15,0,784,9,0,0,793
12/04/2025 17:30,0,1131,20,0,0,1151
12/04/2025 17:45,0,372,0,6,0,366
12/04/2025 18:00,0,636,0,8,0,628
12/04/2025 18:15,0,903,0,8,0,895
12/04/2025 18:30,0,881,8,0,0,889
12/04/2025 18:45,0,907,7,0,0,914
12/04/2025 19:00,0,860,0,11,0,849
12/04/2025 19:15,0,782,0,514,4,272
12/04/2025 19:30,0,996,0,998,2,0
12/04/2025 19:45,0,1111,0,1111,0,0
12/04/2025 20:00,0,702,0,702,0,0
12/04/2025 20:15,0,668,0,668,0,0
12/04/2025 20:30,0,954,0,954,0,0
12/04/2025 20:45,0,771,0,771,0,0
12/04/2025 21:00,0,974,0,974,0,0
12/04/2025 21:15,0,1117,0,1117,0,0
12/04/2025 21:30,0,1346,0,1346,0,0
12/04/2025 21:45,1,1022,0,1021,0,0
12/04/2025 22:00,0,831,0,831,0,0
12/04/2025 22:15,0,355,0,355,0,0
12/04/2025 22:30,0,455,0,499,44,0
12/04/2025 22:45,0,727,0,731,4,0
12/04/2025 23:00,0,273,0,317,44,0
12/04/2025 23:15,0,737,0,772,35,0
12/04/2025 23:30,0,568,0,602,34,0
12/04/2025 23:45,0,726,0,780,54,0
12/05/2025 00:00,0,724,0,752,28,0
12/05/2025 00:15,0,889,0,941,52,0
12/05/2025 00:30,0,944,0,974,30,0
12/05/2025 00:45,0,789,0,845,56,0
12/05/2025 01:00,0,705,0,735,30,0
12/05/2025 01:15,0,689,0,720,31,0
12/05/2025 01:30,0,890,0,943,53,0
12/05/2025 01:45,0,670,0,702,32,0
12/05/2025 02:00,0,803,0,831,28,0
12/05/2025 02:15,0,757,0,786,29,0
12/05/2025 02:30,0,984,0,1038,54,0
12/05/2025 02:45,0,658,0,689,31,0
12/05/2025 03:00,0,880,0,909,29,0
12/05/2025 03:15,0,872,0,919,47,0
12/05/2025 03:30,0,815,0,853,38,0
12/05/2025 03:45,0,680,0,712,32,0
12/05/2025 04:00,0,802,0,830,28,0
12/05/2025 04:15,0,899,0,952,53,0
12/05/2025 04:30,0,913,0,942,29,0
12/05/2025 04:45,0,783,0,826,43,0
12/05/2025 05:00,0,929,0,969,40,0
12/05/2025 05:15,0,755,0,781,26,0
12/05/2025 05:30,0,857,0,910,54,1
12/05/2025 05:45,0,1066,0,1096,30,0
12/05/2025 06:00,0,1011,0,1040,29,0
12/05/2025 06:15,0,855,0,906,51,0
12/05/2025 06:30,0,783,0,814,31,0
12/05/2025 06:45,0,942,0,999,57,0
12/05/2025 07:00,1,692,0,713,22,0
12/05/2025 07:15,32,896,0,920,56,0
12/05/2025 07:30,50,910,0,910,50,0
12/05/2025 07:45,66,848,0,857,75,0
12/05/2025 08:00,79,714,0,721,86,0
12/05/2025 08:15,120,1709,0,1715,126,0
12/05/2025 08:30,160,1673,0,1678,165,0
12/05/2025 08:45,248,1127,0,1123,244,0
12/05/2025 09:00,334,1287,0,1290,337,0
12/05/2025 09:15,399,1259,0,1274,414,0
12/05/2025 09:30,480,1276,0,1302,506,0
12/05/2025 09:45,544,1238,0,1240,546,0
12/05/2025 10:00,650,1312,0,1219,557,0
12/05/2025 10:15,741,1093,0,903,551,0
12/05/2025 10:30,789,998,0,766,557,0
12/05/2025 10:45,827,1050,0,780,557,0
12/05/2025 11:00,869,1214,0,903,558,0
12/05/2025 11:15,893,1281,0,944,556,0
12/05/2025 11:30,885,1397,0,1071,559,0
12/05/2025 11:45,875,1046,0,729,558,0
12/05/2025 12:00,876,1600,0,1283,559,0
12/05/2025 12:15,842,1045,0,763,560,0
12/05/2025 12:30,804,889,0,646,561,0
12/05/2025 12:45,745,951,0,767,561,0
12/05/2025 13:00,621,921,0,862,562,0
12/05/2025 13:15,472,805,0,851,518,0
12/05/2025 13:30,308,803,0,806,311,0
12/05/2025 13:45,199,789,0,795,205,0
12/05/2025 14:00,158,780,0,892,270,0
12/05/2025 14:15,139,721,0,1094,512,0
12/05/2025 14:30,118,874,0,1243,487,0
12/05/2025 14:45,94,679,0,1043,458,0
12/05/2025 15:00,63,690,0,1058,431,0
12/05/2025 15:15,41,856,0,1210,395,0
12/05/2025 15:30,29,871,0,1191,349,0
12/05/2025 15:45,13,800,0,1093,306,0
12/05/2025 16:00,5,745,0,28,14,726
12/05/2025 16:15,0,822,27,0,0,849
12/05/2025 16:30,0,1022,1,0,0,1023
12/05/2025 16:45,0,930,4,0,0,934
12/05/2025 17:00,0,860,14,0,0,874
12/05/2025 17:15,0,843,16,0,0,859
12/05/2025 17:30,0,1003,7,0,0,1010
12/05/2025 17:45,0,875,3,0,0,878
12/05/2025 18:00,0,1003,16,0,0,1019
12/05/2025 18:15,0,811,28,0,0,839
12/05/2025 18:30,0,754,9,0,0,763
12/05/2025 18:45,0,807,0,0,0,807
12/05/2025 19:00,0,1007,0,552,5,460
12/05/2025 19:15,0,980,0,985,5,0
12/05/2025 19:30,0,709,0,709,0,0
12/05/2025 19:45,0,665,0,665,0,0
12/05/2025 20:00,0,666,0,666,0,0
12/05/2025 20:15,0,662,0,662,0,0
12/05/2025 20:30,0,1316,0,1316,0,0
12/05/2025 20:45,0,961,0,961,0,0
12/05/2025 21:00,0,2264,0,2264,0,0
12/05/2025 21:15,0,2308,0,2308,0,0
12/05/2025 21:30,0,1010,0,1011,1,0
12/05/2025 21:45,0,871,0,874,3,0
12/05/2025 22:00,0,395,0,445,50,0
12/05/2025 22:15,0,478,0,481,3,0
12/05/2025 22:30,0,678,0,721,43,0
12/05/2025 22:45,0,306,0,309,3,0
12/05/2025 23:00,0,202,0,243,41,0
12/05/2025 23:15,0,576,0,579,3,0
12/05/2025 23:30,0,292,0,330,38,0
12/05/2025 23:45,0,175,0,177,2,0
12/06/2025 00:00,0,643,0,669,26,0
12/06/2025 00:15,0,666,0,668,2,0
12/06/2025 00:30,0,628,0,698,70,0
12/06/2025 00:45,0,673,0,677,4,0
12/06/2025 01:00,0,616,0,616,0,0
12/06/2025 01:15,0,575,0,612,37,0
12/06/2025 01:30,0,725,0,725,0,0
12/06/2025 01:45,0,553,0,590,37,0
12/06/2025 02:00,0,582,0,587,5,0
12/06/2025 02:15,0,638,0,668,30,0
12/06/2025 02:30,0,551,0,593,42,0
12/06/2025 02:45,0,667,0,696,29,0
12/06/2025 03:00,0,667,0,704,37,0
12/06/2025 03:15,0,648,0,652,4,0
12/06/2025 03:30,0,674,0,702,28,0
12/06/2025 03:45,0,538,0,579,41,0
12/06/2025 04:00,0,628,0,655,27,0
12/06/2025 04:15,0,633,0,664,31,0
12/06/2025 04:30,0,568,0,601,33,0
12/06/2025 04:45,0,615,0,623,8,0
12/06/2025 05:00,0,562,0,593,31,0
12/06/2025 05:15,0,636,0,673,37,0
12/06/2025 05:30,0,717,0,749,32,0
12/06/2025 05:45,0,596,0,635,39,0
12/06/2025 06:00,0,631,0,663,32,0
12/06/2025 06:15,0,614,0,646,32,0
12/06/2025 06:30,0,851,0,886,35,0
12/06/2025 06:45,0,755,0,809,54,0
12/06/2025 07:00,0,657,0,699,42,0
12/06/2025 07:15,0,668,0,714,46,0
12/06/2025 07:30,1,679,0,706,28,0
12/06/2025 07:45,30,755,0,787,62,0
12/06/2025 08:00,43,1049,0,1048,42,0
12/06/2025 08:15,88,807,0,806,87,0
12/06/2025 08:30,122,751,0,750,121,0
12/06/2025 08:45,163,737,0,742,168,0
12/06/2025 09:00,160,667,0,670,163,0
12/06/2025 09:15,202,680,0,690,212,0
12/06/2025 09:30,207,661,0,669,215,0
12/06/2025 09:45,233,564,0,569,238,0
12/06/2025 10:00,184,650,0,660,194,0
12/06/2025 10:15,145,859,0,867,153,0
12/06/2025 10:30,143,687,0,694,150,0
12/06/2025 10:45,136,547,0,552,141,0
12/06/2025 11:00,207,563,0,571,215,0
12/06/2025 11:15,332,588,0,594,338,0
12/06/2025 11:30,282,556,0,564,290,0
12/06/2025 11:45,248,560,0,567,255,0
12/06/2025 12:00,199,1368,0,1373,204,0
12/06/2025 12:15,200,828,0,836,208,0
12/06/2025 12:30,161,719,0,726,168,0
12/06/2025 12:45,235,598,0,601,238,0
12/06/2025 13:00,263,655,0,659,267,0
12/06/2025 13:15,192,753,0,757,196,0
12/06/2025 13:30,305,726,0,731,310,0
12/06/2025 13:45,327,600,0,606,333,0
12/06/2025 14:00,201,568,0,818,451,0
12/06/2025 14:15,159,597,0,1460,1022,0
12/06/2025 14:30,148,549,0,1452,1051,0
12/06/2025 14:45,124,547,0,1506,1083,0
12/06/2025 15:00,81,706,0,1729,1104,0
12/06/2025 15:15,61,894,0,1952,1119,0
12/06/2025 15:30,39,594,0,1658,1103,0
12/06/2025 15:45,20,625,0,1604,999,0
12/06/2025 16:00,3,211,0,16,8,200
12/06/2025 16:15,0,173,0,2,0,171
12/06/2025 16:30,0,179,0,2,0,177
12/06/2025 16:45,0,767,0,6,0,761
12/06/2025 17:00,0,923,21,0,0,944
12/06/2025 17:15,0,1032,17,0,0,1049
12/06/2025 17:30,0,887,5,0,0,892
12/06/2025 17:45,0,647,8,0,0,655
12/06/2025 18:00,0,660,19,0,0,679
12/06/2025 18:15,0,742,15,0,0,757
12/06/2025 18:30,0,653,9,0,0,662
12/06/2025 18:45,0,656,13,0,0,669
12/06/2025 19:00,0,838,5,0,0,843
12/06/2025 19:15,0,752,39,0,0,791
12/06/2025 19:30,0,691,0,4,0,687
12/06/2025 19:45,0,684,0,503,8,189
12/06/2025 20:00,0,645,0,649,4,0
12/06/2025 20:15,0,728,0,728,0,0
12/06/2025 20:30,0,636,0,636,0,0
12/06/2025 20:45,0,625,0,625,0,0
12/06/2025 21:00,0,799,0,799,0,0
12/06/2025 21:15,0,479,0,479,0,0
12/06/2025 21:30,0,518,0,518,0,0
12/06/2025 21:45,0,486,0,488,2,0
12/06/2025 22:00,0,1024,0,1024,0,0
12/06/2025 22:15,0,217,0,217,0,0
12/06/2025 22:30,0,198,0,198,0,0
12/06/2025 22:45,0,404,0,466,62,0
12/06/2025 23:00,0,636,0,643,7,0
12/06/2025 23:15,0,531,0,595,64,0
12/06/2025 23:30,0,219,0,223,4,0
12/06/2025 23:45,0,690,0,690,0,0
12/07/2025 00:00,0,174,0,232,58,0
12/07/2025 00:15,0,568,0,572,4,0
12/07/2025 00:30,0,723,0,723,0,0
12/07/2025 00:45,0,721,0,776,55,0
12/07/2025 01:00,0,606,0,611,5,0
12/07/2025 01:15,0,667,0,729,62,0
12/07/2025 01:30,0,567,0,570,3,0
12/07/2025 01:45,0,562,0,600,38,0
12/07/2025 02:00,0,676,0,724,48,0
12/07/2025 02:15,0,627,0,687,60,0
12/07/2025 02:30,0,591,0,599,8,0
12/07/2025 02:45,0,686,0,714,28,0
12/07/2025 03:00,0,555,0,561,6,0
12/07/2025 03:15,0,548,0,600,52,0
12/07/2025 03:30,0,677,0,707,30,0
12/07/2025 03:45,0,712,0,716,4,0
12/07/2025 04:00,0,599,0,629,30,0
12/07/2025 04:15,0,746,0,800,54,0
12/07/2025 04:30,0,587,0,623,36,0
12/07/2025 04:45,0,616,0,670,54,0
12/07/2025 05:00,0,685,0,692,7,0
12/07/2025 05:15,0,662,0,703,41,0
12/07/2025 05:30,0,569,0,575,6,0
12/07/2025 05:45,0,729,0,731,2,0
12/07/2025 06:00,0,547,0,579,32,0
12/07/2025 06:15,0,561,0,561,0,0
12/07/2025 06:30,0,833,0,863,30,0
12/07/2025 06:45,0,850,0,894,44,0
12/07/2025 07:00,0,802,0,828,26,0
12/07/2025 07:15,20,748,0,768,40,0
12/07/2025 07:30,37,941,0,949,45,0
12/07/2025 07:45,63,967,0,965,61,0
12/07/2025 08:00,92,704,0,712,100,0
12/07/2025 08:15,121,715,0,720,126,0
12/07/2025 08:30,152,618,0,622,156,0
12/07/2025 08:45,234,558,0,562,238,0
12/07/2025 09:00,324,574,0,581,331,0
12/07/2025 09:15,384,706,0,708,386,0
12/07/2025 09:30,467,695,0,696,468,0
12/07/2025 09:45,466,542,0,565,489,0
12/07/2025 10:00,551,590,0,602,563,0
12/07/2025 10:15,763,573,0,587,777,0
12/07/2025 10:30,721,572,0,591,740,0
12/07/2025 10:45,723,674,0,693,742,0
12/07/2025 11:00,975,588,0,563,950,0
12/07/2025 11:15,924,564,0,575,935,0
12/07/2025 11:30,969,541,0,563,991,0
12/07/2025 11:45,718,591,0,605,732,0
12/07/2025 12:00,349,1085,0,1092,356,0
12/07/2025 12:15,355,581,0,589,363,0
12/07/2025 12:30,311,614,0,623,320,0
12/07/2025 12:45,301,623,0,632,310,0
12/07/2025 13:00,228,546,0,552,234,0
12/07/2025 13:15,198,612,0,617,203,0
12/07/2025 13:30,219,819,0,822,222,0
12/07/2025 13:45,237,878,0,1061,420,0
12/07/2025 14:00,247,818,0,1339,768,0
12/07/2025 14:15,237,837,0,1307,707,0
12/07/2025 14:30,227,918,0,1293,602,0
12/07/2025 14:45,144,883,0,1172,433,0
12/07/2025 15:00,99,248,0,363,214,0
12/07/2025 15:15,80,311,0,400,169,0
12/07/2025 15:30,25,840,0,967,152,0
12/07/2025 15:45,2,837,0,924,89,0
12/07/2025 16:00,0,325,20,1,1,345
12/07/2025 16:15,0,812,9,0,0,821
12/07/2025 16:30,0,698,7,0,0,705
12/07/2025 16:45,0,698,22,0,0,720
12/07/2025 17:00,0,771,12,0,0,783
12/07/2025 17:15,0,721,15,0,0,736
12/07/2025 17:30,0,856,7,0,0,863
12/07/2025 17:45,0,235,2,0,0,237
12/07/2025 18:00,0,248,0,10,0,238
12/07/2025 18:15,0,704,0,7,0,697
12/07/2025 18:30,0,462,30,0,0,492
12/07/2025 18:45,0,665,0,3,0,662
12/07/2025 19:00,0,794,15,0,0,809
12/07/2025 19:15,0,701,17,0,0,718
12/07/2025 19:30,0,712,11,0,0,723
12/07/2025 19:45,0,659,12,0,0,671
12/07/2025 20:00,0,1139,0,45,15,1109
12/07/2025 20:15,0,1309,0,1320,11,0
12/07/2025 20:30,0,1573,0,1574,1,0
12/07/2025 20:45,0,2230,0,2230,0,0
12/07/2025 21:00,0,1434,0,1434,0,0
12/07/2025 21:15,0,269,0,270,1,0
12/07/2025 21:30,0,241,0,242,1,0
12/07/2025 21:45,0,335,0,335,0,0
12/07/2025 22:00,0,703,0,704,1,0
12/07/2025 22:15,0,610,0,611,1,0
12/07/2025 22:30,0,508,0,508,0,0
12/07/2025 22:45,0,548,0,550,2,0
12/07/2025 23:00,0,602,0,606,4,0
12/07/2025 23:15,0,196,0,269,73,0
12/07/2025 23:30,0,167,0,175,8,0
12/07/2025 23:45,0,476,0,480,4,0
12/08/2025 00:00,0,424,0,496,72,0
12/08/2025 00:15,0,210,0,218,8,0
12/08/2025 00:30,0,653,0,655,2,0
12/08/2025 00:45,0,661,0,730,69,0
12/08/2025 01:00,0,554,0,561,7,0
12/08/2025 01:15,0,594,0,662,68,0
12/08/2025 01:30,0,637,0,645,8,0
12/08/2025 01:45,0,572,0,574,2,0
12/08/2025 02:00,0,683,0,745,62,0
12/08/2025 02:15,0,600,0,606,6,0
12/08/2025 02:30,0,556,0,604,48,0
12/08/2025 02:45,0,648,0,713,65,0
12/08/2025 03:00,0,601,0,608,7,0
12/08/2025 03:15,0,563,0,564,1,0
12/08/2025 03:30,0,727,0,776,49,0
12/08/2025 03:45,0,607,0,612,5,0
12/08/2025 04:00,0,662,0,704,42,0
12/08/2025 04:15,0,757,0,763,6,0
12/08/2025 04:30,0,577,0,632,55,0
12/08/2025 04:45,0,668,0,723,55,0
12/08/2025 05:00,0,606,0,613,7,0
12/08/2025 05:15,0,561,0,599,38,0
12/08/2025 05:30,0,920,0,926,6,0
12/08/2025 05:45,0,572,0,606,34,0
12/08/2025 06:00,0,600,0,638,38,0
12/08/2025 06:15,0,697,0,743,46,0
12/08/2025 06:30,0,624,0,683,59,0
12/08/2025 06:45,0,784,0,789,5,0
12/08/2025 07:00,0,816,0,840,24,0
12/08/2025 07:15,23,866,0,864,21,0
12/08/2025 07:30,50,676,0,679,53,0
12/08/2025 07:45,72,247,0,253,78,0
12/08/2025 08:00,80,170,0,179,89,0
12/08/2025 08:15,134,229,0,231,136,0
12/08/2025 08:30,185,673,0,678,190,0
12/08/2025 08:45,248,645,0,650,253,0
12/08/2025 09:00,344,699,0,703,348,0
12/08/2025 09:15,412,647,0,652,417,0
12/08/2025 09:30,483,617,0,620,486,0
12/08/2025 09:45,541,647,0,639,533,0
12/08/2025 10:00,638,729,0,644,553,0
12/08/2025 10:15,732,659,0,479,552,0
12/08/2025 10:30,767,664,0,493,596,0
12/08/2025 10:45,783,677,0,667,773,0
12/08/2025 11:00,847,704,0,737,880,0
12/08/2025 11:15,877,647,0,654,884,0
12/08/2025 11:30,821,585,0,619,855,0
12/08/2025 11:45,806,581,0,610,835,0
12/08/2025 12:00,714,594,0,617,737,0
12/08/2025 12:15,718,684,0,714,748,0
12/08/2025 12:30,653,674,0,673,652,0
12/08/2025 12:45,604,712,0,737,629,0
12/08/2025 13:00,506,628,0,650,528,0
12/08/2025 13:15,409,620,0,626,415,0
12/08/2025 13:30,340,650,0,663,353,0
12/08/2025 13:45,281,677,0,683,287,0
12/08/2025 14:00,220,678,0,686,228,0
12/08/2025 14:15,157,573,0,580,164,0
12/08/2025 14:30,137,587,0,795,345,0
12/08/2025 14:45,98,585,0,793,306,0
12/08/2025 15:00,79,683,0,851,247,0
12/08/2025 15:15,51,702,0,837,186,0
12/08/2025 15:30,33,1096,0,1113,50,0
12/08/2025 15:45,17,452,0,519,84,0
12/08/2025 16:00,2,192,12,0,0,202
12/08/2025 16:15,0,895,0,5,0,890
12/08/2025 16:30,0,1175,40,0,0,1215
12/08/2025 16:45,0,399,9,0,0,408
12/08/2025 17:00,0,298,0,5,0,293
12/08/2025 17:15,0,746,8,0,0,754
12/08/2025 17:30,0,1307,0,16,0,1291
12/08/2025 17:45,0,1593,22,0,0,1615
12/08/2025 18:00,0,1001,18,0,0,1019
12/08/2025 18:15,0,821,21,0,0,842
12/08/2025 18:30,0,846,6,0,0,852
12/08/2025 18:45,0,929,28,0,0,957
12/08/2025 19:00,0,843,0,15,0,828
12/08/2025 19:15,0,1347,0,1138,7,216
12/08/2025 19:30,0,640,0,641,1,0
12/08/2025 19:45,0,773,0,773,0,0
12/08/2025 20:00,0,845,0,847,2,0
12/08/2025 20:15,0,1345,0,1345,0,0
12/08/2025 20:30,0,1487,0,1487,0,0
12/08/2025 20:45,0,1788,0,1788,0,0
12/08/2025 21:00,0,625,0,625,0,0
12/08/2025 21:15,0,536,0,536,0,0
12/08/2025 21:30,0,1055,0,1057,2,0
12/08/2025 21:45,0,1444,0,1444,0,0
12/08/2025 22:00,0,1013,0,1013,0,0
12/08/2025 22:15,0,427,0,453,26,0
12/08/2025 22:30,1,935,0,960,26,0
12/08/2025 22:45,0,709,0,739,30,0
12/08/2025 23:00,0,556,0,583,27,0
12/08/2025 23:15,0,757,0,814,57,0
12/08/2025 23:30,0,617,0,651,34,0
12/08/2025 23:45,0,877,0,903,26,0
12/09/2025 00:00,0,753,0,783,30,0
12/09/2025 00:15,0,916,0,944,28,0
12/09/2025 00:30,0,704,0,760,56,0
12/09/2025 00:45,0,771,0,802,31,0
12/09/2025 01:00,0,742,0,772,30,0
12/09/2025 01:15,0,718,0,751,33,0
12/09/2025 01:30,0,943,0,996,53,0
12/09/2025 01:45,0,647,0,680,33,0
12/09/2025 02:00,0,902,0,930,28,0
12/09/2025 02:15,0,675,0,706,31,0
12/09/2025 02:30,0,1168,0,1222,54,0
12/09/2025 02:45,0,923,0,953,30,0
12/09/2025 03:00,0,946,0,976,30,0
12/09/2025 03:15,0,667,0,721,54,0
12/09/2025 03:30,0,1047,0,1075,28,0
12/09/2025 03:45,0,753,0,806,53,0
12/09/2025 04:00,0,822,0,853,31,0
12/09/2025 04:15,0,738,0,791,53,0
12/09/2025 04:30,0,961,0,991,30,0
12/09/2025 04:45,0,899,0,929,30,0
12/09/2025 05:00,0,784,0,841,57,0
12/09/2025 05:15,0,1068,0,1096,28,0
12/09/2025 05:30,0,982,0,1010,28,0
12/09/2025 05:45,0,930,0,961,31,0
12/09/2025 06:00,0,630,0,687,57,0
12/09/2025 06:15,0,1042,0,1067,25,0
12/09/2025 06:30,0,731,0,776,45,0
12/09/2025 06:45,0,851,0,887,36,0
12/09/2025 07:00,0,959,0,983,24,0
12/09/2025 07:15,22,886,0,911,47,0
12/09/2025 07:30,40,747,0,744,37,0
12/09/2025 07:45,62,829,0,838,71,0
12/09/2025 08:00,75,905,0,911,81,0
12/09/2025 08:15,106,1838,0,1843,111,0
12/09/2025 08:30,147,1840,0,1847,154,0
12/09/2025 08:45,218,2478,0,2481,221,0
12/09/2025 09:00,308,2384,0,2390,314,0
12/09/2025 09:15,373,2025,0,2031,379,0
12/09/2025 09:30,461,1758,0,1772,475,0
12/09/2025 09:45,525,1741,0,1748,532,0
12/09/2025 10:00,610,1801,0,1746,555,0
12/09/2025 10:15,707,1738,0,1588,557,0
12/09/2025 10:30,756,1924,0,1725,557,0
12/09/2025 10:45,798,1900,0,1659,557,0
12/09/2025 11:00,836,1750,0,1472,558,0
12/09/2025 11:15,855,1667,0,1369,557,0
12/09/2025 11:30,858,1983,0,1684,559,0
12/09/2025 11:45,845,2799,0,2507,553,0
12/09/2025 12:00,847,2334,0,2042,555,0
12/09/2025 12:15,819,1402,0,1141,558,0
12/09/2025 12:30,751,1581,0,1389,559,0
12/09/2025 12:45,745,1554,0,1369,560,0
12/09/2025 13:00,640,1543,0,1463,560,0
12/09/2025 13:15,487,1496,0,1535,526,0
12/09/2025 13:30,327,1468,0,1478,337,0
12/09/2025 13:45,266,1497,0,1691,460,0
12/09/2025 14:00,228,1421,0,1746,553,0
12/09/2025 14:15,187,1434,0,1803,556,0
12/09/2025 14:30,198,1406,0,1749,541,0
12/09/2025 14:45,171,1413,0,1748,506,0
12/09/2025 15:00,138,1305,0,1626,459,0
12/09/2025 15:15,110,1340,0,1641,411,0
12/09/2025 15:30,69,1484,0,1758,343,0
12/09/2025 15:45,25,1743,0,1956,238,0
12/09/2025 16:00,2,774,0,6,4,770
12/09/2025 16:15,0,814,20,0,0,834
12/09/2025 16:30,0,1004,9,0,0,1013
12/09/2025 16:45,0,799,40,0,0,839
12/09/2025 17:00,0,653,5,0,0,658
12/09/2025 17:15,0,720,20,0,0,740
12/09/2025 17:30,0,1375,9,0,0,1384
12/09/2025 17:45,0,668,15,0,0,683
12/09/2025 18:00,0,797,3,0,0,800
12/09/2025 18:15,0,788,0,5,0,783
12/09/2025 18:30,0,995,10,0,0,1005
12/09/2025 18:45,0,1461,0,12,0,1449
12/09/2025 19:00,0,799,0,301,4,502
12/09/2025 19:15,0,506,0,513,7,0
12/09/2025 19:30,0,1051,0,1053,2,0
12/09/2025 19:45,0,979,0,980,1,0
12/09/2025 20:00,0,1027,0,1027,0,0
12/09/2025 20:15,0,886,0,886,0,0
12/09/2025 20:30,0,933,0,933,0,0
12/09/2025 20:45,0,668,0,727,59,0
12/09/2025 21:00,0,864,0,869,5,0
12/09/2025 21:15,0,847,0,850,3,0
12/09/2025 21:30,0,1039,0,1095,56,0
12/09/2025 21:45,0,848,0,854,6,0
12/09/2025 22:00,0,869,0,919,50,0
12/09/2025 22:15,0,927,0,932,5,0
12/09/2025 22:30,0,773,0,773,0,0
12/09/2025 22:45,0,614,0,655,41,0
12/09/2025 23:00,0,376,0,377,1,0
12/09/2025 23:15,0,318,0,319,1,0
12/09/2025 23:30,0,726,0,728,2,0
12/09/2025 23:45,0,612,0,639,27,0
12/10/2025 00:00,0,1408,0,1447,39,0
12/10/2025 00:15,0,1310,0,1338,28,0
12/10/2025 00:30,0,1371,0,1373,2,0
12/10/2025 00:45,0,1298,0,1338,40,0
12/10/2025 01:00,0,1276,0,1280,4,0
12/10/2025 01:15,0,1362,0,1392,30,0
12/10/2025 01:30,0,1426,0,1468,42,0
12/10/2025 01:45,0,1353,0,1400,47,0
12/10/2025 02:00,0,1295,0,1347,52,0
12/10/2025 02:15,0,1256,0,1263,7,0
12/10/2025 02:30,0,1371,0,1414,43,0
12/10/2025 02:45,0,1413,0,1418,5,0
12/10/2025 03:00,0,1313,0,1346,33,0
12/10/2025 03:15,0,1364,0,1416,52,0
12/10/2025 03:30,0,1259,0,1314,55,0
12/10/2025 03:45,0,1348,0,1355,7,0
12/10/2025 04:00,0,1402,0,1429,27,0
12/10/2025 04:15,0,1335,0,1379,44,0
12/10/2025 04:30,0,1431,0,1481,50,0
12/10/2025 04:45,0,1336,0,1362,26,0
12/10/2025 05:00,0,1428,0,1434,6,0
12/10/2025 05:15,0,1390,0,1466,76,0
12/10/2025 05:30,0,1320,0,1328,8,0
12/10/2025 05:45,0,1401,0,1431,30,0
12/10/2025 06:00,0,1272,0,1310,38,0
12/10/2025 06:15,0,1275,0,1303,28,0
12/10/2025 06:30,0,1227,0,1271,44,0
12/10/2025 06:45,0,588,0,675,87,0
12/10/2025 07:00,0,558,0,598,40,0
12/10/2025 07:15,24,585,0,584,23,0
12/10/2025 07:30,82,1078,0,1082,86,0
12/10/2025 07:45,123,1099,0,1103,127,0
12/10/2025 08:00,106,621,0,625,110,0
12/10/2025 08:15,166,642,0,639,163,0
12/10/2025 08:30,165,1493,0,1498,170,0
12/10/2025 08:45,215,1112,0,1113,216,0
12/10/2025 09:00,518,880,0,892,530,0
12/10/2025 09:15,366,882,0,893,377,0
12/10/2025 09:30,356,871,0,874,359,0
12/10/2025 09:45,559,801,0,801,559,0
12/10/2025 10:00,776,744,0,761,793,0
12/10/2025 10:15,589,690,0,703,602,0
12/10/2025 10:30,750,819,0,829,760,0
12/10/2025 10:45,739,658,0,686,767,0
12/10/2025 11:00,768,583,0,603,788,0
12/10/2025 11:15,764,710,0,734,788,0
12/10/2025 11:30,632,853,0,871,650,0
12/10/2025 11:45,342,709,0,718,351,0
12/10/2025 12:00,602,669,0,676,609,0
12/10/2025 12:15,626,683,0,692,635,0
12/10/2025 12:30,529,793,0,817,553,0
12/10/2025 12:45,307,386,0,395,316,0
12/10/2025 13:00,299,559,0,556,296,0
12/10/2025 13:15,359,698,0,701,362,0
12/10/2025 13:30,334,655,0,666,345,0
12/10/2025 13:45,255,507,0,1062,810,0
12/10/2025 14:00,113,406,0,1299,1006,0
12/10/2025 14:15,116,464,0,1165,817,0
12/10/2025 14:30,109,801,0,1097,405,0
12/10/2025 14:45,121,637,0,625,109,0
12/10/2025 15:00,78,568,0,602,112,0
12/10/2025 15:15,48,506,0,555,97,0
12/10/2025 15:30,26,534,0,581,73,0
12/10/2025 15:45,5,575,0,610,40,0
12/10/2025 16:00,0,475,9,0,0,484
12/10/2025 16:15,0,491,3,0,0,494
12/10/2025 16:30,0,518,28,0,0,546
12/10/2025 16:45,0,428,13,0,0,441
12/10/2025 17:00,0,406,4,0,0,410
12/10/2025 17:15,0,394,1,0,0,395
12/10/2025 17:30,0,701,12,0,0,713
12/10/2025 17:45,0,543,5,1,1,548
12/10/2025 18:00,0,578,5,0,0,583
12/10/2025 18:15,0,486,7,0,0,493
12/10/2025 18:30,0,569,15,0,0,584
12/10/2025 18:45,0,440,13,0,0,453
12/10/2025 19:00,0,497,0,6,0,491
12/10/2025 19:15,0,599,1,0,0,600
12/10/2025 19:30,0,501,0,4,0,497
12/10/2025 19:45,0,205,0,1,0,204
12/10/2025 20:00,0,189,28,38,38,217
12/10/2025 20:15,0,471,19,0,0,490
12/10/2025 20:30,0,323,2,0,0,325
12/10/2025 20:45,0,624,9,0,0,633
12/10/2025 21:00,0,792,22,0,0,814
12/10/2025 21:15,0,567,30,0,0,597
12/10/2025 21:30,0,589,0,169,16,436
12/10/2025 21:45,0,563,0,575,12,0
12/10/2025 22:00,0,661,0,663,2,0
12/10/2025 22:15,0,552,0,553,1,0
12/10/2025 22:30,0,484,0,484,0,0
12/10/2025 22:45,0,252,0,252,0,0
12/10/2025 23:00,0,287,0,287,0,0
12/10/2025 23:15,0,436,0,437,1,0
12/10/2025 23:30,0,195,0,195,0,0
12/10/2025 23:45,0,617,0,618,1,0
12/11/2025 00:00,0,602,0,602,0,0
12/11/2025 00:15,0,278,0,279,1,0
12/11/2025 00:30,0,155,0,235,80,0
12/11/2025 00:45,0,483,0,491,8,0
12/11/2025 01:00,0,274,0,276,2,0
12/11/2025 01:15,0,577,0,577,0,0
12/11/2025 01:30,0,581,0,653,72,0
12/11/2025 01:45,0,590,0,596,6,0
12/11/2025 02:00,0,175,0,178,3,0
12/11/2025 02:15,0,142,0,218,76,0
12/11/2025 02:30,0,452,0,461,9,0
12/11/2025 02:45,0,626,0,628,2,0
12/11/2025 03:00,0,607,0,609,2,0
12/11/2025 03:15,0,607,0,685,78,0
12/11/2025 03:30,0,593,0,599,6,0
12/11/2025 03:45,0,579,0,584,5,0
12/11/2025 04:00,0,575,0,648,73,0
12/11/2025 04:15,0,594,0,600,6,0
12/11/2025 04:30,0,580,0,584,4,0
12/11/2025 04:45,0,601,0,671,70,0
12/11/2025 05:00,0,685,0,693,8,0
12/11/2025 05:15,0,588,0,654,66,0
12/11/2025 05:30,0,430,0,440,10,0
12/11/2025 05:45,0,414,0,419,5,0
12/11/2025 06:00,0,599,0,674,75,0
12/11/2025 06:15,0,562,0,568,6,0
12/11/2025 06:30,0,261,0,264,3,0
12/11/2025 06:45,0,560,0,626,66,0
12/11/2025 07:00,0,187,0,195,8,0
12/11/2025 07:15,11,523,0,520,8,0
12/11/2025 07:30,35,628,0,627,34,0
12/11/2025 07:45,87,391,0,394,90,0
12/11/2025 08:00,126,185,0,189,130,0
12/11/2025 08:15,196,168,0,173,201,0
12/11/2025 08:30,179,298,0,304,185,0
12/11/2025 08:45,212,580,0,579,211,0
12/11/2025 09:00,308,719,0,731,320,0
12/11/2025 09:15,364,595,0,606,375,0
12/11/2025 09:30,475,586,0,588,477,0
12/11/2025 09:45,526,559,0,565,532,0
12/11/2025 10:00,604,557,0,554,601,0
12/11/2025 10:15,727,555,0,565,737,0
12/11/2025 10:30,708,566,0,591,733,0
12/11/2025 10:45,810,625,0,649,834,0
12/11/2025 11:00,837,627,0,640,850,0
12/11/2025 11:15,866,569,0,589,886,0
12/11/2025 11:30,862,552,0,562,872,0
12/11/2025 11:45,855,555,0,574,874,0
12/11/2025 12:00,857,558,0,578,877,0
12/11/2025 12:15,830,519,0,527,838,0
12/11/2025 12:30,802,179,0,192,815,0
12/11/2025 12:45,752,462,0,471,761,0
12/11/2025 13:00,624,588,0,595,631,0
12/11/2025 13:15,460,557,0,573,476,0
12/11/2025 13:30,284,320,0,535,499,0
12/11/2025 13:45,196,198,0,394,392,0
12/11/2025 14:00,180,187,0,192,185,0
12/11/2025 14:15,90,337,0,310,63,0
12/11/2025 14:30,100,654,0,652,98,0
12/11/2025 14:45,101,607,0,554,48,0
12/11/2025 15:00,123,879,0,759,3,0
12/11/2025 15:15,136,767,0,670,39,0
12/11/2025 15:30,73,662,0,602,13,0
12/11/2025 15:45,43,654,0,648,37,0
12/11/2025 16:00,6,659,0,15,0,638
12/11/2025 16:15,0,684,2,0,0,686
12/11/2025 16:30,0,710,4,0,0,714
12/11/2025 16:45,0,732,8,0,0,740
12/11/2025 17:00,0,845,12,0,0,857
12/11/2025 17:15,0,841,10,0,0,851
12/11/2025 17:30,0,1226,2,0,0,1228
12/11/2025 17:45,0,730,1,0,0,731
12/11/2025 18:00,0,836,16,0,0,852
12/11/2025 18:15,0,697,14,0,0,711
12/11/2025 18:30,0,721,13,0,0,734
12/11/2025 18:45,0,763,13,0,0,776
12/11/2025 19:00,0,645,15,0,0,660
12/11/2025 19:15,0,779,0,5,0,774
12/11/2025 19:30,0,986,0,265,3,724
12/11/2025 19:45,0,886,0,891,5,0
12/11/2025 20:00,0,1021,0,1021,0,0
12/11/2025 20:15,0,850,0,850,0,0
12/11/2025 20:30,0,813,0,813,0,0
12/11/2025 20:45,0,2180,0,2181,1,0
12/11/2025 21:00,0,2224,0,2224,0,0
12/11/2025 21:15,0,1225,0,1225,0,0
12/11/2025 21:30,0,714,0,714,0,0
12/11/2025 21:45,0,793,0,794,1,0
12/11/2025 22:00,0,392,0,392,0,0
12/11/2025 22:15,0,1091,0,1090,0,1
12/11/2025 22:30,1,774,0,771,0,2
12/11/2025 22:45,0,904,0,948,44,0
12/11/2025 23:00,0,212,0,246,34,0
12/11/2025 23:15,0,544,0,546,2,0
12/11/2025 23:30,0,367,0,409,42,0
12/11/2025 23:45,0,371,0,373,2,0
12/12/2025 00:00,0,669,0,723,54,0
12/12/2025 00:15,0,785,0,822,37,0
12/12/2025 00:30,0,679,0,711,32,0
12/12/2025 00:45,0,859,0,890,31,0
12/12/2025 01:00,0,654,0,684,30,0
12/12/2025 01:15,0,833,0,865,32,0
12/12/2025 01:30,0,616,0,672,56,0
12/12/2025 01:45,0,768,0,798,30,0
12/12/2025 02:00,0,563,0,597,34,0
12/12/2025 02:15,0,740,0,770,30,0
12/12/2025 02:30,0,553,0,587,34,0
12/12/2025 02:45,0,736,0,766,30,0
12/12/2025 03:00,0,641,0,697,56,0
12/12/2025 03:15,0,937,0,967,30,0
12/12/2025 03:30,0,706,0,736,30,0
12/12/2025 03:45,0,814,0,860,46,0
12/12/2025 04:00,0,654,0,694,40,0
12/12/2025 04:15,0,833,0,860,27,0
12/12/2025 04:30,0,622,0,677,55,0
12/12/2025 04:45,0,763,0,795,32,0
12/12/2025 05:00,0,570,0,604,34,0
12/12/2025 05:15,0,720,0,750,30,0
12/12/2025 05:30,0,623,0,655,32,0
12/12/2025 05:45,0,938,0,997,59,0
12/12/2025 06:00,0,729,0,760,31,0
12/12/2025 06:15,0,842,0,872,30,0
12/12/2025 06:30,0,676,0,731,55,0
12/12/2025 06:45,0,848,0,877,29,0
12/12/2025 07:00,0,647,0,671,24,0
12/12/2025 07:15,17,612,0,630,35,0
12/12/2025 07:30,34,642,0,646,38,0
12/12/2025 07:45,57,984,0,991,64,0
12/12/2025 08:00,70,1423,0,1433,80,0
12/12/2025 08:15,99,1611,0,1613,101,0
12/12/2025 08:30,141,1644,0,1651,148,0
12/12/2025 08:45,209,1577,0,1577,209,0
12/12/2025 09:00,296,1529,0,1531,298,0
12/12/2025 09:15,361,1524,0,1533,370,0
12/12/2025 09:30,448,1549,0,1554,453,0
12/12/2025 09:45,525,1462,0,1467,530,0
12/12/2025 10:00,594,1387,0,1336,543,0
12/12/2025 10:15,691,1392,0,1251,550,0
12/12/2025 10:30,746,1431,0,1234,549,0
12/12/2025 10:45,786,1531,0,1296,551,0
12/12/2025 11:00,823,1921,0,1654,556,0
12/12/2025 11:15,851,1530,0,1234,555,0
12/12/2025 11:30,856,1644,0,1391,603,0
12/12/2025 11:45,837,1761,0,1709,785,0
12/12/2025 12:00,832,2440,0,2449,841,0
12/12/2025 12:15,812,1753,0,1789,848,0
12/12/2025 12:30,787,1514,0,1540,813,0
12/12/2025 12:45,728,1570,0,1587,745,0
12/12/2025 13:00,614,1455,0,1467,626,0
12/12/2025 13:15,471,1506,0,1517,482,0
12/12/2025 13:30,317,2595,0,3076,798,0
12/12/2025 13:45,203,2864,0,3403,742,0
12/12/2025 14:00,180,989,0,1474,665,0
12/12/2025 14:15,145,978,0,1387,554,0
12/12/2025 14:30,119,568,0,849,400,0
12/12/2025 14:45,104,815,0,874,163,0
12/12/2025 15:00,91,540,0,499,50,0
12/12/2025 15:15,58,906,0,898,50,0
12/12/2025 15:30,39,687,0,694,46,0
12/12/2025 15:45,20,660,0,640,0,0
12/12/2025 16:00,4,623,0,25,0,594
12/12/2025 16:15,0,632,7,0,0,639
12/12/2025 16:30,0,626,12,0,0,638
12/12/2025 16:45,0,709,26,0,0,735
12/12/2025 17:00,0,704,6,0,0,710
12/12/2025 17:15,0,655,14,0,0,669
12/12/2025 17:30,0,766,10,0,0,776
12/12/2025 17:45,0,823,9,0,0,832
12/12/2025 18:00,0,871,25,0,0,896
12/12/2025 18:15,0,437,14,0,0,451
12/12/2025 18:30,0,700,1,0,0,701
12/12/2025 18:45,0,492,9,0,0,501
12/12/2025 19:00,0,385,0,8,0,377
12/12/2025 19:15,0,904,13,0,0,917
12/12/2025 19:30,0,812,3,0,0,815
12/12/2025 19:45,0,800,2,0,0,802
12/12/2025 20:00,0,699,0,150,10,559
12/12/2025 20:15,0,741,0,749,8,0
12/12/2025 20:30,0,887,0,889,2,0
12/12/2025 20:45,0,719,0,719,0,0
12/12/2025 21:00,0,771,0,771,0,0
12/12/2025 21:15,0,691,0,691,0,0
12/12/2025 21:30,0,718,0,718,0,0
12/12/2025 21:45,0,731,0,731,0,0
12/12/2025 22:00,0,504,0,504,0,0
12/12/2025 22:15,0,907,0,907,0,0
12/12/2025 22:30,0,871,0,871,0,0
12/12/2025 22:45,0,536,0,536,0,0
12/12/2025 23:00,0,194,0,194,0,0
12/12/2025 23:15,0,584,0,636,52,0
12/12/2025 23:30,0,253,0,256,3,0
12/12/2025 23:45,0,548,0,548,0,0
12/13/2025 00:00,0,652,0,697,45,0
12/13/2025 00:15,0,657,0,701,44,0
12/13/2025 00:30,0,683,0,689,6,0
12/13/2025 00:45,0,586,0,586,0,0
12/13/2025 01:00,0,672,0,707,35,0
12/13/2025 01:15,0,576,0,579,3,0
12/13/2025 01:30,0,697,0,699,2,0
12/13/2025 01:45,0,552,0,555,3,0
12/13/2025 02:00,0,632,0,669,37,0
12/13/2025 02:15,0,555,0,610,55,0
12/13/2025 02:30,0,573,0,580,7,0
12/13/2025 02:45,0,694,0,700,6,0
12/13/2025 03:00,0,608,0,646,38,0
12/13/2025 03:15,0,766,0,796,30,0
12/13/2025 03:30,0,578,0,581,3,0
12/13/2025 03:45,0,684,0,711,27,0
12/13/2025 04:00,0,557,0,590,33,0
12/13/2025 04:15,0,591,0,597,6,0
12/13/2025 04:30,0,660,0,663,3,0
12/13/2025 04:45,0,602,0,674,72,0
12/13/2025 05:00,0,891,0,896,5,0
12/13/2025 05:15,0,602,0,635,33,0
12/13/2025 05:30,0,674,0,680,6,0
12/13/2025 05:45,0,681,0,712,31,0
12/13/2025 06:00,0,659,0,713,54,0
12/13/2025 06:15,0,726,0,758,32,0
12/13/2025 06:30,0,698,0,732,34,0
12/13/2025 06:45,0,780,0,812,32,0
12/13/2025 07:00,0,757,0,780,23,0
12/13/2025 07:15,0,849,0,891,42,0
12/13/2025 07:30,21,912,0,928,37,0
12/13/2025 07:45,66,883,0,890,73,0
12/13/2025 08:00,73,781,0,788,80,0
12/13/2025 08:15,84,750,0,758,92,0
12/13/2025 08:30,108,791,0,797,114,0
12/13/2025 08:45,127,883,0,891,135,0
12/13/2025 09:00,177,716,0,721,182,0
12/13/2025 09:15,254,702,0,707,259,0
12/13/2025 09:30,260,658,0,668,270,0
12/13/2025 09:45,244,690,0,695,249,0
12/13/2025 10:00,226,706,0,711,231,0
12/13/2025 10:15,279,634,0,639,284,0
12/13/2025 10:30,515,703,0,665,477,0
12/13/2025 10:45,685,800,0,714,599,0
12/13/2025 11:00,645,677,0,696,664,0
12/13/2025 11:15,511,672,0,688,527,0
12/13/2025 11:30,508,618,0,627,517,0
12/13/2025 11:45,480,654,0,669,495,0
12/13/2025 12:00,498,1043,0,1055,510,0
12/13/2025 12:15,470,707,0,723,486,0
12/13/2025 12:30,343,651,0,661,353,0
12/13/2025 12:45,204,717,0,727,214,0
12/13/2025 13:00,153,898,0,902,157,0
12/13/2025 13:15,142,858,0,864,148,0
12/13/2025 13:30,114,1002,0,1265,377,0
12/13/2025 13:45,204,895,0,1063,372,0
12/13/2025 14:00,234,887,0,1031,378,0
12/13/2025 14:15,123,856,0,1113,380,0
12/13/2025 14:30,88,899,0,1170,359,0
12/13/2025 14:45,43,864,0,1169,348,0
12/13/2025 15:00,33,585,0,876,324,0
12/13/2025 15:15,22,864,0,1124,282,0
12/13/2025 15:30,13,772,0,954,195,0
12/13/2025 15:45,1,608,0,769,162,0
12/13/2025 16:00,0,678,0,1,1,678
12/13/2025 16:15,0,613,10,0,0,623
12/13/2025 16:30,0,629,0,2,0,627
12/13/2025 16:45,0,622,0,0,0,622
12/13/2025 17:00,0,1055,1,0,0,1056
12/13/2025 17:15,0,925,6,0,0,931
12/13/2025 17:30,0,849,5,0,0,854
12/13/2025 17:45,0,710,4,0,0,714
12/13/2025 18:00,0,799,6,0,0,805
12/13/2025 18:15,0,668,0,20,0,648
12/13/2025 18:30,0,679,0,421,4,262
12/13/2025 18:45,0,657,0,662,5,0
12/13/2025 19:00,0,634,0,637,3,0
12/13/2025 19:15,0,666,0,670,4,0
12/13/2025 19:30,0,686,0,688,2,0
12/13/2025 19:45,0,656,0,656,0,0
12/13/2025 20:00,0,1051,0,1051,0,0
12/13/2025 20:15,0,1290,0,1290,0,0
12/13/2025 20:30,0,1188,0,1188,0,0
12/13/2025 20:45,0,1080,0,1080,0,0
12/13/2025 21:00,0,711,0,711,0,0
12/13/2025 21:15,0,651,0,651,0,0
12/13/2025 21:30,0,654,0,724,70,0
12/13/2025 21:45,0,673,0,680,7,0
12/13/2025 22:00,0,437,0,442,5,0
12/13/2025 22:15,0,170,0,239,69,0
12/13/2025 22:30,0,152,0,160,8,0
12/13/2025 22:45,0,592,0,597,5,0
12/13/2025 23:00,0,230,0,301,71,0
12/13/2025 23:15,0,241,0,247,6,0
12/13/2025 23:30,0,532,0,532,0,0
12/13/2025 23:45,0,371,0,430,59,0
12/14/2025 00:00,0,232,0,232,0,0
12/14/2025 00:15,0,678,0,681,3,0
12/14/2025 00:30,0,562,0,611,49,0
12/14/2025 00:45,0,642,0,646,4,0
12/14/2025 01:00,0,640,0,702,62,0
12/14/2025 01:15,0,579,0,586,7,0
12/14/2025 01:30,0,588,0,592,4,0
12/14/2025 01:45,0,683,0,742,59,0
12/14/2025 02:00,0,598,0,605,7,0
12/14/2025 02:15,0,604,0,661,57,0
12/14/2025 02:30,0,637,0,640,3,0
12/14/2025 02:45,0,578,0,582,4,0
12/14/2025 03:00,0,574,0,622,48,0
12/14/2025 03:15,0,584,0,588,4,0
12/14/2025 03:30,0,611,0,613,2,0
12/14/2025 03:45,0,584,0,638,54,0
12/14/2025 04:00,0,586,0,592,6,0
12/14/2025 04:15,0,628,0,669,41,0
12/14/2025 04:30,0,581,0,585,4,0
12/14/2025 04:45,0,585,0,639,54,0
12/14/2025 05:00,0,673,0,679,6,0
12/14/2025 05:15,0,557,0,605,48,0
12/14/2025 05:30,0,543,0,551,8,0
12/14/2025 05:45,0,714,0,760,46,0
12/14/2025 06:00,0,542,0,550,8,0
12/14/2025 06:15,0,563,0,569,6,0
12/14/2025 06:30,0,643,0,685,42,0
12/14/2025 06:45,0,662,0,668,6,0
12/14/2025 07:00,0,716,0,752,36,0
12/14/2025 07:15,0,653,0,658,5,0
12/14/2025 07:30,0,794,0,830,36,0
12/14/2025 07:45,0,705,0,707,2,0
12/14/2025 08:00,0,1034,0,1064,30,0
12/14/2025 08:15,0,733,0,774,41,0
12/14/2025 08:30,0,655,0,681,26,0
12/14/2025 08:45,0,610,0,646,36,0
12/14/2025 09:00,0,592,0,648,56,0
12/14/2025 09:15,0,591,0,623,32,0
12/14/2025 09:30,0,605,0,633,28,0
12/14/2025 09:45,0,750,0,791,41,0
12/14/2025 10:00,0,856,0,863,7,0
12/14/2025 10:15,0,727,0,755,28,0
12/14/2025 10:30,1,748,0,771,24,0
12/14/2025 10:45,13,577,0,626,62,0
12/14/2025 11:00,54,584,0,588,58,0
12/14/2025 11:15,75,623,0,628,80,0
12/14/2025 11:30,54,647,0,654,61,0
12/14/2025 11:45,98,615,0,618,101,0
12/14/2025 12:00,96,1006,0,1012,102,0
12/14/2025 12:15,92,631,0,638,99,0
12/14/2025 12:30,69,774,0,771,66,0
12/14/2025 12:45,59,691,0,698,66,0
12/14/2025 13:00,63,961,0,967,69,0
12/14/2025 13:15,86,1103,0,1109,92,0
12/14/2025 13:30,131,1052,0,1314,393,0
12/14/2025 13:45,99,1009,0,1330,420,0
12/14/2025 14:00,67,1023,0,1381,425,0
12/14/2025 14:15,42,1195,0,1600,447,0
12/14/2025 14:30,18,1018,0,1455,455,0
12/14/2025 14:45,10,850,0,1312,472,0
12/14/2025 15:00,11,606,0,1058,463,0
12/14/2025 15:15,10,718,0,1171,463,0
12/14/2025 15:30,4,858,0,1328,474,0
12/14/2025 15:45,0,643,0,1086,443,0
12/14/2025 16:00,0,582,2,0,0,584
12/14/2025 16:15,0,607,22,0,0,629
12/14/2025 16:30,0,858,13,0,0,871
12/14/2025 16:45,0,965,0,13,0,952
12/14/2025 17:00,0,1067,20,0,0,1087
12/14/2025 17:15,0,654,0,17,0,637
12/14/2025 17:30,0,842,0,23,0,819
12/14/2025 17:45,0,631,0,468,4,167
12/14/2025 18:00,0,794,0,797,3,0
12/14/2025 18:15,0,666,0,667,1,0
12/14/2025 18:30,0,781,0,782,1,0
12/14/2025 18:45,0,764,0,765,1,0
12/14/2025 19:00,0,751,0,751,0,0
12/14/2025 19:15,0,896,0,896,0,0
12/14/2025 19:30,0,719,0,720,1,0
12/14/2025 19:45,0,843,0,843,0,0
12/14/2025 20:00,0,741,0,743,2,0
12/14/2025 20:15,0,1016,0,1016,0,0
12/14/2025 20:30,0,957,0,1012,55,0
12/14/2025 20:45,0,1080,0,1082,2,0
12/14/2025 21:00,0,1844,0,1893,49,0
12/14/2025 21:15,0,2558,0,2559,1,0
12/14/2025 21:30,0,1363,0,1395,32,0
12/14/2025 21:45,0,1104,0,1117,13,0
12/14/2025 22:00,0,421,0,464,43,0
12/14/2025 22:15,0,318,0,360,42,0
12/14/2025 22:30,0,643,0,647,4,0
12/14/2025 22:45,0,305,0,305,0,0
12/14/2025 23:00,0,691,0,726,35,0
12/14/2025 23:15,0,221,0,224,3,0
12/14/2025 23:30,0,782,0,813,31,0
12/14/2025 23:45,0,800,0,802,2,0
12/15/2025 00:00,0,1016,0,1044,28,0
12/15/2025 00:15,0,725,0,763,38,0
12/15/2025 00:30,0,846,0,848,2,0
12/15/2025 00:45,0,637,0,669,32,0
12/15/2025 01:00,0,880,0,906,26,0
12/15/2025 01:15,0,660,0,691,31,0
12/15/2025 01:30,0,864,0,920,56,0
12/15/2025 01:45,0,775,0,807,32,0
12/15/2025 02:00,0,826,0,877,51,0
12/15/2025 02:15,0,734,0,767,33,0
12/15/2025 02:30,0,812,0,842,30,0
12/15/2025 02:45,0,959,0,1010,51,0
12/15/2025 03:00,0,684,0,715,31,0
12/15/2025 03:15,0,849,0,878,29,0
12/15/2025 03:30,0,641,0,700,59,0
12/15/2025 03:45,0,827,0,857,30,0
12/15/2025 04:00,0,701,0,732,31,0
12/15/2025 04:15,0,909,0,937,28,0
12/15/2025 04:30,0,976,0,1024,48,0
12/15/2025 04:45,0,798,0,828,30,0
12/15/2025 05:00,0,811,0,843,32,0
12/15/2025 05:15,0,673,0,729,56,0
12/15/2025 05:30,0,883,0,913,30,0
12/15/2025 05:45,0,641,0,671,30,0
12/15/2025 06:00,0,1007,0,1040,33,0
12/15/2025 06:15,0,806,0,853,47,0
12/15/2025 06:30,0,736,0,766,30,0
12/15/2025 06:45,0,970,0,1322,352,0
12/15/2025 07:00,0,875,0,1431,556,0
12/15/2025 07:15,0,991,0,1548,557,0
12/15/2025 07:30,0,846,0,1404,558,0
12/15/2025 07:45,5,795,0,1348,558,0
12/15/2025 08:00,16,790,0,1332,558,0
12/15/2025 08:15,30,773,0,1300,557,0
12/15/2025 08:30,47,802,0,1311,556,0
12/15/2025 08:45,66,761,0,1251,556,0
12/15/2025 09:00,88,781,0,831,138,0
12/15/2025 09:15,110,660,0,665,115,0
12/15/2025 09:30,145,782,0,786,149,0
12/15/2025 09:45,184,803,0,940,321,0
12/15/2025 10:00,235,766,0,795,264,0
12/15/2025 10:15,316,768,0,774,322,0
12/15/2025 10:30,360,944,0,952,368,0
12/15/2025 10:45,391,947,0,955,399,0
12/15/2025 11:00,444,946,0,963,461,0
12/15/2025 11:15,491,894,0,900,497,0
12/15/2025 11:30,534,619,0,627,542,0
12/15/2025 11:45,559,656,0,655,558,0
12/15/2025 12:00,597,643,0,605,559,0
12/15/2025 12:15,637,679,0,593,551,0
12/15/2025 12:30,654,676,0,582,560,0
12/15/2025 12:45,610,692,0,643,561,0
12/15/2025 13:00,516,702,0,739,553,0
12/15/2025 13:15,417,668,0,636,385,0
12/15/2025 13:30,297,561,0,427,163,0
12/15/2025 13:45,187,521,0,338,4,0
12/15/2025 14:00,140,551,0,413,2,0
12/15/2025 14:15,123,585,0,462,0,0
12/15/2025 14:30,106,674,0,570,2,0
12/15/2025 14:45,90,671,0,585,4,0
12/15/2025 15:00,78,929,0,851,0,0
12/15/2025 15:15,55,855,0,800,0,0
12/15/2025 15:30,26,886,0,860,0,0
12/15/2025 15:45,11,868,0,857,0,0
12/15/2025 16:00,0,838,0,838,0,0
12/15/2025 16:15,0,718,0,718,0,0
12/15/2025 16:30,0,757,0,757,0,0
12/15/2025 16:45,0,744,0,744,0,0
12/15/2025 17:00,0,732,0,732,0,0
12/15/2025 17:15,0,848,0,848,0,0
12/15/2025 17:30,0,1722,0,1724,2,0
12/15/2025 17:45,0,1184,0,1184,0,0
12/15/2025 18:00,0,1096,0,1096,0,0
12/15/2025 18:15,0,812,0,812,0,0
12/15/2025 18:30,0,776,0,776,0,0
12/15/2025 18:45,0,901,0,901,0,0
12/15/2025 19:00,0,976,0,976,0,0
12/15/2025 19:15,0,808,0,808,0,0
12/15/2025 19:30,0,835,0,835,0,0
12/15/2025 19:45,0,783,0,783,0,0
12/15/2025 20:00,0,1190,0,1190,0,0
12/15/2025 20:15,0,1118,0,1118,0,0
12/15/2025 20:30,0,1023,0,1023,0,0
12/15/2025 20:45,0,1004,0,1004,0,0
12/15/2025 21:00,0,1048,0,1048,0,0
12/15/2025 21:15,0,1803,0,1803,0,0
12/15/2025 21:30,0,2324,0,2324,0,0
12/15/2025 21:45,0,1362,0,1364,2,0
12/15/2025 22:00,0,280,0,282,2,0
12/15/2025 22:15,0,634,0,636,2,0
12/15/2025 22:30,0,201,0,201,0,0
12/15/2025 22:45,0,525,0,525,0,0
12/15/2025 23:00,0,637,0,637,0,0
12/15/2025 23:15,0,779,0,779,0,0
12/15/2025 23:30,0,662,0,662,0,0
12/15/2025 23:45,0,793,0,793,0,0
12/16/2025 00:00,0,1276,0,1276,0,0
12/16/2025 00:15,0,1171,0,1171,0,0
12/16/2025 00:30,0,1240,0,1240,0,0
12/16/2025 00:45,0,1215,0,1215,0,0
12/16/2025 01:00,0,1286,0,1286,0,0
12/16/2025 01:15,0,1149,0,1149,0,0
12/16/2025 01:30,0,1223,0,1223,0,0
12/16/2025 01:45,0,1255,0,1256,1,0
12/16/2025 02:00,0,1326,0,1326,0,0
12/16/2025 02:15,0,1324,0,1324,0,0
12/16/2025 02:30,0,1330,0,1330,0,0
12/16/2025 02:45,0,1182,0,1182,0,0
12/16/2025 03:00,0,1415,0,1415,0,0
12/16/2025 03:15,0,1224,0,1225,1,0
12/16/2025 03:30,0,1349,0,1349,0,0
12/16/2025 03:45,0,1176,0,1176,0,0
12/16/2025 04:00,0,1327,0,1327,0,0
12/16/2025 04:15,0,1186,0,1186,0,0
12/16/2025 04:30,0,1484,0,1484,0,0
12/16/2025 04:45,0,1310,0,1310,0,0
12/16/2025 05:00,0,1304,0,1304,0,0
12/16/2025 05:15,0,1133,0,1134,1,0
12/16/2025 05:30,0,1318,0,1319,1,0
12/16/2025 05:45,0,1121,0,1121,0,0
12/16/2025 06:00,0,1391,0,1391,0,0
12/16/2025 06:15,0,1175,0,1175,0,0
12/16/2025 06:30,0,1299,0,1299,0,0
12/16/2025 06:45,0,1174,0,1176,2,0
12/16/2025 07:00,0,1223,0,1224,1,0
12/16/2025 07:15,0,1333,0,1334,1,0
12/16/2025 07:30,3,1482,0,1480,1,0
12/16/2025 07:45,24,1319,0,1306,11,0
12/16/2025 08:00,60,706,0,693,47,0
12/16/2025 08:15,99,753,0,716,62,0
12/16/2025 08:30,95,1648,0,1557,4,0
12/16/2025 08:45,89,1637,0,1553,5,0
12/16/2025 09:00,115,1406,0,1329,38,0
12/16/2025 09:15,145,1680,0,1565,30,0
12/16/2025 09:30,195,1621,0,1426,0,0
12/16/2025 09:45,264,1734,0,1470,0,0
12/16/2025 10:00,321,1711,0,1428,38,0
12/16/2025 10:15,419,1536,0,1133,16,0
12/16/2025 10:30,484,1267,0,783,0,0
12/16/2025 10:45,536,1272,0,736,0,0
12/16/2025 11:00,589,1245,0,702,46,0
12/16/2025 11:15,649,1278,0,629,0,0
12/16/2025 11:30,685,1255,0,570,0,0
12/16/2025 11:45,694,1366,0,686,14,0
12/16/2025 12:00,716,1127,0,441,30,0
12/16/2025 12:15,729,1135,0,407,1,0
12/16/2025 12:30,716,1157,0,441,0,0
12/16/2025 12:45,681,1302,0,658,37,0
12/16/2025 13:00,587,1210,0,645,22,0
12/16/2025 13:15,450,1121,0,671,0,0
12/16/2025 13:30,311,1145,0,834,0,0
12/16/2025 13:45,197,1260,0,1087,24,0
12/16/2025 14:00,152,1330,0,1220,42,0
12/16/2025 14:15,128,1241,0,1113,0,0
12/16/2025 14:30,104,1639,0,1535,0,0
12/16/2025 14:45,85,1632,0,1547,0,0
12/16/2025 15:00,69,1202,0,1178,45,0
12/16/2025 15:15,52,1160,0,1136,28,0
12/16/2025 15:30,31,1144,0,1113,0,0
12/16/2025 15:45,14,1135,0,1121,0,0
12/16/2025 16:00,4,672,0,322,0,346
12/16/2025 16:15,0,608,0,42,1,567
12/16/2025 16:30,0,598,13,0,0,611
12/16/2025 16:45,0,643,7,0,0,650
12/16/2025 17:00,0,581,0,4,0,577
12/16/2025 17:15,0,562,0,4,0,558
12/16/2025 17:30,0,976,0,675,2,303
12/16/2025 17:45,0,697,0,700,3,0
12/16/2025 18:00,0,865,0,882,17,0
12/16/2025 18:15,0,621,0,649,28,0
12/16/2025 18:30,0,777,0,806,29,0
12/16/2025 18:45,0,616,0,645,29,0
12/16/2025 19:00,0,911,0,938,27,0
12/16/2025 19:15,0,618,0,646,28,0
12/16/2025 19:30,0,755,0,783,28,0
12/16/2025 19:45,0,583,0,595,12,0
12/16/2025 20:00,0,784,0,784,0,0
12/16/2025 20:15,0,953,0,953,0,0
12/16/2025 20:30,0,1449,0,1447,0,2
12/16/2025 20:45,0,1408,0,1408,0,0
12/16/2025 21:00,0,2482,0,2482,0,0
12/16/2025 21:15,0,1981,0,1981,0,0
12/16/2025 21:30,0,649,0,649,0,0
12/16/2025 21:45,0,735,0,735,0,0
12/16/2025 22:00,0,261,0,279,18,0
12/16/2025 22:15,0,539,0,539,4,4
12/16/2025 22:30,0,844,0,843,0,1
12/16/2025 22:45,0,513,0,510,0,3
12/16/2025 23:00,0,269,0,267,0,2
12/16/2025 23:15,0,610,0,610,0,0
12/16/2025 23:30,0,165,0,165,0,0
12/16/2025 23:45,0,307,0,307,0,0
12/17/2025 00:00,0,1026,0,1026,0,0
12/17/2025 00:15,0,910,0,910,0,0
12/17/2025 00:30,0,1037,0,1063,26,0
12/17/2025 00:45,0,762,0,764,2,0
12/17/2025 01:00,0,1256,0,1258,2,0
12/17/2025 01:15,0,1182,0,1182,0,0
12/17/2025 01:30,0,1383,0,1383,0,0
12/17/2025 01:45,0,1303,0,1303,0,0
12/17/2025 02:00,0,1381,0,1381,0,0
12/17/2025 02:15,0,1193,0,1195,2,0
12/17/2025 02:30,0,1242,0,1242,0,0
12/17/2025 02:45,0,1211,0,1213,2,0
12/17/2025 03:00,0,1167,0,1189,22,0
12/17/2025 03:15,0,1244,0,1244,0,0
12/17/2025 03:30,0,1185,0,1185,0,0
12/17/2025 03:45,0,1347,0,1347,0,0
12/17/2025 04:00,0,1178,0,1178,0,0
12/17/2025 04:15,0,1244,0,1244,0,0
12/17/2025 04:30,0,1179,0,1179,0,0
12/17/2025 04:45,0,1343,0,1343,0,0
12/17/2025 05:00,0,1272,0,1272,0,0
12/17/2025 05:15,0,1316,0,1324,8,0
12/17/2025 05:30,0,1189,0,1205,16,0
12/17/2025 05:45,0,1142,0,1142,0,0
12/17/2025 06:00,0,1229,0,1229,0,0
12/17/2025 06:15,0,1149,0,1149,0,0
12/17/2025 06:30,0,1337,0,1337,0,0
12/17/2025 06:45,0,1166,0,1166,0,0
12/17/2025 07:00,0,786,0,786,0,0
12/17/2025 07:15,32,715,0,703,20,0
12/17/2025 07:30,74,686,0,677,65,0
12/17/2025 07:45,104,615,0,607,96,0
12/17/2025 08:00,135,612,0,610,133,0
12/17/2025 08:15,135,628,0,619,126,0
12/17/2025 08:30,189,560,0,511,140,0
12/17/2025 08:45,205,565,0,532,172,0
12/17/2025 09:00,313,581,0,514,246,0
12/17/2025 09:15,387,594,0,461,254,0
12/17/2025 09:30,245,569,0,574,250,0
12/17/2025 09:45,177,567,0,563,173,0
12/17/2025 10:00,332,580,0,515,267,0
12/17/2025 10:15,499,612,0,403,290,0
12/17/2025 10:30,585,632,0,350,303,0
12/17/2025 10:45,536,474,0,254,316,0
12/17/2025 11:00,370,500,0,460,330,0
12/17/2025 11:15,227,485,0,523,265,0
12/17/2025 11:30,188,505,0,506,189,0
12/17/2025 11:45,240,456,0,454,238,0
12/17/2025 12:00,174,465,0,476,185,0
12/17/2025 12:15,169,446,0,444,167,0
12/17/2025 12:30,256,500,0,470,226,0
12/17/2025 12:45,312,520,0,432,224,0
12/17/2025 13:00,431,511,0,242,162,0
12/17/2025 13:15,464,470,0,69,63,0
12/17/2025 13:30,431,418,0,25,38,0
12/17/2025 13:45,329,412,0,91,8,0
12/17/2025 14:00,279,604,0,325,0,0
12/17/2025 14:15,259,692,0,435,2,0
12/17/2025 14:30,133,769,0,636,0,0
12/17/2025 14:45,117,639,0,540,18,0
12/17/2025 15:00,91,498,0,419,12,0
12/17/2025 15:15,74,481,0,407,0,0
12/17/2025 15:30,48,553,0,505,0,0
12/17/2025 15:45,23,536,0,513,0,0
12/17/2025 16:00,2,556,0,59,0,495
12/17/2025 16:15,0,565,32,0,0,597
12/17/2025 16:30,0,592,24,0,0,616
12/17/2025 16:45,0,603,0,1,0,602
12/17/2025 17:00,0,624,0,0,0,624
12/17/2025 17:15,0,639,0,386,2,255
12/17/2025 17:30,0,1211,0,1209,2,4
12/17/2025 17:45,0,579,0,582,3,0
12/17/2025 18:00,0,615,0,616,1,0
12/17/2025 18:15,0,611,0,613,2,0
12/17/2025 18:30,0,488,0,490,2,0
12/17/2025 18:45,0,599,0,604,5,0
12/17/2025 19:00,0,484,0,485,1,0
12/17/2025 19:15,0,556,0,556,0,0
12/17/2025 19:30,0,717,0,717,0,0
12/17/2025 19:45,0,552,0,552,0,0
12/17/2025 20:00,0,661,0,661,0,0
12/17/2025 20:15,0,491,0,491,0,0
12/17/2025 20:30,0,543,0,545,2,0
12/17/2025 20:45,0,672,0,672,0,0
12/17/2025 21:00,0,657,0,657,0,0
12/17/2025 21:15,0,641,0,641,0,0
12/17/2025 21:30,0,878,0,879,1,0
12/17/2025 21:45,0,572,0,573,1,0
12/17/2025 22:00,0,207,0,207,0,0
12/17/2025 22:15,0,573,0,573,0,0
12/17/2025 22:30,1,463,0,462,0,0
12/17/2025 22:45,0,418,0,418,0,0
12/17/2025 23:00,0,192,0,134,0,58
12/17/2025 23:15,0,192,0,134,0,58
12/17/2025 23:30,0,192,0,134,0,58
12/17/2025 23:45,0,194,0,12,0,182
12/18/2025 00:00,0,424,0,7,0,417
12/18/2025 00:15,0,113,0,5,0,108
12/18/2025 00:30,0,193,0,13,0,180
12/18/2025 00:45,0,516,0,8,0,508
12/18/2025 01:00,0,132,0,6,0,126
12/18/2025 01:15,0,189,0,14,0,175
12/18/2025 01:30,0,616,0,8,0,608
12/18/2025 01:45,0,536,0,6,0,530
12/18/2025 02:00,0,572,0,9,0,563
12/18/2025 02:15,0,614,0,72,6,548
12/18/2025 02:30,0,571,0,581,10,0
12/18/2025 02:45,0,602,0,608,6,0
12/18/2025 03:00,0,595,0,601,6,0
12/18/2025 03:15,0,598,0,602,4,0
12/18/2025 03:30,0,667,0,671,4,0
12/18/2025 03:45,0,605,0,608,3,0
12/18/2025 04:00,0,629,0,633,4,0
12/18/2025 04:15,0,631,0,636,5,0
12/18/2025 04:30,0,524,0,527,3,0
12/18/2025 04:45,0,614,0,617,3,0
12/18/2025 05:00,0,545,0,606,61,0
12/18/2025 05:15,0,531,0,538,7,0
12/18/2025 05:30,0,717,0,722,5,0
12/18/2025 05:45,0,620,0,680,60,0
12/18/2025 06:00,0,769,0,775,6,0
12/18/2025 06:15,0,567,0,624,57,0
12/18/2025 06:30,0,638,0,644,6,0
12/18/2025 06:45,0,780,0,785,5,0
12/18/2025 07:00,0,648,0,695,47,0
12/18/2025 07:15,10,632,0,629,7,0
12/18/2025 07:30,31,532,0,525,24,0
12/18/2025 07:45,54,560,0,554,48,0
12/18/2025 08:00,69,586,0,582,65,0
12/18/2025 08:15,90,592,0,598,96,0
12/18/2025 08:30,133,8,0,8,133,0
12/18/2025 08:45,188,-2,9,0,181,0
12/18/2025 09:00,271,0,7,0,264,0
12/18/2025 09:15,334,95,0,87,326,0
12/18/2025 09:30,409,969,0,963,403,0
12/18/2025 09:45,492,950,0,941,483,0
12/18/2025 10:00,547,929,0,926,544,0
12/18/2025 10:15,638,853,0,846,631,0
12/18/2025 10:30,697,742,0,733,688,0
12/18/2025 10:45,740,713,0,712,739,0
12/18/2025 11:00,771,654,0,644,761,0
12/18/2025 11:15,794,653,0,645,786,0
12/18/2025 11:30,818,1960,0,1974,832,0
12/18/2025 11:45,800,1942,0,1945,803,0
12/18/2025 12:00,779,694,0,701,786,0
12/18/2025 12:15,770,653,0,649,766,0
12/18/2025 12:30,749,801,0,800,748,0
12/18/2025 12:45,707,675,0,686,718,0
12/18/2025 13:00,610,661,0,666,615,0
12/18/2025 13:15,464,700,0,712,476,0
12/18/2025 13:30,322,702,0,710,330,0
12/18/2025 13:45,205,654,0,658,209,0
12/18/2025 14:00,164,653,0,660,171,0
12/18/2025 14:15,139,680,0,687,146,0
12/18/2025 14:30,128,664,0,671,135,0
12/18/2025 14:45,98,632,0,638,104,0
12/18/2025 15:00,77,396,0,400,81,0
12/18/2025 15:15,60,416,0,425,69,0
12/18/2025 15:30,46,483,0,492,55,0
12/18/2025 15:45,27,408,0,418,37,0
12/18/2025 16:00,8,446,13,0,2,453
12/18/2025 16:15,0,436,0,7,0,429
12/18/2025 16:30,0,434,1,0,0,435
12/18/2025 16:45,0,483,0,7,0,476
12/18/2025 17:00,0,528,0,2,0,526
12/18/2025 17:15,0,458,9,0,0,467
12/18/2025 17:30,0,889,0,10,0,879
12/18/2025 17:45,0,494,3,0,0,497
12/18/2025 18:00,0,585,0,1,0,584
12/18/2025 18:15,0,462,1,0,0,463
12/18/2025 18:30,0,553,0,5,0,548
12/18/2025 18:45,0,630,11,0,0,641
12/18/2025 19:00,0,399,0,15,0,384
12/18/2025 19:15,0,367,7,0,0,374
12/18/2025 19:30,0,191,0,4,0,187
12/18/2025 19:45,0,271,0,12,0,259
12/18/2025 20:00,0,572,24,6,6,596
12/18/2025 20:15,0,532,0,16,0,516
12/18/2025 20:30,0,1098,0,8,0,1090
12/18/2025 20:45,0,807,0,811,12,8
12/18/2025 21:00,0,907,0,909,2,0
12/18/2025 21:15,0,640,0,642,2,0
12/18/2025 21:30,0,677,0,679,2,0
12/18/2025 21:45,0,612,0,614,2,0
12/18/2025 22:00,0,190,0,190,0,0
12/18/2025 22:15,0,442,0,442,0,0
12/18/2025 22:30,0,169,0,171,2,0
12/18/2025 22:45,0,133,0,133,0,0
12/18/2025 23:00,0,134,0,136,2,0
12/18/2025 23:15,0,460,0,460,0,0
12/18/2025 23:30,0,321,0,406,85,0
12/18/2025 23:45,0,151,0,157,6,0
12/19/2025 00:00,0,182,0,184,2,0
12/19/2025 00:15,0,489,0,491,2,0
12/19/2025 00:30,0,110,0,114,4,0
12/19/2025 00:45,0,135,0,216,81,0
12/19/2025 01:00,0,452,0,458,6,0
12/19/2025 01:15,0,110,0,114,4,0
12/19/2025 01:30,0,119,0,124,5,0
12/19/2025 01:45,0,494,0,577,83,0
12/19/2025 02:00,0,130,0,136,6,0
12/19/2025 02:15,0,110,0,113,3,0
12/19/2025 02:30,0,387,0,456,69,0
12/19/2025 02:45,0,609,0,619,10,0
12/19/2025 03:00,0,422,0,426,4,0
12/19/2025 03:15,0,473,0,477,4,0
12/19/2025 03:30,0,394,0,465,71,0
12/19/2025 03:45,0,399,0,407,8,0
12/19/2025 04:00,0,428,0,429,1,0
12/19/2025 04:15,0,390,0,395,5,0
12/19/2025 04:30,0,339,0,343,4,0
12/19/2025 04:45,0,119,0,193,74,0
12/19/2025 05:00,0,202,0,208,6,0
12/19/2025 05:15,0,259,0,263,4,0
12/19/2025 05:30,0,125,0,129,4,0
12/19/2025 05:45,0,195,0,271,76,0
12/19/2025 06:00,0,508,0,516,8,0
12/19/2025 06:15,0,412,0,416,4,0
12/19/2025 06:30,0,411,0,415,4,0
12/19/2025 06:45,0,375,0,447,72,0
12/19/2025 07:00,0,385,0,393,8,0
12/19/2025 07:15,0,411,0,417,6,0
12/19/2025 07:30,0,445,0,449,4,0
12/19/2025 07:45,0,494,0,559,65,0
12/19/2025 08:00,14,389,0,455,80,0
12/19/2025 08:15,36,575,0,568,29,0
12/19/2025 08:30,29,722,0,729,36,0
12/19/2025 08:45,58,449,0,443,52,0
12/19/2025 09:00,75,827,0,2309,1557,0
12/19/2025 09:15,53,679,0,2253,1627,0
12/19/2025 09:30,33,669,0,2433,1797,0
12/19/2025 09:45,29,751,0,3085,2363,0
12/19/2025 10:00,42,642,0,3038,2438,0
12/19/2025 10:15,214,644,0,1967,1537,0
12/19/2025 10:30,119,564,0,647,202,0
12/19/2025 10:45,122,484,0,567,205,0
12/19/2025 11:00,156,470,0,485,171,0
12/19/2025 11:15,180,434,0,408,154,0
12/19/2025 11:30,90,554,0,619,155,0
12/19/2025 11:45,113,623,0,665,155,0
12/19/2025 12:00,118,763,0,756,111,0
12/19/2025 12:15,101,555,0,559,105,0
12/19/2025 12:30,74,702,0,763,135,0
12/19/2025 12:45,74,639,0,683,118,0
12/19/2025 13:00,81,742,0,716,55,0
12/19/2025 13:15,142,500,0,434,76,0
12/19/2025 13:30,74,738,0,740,76,0
12/19/2025 13:45,44,1207,0,1227,64,0
12/19/2025 14:00,44,1752,0,1771,63,0
12/19/2025 14:15,21,1540,0,1598,79,0
12/19/2025 14:30,28,689,0,748,87,0
12/19/2025 14:45,81,465,0,444,60,0
12/19/2025 15:00,28,204,0,258,82,0
12/19/2025 15:15,12,222,0,264,54,0
12/19/2025 15:30,12,440,0,512,84,0
12/19/2025 15:45,4,194,0,201,11,0
12/19/2025 16:00,0,160,15,0,0,175
12/19/2025 16:15,0,185,0,4,0,181
12/19/2025 16:30,0,171,0,5,0,166
12/19/2025 16:45,0,273,1,0,0,274
12/19/2025 17:00,0,710,0,8,0,702
12/19/2025 17:15,0,480,0,4,0,476
12/19/2025 17:30,0,552,0,5,0,547
12/19/2025 17:45,0,273,0,3,0,270
12/19/2025 18:00,0,391,0,5,0,386
12/19/2025 18:15,0,488,0,2,0,486
12/19/2025 18:30,0,177,0,4,0,173
12/19/2025 18:45,0,159,0,4,0,155
12/19/2025 19:00,0,156,0,4,0,152
12/19/2025 19:15,0,195,3,0,0,198
12/19/2025 19:30,0,173,0,3,0,170
12/19/2025 19:45,0,534,0,16,0,518
12/19/2025 20:00,0,621,0,8,5,618
12/19/2025 20:15,0,533,0,3,0,530
12/19/2025 20:30,0,178,0,3,0,175
12/19/2025 20:45,0,184,7,0,0,191
12/19/2025 21:00,0,447,0,9,0,438
12/19/2025 21:15,0,563,0,5,0,558
12/19/2025 21:30,0,777,0,3,0,774
12/19/2025 21:45,0,983,75,0,0,1058
12/19/2025 22:00,0,551,1,0,0,552
12/19/2025 22:15,0,438,0,293,12,157
12/19/2025 22:30,0,194,0,200,6,0
12/19/2025 22:45,0,324,0,326,2,0
12/19/2025 23:00,0,747,0,748,1,0
12/19/2025 23:15,0,323,0,326,3,0
12/19/2025 23:30,0,274,0,278,4,0
12/19/2025 23:45,0,183,0,184,1,0
12/20/2025 00:00,0,586,0,587,1,0
12/20/2025 00:15,0,322,0,322,0,0
12/20/2025 00:30,0,141,0,145,4,0
12/20/2025 00:45,0,426,0,432,6,0
12/20/2025 01:00,0,389,0,391,2,0
12/20/2025 01:15,0,142,0,145,3,0
12/20/2025 01:30,0,528,0,533,5,0
12/20/2025 01:45,0,278,0,356,78,0
12/20/2025 02:00,0,140,0,146,6,0
12/20/2025 02:15,0,572,0,576,4,0
12/20/2025 02:30,0,149,0,152,3,0
12/20/2025 02:45,0,260,0,325,65,0
12/20/2025 03:00,0,493,0,498,5,0
12/20/2025 03:15,0,145,0,203,58,0
12/20/2025 03:30,0,572,0,626,54,0
12/20/2025 03:45,0,620,0,677,57,0
12/20/2025 04:00,0,769,0,776,7,0
12/20/2025 04:15,0,556,0,610,54,0
12/20/2025 04:30,0,646,0,650,4,0
12/20/2025 04:45,0,542,0,594,52,0
12/20/2025 05:00,0,590,0,598,8,0
12/20/2025 05:15,0,551,0,557,6,0
12/20/2025 05:30,0,547,0,551,4,0
12/20/2025 05:45,0,744,0,788,44,0
12/20/2025 06:00,0,298,0,304,6,0
12/20/2025 06:15,0,539,0,583,44,0
12/20/2025 06:30,0,698,0,704,6,0
12/20/2025 06:45,0,761,0,765,4,0
12/20/2025 07:00,0,702,0,755,53,0
12/20/2025 07:15,8,691,0,689,6,0
12/20/2025 07:30,26,685,0,738,79,0
12/20/2025 07:45,49,730,0,721,40,0
12/20/2025 08:00,65,804,0,804,65,0
12/20/2025 08:15,83,646,0,639,76,0
12/20/2025 08:30,125,580,0,574,119,0
12/20/2025 08:45,180,567,0,558,171,0
12/20/2025 09:00,270,573,0,563,260,0
12/20/2025 09:15,338,545,0,551,344,0
12/20/2025 09:30,416,574,0,579,421,0
12/20/2025 09:45,508,543,0,544,509,0
12/20/2025 10:00,562,621,0,613,554,0
12/20/2025 10:15,656,826,0,816,646,0
12/20/2025 10:30,717,754,0,744,707,0
12/20/2025 10:45,756,560,0,554,750,0
12/20/2025 11:00,789,601,0,615,803,0
12/20/2025 11:15,825,136,0,137,826,0
12/20/2025 11:30,836,152,0,147,831,0
12/20/2025 11:45,788,556,0,556,788,0
12/20/2025 12:00,779,685,0,722,816,0
12/20/2025 12:15,803,713,0,746,836,0
12/20/2025 12:30,777,612,0,641,806,0
12/20/2025 12:45,732,757,0,764,739,0
12/20/2025 13:00,634,860,0,862,636,0
12/20/2025 13:15,499,831,0,806,474,0
12/20/2025 13:30,361,826,0,667,202,0
12/20/2025 13:45,207,488,0,365,84,0
12/20/2025 14:00,203,512,0,362,53,0
12/20/2025 14:15,189,910,0,776,55,0
12/20/2025 14:30,165,587,0,513,91,0
12/20/2025 14:45,134,1030,0,953,57,0
12/20/2025 15:00,78,678,0,669,69,0
12/20/2025 15:15,81,623,0,544,2,0
12/20/2025 15:30,47,637,0,640,50,0
12/20/2025 15:45,21,656,0,635,0,0
12/20/2025 16:00,4,384,0,38,0,342
12/20/2025 16:15,0,160,0,2,0,158
12/20/2025 16:30,0,148,0,7,0,141
12/20/2025 16:45,0,168,0,5,0,163
12/20/2025 17:00,0,295,0,8,0,287
12/20/2025 17:15,0,793,10,0,0,803
12/20/2025 17:30,0,696,17,0,0,713
12/20/2025 17:45,0,677,0,11,0,666
12/20/2025 18:00,0,708,4,0,0,712
12/20/2025 18:15,0,600,0,3,0,597
12/20/2025 18:30,0,669,0,6,0,663
12/20/2025 18:45,0,582,0,6,0,576
12/20/2025 19:00,0,604,0,4,0,600
12/20/2025 19:15,0,617,0,10,0,607
12/20/2025 19:30,0,680,0,2,0,678
12/20/2025 19:45,0,586,0,4,0,582
12/20/2025 20:00,0,684,0,11,2,675
12/20/2025 20:15,0,584,11,0,0,595
12/20/2025 20:30,0,238,8,0,0,246
12/20/2025 20:45,0,415,0,13,0,402
12/20/2025 21:00,0,569,0,578,15,6
12/20/2025 21:15,2,1104,0,1104,2,0
12/20/2025 21:30,0,2361,0,2362,1,0
12/20/2025 21:45,0,1714,0,1714,0,0
12/20/2025 22:00,0,527,0,527,0,0
12/20/2025 22:15,0,511,0,511,0,0
12/20/2025 22:30,0,210,0,210,0,0
12/20/2025 22:45,0,200,0,200,0,0
12/20/2025 23:00,0,641,0,641,0,0
12/20/2025 23:15,0,177,0,178,1,0
12/20/2025 23:30,0,133,0,133,0,0
12/20/2025 23:45,0,527,0,528,1,0
12/21/2025 00:00,0,189,0,193,4,0
12/21/2025 00:15,0,144,0,205,61,0
12/21/2025 00:30,0,462,0,470,8,0
12/21/2025 00:45,0,292,0,294,2,0
12/21/2025 01:00,0,121,0,146,25,0
12/21/2025 01:15,0,513,0,552,39,0
12/21/2025 01:30,0,203,0,205,2,0
12/21/2025 01:45,0,582,0,586,4,0
12/21/2025 02:00,0,599,0,653,54,0
12/21/2025 02:15,0,550,0,558,8,0
12/21/2025 02:30,0,596,0,598,2,0
12/21/2025 02:45,0,542,0,602,60,0
12/21/2025 03:00,0,329,0,391,62,0
12/21/2025 03:15,0,438,0,446,8,0
12/21/2025 03:30,0,497,0,499,2,0
12/21/2025 03:45,0,543,0,597,54,0
12/21/2025 04:00,0,445,0,455,10,0
12/21/2025 04:15,0,409,0,412,3,0
12/21/2025 04:30,0,504,0,560,56,0
12/21/2025 04:45,0,408,0,415,7,0
12/21/2025 05:00,0,420,0,424,4,0
12/21/2025 05:15,0,498,0,548,50,0
12/21/2025 05:30,0,514,0,518,4,0
12/21/2025 05:45,0,382,0,384,2,0
12/21/2025 06:00,0,471,0,522,51,0
12/21/2025 06:15,0,390,0,397,7,0
12/21/2025 06:30,0,524,0,527,3,0
12/21/2025 06:45,0,499,0,551,52,0
12/21/2025 07:00,0,552,0,560,8,0
12/21/2025 07:15,4,597,0,651,58,0
12/21/2025 07:30,25,665,0,662,22,0
12/21/2025 07:45,31,735,0,724,20,0
12/21/2025 08:00,62,569,0,926,419,0
12/21/2025 08:15,91,464,0,461,88,0
12/21/2025 08:30,129,522,0,521,128,0
12/21/2025 08:45,178,496,0,497,179,0
12/21/2025 09:00,261,470,0,462,253,0
12/21/2025 09:15,326,677,0,674,323,0
12/21/2025 09:30,399,691,0,694,402,0
12/21/2025 09:45,488,700,0,711,499,0
12/21/2025 10:00,542,409,0,409,542,0
12/21/2025 10:15,633,404,0,398,627,0
12/21/2025 10:30,664,385,0,395,674,0
12/21/2025 10:45,749,386,0,386,749,0
12/21/2025 11:00,786,390,0,384,780,0
12/21/2025 11:15,805,412,0,413,806,0
12/21/2025 11:30,793,386,0,377,784,0
12/21/2025 11:45,548,403,0,409,554,0
12/21/2025 12:00,334,604,0,610,340,0
12/21/2025 12:15,697,624,0,629,702,0
12/21/2025 12:30,826,559,0,578,845,0
12/21/2025 12:45,419,406,0,420,433,0
12/21/2025 13:00,120,511,0,512,121,0
12/21/2025 13:15,468,595,0,593,466,0
12/21/2025 13:30,318,708,0,711,321,0
12/21/2025 13:45,218,418,0,422,222,0
12/21/2025 14:00,172,484,0,486,174,0
12/21/2025 14:15,95,886,0,887,96,0
12/21/2025 14:30,121,593,0,755,283,0
12/21/2025 14:45,115,518,0,866,463,0
12/21/2025 15:00,148,523,0,542,167,0
12/21/2025 15:15,103,652,0,654,105,0
12/21/2025 15:30,60,587,0,622,95,0
12/21/2025 15:45,36,553,0,613,96,0
12/21/2025 16:00,10,563,0,33,4,524
12/21/2025 16:15,0,599,0,3,0,596
12/21/2025 16:30,0,592,0,7,0,585
12/21/2025 16:45,0,571,0,4,0,567
12/21/2025 17:00,0,573,0,6,0,567
12/21/2025 17:15,0,824,1,0,0,825
12/21/2025 17:30,0,795,34,0,0,829
12/21/2025 17:45,0,263,0,0,0,263
12/21/2025 18:00,0,581,0,15,0,566
12/21/2025 18:15,0,437,0,0,0,437
12/21/2025 18:30,0,230,0,12,0,218
12/21/2025 18:45,0,840,8,0,0,848
12/21/2025 19:00,0,779,0,0,0,779
12/21/2025 19:15,0,607,4,0,0,611
12/21/2025 19:30,0,782,15,0,0,797
12/21/2025 19:45,0,647,0,2,0,645
12/21/2025 20:00,0,602,0,217,9,394
12/21/2025 20:15,0,746,0,757,11,0
12/21/2025 20:30,0,860,0,861,1,0
12/21/2025 20:45,0,754,0,754,0,0
12/21/2025 21:00,0,999,0,999,0,0
12/21/2025 21:15,0,649,0,649,0,0
12/21/2025 21:30,0,619,0,619,0,0
12/21/2025 21:45,0,390,0,390,0,0
12/21/2025 22:00,0,404,0,406,2,0
12/21/2025 22:15,0,189,0,191,2,0
12/21/2025 22:30,0,571,0,575,4,0
12/21/2025 22:45,0,160,0,164,4,0
12/21/2025 23:00,0,259,0,262,3,0
12/21/2025 23:15,0,513,0,516,3,0
12/21/2025 23:30,0,148,0,151,3,0
12/21/2025 23:45,0,353,0,421,68,0
12/22/2025 00:00,0,357,0,364,7,0
12/22/2025 00:15,0,169,0,170,1,0
12/22/2025 00:30,0,517,0,569,52,0
12/22/2025 00:45,0,197,0,206,9,0
12/22/2025 01:00,0,224,0,228,4,0
12/22/2025 01:15,0,688,0,740,52,0
12/22/2025 01:30,0,566,0,575,9,0
12/22/2025 01:45,0,678,0,679,1,0
12/22/2025 02:00,0,515,0,565,50,0
12/22/2025 02:15,0,573,0,577,4,0
12/22/2025 02:30,0,588,0,594,6,0
12/22/2025 02:45,0,516,0,566,50,0
12/22/2025 03:00,0,668,0,723,55,0
12/22/2025 03:15,0,586,0,641,55,0
12/22/2025 03:30,0,687,0,742,55,0
12/22/2025 03:45,0,590,0,597,7,0
12/22/2025 04:00,0,575,0,616,41,0
12/22/2025 04:15,0,636,0,642,6,0
12/22/2025 04:30,0,515,0,552,37,0
12/22/2025 04:45,0,668,0,707,39,0
12/22/2025 05:00,0,540,0,584,44,0
12/22/2025 05:15,0,664,0,672,8,0
12/22/2025 05:30,0,607,0,639,32,0
12/22/2025 05:45,0,672,0,741,69,0
12/22/2025 06:00,0,662,0,673,11,0
12/22/2025 06:15,0,612,0,649,37,0
12/22/2025 06:30,0,681,0,687,6,0
12/22/2025 06:45,0,570,0,574,4,0
12/22/2025 07:00,0,600,0,625,25,0
12/22/2025 07:15,4,704,0,773,73,0
12/22/2025 07:30,25,680,0,681,26,0
12/22/2025 07:45,48,676,0,664,36,0
12/22/2025 08:00,64,669,0,659,54,0
12/22/2025 08:15,84,838,0,836,82,0
12/22/2025 08:30,125,856,0,849,118,0
12/22/2025 08:45,180,831,0,825,174,0
12/22/2025 09:00,267,952,0,943,258,0
12/22/2025 09:15,340,896,0,891,335,0
12/22/2025 09:30,415,903,0,893,405,0
12/22/2025 09:45,511,951,0,905,465,0
12/22/2025 10:00,566,733,0,634,467,0
12/22/2025 10:15,664,1037,0,837,464,0
12/22/2025 10:30,731,909,0,644,466,0
12/22/2025 10:45,770,1027,0,765,508,0
12/22/2025 11:00,800,982,0,904,722,0
12/22/2025 11:15,836,1070,0,980,746,0
12/22/2025 11:30,844,1056,0,969,757,0
12/22/2025 11:45,833,802,0,731,762,0
12/22/2025 12:00,812,762,0,722,772,0
12/22/2025 12:15,805,1402,0,1367,770,0
12/22/2025 12:30,780,1614,0,1604,770,0
12/22/2025 12:45,737,1434,0,1450,753,0
12/22/2025 13:00,647,1376,0,1403,674,0
12/22/2025 13:15,499,1456,0,1466,509,0
12/22/2025 13:30,350,1370,0,1379,359,0
12/22/2025 13:45,221,1358,0,1364,227,0
12/22/2025 14:00,169,1404,0,1411,176,0
12/22/2025 14:15,140,1388,0,1393,145,0
12/22/2025 14:30,122,2574,0,2605,153,0
12/22/2025 14:45,98,2633,0,2732,197,0
12/22/2025 15:00,82,1652,0,1772,202,0
12/22/2025 15:15,64,1127,0,1236,173,0
12/22/2025 15:30,43,1199,0,1261,105,0
12/22/2025 15:45,25,1206,0,1246,65,0
12/22/2025 16:00,6,574,0,48,6,526
12/22/2025 16:15,0,721,1,0,0,722
12/22/2025 16:30,0,922,2,0,0,924
12/22/2025 16:45,0,700,0,0,0,700
12/22/2025 17:00,0,569,0,3,0,566
12/22/2025 17:15,0,557,0,1,0,556
12/22/2025 17:30,0,963,0,21,0,942
12/22/2025 17:45,0,791,0,0,0,791
12/22/2025 18:00,0,750,3,0,0,753
12/22/2025 18:15,0,262,0,12,0,250
12/22/2025 18:30,0,663,0,4,0,659
12/22/2025 18:45,0,737,0,20,0,717
12/22/2025 19:00,0,932,1,0,0,933
12/22/2025 19:15,0,717,29,0,0,746
12/22/2025 19:30,0,908,0,430,8,486
12/22/2025 19:45,0,592,0,603,11,0
12/22/2025 20:00,0,840,0,845,5,0
12/22/2025 20:15,0,773,0,778,5,0
12/22/2025 20:30,0,914,0,916,2,0
12/22/2025 20:45,0,648,0,651,3,0
12/22/2025 21:00,0,510,0,511,1,0
12/22/2025 21:15,0,822,0,825,3,0
12/22/2025 21:30,0,819,0,823,4,0
12/22/2025 21:45,0,1036,0,1042,6,0
12/22/2025 22:00,0,221,0,226,5,0
12/22/2025 22:15,0,177,0,180,3,0
12/22/2025 22:30,0,618,0,624,6,0
12/22/2025 22:45,0,133,0,138,5,0
12/22/2025 23:00,0,289,0,331,42,0
12/22/2025 23:15,0,445,0,493,48,0
12/22/2025 23:30,0,145,0,182,37,0
12/22/2025 23:45,0,586,0,624,38,0
12/23/2025 00:00,0,169,0,206,37,0
12/23/2025 00:15,0,540,0,547,7,0
12/23/2025 00:30,0,660,0,728,68,0
12/23/2025 00:45,0,771,0,801,30,0
12/23/2025 01:00,0,599,0,609,10,0
12/23/2025 01:15,0,680,0,722,42,0
12/23/2025 01:30,0,686,0,720,34,0
12/23/2025 01:45,0,692,0,700,8,0
12/23/2025 02:00,0,594,0,618,24,0
12/23/2025 02:15,0,603,0,651,48,0
12/23/2025 02:30,0,629,0,683,54,0
12/23/2025 02:45,0,619,0,652,33,0
12/23/2025 03:00,0,617,0,637,20,0
12/23/2025 03:15,0,562,0,584,22,0
12/23/2025 03:30,0,661,0,715,54,0
12/23/2025 03:45,0,654,0,662,8,0
12/23/2025 04:00,0,697,0,749,52,0
12/23/2025 04:15,0,588,0,624,36,0
12/23/2025 04:30,0,692,0,895,203,0
12/23/2025 04:45,0,572,0,580,8,0
12/23/2025 05:00,0,720,0,746,26,0
12/23/2025 05:15,0,528,0,573,45,0
12/23/2025 05:30,0,633,0,643,10,0
12/23/2025 05:45,0,544,0,570,26,0
12/23/2025 06:00,0,752,0,778,26,0
12/23/2025 06:15,0,520,0,545,25,0
12/23/2025 06:30,0,640,0,682,42,0
12/23/2025 06:45,0,573,0,600,27,0
12/23/2025 07:00,0,623,0,665,42,0
12/23/2025 07:15,0,652,0,678,26,0
12/23/2025 07:30,11,660,0,715,66,0
12/23/2025 07:45,69,687,0,678,60,0
12/23/2025 08:00,94,624,0,629,99,0
12/23/2025 08:15,119,1232,0,1233,120,0
12/23/2025 08:30,129,1482,0,1485,132,0
12/23/2025 08:45,155,1485,0,1490,160,0
12/23/2025 09:00,133,1439,0,1443,137,0
12/23/2025 09:15,136,1405,0,1407,138,0
12/23/2025 09:30,122,1398,0,1400,124,0
12/23/2025 09:45,107,1370,0,1371,108,0
12/23/2025 10:00,70,1354,0,1358,74,0
12/23/2025 10:15,81,1395,0,1395,81,0
12/23/2025 10:30,176,1451,0,1445,170,0
12/23/2025 10:45,259,1552,0,1545,252,0
12/23/2025 11:00,241,1356,0,1368,253,0
12/23/2025 11:15,343,1388,0,1384,339,0
12/23/2025 11:30,301,1431,0,1445,315,0
12/23/2025 11:45,195,1415,0,1414,194,0
12/23/2025 12:00,367,1420,0,1420,367,0
12/23/2025 12:15,278,1449,0,1451,280,0
12/23/2025 12:30,245,1424,0,1424,245,0
12/23/2025 12:45,240,1430,0,1438,248,0
12/23/2025 13:00,176,1390,0,1392,178,0
12/23/2025 13:15,145,1349,0,1351,147,0
12/23/2025 13:30,129,1351,0,1356,134,0
12/23/2025 13:45,81,1345,0,1353,89,0
12/23/2025 14:00,68,1348,0,1484,204,0
12/23/2025 14:15,100,890,0,996,206,0
12/23/2025 14:30,51,831,0,982,202,0
12/23/2025 14:45,43,888,0,1047,202,0
12/23/2025 15:00,30,811,0,984,203,0
12/23/2025 15:15,13,754,0,942,201,0
12/23/2025 15:30,6,673,0,864,197,0
12/23/2025 15:45,1,774,0,970,197,0
12/23/2025 16:00,0,850,0,54,1,797
12/23/2025 16:15,0,877,0,6,0,871
12/23/2025 16:30,0,952,0,13,0,939
12/23/2025 16:45,0,806,12,0,0,818
12/23/2025 17:00,0,732,1,0,0,733
12/23/2025 17:15,0,643,0,355,9,297
12/23/2025 17:30,0,980,0,991,11,0
12/23/2025 17:45,0,1003,0,1007,4,0
12/23/2025 18:00,0,742,0,747,5,0
12/23/2025 18:15,0,693,0,700,7,0
12/23/2025 18:30,0,643,0,647,4,0
12/23/2025 18:45,0,658,0,662,4,0
12/23/2025 19:00,0,945,0,946,1,0
12/23/2025 19:15,0,656,0,661,5,0
12/23/2025 19:30,0,743,0,746,3,0
12/23/2025 19:45,0,591,0,596,5,0
12/23/2025 20:00,0,592,0,596,4,0
12/23/2025 20:15,0,648,0,650,2,0
12/23/2025 20:30,0,911,0,911,0,0
12/23/2025 20:45,0,993,0,997,4,0
12/23/2025 21:00,0,968,0,1027,59,0
12/23/2025 21:15,0,916,0,924,8,0
12/23/2025 21:30,0,1114,0,1166,52,0
12/23/2025 21:45,0,1066,0,1074,8,0
12/23/2025 22:00,0,921,0,975,54,0
12/23/2025 22:15,0,688,0,694,6,0
12/23/2025 22:30,0,153,0,197,44,0
12/23/2025 22:45,0,596,0,605,9,0
12/23/2025 23:00,0,583,0,635,52,0
12/23/2025 23:15,0,553,0,561,8,0
12/23/2025 23:30,0,430,0,480,50,0
12/23/2025 23:45,0,186,0,195,9,0
12/24/2025 00:00,0,395,0,436,41,0
12/24/2025 00:15,0,295,0,302,7,0
12/24/2025 00:30,0,160,0,203,43,0
12/24/2025 00:45,0,407,0,413,6,0
12/24/2025 01:00,0,405,0,449,44,0
12/24/2025 01:15,0,335,0,341,6,0
12/24/2025 01:30,0,694,0,738,44,0
12/24/2025 01:45,0,563,0,569,6,0
12/24/2025 02:00,0,614,0,659,45,0
12/24/2025 02:15,0,557,0,565,8,0
12/24/2025 02:30,0,533,0,579,46,0
12/24/2025 02:45,0,639,0,649,10,0
12/24/2025 03:00,0,551,0,592,41,0
12/24/2025 03:15,0,613,0,622,9,0
12/24/2025 03:30,0,537,0,573,36,0
12/24/2025 03:45,0,540,0,580,40,0
12/24/2025 04:00,0,708,0,717,9,0
12/24/2025 04:15,0,571,0,612,41,0
12/24/2025 04:30,0,621,0,661,40,0
12/24/2025 04:45,0,602,0,652,50,0
12/24/2025 05:00,0,602,0,649,47,0
12/24/2025 05:15,0,587,0,635,48,0
12/24/2025 05:30,0,531,0,539,8,0
12/24/2025 05:45,0,575,0,614,39,0
12/24/2025 06:00,0,570,0,575,5,0
12/24/2025 06:15,0,408,0,448,40,0
12/24/2025 06:30,0,380,0,388,8,0
12/24/2025 06:45,0,350,0,356,6,0
12/24/2025 07:00,0,611,0,650,39,0
12/24/2025 07:15,0,626,0,632,6,0
12/24/2025 07:30,3,671,0,704,36,0
12/24/2025 07:45,40,667,0,663,36,0
12/24/2025 08:00,63,738,0,733,58,0
12/24/2025 08:15,108,690,0,694,112,0
12/24/2025 08:30,128,656,0,662,134,0
12/24/2025 08:45,177,659,0,660,178,0
12/24/2025 09:00,353,571,0,1074,856,0
12/24/2025 09:15,346,618,0,1196,924,0
12/24/2025 09:30,416,531,0,1090,975,0
12/24/2025 09:45,479,536,0,1068,1011,0
12/24/2025 10:00,524,538,0,606,592,0
12/24/2025 10:15,631,167,0,172,636,0
12/24/2025 10:30,541,166,0,159,534,0
12/24/2025 10:45,394,536,0,541,399,0
12/24/2025 11:00,308,665,0,911,554,0
12/24/2025 11:15,253,611,0,1363,1005,0
12/24/2025 11:30,324,603,0,1303,1024,0
12/24/2025 11:45,305,627,0,1315,993,0
12/24/2025 12:00,219,938,0,1607,888,0
12/24/2025 12:15,298,559,0,975,714,0
12/24/2025 12:30,320,720,0,817,417,0
12/24/2025 12:45,269,563,0,454,160,0
12/24/2025 13:00,450,588,0,294,156,0
12/24/2025 13:15,185,804,0,721,102,0
12/24/2025 13:30,276,1074,0,866,68,0
12/24/2025 13:45,296,873,0,655,78,0
12/24/2025 14:00,409,962,0,623,70,0
12/24/2025 14:15,303,877,0,634,60,0
12/24/2025 14:30,240,909,0,734,65,0
12/24/2025 14:45,185,647,0,524,62,0
12/24/2025 15:00,109,600,0,552,61,0
12/24/2025 15:15,73,641,0,626,58,0
12/24/2025 15:30,50,571,0,565,44,0
12/24/2025 15:45,34,559,0,525,0,0
12/24/2025 16:00,9,572,0,39,0,524
12/24/2025 16:15,0,609,0,7,0,602
12/24/2025 16:30,0,590,0,6,0,584
12/24/2025 16:45,0,583,0,10,0,573
12/24/2025 17:00,0,598,0,5,0,593
12/24/2025 17:15,0,773,0,3,0,770
12/24/2025 17:30,0,898,7,0,0,905
12/24/2025 17:45,0,686,3,0,0,689
12/24/2025 18:00,0,646,16,0,0,662
12/24/2025 18:15,0,354,0,14,0,340
12/24/2025 18:30,0,652,0,0,0,652
12/24/2025 18:45,0,474,0,16,0,458
12/24/2025 19:00,0,879,0,3,0,876
12/24/2025 19:15,0,831,0,503,10,338
12/24/2025 19:30,0,697,0,707,10,0
12/24/2025 19:45,0,733,0,734,1,0
12/24/2025 20:00,0,602,0,603,1,0
12/24/2025 20:15,0,800,0,802,2,0
12/24/2025 20:30,0,1012,0,1012,0,0
12/24/2025 20:45,0,1472,0,1472,0,0
12/24/2025 21:00,0,2224,0,2225,1,0
12/24/2025 21:15,0,1741,0,1741,0,0
12/24/2025 21:30,0,1129,0,1129,0,0
12/24/2025 21:45,0,1234,0,1234,0,0
12/24/2025 22:00,0,735,0,735,0,0
12/24/2025 22:15,0,444,0,444,0,0
12/24/2025 22:30,0,722,0,723,1,0
12/24/2025 22:45,0,591,0,593,2,0
12/24/2025 23:00,0,468,0,469,1,0
12/24/2025 23:15,0,744,0,748,4,0
12/24/2025 23:30,0,360,0,365,5,0
12/24/2025 23:45,0,518,0,524,6,0
12/25/2025 00:00,0,667,0,671,4,0
12/25/2025 00:15,0,411,0,417,6,0
12/25/2025 00:30,0,677,0,683,6,0
12/25/2025 00:45,0,519,0,525,6,0
12/25/2025 01:00,0,617,0,623,6,0
12/25/2025 01:15,0,1035,0,1041,6,0
12/25/2025 01:30,0,927,0,933,6,0
12/25/2025 01:45,0,1022,0,1028,6,0
12/25/2025 02:00,0,809,0,815,6,0
12/25/2025 02:15,0,897,0,903,6,0
12/25/2025 02:30,0,743,0,751,8,0
12/25/2025 02:45,0,758,0,763,5,0
12/25/2025 03:00,0,859,0,865,6,0
12/25/2025 03:15,0,818,0,823,5,0
12/25/2025 03:30,0,724,0,729,5,0
12/25/2025 03:45,0,609,0,614,5,0
12/25/2025 04:00,0,738,0,743,5,0
12/25/2025 04:15,0,616,0,621,5,0
12/25/2025 04:30,0,754,0,759,5,0
12/25/2025 04:45,0,911,0,916,5,0
12/25/2025 05:00,0,803,0,808,5,0
12/25/2025 05:15,0,751,0,756,5,0
12/25/2025 05:30,0,355,0,361,6,0
12/25/2025 05:45,0,519,0,524,5,0
12/25/2025 06:00,0,569,0,574,5,0
12/25/2025 06:15,0,512,0,516,4,0
12/25/2025 06:30,0,895,0,900,5,0
12/25/2025 06:45,0,929,0,934,5,0
12/25/2025 07:00,0,926,0,931,5,0
12/25/2025 07:15,0,845,0,850,5,0
12/25/2025 07:30,0,1232,0,1234,2,0
12/25/2025 07:45,0,1238,0,1241,3,0
12/25/2025 08:00,0,1061,0,1065,4,0
12/25/2025 08:15,1,908,0,912,5,0
12/25/2025 08:30,47,904,0,897,40,0
12/25/2025 08:45,70,888,0,894,76,0
12/25/2025 09:00,51,846,0,1261,466,0
12/25/2025 09:15,68,848,0,1247,467,0
12/25/2025 09:30,70,844,0,1240,466,0
12/25/2025 09:45,35,821,0,1409,623,0
12/25/2025 10:00,82,820,0,1516,778,0
12/25/2025 10:15,87,793,0,1505,799,0
12/25/2025 10:30,107,809,0,1516,814,0
12/25/2025 10:45,129,830,0,1529,828,0
12/25/2025 11:00,179,850,0,1507,836,0
12/25/2025 11:15,159,853,0,1538,844,0
12/25/2025 11:30,152,940,0,1629,841,0
12/25/2025 11:45,233,811,0,1413,835,0
12/25/2025 12:00,363,1336,0,1756,783,0
12/25/2025 12:15,531,821,0,974,684,0
12/25/2025 12:30,760,925,0,694,529,0
12/25/2025 12:45,660,792,0,413,281,0
12/25/2025 13:00,427,972,0,626,81,0
12/25/2025 13:15,441,901,0,520,60,0
12/25/2025 13:30,328,864,0,569,33,0
12/25/2025 13:45,300,859,0,577,18,0
12/25/2025 14:00,220,884,0,676,12,0
12/25/2025 14:15,244,662,0,430,12,0
12/25/2025 14:30,137,909,0,807,35,0
12/25/2025 14:45,77,551,0,493,19,0
12/25/2025 15:00,82,596,0,514,0,0
12/25/2025 15:15,101,772,0,697,26,0
12/25/2025 15:30,22,749,0,746,20,1
12/25/2025 15:45,7,737,0,729,0,1
12/25/2025 16:00,3,449,0,9,0,437
12/25/2025 16:15,0,228,0,1,0,227
12/25/2025 16:30,0,243,0,5,0,238
12/25/2025 16:45,0,340,2,0,0,342
12/25/2025 17:00,0,536,0,6,0,530
12/25/2025 17:15,0,561,0,13,0,548
12/25/2025 17:30,0,796,0,9,0,787
12/25/2025 17:45,0,884,0,1,0,883
12/25/2025 18:00,0,877,0,4,0,873
12/25/2025 18:15,0,658,0,6,0,652
12/25/2025 18:30,0,721,0,1,0,720
12/25/2025 18:45,0,678,0,13,0,665
12/25/2025 19:00,0,662,11,0,0,673
12/25/2025 19:15,0,832,2,0,0,834
12/25/2025 19:30,0,911,2,0,0,913
12/25/2025 19:45,0,991,0,29,1,963
12/25/2025 20:00,0,963,0,1167,204,0
12/25/2025 20:15,0,886,0,2188,1302,0
12/25/2025 20:30,0,1003,0,2299,1296,0
12/25/2025 20:45,0,1013,0,2352,1339,0
12/25/2025 21:00,0,1020,0,2390,1370,0
12/25/2025 21:15,0,1102,0,2468,1366,0
12/25/2025 21:30,0,731,0,2056,1325,0
12/25/2025 21:45,0,870,0,2176,1306,0
12/25/2025 22:00,0,267,0,1422,1155,0
12/25/2025 22:15,0,706,0,1381,675,0
12/25/2025 22:30,0,226,0,386,160,0
12/25/2025 22:45,0,926,0,977,51,0
12/25/2025 23:00,0,1156,0,1208,52,0
12/25/2025 23:15,0,1234,0,1307,73,0
12/25/2025 23:30,0,1459,0,1517,58,0
12/25/2025 23:45,0,1091,0,1165,74,0
12/26/2025 00:00,0,1476,0,1563,87,0
12/26/2025 00:15,0,1130,0,1204,74,0
12/26/2025 00:30,0,1735,0,1787,52,0
12/26/2025 00:45,0,1716,0,1779,63,0
12/26/2025 01:00,0,1894,0,1959,65,0
12/26/2025 01:15,0,1563,0,1624,61,0
12/26/2025 01:30,0,1717,0,1777,60,0
12/26/2025 01:45,0,1634,0,1699,65,0
12/26/2025 02:00,0,1617,0,1680,63,0
12/26/2025 02:15,0,1619,0,1672,53,0
12/26/2025 02:30,0,1541,0,1621,80,0
12/26/2025 02:45,0,1536,0,1580,44,0
12/26/2025 03:00,0,1670,0,1670,0,0
12/26/2025 03:15,0,1950,0,1967,17,0
12/26/2025 03:30,0,1643,0,1661,18,0
12/26/2025 03:45,0,1843,0,1852,9,0
12/26/2025 04:00,0,1635,0,1648,13,0
12/26/2025 04:15,0,1762,0,1783,21,0
12/26/2025 04:30,0,1765,0,1776,11,0
12/26/2025 04:45,0,1648,0,1661,13,0
12/26/2025 05:00,0,1828,0,1846,18,0
12/26/2025 05:15,0,1586,0,1601,15,0
12/26/2025 05:30,0,1701,0,1702,1,0
12/26/2025 05:45,0,1704,0,1722,18,0
12/26/2025 06:00,0,1987,0,2008,21,0
12/26/2025 06:15,0,1633,0,1643,10,0
12/26/2025 06:30,0,1811,0,1823,12,0
12/26/2025 06:45,0,1627,0,1649,22,0
12/26/2025 07:00,0,1723,0,1733,10,0
12/26/2025 07:15,5,1661,0,1667,11,0
12/26/2025 07:30,30,1722,0,1708,16,0
12/26/2025 07:45,53,1802,0,1772,23,0
12/26/2025 08:00,72,1873,0,1803,2,0
12/26/2025 08:15,118,2071,0,1967,14,0
12/26/2025 08:30,171,2174,0,2021,18,0
12/26/2025 08:45,197,2713,0,2541,25,0
12/26/2025 09:00,245,2333,0,2094,6,0
12/26/2025 09:15,320,1800,0,1512,32,0
12/26/2025 09:30,415,2068,0,1663,10,0
12/26/2025 09:45,441,2132,0,1699,8,0
12/26/2025 10:00,564,2145,0,1594,13,0
12/26/2025 10:15,722,1927,0,1228,23,0
12/26/2025 10:30,781,1021,0,242,2,0
12/26/2025 10:45,599,1050,0,454,3,0
12/26/2025 11:00,597,1239,0,666,24,0
12/26/2025 11:15,734,1195,0,478,17,0
12/26/2025 11:30,600,1214,0,615,1,0
12/26/2025 11:45,572,1081,0,531,22,0
12/26/2025 12:00,515,1982,0,1479,12,0
12/26/2025 12:15,499,1252,0,761,8,0
12/26/2025 12:30,478,1374,0,908,12,0
12/26/2025 12:45,504,2172,0,1690,22,0
12/26/2025 13:00,467,2415,0,1952,4,0
12/26/2025 13:15,450,1486,0,1044,8,0
12/26/2025 13:30,457,1323,0,885,19,0
12/26/2025 13:45,349,1318,0,979,10,0
12/26/2025 14:00,336,1184,0,858,10,0
12/26/2025 14:15,246,1216,0,988,18,0
12/26/2025 14:30,131,914,0,803,20,0
12/26/2025 14:45,163,1041,0,878,0,0
12/26/2025 15:00,168,824,0,664,10,2
12/26/2025 15:15,108,932,0,840,16,0
12/26/2025 15:30,62,594,0,541,9,0
12/26/2025 15:45,45,588,0,551,9,1
12/26/2025 16:00,15,726,0,3,1,709
12/26/2025 16:15,0,794,1,0,0,795
12/26/2025 16:30,0,959,0,8,0,951
12/26/2025 16:45,0,1000,6,0,0,1006
12/26/2025 17:00,0,1103,0,19,0,1084
12/26/2025 17:15,0,956,11,0,0,967
12/26/2025 17:30,0,906,22,0,0,928
12/26/2025 17:45,0,776,0,2,0,774
12/26/2025 18:00,0,929,0,2,0,927
12/26/2025 18:15,0,875,0,1,0,874
12/26/2025 18:30,0,775,0,9,0,766
12/26/2025 18:45,0,928,0,326,4,606
12/26/2025 19:00,0,1192,0,1202,10,0
12/26/2025 19:15,0,1211,0,1214,3,0
12/26/2025 19:30,0,989,0,992,3,0
12/26/2025 19:45,0,953,0,955,2,0
12/26/2025 20:00,0,863,0,1524,661,0
12/26/2025 20:15,0,809,0,1775,966,0
12/26/2025 20:30,0,1110,0,2087,977,0
12/26/2025 20:45,0,1079,0,2088,1009,0
12/26/2025 21:00,0,1181,0,2208,1027,0
12/26/2025 21:15,0,1050,0,2083,1033,0
12/26/2025 21:30,0,1021,0,2059,1038,0
12/26/2025 21:45,0,1127,0,2152,1025,0
12/26/2025 22:00,0,238,0,1244,1006,0
12/26/2025 22:15,0,567,0,1526,959,0
12/26/2025 22:30,0,225,0,1073,848,0
12/26/2025 22:45,0,349,0,1033,684,0
12/26/2025 23:00,0,565,0,1043,478,0
12/26/2025 23:15,0,210,0,353,143,0
12/26/2025 23:30,0,628,0,682,54,0
12/26/2025 23:45,0,659,0,735,76,0
12/27/2025 00:00,0,855,0,957,102,0
12/27/2025 00:15,0,725,0,782,57,0
12/27/2025 00:30,0,800,0,853,53,0
12/27/2025 00:45,0,705,0,792,87,0
12/27/2025 01:00,0,695,0,758,63,0
12/27/2025 01:15,0,780,0,832,52,0
12/27/2025 01:30,0,888,0,956,68,0
12/27/2025 01:45,0,808,0,886,78,0
12/27/2025 02:00,0,770,0,824,54,0
12/27/2025 02:15,0,807,0,861,54,0
12/27/2025 02:30,0,778,0,852,74,0
12/27/2025 02:45,0,815,0,877,62,0
12/27/2025 03:00,0,655,0,705,50,0
12/27/2025 03:15,0,757,0,789,32,0
12/27/2025 03:30,0,581,0,603,22,0
12/27/2025 03:45,0,781,0,781,0,0
12/27/2025 04:00,0,845,0,857,12,0
12/27/2025 04:15,0,1099,0,1129,30,0
12/27/2025 04:30,0,687,0,695,8,0
12/27/2025 04:45,0,656,0,658,2,0
12/27/2025 05:00,0,857,0,878,21,0
12/27/2025 05:15,0,914,0,935,21,0
12/27/2025 05:30,0,978,0,978,0,0
12/27/2025 05:45,0,704,0,710,6,0
12/27/2025 06:00,0,958,0,992,34,0
12/27/2025 06:15,0,659,0,659,0,0
12/27/2025 06:30,0,1098,0,1098,0,0
12/27/2025 06:45,0,699,0,740,41,0
12/27/2025 07:00,0,916,0,917,1,0
12/27/2025 07:15,0,1033,0,1033,0,0
12/27/2025 07:30,0,742,0,772,30,0
12/27/2025 07:45,0,1105,0,1115,10,0
12/27/2025 08:00,0,977,0,987,10,0
12/27/2025 08:15,0,725,0,730,5,0
12/27/2025 08:30,0,984,0,1009,25,0
12/27/2025 08:45,0,1068,0,1078,10,0
12/27/2025 09:00,0,1355,0,1357,2,0
12/27/2025 09:15,0,862,0,900,38,0
12/27/2025 09:30,0,244,0,246,2,0
12/27/2025 09:45,0,170,0,172,2,0
12/27/2025 10:00,0,226,0,256,30,0
12/27/2025 10:15,0,170,0,181,11,0
12/27/2025 10:30,11,141,0,139,9,0
12/27/2025 10:45,24,140,0,118,2,0
12/27/2025 11:00,33,142,0,137,28,0
12/27/2025 11:15,40,164,0,132,8,0
12/27/2025 11:30,73,143,0,70,0,0
12/27/2025 11:45,141,134,0,31,38,0
12/27/2025 12:00,271,140,129,0,2,0
12/27/2025 12:15,482,157,325,0,0,0
12/27/2025 12:30,474,145,303,0,26,0
12/27/2025 12:45,462,141,309,0,12,0
12/27/2025 13:00,434,169,261,0,4,0
12/27/2025 13:15,366,142,218,0,6,0
12/27/2025 13:30,269,168,73,0,28,0
12/27/2025 13:45,166,136,26,0,4,0
12/27/2025 14:00,121,151,0,36,6,0
12/27/2025 14:15,90,155,0,89,24,0
12/27/2025 14:30,74,140,0,74,8,0
12/27/2025 14:45,54,134,0,84,4,0
12/27/2025 15:00,38,140,0,109,9,2
12/27/2025 15:15,28,162,0,162,28,0
12/27/2025 15:30,21,137,0,116,0,0
12/27/2025 15:45,13,138,0,125,0,0
12/27/2025 16:00,3,140,0,6,0,131
12/27/2025 16:15,0,418,0,14,0,404
12/27/2025 16:30,0,694,1,0,0,695
12/27/2025 16:45,0,585,0,5,0,580
12/27/2025 17:00,0,579,0,4,0,575
12/27/2025 17:15,0,631,4,0,0,635
12/27/2025 17:30,0,571,0,4,0,567
12/27/2025 17:45,0,576,0,4,0,572
12/27/2025 18:00,0,664,0,13,0,651
12/27/2025 18:15,0,701,5,0,0,706
12/27/2025 18:30,0,741,8,0,0,749
12/27/2025 18:45,0,785,0,1,0,784
12/27/2025 19:00,0,739,0,0,0,739
12/27/2025 19:15,0,697,18,0,0,715
12/27/2025 19:30,0,733,0,6,0,727
12/27/2025 19:45,0,836,0,6,0,830
12/27/2025 20:00,0,768,0,1395,692,65
12/27/2025 20:15,0,707,0,1675,968,0
12/27/2025 20:30,0,691,0,1670,979,0
12/27/2025 20:45,0,580,0,1571,991,0
12/27/2025 21:00,0,705,0,1704,999,0
12/27/2025 21:15,0,756,0,1745,989,0
12/27/2025 21:30,0,759,0,1726,967,0
12/27/2025 21:45,0,806,0,1759,953,0
12/27/2025 22:00,0,696,0,1610,914,0
12/27/2025 22:15,0,804,0,1660,856,0
12/27/2025 22:30,0,808,0,1581,773,0
12/27/2025 22:45,0,786,0,1440,654,0
12/27/2025 23:00,0,815,0,1321,506,0
12/27/2025 23:15,0,630,0,943,313,0
12/27/2025 23:30,0,579,0,646,67,0
12/27/2025 23:45,0,746,0,800,54,0
12/28/2025 00:00,0,832,0,911,79,0
12/28/2025 00:15,0,829,0,901,72,0
12/28/2025 00:30,0,715,0,768,53,0
12/28/2025 00:45,0,766,0,863,97,0
12/28/2025 01:00,0,804,0,885,81,0
12/28/2025 01:15,0,900,0,952,52,0
12/28/2025 01:30,0,706,0,760,54,0
12/28/2025 01:45,0,679,0,761,82,0
12/28/2025 02:00,0,828,0,881,53,0
12/28/2025 02:15,0,630,0,683,53,0
12/28/2025 02:30,0,893,0,958,65,0
12/28/2025 02:45,0,753,0,821,68,0
12/28/2025 03:00,0,884,0,934,50,0
12/28/2025 03:15,0,907,0,949,42,0
12/28/2025 03:30,0,969,0,1025,56,0
12/28/2025 03:45,0,800,0,800,0,0
12/28/2025 04:00,0,691,0,701,10,0
12/28/2025 04:15,0,741,0,771,30,0
12/28/2025 04:30,0,759,0,767,8,0
12/28/2025 04:45,0,626,0,626,0,0
12/28/2025 05:00,0,748,0,768,20,0
12/28/2025 05:15,0,1289,0,1309,20,0
12/28/2025 05:30,0,1017,0,1017,0,0
12/28/2025 05:45,0,824,0,837,13,0
12/28/2025 06:00,0,668,0,698,30,0
12/28/2025 06:15,0,888,0,894,6,0
12/28/2025 06:30,0,975,0,980,5,0
12/28/2025 06:45,0,870,0,898,28,0
12/28/2025 07:00,0,779,0,784,5,0
12/28/2025 07:15,0,766,0,775,9,0
12/28/2025 07:30,0,671,0,679,8,0
12/28/2025 07:45,8,644,0,669,33,0
12/28/2025 08:00,17,761,0,744,0,0
12/28/2025 08:15,24,818,0,794,0,0
12/28/2025 08:30,27,710,0,720,37,0
12/28/2025 08:45,34,581,0,549,2,0
12/28/2025 09:00,44,851,0,819,12,0
12/28/2025 09:15,65,912,0,875,28,0
12/28/2025 09:30,88,737,0,653,4,0
12/28/2025 09:45,136,614,0,488,10,0
12/28/2025 10:00,179,547,0,374,6,0
12/28/2025 10:15,269,590,0,344,23,0
12/28/2025 10:30,360,599,0,248,9,0
12/28/2025 10:45,399,515,0,116,0,0
12/28/2025 11:00,421,528,0,135,28,0
12/28/2025 11:15,458,527,0,79,10,0
12/28/2025 11:30,476,552,0,76,0,0
12/28/2025 11:45,519,534,0,39,24,0
12/28/2025 12:00,504,535,0,45,14,0
12/28/2025 12:15,479,591,0,112,0,0
12/28/2025 12:30,483,529,0,51,5,0
12/28/2025 12:45,519,534,0,50,35,0
12/28/2025 13:00,461,532,0,71,0,0
12/28/2025 13:15,420,571,0,150,0,1
12/28/2025 13:30,347,613,0,296,30,0
12/28/2025 13:45,209,563,0,362,8,0
12/28/2025 14:00,155,375,0,220,0,0
12/28/2025 14:15,136,126,0,10,20,0
12/28/2025 14:30,113,120,0,27,20,0
12/28/2025 14:45,109,186,0,77,0,0
12/28/2025 15:00,90,596,0,510,4,0
12/28/2025 15:15,68,587,0,554,35,0
12/28/2025 15:30,49,553,0,504,0,0
12/28/2025 15:45,26,557,0,530,0,1
12/28/2025 16:00,5,497,0,12,0,480
12/28/2025 16:15,0,151,0,5,0,146
12/28/2025 16:30,0,193,0,10,0,183
12/28/2025 16:45,0,657,0,5,0,652
12/28/2025 17:00,0,545,0,4,0,541
12/28/2025 17:15,0,558,2,0,0,560
12/28/2025 17:30,0,643,0,3,0,640
12/28/2025 17:45,0,625,0,2,0,623
12/28/2025 18:00,0,577,0,5,0,572
12/28/2025 18:15,0,605,0,13,0,592
12/28/2025 18:30,0,671,0,7,0,664
12/28/2025 18:45,0,779,14,0,0,793
12/28/2025 19:00,0,577,4,0,0,581
12/28/2025 19:15,0,590,1,0,0,591
12/28/2025 19:30,0,617,16,0,0,633
12/28/2025 19:45,0,612,0,0,0,612
12/28/2025 20:00,0,589,0,1262,725,52
12/28/2025 20:15,0,589,0,1684,1095,0
12/28/2025 20:30,0,589,0,1721,1132,0
12/28/2025 20:45,0,608,0,1759,1151,0
12/28/2025 21:00,0,591,0,1745,1154,0
12/28/2025 21:15,0,588,0,1746,1158,0
12/28/2025 21:30,0,573,0,1730,1157,0
12/28/2025 21:45,0,546,0,1632,1086,0
12/28/2025 22:00,0,543,0,1393,850,0
12/28/2025 22:15,0,506,0,787,281,0
12/28/2025 22:30,0,507,0,559,52,0
12/28/2025 22:45,0,607,0,679,72,0
12/28/2025 23:00,0,568,0,664,96,0
12/28/2025 23:15,0,540,0,600,60,0
12/28/2025 23:30,0,570,0,622,52,0
12/28/2025 23:45,0,560,0,625,65,0
12/29/2025 00:00,0,553,0,621,68,0
12/29/2025 00:15,0,563,0,615,52,0
12/29/2025 00:30,0,546,0,598,52,0
12/29/2025 00:45,0,565,0,643,78,0
12/29/2025 01:00,0,549,0,608,59,0
12/29/2025 01:15,0,393,0,446,53,0
12/29/2025 01:30,0,455,0,528,73,0
12/29/2025 01:45,0,210,0,274,64,0
12/29/2025 02:00,0,334,0,386,52,0
12/29/2025 02:15,0,539,0,605,66,0
12/29/2025 02:30,0,552,0,622,70,0
12/29/2025 02:45,0,579,0,632,53,0
12/29/2025 03:00,0,553,0,606,53,0
12/29/2025 03:15,0,640,0,717,77,0
12/29/2025 03:30,0,547,0,589,42,0
12/29/2025 03:45,0,532,0,532,0,0
12/29/2025 04:00,0,593,0,613,20,0
12/29/2025 04:15,0,547,0,570,23,0
12/29/2025 04:30,0,556,0,557,1,0
12/29/2025 04:45,0,567,0,575,8,0
12/29/2025 05:00,0,572,0,594,22,0
12/29/2025 05:15,0,582,0,596,14,0
12/29/2025 05:30,0,571,0,575,4,0
12/29/2025 05:45,0,577,0,603,26,0
12/29/2025 06:00,0,525,0,539,14,0
12/29/2025 06:15,0,526,0,526,0,0
12/29/2025 06:30,0,552,0,580,28,0
12/29/2025 06:45,0,570,0,582,12,0
12/29/2025 07:00,0,589,0,595,6,0
12/29/2025 07:15,0,643,0,655,12,0
12/29/2025 07:30,0,522,0,548,26,0
12/29/2025 07:45,0,520,0,526,6,0
12/29/2025 08:00,0,592,0,594,2,0
12/29/2025 08:15,0,571,0,599,28,0
12/29/2025 08:30,0,528,0,540,12,0
12/29/2025 08:45,0,563,0,568,5,0
12/29/2025 09:00,0,590,0,612,22,0
12/29/2025 09:15,0,382,0,398,16,0
12/29/2025 09:30,31,109,0,78,0,0
12/29/2025 09:45,44,369,0,337,12,0
12/29/2025 10:00,53,277,0,248,24,0
12/29/2025 10:15,75,175,0,105,5,0
12/29/2025 10:30,89,537,0,449,1,0
12/29/2025 10:45,72,551,0,505,26,0
12/29/2025 11:00,36,543,0,515,8,0
12/29/2025 11:15,40,581,0,541,0,0
12/29/2025 11:30,42,563,0,546,25,0
12/29/2025 11:45,54,552,0,508,10,0
12/29/2025 12:00,39,650,0,615,4,0
12/29/2025 12:15,82,549,0,471,4,0
12/29/2025 12:30,86,600,0,544,30,0
12/29/2025 12:45,69,585,0,516,0,0
12/29/2025 13:00,42,597,0,559,4,0
12/29/2025 13:15,64,556,0,512,20,0
12/29/2025 13:30,39,564,0,539,14,0
12/29/2025 13:45,30,126,0,96,0,0
12/29/2025 14:00,37,281,0,266,22,0
12/29/2025 14:15,26,559,0,547,14,0
12/29/2025 14:30,17,557,0,540,0,0
12/29/2025 14:45,17,570,0,559,6,0
12/29/2025 15:00,11,594,0,607,24,0
12/29/2025 15:15,48,614,0,573,7,0
12/29/2025 15:30,14,605,0,591,0,0
12/29/2025 15:45,1,637,0,659,23,0
12/29/2025 16:00,0,478,4,1,1,482
12/29/2025 16:15,0,421,0,7,0,414
12/29/2025 16:30,0,535,0,6,0,529
12/29/2025 16:45,0,425,2,0,0,427
12/29/2025 17:00,0,441,0,5,0,436
12/29/2025 17:15,0,421,0,5,0,416
12/29/2025 17:30,0,421,0,5,0,416
12/29/2025 17:45,0,423,0,4,0,419
12/29/2025 18:00,0,436,0,2,0,434
12/29/2025 18:15,0,222,0,0,0,222
12/29/2025 18:30,0,359,0,10,0,349
12/29/2025 18:45,0,513,0,8,0,505
12/29/2025 19:00,0,601,0,7,0,594
12/29/2025 19:15,0,628,0,4,0,624
12/29/2025 19:30,0,616,0,2,0,614
12/29/2025 19:45,0,638,0,1,0,637
12/29/2025 20:00,0,604,0,1589,1040,55
12/29/2025 20:15,0,509,0,2050,1541,0
12/29/2025 20:30,0,416,0,1942,1526,0
12/29/2025 20:45,0,152,0,1684,1532,0
12/29/2025 21:00,0,361,0,1828,1467,0
12/29/2025 21:15,0,661,0,1936,1275,0
12/29/2025 21:30,0,581,0,1337,756,0
12/29/2025 21:45,0,578,0,581,3,0
12/29/2025 22:00,0,584,0,626,42,0
12/29/2025 22:15,0,521,0,563,42,0
12/29/2025 22:30,0,152,0,179,27,0
12/29/2025 22:45,0,168,0,168,0,0
12/29/2025 23:00,0,433,0,457,24,0
12/29/2025 23:15,0,583,0,599,16,0
12/29/2025 23:30,0,576,0,590,14,0
12/29/2025 23:45,0,544,0,554,10,0
12/30/2025 00:00,0,576,0,592,16,0
12/30/2025 00:15,0,569,0,584,15,0
12/30/2025 00:30,0,594,0,595,1,0
12/30/2025 00:45,0,562,0,586,24,0
12/30/2025 01:00,0,577,0,595,18,0
12/30/2025 01:15,0,563,0,569,6,0
12/30/2025 01:30,0,558,0,569,11,0
12/30/2025 01:45,0,621,0,636,15,0
12/30/2025 02:00,0,554,0,570,16,0
12/30/2025 02:15,0,542,0,550,8,0
12/30/2025 02:30,0,541,0,561,20,0
12/30/2025 02:45,0,585,0,597,12,0
12/30/2025 03:00,0,587,0,593,6,0
12/30/2025 03:15,0,677,0,693,16,0
12/30/2025 03:30,0,696,0,714,18,0
12/30/2025 03:45,0,729,0,735,6,0
12/30/2025 04:00,0,561,0,573,12,0
12/30/2025 04:15,0,542,0,560,18,0
12/30/2025 04:30,0,552,0,562,10,0
12/30/2025 04:45,0,583,0,597,14,0
12/30/2025 05:00,0,629,0,645,16,0
12/30/2025 05:15,0,542,0,558,16,0
12/30/2025 05:30,0,603,0,603,0,0
12/30/2025 05:45,0,756,0,774,18,0
12/30/2025 06:00,0,711,0,731,20,0
12/30/2025 06:15,0,630,0,632,2,0
12/30/2025 06:30,0,609,0,617,8,0
12/30/2025 06:45,0,626,0,648,22,0
12/30/2025 07:00,0,651,0,667,16,0
12/30/2025 07:15,2,553,0,555,4,0
12/30/2025 07:30,25,573,0,564,16,0
12/30/2025 07:45,43,693,0,672,22,0
12/30/2025 08:00,64,748,0,690,6,0
12/30/2025 08:15,81,669,0,592,4,0
12/30/2025 08:30,121,631,0,530,20,0
12/30/2025 08:45,192,639,0,462,15,0
12/30/2025 09:00,274,681,0,408,1,0
12/30/2025 09:15,336,541,0,221,16,0
12/30/2025 09:30,349,547,0,214,16,0
12/30/2025 09:45,530,558,0,36,8,0
12/30/2025 10:00,446,610,0,175,11,0
12/30/2025 10:15,480,575,0,110,15,0
12/30/2025 10:30,464,535,0,82,11,0
12/30/2025 10:45,450,545,0,101,6,0
12/30/2025 11:00,451,670,0,236,17,0
12/30/2025 11:15,517,593,0,81,5,0
12/30/2025 11:30,643,625,9,0,9,0
12/30/2025 11:45,541,573,0,46,14,0
12/30/2025 12:00,501,598,0,107,10,0
12/30/2025 12:15,326,572,0,249,3,0
12/30/2025 12:30,287,541,0,273,19,0
12/30/2025 12:45,175,569,0,408,14,0
12/30/2025 13:00,184,618,0,434,0,0
12/30/2025 13:15,195,723,0,532,4,0
12/30/2025 13:30,173,560,0,412,25,0
12/30/2025 13:45,234,574,0,344,4,0
12/30/2025 14:00,230,613,0,385,2,0
12/30/2025 14:15,207,650,0,459,16,0
12/30/2025 14:30,177,739,0,580,18,0
12/30/2025 14:45,209,562,0,353,0,0
12/30/2025 15:00,159,539,0,396,16,0
12/30/2025 15:15,114,563,0,467,18,0
12/30/2025 15:30,70,612,0,551,9,0
12/30/2025 15:45,44,561,0,517,0,0
12/30/2025 16:00,14,548,0,15,1,520
12/30/2025 16:15,0,668,0,8,0,660
12/30/2025 16:30,0,725,0,9,0,716
12/30/2025 16:45,0,696,0,1,0,695
12/30/2025 17:00,0,643,0,6,0,637
12/30/2025 17:15,0,640,4,0,0,644
12/30/2025 17:30,0,657,0,4,0,653
12/30/2025 17:45,0,640,0,4,0,636
12/30/2025 18:00,0,584,10,0,0,594
12/30/2025 18:15,0,755,24,0,0,779
12/30/2025 18:30,0,795,9,0,0,804
12/30/2025 18:45,0,667,0,2,0,665
12/30/2025 19:00,0,712,1,0,0,713
12/30/2025 19:15,0,662,0,1,0,661
12/30/2025 19:30,0,200,0,0,0,200
12/30/2025 19:45,0,185,0,4,0,181
12/30/2025 20:00,0,701,0,1307,642,36
12/30/2025 20:15,0,611,0,1550,939,0
12/30/2025 20:30,0,532,0,1497,965,0
12/30/2025 20:45,0,658,0,1643,985,0
12/30/2025 21:00,0,709,0,1700,991,0
12/30/2025 21:15,0,612,0,1597,985,0
12/30/2025 21:30,0,461,0,1422,961,0
12/30/2025 21:45,0,593,0,1551,958,0
12/30/2025 22:00,0,707,0,1629,922,0
12/30/2025 22:15,0,671,0,1540,869,0
12/30/2025 22:30,0,612,0,1379,767,0
12/30/2025 22:45,0,643,0,1253,610,0
12/30/2025 23:00,0,710,0,1058,348,0
12/30/2025 23:15,0,602,0,680,78,0
12/30/2025 23:30,0,630,0,688,58,0
12/30/2025 23:45,0,550,0,644,94,0
12/31/2025 00:00,0,692,0,771,79,0
12/31/2025 00:15,0,652,0,704,52,0
12/31/2025 00:30,0,570,0,624,54,0
12/31/2025 00:45,0,601,0,670,69,0
12/31/2025 01:00,0,646,0,704,58,0
12/31/2025 01:15,0,628,0,677,49,0
12/31/2025 01:30,0,649,0,711,62,0
12/31/2025 01:45,0,668,0,738,70,0
12/31/2025 02:00,0,720,0,770,50,0
12/31/2025 02:15,0,609,0,684,75,0
12/31/2025 02:30,0,562,0,632,70,0
12/31/2025 02:45,0,563,0,615,52,0
12/31/2025 03:00,0,733,0,785,52,0
12/31/2025 03:15,0,634,0,703,69,0
12/31/2025 03:30,0,652,0,706,54,0
12/31/2025 03:45,0,611,0,618,7,0
12/31/2025 04:00,0,625,0,635,10,0
12/31/2025 04:15,0,673,0,702,29,0
12/31/2025 04:30,0,577,0,577,0,0
12/31/2025 04:45,0,659,0,659,0,0
12/31/2025 05:00,0,665,0,706,41,0
12/31/2025 05:15,0,733,0,734,1,0
12/31/2025 05:30,0,559,0,559,0,0
12/31/2025 05:45,0,578,0,606,28,0
12/31/2025 06:00,0,633,0,644,11,0
12/31/2025 06:15,0,657,0,657,0,0
12/31/2025 06:30,0,664,0,673,9,0
12/31/2025 06:45,0,609,0,640,31,0
12/31/2025 07:00,0,667,0,667,0,0
12/31/2025 07:15,14,685,0,671,0,0
12/31/2025 07:30,87,589,0,537,35,0
12/31/2025 07:45,109,708,0,605,6,0
12/31/2025 08:00,126,715,0,593,4,0
12/31/2025 08:15,145,585,0,461,21,0
12/31/2025 08:30,163,554,0,403,12,0
12/31/2025 08:45,155,642,0,491,4,0
12/31/2025 09:00,275,723,0,455,7,0
12/31/2025 09:15,405,636,0,254,23,0
12/31/2025 09:30,424,592,0,168,0,0
12/31/2025 09:45,525,589,0,69,5,0
12/31/2025 10:00,641,607,8,0,26,0
12/31/2025 10:15,523,610,0,93,6,0
12/31/2025 10:30,421,517,0,96,0,0
12/31/2025 10:45,649,522,105,0,22,0
12/31/2025 11:00,787,537,240,0,10,0
12/31/2025 11:15,856,580,272,0,4,0
12/31/2025 11:30,708,559,143,0,6,0
12/31/2025 11:45,853,531,296,0,26,0
12/31/2025 12:00,737,513,224,0,0,0
12/31/2025 12:15,1004,517,483,0,4,0
12/31/2025 12:30,966,604,337,0,25,0
12/31/2025 12:45,491,565,0,80,6,0
12/31/2025 13:00,455,553,0,98,0,0
12/31/2025 13:15,543,557,0,32,18,0
12/31/2025 13:30,398,556,0,172,14,0
12/31/2025 13:45,326,568,0,245,3,0
12/31/2025 14:00,291,570,0,285,6,0
12/31/2025 14:15,259,563,0,327,23,0
12/31/2025 14:30,173,586,0,415,2,0
12/31/2025 14:45,139,374,0,235,0,0
12/31/2025 15:00,142,140,0,28,30,0
12/31/2025 15:15,119,181,0,66,4,0
12/31/2025 15:30,72,610,0,542,4,0
12/31/2025 15:45,42,588,0,562,16,0
12/31/2025 16:00,12,543,0,10,1,522
12/31/2025 16:15,0,561,0,4,0,557
12/31/2025 16:30,0,591,0,2,0,589
12/31/2025 16:45,0,595,0,9,0,586
12/31/2025 17:00,0,607,0,7,0,600
12/31/2025 17:15,0,620,11,0,0,631
12/31/2025 17:30,0,575,0,4,0,571
12/31/2025 17:45,0,595,0,4,0,591
12/31/2025 18:00,0,623,0,3,0,620
12/31/2025 18:15,0,592,10,0,0,602
12/31/2025 18:30,0,591,0,5,0,586
12/31/2025 18:45,0,648,0,5,0,643
12/31/2025 19:00,0,775,0,9,0,766
12/31/2025 19:15,0,751,12,0,0,763
12/31/2025 19:30,0,771,11,0,0,782
12/31/2025 19:45,0,571,0,0,0,571
12/31/2025 20:00,0,608,0,1297,748,59
12/31/2025 20:15,0,558,0,1681,1123,0
12/31/2025 20:30,0,558,0,1709,1151,0
12/31/2025 20:45,0,573,0,1756,1183,0
12/31/2025 21:00,0,559,0,1754,1195,0
12/31/2025 21:15,0,584,0,1794,1210,0
12/31/2025 21:30,0,608,0,1800,1192,0
12/31/2025 21:45,0,648,0,1801,1153,0
12/31/2025 22:00,0,761,0,1783,1022,0
12/31/2025 22:15,0,744,0,1488,744,0
12/31/2025 22:30,0,683,0,951,268,0
12/31/2025 22:45,0,649,0,702,53,0
12/31/2025 23:00,0,560,0,667,107,0
12/31/2025 23:15,0,555,0,619,64,0
12/31/2025 23:30,0,557,0,618,61,0
12/31/2025 23:45,0,581,0,631,50,0
