Date/Time,Energy Produced (Wh),Energy Consumed (Wh),Exported to Grid (Wh),Imported from Grid (Wh),Stored in batteries (Wh),Discharged from batteries (Wh)
08/01/2025 00:00,0,119,0,127,8,0
08/01/2025 00:15,0,145,0,150,5,0
08/01/2025 00:30,0,132,0,139,7,0
08/01/2025 00:45,0,99,0,105,6,0
08/01/2025 01:00,0,101,0,107,6,0
08/01/2025 01:15,0,130,0,135,5,0
08/01/2025 01:30,0,289,0,295,6,0
08/01/2025 01:45,0,217,0,223,6,0
08/01/2025 02:00,0,153,0,161,8,0
08/01/2025 02:15,0,185,0,193,8,0
08/01/2025 02:30,0,145,0,151,6,0
08/01/2025 02:45,0,272,0,278,6,0
08/01/2025 03:00,0,129,0,135,6,0
08/01/2025 03:15,0,106,0,112,6,0
08/01/2025 03:30,0,123,0,131,8,0
08/01/2025 03:45,0,118,0,124,6,0
08/01/2025 04:00,0,149,0,155,6,0
08/01/2025 04:15,0,106,0,112,6,0
08/01/2025 04:30,0,103,0,109,6,0
08/01/2025 04:45,0,123,0,130,7,0
08/01/2025 05:00,0,132,0,139,7,0
08/01/2025 05:15,0,111,0,117,6,0
08/01/2025 05:30,0,98,0,106,8,0
08/01/2025 05:45,0,107,0,112,5,0
08/01/2025 06:00,0,117,0,122,5,0
08/01/2025 06:15,5,121,0,122,6,0
08/01/2025 06:30,52,248,0,238,42,0
08/01/2025 06:45,108,270,0,263,101,0
08/01/2025 07:00,110,130,0,127,107,0
08/01/2025 07:15,143,136,0,134,141,0
08/01/2025 07:30,144,146,0,145,143,0
08/01/2025 07:45,69,156,0,155,68,0
08/01/2025 08:00,68,99,0,92,61,0
08/01/2025 08:15,317,96,0,87,308,0
08/01/2025 08:30,414,138,0,135,411,0
08/01/2025 08:45,632,130,0,111,613,0
08/01/2025 09:00,732,162,0,109,679,0
08/01/2025 09:15,634,139,0,111,606,0
08/01/2025 09:30,1118,120,63,0,935,0
08/01/2025 09:45,1273,292,0,69,1050,0
08/01/2025 10:00,936,280,0,146,802,0
08/01/2025 10:15,902,273,0,161,790,0
08/01/2025 10:30,1094,374,0,304,1024,0
08/01/2025 10:45,1369,170,0,67,1266,0
08/01/2025 11:00,1003,131,18,0,854,0
08/01/2025 11:15,1110,226,0,60,944,0
08/01/2025 11:30,1518,306,0,198,1410,0
08/01/2025 11:45,1720,180,0,46,1586,0
08/01/2025 12:00,1579,120,639,0,820,0
08/01/2025 12:15,1780,139,1429,0,212,0
08/01/2025 12:30,1728,146,1372,0,210,0
08/01/2025 12:45,1353,146,1006,0,201,0
08/01/2025 13:00,1802,153,1515,0,134,0
08/01/2025 13:15,1853,259,1548,0,46,0
08/01/2025 13:30,1845,161,1676,0,8,0
08/01/2025 13:45,1644,243,1339,0,62,0
08/01/2025 14:00,1751,176,1772,0,0,197
08/01/2025 14:15,1591,132,1588,0,0,129
08/01/2025 14:30,1229,138,1222,0,0,131
08/01/2025 14:45,962,215,958,0,0,211
08/01/2025 15:00,1400,212,1396,0,0,208
08/01/2025 15:15,1278,142,1275,0,0,139
08/01/2025 15:30,1186,150,1182,0,0,146
08/01/2025 15:45,1015,135,1012,0,0,132
08/01/2025 16:00,999,165,992,0,0,158
08/01/2025 16:15,922,246,918,0,0,242
08/01/2025 16:30,831,164,826,0,0,159
08/01/2025 16:45,743,278,738,0,0,273
08/01/2025 17:00,673,101,672,0,0,100
08/01/2025 17:15,556,121,552,0,0,117
08/01/2025 17:30,483,124,479,0,0,120
08/01/2025 17:45,380,131,375,0,0,126
08/01/2025 18:00,260,134,257,0,0,131
08/01/2025 18:15,132,137,126,0,0,131
08/01/2025 18:30,102,364,94,0,0,356
08/01/2025 18:45,87,455,80,0,0,448
08/01/2025 19:00,64,536,1,0,0,473
08/01/2025 19:15,44,320,0,9,0,267
08/01/2025 19:30,27,260,0,6,0,227
08/01/2025 19:45,7,262,0,10,0,245
08/01/2025 20:00,0,305,0,7,0,298
08/01/2025 20:15,0,306,0,8,0,298
08/01/2025 20:30,0,1353,0,8,0,1345
08/01/2025 20:45,0,1714,0,2,0,1712
08/01/2025 21:00,0,1131,1,0,0,1132
08/01/2025 21:15,0,361,0,5,0,356
08/01/2025 21:30,0,407,0,6,0,401
08/01/2025 21:45,0,368,0,8,0,360
08/01/2025 22:00,0,346,0,5,0,341
08/01/2025 22:15,0,350,0,7,0,343
08/01/2025 22:30,0,439,0,7,0,432
08/01/2025 22:45,0,298,0,99,5,204
08/01/2025 23:00,0,372,0,386,14,0
08/01/2025 23:15,0,270,0,277,7,0
08/01/2025 23:30,0,202,0,207,5,0
08/01/2025 23:45,0,117,0,123,6,0
08/02/2025 00:00,0,135,0,141,6,0
08/02/2025 00:15,0,103,0,110,7,0
08/02/2025 00:30,0,102,0,109,7,0
08/02/2025 00:45,0,133,0,139,6,0
08/02/2025 01:00,0,115,0,121,6,0
08/02/2025 01:15,0,124,0,129,5,0
08/02/2025 01:30,0,120,0,125,5,0
08/02/2025 01:45,0,99,0,105,6,0
08/02/2025 02:00,0,97,0,105,8,0
08/02/2025 02:15,0,126,0,131,5,0
08/02/2025 02:30,0,104,0,109,5,0
08/02/2025 02:45,0,130,0,136,6,0
08/02/2025 03:00,0,112,0,118,6,0
08/02/2025 03:15,0,217,0,225,8,0
08/02/2025 03:30,0,260,0,266,6,0
08/02/2025 03:45,0,138,0,142,4,0
08/02/2025 04:00,0,112,0,118,6,0
08/02/2025 04:15,0,148,0,154,6,0
08/02/2025 04:30,0,103,0,109,6,0
08/02/2025 04:45,0,98,0,105,7,0
08/02/2025 05:00,0,113,0,120,7,0
08/02/2025 05:15,0,115,0,121,6,0
08/02/2025 05:30,0,120,0,127,7,0
08/02/2025 05:45,9,122,0,120,7,0
08/02/2025 06:00,85,98,0,86,73,0
08/02/2025 06:15,237,100,0,37,174,0
08/02/2025 06:30,309,123,69,0,191,74
08/02/2025 06:45,414,114,66,0,305,71
08/02/2025 07:00,516,140,0,135,511,0
08/02/2025 07:15,615,121,0,111,605,0
08/02/2025 07:30,732,286,0,278,724,0
08/02/2025 07:45,832,276,0,271,827,0
08/02/2025 08:00,917,255,0,249,911,0
08/02/2025 08:15,998,244,0,242,996,0
08/02/2025 08:30,1045,232,0,229,1042,0
08/02/2025 08:45,1117,104,0,100,1113,0
08/02/2025 09:00,1213,131,0,125,1207,0
08/02/2025 09:15,1292,258,0,256,1290,0
08/02/2025 09:30,1333,302,0,298,1329,0
08/02/2025 09:45,1379,348,0,349,1380,0
08/02/2025 10:00,1460,157,0,155,1458,0
08/02/2025 10:15,1510,145,318,0,1047,0
08/02/2025 10:30,1559,147,1223,0,189,0
08/02/2025 10:45,1604,123,1439,0,42,0
08/02/2025 11:00,1658,124,1534,0,0,0
08/02/2025 11:15,1692,146,1494,0,52,0
08/02/2025 11:30,1705,132,1520,0,53,0
08/02/2025 11:45,1739,118,1613,0,8,0
08/02/2025 12:00,1753,129,1594,0,30,0
08/02/2025 12:15,1491,104,1355,0,32,0
08/02/2025 12:30,1818,106,1684,0,28,0
08/02/2025 12:45,1364,131,1223,0,10,0
08/02/2025 13:00,1216,130,1076,0,10,0
08/02/2025 13:15,1346,99,1217,0,30,0
08/02/2025 13:30,1502,103,1385,0,14,0
08/02/2025 13:45,752,124,620,0,8,0
08/02/2025 14:00,1747,124,1763,0,0,140
08/02/2025 14:15,1122,343,1114,0,0,335
08/02/2025 14:30,1249,331,1243,0,0,325
08/02/2025 14:45,1665,369,1657,0,0,361
08/02/2025 15:00,1499,264,1496,0,0,261
08/02/2025 15:15,1026,422,1021,0,0,417
08/02/2025 15:30,792,288,791,0,0,287
08/02/2025 15:45,1067,115,1062,0,0,110
08/02/2025 16:00,971,117,965,0,0,111
08/02/2025 16:15,909,297,900,0,0,288
08/02/2025 16:30,684,347,678,0,0,341
08/02/2025 16:45,707,377,702,0,0,372
08/02/2025 17:00,639,315,633,0,0,309
08/02/2025 17:15,560,497,548,0,0,485
08/02/2025 17:30,466,383,471,0,0,388
08/02/2025 17:45,356,202,349,0,0,195
08/02/2025 18:00,246,180,247,0,0,181
08/02/2025 18:15,127,110,121,0,0,104
08/02/2025 18:30,93,290,83,0,0,280
08/02/2025 18:45,75,378,71,0,0,374
08/02/2025 19:00,56,270,2,0,0,216
08/02/2025 19:15,36,219,0,9,0,174
08/02/2025 19:30,26,222,0,7,0,189
08/02/2025 19:45,12,217,0,6,0,199
08/02/2025 20:00,0,265,0,11,0,254
08/02/2025 20:15,0,451,0,3,0,448
08/02/2025 20:30,0,416,0,7,0,409
08/02/2025 20:45,0,512,4,0,0,516
08/02/2025 21:00,0,407,0,6,0,401
08/02/2025 21:15,0,516,0,12,0,504
08/02/2025 21:30,0,453,0,7,0,446
08/02/2025 21:45,0,473,0,7,0,466
08/02/2025 22:00,0,358,0,3,0,355
08/02/2025 22:15,0,273,0,5,0,268
08/02/2025 22:30,0,272,0,7,0,265
08/02/2025 22:45,0,327,0,8,0,319
08/02/2025 23:00,0,338,0,8,0,330
08/02/2025 23:15,0,234,0,7,0,227
08/02/2025 23:30,0,168,0,7,0,161
08/02/2025 23:45,0,137,0,23,2,116
08/03/2025 00:00,0,148,0,156,8,0
08/03/2025 00:15,0,167,0,173,6,0
08/03/2025 00:30,0,147,0,154,7,0
08/03/2025 00:45,0,144,0,150,6,0
08/03/2025 01:00,0,155,0,160,5,0
08/03/2025 01:15,0,152,0,158,6,0
08/03/2025 01:30,0,155,0,161,6,0
08/03/2025 01:45,0,154,0,161,7,0
08/03/2025 02:00,0,132,0,139,7,0
08/03/2025 02:15,0,134,0,140,6,0
08/03/2025 02:30,0,159,0,164,5,0
08/03/2025 02:45,0,146,0,152,6,0
08/03/2025 03:00,0,166,0,172,6,0
08/03/2025 03:15,0,142,0,148,6,0
08/03/2025 03:30,0,297,0,303,6,0
08/03/2025 03:45,0,251,0,257,6,0
08/03/2025 04:00,0,174,0,180,6,0
08/03/2025 04:15,0,164,0,170,6,0
08/03/2025 04:30,0,137,0,143,6,0
08/03/2025 04:45,0,145,0,151,6,0
08/03/2025 05:00,0,146,0,153,7,0
08/03/2025 05:15,0,138,0,145,7,0
08/03/2025 05:30,0,164,0,170,6,0
08/03/2025 05:45,7,141,0,140,6,0
08/03/2025 06:00,56,136,0,124,44,0
08/03/2025 06:15,138,147,0,77,68,0
08/03/2025 06:30,209,153,0,6,62,0
08/03/2025 06:45,293,147,0,5,151,0
08/03/2025 07:00,377,170,0,161,368,0
08/03/2025 07:15,480,150,0,141,471,0
08/03/2025 07:30,607,145,0,135,597,0
08/03/2025 07:45,716,207,0,202,711,0
08/03/2025 08:00,815,292,0,282,805,0
08/03/2025 08:15,905,360,0,355,900,0
08/03/2025 08:30,980,329,0,324,975,0
08/03/2025 08:45,1040,278,0,274,1036,0
08/03/2025 09:00,1106,375,0,370,1101,0
08/03/2025 09:15,1167,459,0,458,1166,0
08/03/2025 09:30,1228,167,0,162,1223,0
08/03/2025 09:45,1282,212,0,211,1281,0
08/03/2025 10:00,1343,230,0,222,1335,0
08/03/2025 10:15,1398,156,0,149,1391,0
08/03/2025 10:30,1452,132,174,0,1146,0
08/03/2025 10:45,1508,144,1220,0,144,0
08/03/2025 11:00,1568,172,1256,0,140,0
08/03/2025 11:15,1605,259,1234,0,112,0
08/03/2025 11:30,1621,165,1412,0,44,0
08/03/2025 11:45,1647,138,1481,0,28,0
08/03/2025 12:00,1676,171,1494,0,11,0
08/03/2025 12:15,1680,164,1448,0,68,0
08/03/2025 12:30,1642,139,1463,0,40,0
08/03/2025 12:45,1619,1260,331,0,28,0
08/03/2025 13:00,1623,1758,0,145,10,0
08/03/2025 13:15,1618,1902,0,292,8,0
08/03/2025 13:30,1594,1829,0,251,16,0
08/03/2025 13:45,1567,1796,0,249,20,0
08/03/2025 14:00,1511,308,1519,0,0,316
08/03/2025 14:15,1470,406,1468,0,0,404
08/03/2025 14:30,1393,259,1391,0,0,257
08/03/2025 14:45,1318,325,1310,0,0,317
08/03/2025 15:00,1244,479,1239,0,0,474
08/03/2025 15:15,1155,397,1151,0,0,393
08/03/2025 15:30,1057,224,1056,0,0,223
08/03/2025 15:45,980,216,974,0,0,210
08/03/2025 16:00,900,268,897,0,0,265
08/03/2025 16:15,833,155,831,0,0,153
08/03/2025 16:30,764,168,757,0,0,161
08/03/2025 16:45,668,152,664,0,0,148
08/03/2025 17:00,599,136,594,0,0,131
08/03/2025 17:15,524,144,517,0,0,137
08/03/2025 17:30,446,283,434,0,0,271
08/03/2025 17:45,360,444,356,0,0,440
08/03/2025 18:00,275,419,271,0,0,415
08/03/2025 18:15,192,394,187,0,0,389
08/03/2025 18:30,154,471,152,0,0,469
08/03/2025 18:45,123,383,128,0,1,389
08/03/2025 19:00,93,400,2,0,0,309
08/03/2025 19:15,61,500,0,9,0,430
08/03/2025 19:30,31,539,0,2,0,506
08/03/2025 19:45,6,363,0,8,0,349
08/03/2025 20:00,0,1149,0,15,0,1134
08/03/2025 20:15,0,1742,0,1,0,1741
08/03/2025 20:30,0,974,11,0,0,985
08/03/2025 20:45,0,430,3,0,0,433
08/03/2025 21:00,0,377,0,6,0,371
08/03/2025 21:15,0,372,0,328,13,57
08/03/2025 21:30,0,585,0,593,8,0
08/03/2025 21:45,0,1444,0,1453,9,0
08/03/2025 22:00,0,885,0,895,10,0
08/03/2025 22:15,0,458,0,468,10,0
08/03/2025 22:30,0,440,0,448,8,0
08/03/2025 22:45,0,285,0,291,6,0
08/03/2025 23:00,0,286,0,292,6,0
08/03/2025 23:15,0,311,0,317,6,0
08/03/2025 23:30,0,452,0,458,6,0
08/03/2025 23:45,0,338,0,342,4,0
08/04/2025 00:00,0,343,0,349,6,0
08/04/2025 00:15,0,309,0,315,6,0
08/04/2025 00:30,0,191,0,197,6,0
08/04/2025 00:45,0,269,0,273,4,0
08/04/2025 01:00,0,235,0,241,6,0
08/04/2025 01:15,0,163,0,167,4,0
08/04/2025 01:30,0,143,0,147,4,0
08/04/2025 01:45,0,131,0,137,6,0
08/04/2025 02:00,0,280,0,284,4,0
08/04/2025 02:15,0,207,0,213,6,0
08/04/2025 02:30,0,152,0,158,6,0
08/04/2025 02:45,0,156,0,161,5,0
08/04/2025 03:00,0,131,0,138,7,0
08/04/2025 03:15,0,223,0,229,6,0
08/04/2025 03:30,0,222,0,228,6,0
08/04/2025 03:45,0,143,0,148,5,0
08/04/2025 04:00,0,284,0,290,6,0
08/04/2025 04:15,0,254,0,259,5,0
08/04/2025 04:30,0,201,0,207,6,0
08/04/2025 04:45,0,146,0,152,6,0
08/04/2025 05:00,0,151,0,157,6,0
08/04/2025 05:15,0,157,0,162,5,0
08/04/2025 05:30,0,154,0,159,5,0
08/04/2025 05:45,0,134,0,138,4,0
08/04/2025 06:00,34,214,0,202,22,0
08/04/2025 06:15,88,272,0,260,76,0
08/04/2025 06:30,146,144,0,134,136,0
08/04/2025 06:45,200,172,0,19,47,0
08/04/2025 07:00,261,156,0,147,252,0
08/04/2025 07:15,341,163,0,151,329,0
08/04/2025 07:30,427,145,0,138,420,0
08/04/2025 07:45,510,164,0,155,501,0
08/04/2025 08:00,592,165,0,154,581,0
08/04/2025 08:15,671,140,0,135,666,0
08/04/2025 08:30,737,158,0,155,734,0
08/04/2025 08:45,777,175,0,171,773,0
08/04/2025 09:00,826,192,0,191,825,0
08/04/2025 09:15,866,316,0,310,860,0
08/04/2025 09:30,938,303,0,298,933,0
08/04/2025 09:45,1006,240,0,233,999,0
08/04/2025 10:00,1047,261,0,259,1045,0
08/04/2025 10:15,1065,353,0,351,1063,0
08/04/2025 10:30,1140,388,0,377,1129,0
08/04/2025 10:45,1196,223,0,224,1197,0
08/04/2025 11:00,1243,213,0,211,1241,0
08/04/2025 11:15,1298,1503,0,1499,1294,0
08/04/2025 11:30,1377,2018,0,917,276,0
08/04/2025 11:45,1382,1240,73,0,69,0
08/04/2025 12:00,1407,1607,0,230,30,0
08/04/2025 12:15,1439,1586,0,175,28,0
08/04/2025 12:30,1447,1570,0,197,74,0
08/04/2025 12:45,1426,1574,0,151,3,0
08/04/2025 13:00,1423,1572,0,180,31,0
08/04/2025 13:15,1461,1545,0,90,6,0
08/04/2025 13:30,1462,1579,0,139,22,0
08/04/2025 13:45,1442,1597,0,157,2,0
08/04/2025 14:00,1358,161,1377,0,0,180
08/04/2025 14:15,1299,171,1293,0,0,165
08/04/2025 14:30,1203,180,1199,0,0,176
08/04/2025 14:45,1153,188,1147,0,0,182
08/04/2025 15:00,1106,260,1104,0,0,258
08/04/2025 15:15,1013,187,1008,0,0,182
08/04/2025 15:30,936,167,932,0,0,163
08/04/2025 15:45,867,190,863,0,0,186
08/04/2025 16:00,809,155,804,0,0,150
08/04/2025 16:15,739,137,736,0,0,134
08/04/2025 16:30,656,144,652,0,0,140
08/04/2025 16:45,574,195,566,0,0,187
08/04/2025 17:00,528,566,518,0,0,556
08/04/2025 17:15,471,492,468,0,0,489
08/04/2025 17:30,406,523,400,0,0,517
08/04/2025 17:45,337,348,335,0,0,346
08/04/2025 18:00,273,306,267,0,0,300
08/04/2025 18:15,216,377,210,0,0,371
08/04/2025 18:30,169,517,167,0,0,515
08/04/2025 18:45,126,322,121,0,0,317
08/04/2025 19:00,88,388,3,0,0,303
08/04/2025 19:15,52,347,0,8,0,287
08/04/2025 19:30,23,310,0,5,0,282
08/04/2025 19:45,2,353,0,8,0,343
08/04/2025 20:00,0,423,0,3,0,420
08/04/2025 20:15,0,685,0,10,0,675
08/04/2025 20:30,0,559,0,2,0,557
08/04/2025 20:45,0,495,1,0,0,496
08/04/2025 21:00,0,580,0,6,0,574
08/04/2025 21:15,0,537,0,11,0,526
08/04/2025 21:30,0,668,0,5,0,663
08/04/2025 21:45,0,451,0,6,0,445
08/04/2025 22:00,0,558,0,7,0,551
08/04/2025 22:15,0,585,0,123,6,468
08/04/2025 22:30,0,476,0,494,18,0
08/04/2025 22:45,0,437,0,444,7,0
08/04/2025 23:00,0,317,0,324,7,0
08/04/2025 23:15,0,316,0,324,8,0
08/04/2025 23:30,0,471,0,477,6,0
08/04/2025 23:45,0,328,0,334,6,0
08/05/2025 00:00,0,310,0,316,6,0
08/05/2025 00:15,0,152,0,160,8,0
08/05/2025 00:30,0,131,0,135,4,0
08/05/2025 00:45,0,131,0,137,6,0
08/05/2025 01:00,0,226,0,232,6,0
08/05/2025 01:15,0,205,0,211,6,0
08/05/2025 01:30,0,223,0,229,6,0
08/05/2025 01:45,0,303,0,309,6,0
08/05/2025 02:00,0,258,0,264,6,0
08/05/2025 02:15,0,122,0,128,6,0
08/05/2025 02:30,0,98,0,104,6,0
08/05/2025 02:45,0,154,0,160,6,0
08/05/2025 03:00,0,202,0,208,6,0
08/05/2025 03:15,0,197,0,203,6,0
08/05/2025 03:30,0,334,0,340,6,0
08/05/2025 03:45,0,125,0,131,6,0
08/05/2025 04:00,0,102,0,108,6,0
08/05/2025 04:15,0,121,0,127,6,0
08/05/2025 04:30,0,181,0,187,6,0
08/05/2025 04:45,0,298,0,305,7,0
08/05/2025 05:00,0,118,0,125,7,0
08/05/2025 05:15,0,97,0,103,6,0
08/05/2025 05:30,0,111,0,117,6,0
08/05/2025 05:45,10,124,0,122,8,0
08/05/2025 06:00,50,111,0,103,42,0
08/05/2025 06:15,60,118,0,112,54,0
08/05/2025 06:30,120,180,0,177,117,0
08/05/2025 06:45,193,419,0,249,23,0
08/05/2025 07:00,131,400,0,394,125,0
08/05/2025 07:15,444,254,0,248,438,0
08/05/2025 07:30,294,213,0,212,293,0
08/05/2025 07:45,468,105,0,102,465,0
08/05/2025 08:00,554,202,0,196,548,0
08/05/2025 08:15,650,134,0,129,645,0
08/05/2025 08:30,644,107,0,109,646,0
08/05/2025 08:45,1014,106,0,105,1013,0
08/05/2025 09:00,931,108,0,107,930,0
08/05/2025 09:15,1053,129,0,126,1050,0
08/05/2025 09:30,900,113,0,117,904,0
08/05/2025 09:45,986,131,0,132,987,0
08/05/2025 10:00,961,101,0,93,953,0
08/05/2025 10:15,980,100,0,104,984,0
08/05/2025 10:30,970,129,0,124,965,0
08/05/2025 10:45,1206,122,0,121,1205,0
08/05/2025 11:00,958,125,0,127,960,0
08/05/2025 11:15,1063,122,0,124,1065,0
08/05/2025 11:30,1018,99,4,0,915,0
08/05/2025 11:45,1004,102,878,0,24,0
08/05/2025 12:00,980,126,745,0,109,0
08/05/2025 12:15,1126,131,992,0,3,0
08/05/2025 12:30,906,109,742,0,55,0
08/05/2025 12:45,954,96,817,0,41,0
08/05/2025 13:00,907,112,777,0,18,0
08/05/2025 13:15,1066,195,841,0,30,0
08/05/2025 13:30,1099,248,822,0,29,0
08/05/2025 13:45,1272,155,1096,0,21,0
08/05/2025 14:00,1156,106,1175,0,1,126
08/05/2025 14:15,1156,103,1152,0,0,99
08/05/2025 14:30,985,112,982,0,0,109
08/05/2025 14:45,889,120,885,0,0,116
08/05/2025 15:00,857,122,857,0,0,122
08/05/2025 15:15,881,131,877,0,0,127
08/05/2025 15:30,1002,173,998,0,0,169
08/05/2025 15:45,728,132,726,0,0,130
08/05/2025 16:00,967,131,963,0,0,127
08/05/2025 16:15,743,131,737,0,0,125
08/05/2025 16:30,628,117,624,0,0,113
08/05/2025 16:45,501,104,495,0,0,98
08/05/2025 17:00,654,351,647,0,0,344
08/05/2025 17:15,503,280,500,0,0,277
08/05/2025 17:30,412,138,407,0,0,133
08/05/2025 17:45,334,121,331,0,0,118
08/05/2025 18:00,267,103,262,0,0,98
08/05/2025 18:15,212,225,202,0,0,215
08/05/2025 18:30,167,551,158,0,0,542
08/05/2025 18:45,144,502,142,0,0,500
08/05/2025 19:00,104,441,5,0,0,342
08/05/2025 19:15,69,377,0,7,0,301
08/05/2025 19:30,38,359,0,7,0,314
08/05/2025 19:45,7,486,0,8,0,471
08/05/2025 20:00,0,479,0,0,0,479
08/05/2025 20:15,0,532,0,11,0,521
08/05/2025 20:30,0,537,0,9,0,528
08/05/2025 20:45,0,662,3,0,0,665
08/05/2025 21:00,0,523,0,6,0,517
08/05/2025 21:15,0,465,0,4,0,461
08/05/2025 21:30,0,563,0,8,0,555
08/05/2025 21:45,0,487,0,4,0,483
08/05/2025 22:00,0,387,0,9,0,378
08/05/2025 22:15,0,409,0,7,0,402
08/05/2025 22:30,0,453,0,7,0,446
08/05/2025 22:45,0,447,0,8,0,439
08/05/2025 23:00,0,335,0,5,0,330
08/05/2025 23:15,0,342,0,8,0,334
08/05/2025 23:30,0,315,0,8,0,307
08/05/2025 23:45,0,309,0,290,17,36
08/06/2025 00:00,0,282,0,293,11,0
08/06/2025 00:15,0,265,0,271,6,0
08/06/2025 00:30,0,147,0,153,6,0
08/06/2025 00:45,0,133,0,139,6,0
08/06/2025 01:00,0,141,0,147,6,0
08/06/2025 01:15,0,162,0,168,6,0
08/06/2025 01:30,0,157,0,163,6,0
08/06/2025 01:45,0,159,0,164,5,0
08/06/2025 02:00,0,134,0,141,7,0
08/06/2025 02:15,0,205,0,211,6,0
08/06/2025 02:30,0,274,0,280,6,0
08/06/2025 02:45,0,158,0,164,6,0
08/06/2025 03:00,0,148,0,154,6,0
08/06/2025 03:15,0,148,0,154,6,0
08/06/2025 03:30,0,130,0,136,6,0
08/06/2025 03:45,0,135,0,141,6,0
08/06/2025 04:00,0,168,0,174,6,0
08/06/2025 04:15,0,173,0,179,6,0
08/06/2025 04:30,0,135,0,141,6,0
08/06/2025 04:45,0,212,0,218,6,0
08/06/2025 05:00,0,163,0,167,4,0
08/06/2025 05:15,0,137,0,143,6,0
08/06/2025 05:30,0,161,0,167,6,0
08/06/2025 05:45,0,141,0,147,6,0
08/06/2025 06:00,31,148,0,139,22,0
08/06/2025 06:15,95,267,0,257,85,0
08/06/2025 06:30,146,314,0,210,42,0
08/06/2025 06:45,190,177,0,20,33,0
08/06/2025 07:00,276,181,0,173,268,0
08/06/2025 07:15,394,151,0,143,386,0
08/06/2025 07:30,424,139,0,137,422,0
08/06/2025 07:45,411,149,0,151,413,0
08/06/2025 08:00,374,174,0,171,371,0
08/06/2025 08:15,462,263,0,263,462,0
08/06/2025 08:30,570,262,0,259,567,0
08/06/2025 08:45,555,323,0,322,554,0
08/06/2025 09:00,715,213,0,211,713,0
08/06/2025 09:15,820,194,0,195,821,0
08/06/2025 09:30,867,176,0,171,862,0
08/06/2025 09:45,866,309,0,313,870,0
08/06/2025 10:00,939,316,0,311,934,0
08/06/2025 10:15,1024,190,0,190,1024,0
08/06/2025 10:30,1311,188,0,183,1306,0
08/06/2025 10:45,1265,149,0,152,1268,0
08/06/2025 11:00,1040,184,0,185,1041,0
08/06/2025 11:15,1129,410,0,398,1117,0
08/06/2025 11:30,1293,179,0,119,1233,0
08/06/2025 11:45,1208,176,588,0,444,0
08/06/2025 12:00,1151,154,896,0,101,0
08/06/2025 12:15,1268,143,1000,0,125,0
08/06/2025 12:30,1258,287,950,0,21,0
08/06/2025 12:45,1276,173,1092,0,11,0
08/06/2025 13:00,1057,190,777,0,90,0
08/06/2025 13:15,1210,143,1063,0,4,0
08/06/2025 13:30,1280,147,1131,0,2,0
08/06/2025 13:45,1385,173,1206,0,6,0
08/06/2025 14:00,1106,185,1121,0,2,202
08/06/2025 14:15,1064,234,1061,0,0,231
08/06/2025 14:30,1052,144,1047,0,0,139
08/06/2025 14:45,843,148,839,0,0,144
08/06/2025 15:00,862,168,856,0,0,162
08/06/2025 15:15,842,212,833,0,0,203
08/06/2025 15:30,744,179,738,0,0,173
08/06/2025 15:45,630,180,624,0,0,174
08/06/2025 16:00,550,164,544,0,0,158
08/06/2025 16:15,520,189,514,0,0,183
08/06/2025 16:30,483,189,480,0,0,186
08/06/2025 16:45,401,294,394,0,0,287
08/06/2025 17:00,346,343,336,0,0,333
08/06/2025 17:15,310,368,306,0,0,364
08/06/2025 17:30,259,254,254,0,0,249
08/06/2025 17:45,240,581,233,0,0,574
08/06/2025 18:00,261,412,260,0,0,411
08/06/2025 18:15,185,365,174,0,0,354
08/06/2025 18:30,137,566,134,0,0,563
08/06/2025 18:45,99,479,96,0,0,476
08/06/2025 19:00,63,375,1,0,0,313
08/06/2025 19:15,29,512,0,10,0,473
08/06/2025 19:30,8,284,0,2,0,274
08/06/2025 19:45,0,216,0,8,0,208
08/06/2025 20:00,0,331,0,12,0,319
08/06/2025 20:15,0,1300,0,4,0,1296
08/06/2025 20:30,0,1935,0,3,0,1932
08/06/2025 20:45,0,1048,0,0,0,1048
08/06/2025 21:00,0,568,0,7,0,561
08/06/2025 21:15,0,458,0,209,10,259
08/06/2025 21:30,0,477,0,493,16,0
08/06/2025 21:45,0,385,0,391,6,0
08/06/2025 22:00,0,450,0,457,7,0
08/06/2025 22:15,0,533,0,540,7,0
08/06/2025 22:30,0,500,0,508,8,0
08/06/2025 22:45,0,412,0,418,6,0
08/06/2025 23:00,0,397,0,403,6,0
08/06/2025 23:15,0,351,0,358,7,0
08/06/2025 23:30,0,362,0,368,6,0
08/06/2025 23:45,0,398,0,404,6,0
08/07/2025 00:00,0,282,0,287,5,0
08/07/2025 00:15,0,144,0,151,7,0
08/07/2025 00:30,0,141,0,147,6,0
08/07/2025 00:45,0,129,0,134,5,0
08/07/2025 01:00,0,102,0,108,6,0
08/07/2025 01:15,0,151,0,157,6,0
08/07/2025 01:30,0,276,0,283,7,0
08/07/2025 01:45,0,111,0,117,6,0
08/07/2025 02:00,0,124,0,132,8,0
08/07/2025 02:15,0,124,0,130,6,0
08/07/2025 02:30,0,185,0,193,8,0
08/07/2025 02:45,0,182,0,188,6,0
08/07/2025 03:00,0,124,0,132,8,0
08/07/2025 03:15,0,123,0,129,6,0
08/07/2025 03:30,0,138,0,144,6,0
08/07/2025 03:45,0,227,0,235,8,0
08/07/2025 04:00,0,107,0,115,8,0
08/07/2025 04:15,0,134,0,142,8,0
08/07/2025 04:30,0,296,0,302,6,0
08/07/2025 04:45,0,229,0,237,8,0
08/07/2025 05:00,0,184,0,190,6,0
08/07/2025 05:15,0,97,0,104,7,0
08/07/2025 05:30,0,97,0,104,7,0
08/07/2025 05:45,0,120,0,125,5,0
08/07/2025 06:00,4,125,0,127,6,0
08/07/2025 06:15,73,128,0,116,61,0
08/07/2025 06:30,138,118,0,113,133,0
08/07/2025 06:45,134,107,0,40,67,0
08/07/2025 07:00,102,260,0,254,96,0
08/07/2025 07:15,248,277,0,267,238,0
08/07/2025 07:30,392,226,0,227,393,0
08/07/2025 07:45,352,185,0,184,351,0
08/07/2025 08:00,389,109,0,102,382,0
08/07/2025 08:15,451,123,0,117,445,0
08/07/2025 08:30,518,230,0,222,510,0
08/07/2025 08:45,639,159,0,152,632,0
08/07/2025 09:00,768,109,0,111,770,0
08/07/2025 09:15,855,110,0,108,853,0
08/07/2025 09:30,961,126,0,123,958,0
08/07/2025 09:45,975,110,0,109,974,0
08/07/2025 10:00,1225,136,0,128,1217,0
08/07/2025 10:15,1441,111,0,110,1440,0
08/07/2025 10:30,1442,102,0,99,1439,0
08/07/2025 10:45,1269,103,0,103,1269,0
08/07/2025 11:00,1604,121,0,119,1602,0
08/07/2025 11:15,1695,127,136,0,1432,0
08/07/2025 11:30,1334,130,1100,0,104,0
08/07/2025 11:45,1275,102,1095,0,78,0
08/07/2025 12:00,1397,104,1266,0,27,0
08/07/2025 12:15,1435,118,1235,0,82,0
08/07/2025 12:30,1719,113,1592,0,14,0
08/07/2025 12:45,1693,130,1562,0,1,0
08/07/2025 13:00,1706,121,1584,0,1,0
08/07/2025 13:15,1702,100,1545,0,57,0
08/07/2025 13:30,1701,101,1577,0,23,0
08/07/2025 13:45,1684,128,1547,0,9,0
08/07/2025 14:00,1612,132,1629,0,0,149
08/07/2025 14:15,1560,134,1556,0,0,130
08/07/2025 14:30,1478,105,1476,0,0,103
08/07/2025 14:45,1399,100,1396,0,0,97
08/07/2025 15:00,1295,112,1289,0,0,106
08/07/2025 15:15,1195,140,1190,0,0,135
08/07/2025 15:30,1087,132,1083,0,0,128
08/07/2025 15:45,989,106,986,0,0,103
08/07/2025 16:00,905,108,900,0,0,103
08/07/2025 16:15,824,133,818,0,0,127
08/07/2025 16:30,759,113,753,0,0,107
08/07/2025 16:45,672,185,663,0,0,176
08/07/2025 17:00,589,476,584,0,0,471
08/07/2025 17:15,519,395,519,0,0,395
08/07/2025 17:30,423,347,417,0,0,341
08/07/2025 17:45,290,158,288,0,0,156
08/07/2025 18:00,224,171,219,0,0,166
08/07/2025 18:15,132,387,120,0,0,375
08/07/2025 18:30,97,527,94,0,0,524
08/07/2025 18:45,74,430,71,0,0,427
08/07/2025 19:00,58,386,1,0,0,329
08/07/2025 19:15,38,359,0,7,0,314
08/07/2025 19:30,17,272,0,6,0,249
08/07/2025 19:45,2,186,0,8,0,176
08/07/2025 20:00,0,496,0,10,0,486
08/07/2025 20:15,0,622,0,1,0,621
08/07/2025 20:30,0,470,0,7,0,463
08/07/2025 20:45,0,355,0,3,0,352
08/07/2025 21:00,0,447,0,2,0,445
08/07/2025 21:15,0,511,0,5,0,506
08/07/2025 21:30,0,752,0,11,0,741
08/07/2025 21:45,0,726,0,4,0,722
08/07/2025 22:00,0,518,0,6,0,512
08/07/2025 22:15,0,533,0,9,0,524
08/07/2025 22:30,0,392,0,0,0,392
08/07/2025 22:45,0,191,0,50,2,143
08/07/2025 23:00,0,340,0,353,13,0
08/07/2025 23:15,0,385,0,393,8,0
08/07/2025 23:30,0,211,0,218,7,0
08/07/2025 23:45,0,294,0,300,6,0
08/08/2025 00:00,0,214,0,219,5,0
08/08/2025 00:15,0,169,0,174,5,0
08/08/2025 00:30,0,213,0,219,6,0
08/08/2025 00:45,0,302,0,310,8,0
08/08/2025 01:00,0,253,0,259,6,0
08/08/2025 01:15,0,164,0,170,6,0
08/08/2025 01:30,0,164,0,168,4,0
08/08/2025 01:45,0,291,0,297,6,0
08/08/2025 02:00,0,167,0,173,6,0
08/08/2025 02:15,0,164,0,170,6,0
08/08/2025 02:30,0,161,0,167,6,0
08/08/2025 02:45,0,237,0,243,6,0
08/08/2025 03:00,0,158,0,166,8,0
08/08/2025 03:15,0,184,0,190,6,0
08/08/2025 03:30,0,165,0,171,6,0
08/08/2025 03:45,0,146,0,152,6,0
08/08/2025 04:00,0,134,0,139,5,0
08/08/2025 04:15,0,153,0,158,5,0
08/08/2025 04:30,0,142,0,149,7,0
08/08/2025 04:45,0,164,0,171,7,0
08/08/2025 05:00,0,154,0,160,6,0
08/08/2025 05:15,0,133,0,138,5,0
08/08/2025 05:30,0,137,0,142,5,0
08/08/2025 05:45,4,161,0,162,5,0
08/08/2025 06:00,56,144,0,134,46,0
08/08/2025 06:15,162,164,0,146,144,0
08/08/2025 06:30,154,143,0,35,46,0
08/08/2025 06:45,374,154,22,0,223,25
08/08/2025 07:00,474,194,0,187,469,2
08/08/2025 07:15,494,265,0,262,491,0
08/08/2025 07:30,671,183,0,179,667,0
08/08/2025 07:45,802,142,0,135,795,0
08/08/2025 08:00,888,138,0,133,883,0
08/08/2025 08:15,970,162,0,162,970,0
08/08/2025 08:30,1037,257,0,253,1033,0
08/08/2025 08:45,1064,166,0,164,1062,0
08/08/2025 09:00,1133,237,0,233,1129,0
08/08/2025 09:15,1245,351,0,347,1241,0
08/08/2025 09:30,1256,299,0,300,1257,0
08/08/2025 09:45,1257,220,0,216,1253,0
08/08/2025 10:00,1445,181,0,180,1444,0
08/08/2025 10:15,1483,208,207,0,1068,0
08/08/2025 10:30,1518,585,722,0,211,0
08/08/2025 10:45,1558,1431,0,60,187,0
08/08/2025 11:00,1603,1460,44,0,99,0
08/08/2025 11:15,1646,1396,181,0,69,0
08/08/2025 11:30,1632,1596,21,0,15,0
08/08/2025 11:45,1627,1626,0,3,4,0
08/08/2025 12:00,1680,1794,0,154,40,0
08/08/2025 12:15,1717,1763,0,86,40,0
08/08/2025 12:30,1673,1699,0,26,0,0
08/08/2025 12:45,1632,1698,0,77,11,0
08/08/2025 13:00,1685,1585,99,0,1,0
08/08/2025 13:15,1700,1586,100,0,14,0
08/08/2025 13:30,1702,1596,90,0,16,0
08/08/2025 13:45,1681,1623,54,0,4,0
08/08/2025 14:00,1590,220,1571,0,0,201
08/08/2025 14:15,1357,161,1353,0,0,157
08/08/2025 14:30,1502,187,1498,0,0,183
08/08/2025 14:45,1401,176,1396,0,0,171
08/08/2025 15:00,1282,203,1277,0,0,198
08/08/2025 15:15,1146,188,1142,0,0,184
08/08/2025 15:30,1098,191,1094,0,0,187
08/08/2025 15:45,1012,190,1009,0,0,187
08/08/2025 16:00,903,201,898,0,0,196
08/08/2025 16:15,816,204,811,0,0,199
08/08/2025 16:30,759,347,751,0,0,339
08/08/2025 16:45,667,378,659,0,0,370
08/08/2025 17:00,580,779,571,0,0,770
08/08/2025 17:15,510,591,510,0,0,591
08/08/2025 17:30,406,483,404,0,0,481
08/08/2025 17:45,276,342,272,0,0,338
08/08/2025 18:00,207,334,200,0,0,327
08/08/2025 18:15,119,506,115,0,0,502
08/08/2025 18:30,88,472,86,0,0,470
08/08/2025 18:45,70,406,61,0,0,397
08/08/2025 19:00,52,547,1,0,0,496
08/08/2025 19:15,34,416,0,8,0,374
08/08/2025 19:30,15,457,0,8,0,434
08/08/2025 19:45,2,399,0,6,0,391
08/08/2025 20:00,0,283,0,3,0,280
08/08/2025 20:15,0,470,0,8,0,462
08/08/2025 20:30,0,495,0,5,0,490
08/08/2025 20:45,0,500,0,8,0,492
08/08/2025 21:00,0,535,2,0,0,537
08/08/2025 21:15,0,583,0,9,0,574
08/08/2025 21:30,0,701,0,6,0,695
08/08/2025 21:45,0,475,0,98,5,382
08/08/2025 22:00,0,476,0,495,19,0
08/08/2025 22:15,0,460,0,467,8,1
08/08/2025 22:30,0,382,0,386,4,0
08/08/2025 22:45,0,193,0,195,2,0
08/08/2025 23:00,0,275,0,279,4,0
08/08/2025 23:15,0,250,0,256,6,0
08/08/2025 23:30,0,281,0,285,4,0
08/08/2025 23:45,0,308,0,314,6,0
08/09/2025 00:00,0,355,0,360,5,0
08/09/2025 00:15,0,423,0,426,3,0
08/09/2025 00:30,0,227,0,233,6,0
08/09/2025 00:45,0,234,0,242,8,0
08/09/2025 01:00,0,210,0,214,4,0
08/09/2025 01:15,0,154,0,158,4,0
08/09/2025 01:30,0,145,0,151,6,0
08/09/2025 01:45,0,168,0,174,6,0
08/09/2025 02:00,0,152,0,156,4,0
08/09/2025 02:15,0,264,0,270,6,0
08/09/2025 02:30,0,200,0,206,6,0
08/09/2025 02:45,0,168,0,173,5,0
08/09/2025 03:00,0,152,0,157,5,0
08/09/2025 03:15,0,163,0,169,6,0
08/09/2025 03:30,0,136,0,142,6,0
08/09/2025 03:45,0,140,0,144,4,0
08/09/2025 04:00,0,154,0,160,6,0
08/09/2025 04:15,0,142,0,148,6,0
08/09/2025 04:30,0,167,0,173,6,0
08/09/2025 04:45,0,147,0,153,6,0
08/09/2025 05:00,0,132,0,138,6,0
08/09/2025 05:15,0,150,0,156,6,0
08/09/2025 05:30,0,154,0,159,5,0
08/09/2025 05:45,1,146,0,150,5,0
08/09/2025 06:00,37,161,0,150,26,0
08/09/2025 06:15,129,134,0,125,120,0
08/09/2025 06:30,215,133,0,55,137,0
08/09/2025 06:45,325,301,0,12,36,0
08/09/2025 07:00,418,150,0,137,405,0
08/09/2025 07:15,502,172,0,162,492,0
08/09/2025 07:30,628,164,0,157,621,0
08/09/2025 07:45,755,159,0,153,749,0
08/09/2025 08:00,838,353,0,350,835,0
08/09/2025 08:15,908,338,0,335,905,0
08/09/2025 08:30,977,327,0,322,972,0
08/09/2025 08:45,1041,268,0,266,1039,0
08/09/2025 09:00,1098,190,0,188,1096,0
08/09/2025 09:15,1166,321,0,319,1164,0
08/09/2025 09:30,1219,457,0,453,1215,0
08/09/2025 09:45,1275,1460,0,1459,1274,0
08/09/2025 10:00,1336,966,0,966,1336,0
08/09/2025 10:15,1392,204,0,204,1392,0
08/09/2025 10:30,1448,231,95,0,1122,0
08/09/2025 10:45,1500,210,1130,0,160,0
08/09/2025 11:00,1543,209,1151,0,183,0
08/09/2025 11:15,1575,375,1180,0,20,0
08/09/2025 11:30,1597,419,1178,0,0,0
08/09/2025 11:45,1619,1553,40,0,26,0
08/09/2025 12:00,1642,1581,29,0,32,0
08/09/2025 12:15,1647,440,1207,0,0,0
08/09/2025 12:30,1618,173,1437,0,8,0
08/09/2025 12:45,1605,183,1392,0,30,0
08/09/2025 13:00,1639,206,1418,0,15,0
08/09/2025 13:15,1641,843,795,0,3,0
08/09/2025 13:30,1623,576,1035,0,12,0
08/09/2025 13:45,1600,351,1223,0,26,0
08/09/2025 14:00,1539,362,1548,0,0,371
08/09/2025 14:15,1491,382,1482,0,0,373
08/09/2025 14:30,1410,488,1401,0,0,479
08/09/2025 14:45,1340,731,1335,0,0,726
08/09/2025 15:00,1233,583,1233,0,0,583
08/09/2025 15:15,1138,394,1136,0,0,392
08/09/2025 15:30,1045,498,1042,0,0,495
08/09/2025 15:45,945,356,946,0,0,357
08/09/2025 16:00,866,346,862,0,0,342
08/09/2025 16:15,781,184,780,0,0,183
08/09/2025 16:30,719,204,713,0,0,198
08/09/2025 16:45,636,205,633,0,0,202
08/09/2025 17:00,555,168,550,0,0,163
08/09/2025 17:15,487,166,481,0,0,160
08/09/2025 17:30,385,271,377,0,0,263
08/09/2025 17:45,275,288,268,0,0,281
08/09/2025 18:00,214,238,208,0,0,232
08/09/2025 18:15,140,383,137,0,0,380
08/09/2025 18:30,107,436,101,0,0,430
08/09/2025 18:45,84,355,79,0,0,350
08/09/2025 19:00,62,408,0,1,0,345
08/09/2025 19:15,39,432,0,9,0,384
08/09/2025 19:30,15,552,0,4,0,533
08/09/2025 19:45,2,427,0,7,0,418
08/09/2025 20:00,0,467,0,9,0,458
08/09/2025 20:15,0,544,0,5,0,539
08/09/2025 20:30,0,255,0,4,0,251
08/09/2025 20:45,0,259,0,0,0,259
08/09/2025 21:00,0,293,0,11,0,282
08/09/2025 21:15,0,795,0,11,0,784
08/09/2025 21:30,0,949,0,13,0,936
08/09/2025 21:45,0,930,0,951,21,0
08/09/2025 22:00,0,453,0,463,10,0
08/09/2025 22:15,0,530,0,533,3,0
08/09/2025 22:30,0,553,0,557,4,0
08/09/2025 22:45,0,425,0,430,5,0
08/09/2025 23:00,0,179,0,184,5,0
08/09/2025 23:15,0,223,0,229,6,0
08/09/2025 23:30,0,396,0,404,8,0
08/09/2025 23:45,0,408,0,414,6,0
08/10/2025 00:00,0,342,0,348,6,0
08/10/2025 00:15,0,288,0,294,6,0
08/10/2025 00:30,0,253,0,259,6,0
08/10/2025 00:45,0,265,0,269,4,0
08/10/2025 01:00,0,160,0,166,6,0
08/10/2025 01:15,0,137,0,141,4,0
08/10/2025 01:30,0,279,0,285,6,0
08/10/2025 01:45,0,189,0,195,6,0
08/10/2025 02:00,0,247,0,253,6,0
08/10/2025 02:15,0,252,0,258,6,0
08/10/2025 02:30,0,101,0,107,6,0
08/10/2025 02:45,0,99,0,103,4,0
08/10/2025 03:00,0,124,0,130,6,0
08/10/2025 03:15,0,121,0,127,6,0
08/10/2025 03:30,0,132,0,138,6,0
08/10/2025 03:45,0,151,0,157,6,0
08/10/2025 04:00,0,227,0,233,6,0
08/10/2025 04:15,0,118,0,124,6,0
08/10/2025 04:30,0,155,0,161,6,0
08/10/2025 04:45,0,256,0,262,6,0
08/10/2025 05:00,0,101,0,107,6,0
08/10/2025 05:15,0,106,0,112,6,0
08/10/2025 05:30,0,176,0,182,6,0
08/10/2025 05:45,0,252,0,258,6,0
08/10/2025 06:00,28,132,0,122,18,0
08/10/2025 06:15,104,141,0,132,95,0
08/10/2025 06:30,185,183,0,163,165,0
08/10/2025 06:45,287,115,0,6,178,0
08/10/2025 07:00,375,197,0,187,365,0
08/10/2025 07:15,465,135,0,128,458,0
08/10/2025 07:30,570,131,0,127,566,0
08/10/2025 07:45,640,290,0,289,639,0
08/10/2025 08:00,725,191,0,184,718,0
08/10/2025 08:15,849,307,0,302,844,0
08/10/2025 08:30,918,245,0,239,912,0
08/10/2025 08:45,1009,236,0,230,1003,0
08/10/2025 09:00,1069,394,0,388,1063,0
08/10/2025 09:15,1131,196,0,192,1127,0
08/10/2025 09:30,1173,136,0,134,1171,0
08/10/2025 09:45,1144,111,0,110,1143,0
08/10/2025 10:00,1218,1222,0,1221,1217,0
08/10/2025 10:15,1284,1163,0,1157,1278,0
08/10/2025 10:30,1434,274,0,273,1433,0
08/10/2025 10:45,1350,355,153,0,842,0
08/10/2025 11:00,1408,206,1113,0,89,0
08/10/2025 11:15,1321,191,1088,0,42,0
08/10/2025 11:30,1463,123,1310,0,30,0
08/10/2025 11:45,1529,134,1395,0,0,0
08/10/2025 12:00,1580,99,1408,0,73,0
08/10/2025 12:15,1508,100,1396,0,12,0
08/10/2025 12:30,1493,123,1369,0,1,0
08/10/2025 12:45,1631,340,1286,0,5,0
08/10/2025 13:00,1578,418,1106,0,54,0
08/10/2025 13:15,1585,587,998,0,0,0
08/10/2025 13:30,1540,630,910,0,0,0
08/10/2025 13:45,1440,450,946,0,44,0
08/10/2025 14:00,1485,487,1486,0,2,490
08/10/2025 14:15,1395,557,1394,0,0,556
08/10/2025 14:30,1006,445,1006,0,0,445
08/10/2025 14:45,1287,383,1285,0,0,381
08/10/2025 15:00,1081,408,1076,0,0,403
08/10/2025 15:15,1131,619,1123,0,0,611
08/10/2025 15:30,744,744,736,0,0,736
08/10/2025 15:45,712,441,714,0,0,443
08/10/2025 16:00,944,587,936,0,0,579
08/10/2025 16:15,870,351,872,0,0,353
08/10/2025 16:30,729,158,725,0,0,154
08/10/2025 16:45,626,133,622,0,0,129
08/10/2025 17:00,538,145,533,0,0,140
08/10/2025 17:15,460,202,452,0,0,194
08/10/2025 17:30,366,445,355,0,0,434
08/10/2025 17:45,268,428,262,0,0,422
08/10/2025 18:00,211,344,206,0,0,339
08/10/2025 18:15,139,365,133,0,0,359
08/10/2025 18:30,105,792,96,0,0,783
08/10/2025 18:45,80,496,79,0,0,495
08/10/2025 19:00,60,398,1,0,0,339
08/10/2025 19:15,38,517,0,6,0,473
08/10/2025 19:30,19,624,0,8,0,597
08/10/2025 19:45,3,658,1,0,0,656
08/10/2025 20:00,0,492,0,4,0,488
08/10/2025 20:15,0,435,0,5,0,430
08/10/2025 20:30,0,607,0,8,0,599
08/10/2025 20:45,0,567,0,296,9,280
08/10/2025 21:00,0,784,0,797,14,1
08/10/2025 21:15,0,416,0,423,7,0
08/10/2025 21:30,0,478,0,483,5,0
08/10/2025 21:45,0,494,0,497,3,0
08/10/2025 22:00,0,434,0,437,3,0
08/10/2025 22:15,0,530,0,533,3,0
08/10/2025 22:30,0,516,0,518,2,0
08/10/2025 22:45,0,540,0,544,4,0
08/10/2025 23:00,0,341,0,345,4,0
08/10/2025 23:15,0,352,0,356,4,0
08/10/2025 23:30,0,429,0,433,4,0
08/10/2025 23:45,0,350,0,355,5,0
08/11/2025 00:00,0,295,0,298,3,0
08/11/2025 00:15,0,331,0,333,2,0
08/11/2025 00:30,0,295,0,299,4,0
08/11/2025 00:45,0,379,0,383,4,0
08/11/2025 01:00,0,154,0,159,5,0
08/11/2025 01:15,0,134,0,137,3,0
08/11/2025 01:30,0,238,0,242,4,0
08/11/2025 01:45,0,399,0,403,4,0
08/11/2025 02:00,0,408,0,412,4,0
08/11/2025 02:15,0,238,0,242,4,0
08/11/2025 02:30,0,139,0,144,5,0
08/11/2025 02:45,0,166,0,171,5,0
08/11/2025 03:00,0,153,0,158,5,0
08/11/2025 03:15,0,155,0,160,5,0
08/11/2025 03:30,0,248,0,252,4,0
08/11/2025 03:45,0,213,0,219,6,0
08/11/2025 04:00,0,355,0,359,4,0
08/11/2025 04:15,0,369,0,375,6,0
08/11/2025 04:30,0,227,0,233,6,0
08/11/2025 04:45,0,133,0,139,6,0
08/11/2025 05:00,0,159,0,165,6,0
08/11/2025 05:15,0,144,0,148,4,0
08/11/2025 05:30,0,160,0,165,5,0
08/11/2025 05:45,0,151,0,154,3,0
08/11/2025 06:00,32,131,0,120,21,0
08/11/2025 06:15,100,134,0,124,90,0
08/11/2025 06:30,171,173,0,166,164,0
08/11/2025 06:45,268,333,0,97,32,0
08/11/2025 07:00,359,368,0,355,346,0
08/11/2025 07:15,445,239,0,231,437,0
08/11/2025 07:30,556,167,0,158,547,0
08/11/2025 07:45,689,182,0,175,682,0
08/11/2025 08:00,778,180,0,172,770,0
08/11/2025 08:15,855,153,0,148,850,0
08/11/2025 08:30,921,151,0,148,918,0
08/11/2025 08:45,992,165,0,157,984,0
08/11/2025 09:00,1046,186,0,189,1049,0
08/11/2025 09:15,1096,451,0,445,1090,0
08/11/2025 09:30,1154,368,0,364,1150,0
08/11/2025 09:45,1194,304,0,300,1190,0
08/11/2025 10:00,1267,273,0,268,1262,0
08/11/2025 10:15,1313,230,0,227,1310,0
08/11/2025 10:30,1376,197,0,187,1366,0
08/11/2025 10:45,1437,201,194,0,1042,0
08/11/2025 11:00,1498,278,1167,0,53,0
08/11/2025 11:15,1547,451,1025,0,71,0
08/11/2025 11:30,1564,253,1259,0,52,0
08/11/2025 11:45,1571,358,1209,0,4,0
08/11/2025 12:00,1605,1108,441,0,56,0
08/11/2025 12:15,1626,1650,0,70,46,0
08/11/2025 12:30,1391,680,694,0,17,0
08/11/2025 12:45,1449,222,1224,0,3,0
08/11/2025 13:00,1705,170,1517,0,18,0
08/11/2025 13:15,836,180,636,0,20,0
08/11/2025 13:30,793,157,636,0,0,0
08/11/2025 13:45,1061,165,874,0,22,0
08/11/2025 14:00,1455,292,1460,0,2,299
08/11/2025 14:15,1365,193,1363,0,0,191
08/11/2025 14:30,1223,655,1214,0,0,646
08/11/2025 14:45,579,685,575,0,0,681
08/11/2025 15:00,1274,380,1274,0,0,380
08/11/2025 15:15,703,291,699,0,0,287
08/11/2025 15:30,856,199,851,0,0,194
08/11/2025 15:45,807,178,802,0,0,173
08/11/2025 16:00,616,159,613,0,0,156
08/11/2025 16:15,673,457,664,0,0,448
08/11/2025 16:30,717,584,710,0,0,577
08/11/2025 16:45,418,508,412,0,0,502
08/11/2025 17:00,648,1118,638,0,0,1108
08/11/2025 17:15,596,1063,602,0,0,1069
08/11/2025 17:30,442,796,443,0,0,797
08/11/2025 17:45,276,412,272,0,0,408
08/11/2025 18:00,202,428,198,0,0,424
08/11/2025 18:15,125,349,119,0,0,343
08/11/2025 18:30,95,567,88,0,0,560
08/11/2025 18:45,74,402,72,0,0,400
08/11/2025 19:00,54,343,0,0,0,289
08/11/2025 19:15,34,522,0,1,0,487
08/11/2025 19:30,12,571,0,1,0,558
08/11/2025 19:45,0,389,0,6,0,383
08/11/2025 20:00,0,460,0,8,0,452
08/11/2025 20:15,0,458,0,6,0,452
08/11/2025 20:30,0,369,0,322,18,65
08/11/2025 20:45,0,395,0,406,11,0
08/11/2025 21:00,0,419,0,423,4,0
08/11/2025 21:15,0,688,0,689,1,0
08/11/2025 21:30,0,528,0,529,1,0
08/11/2025 21:45,0,667,0,667,0,0
08/11/2025 22:00,0,534,0,536,2,0
08/11/2025 22:15,0,522,0,527,5,0
08/11/2025 22:30,0,482,0,486,4,0
08/11/2025 22:45,0,355,0,359,4,0
08/11/2025 23:00,0,322,0,328,6,0
08/11/2025 23:15,0,348,0,353,5,0
08/11/2025 23:30,0,307,0,313,6,0
08/11/2025 23:45,0,305,0,310,5,0
08/12/2025 00:00,0,292,0,296,4,0
08/12/2025 00:15,0,292,0,296,4,0
08/12/2025 00:30,0,398,0,402,4,0
08/12/2025 00:45,0,397,0,402,5,0
08/12/2025 01:00,0,466,0,470,4,0
08/12/2025 01:15,0,402,0,406,4,0
08/12/2025 01:30,0,192,0,197,5,0
08/12/2025 01:45,0,141,0,145,4,0
08/12/2025 02:00,0,164,0,168,4,0
08/12/2025 02:15,0,316,0,319,3,0
08/12/2025 02:30,0,403,0,406,3,0
08/12/2025 02:45,0,308,0,311,3,0
08/12/2025 03:00,0,152,0,156,5,1
08/12/2025 03:15,0,151,0,155,4,0
08/12/2025 03:30,0,162,0,167,5,0
08/12/2025 03:45,0,132,0,138,6,0
08/12/2025 04:00,0,205,0,209,4,0
08/12/2025 04:15,0,378,0,382,4,0
08/12/2025 04:30,0,329,0,335,6,0
08/12/2025 04:45,0,321,0,325,4,0
08/12/2025 05:00,0,134,0,140,6,0
08/12/2025 05:15,0,134,0,138,4,0
08/12/2025 05:30,0,153,0,158,5,0
08/12/2025 05:45,0,164,0,168,4,0
08/12/2025 06:00,17,244,0,237,10,0
08/12/2025 06:15,84,259,0,247,72,0
08/12/2025 06:30,165,150,0,145,160,0
08/12/2025 06:45,276,290,0,148,134,0
08/12/2025 07:00,369,552,0,540,357,0
08/12/2025 07:15,454,360,0,356,450,0
08/12/2025 07:30,567,146,0,138,559,0
08/12/2025 07:45,683,174,0,166,675,0
08/12/2025 08:00,756,208,0,203,751,0
08/12/2025 08:15,862,178,0,169,853,0
08/12/2025 08:30,926,170,0,166,922,0
08/12/2025 08:45,976,214,0,207,969,0
08/12/2025 09:00,1045,274,0,271,1042,0
08/12/2025 09:15,1106,297,0,293,1102,0
08/12/2025 09:30,1158,290,0,288,1156,0
08/12/2025 09:45,1240,239,0,235,1236,0
08/12/2025 10:00,1295,239,0,236,1292,0
08/12/2025 10:15,1352,235,0,230,1347,0
08/12/2025 10:30,1391,159,0,155,1387,0
08/12/2025 10:45,1451,224,386,0,841,0
08/12/2025 11:00,1489,450,987,0,52,0
08/12/2025 11:15,1528,401,1014,0,113,0
08/12/2025 11:30,1527,412,1103,0,12,0
08/12/2025 11:45,1591,397,1191,0,3,0
08/12/2025 12:00,1565,381,1117,0,67,0
08/12/2025 12:15,1589,438,1100,0,51,0
08/12/2025 12:30,1568,150,1416,0,2,0
08/12/2025 12:45,1587,320,1258,0,9,0
08/12/2025 13:00,1614,413,1190,0,11,0
08/12/2025 13:15,1602,407,1175,0,20,0
08/12/2025 13:30,1610,333,1277,0,0,0
08/12/2025 13:45,1554,264,1266,0,24,0
08/12/2025 14:00,1513,152,1529,0,0,168
08/12/2025 14:15,1374,160,1371,0,0,157
08/12/2025 14:30,1323,298,1315,0,0,290
08/12/2025 14:45,1252,455,1248,0,0,451
08/12/2025 15:00,1189,414,1183,0,0,408
08/12/2025 15:15,1084,467,1079,0,0,462
08/12/2025 15:30,1011,520,1008,0,0,517
08/12/2025 15:45,913,461,909,0,0,457
08/12/2025 16:00,836,427,835,0,0,426
08/12/2025 16:15,728,178,724,0,0,174
08/12/2025 16:30,681,154,676,0,0,149
08/12/2025 16:45,606,324,593,0,0,311
08/12/2025 17:00,531,1052,521,0,0,1042
08/12/2025 17:15,451,792,451,0,0,792
08/12/2025 17:30,332,577,328,0,0,573
08/12/2025 17:45,251,444,249,0,0,442
08/12/2025 18:00,192,326,189,0,0,323
08/12/2025 18:15,126,317,120,0,0,311
08/12/2025 18:30,92,476,87,0,0,471
08/12/2025 18:45,71,407,68,0,0,404
08/12/2025 19:00,52,331,0,0,0,279
08/12/2025 19:15,29,304,0,9,0,266
08/12/2025 19:30,10,371,0,12,0,349
08/12/2025 19:45,0,583,0,0,0,583
08/12/2025 20:00,0,530,0,6,0,524
08/12/2025 20:15,0,445,0,11,0,434
08/12/2025 20:30,0,1851,0,298,4,1557
08/12/2025 20:45,0,1844,0,1864,20,0
08/12/2025 21:00,0,1312,0,1318,6,0
08/12/2025 21:15,0,535,0,539,4,0
08/12/2025 21:30,0,784,0,786,2,0
08/12/2025 21:45,0,609,0,613,4,0
08/12/2025 22:00,0,376,0,382,6,0
08/12/2025 22:15,0,429,0,433,4,0
08/12/2025 22:30,0,440,0,444,4,0
08/12/2025 22:45,0,584,0,586,2,0
08/12/2025 23:00,0,317,0,319,2,0
08/12/2025 23:15,0,311,0,315,4,0
08/12/2025 23:30,0,462,0,468,6,0
08/12/2025 23:45,0,496,0,502,6,0
08/13/2025 00:00,0,276,0,281,5,0
08/13/2025 00:15,0,315,0,320,5,0
08/13/2025 00:30,0,412,0,416,4,0
08/13/2025 00:45,0,334,0,340,6,0
08/13/2025 01:00,0,385,0,389,4,0
08/13/2025 01:15,0,145,0,151,6,0
08/13/2025 01:30,0,153,0,157,4,0
08/13/2025 01:45,0,365,0,371,6,0
08/13/2025 02:00,0,299,0,303,4,0
08/13/2025 02:15,0,248,0,254,6,0
08/13/2025 02:30,0,265,0,271,6,0
08/13/2025 02:45,0,121,0,125,4,0
08/13/2025 03:00,0,184,0,190,6,0
08/13/2025 03:15,0,287,0,293,6,0
08/13/2025 03:30,0,172,0,176,4,0
08/13/2025 03:45,0,216,0,221,6,1
08/13/2025 04:00,0,293,0,297,4,0
08/13/2025 04:15,0,330,0,336,6,0
08/13/2025 04:30,0,157,0,163,6,0
08/13/2025 04:45,0,99,0,105,6,0
08/13/2025 05:00,0,288,0,294,6,0
08/13/2025 05:15,0,184,0,188,4,0
08/13/2025 05:30,0,121,0,127,6,0
08/13/2025 05:45,0,112,0,118,6,0
08/13/2025 06:00,20,145,0,137,12,0
08/13/2025 06:15,84,272,0,264,76,0
08/13/2025 06:30,164,144,0,140,160,0
08/13/2025 06:45,285,193,0,50,142,0
08/13/2025 07:00,382,442,0,435,375,0
08/13/2025 07:15,462,304,0,300,458,0
08/13/2025 07:30,586,401,0,394,579,0
08/13/2025 07:45,711,294,0,288,705,0
08/13/2025 08:00,794,124,0,121,791,0
08/13/2025 08:15,864,124,0,117,857,0
08/13/2025 08:30,936,130,0,127,933,0
08/13/2025 08:45,997,112,0,109,994,0
08/13/2025 09:00,1049,108,0,102,1043,0
08/13/2025 09:15,1101,272,0,269,1098,0
08/13/2025 09:30,1167,240,0,236,1163,0
08/13/2025 09:45,1244,255,0,249,1238,0
08/13/2025 10:00,1309,254,0,249,1304,0
08/13/2025 10:15,1371,497,0,498,1372,0
08/13/2025 10:30,1433,355,0,351,1429,0
08/13/2025 10:45,1485,219,649,0,617,0
08/13/2025 11:00,1528,1720,0,245,53,0
08/13/2025 11:15,1561,1593,0,87,55,0
08/13/2025 11:30,1593,1675,0,83,1,0
08/13/2025 11:45,1618,1740,0,153,31,0
08/13/2025 12:00,1636,1760,0,158,34,0
08/13/2025 12:15,1634,1730,0,107,11,0
08/13/2025 12:30,1618,1535,72,0,11,0
08/13/2025 12:45,1616,266,1309,0,41,0
08/13/2025 13:00,1622,160,1453,0,9,0
08/13/2025 13:15,1618,136,1478,0,4,0
08/13/2025 13:30,1613,429,1178,0,6,0
08/13/2025 13:45,1536,565,937,0,34,0
08/13/2025 14:00,1483,373,1464,0,2,356
08/13/2025 14:15,1346,365,1338,0,0,357
08/13/2025 14:30,1386,352,1382,0,0,348
08/13/2025 14:45,1117,459,1112,0,0,454
08/13/2025 15:00,1172,346,1168,0,0,342
08/13/2025 15:15,1040,341,1036,0,0,337
08/13/2025 15:30,947,337,942,0,0,332
08/13/2025 15:45,680,271,678,0,0,269
08/13/2025 16:00,597,184,591,0,0,178
08/13/2025 16:15,479,556,471,0,0,548
08/13/2025 16:30,354,460,347,0,0,453
08/13/2025 16:45,441,599,430,0,0,588
08/13/2025 17:00,349,1052,344,0,0,1047
08/13/2025 17:15,278,690,0,3265,2994,141
08/13/2025 17:30,479,381,0,3468,3566,0
08/13/2025 17:45,391,392,0,353,352,0
08/13/2025 18:00,295,303,0,74,100,34
08/13/2025 18:15,263,307,258,0,0,302
08/13/2025 18:30,137,490,131,0,0,484
08/13/2025 18:45,57,424,55,0,0,422
08/13/2025 19:00,26,386,0,182,162,340
08/13/2025 19:15,2,342,0,1941,1703,102
08/13/2025 19:30,0,517,0,9,0,508
08/13/2025 19:45,0,468,0,0,0,468
08/13/2025 20:00,0,400,0,3,0,397
08/13/2025 20:15,0,467,0,7,0,460
08/13/2025 20:30,0,511,0,7,0,504
08/13/2025 20:45,0,678,0,7,0,671
08/13/2025 21:00,0,604,0,4,0,600
08/13/2025 21:15,0,733,0,11,0,722
08/13/2025 21:30,0,738,0,5,0,733
08/13/2025 21:45,0,663,0,5,0,658
08/13/2025 22:00,0,363,0,5,0,358
08/13/2025 22:15,0,368,0,7,0,361
08/13/2025 22:30,0,380,0,5,0,375
08/13/2025 22:45,0,444,0,6,0,438
08/13/2025 23:00,0,347,0,5,0,342
08/13/2025 23:15,0,219,0,9,0,210
08/13/2025 23:30,0,381,0,8,0,373
08/13/2025 23:45,0,569,0,4,0,565
08/14/2025 00:00,0,463,0,4,0,459
08/14/2025 00:15,0,344,0,7,0,337
08/14/2025 00:30,0,417,0,3,0,414
08/14/2025 00:45,0,352,0,8,0,344
08/14/2025 01:00,0,329,0,8,0,321
08/14/2025 01:15,0,373,0,8,0,365
08/14/2025 01:30,0,231,0,4,0,227
08/14/2025 01:45,0,335,0,9,0,326
08/14/2025 02:00,0,450,0,6,0,444
08/14/2025 02:15,0,338,0,294,16,60
08/14/2025 02:30,0,321,0,331,10,0
08/14/2025 02:45,0,210,0,214,5,1
08/14/2025 03:00,0,151,0,156,5,0
08/14/2025 03:15,0,155,0,160,5,0
08/14/2025 03:30,0,415,0,419,4,0
08/14/2025 03:45,0,361,0,364,3,0
08/14/2025 04:00,0,272,0,277,5,0
08/14/2025 04:15,0,272,0,277,5,0
08/14/2025 04:30,0,151,0,156,5,0
08/14/2025 04:45,0,166,0,172,6,0
08/14/2025 05:00,0,382,0,387,5,0
08/14/2025 05:15,0,268,0,273,5,0
08/14/2025 05:30,0,208,0,214,6,0
08/14/2025 05:45,2,394,0,396,4,0
08/14/2025 06:00,36,306,0,276,6,0
08/14/2025 06:15,60,131,0,87,16,0
08/14/2025 06:30,98,101,0,23,20,0
08/14/2025 06:45,129,177,0,60,12,0
08/14/2025 07:00,186,441,0,431,176,0
08/14/2025 07:15,326,350,0,344,320,0
08/14/2025 07:30,341,295,0,298,344,0
08/14/2025 07:45,352,260,0,254,346,0
08/14/2025 08:00,582,231,0,229,580,0
08/14/2025 08:15,541,215,0,212,538,0
08/14/2025 08:30,788,143,0,140,785,0
08/14/2025 08:45,568,177,0,184,575,0
08/14/2025 09:00,474,191,0,190,473,0
08/14/2025 09:15,709,233,0,225,701,0
08/14/2025 09:30,868,262,0,262,868,0
08/14/2025 09:45,867,156,0,157,868,0
08/14/2025 10:00,912,160,0,160,912,0
08/14/2025 10:15,963,166,0,163,960,0
08/14/2025 10:30,1085,157,0,157,1085,0
08/14/2025 10:45,1191,180,0,178,1189,0
08/14/2025 11:00,1341,287,0,282,1336,0
08/14/2025 11:15,1052,149,0,152,1055,0
08/14/2025 11:30,894,163,0,162,893,0
08/14/2025 11:45,824,208,0,211,827,0
08/14/2025 12:00,1256,437,425,0,395,1
08/14/2025 12:15,949,385,554,0,10,0
08/14/2025 12:30,1109,151,896,0,62,0
08/14/2025 12:45,1052,174,853,0,25,0
08/14/2025 13:00,1721,182,1498,0,41,0
08/14/2025 13:15,1752,187,1565,0,0,0
08/14/2025 13:30,636,240,374,0,22,0
08/14/2025 13:45,1174,153,983,0,38,0
08/14/2025 14:00,1542,156,1556,0,2,172
08/14/2025 14:15,1399,415,1389,0,0,405
08/14/2025 14:30,1492,399,1489,0,0,396
08/14/2025 14:45,767,464,763,0,0,460
08/14/2025 15:00,1141,385,1135,0,0,379
08/14/2025 15:15,843,410,842,0,0,409
08/14/2025 15:30,989,471,983,0,0,465
08/14/2025 15:45,695,438,692,0,0,435
08/14/2025 16:00,877,357,874,0,0,354
08/14/2025 16:15,586,364,578,0,0,356
08/14/2025 16:30,382,442,378,0,0,438
08/14/2025 16:45,338,558,320,0,0,540
08/14/2025 17:00,211,1036,207,0,0,1032
08/14/2025 17:15,249,717,252,0,0,720
08/14/2025 17:30,167,496,163,0,0,492
08/14/2025 17:45,251,406,245,0,0,400
08/14/2025 18:00,64,330,61,0,0,327
08/14/2025 18:15,82,346,72,0,0,336
08/14/2025 18:30,228,616,221,0,0,609
08/14/2025 18:45,173,460,174,0,0,461
08/14/2025 19:00,142,556,21,0,0,435
08/14/2025 19:15,67,378,0,933,867,245
08/14/2025 19:30,22,645,4,0,0,627
08/14/2025 19:45,1,356,0,4,0,351
08/14/2025 20:00,0,365,0,8,0,357
08/14/2025 20:15,0,415,0,7,0,408
08/14/2025 20:30,0,408,0,6,0,402
08/14/2025 20:45,0,395,0,9,0,386
08/14/2025 21:00,0,326,0,2,0,324
08/14/2025 21:15,0,272,0,113,9,168
08/14/2025 21:30,0,921,0,935,14,0
08/14/2025 21:45,0,793,0,795,2,0
08/14/2025 22:00,0,529,0,533,4,0
08/14/2025 22:15,0,783,0,783,0,0
08/14/2025 22:30,0,623,0,629,6,0
08/14/2025 22:45,0,482,0,488,6,0
08/14/2025 23:00,0,380,0,386,6,0
08/14/2025 23:15,0,283,0,288,5,0
08/14/2025 23:30,0,416,0,423,7,0
08/14/2025 23:45,0,598,0,604,6,0
08/15/2025 00:00,0,360,0,368,8,0
08/15/2025 00:15,0,356,0,362,6,0
08/15/2025 00:30,0,384,0,390,6,0
08/15/2025 00:45,0,330,0,334,4,0
08/15/2025 01:00,0,358,0,362,4,0
08/15/2025 01:15,0,390,0,396,6,0
08/15/2025 01:30,0,137,0,141,4,0
08/15/2025 01:45,0,189,0,193,4,0
08/15/2025 02:00,0,360,0,365,5,0
08/15/2025 02:15,0,294,0,299,5,0
08/15/2025 02:30,0,134,0,138,4,0
08/15/2025 02:45,0,270,0,274,4,0
08/15/2025 03:00,0,222,0,226,4,0
08/15/2025 03:15,0,292,0,298,6,0
08/15/2025 03:30,0,141,0,145,4,0
08/15/2025 03:45,0,196,0,202,6,0
08/15/2025 04:00,0,328,0,332,4,0
08/15/2025 04:15,0,232,0,238,6,0
08/15/2025 04:30,0,153,0,159,6,0
08/15/2025 04:45,0,134,0,140,6,0
08/15/2025 05:00,0,140,0,146,6,0
08/15/2025 05:15,0,163,0,169,6,0
08/15/2025 05:30,0,229,0,235,6,0
08/15/2025 05:45,0,369,0,371,2,0
08/15/2025 06:00,16,136,0,130,10,0
08/15/2025 06:15,66,231,0,223,58,0
08/15/2025 06:30,145,343,0,340,142,0
08/15/2025 06:45,281,196,0,95,180,0
08/15/2025 07:00,385,352,0,330,363,0
08/15/2025 07:15,456,262,0,253,447,0
08/15/2025 07:30,579,173,0,165,571,0
08/15/2025 07:45,704,164,0,159,699,0
08/15/2025 08:00,783,136,0,108,755,0
08/15/2025 08:15,667,138,0,94,623,0
08/15/2025 08:30,824,226,0,158,756,0
08/15/2025 08:45,898,169,0,111,840,0
08/15/2025 09:00,704,201,0,166,669,0
08/15/2025 09:15,774,185,0,151,740,0
08/15/2025 09:30,799,335,0,278,742,0
08/15/2025 09:45,1066,306,0,212,972,0
08/15/2025 10:00,1410,178,0,129,1361,0
08/15/2025 10:15,1149,172,0,130,1107,0
08/15/2025 10:30,1472,222,0,183,1433,0
08/15/2025 10:45,1537,156,0,151,1532,0
08/15/2025 11:00,1586,186,208,0,1192,0
08/15/2025 11:15,1524,174,1187,0,164,1
08/15/2025 11:30,1500,426,989,0,85,0
08/15/2025 11:45,1609,383,1200,0,26,0
08/15/2025 12:00,1644,400,1185,0,59,0
08/15/2025 12:15,1677,384,1275,0,18,0
08/15/2025 12:30,1619,149,1441,0,29,0
08/15/2025 12:45,1640,195,1442,0,3,0
08/15/2025 13:00,1650,173,1451,0,26,0
08/15/2025 13:15,1659,136,1509,0,14,0
08/15/2025 13:30,1652,229,1420,0,3,0
08/15/2025 13:45,1603,164,1359,0,80,0
08/15/2025 14:00,1569,154,1583,0,0,168
08/15/2025 14:15,1510,373,1503,0,0,366
08/15/2025 14:30,1418,381,1415,0,0,378
08/15/2025 14:45,1327,290,1324,0,0,287
08/15/2025 15:00,1211,255,1206,0,0,250
08/15/2025 15:15,1109,418,1102,0,0,411
08/15/2025 15:30,1026,405,1019,0,0,398
08/15/2025 15:45,930,194,931,0,0,195
08/15/2025 16:00,831,129,827,0,0,125
08/15/2025 16:15,756,338,748,0,0,330
08/15/2025 16:30,685,288,671,0,0,274
08/15/2025 16:45,617,487,609,0,0,479
08/15/2025 17:00,521,1002,514,0,0,995
08/15/2025 17:15,436,747,438,0,0,749
08/15/2025 17:30,305,300,304,0,0,299
08/15/2025 17:45,217,284,213,0,0,280
08/15/2025 18:00,162,253,157,0,0,248
08/15/2025 18:15,104,289,96,0,0,281
08/15/2025 18:30,76,499,71,0,0,494
08/15/2025 18:45,59,357,56,0,0,354
08/15/2025 19:00,42,362,0,3,0,317
08/15/2025 19:15,24,457,0,1,0,432
08/15/2025 19:30,5,591,0,4,0,582
08/15/2025 19:45,0,449,0,9,0,440
08/15/2025 20:00,0,322,0,6,0,316
08/15/2025 20:15,0,315,0,8,0,307
08/15/2025 20:30,0,363,0,1,0,362
08/15/2025 20:45,0,299,0,7,0,292
08/15/2025 21:00,0,340,0,5,0,335
08/15/2025 21:15,0,230,0,6,0,224
08/15/2025 21:30,0,524,0,11,0,513
08/15/2025 21:45,0,713,0,106,4,611
08/15/2025 22:00,0,456,0,474,18,0
08/15/2025 22:15,0,651,0,657,6,0
08/15/2025 22:30,0,441,0,447,6,0
08/15/2025 22:45,0,424,0,432,8,0
08/15/2025 23:00,0,455,0,461,6,0
08/15/2025 23:15,0,308,0,314,6,0
08/15/2025 23:30,0,226,0,230,4,0
08/15/2025 23:45,0,272,0,277,5,0
08/16/2025 00:00,0,284,0,289,5,0
08/16/2025 00:15,0,211,0,217,6,0
08/16/2025 00:30,0,117,0,122,5,0
08/16/2025 00:45,0,105,0,110,5,0
08/16/2025 01:00,0,118,0,122,4,0
08/16/2025 01:15,0,124,0,130,6,0
08/16/2025 01:30,0,181,0,187,6,0
08/16/2025 01:45,0,247,0,253,6,0
08/16/2025 02:00,0,105,0,109,5,1
08/16/2025 02:15,0,280,0,285,5,0
08/16/2025 02:30,0,165,0,171,6,0
08/16/2025 02:45,0,117,0,122,5,0
08/16/2025 03:00,0,100,0,106,6,0
08/16/2025 03:15,0,111,0,117,6,0
08/16/2025 03:30,0,113,0,119,6,0
08/16/2025 03:45,0,123,0,129,6,0
08/16/2025 04:00,0,124,0,129,5,0
08/16/2025 04:15,0,105,0,110,5,0
08/16/2025 04:30,0,101,0,107,6,0
08/16/2025 04:45,0,125,0,131,6,0
08/16/2025 05:00,0,113,0,119,6,0
08/16/2025 05:15,0,134,0,139,5,0
08/16/2025 05:30,0,101,0,106,5,0
08/16/2025 05:45,0,104,0,110,6,0
08/16/2025 06:00,14,273,0,269,10,0
08/16/2025 06:15,60,137,0,131,54,0
08/16/2025 06:30,141,132,0,126,135,0
08/16/2025 06:45,310,136,0,38,212,0
08/16/2025 07:00,413,175,0,155,393,0
08/16/2025 07:15,493,131,0,127,489,0
08/16/2025 07:30,621,117,0,112,616,0
08/16/2025 07:45,752,185,0,181,748,0
08/16/2025 08:00,825,233,0,228,820,0
08/16/2025 08:15,886,240,0,239,885,0
08/16/2025 08:30,946,345,0,343,944,0
08/16/2025 08:45,1002,209,0,207,1000,0
08/16/2025 09:00,1057,302,0,298,1053,0
08/16/2025 09:15,1105,1565,0,1560,1100,0
08/16/2025 09:30,1171,1434,0,1430,1167,0
08/16/2025 09:45,1244,188,0,186,1242,0
08/16/2025 10:00,1321,146,0,142,1317,0
08/16/2025 10:15,1388,119,0,114,1383,0
08/16/2025 10:30,1449,130,0,73,1392,0
08/16/2025 10:45,1498,160,1018,0,320,0
08/16/2025 11:00,1543,204,1268,0,71,0
08/16/2025 11:15,1567,357,1175,0,35,0
08/16/2025 11:30,1595,206,1361,0,28,0
08/16/2025 11:45,1623,136,1451,0,36,0
08/16/2025 12:00,1625,134,1444,0,47,0
08/16/2025 12:15,1512,176,1330,0,6,0
08/16/2025 12:30,1619,312,1291,0,16,0
08/16/2025 12:45,1628,378,1228,0,22,0
08/16/2025 13:00,1630,350,1258,0,22,0
08/16/2025 13:15,1616,565,1033,0,18,0
08/16/2025 13:30,1621,497,1116,0,8,0
08/16/2025 13:45,1599,492,1076,0,31,0
08/16/2025 14:00,1553,437,1545,0,0,429
08/16/2025 14:15,1474,848,1466,0,0,840
08/16/2025 14:30,1401,453,1399,0,0,451
08/16/2025 14:45,1298,490,1295,0,0,487
08/16/2025 15:00,1181,407,1181,0,0,407
08/16/2025 15:15,1080,337,1075,0,0,332
08/16/2025 15:30,991,343,984,0,0,336
08/16/2025 15:45,926,469,920,0,0,463
08/16/2025 16:00,742,210,742,0,0,210
08/16/2025 16:15,633,148,628,0,0,143
08/16/2025 16:30,520,140,514,0,0,134
08/16/2025 16:45,425,172,420,0,0,167
08/16/2025 17:00,318,168,315,0,0,165
08/16/2025 17:15,257,272,245,0,0,260
08/16/2025 17:30,298,798,293,0,0,793
08/16/2025 17:45,226,487,217,0,0,478
08/16/2025 18:00,135,435,133,0,0,433
08/16/2025 18:15,117,316,115,0,0,314
08/16/2025 18:30,84,382,75,0,0,373
08/16/2025 18:45,63,396,58,0,0,391
08/16/2025 19:00,30,409,0,1,0,378
08/16/2025 19:15,11,399,0,7,0,381
08/16/2025 19:30,0,424,0,6,0,418
08/16/2025 19:45,0,386,0,8,0,378
08/16/2025 20:00,0,427,0,2,0,425
08/16/2025 20:15,0,509,0,5,0,504
08/16/2025 20:30,0,430,0,9,0,421
08/16/2025 20:45,0,382,0,9,0,373
08/16/2025 21:00,0,481,0,8,0,473
08/16/2025 21:15,0,524,0,11,0,513
08/16/2025 21:30,0,687,0,449,15,253
08/16/2025 21:45,0,393,0,409,16,0
08/16/2025 22:00,0,515,0,519,4,0
08/16/2025 22:15,0,592,0,592,0,0
08/16/2025 22:30,0,570,0,576,6,0
08/16/2025 22:45,0,480,0,481,1,0
08/16/2025 23:00,0,366,0,369,3,0
08/16/2025 23:15,0,474,0,479,5,0
08/16/2025 23:30,0,552,0,557,5,0
08/16/2025 23:45,0,348,0,352,4,0
08/17/2025 00:00,0,335,0,339,4,0
08/17/2025 00:15,0,355,0,355,0,0
08/17/2025 00:30,0,183,0,187,4,0
08/17/2025 00:45,0,241,0,247,6,0
08/17/2025 01:00,0,307,0,311,4,0
08/17/2025 01:15,0,320,0,322,2,0
08/17/2025 01:30,0,365,0,366,1,0
08/17/2025 01:45,0,322,0,326,4,0
08/17/2025 02:00,0,204,0,209,5,0
08/17/2025 02:15,0,148,0,153,5,0
08/17/2025 02:30,0,134,0,138,4,0
08/17/2025 02:45,0,296,0,301,5,0
08/17/2025 03:00,0,234,0,238,4,0
08/17/2025 03:15,0,140,0,145,5,0
08/17/2025 03:30,0,134,0,139,5,0
08/17/2025 03:45,0,355,0,360,5,0
08/17/2025 04:00,0,348,0,352,5,1
08/17/2025 04:15,0,141,0,146,5,0
08/17/2025 04:30,0,134,0,139,5,0
08/17/2025 04:45,0,159,0,165,6,0
08/17/2025 05:00,0,167,0,172,5,0
08/17/2025 05:15,0,138,0,144,6,0
08/17/2025 05:30,0,176,0,181,5,0
08/17/2025 05:45,0,281,0,286,5,0
08/17/2025 06:00,14,282,0,276,8,0
08/17/2025 06:15,53,136,0,125,42,0
08/17/2025 06:30,114,135,0,132,111,0
08/17/2025 06:45,233,177,0,118,174,0
08/17/2025 07:00,332,366,0,351,317,0
08/17/2025 07:15,419,174,0,170,415,0
08/17/2025 07:30,545,203,0,193,535,0
08/17/2025 07:45,672,362,0,353,663,0
08/17/2025 08:00,739,228,0,190,701,0
08/17/2025 08:15,769,272,0,237,734,0
08/17/2025 08:30,933,385,0,361,909,0
08/17/2025 08:45,1001,445,0,443,999,0
08/17/2025 09:00,1049,258,0,260,1051,0
08/17/2025 09:15,1060,542,0,539,1057,0
08/17/2025 09:30,1111,637,0,632,1106,0
08/17/2025 09:45,1176,205,0,200,1171,0
08/17/2025 10:00,1266,270,0,263,1259,0
08/17/2025 10:15,1333,150,0,145,1328,0
08/17/2025 10:30,1392,144,0,140,1388,0
08/17/2025 10:45,1450,402,0,244,1292,0
08/17/2025 11:00,1499,376,1040,0,83,0
08/17/2025 11:15,1529,338,1119,0,72,0
08/17/2025 11:30,1541,158,1326,0,57,0
08/17/2025 11:45,1569,174,1361,0,34,0
08/17/2025 12:00,1596,184,1402,0,10,0
08/17/2025 12:15,1585,293,1236,0,56,0
08/17/2025 12:30,1487,415,1064,0,8,0
08/17/2025 12:45,1488,669,809,0,10,0
08/17/2025 13:00,1164,824,329,0,11,0
08/17/2025 13:15,1532,534,954,0,44,0
08/17/2025 13:30,942,452,489,0,1,0
08/17/2025 13:45,1204,461,733,0,10,0
08/17/2025 14:00,439,541,429,0,0,531
08/17/2025 14:15,634,509,632,0,0,507
08/17/2025 14:30,704,457,699,0,0,452
08/17/2025 14:45,529,469,524,0,0,464
08/17/2025 15:00,1136,539,1133,0,0,536
08/17/2025 15:15,1070,422,1067,0,0,419
08/17/2025 15:30,978,423,975,0,0,420
08/17/2025 15:45,775,378,771,0,0,374
08/17/2025 16:00,696,275,695,0,0,274
08/17/2025 16:15,447,259,439,0,0,251
08/17/2025 16:30,601,203,598,0,0,200
08/17/2025 16:45,477,135,473,0,0,131
08/17/2025 17:00,350,134,345,0,0,129
08/17/2025 17:15,341,177,338,0,0,174
08/17/2025 17:30,302,438,292,0,0,428
08/17/2025 17:45,260,409,259,0,0,408
08/17/2025 18:00,164,396,163,0,0,395
08/17/2025 18:15,130,481,120,0,0,471
08/17/2025 18:30,100,649,100,0,0,649
08/17/2025 18:45,72,507,69,0,0,504
08/17/2025 19:00,48,481,0,0,0,433
08/17/2025 19:15,18,491,0,1,0,472
08/17/2025 19:30,8,698,0,5,0,685
08/17/2025 19:45,0,606,6,0,0,612
08/17/2025 20:00,0,1253,0,8,0,1245
08/17/2025 20:15,0,1929,0,803,10,1136
08/17/2025 20:30,0,977,0,995,18,0
08/17/2025 20:45,0,417,0,421,4,0
08/17/2025 21:00,0,395,0,397,2,0
08/17/2025 21:15,0,447,0,453,6,0
08/17/2025 21:30,0,779,0,785,6,0
08/17/2025 21:45,0,557,0,561,4,0
08/17/2025 22:00,0,754,0,758,4,0
08/17/2025 22:15,0,454,0,460,6,0
08/17/2025 22:30,0,523,0,529,6,0
08/17/2025 22:45,0,510,0,515,6,1
08/17/2025 23:00,0,369,0,375,6,0
08/17/2025 23:15,0,533,0,537,4,0
08/17/2025 23:30,0,380,0,384,4,0
08/17/2025 23:45,0,381,0,385,4,0
08/18/2025 00:00,0,396,0,400,4,0
08/18/2025 00:15,0,309,0,315,6,0
08/18/2025 00:30,0,402,0,404,2,0
08/18/2025 00:45,0,378,0,382,4,0
08/18/2025 01:00,0,146,0,150,4,0
08/18/2025 01:15,0,274,0,278,4,0
08/18/2025 01:30,0,272,0,276,4,0
08/18/2025 01:45,0,172,0,176,4,0
08/18/2025 02:00,0,165,0,169,4,0
08/18/2025 02:15,0,336,0,338,2,0
08/18/2025 02:30,0,297,0,301,4,0
08/18/2025 02:45,0,140,0,146,6,0
08/18/2025 03:00,0,307,0,311,4,0
08/18/2025 03:15,0,205,0,210,5,0
08/18/2025 03:30,0,134,0,139,5,0
08/18/2025 03:45,0,154,0,159,5,0
08/18/2025 04:00,0,162,0,167,5,0
08/18/2025 04:15,0,180,0,184,4,0
08/18/2025 04:30,0,142,0,146,4,0
08/18/2025 04:45,0,252,0,255,3,0
08/18/2025 05:00,0,344,0,349,5,0
08/18/2025 05:15,0,183,0,189,6,0
08/18/2025 05:30,0,282,0,284,2,0
08/18/2025 05:45,0,161,0,164,3,0
08/18/2025 06:00,0,159,0,164,5,0
08/18/2025 06:15,0,147,0,151,4,0
08/18/2025 06:30,30,161,0,153,22,0
08/18/2025 06:45,60,146,0,144,58,0
08/18/2025 07:00,65,357,0,351,59,0
08/18/2025 07:15,89,185,0,182,86,0
08/18/2025 07:30,133,267,0,262,128,0
08/18/2025 07:45,179,529,0,525,175,0
08/18/2025 08:00,295,317,0,313,291,0
08/18/2025 08:15,422,290,0,290,422,0
08/18/2025 08:30,851,220,0,74,705,0
08/18/2025 08:45,1024,229,0,119,914,0
08/18/2025 09:00,747,202,0,80,625,0
08/18/2025 09:15,705,219,0,126,612,0
08/18/2025 09:30,771,312,0,156,615,0
08/18/2025 09:45,1464,213,0,212,1463,0
08/18/2025 10:00,1203,210,0,78,1071,0
08/18/2025 10:15,1510,202,0,199,1507,0
08/18/2025 10:30,1571,283,0,283,1571,0
08/18/2025 10:45,1536,289,0,272,1519,0
08/18/2025 11:00,1613,253,0,246,1606,0
08/18/2025 11:15,1658,154,0,52,1556,0
08/18/2025 11:30,1688,158,1207,0,323,0
08/18/2025 11:45,1696,175,1389,0,132,0
08/18/2025 12:00,1675,255,1419,0,1,0
08/18/2025 12:15,1683,363,1294,0,26,0
08/18/2025 12:30,1670,195,1426,0,49,0
08/18/2025 12:45,1717,327,1361,0,29,0
08/18/2025 13:00,1716,407,1304,0,5,0
08/18/2025 13:15,1669,454,1183,0,32,0
08/18/2025 13:30,1556,325,1205,0,26,0
08/18/2025 13:45,1355,495,856,0,4,0
08/18/2025 14:00,1578,355,1589,0,0,366
08/18/2025 14:15,1312,320,1305,0,0,313
08/18/2025 14:30,1562,308,1566,0,0,312
08/18/2025 14:45,1100,149,1097,0,0,146
08/18/2025 15:00,1259,213,1251,0,0,205
08/18/2025 15:15,1239,367,1233,0,0,361
08/18/2025 15:30,1103,404,1097,0,0,398
08/18/2025 15:45,853,194,852,0,0,193
08/18/2025 16:00,858,161,856,0,0,159
08/18/2025 16:15,594,167,588,0,0,161
08/18/2025 16:30,816,159,812,0,0,155
08/18/2025 16:45,552,138,547,0,0,133
08/18/2025 17:00,538,371,533,0,0,366
08/18/2025 17:15,450,329,443,0,0,322
08/18/2025 17:30,301,286,296,0,0,281
08/18/2025 17:45,203,216,199,0,0,212
08/18/2025 18:00,208,134,203,0,1,130
08/18/2025 18:15,129,188,122,0,0,181
08/18/2025 18:30,123,348,115,0,0,340
08/18/2025 18:45,126,303,123,0,0,300
08/18/2025 19:00,66,291,3,0,0,228
08/18/2025 19:15,23,321,0,5,0,293
08/18/2025 19:30,0,278,0,9,0,269
08/18/2025 19:45,0,340,0,0,0,340
08/18/2025 20:00,0,218,0,5,0,213
08/18/2025 20:15,0,214,2,0,0,216
08/18/2025 20:30,0,327,0,2,0,325
08/18/2025 20:45,0,241,0,4,0,237
08/18/2025 21:00,0,288,0,5,0,283
08/18/2025 21:15,0,366,0,5,0,361
08/18/2025 21:30,0,462,4,0,0,466
08/18/2025 21:45,0,644,0,5,0,639
08/18/2025 22:00,0,548,0,9,0,539
08/18/2025 22:15,0,839,0,6,0,833
08/18/2025 22:30,0,487,2,0,0,489
08/18/2025 22:45,0,214,0,2,0,212
08/18/2025 23:00,0,149,0,7,0,142
08/18/2025 23:15,0,236,0,3,0,233
08/18/2025 23:30,0,286,0,8,0,278
08/18/2025 23:45,0,339,0,98,5,246
08/19/2025 00:00,0,314,0,324,10,0
08/19/2025 00:15,0,301,0,307,6,0
08/19/2025 00:30,0,171,0,177,6,0
08/19/2025 00:45,0,166,0,171,5,0
08/19/2025 01:00,0,138,0,143,5,0
08/19/2025 01:15,0,134,0,140,6,0
08/19/2025 01:30,0,158,0,162,4,0
08/19/2025 01:45,0,147,0,153,6,0
08/19/2025 02:00,0,170,0,174,4,0
08/19/2025 02:15,0,143,0,149,6,0
08/19/2025 02:30,0,135,0,139,4,0
08/19/2025 02:45,0,155,0,159,4,0
08/19/2025 03:00,0,170,0,176,6,0
08/19/2025 03:15,0,166,0,172,6,0
08/19/2025 03:30,0,147,0,151,4,0
08/19/2025 03:45,0,132,0,138,6,0
08/19/2025 04:00,0,151,0,155,4,0
08/19/2025 04:15,0,140,0,146,6,0
08/19/2025 04:30,0,164,0,168,4,0
08/19/2025 04:45,0,151,0,157,6,0
08/19/2025 05:00,0,139,0,144,5,0
08/19/2025 05:15,0,140,0,145,5,0
08/19/2025 05:30,0,150,0,156,6,0
08/19/2025 05:45,0,152,0,158,6,0
08/19/2025 06:00,14,165,0,162,11,0
08/19/2025 06:15,88,248,0,246,86,0
08/19/2025 06:30,125,309,0,218,34,0
08/19/2025 06:45,290,189,0,32,133,0
08/19/2025 07:00,339,151,0,153,341,0
08/19/2025 07:15,385,182,0,180,383,0
08/19/2025 07:30,700,187,0,183,696,0
08/19/2025 07:45,869,145,0,141,865,0
08/19/2025 08:00,642,235,0,235,642,0
08/19/2025 08:15,664,263,0,259,660,0
08/19/2025 08:30,953,311,0,298,940,0
08/19/2025 08:45,869,259,0,255,865,0
08/19/2025 09:00,652,151,0,151,652,0
08/19/2025 09:15,728,258,0,253,723,0
08/19/2025 09:30,841,254,0,253,840,0
08/19/2025 09:45,736,416,0,414,734,0
08/19/2025 10:00,1056,587,0,583,1052,0
08/19/2025 10:15,654,259,0,259,654,0
08/19/2025 10:30,537,156,0,153,534,0
08/19/2025 10:45,609,139,0,138,608,0
08/19/2025 11:00,965,149,0,76,892,0
08/19/2025 11:15,1080,153,0,85,1012,0
08/19/2025 11:30,640,166,0,169,643,0
08/19/2025 11:45,948,146,0,145,947,0
08/19/2025 12:00,1225,854,34,0,337,0
08/19/2025 12:15,1065,1151,0,224,138,0
08/19/2025 12:30,1105,875,155,0,75,0
08/19/2025 12:45,1489,1180,309,0,0,0
08/19/2025 13:00,1529,1566,0,44,7,0
08/19/2025 13:15,1702,1569,60,0,73,0
08/19/2025 13:30,1512,1652,0,168,28,0
08/19/2025 13:45,1506,1386,116,0,4,0
08/19/2025 14:00,1152,408,1152,0,0,408
08/19/2025 14:15,1289,189,1285,0,0,185
08/19/2025 14:30,1472,562,1445,0,0,535
08/19/2025 14:45,1332,630,1345,0,0,643
08/19/2025 15:00,1268,212,1264,0,0,208
08/19/2025 15:15,1238,310,1237,0,0,309
08/19/2025 15:30,1139,574,1133,0,0,568
08/19/2025 15:45,995,416,999,0,0,420
08/19/2025 16:00,864,180,859,0,0,175
08/19/2025 16:15,998,137,996,0,0,135
08/19/2025 16:30,762,144,761,0,0,143
08/19/2025 16:45,565,196,561,0,0,192
08/19/2025 17:00,458,144,455,0,0,141
08/19/2025 17:15,455,153,451,0,0,149
08/19/2025 17:30,239,144,236,0,0,141
08/19/2025 17:45,241,268,231,0,0,258
08/19/2025 18:00,208,226,213,0,0,231
08/19/2025 18:15,143,168,137,0,0,162
08/19/2025 18:30,91,389,83,0,0,381
08/19/2025 18:45,64,362,62,0,0,360
08/19/2025 19:00,43,357,11,0,0,325
08/19/2025 19:15,18,444,0,5,0,421
08/19/2025 19:30,0,280,0,3,0,277
08/19/2025 19:45,0,253,0,8,0,245
08/19/2025 20:00,0,283,6,0,0,289
08/19/2025 20:15,0,290,5,0,0,295
08/19/2025 20:30,0,423,5,0,0,428
08/19/2025 20:45,0,453,0,7,0,446
08/19/2025 21:00,0,374,0,4,0,370
08/19/2025 21:15,0,542,0,8,0,534
08/19/2025 21:30,0,508,0,0,0,508
08/19/2025 21:45,0,378,0,7,0,371
08/19/2025 22:00,0,527,0,7,0,520
08/19/2025 22:15,0,525,0,9,0,516
08/19/2025 22:30,0,406,0,3,0,403
08/19/2025 22:45,0,256,0,52,6,210
08/19/2025 23:00,0,222,0,229,7,0
08/19/2025 23:15,0,222,0,229,7,0
08/19/2025 23:30,0,329,0,333,4,0
08/19/2025 23:45,0,345,0,352,7,0
08/20/2025 00:00,0,259,0,265,6,0
08/20/2025 00:15,0,143,0,150,7,0
08/20/2025 00:30,0,157,0,163,6,0
08/20/2025 00:45,0,263,0,269,6,0
08/20/2025 01:00,0,211,0,218,7,0
08/20/2025 01:15,0,140,0,146,6,0
08/20/2025 01:30,0,136,0,143,7,0
08/20/2025 01:45,0,166,0,172,6,0
08/20/2025 02:00,0,152,0,158,6,0
08/20/2025 02:15,0,186,0,193,7,0
08/20/2025 02:30,0,145,0,151,6,0
08/20/2025 02:45,0,137,0,143,6,0
08/20/2025 03:00,0,155,0,161,6,0
08/20/2025 03:15,0,139,0,146,7,0
08/20/2025 03:30,0,164,0,170,6,0
08/20/2025 03:45,0,153,0,159,6,0
08/20/2025 04:00,0,135,0,141,6,0
08/20/2025 04:15,0,148,0,155,7,0
08/20/2025 04:30,0,144,0,150,6,0
08/20/2025 04:45,0,243,0,249,6,0
08/20/2025 05:00,0,286,0,292,6,0
08/20/2025 05:15,0,140,0,147,7,0
08/20/2025 05:30,0,136,0,143,7,0
08/20/2025 05:45,0,155,0,161,6,0
08/20/2025 06:00,0,141,0,147,6,0
08/20/2025 06:15,4,165,0,167,6,0
08/20/2025 06:30,59,148,0,143,54,0
08/20/2025 06:45,99,179,0,172,92,0
08/20/2025 07:00,145,208,0,208,145,0
08/20/2025 07:15,174,234,0,231,171,0
08/20/2025 07:30,121,263,0,264,122,0
08/20/2025 07:45,144,180,0,181,145,0
08/20/2025 08:00,165,147,0,146,164,0
08/20/2025 08:15,176,144,0,148,180,0
08/20/2025 08:30,112,173,0,176,115,0
08/20/2025 08:45,94,170,0,173,97,0
08/20/2025 09:00,176,183,0,177,170,0
08/20/2025 09:15,285,149,0,151,287,0
08/20/2025 09:30,297,157,0,153,293,0
08/20/2025 09:45,259,179,0,178,258,0
08/20/2025 10:00,442,162,0,162,442,0
08/20/2025 10:15,401,165,0,161,397,0
08/20/2025 10:30,438,182,0,182,438,0
08/20/2025 10:45,423,416,0,414,421,0
08/20/2025 11:00,602,294,0,294,602,0
08/20/2025 11:15,631,258,0,254,627,0
08/20/2025 11:30,568,211,0,217,574,0
08/20/2025 11:45,421,158,0,163,426,0
08/20/2025 12:00,478,151,0,149,476,0
08/20/2025 12:15,553,264,0,262,551,0
08/20/2025 12:30,597,223,0,220,594,0
08/20/2025 12:45,720,165,0,159,714,0
08/20/2025 13:00,717,255,0,1495,1957,0
08/20/2025 13:15,635,218,0,3194,3611,0
08/20/2025 13:30,577,147,0,719,1149,0
08/20/2025 13:45,383,180,0,12,215,0
08/20/2025 14:00,336,183,328,0,12,187
08/20/2025 14:15,274,178,268,0,0,172
08/20/2025 14:30,283,154,280,0,0,151
08/20/2025 14:45,312,170,308,0,0,166
08/20/2025 15:00,230,170,226,0,0,166
08/20/2025 15:15,175,180,169,0,0,174
08/20/2025 15:30,185,213,178,0,0,206
08/20/2025 15:45,193,285,187,0,0,279
08/20/2025 16:00,224,149,221,0,0,146
08/20/2025 16:15,204,176,201,0,0,173
08/20/2025 16:30,97,162,92,0,0,157
08/20/2025 16:45,83,144,78,0,0,139
08/20/2025 17:00,80,157,73,0,0,150
08/20/2025 17:15,67,180,63,0,0,176
08/20/2025 17:30,56,179,53,0,0,176
08/20/2025 17:45,58,190,59,0,0,191
08/20/2025 18:00,56,306,52,0,0,302
08/20/2025 18:15,30,204,24,0,0,198
08/20/2025 18:30,25,200,23,0,0,198
08/20/2025 18:45,37,272,35,0,0,270
08/20/2025 19:00,30,240,0,9,10,211
08/20/2025 19:15,15,239,0,8,0,216
08/20/2025 19:30,1,259,0,0,0,258
08/20/2025 19:45,0,1349,12,0,0,1361
08/20/2025 20:00,0,1031,0,6,0,1025
08/20/2025 20:15,0,230,0,3,0,227
08/20/2025 20:30,0,302,0,0,0,302
08/20/2025 20:45,0,441,8,0,0,449
08/20/2025 21:00,0,425,0,8,0,417
08/20/2025 21:15,0,416,0,4,0,412
08/20/2025 21:30,0,223,0,8,0,215
08/20/2025 21:45,0,328,0,5,0,323
08/20/2025 22:00,0,324,0,4,0,320
08/20/2025 22:15,0,387,0,5,0,382
08/20/2025 22:30,0,296,0,9,0,287
08/20/2025 22:45,0,242,0,4,0,238
08/20/2025 23:00,0,190,0,5,0,185
08/20/2025 23:15,0,362,0,8,0,354
08/20/2025 23:30,0,238,0,7,0,231
08/20/2025 23:45,0,220,0,5,0,215
08/21/2025 00:00,0,162,0,7,0,155
08/21/2025 00:15,0,142,0,25,25,142
08/21/2025 00:30,0,167,0,182,15,0
08/21/2025 00:45,0,161,0,169,8,0
08/21/2025 01:00,0,137,0,144,7,0
08/21/2025 01:15,0,144,0,150,6,0
08/21/2025 01:30,0,145,0,151,6,0
08/21/2025 01:45,0,144,0,150,6,0
08/21/2025 02:00,0,163,0,170,7,0
08/21/2025 02:15,0,140,0,146,6,0
08/21/2025 02:30,0,133,0,140,7,0
08/21/2025 02:45,0,155,0,161,6,0
08/21/2025 03:00,0,155,0,161,6,0
08/21/2025 03:15,0,147,0,153,6,0
08/21/2025 03:30,0,124,0,131,7,0
08/21/2025 03:45,0,100,0,107,7,0
08/21/2025 04:00,0,109,0,115,6,0
08/21/2025 04:15,0,142,0,148,6,0
08/21/2025 04:30,0,206,0,334,128,0
08/21/2025 04:45,0,276,0,289,13,0
08/21/2025 05:00,0,126,0,134,8,0
08/21/2025 05:15,0,100,0,107,7,0
08/21/2025 05:30,0,113,0,119,6,0
08/21/2025 05:45,0,106,0,112,6,0
08/21/2025 06:00,4,101,0,103,6,0
08/21/2025 06:15,28,131,0,237,134,0
08/21/2025 06:30,92,117,0,52,27,0
08/21/2025 06:45,288,109,10,0,185,16
08/21/2025 07:00,409,146,0,148,411,0
08/21/2025 07:15,488,148,0,151,491,0
08/21/2025 07:30,486,200,0,202,488,0
08/21/2025 07:45,761,195,0,189,755,0
08/21/2025 08:00,773,126,0,122,769,0
08/21/2025 08:15,558,115,0,76,519,0
08/21/2025 08:30,769,135,0,48,682,0
08/21/2025 08:45,353,130,0,118,341,0
08/21/2025 09:00,632,216,0,172,588,0
08/21/2025 09:15,204,210,0,216,210,0
08/21/2025 09:30,214,231,0,232,215,0
08/21/2025 09:45,448,225,0,214,437,0
08/21/2025 10:00,857,346,0,341,852,0
08/21/2025 10:15,777,137,0,128,768,0
08/21/2025 10:30,514,174,0,173,513,0
08/21/2025 10:45,717,194,0,149,672,0
08/21/2025 11:00,1075,152,0,9,932,0
08/21/2025 11:15,404,135,0,131,400,0
08/21/2025 11:30,462,197,0,193,458,0
08/21/2025 11:45,551,235,0,238,554,0
08/21/2025 12:00,533,498,0,500,535,0
08/21/2025 12:15,733,370,0,349,712,0
08/21/2025 12:30,688,228,0,212,672,0
08/21/2025 12:45,1086,145,0,78,1019,0
08/21/2025 13:00,935,158,0,136,913,0
08/21/2025 13:15,805,147,384,0,274,0
08/21/2025 13:30,862,122,674,0,66,0
08/21/2025 13:45,865,207,555,0,103,0
08/21/2025 14:00,1007,169,988,0,2,152
08/21/2025 14:15,738,138,735,0,0,135
08/21/2025 14:30,596,135,592,0,0,131
08/21/2025 14:45,418,149,414,0,0,145
08/21/2025 15:00,391,172,386,0,0,167
08/21/2025 15:15,645,163,641,0,0,159
08/21/2025 15:30,425,164,418,0,0,157
08/21/2025 15:45,717,147,713,0,0,143
08/21/2025 16:00,685,165,681,0,0,161
08/21/2025 16:15,578,157,573,0,0,152
08/21/2025 16:30,531,135,527,0,0,131
08/21/2025 16:45,431,137,424,0,0,130
08/21/2025 17:00,317,186,313,0,0,182
08/21/2025 17:15,358,317,348,0,0,307
08/21/2025 17:30,284,401,287,0,0,404
08/21/2025 17:45,306,177,304,0,0,175
08/21/2025 18:00,251,184,243,0,0,176
08/21/2025 18:15,143,194,137,0,0,188
08/21/2025 18:30,83,257,79,0,0,253
08/21/2025 18:45,59,262,58,0,0,261
08/21/2025 19:00,39,175,1,0,0,137
08/21/2025 19:15,16,241,0,10,0,215
08/21/2025 19:30,2,241,0,1,0,238
08/21/2025 19:45,0,249,2,0,0,251
08/21/2025 20:00,0,342,0,8,0,334
08/21/2025 20:15,0,390,5,0,0,395
08/21/2025 20:30,0,425,0,7,0,418
08/21/2025 20:45,0,478,14,0,0,492
08/21/2025 21:00,0,514,1,0,0,515
08/21/2025 21:15,0,359,0,3,0,356
08/21/2025 21:30,0,311,4,0,0,315
08/21/2025 21:45,0,456,0,5,0,451
08/21/2025 22:00,0,214,0,1,1,214
08/21/2025 22:15,0,204,0,6,0,198
08/21/2025 22:30,0,248,0,2,0,246
08/21/2025 22:45,0,207,3,0,0,210
08/21/2025 23:00,0,161,0,4,0,157
08/21/2025 23:15,0,189,0,5,0,184
08/21/2025 23:30,0,272,0,8,0,264
08/21/2025 23:45,0,251,0,0,0,251
08/22/2025 00:00,0,196,0,0,0,196
08/22/2025 00:15,0,139,0,7,0,132
08/22/2025 00:30,0,153,0,7,0,146
08/22/2025 00:45,0,168,0,10,0,158
08/22/2025 01:00,0,146,0,7,0,139
08/22/2025 01:15,0,136,0,9,0,127
08/22/2025 01:30,0,146,0,6,0,140
08/22/2025 01:45,0,161,0,8,0,153
08/22/2025 02:00,0,147,0,6,0,141
08/22/2025 02:15,0,165,0,4,0,161
08/22/2025 02:30,0,137,0,6,0,131
08/22/2025 02:45,0,133,0,7,0,126
08/22/2025 03:00,0,148,0,7,0,141
08/22/2025 03:15,0,147,0,97,7,57
08/22/2025 03:30,0,179,0,185,6,0
08/22/2025 03:45,0,149,0,155,6,0
08/22/2025 04:00,0,133,0,139,6,0
08/22/2025 04:15,0,134,0,140,6,0
08/22/2025 04:30,0,196,0,204,8,0
08/22/2025 04:45,0,231,0,239,8,0
08/22/2025 05:00,0,314,0,320,6,0
08/22/2025 05:15,0,147,0,155,8,0
08/22/2025 05:30,0,135,0,141,6,0
08/22/2025 05:45,0,144,0,150,6,0
08/22/2025 06:00,0,147,0,153,6,0
08/22/2025 06:15,0,152,0,159,7,0
08/22/2025 06:30,22,152,0,137,7,0
08/22/2025 06:45,67,140,0,80,7,0
08/22/2025 07:00,406,144,0,130,392,0
08/22/2025 07:15,490,168,0,174,496,0
08/22/2025 07:30,625,299,0,326,652,0
08/22/2025 07:45,764,328,0,308,744,0
08/22/2025 08:00,834,316,0,305,823,0
08/22/2025 08:15,896,343,0,331,884,0
08/22/2025 08:30,959,275,0,254,938,0
08/22/2025 08:45,1005,247,0,224,982,0
08/22/2025 09:00,1048,158,0,151,1041,0
08/22/2025 09:15,1092,207,0,195,1080,0
08/22/2025 09:30,1148,164,0,157,1141,0
08/22/2025 09:45,1219,152,0,138,1205,0
08/22/2025 10:00,1292,170,0,168,1290,0
08/22/2025 10:15,1385,143,0,127,1369,0
08/22/2025 10:30,1460,133,0,7,1334,0
08/22/2025 10:45,1512,146,1091,0,275,0
08/22/2025 11:00,1556,164,1281,0,111,0
08/22/2025 11:15,1587,164,1330,0,93,0
08/22/2025 11:30,1615,138,1379,0,98,0
08/22/2025 11:45,1649,158,1437,0,54,0
08/22/2025 12:00,1653,155,1439,0,59,0
08/22/2025 12:15,1655,150,1426,0,79,0
08/22/2025 12:30,1629,168,1450,0,11,0
08/22/2025 12:45,1631,919,704,0,8,0
08/22/2025 13:00,1651,1651,0,57,57,0
08/22/2025 13:15,1637,1625,0,8,20,0
08/22/2025 13:30,1619,1716,0,101,4,0
08/22/2025 13:45,1572,1774,0,218,16,0
08/22/2025 14:00,1550,379,1537,0,0,366
08/22/2025 14:15,1444,175,1440,0,0,171
08/22/2025 14:30,1122,191,1117,0,0,186
08/22/2025 14:45,1283,185,1275,0,0,177
08/22/2025 15:00,1003,409,1006,0,0,412
08/22/2025 15:15,659,276,662,0,0,279
08/22/2025 15:30,441,171,437,0,0,167
08/22/2025 15:45,430,190,428,0,0,188
08/22/2025 16:00,805,156,802,0,0,153
08/22/2025 16:15,695,162,692,0,0,159
08/22/2025 16:30,606,149,601,0,0,144
08/22/2025 16:45,539,168,535,0,0,164
08/22/2025 17:00,435,142,431,0,0,138
08/22/2025 17:15,302,159,299,0,0,156
08/22/2025 17:30,216,148,211,0,0,143
08/22/2025 17:45,156,258,146,0,0,248
08/22/2025 18:00,124,244,122,0,0,242
08/22/2025 18:15,89,153,83,0,0,147
08/22/2025 18:30,57,379,53,0,0,375
08/22/2025 18:45,42,345,39,0,0,342
08/22/2025 19:00,26,345,0,1,0,318
08/22/2025 19:15,9,540,0,0,0,531
08/22/2025 19:30,0,278,0,8,0,270
08/22/2025 19:45,0,363,0,4,0,359
08/22/2025 20:00,0,257,0,6,0,251
08/22/2025 20:15,0,252,0,5,0,247
08/22/2025 20:30,0,389,3,0,0,392
08/22/2025 20:45,0,275,0,8,0,267
08/22/2025 21:00,0,471,23,0,0,494
08/22/2025 21:15,0,378,0,9,0,369
08/22/2025 21:30,0,737,18,0,0,755
08/22/2025 21:45,0,534,0,3,0,531
08/22/2025 22:00,0,496,0,0,0,496
08/22/2025 22:15,0,437,0,1,0,436
08/22/2025 22:30,0,264,0,4,0,260
08/22/2025 22:45,0,301,0,10,0,291
08/22/2025 23:00,0,302,0,4,0,298
08/22/2025 23:15,0,190,0,8,0,182
08/22/2025 23:30,0,228,0,10,0,218
08/22/2025 23:45,0,351,2,0,0,353
08/23/2025 00:00,0,356,0,174,10,192
08/23/2025 00:15,0,367,0,377,10,0
08/23/2025 00:30,0,199,0,203,4,0
08/23/2025 00:45,0,300,0,304,4,0
08/23/2025 01:00,0,143,0,149,6,0
08/23/2025 01:15,0,135,0,139,4,0
08/23/2025 01:30,0,104,0,110,6,0
08/23/2025 01:45,0,123,0,127,4,0
08/23/2025 02:00,0,128,0,134,6,0
08/23/2025 02:15,0,103,0,109,6,0
08/23/2025 02:30,0,120,0,127,7,0
08/23/2025 02:45,0,126,0,133,7,0
08/23/2025 03:00,0,102,0,108,6,0
08/23/2025 03:15,0,115,0,121,6,0
08/23/2025 03:30,0,147,0,154,7,0
08/23/2025 03:45,0,274,0,281,7,0
08/23/2025 04:00,0,232,0,239,7,0
08/23/2025 04:15,0,176,0,183,7,0
08/23/2025 04:30,0,101,0,108,7,0
08/23/2025 04:45,0,117,0,124,7,0
08/23/2025 05:00,0,123,0,129,6,0
08/23/2025 05:15,0,100,0,106,6,0
08/23/2025 05:30,0,114,0,121,7,0
08/23/2025 05:45,0,128,0,135,7,0
08/23/2025 06:00,0,98,0,105,7,0
08/23/2025 06:15,22,113,0,103,12,0
08/23/2025 06:30,91,127,0,116,80,0
08/23/2025 06:45,256,113,0,15,158,0
08/23/2025 07:00,372,180,0,169,361,0
08/23/2025 07:15,451,186,0,186,451,0
08/23/2025 07:30,582,122,0,115,575,0
08/23/2025 07:45,713,144,0,138,707,0
08/23/2025 08:00,778,152,0,148,774,0
08/23/2025 08:15,838,123,0,117,832,0
08/23/2025 08:30,889,169,0,169,889,0
08/23/2025 08:45,938,249,0,240,929,0
08/23/2025 09:00,981,226,0,221,976,0
08/23/2025 09:15,1023,174,0,172,1021,0
08/23/2025 09:30,1074,172,0,165,1067,0
08/23/2025 09:45,1140,148,0,142,1134,0
08/23/2025 10:00,1213,117,0,108,1204,0
08/23/2025 10:15,1304,503,0,501,1302,0
08/23/2025 10:30,1390,1662,0,1657,1385,0
08/23/2025 10:45,1453,632,0,337,1158,0
08/23/2025 11:00,1502,752,672,0,78,0
08/23/2025 11:15,1531,1829,0,402,104,0
08/23/2025 11:30,1551,1677,0,197,71,0
08/23/2025 11:45,1593,1562,27,0,4,0
08/23/2025 12:00,1599,1551,0,14,62,0
08/23/2025 12:15,1627,1605,0,23,45,0
08/23/2025 12:30,1635,1297,332,0,6,0
08/23/2025 12:45,1032,485,529,0,18,0
08/23/2025 13:00,851,399,412,0,40,0
08/23/2025 13:15,1636,366,1260,0,10,0
08/23/2025 13:30,1439,1496,0,100,43,0
08/23/2025 13:45,1645,1343,254,0,48,0
08/23/2025 14:00,1481,423,1447,0,3,392
08/23/2025 14:15,1507,579,1498,0,0,570
08/23/2025 14:30,1222,693,1222,0,0,693
08/23/2025 14:45,1327,518,1321,0,0,512
08/23/2025 15:00,1180,431,1178,0,0,429
08/23/2025 15:15,996,373,993,0,0,370
08/23/2025 15:30,816,248,814,0,0,246
08/23/2025 15:45,903,165,900,0,0,162
08/23/2025 16:00,724,159,718,0,0,153
08/23/2025 16:15,711,161,707,0,0,157
08/23/2025 16:30,424,157,418,0,0,151
08/23/2025 16:45,494,160,491,0,0,157
08/23/2025 17:00,457,134,453,0,0,130
08/23/2025 17:15,311,155,305,0,0,149
08/23/2025 17:30,238,176,234,0,0,172
08/23/2025 17:45,166,404,164,0,0,402
08/23/2025 18:00,132,485,131,0,0,484
08/23/2025 18:15,99,275,98,0,0,274
08/23/2025 18:30,60,489,50,0,0,479
08/23/2025 18:45,40,527,33,0,0,520
08/23/2025 19:00,25,450,6,0,0,431
08/23/2025 19:15,6,736,14,0,0,744
08/23/2025 19:30,0,527,2,0,0,529
08/23/2025 19:45,0,499,0,6,0,493
08/23/2025 20:00,0,428,5,0,0,433
08/23/2025 20:15,0,447,20,0,0,467
08/23/2025 20:30,0,622,11,0,0,633
08/23/2025 20:45,0,627,0,9,0,618
08/23/2025 21:00,0,742,0,5,0,737
08/23/2025 21:15,0,531,0,32,0,499
08/23/2025 21:30,0,503,0,524,21,0
08/23/2025 21:45,0,557,0,566,9,0
08/23/2025 22:00,0,472,0,479,7,0
08/23/2025 22:15,0,452,0,458,6,0
08/23/2025 22:30,0,403,0,409,6,0
08/23/2025 22:45,0,345,0,351,6,0
08/23/2025 23:00,0,180,0,186,6,0
08/23/2025 23:15,0,189,0,195,6,0
08/23/2025 23:30,0,172,0,178,6,0
08/23/2025 23:45,0,484,0,490,6,0
08/24/2025 00:00,0,387,0,392,5,0
08/24/2025 00:15,0,340,0,345,5,0
08/24/2025 00:30,0,333,0,337,4,0
08/24/2025 00:45,0,198,0,204,6,0
08/24/2025 01:00,0,133,0,139,6,0
08/24/2025 01:15,0,159,0,165,6,0
08/24/2025 01:30,0,135,0,141,6,0
08/24/2025 01:45,0,166,0,171,5,0
08/24/2025 02:00,0,151,0,156,5,0
08/24/2025 02:15,0,217,0,223,6,0
08/24/2025 02:30,0,259,0,265,6,0
08/24/2025 02:45,0,259,0,265,6,0
08/24/2025 03:00,0,266,0,272,6,0
08/24/2025 03:15,0,142,0,150,8,0
08/24/2025 03:30,0,135,0,141,6,0
08/24/2025 03:45,0,147,0,153,6,0
08/24/2025 04:00,0,153,0,159,6,0
08/24/2025 04:15,0,167,0,175,8,0
08/24/2025 04:30,0,164,0,169,5,0
08/24/2025 04:45,0,135,0,142,7,0
08/24/2025 05:00,0,216,0,222,6,0
08/24/2025 05:15,0,235,0,241,6,0
08/24/2025 05:30,0,152,0,158,6,0
08/24/2025 05:45,0,158,0,164,6,0
08/24/2025 06:00,0,144,0,150,6,0
08/24/2025 06:15,16,134,0,126,8,0
08/24/2025 06:30,95,149,0,137,83,0
08/24/2025 06:45,267,319,0,213,161,0
08/24/2025 07:00,392,178,0,156,370,0
08/24/2025 07:15,471,163,0,155,463,0
08/24/2025 07:30,598,223,0,215,590,0
08/24/2025 07:45,738,205,0,197,730,0
08/24/2025 08:00,815,235,0,236,816,0
08/24/2025 08:15,871,311,0,305,865,0
08/24/2025 08:30,911,258,0,254,907,0
08/24/2025 08:45,966,203,0,183,946,0
08/24/2025 09:00,990,169,0,129,950,0
08/24/2025 09:15,966,171,0,102,897,0
08/24/2025 09:30,1213,163,0,137,1187,0
08/24/2025 09:45,1195,154,0,55,1096,0
08/24/2025 10:00,1277,247,0,123,1153,0
08/24/2025 10:15,1259,373,0,246,1132,0
08/24/2025 10:30,1463,333,0,241,1371,0
08/24/2025 10:45,1120,179,0,27,968,0
08/24/2025 11:00,1522,145,879,0,498,0
08/24/2025 11:15,1379,212,1036,0,131,0
08/24/2025 11:30,1221,311,842,0,68,0
08/24/2025 11:45,1508,126,1382,0,0,0
08/24/2025 12:00,1577,152,1423,0,2,0
08/24/2025 12:15,1633,133,1395,0,105,0
08/24/2025 12:30,1239,107,1128,0,4,0
08/24/2025 12:45,1124,295,829,0,0,0
08/24/2025 13:00,1566,445,1111,0,10,0
08/24/2025 13:15,624,578,14,0,32,0
08/24/2025 13:30,739,755,0,20,4,0
08/24/2025 13:45,453,330,113,0,10,0
08/24/2025 14:00,962,437,950,0,0,425
08/24/2025 14:15,680,720,682,0,0,722
08/24/2025 14:30,734,722,736,0,0,724
08/24/2025 14:45,713,678,713,0,0,678
08/24/2025 15:00,1103,561,1103,0,0,561
08/24/2025 15:15,747,396,748,0,0,397
08/24/2025 15:30,764,331,762,0,0,329
08/24/2025 15:45,855,143,855,0,0,143
08/24/2025 16:00,803,171,800,0,0,168
08/24/2025 16:15,660,457,646,0,0,443
08/24/2025 16:30,462,204,465,0,0,207
08/24/2025 16:45,495,352,485,0,0,342
08/24/2025 17:00,382,297,381,0,0,296
08/24/2025 17:15,454,118,449,0,0,113
08/24/2025 17:30,273,168,264,0,0,159
08/24/2025 17:45,292,341,297,0,0,346
08/24/2025 18:00,249,56,244,0,0,51
08/24/2025 18:15,191,374,180,0,0,363
08/24/2025 18:30,125,384,125,0,0,384
08/24/2025 18:45,106,333,109,0,0,336
08/24/2025 19:00,58,292,3,0,0,237
08/24/2025 19:15,28,447,3,0,0,422
08/24/2025 19:30,0,437,0,7,0,430
08/24/2025 19:45,0,341,0,6,0,335
08/24/2025 20:00,0,238,3,0,0,241
08/24/2025 20:15,0,483,1,0,0,484
08/24/2025 20:30,0,656,0,5,0,651
08/24/2025 20:45,0,638,0,8,0,630
08/24/2025 21:00,0,384,0,5,0,379
08/24/2025 21:15,0,228,0,10,0,218
08/24/2025 21:30,0,462,0,9,0,453
08/24/2025 21:45,0,494,0,46,1,449
08/24/2025 22:00,0,553,0,571,18,0
08/24/2025 22:15,0,494,0,503,9,0
08/24/2025 22:30,0,425,0,430,5,0
08/24/2025 22:45,0,270,0,276,6,0
08/24/2025 23:00,0,161,0,167,6,0
08/24/2025 23:15,0,192,0,198,6,0
08/24/2025 23:30,0,155,0,161,6,0
08/24/2025 23:45,0,293,0,298,5,0
08/25/2025 00:00,0,457,0,464,7,0
08/25/2025 00:15,0,355,0,361,6,0
08/25/2025 00:30,0,310,0,314,4,0
08/25/2025 00:45,0,346,0,352,6,0
08/25/2025 01:00,0,227,0,232,5,0
08/25/2025 01:15,0,138,0,143,5,0
08/25/2025 01:30,0,146,0,150,4,0
08/25/2025 01:45,0,149,0,154,5,0
08/25/2025 02:00,0,158,0,163,5,0
08/25/2025 02:15,0,178,0,183,5,0
08/25/2025 02:30,0,374,0,379,5,0
08/25/2025 02:45,0,245,0,251,6,0
08/25/2025 03:00,0,313,0,319,6,0
08/25/2025 03:15,0,356,0,361,5,0
08/25/2025 03:30,0,181,0,188,7,0
08/25/2025 03:45,0,134,0,140,6,0
08/25/2025 04:00,0,141,0,147,6,0
08/25/2025 04:15,0,151,0,157,6,0
08/25/2025 04:30,0,158,0,164,6,0
08/25/2025 04:45,0,164,0,172,8,0
08/25/2025 05:00,0,140,0,146,6,0
08/25/2025 05:15,0,135,0,141,6,0
08/25/2025 05:30,0,158,0,164,6,0
08/25/2025 05:45,0,138,0,144,6,0
08/25/2025 06:00,0,183,0,189,6,0
08/25/2025 06:15,10,141,0,141,10,0
08/25/2025 06:30,54,131,0,128,51,0
08/25/2025 06:45,85,202,0,195,78,0
08/25/2025 07:00,131,339,0,337,129,0
08/25/2025 07:15,154,184,0,185,155,0
08/25/2025 07:30,176,193,0,188,171,0
08/25/2025 07:45,202,274,0,276,204,0
08/25/2025 08:00,161,193,0,191,159,0
08/25/2025 08:15,284,215,0,211,280,0
08/25/2025 08:30,362,307,0,305,360,0
08/25/2025 08:45,661,397,0,387,651,0
08/25/2025 09:00,699,213,0,217,703,0
08/25/2025 09:15,747,199,0,183,731,0
08/25/2025 09:30,866,1541,0,1471,796,0
08/25/2025 09:45,940,1242,0,1095,793,0
08/25/2025 10:00,966,355,0,277,888,0
08/25/2025 10:15,1341,347,0,348,1342,0
08/25/2025 10:30,1391,219,0,217,1389,0
08/25/2025 10:45,1493,141,0,118,1470,0
08/25/2025 11:00,1418,116,0,58,1360,0
08/25/2025 11:15,1512,254,0,213,1471,0
08/25/2025 11:30,1409,174,0,139,1374,0
08/25/2025 11:45,1375,122,658,0,595,0
08/25/2025 12:00,1782,281,1352,0,149,0
08/25/2025 12:15,1549,258,1207,0,84,0
08/25/2025 12:30,668,297,358,0,13,0
08/25/2025 12:45,671,530,88,0,53,0
08/25/2025 13:00,708,474,177,0,57,0
08/25/2025 13:15,1132,343,780,0,9,0
08/25/2025 13:30,1458,331,1127,0,0,0
08/25/2025 13:45,1572,468,1082,0,22,0
08/25/2025 14:00,914,517,924,0,0,527
08/25/2025 14:15,980,474,979,0,0,473
08/25/2025 14:30,952,176,952,0,0,176
08/25/2025 14:45,909,191,905,0,0,187
08/25/2025 15:00,491,492,483,0,0,484
08/25/2025 15:15,624,461,619,0,0,456
08/25/2025 15:30,427,379,423,0,0,375
08/25/2025 15:45,541,190,540,0,0,189
08/25/2025 16:00,722,135,719,0,0,132
08/25/2025 16:15,539,127,535,0,0,123
08/25/2025 16:30,563,98,562,0,0,97
08/25/2025 16:45,209,121,202,0,0,114
08/25/2025 17:00,42,497,33,0,0,488
08/25/2025 17:15,237,375,234,0,0,372
08/25/2025 17:30,265,358,258,0,0,351
08/25/2025 17:45,153,637,149,0,0,633
08/25/2025 18:00,122,326,114,0,0,318
08/25/2025 18:15,82,304,79,0,0,301
08/25/2025 18:30,49,361,44,0,0,356
08/25/2025 18:45,28,383,31,0,0,386
08/25/2025 19:00,9,336,3,0,0,330
08/25/2025 19:15,0,369,23,0,0,392
08/25/2025 19:30,0,494,0,8,0,486
08/25/2025 19:45,0,325,0,5,0,320
08/25/2025 20:00,0,423,0,5,0,418
08/25/2025 20:15,0,482,0,4,0,478
08/25/2025 20:30,0,522,0,0,0,522
08/25/2025 20:45,0,467,7,0,0,474
08/25/2025 21:00,0,557,32,0,0,589
08/25/2025 21:15,0,417,0,4,0,413
08/25/2025 21:30,0,738,0,12,0,726
08/25/2025 21:45,0,699,0,377,14,336
08/25/2025 22:00,0,656,0,670,14,0
08/25/2025 22:15,0,542,0,549,7,0
08/25/2025 22:30,0,590,0,596,6,0
08/25/2025 22:45,0,277,0,283,6,0
08/25/2025 23:00,0,176,0,181,5,0
08/25/2025 23:15,0,280,0,283,4,1
08/25/2025 23:30,0,322,0,326,4,0
08/25/2025 23:45,0,478,0,483,5,0
08/26/2025 00:00,0,426,0,429,3,0
08/26/2025 00:15,0,389,0,394,5,0
08/26/2025 00:30,0,176,0,180,4,0
08/26/2025 00:45,0,136,0,142,6,0
08/26/2025 01:00,0,294,0,299,5,0
08/26/2025 01:15,0,241,0,247,6,0
08/26/2025 01:30,0,227,0,232,5,0
08/26/2025 01:45,0,295,0,301,6,0
08/26/2025 02:00,0,158,0,164,6,0
08/26/2025 02:15,0,316,0,321,5,0
08/26/2025 02:30,0,154,0,160,6,0
08/26/2025 02:45,0,165,0,171,6,0
08/26/2025 03:00,0,153,0,159,6,0
08/26/2025 03:15,0,136,0,142,6,0
08/26/2025 03:30,0,150,0,156,6,0
08/26/2025 03:45,0,143,0,149,6,0
08/26/2025 04:00,0,256,0,262,6,0
08/26/2025 04:15,0,251,0,257,6,0
08/26/2025 04:30,0,136,0,142,6,0
08/26/2025 04:45,0,140,0,147,7,0
08/26/2025 05:00,0,154,0,160,6,0
08/26/2025 05:15,0,288,0,294,6,0
08/26/2025 05:30,0,213,0,219,6,0
08/26/2025 05:45,0,134,0,140,6,0
08/26/2025 06:00,0,132,0,138,6,0
08/26/2025 06:15,9,156,0,153,6,0
08/26/2025 06:30,99,141,0,128,86,0
08/26/2025 06:45,266,171,0,92,187,0
08/26/2025 07:00,392,156,0,144,380,0
08/26/2025 07:15,474,144,0,131,461,0
08/26/2025 07:30,599,165,0,156,590,0
08/26/2025 07:45,742,330,0,325,737,0
08/26/2025 08:00,806,264,0,262,804,0
08/26/2025 08:15,864,310,0,307,861,0
08/26/2025 08:30,907,251,0,246,902,0
08/26/2025 08:45,962,245,0,243,960,0
08/26/2025 09:00,1021,239,0,237,1019,0
08/26/2025 09:15,1067,292,0,292,1067,0
08/26/2025 09:30,1102,129,0,130,1103,0
08/26/2025 09:45,1170,116,0,117,1171,0
08/26/2025 10:00,1248,152,0,150,1246,0
08/26/2025 10:15,1329,128,0,124,1325,0
08/26/2025 10:30,1418,199,0,196,1415,0
08/26/2025 10:45,1482,136,544,0,802,0
08/26/2025 11:00,1538,118,1287,0,133,0
08/26/2025 11:15,1568,120,1395,0,53,0
08/26/2025 11:30,1589,139,1434,0,16,0
08/26/2025 11:45,1638,120,1492,0,26,0
08/26/2025 12:00,1511,104,1362,0,45,0
08/26/2025 12:15,1637,105,1484,0,48,0
08/26/2025 12:30,1733,126,1600,0,7,0
08/26/2025 12:45,1741,347,1389,0,5,0
08/26/2025 13:00,1403,1544,0,160,19,0
08/26/2025 13:15,1838,1729,85,0,24,0
08/26/2025 13:30,902,1704,0,810,8,0
08/26/2025 13:45,555,1706,0,1165,14,0
08/26/2025 14:00,699,197,719,0,0,217
08/26/2025 14:15,601,152,598,0,0,149
08/26/2025 14:30,611,267,604,0,0,260
08/26/2025 14:45,979,464,985,0,0,470
08/26/2025 15:00,1213,357,1218,0,0,362
08/26/2025 15:15,1069,198,1071,0,0,200
08/26/2025 15:30,1019,164,1012,0,0,157
08/26/2025 15:45,918,385,917,0,0,384
08/26/2025 16:00,801,176,796,0,0,171
08/26/2025 16:15,750,140,746,0,0,136
08/26/2025 16:30,563,143,558,0,0,138
08/26/2025 16:45,512,172,506,0,0,166
08/26/2025 17:00,362,397,351,0,0,386
08/26/2025 17:15,244,425,242,0,0,423
08/26/2025 17:30,164,233,167,0,0,236
08/26/2025 17:45,135,252,130,0,0,247
08/26/2025 18:00,115,200,113,0,0,198
08/26/2025 18:15,76,184,69,0,0,177
08/26/2025 18:30,44,476,36,0,0,468
08/26/2025 18:45,32,398,34,0,0,400
08/26/2025 19:00,16,346,0,6,0,324
08/26/2025 19:15,3,336,0,8,0,325
08/26/2025 19:30,0,526,2,0,0,528
08/26/2025 19:45,0,255,0,9,0,246
08/26/2025 20:00,0,246,0,5,0,241
08/26/2025 20:15,0,421,13,0,0,434
08/26/2025 20:30,0,497,15,0,0,512
08/26/2025 20:45,0,601,20,0,0,621
08/26/2025 21:00,0,371,2,0,0,373
08/26/2025 21:15,0,523,0,11,0,512
08/26/2025 21:30,0,455,1,0,0,456
08/26/2025 21:45,0,406,15,0,0,421
08/26/2025 22:00,0,376,0,6,0,370
08/26/2025 22:15,0,442,0,7,0,435
08/26/2025 22:30,0,503,0,5,0,498
08/26/2025 22:45,0,517,0,216,12,313
08/26/2025 23:00,0,325,0,342,17,0
08/26/2025 23:15,0,333,0,340,7,0
08/26/2025 23:30,0,334,0,340,6,0
08/26/2025 23:45,0,333,0,339,6,0
08/27/2025 00:00,0,308,0,316,8,0
08/27/2025 00:15,0,215,0,221,6,0
08/27/2025 00:30,0,167,0,173,6,0
08/27/2025 00:45,0,181,0,188,7,0
08/27/2025 01:00,0,135,0,142,7,0
08/27/2025 01:15,0,136,0,142,6,0
08/27/2025 01:30,0,166,0,172,6,0
08/27/2025 01:45,0,159,0,166,7,0
08/27/2025 02:00,0,136,0,142,6,0
08/27/2025 02:15,0,220,0,226,6,0
08/27/2025 02:30,0,262,0,268,6,0
08/27/2025 02:45,0,144,0,151,7,0
08/27/2025 03:00,0,160,0,167,7,0
08/27/2025 03:15,0,134,0,141,7,0
08/27/2025 03:30,0,137,0,144,7,0
08/27/2025 03:45,0,297,0,303,6,0
08/27/2025 04:00,0,199,0,206,7,0
08/27/2025 04:15,0,135,0,141,6,0
08/27/2025 04:30,0,164,0,171,7,0
08/27/2025 04:45,0,165,0,171,6,0
08/27/2025 05:00,0,146,0,152,6,0
08/27/2025 05:15,0,137,0,143,6,0
08/27/2025 05:30,0,145,0,152,7,0
08/27/2025 05:45,0,154,0,160,6,0
08/27/2025 06:00,2,154,0,158,6,0
08/27/2025 06:15,42,141,0,131,32,0
08/27/2025 06:30,141,133,0,122,130,0
08/27/2025 06:45,335,154,0,25,206,0
08/27/2025 07:00,392,173,0,170,389,0
08/27/2025 07:15,507,148,0,144,503,0
08/27/2025 07:30,517,352,0,352,517,0
08/27/2025 07:45,464,222,0,218,460,0
08/27/2025 08:00,395,158,0,155,392,0
08/27/2025 08:15,602,160,0,121,563,0
08/27/2025 08:30,940,166,0,133,907,0
08/27/2025 08:45,925,189,0,94,830,0
08/27/2025 09:00,1008,206,0,185,987,0
08/27/2025 09:15,1023,188,0,152,987,0
08/27/2025 09:30,1067,166,0,131,1032,0
08/27/2025 09:45,1136,139,0,39,1036,0
08/27/2025 10:00,1228,144,0,107,1191,0
08/27/2025 10:15,1234,199,0,133,1168,0
08/27/2025 10:30,1201,264,0,223,1160,0
08/27/2025 10:45,1456,251,0,211,1416,0
08/27/2025 11:00,1517,233,77,0,1207,0
08/27/2025 11:15,1549,248,1136,0,165,0
08/27/2025 11:30,1582,225,1325,0,32,0
08/27/2025 11:45,1520,157,1316,0,47,0
08/27/2025 12:00,1089,171,888,0,30,0
08/27/2025 12:15,1500,191,1257,0,52,0
08/27/2025 12:30,1751,194,1548,0,9,0
08/27/2025 12:45,1191,341,846,0,4,0
08/27/2025 13:00,886,400,430,0,56,0
08/27/2025 13:15,944,479,431,0,34,0
08/27/2025 13:30,971,279,680,0,12,0
08/27/2025 13:45,1092,192,882,0,18,0
08/27/2025 14:00,1299,188,1320,0,0,209
08/27/2025 14:15,351,404,346,0,0,399
08/27/2025 14:30,247,459,247,0,0,459
08/27/2025 14:45,1008,302,1017,0,0,311
08/27/2025 15:00,1335,150,1334,0,0,149
08/27/2025 15:15,1090,161,1085,0,0,156
08/27/2025 15:30,807,191,803,0,0,187
08/27/2025 15:45,963,311,955,0,0,303
08/27/2025 16:00,891,215,890,0,0,214
08/27/2025 16:15,692,142,691,0,0,141
08/27/2025 16:30,579,166,574,0,0,161
08/27/2025 16:45,459,153,454,0,0,148
08/27/2025 17:00,377,355,371,0,0,349
08/27/2025 17:15,232,244,227,0,0,239
08/27/2025 17:30,154,163,148,0,0,157
08/27/2025 17:45,107,170,103,0,1,167
08/27/2025 18:00,104,179,104,0,0,179
08/27/2025 18:15,74,211,68,0,0,205
08/27/2025 18:30,54,383,47,0,0,376
08/27/2025 18:45,33,364,30,0,0,361
08/27/2025 19:00,15,351,29,0,0,365
08/27/2025 19:15,0,382,4,0,0,386
08/27/2025 19:30,0,253,0,5,0,248
08/27/2025 19:45,0,262,0,8,0,254
08/27/2025 20:00,0,391,0,5,0,386
08/27/2025 20:15,0,268,0,1,0,267
08/27/2025 20:30,0,233,0,6,0,227
08/27/2025 20:45,0,329,0,5,0,324
08/27/2025 21:00,0,508,0,6,0,502
08/27/2025 21:15,0,606,0,1,0,605
08/27/2025 21:30,0,708,0,6,0,702
08/27/2025 21:45,0,508,0,11,0,497
08/27/2025 22:00,0,510,13,0,0,523
08/27/2025 22:15,0,440,0,1,0,439
08/27/2025 22:30,0,292,0,6,0,286
08/27/2025 22:45,0,177,0,7,0,170
08/27/2025 23:00,0,216,0,8,0,208
08/27/2025 23:15,0,230,0,7,0,223
08/27/2025 23:30,0,154,0,8,0,146
08/27/2025 23:45,0,314,0,46,1,269
08/28/2025 00:00,0,325,0,339,14,0
08/28/2025 00:15,0,361,0,367,6,0
08/28/2025 00:30,0,226,0,234,8,0
08/28/2025 00:45,0,149,0,155,6,0
08/28/2025 01:00,0,172,0,178,6,0
08/28/2025 01:15,0,149,0,155,6,0
08/28/2025 01:30,0,137,0,144,7,0
08/28/2025 01:45,0,158,0,164,6,0
08/28/2025 02:00,0,164,0,171,7,0
08/28/2025 02:15,0,152,0,161,9,0
08/28/2025 02:30,0,131,0,139,8,0
08/28/2025 02:45,0,138,0,146,8,0
08/28/2025 03:00,0,122,0,129,7,0
08/28/2025 03:15,0,115,0,122,7,0
08/28/2025 03:30,0,124,0,130,6,0
08/28/2025 03:45,0,96,0,104,8,0
08/28/2025 04:00,0,99,0,106,7,0
08/28/2025 04:15,0,127,0,134,7,0
08/28/2025 04:30,0,129,0,137,8,0
08/28/2025 04:45,0,99,0,105,6,0
08/28/2025 05:00,0,115,0,123,8,0
08/28/2025 05:15,0,122,0,130,8,0
08/28/2025 05:30,0,100,0,106,6,0
08/28/2025 05:45,0,129,0,135,6,0
08/28/2025 06:00,0,104,0,112,8,0
08/28/2025 06:15,7,98,0,97,6,0
08/28/2025 06:30,110,108,0,95,97,0
08/28/2025 06:45,264,133,0,12,143,0
08/28/2025 07:00,385,226,0,218,377,0
08/28/2025 07:15,470,124,0,112,458,0
08/28/2025 07:30,586,107,0,99,578,0
08/28/2025 07:45,734,291,0,284,727,0
08/28/2025 08:00,795,190,0,205,810,0
08/28/2025 08:15,841,285,0,270,826,0
08/28/2025 08:30,891,231,0,226,886,0
08/28/2025 08:45,922,220,0,215,917,0
08/28/2025 09:00,983,160,0,159,982,0
08/28/2025 09:15,1039,158,0,157,1038,0
08/28/2025 09:30,1065,223,0,221,1063,0
08/28/2025 09:45,1149,1424,0,1417,1142,0
08/28/2025 10:00,1216,1264,0,1252,1204,0
08/28/2025 10:15,1305,291,0,290,1304,0
08/28/2025 10:30,1389,97,0,83,1375,0
08/28/2025 10:45,1464,100,337,0,1027,0
08/28/2025 11:00,1521,122,1231,0,168,0
08/28/2025 11:15,1568,132,1332,0,104,0
08/28/2025 11:30,1556,126,1399,0,31,0
08/28/2025 11:45,1586,113,1420,0,53,0
08/28/2025 12:00,1532,120,1388,0,24,0
08/28/2025 12:15,1475,123,1326,0,26,0
08/28/2025 12:30,1595,128,1441,0,26,0
08/28/2025 12:45,1615,263,1325,0,27,0
08/28/2025 13:00,1701,291,1390,0,20,0
08/28/2025 13:15,1475,314,1124,0,37,0
08/28/2025 13:30,1530,323,1162,0,45,0
08/28/2025 13:45,1429,256,1171,0,2,0
08/28/2025 14:00,1390,138,1410,0,1,159
08/28/2025 14:15,1255,154,1251,0,0,150
08/28/2025 14:30,1168,145,1162,0,0,139
08/28/2025 14:45,1103,260,1094,0,0,251
08/28/2025 15:00,898,394,895,0,0,391
08/28/2025 15:15,842,195,842,0,0,195
08/28/2025 15:30,924,166,923,0,0,165
08/28/2025 15:45,918,189,908,0,0,179
08/28/2025 16:00,509,175,509,0,0,175
08/28/2025 16:15,367,135,363,0,0,131
08/28/2025 16:30,420,155,415,0,0,150
08/28/2025 16:45,424,167,418,0,0,161
08/28/2025 17:00,337,132,331,0,0,126
08/28/2025 17:15,226,145,221,0,0,140
08/28/2025 17:30,221,219,219,0,0,217
08/28/2025 17:45,132,197,132,0,0,197
08/28/2025 18:00,181,225,184,0,0,228
08/28/2025 18:15,166,185,159,0,0,178
08/28/2025 18:30,112,379,109,0,0,376
08/28/2025 18:45,48,379,42,0,0,373
08/28/2025 19:00,24,359,6,0,0,341
08/28/2025 19:15,0,470,0,10,0,460
08/28/2025 19:30,0,299,7,0,0,306
08/28/2025 19:45,0,242,2,0,0,244
08/28/2025 20:00,0,242,0,7,0,235
08/28/2025 20:15,0,320,0,2,0,318
08/28/2025 20:30,0,360,0,7,0,353
08/28/2025 20:45,0,466,0,7,0,459
08/28/2025 21:00,0,505,5,0,0,510
08/28/2025 21:15,0,304,0,2,0,302
08/28/2025 21:30,0,331,0,8,0,323
08/28/2025 21:45,0,393,0,10,0,383
08/28/2025 22:00,0,500,0,7,0,493
08/28/2025 22:15,0,477,0,2,0,475
08/28/2025 22:30,0,451,0,8,0,443
08/28/2025 22:45,0,277,0,5,0,272
08/28/2025 23:00,0,278,0,7,0,271
08/28/2025 23:15,0,189,1,0,0,190
08/28/2025 23:30,0,212,10,0,0,222
08/28/2025 23:45,0,164,2,0,0,166
08/29/2025 00:00,0,327,0,9,0,318
08/29/2025 00:15,0,308,0,7,0,301
08/29/2025 00:30,0,331,0,16,0,315
08/29/2025 00:45,0,186,0,200,14,0
08/29/2025 01:00,0,139,0,146,7,0
08/29/2025 01:15,0,136,0,142,6,0
08/29/2025 01:30,0,167,0,173,6,0
08/29/2025 01:45,0,183,0,189,6,0
08/29/2025 02:00,0,140,0,147,7,0
08/29/2025 02:15,0,135,0,142,7,0
08/29/2025 02:30,0,155,0,161,6,0
08/29/2025 02:45,0,263,0,269,6,0
08/29/2025 03:00,0,216,0,222,6,0
08/29/2025 03:15,0,155,0,162,7,0
08/29/2025 03:30,0,135,0,142,7,0
08/29/2025 03:45,0,136,0,142,6,0
08/29/2025 04:00,0,164,0,171,7,0
08/29/2025 04:15,0,152,0,159,7,0
08/29/2025 04:30,0,161,0,168,7,0
08/29/2025 04:45,0,142,0,149,7,0
08/29/2025 05:00,0,197,0,203,6,0
08/29/2025 05:15,0,349,0,356,7,0
08/29/2025 05:30,0,258,0,265,7,0
08/29/2025 05:45,0,207,0,214,7,0
08/29/2025 06:00,0,231,0,236,5,0
08/29/2025 06:15,0,161,0,168,7,0
08/29/2025 06:30,25,167,0,156,14,0
08/29/2025 06:45,81,171,0,153,63,0
08/29/2025 07:00,59,155,0,155,59,0
08/29/2025 07:15,34,144,0,146,36,0
08/29/2025 07:30,58,162,0,156,52,0
08/29/2025 07:45,97,211,0,209,95,0
08/29/2025 08:00,110,199,0,192,103,0
08/29/2025 08:15,231,273,0,268,226,0
08/29/2025 08:30,269,167,0,172,274,0
08/29/2025 08:45,134,145,0,136,125,0
08/29/2025 09:00,782,174,0,132,740,0
08/29/2025 09:15,1095,213,0,185,1067,0
08/29/2025 09:30,1044,268,0,161,937,0
08/29/2025 09:45,887,156,0,38,769,0
08/29/2025 10:00,650,152,0,142,640,0
08/29/2025 10:15,1294,189,0,48,1153,0
08/29/2025 10:30,1046,394,0,270,922,0
08/29/2025 10:45,1138,328,0,253,1063,0
08/29/2025 11:00,795,221,0,210,784,0
08/29/2025 11:15,756,134,0,128,750,0
08/29/2025 11:30,559,154,0,155,560,0
08/29/2025 11:45,751,144,0,131,738,0
08/29/2025 12:00,1136,179,0,162,1119,0
08/29/2025 12:15,1087,153,0,136,1070,0
08/29/2025 12:30,1270,135,73,0,1062,0
08/29/2025 12:45,1229,135,414,0,680,0
08/29/2025 13:00,1147,165,805,0,177,0
08/29/2025 13:15,1601,147,1367,0,87,0
08/29/2025 13:30,755,170,574,0,11,0
08/29/2025 13:45,399,294,94,0,11,0
08/29/2025 14:00,136,310,133,0,1,308
08/29/2025 14:15,12,221,8,0,0,217
08/29/2025 14:30,34,203,27,0,0,196
08/29/2025 14:45,225,233,221,0,0,229
08/29/2025 15:00,737,210,732,0,0,205
08/29/2025 15:15,483,201,477,0,0,195
08/29/2025 15:30,418,275,414,0,0,271
08/29/2025 15:45,490,250,487,0,0,247
08/29/2025 16:00,294,163,290,0,0,159
08/29/2025 16:15,60,270,51,0,0,261
08/29/2025 16:30,79,308,70,0,0,299
08/29/2025 16:45,184,371,184,0,0,371
08/29/2025 17:00,167,357,165,0,0,355
08/29/2025 17:15,269,189,264,0,0,184
08/29/2025 17:30,263,174,258,0,0,169
08/29/2025 17:45,196,227,195,0,0,226
08/29/2025 18:00,60,220,60,0,0,220
08/29/2025 18:15,50,196,45,0,0,191
08/29/2025 18:30,44,326,40,0,0,322
08/29/2025 18:45,19,296,10,0,0,287
08/29/2025 19:00,4,324,4,0,0,324
08/29/2025 19:15,0,387,0,4,0,383
08/29/2025 19:30,0,276,0,1,0,275
08/29/2025 19:45,0,258,0,6,0,252
08/29/2025 20:00,0,267,0,4,0,263
08/29/2025 20:15,0,246,0,7,0,239
08/29/2025 20:30,0,265,0,9,0,256
08/29/2025 20:45,0,320,0,9,0,311
08/29/2025 21:00,0,525,0,7,0,518
08/29/2025 21:15,0,662,5,0,0,667
08/29/2025 21:30,0,512,0,2,0,510
08/29/2025 21:45,0,719,0,9,0,710
08/29/2025 22:00,0,484,0,5,0,479
08/29/2025 22:15,0,389,0,7,0,382
08/29/2025 22:30,0,320,0,7,0,313
08/29/2025 22:45,0,291,0,0,0,291
08/29/2025 23:00,0,299,0,7,0,292
08/29/2025 23:15,0,277,0,4,0,273
08/29/2025 23:30,0,163,0,41,2,124
08/29/2025 23:45,0,321,0,331,10,0
08/30/2025 00:00,0,338,0,345,7,0
08/30/2025 00:15,0,291,0,297,6,0
08/30/2025 00:30,0,140,0,147,7,0
08/30/2025 00:45,0,136,0,143,7,0
08/30/2025 01:00,0,163,0,169,6,0
08/30/2025 01:15,0,144,0,151,7,0
08/30/2025 01:30,0,189,0,195,6,0
08/30/2025 01:45,0,144,0,150,6,0
08/30/2025 02:00,0,142,0,149,7,0
08/30/2025 02:15,0,151,0,157,6,0
08/30/2025 02:30,0,155,0,162,7,0
08/30/2025 02:45,0,153,0,159,6,0
08/30/2025 03:00,0,150,0,157,7,0
08/30/2025 03:15,0,134,0,142,8,0
08/30/2025 03:30,0,134,0,140,6,0
08/30/2025 03:45,0,166,0,172,6,0
08/30/2025 04:00,0,161,0,168,7,0
08/30/2025 04:15,0,135,0,142,7,0
08/30/2025 04:30,0,161,0,167,6,0
08/30/2025 04:45,0,333,0,340,7,0
08/30/2025 05:00,0,247,0,254,7,0
08/30/2025 05:15,0,164,0,170,6,0
08/30/2025 05:30,0,159,0,165,6,0
08/30/2025 05:45,0,132,0,140,8,0
08/30/2025 06:00,0,134,0,140,6,0
08/30/2025 06:15,5,158,0,159,6,0
08/30/2025 06:30,104,142,0,131,93,0
08/30/2025 06:45,235,176,0,33,92,0
08/30/2025 07:00,343,151,0,142,334,0
08/30/2025 07:15,444,145,0,140,439,0
08/30/2025 07:30,561,336,0,329,554,0
08/30/2025 07:45,708,165,0,161,704,0
08/30/2025 08:00,780,270,0,267,777,0
08/30/2025 08:15,828,282,0,280,826,0
08/30/2025 08:30,881,254,0,244,871,0
08/30/2025 08:45,911,273,0,275,913,0
08/30/2025 09:00,957,217,0,205,945,0
08/30/2025 09:15,962,234,0,232,960,0
08/30/2025 09:30,1067,268,0,238,1037,0
08/30/2025 09:45,1147,265,0,264,1146,0
08/30/2025 10:00,1224,257,0,244,1211,0
08/30/2025 10:15,1300,272,0,257,1285,0
08/30/2025 10:30,1386,170,0,166,1382,0
08/30/2025 10:45,1455,169,29,0,1257,0
08/30/2025 11:00,1515,149,1129,0,237,0
08/30/2025 11:15,1583,148,1273,0,162,0
08/30/2025 11:30,1573,131,1404,0,38,0
08/30/2025 11:45,1343,106,1209,0,28,0
08/30/2025 12:00,1272,139,1122,0,11,0
08/30/2025 12:15,1788,133,1583,0,72,0
08/30/2025 12:30,1566,108,1450,0,8,0
08/30/2025 12:45,1520,120,1362,0,38,0
08/30/2025 13:00,1378,308,1049,0,21,0
08/30/2025 13:15,1685,303,1363,0,19,0
08/30/2025 13:30,1697,295,1393,0,9,0
08/30/2025 13:45,1674,311,1347,0,16,0
08/30/2025 14:00,1505,364,1509,0,0,368
08/30/2025 14:15,959,160,957,0,0,158
08/30/2025 14:30,1086,145,1082,0,0,141
08/30/2025 14:45,849,143,842,0,0,136
08/30/2025 15:00,1035,186,1027,0,0,178
08/30/2025 15:15,930,410,931,0,0,411
08/30/2025 15:30,948,224,955,0,0,231
08/30/2025 15:45,912,169,908,0,0,165
08/30/2025 16:00,816,155,812,0,0,151
08/30/2025 16:15,760,176,754,0,0,170
08/30/2025 16:30,548,151,545,0,0,148
08/30/2025 16:45,305,135,303,0,0,133
08/30/2025 17:00,233,150,228,0,0,145
08/30/2025 17:15,205,165,199,0,0,159
08/30/2025 17:30,168,146,162,0,0,140
08/30/2025 17:45,177,196,174,0,0,193
08/30/2025 18:00,156,211,153,0,0,208
08/30/2025 18:15,114,318,111,0,0,315
08/30/2025 18:30,69,402,60,0,0,393
08/30/2025 18:45,41,385,36,0,0,380
08/30/2025 19:00,10,377,0,6,0,361
08/30/2025 19:15,0,422,0,9,0,413
08/30/2025 19:30,0,373,0,4,0,369
08/30/2025 19:45,0,266,0,4,0,262
08/30/2025 20:00,0,244,0,4,0,240
08/30/2025 20:15,0,1012,0,11,0,1001
08/30/2025 20:30,0,1694,0,2,0,1692
08/30/2025 20:45,0,1018,3,0,0,1021
08/30/2025 21:00,0,402,0,4,0,398
08/30/2025 21:15,0,262,0,9,0,253
08/30/2025 21:30,0,486,15,0,0,501
08/30/2025 21:45,0,376,0,2,0,374
08/30/2025 22:00,0,423,0,3,0,420
08/30/2025 22:15,0,576,0,172,6,410
08/30/2025 22:30,0,565,0,584,19,0
08/30/2025 22:45,0,283,0,289,6,0
08/30/2025 23:00,0,280,0,285,5,0
08/30/2025 23:15,0,259,0,265,6,0
08/30/2025 23:30,0,321,0,326,5,0
08/30/2025 23:45,0,340,0,346,6,0
08/31/2025 00:00,0,313,0,319,6,0
08/31/2025 00:15,0,169,0,171,2,0
08/31/2025 00:30,0,161,0,166,5,0
08/31/2025 00:45,0,146,0,152,6,0
08/31/2025 01:00,0,158,0,165,7,0
08/31/2025 01:15,0,162,0,168,6,0
08/31/2025 01:30,0,137,0,143,6,0
08/31/2025 01:45,0,135,0,142,7,0
08/31/2025 02:00,0,162,0,168,6,0
08/31/2025 02:15,0,146,0,152,6,0
08/31/2025 02:30,0,168,0,175,7,0
08/31/2025 02:45,0,154,0,161,7,0
08/31/2025 03:00,0,135,0,141,6,0
08/31/2025 03:15,0,151,0,158,7,0
08/31/2025 03:30,0,161,0,167,6,0
08/31/2025 03:45,0,135,0,142,7,0
08/31/2025 04:00,0,168,0,174,6,0
08/31/2025 04:15,0,173,0,179,6,0
08/31/2025 04:30,0,284,0,291,7,0
08/31/2025 04:45,0,250,0,256,6,0
08/31/2025 05:00,0,163,0,169,6,0
08/31/2025 05:15,0,140,0,146,6,0
08/31/2025 05:30,0,166,0,173,7,0
08/31/2025 05:45,0,151,0,157,6,0
08/31/2025 06:00,0,140,0,147,7,0
08/31/2025 06:15,2,153,0,157,6,0
08/31/2025 06:30,100,154,0,146,92,0
08/31/2025 06:45,242,143,0,69,168,0
08/31/2025 07:00,343,175,0,168,336,0
08/31/2025 07:15,443,160,0,160,443,0
08/31/2025 07:30,546,145,0,137,538,0
08/31/2025 07:45,691,149,0,147,689,0
08/31/2025 08:00,769,221,0,211,759,0
08/31/2025 08:15,810,311,0,310,809,0
08/31/2025 08:30,859,282,0,281,858,0
08/31/2025 08:45,893,246,0,244,891,0
08/31/2025 09:00,926,236,0,235,925,0
08/31/2025 09:15,997,250,0,249,996,0
08/31/2025 09:30,1048,201,0,207,1054,0
08/31/2025 09:45,1122,195,0,192,1119,0
08/31/2025 10:00,1201,154,0,154,1201,0
08/31/2025 10:15,1278,422,0,425,1281,0
08/31/2025 10:30,1368,240,0,238,1366,0
08/31/2025 10:45,1432,237,0,203,1398,0
08/31/2025 11:00,1487,151,1043,0,293,0
08/31/2025 11:15,1530,374,1107,0,49,0
08/31/2025 11:30,1563,1649,0,178,92,0
08/31/2025 11:45,1585,1588,0,14,11,0
08/31/2025 12:00,1582,1556,0,19,45,0
08/31/2025 12:15,1587,1737,0,204,54,0
08/31/2025 12:30,1596,1758,0,163,1,0
08/31/2025 12:45,1604,1936,0,334,2,0
08/31/2025 13:00,1595,2022,0,481,54,0
08/31/2025 13:15,1581,1838,0,264,7,0
08/31/2025 13:30,1495,1801,0,317,11,0
08/31/2025 13:45,1521,1635,0,170,56,0
08/31/2025 14:00,1145,161,1119,0,2,137
08/31/2025 14:15,1279,164,1274,0,0,159
08/31/2025 14:30,1302,222,1297,0,0,217
08/31/2025 14:45,1157,377,1154,0,0,374
08/31/2025 15:00,1057,180,1056,0,0,179
08/31/2025 15:15,982,159,974,0,0,151
08/31/2025 15:30,875,173,874,0,0,172
08/31/2025 15:45,783,432,777,0,0,426
08/31/2025 16:00,672,155,672,0,0,155
08/31/2025 16:15,593,135,588,0,0,130
08/31/2025 16:30,510,158,505,0,0,153
08/31/2025 16:45,433,166,429,0,0,162
08/31/2025 17:00,267,146,263,0,0,142
08/31/2025 17:15,179,139,175,0,0,135
08/31/2025 17:30,123,174,121,0,0,172
08/31/2025 17:45,118,201,115,0,0,198
08/31/2025 18:00,107,210,106,0,0,209
08/31/2025 18:15,60,178,59,0,0,177
08/31/2025 18:30,39,363,36,0,0,360
08/31/2025 18:45,25,367,20,0,0,362
08/31/2025 19:00,10,365,4,0,0,359
08/31/2025 19:15,0,340,0,5,0,335
08/31/2025 19:30,0,288,0,0,0,288
08/31/2025 19:45,0,366,0,8,0,358
08/31/2025 20:00,0,397,0,7,0,390
08/31/2025 20:15,0,872,0,7,0,865
08/31/2025 20:30,0,563,6,0,0,569
08/31/2025 20:45,0,526,0,3,0,523
08/31/2025 21:00,0,595,6,0,0,601
08/31/2025 21:15,0,347,3,0,0,350
08/31/2025 21:30,0,665,0,8,0,657
08/31/2025 21:45,0,426,0,8,0,418
08/31/2025 22:00,0,396,0,6,0,390
08/31/2025 22:15,0,475,0,8,0,467
08/31/2025 22:30,0,474,9,0,0,483
08/31/2025 22:45,0,344,0,4,0,340
08/31/2025 23:00,0,358,0,6,0,352
08/31/2025 23:15,0,273,0,223,14,64
08/31/2025 23:30,0,231,0,241,10,0
08/31/2025 23:45,0,123,0,129,6,0
