Date/Time,Energy Produced (Wh),Energy Consumed (Wh),Exported to Grid (Wh),Imported from Grid (Wh),Stored in batteries (Wh),Discharged from batteries (Wh)
07/01/2025 00:00,0,347,0,349,2,0
07/01/2025 00:15,0,323,0,324,1,0
07/01/2025 00:30,0,287,0,288,1,0
07/01/2025 00:45,0,319,0,319,0,0
07/01/2025 01:00,0,238,0,240,2,0
07/01/2025 01:15,0,303,0,305,2,0
07/01/2025 01:30,0,154,0,155,1,0
07/01/2025 01:45,0,190,0,193,3,0
07/01/2025 02:00,0,296,0,297,1,0
07/01/2025 02:15,0,247,0,248,1,0
07/01/2025 02:30,0,436,0,437,2,1
07/01/2025 02:45,0,360,0,362,2,0
07/01/2025 03:00,0,250,0,252,2,0
07/01/2025 03:15,0,119,0,119,0,0
07/01/2025 03:30,0,134,0,136,2,0
07/01/2025 03:45,0,110,0,112,2,0
07/01/2025 04:00,0,241,0,245,4,0
07/01/2025 04:15,0,282,0,286,4,0
07/01/2025 04:30,0,327,0,329,2,0
07/01/2025 04:45,0,126,0,128,2,0
07/01/2025 05:00,0,168,0,172,4,0
07/01/2025 05:15,0,445,0,447,2,0
07/01/2025 05:30,1,307,0,308,2,0
07/01/2025 05:45,16,188,0,183,11,0
07/01/2025 06:00,33,100,0,92,25,0
07/01/2025 06:15,32,268,0,268,32,0
07/01/2025 06:30,115,248,0,244,111,0
07/01/2025 06:45,98,274,0,265,89,0
07/01/2025 07:00,161,326,0,314,149,0
07/01/2025 07:15,144,248,0,248,144,0
07/01/2025 07:30,219,273,0,267,213,0
07/01/2025 07:45,320,417,0,416,319,0
07/01/2025 08:00,279,447,0,444,276,0
07/01/2025 08:15,295,471,0,468,292,0
07/01/2025 08:30,280,187,0,193,286,0
07/01/2025 08:45,351,171,0,159,339,0
07/01/2025 09:00,478,269,0,268,477,0
07/01/2025 09:15,446,338,0,328,436,0
07/01/2025 09:30,642,148,0,140,634,0
07/01/2025 09:45,807,167,0,166,806,0
07/01/2025 10:00,595,180,0,173,588,0
07/01/2025 10:15,987,145,0,68,910,0
07/01/2025 10:30,1281,145,7,0,1129,0
07/01/2025 10:45,1046,166,0,101,981,0
07/01/2025 11:00,1340,198,23,0,1119,0
07/01/2025 11:15,1308,244,0,91,1155,0
07/01/2025 11:30,574,425,0,411,560,0
07/01/2025 11:45,1390,369,0,69,1090,0
07/01/2025 12:00,1320,156,81,0,1083,0
07/01/2025 12:15,1523,128,140,0,1255,0
07/01/2025 12:30,1241,146,181,0,914,0
07/01/2025 12:45,1362,195,1098,0,69,0
07/01/2025 13:00,1473,249,1126,0,98,0
07/01/2025 13:15,1951,407,1536,0,8,0
07/01/2025 13:30,1418,371,920,0,127,0
07/01/2025 13:45,1671,303,1359,0,9,0
07/01/2025 14:00,1589,220,1604,0,0,235
07/01/2025 14:15,1439,244,1439,0,0,244
07/01/2025 14:30,1605,405,1598,0,0,398
07/01/2025 14:45,1440,411,1438,0,0,409
07/01/2025 15:00,1233,435,1232,0,0,434
07/01/2025 15:15,1026,440,1020,0,0,434
07/01/2025 15:30,1035,482,1032,0,0,479
07/01/2025 15:45,720,499,714,0,0,493
07/01/2025 16:00,385,452,385,0,0,452
07/01/2025 16:15,630,390,629,0,0,389
07/01/2025 16:30,927,180,929,0,0,182
07/01/2025 16:45,724,462,710,0,0,448
07/01/2025 17:00,715,560,711,0,0,556
07/01/2025 17:15,568,480,566,0,0,478
07/01/2025 17:30,419,375,417,0,0,373
07/01/2025 17:45,380,456,376,0,0,452
07/01/2025 18:00,344,472,340,0,0,468
07/01/2025 18:15,93,384,87,0,0,378
07/01/2025 18:30,46,593,45,0,0,592
07/01/2025 18:45,38,515,30,0,0,507
07/01/2025 19:00,30,446,7,0,0,423
07/01/2025 19:15,13,499,3,0,0,489
07/01/2025 19:30,0,1315,0,6,0,1309
07/01/2025 19:45,0,1679,0,22,0,1657
07/01/2025 20:00,0,976,0,1001,25,0
07/01/2025 20:15,0,435,0,457,22,0
07/01/2025 20:30,0,436,0,456,20,0
07/01/2025 20:45,0,538,0,559,21,0
07/01/2025 21:00,0,594,0,615,21,0
07/01/2025 21:15,0,536,0,558,22,0
07/01/2025 21:30,0,664,0,684,20,0
07/01/2025 21:45,0,613,0,629,16,0
07/01/2025 22:00,0,727,0,743,17,1
07/01/2025 22:15,0,427,0,441,14,0
07/01/2025 22:30,0,422,0,436,14,0
07/01/2025 22:45,0,363,0,375,12,0
07/01/2025 23:00,0,359,0,363,4,0
07/01/2025 23:15,0,389,0,390,1,0
07/01/2025 23:30,0,456,0,459,3,0
07/01/2025 23:45,0,336,0,339,3,0
07/02/2025 00:00,0,301,0,302,1,0
07/02/2025 00:15,0,366,0,366,0,0
07/02/2025 00:30,0,368,0,370,2,0
07/02/2025 00:45,0,373,0,373,0,0
07/02/2025 01:00,0,233,0,234,1,0
07/02/2025 01:15,0,163,0,164,1,0
07/02/2025 01:30,0,228,0,228,0,0
07/02/2025 01:45,0,359,0,359,0,0
07/02/2025 02:00,0,194,0,195,1,0
07/02/2025 02:15,0,160,0,162,2,0
07/02/2025 02:30,0,362,0,362,0,0
07/02/2025 02:45,0,384,0,384,1,1
07/02/2025 03:00,0,119,0,120,1,0
07/02/2025 03:15,0,321,0,321,0,0
07/02/2025 03:30,0,165,0,166,1,0
07/02/2025 03:45,0,284,0,284,0,0
07/02/2025 04:00,0,151,0,152,1,0
07/02/2025 04:15,0,152,0,152,0,0
07/02/2025 04:30,0,285,0,287,2,0
07/02/2025 04:45,0,447,0,447,0,0
07/02/2025 05:00,0,322,0,323,1,0
07/02/2025 05:15,0,273,0,276,3,0
07/02/2025 05:30,0,105,0,106,1,0
07/02/2025 05:45,11,119,0,115,7,0
07/02/2025 06:00,50,210,0,204,44,0
07/02/2025 06:15,91,100,0,98,89,0
07/02/2025 06:30,131,172,0,163,122,0
07/02/2025 06:45,146,322,0,317,141,0
07/02/2025 07:00,158,404,0,398,152,0
07/02/2025 07:15,158,447,0,449,160,0
07/02/2025 07:30,163,278,0,277,162,0
07/02/2025 07:45,254,320,0,308,242,0
07/02/2025 08:00,337,329,0,329,337,0
07/02/2025 08:15,532,345,0,329,516,0
07/02/2025 08:30,616,132,0,131,615,0
07/02/2025 08:45,368,115,0,112,365,0
07/02/2025 09:00,514,126,0,118,506,0
07/02/2025 09:15,612,145,0,137,604,0
07/02/2025 09:30,697,166,0,158,689,0
07/02/2025 09:45,726,139,0,134,721,0
07/02/2025 10:00,987,105,0,80,962,0
07/02/2025 10:15,915,106,0,101,910,0
07/02/2025 10:30,821,132,0,127,816,0
07/02/2025 10:45,879,104,0,104,879,0
07/02/2025 11:00,857,165,0,158,850,0
07/02/2025 11:15,1040,236,0,218,1022,0
07/02/2025 11:30,863,405,0,401,859,0
07/02/2025 11:45,1091,276,0,265,1080,0
07/02/2025 12:00,1618,202,0,178,1594,0
07/02/2025 12:15,1288,188,0,104,1204,0
07/02/2025 12:30,1117,153,884,0,80,0
07/02/2025 12:45,1106,163,868,0,75,0
07/02/2025 13:00,1501,371,1064,0,66,0
07/02/2025 13:15,1068,267,736,0,65,0
07/02/2025 13:30,1082,130,942,0,10,0
07/02/2025 13:45,818,114,634,0,70,0
07/02/2025 14:00,973,170,992,0,0,189
07/02/2025 14:15,1108,160,1107,0,0,159
07/02/2025 14:30,1017,254,1012,0,0,249
07/02/2025 14:45,1027,441,1010,0,0,424
07/02/2025 15:00,931,492,927,0,0,488
07/02/2025 15:15,941,423,941,0,0,423
07/02/2025 15:30,834,500,828,0,0,494
07/02/2025 15:45,758,380,758,0,0,380
07/02/2025 16:00,938,212,936,0,0,210
07/02/2025 16:15,941,179,938,0,0,176
07/02/2025 16:30,868,193,868,0,0,193
07/02/2025 16:45,636,233,628,0,0,225
07/02/2025 17:00,692,481,687,0,0,476
07/02/2025 17:15,589,390,585,0,0,386
07/02/2025 17:30,449,376,446,0,0,373
07/02/2025 17:45,483,433,476,0,0,426
07/02/2025 18:00,407,485,407,0,0,485
07/02/2025 18:15,276,369,267,0,0,360
07/02/2025 18:30,271,499,270,0,0,498
07/02/2025 18:45,228,335,226,0,0,333
07/02/2025 19:00,172,337,22,0,0,187
07/02/2025 19:15,143,449,0,1,0,305
07/02/2025 19:30,98,661,10,0,0,573
07/02/2025 19:45,54,670,4,0,0,620
07/02/2025 20:00,30,648,6,0,0,624
07/02/2025 20:15,10,521,0,1,0,510
07/02/2025 20:30,0,570,1,0,0,571
07/02/2025 20:45,0,574,11,0,0,585
07/02/2025 21:00,0,521,0,5,0,516
07/02/2025 21:15,0,715,0,54,2,663
07/02/2025 21:30,0,856,0,878,22,0
07/02/2025 21:45,0,597,0,617,20,0
07/02/2025 22:00,0,556,0,578,22,0
07/02/2025 22:15,0,723,0,743,20,0
07/02/2025 22:30,0,844,0,866,22,0
07/02/2025 22:45,0,902,0,922,20,0
07/02/2025 23:00,0,869,0,887,18,0
07/02/2025 23:15,0,673,0,688,15,0
07/02/2025 23:30,0,449,0,457,8,0
07/02/2025 23:45,0,696,0,700,4,0
07/03/2025 00:00,0,664,0,668,4,0
07/03/2025 00:15,0,580,0,582,2,0
07/03/2025 00:30,0,607,0,613,6,0
07/03/2025 00:45,0,540,0,545,5,0
07/03/2025 01:00,0,519,0,524,5,0
07/03/2025 01:15,0,581,0,587,6,0
07/03/2025 01:30,0,515,0,521,6,0
07/03/2025 01:45,0,345,0,350,6,1
07/03/2025 02:00,0,349,0,355,6,0
07/03/2025 02:15,0,406,0,412,6,0
07/03/2025 02:30,0,553,0,559,6,0
07/03/2025 02:45,0,529,0,535,6,0
07/03/2025 03:00,0,621,0,627,6,0
07/03/2025 03:15,0,423,0,429,6,0
07/03/2025 03:30,0,339,0,346,7,0
07/03/2025 03:45,0,375,0,381,6,0
07/03/2025 04:00,0,370,0,377,7,0
07/03/2025 04:15,0,405,0,412,7,0
07/03/2025 04:30,0,496,0,503,7,0
07/03/2025 04:45,0,371,0,377,6,0
07/03/2025 05:00,0,444,0,451,7,0
07/03/2025 05:15,1,644,0,650,7,0
07/03/2025 05:30,32,610,0,600,22,0
07/03/2025 05:45,105,422,0,412,95,0
07/03/2025 06:00,221,452,0,443,212,0
07/03/2025 06:15,320,395,0,202,127,0
07/03/2025 06:30,413,365,0,6,54,0
07/03/2025 06:45,472,466,0,16,22,0
07/03/2025 07:00,587,619,0,584,552,0
07/03/2025 07:15,707,544,0,527,690,0
07/03/2025 07:30,799,487,0,472,784,0
07/03/2025 07:45,876,370,0,359,865,0
07/03/2025 08:00,955,266,0,249,938,0
07/03/2025 08:15,1029,502,0,487,1014,0
07/03/2025 08:30,1098,237,0,221,1082,0
07/03/2025 08:45,1159,225,0,200,1134,0
07/03/2025 09:00,1215,164,0,137,1188,0
07/03/2025 09:15,1269,119,0,93,1243,0
07/03/2025 09:30,1177,36,0,23,1164,0
07/03/2025 09:45,0,1,0,1,0,0
07/03/2025 10:00,32,117,0,110,25,0
07/03/2025 10:15,1501,523,0,486,1464,0
07/03/2025 10:30,1564,425,0,398,1537,0
07/03/2025 10:45,1622,313,183,0,1126,0
07/03/2025 11:00,1670,136,1415,0,119,0
07/03/2025 11:15,1696,132,1504,0,60,0
07/03/2025 11:30,1752,107,1585,0,60,0
07/03/2025 11:45,1768,174,1536,0,58,0
07/03/2025 12:00,1803,330,1437,0,37,1
07/03/2025 12:15,1823,405,1390,0,28,0
07/03/2025 12:30,1804,428,1332,0,44,0
07/03/2025 12:45,1354,223,1112,0,19,0
07/03/2025 13:00,1782,270,1450,0,62,0
07/03/2025 13:15,1275,347,922,0,6,0
07/03/2025 13:30,1507,348,1156,0,3,0
07/03/2025 13:45,1805,346,1405,0,54,0
07/03/2025 14:00,1707,310,1717,0,0,320
07/03/2025 14:15,1630,416,1630,0,0,416
07/03/2025 14:30,1570,443,1565,0,0,438
07/03/2025 14:45,1509,184,1513,0,0,188
07/03/2025 15:00,1443,294,1437,0,0,288
07/03/2025 15:15,1357,361,1356,0,0,360
07/03/2025 15:30,1163,380,1162,0,0,379
07/03/2025 15:45,1189,440,1185,0,0,436
07/03/2025 16:00,1079,443,1077,0,0,441
07/03/2025 16:15,956,515,945,0,0,504
07/03/2025 16:30,722,637,726,0,0,641
07/03/2025 16:45,797,373,798,0,0,374
07/03/2025 17:00,759,338,755,0,0,334
07/03/2025 17:15,611,356,607,0,0,352
07/03/2025 17:30,506,191,503,0,1,189
07/03/2025 17:45,329,520,320,0,0,511
07/03/2025 18:00,155,614,148,0,0,607
07/03/2025 18:15,175,424,171,0,0,420
07/03/2025 18:30,101,761,96,0,0,756
07/03/2025 18:45,52,553,48,0,0,549
07/03/2025 19:00,11,409,7,0,0,405
07/03/2025 19:15,2,348,0,0,0,346
07/03/2025 19:30,0,658,0,4,0,654
07/03/2025 19:45,0,1102,13,0,0,1115
07/03/2025 20:00,0,1141,12,0,0,1153
07/03/2025 20:15,0,1225,0,1110,19,134
07/03/2025 20:30,0,2212,0,2234,22,0
07/03/2025 20:45,0,2165,0,2184,19,0
07/03/2025 21:00,0,1007,0,1029,22,0
07/03/2025 21:15,0,945,0,961,16,0
07/03/2025 21:30,0,1132,0,1144,12,0
07/03/2025 21:45,0,951,0,956,5,0
07/03/2025 22:00,0,920,0,925,5,0
07/03/2025 22:15,0,930,0,934,4,0
07/03/2025 22:30,0,947,0,949,2,0
07/03/2025 22:45,0,1069,0,1073,4,0
07/03/2025 23:00,0,1209,0,1211,2,0
07/03/2025 23:15,0,1203,0,1205,2,0
07/03/2025 23:30,0,1023,0,1023,0,0
07/03/2025 23:45,0,929,0,933,4,0
07/04/2025 00:00,0,993,0,997,4,0
07/04/2025 00:15,0,905,0,909,4,0
07/04/2025 00:30,0,937,0,941,4,0
07/04/2025 00:45,0,731,0,735,4,0
07/04/2025 01:00,0,819,0,823,4,0
07/04/2025 01:15,0,839,0,843,4,0
07/04/2025 01:30,0,688,0,692,4,0
07/04/2025 01:45,0,728,0,731,3,0
07/04/2025 02:00,0,837,0,841,4,0
07/04/2025 02:15,0,712,0,717,5,0
07/04/2025 02:30,0,696,0,700,4,0
07/04/2025 02:45,0,695,0,699,4,0
07/04/2025 03:00,0,680,0,684,4,0
07/04/2025 03:15,0,709,0,715,6,0
07/04/2025 03:30,0,894,0,898,4,0
07/04/2025 03:45,0,740,0,742,2,0
07/04/2025 04:00,0,673,0,678,5,0
07/04/2025 04:15,0,699,0,704,5,0
07/04/2025 04:30,0,729,0,733,4,0
07/04/2025 04:45,0,867,0,871,4,0
07/04/2025 05:00,0,775,0,779,4,0
07/04/2025 05:15,2,781,0,783,4,0
07/04/2025 05:30,37,801,0,790,26,0
07/04/2025 05:45,115,675,0,664,104,0
07/04/2025 06:00,241,704,0,689,226,0
07/04/2025 06:15,346,717,0,397,26,0
07/04/2025 06:30,435,680,0,281,36,0
07/04/2025 06:45,523,698,0,198,23,0
07/04/2025 07:00,651,857,0,815,609,0
07/04/2025 07:15,784,593,0,584,775,0
07/04/2025 07:30,873,256,0,248,865,0
07/04/2025 07:45,957,269,0,263,951,0
07/04/2025 08:00,1037,481,0,472,1028,0
07/04/2025 08:15,1117,349,0,345,1113,0
07/04/2025 08:30,1196,368,0,357,1185,0
07/04/2025 08:45,1270,142,0,134,1262,0
07/04/2025 09:00,1325,131,0,126,1320,0
07/04/2025 09:15,1384,230,0,211,1365,0
07/04/2025 09:30,1438,115,0,116,1439,0
07/04/2025 09:45,1501,111,0,108,1498,0
07/04/2025 10:00,1569,134,100,0,1335,0
07/04/2025 10:15,1631,139,1279,0,213,0
07/04/2025 10:30,1682,123,1497,0,62,0
07/04/2025 10:45,1717,143,1558,0,16,0
07/04/2025 11:00,1711,338,1259,0,114,0
07/04/2025 11:15,1686,198,1476,0,12,0
07/04/2025 11:30,1763,130,1576,0,57,0
07/04/2025 11:45,1868,134,1700,0,35,1
07/04/2025 12:00,1887,190,1670,0,27,0
07/04/2025 12:15,1910,116,1735,0,59,0
07/04/2025 12:30,1894,139,1745,0,10,0
07/04/2025 12:45,1884,170,1687,0,27,0
07/04/2025 13:00,1913,156,1724,0,33,0
07/04/2025 13:15,1717,139,1524,0,54,0
07/04/2025 13:30,1878,129,1740,0,9,0
07/04/2025 13:45,1857,129,1708,0,20,0
07/04/2025 14:00,1784,375,1787,0,1,379
07/04/2025 14:15,1681,272,1682,0,0,273
07/04/2025 14:30,1637,106,1636,0,0,105
07/04/2025 14:45,1613,228,1608,0,0,223
07/04/2025 15:00,1535,159,1536,0,0,160
07/04/2025 15:15,1353,106,1350,0,0,103
07/04/2025 15:30,1355,106,1351,0,0,102
07/04/2025 15:45,1254,143,1247,0,0,136
07/04/2025 16:00,1132,358,1129,0,0,355
07/04/2025 16:15,937,308,934,0,0,305
07/04/2025 16:30,929,321,925,0,0,317
07/04/2025 16:45,744,181,745,0,0,182
07/04/2025 17:00,771,125,772,0,0,126
07/04/2025 17:15,702,104,699,0,0,101
07/04/2025 17:30,647,279,640,0,0,272
07/04/2025 17:45,649,348,646,0,0,345
07/04/2025 18:00,503,200,502,0,0,199
07/04/2025 18:15,279,399,270,0,0,390
07/04/2025 18:30,165,415,163,0,0,413
07/04/2025 18:45,114,323,111,0,0,320
07/04/2025 19:00,84,1515,14,0,0,1445
07/04/2025 19:15,66,1749,12,0,0,1695
07/04/2025 19:30,50,1499,14,0,0,1463
07/04/2025 19:45,33,1537,3,0,0,1507
07/04/2025 20:00,15,1693,0,187,3,1494
07/04/2025 20:15,2,1973,0,1990,20,1
07/04/2025 20:30,0,1745,0,1753,8,0
07/04/2025 20:45,0,1558,0,1563,5,0
07/04/2025 21:00,0,1851,0,1854,3,0
07/04/2025 21:15,0,1849,0,1850,1,0
07/04/2025 21:30,0,1707,0,1707,0,0
07/04/2025 21:45,0,1935,0,1935,0,0
07/04/2025 22:00,0,2180,0,2184,4,0
07/04/2025 22:15,0,2118,0,2119,1,0
07/04/2025 22:30,0,1918,0,1921,3,0
07/04/2025 22:45,0,1651,0,1656,5,0
07/04/2025 23:00,0,1665,0,1670,5,0
07/04/2025 23:15,0,1553,0,1557,4,0
07/04/2025 23:30,0,1510,0,1514,4,0
07/04/2025 23:45,0,1575,0,1577,2,0
07/05/2025 00:00,0,1628,0,1629,1,0
07/05/2025 00:15,0,1525,0,1526,1,0
07/05/2025 00:30,0,1529,0,1531,2,0
07/05/2025 00:45,0,1507,0,1507,0,0
07/05/2025 01:00,0,1536,0,1536,0,0
07/05/2025 01:15,0,1692,0,1694,2,0
07/05/2025 01:30,0,1564,0,1564,0,0
07/05/2025 01:45,0,1642,0,1643,1,0
07/05/2025 02:00,0,1579,0,1580,1,0
07/05/2025 02:15,0,1507,0,1507,0,0
07/05/2025 02:30,0,1690,0,1690,0,0
07/05/2025 02:45,0,1531,0,1533,2,0
07/05/2025 03:00,0,1517,0,1518,1,0
07/05/2025 03:15,0,1544,0,1547,3,0
07/05/2025 03:30,0,1524,0,1526,2,0
07/05/2025 03:45,0,1520,0,1520,0,0
07/05/2025 04:00,0,1553,0,1554,1,0
07/05/2025 04:15,0,1526,0,1527,1,0
07/05/2025 04:30,0,1649,0,1654,5,0
07/05/2025 04:45,0,1698,0,1699,1,0
07/05/2025 05:00,0,1598,0,1600,2,0
07/05/2025 05:15,15,1527,0,1523,11,0
07/05/2025 05:30,75,1547,0,1543,71,0
07/05/2025 05:45,108,1521,0,1519,106,0
07/05/2025 06:00,125,1535,0,1531,121,0
07/05/2025 06:15,180,138,0,30,72,0
07/05/2025 06:30,212,109,0,7,110,0
07/05/2025 06:45,248,109,75,0,141,77
07/05/2025 07:00,320,322,0,315,313,0
07/05/2025 07:15,265,259,0,256,262,0
07/05/2025 07:30,774,205,0,200,769,0
07/05/2025 07:45,896,141,0,136,891,0
07/05/2025 08:00,995,556,0,547,986,0
07/05/2025 08:15,1102,129,0,111,1084,0
07/05/2025 08:30,1158,146,0,132,1144,0
07/05/2025 08:45,1230,140,0,123,1213,0
07/05/2025 09:00,1322,221,0,215,1316,0
07/05/2025 09:15,1348,147,0,136,1337,0
07/05/2025 09:30,1378,101,0,92,1369,0
07/05/2025 09:45,1414,117,0,102,1399,0
07/05/2025 10:00,1564,141,0,120,1543,0
07/05/2025 10:15,1408,101,161,0,1146,0
07/05/2025 10:30,1281,129,1089,0,63,0
07/05/2025 10:45,1495,121,1294,0,80,0
07/05/2025 11:00,1436,108,1284,0,44,0
07/05/2025 11:15,1367,132,1199,0,36,0
07/05/2025 11:30,1617,117,1441,0,59,0
07/05/2025 11:45,1505,105,1343,0,57,0
07/05/2025 12:00,1685,160,1515,0,10,0
07/05/2025 12:15,1575,229,1294,0,52,0
07/05/2025 12:30,1552,104,1420,0,28,0
07/05/2025 12:45,1482,129,1304,0,49,0
07/05/2025 13:00,1648,153,1487,0,8,0
07/05/2025 13:15,1624,155,1416,0,53,0
07/05/2025 13:30,1595,128,1458,0,9,0
07/05/2025 13:45,1379,118,1257,0,4,0
07/05/2025 14:00,1214,124,1241,0,0,151
07/05/2025 14:15,1513,238,1507,0,0,232
07/05/2025 14:30,1618,346,1617,0,0,345
07/05/2025 14:45,936,194,937,0,0,195
07/05/2025 15:00,1118,126,1114,0,0,122
07/05/2025 15:15,1334,119,1333,0,0,118
07/05/2025 15:30,855,101,853,0,0,99
07/05/2025 15:45,868,121,866,0,0,119
07/05/2025 16:00,939,124,937,0,0,122
07/05/2025 16:15,604,123,597,0,0,116
07/05/2025 16:30,619,282,612,0,0,275
07/05/2025 16:45,1059,476,1057,0,0,474
07/05/2025 17:00,829,399,829,0,0,399
07/05/2025 17:15,803,364,802,0,0,363
07/05/2025 17:30,677,250,678,0,0,251
07/05/2025 17:45,567,195,559,0,0,187
07/05/2025 18:00,431,391,427,0,0,387
07/05/2025 18:15,274,330,275,0,0,331
07/05/2025 18:30,179,461,173,0,0,455
07/05/2025 18:45,160,322,155,0,0,317
07/05/2025 19:00,102,781,12,0,0,691
07/05/2025 19:15,68,926,6,0,0,864
07/05/2025 19:30,59,1023,10,0,0,974
07/05/2025 19:45,29,1005,6,0,0,982
07/05/2025 20:00,13,1180,2,0,0,1169
07/05/2025 20:15,0,2338,10,0,0,2348
07/05/2025 20:30,0,1299,0,1024,19,294
07/05/2025 20:45,0,873,0,886,13,0
07/05/2025 21:00,0,822,0,828,6,0
07/05/2025 21:15,0,881,0,886,5,0
07/05/2025 21:30,0,956,0,959,3,0
07/05/2025 21:45,0,1010,0,1014,4,0
07/05/2025 22:00,0,1043,0,1049,6,0
07/05/2025 22:15,0,1067,0,1071,4,0
07/05/2025 22:30,0,1009,0,1011,2,0
07/05/2025 22:45,0,889,0,890,1,0
07/05/2025 23:00,0,883,0,884,1,0
07/05/2025 23:15,0,943,0,947,4,0
07/05/2025 23:30,0,891,0,891,0,0
07/05/2025 23:45,0,861,0,863,2,0
07/06/2025 00:00,0,851,0,851,0,0
07/06/2025 00:15,0,965,0,967,2,0
07/06/2025 00:30,0,985,0,985,0,0
07/06/2025 00:45,0,888,0,889,1,0
07/06/2025 01:00,0,777,0,777,1,1
07/06/2025 01:15,0,694,0,698,4,0
07/06/2025 01:30,0,676,0,679,3,0
07/06/2025 01:45,0,706,0,708,2,0
07/06/2025 02:00,0,767,0,770,3,0
07/06/2025 02:15,0,835,0,837,2,0
07/06/2025 02:30,0,940,0,942,2,0
07/06/2025 02:45,0,766,0,768,2,0
07/06/2025 03:00,0,672,0,675,3,0
07/06/2025 03:15,0,688,0,691,3,0
07/06/2025 03:30,0,748,0,750,2,0
07/06/2025 03:45,0,824,0,828,4,0
07/06/2025 04:00,0,761,0,763,2,0
07/06/2025 04:15,0,863,0,867,4,0
07/06/2025 04:30,0,769,0,772,3,0
07/06/2025 04:45,0,674,0,677,3,0
07/06/2025 05:00,0,706,0,708,2,0
07/06/2025 05:15,5,811,0,806,0,0
07/06/2025 05:30,38,862,0,853,29,0
07/06/2025 05:45,119,715,0,708,112,0
07/06/2025 06:00,162,718,0,716,160,0
07/06/2025 06:15,179,903,0,746,22,0
07/06/2025 06:30,326,856,0,570,40,0
07/06/2025 06:45,407,788,0,405,24,0
07/06/2025 07:00,439,814,0,784,409,0
07/06/2025 07:15,635,691,0,681,625,0
07/06/2025 07:30,602,711,0,711,602,0
07/06/2025 07:45,574,742,0,735,567,0
07/06/2025 08:00,844,725,0,707,826,0
07/06/2025 08:15,767,822,0,812,757,0
07/06/2025 08:30,1141,851,0,834,1124,0
07/06/2025 08:45,891,889,0,879,881,0
07/06/2025 09:00,1313,749,0,732,1296,0
07/06/2025 09:15,1046,822,0,812,1036,0
07/06/2025 09:30,1198,1025,0,1004,1177,0
07/06/2025 09:45,1083,921,0,900,1062,0
07/06/2025 10:00,1434,937,0,906,1403,0
07/06/2025 10:15,1462,838,0,828,1452,0
07/06/2025 10:30,1336,968,0,947,1315,0
07/06/2025 10:45,1336,1030,0,223,529,0
07/06/2025 11:00,1566,1140,346,0,80,0
07/06/2025 11:15,1517,1134,340,0,43,0
07/06/2025 11:30,1257,1316,0,163,104,0
07/06/2025 11:45,1564,1277,277,0,10,0
07/06/2025 12:00,1458,1278,154,0,26,0
07/06/2025 12:15,1741,1264,390,0,87,0
07/06/2025 12:30,1791,1033,746,0,12,0
07/06/2025 12:45,1628,791,834,0,3,0
07/06/2025 13:00,1771,544,1200,0,27,0
07/06/2025 13:15,1737,551,1108,0,78,0
07/06/2025 13:30,1749,663,1076,0,10,0
07/06/2025 13:45,1665,487,1174,0,4,0
07/06/2025 14:00,1681,513,1679,0,0,511
07/06/2025 14:15,1596,388,1594,0,0,386
07/06/2025 14:30,1266,352,1263,0,0,349
07/06/2025 14:45,1517,370,1518,0,0,371
07/06/2025 15:00,1375,372,1371,0,0,368
07/06/2025 15:15,1369,351,1366,0,0,348
07/06/2025 15:30,1257,422,1251,0,0,416
07/06/2025 15:45,924,475,923,0,0,474
07/06/2025 16:00,797,349,794,0,0,346
07/06/2025 16:15,837,334,834,0,0,331
07/06/2025 16:30,792,307,790,0,0,305
07/06/2025 16:45,735,419,730,0,0,414
07/06/2025 17:00,715,349,714,0,0,348
07/06/2025 17:15,624,306,617,0,0,299
07/06/2025 17:30,555,377,549,0,0,371
07/06/2025 17:45,456,433,452,0,0,429
07/06/2025 18:00,382,461,379,0,0,458
07/06/2025 18:15,254,525,249,0,0,520
07/06/2025 18:30,164,405,164,0,0,405
07/06/2025 18:45,116,328,113,0,0,325
07/06/2025 19:00,91,339,10,0,0,258
07/06/2025 19:15,70,344,0,0,0,274
07/06/2025 19:30,49,594,3,0,0,548
07/06/2025 19:45,32,527,0,5,0,490
07/06/2025 20:00,11,559,10,0,0,558
07/06/2025 20:15,0,407,0,3,0,404
07/06/2025 20:30,0,1459,0,4,0,1455
07/06/2025 20:45,0,1271,0,990,20,301
07/06/2025 21:00,0,301,0,326,25,0
07/06/2025 21:15,0,325,0,348,23,0
07/06/2025 21:30,0,435,0,459,24,0
07/06/2025 21:45,0,500,0,520,20,0
07/06/2025 22:00,0,493,0,505,12,0
07/06/2025 22:15,0,567,0,581,14,0
07/06/2025 22:30,0,467,0,484,17,0
07/06/2025 22:45,0,349,0,354,6,1
07/06/2025 23:00,0,427,0,439,12,0
07/06/2025 23:15,0,332,0,348,16,0
07/06/2025 23:30,0,324,0,339,15,0
07/06/2025 23:45,0,314,0,321,7,0
07/07/2025 00:00,0,487,0,488,2,1
07/07/2025 00:15,0,355,0,356,1,0
07/07/2025 00:30,0,303,0,303,0,0
07/07/2025 00:45,0,312,0,312,0,0
07/07/2025 01:00,0,138,0,138,0,0
07/07/2025 01:15,0,322,0,322,0,0
07/07/2025 01:30,0,322,0,322,0,0
07/07/2025 01:45,0,106,0,106,0,0
07/07/2025 02:00,0,379,0,379,0,0
07/07/2025 02:15,0,349,0,349,0,0
07/07/2025 02:30,0,250,0,252,2,0
07/07/2025 02:45,0,317,0,319,2,0
07/07/2025 03:00,0,374,0,374,0,0
07/07/2025 03:15,0,230,0,234,4,0
07/07/2025 03:30,0,123,0,124,1,0
07/07/2025 03:45,0,104,0,104,0,0
07/07/2025 04:00,0,193,0,195,2,0
07/07/2025 04:15,0,346,0,347,1,0
07/07/2025 04:30,0,348,0,350,2,0
07/07/2025 04:45,0,317,0,322,5,0
07/07/2025 05:00,0,260,0,264,4,0
07/07/2025 05:15,4,131,0,128,1,0
07/07/2025 05:30,41,120,0,111,32,0
07/07/2025 05:45,94,100,0,97,91,0
07/07/2025 06:00,116,154,0,153,115,0
07/07/2025 06:15,283,343,0,272,212,0
07/07/2025 06:30,430,195,11,0,238,14
07/07/2025 06:45,447,121,107,0,303,84
07/07/2025 07:00,439,370,0,323,393,1
07/07/2025 07:15,542,239,0,213,516,0
07/07/2025 07:30,792,113,0,37,716,0
07/07/2025 07:45,815,130,27,0,658,0
07/07/2025 08:00,953,128,0,21,846,0
07/07/2025 08:15,696,110,6,0,580,0
07/07/2025 08:30,1029,192,0,101,938,0
07/07/2025 08:45,1277,235,0,182,1224,0
07/07/2025 09:00,1203,304,0,94,993,0
07/07/2025 09:15,1275,169,0,43,1149,0
07/07/2025 09:30,1168,321,0,201,1048,0
07/07/2025 09:45,1292,460,0,305,1137,0
07/07/2025 10:00,1046,336,0,216,926,0
07/07/2025 10:15,1166,193,0,73,1046,0
07/07/2025 10:30,750,247,0,162,665,0
07/07/2025 10:45,1213,441,0,248,1020,0
07/07/2025 11:00,1409,331,220,0,858,0
07/07/2025 11:15,1636,126,1466,0,44,0
07/07/2025 11:30,1186,318,806,0,62,0
07/07/2025 11:45,1442,386,1023,0,33,0
07/07/2025 12:00,1501,513,896,0,92,0
07/07/2025 12:15,1517,431,1051,0,35,0
07/07/2025 12:30,1253,159,1059,0,35,0
07/07/2025 12:45,1088,218,806,0,64,0
07/07/2025 13:00,848,366,472,0,10,0
07/07/2025 13:15,1045,352,633,0,60,0
07/07/2025 13:30,1028,344,649,0,35,0
07/07/2025 13:45,1403,349,1019,0,35,0
07/07/2025 14:00,883,543,878,0,1,539
07/07/2025 14:15,681,442,683,0,0,444
07/07/2025 14:30,1413,325,1410,0,0,322
07/07/2025 14:45,1636,245,1633,0,0,242
07/07/2025 15:00,1058,477,1055,0,0,474
07/07/2025 15:15,781,373,779,0,0,371
07/07/2025 15:30,680,326,676,0,0,322
07/07/2025 15:45,835,328,832,0,0,325
07/07/2025 16:00,530,399,525,0,0,394
07/07/2025 16:15,502,425,503,0,0,426
07/07/2025 16:30,659,316,655,0,0,312
07/07/2025 16:45,497,316,499,0,0,318
07/07/2025 17:00,431,234,419,0,0,222
07/07/2025 17:15,802,405,803,0,0,406
07/07/2025 17:30,566,513,562,0,0,509
07/07/2025 17:45,518,642,511,0,0,635
07/07/2025 18:00,376,696,373,0,0,693
07/07/2025 18:15,268,552,260,0,0,544
07/07/2025 18:30,195,511,197,0,0,513
07/07/2025 18:45,123,318,121,0,0,316
07/07/2025 19:00,108,348,9,0,0,249
07/07/2025 19:15,92,380,0,8,0,280
07/07/2025 19:30,53,481,0,2,0,426
07/07/2025 19:45,27,515,3,0,0,491
07/07/2025 20:00,10,306,0,2,0,294
07/07/2025 20:15,0,405,3,0,0,408
07/07/2025 20:30,0,483,0,1,0,482
07/07/2025 20:45,0,432,6,0,0,438
07/07/2025 21:00,0,584,0,3,0,581
07/07/2025 21:15,0,506,0,488,19,37
07/07/2025 21:30,0,895,0,919,24,0
07/07/2025 21:45,0,727,0,750,23,0
07/07/2025 22:00,0,379,0,403,24,0
07/07/2025 22:15,0,393,0,412,19,0
07/07/2025 22:30,0,323,0,343,20,0
07/07/2025 22:45,0,347,0,365,18,0
07/07/2025 23:00,0,322,0,330,8,0
07/07/2025 23:15,0,287,0,305,18,0
07/07/2025 23:30,0,426,0,443,17,0
07/07/2025 23:45,0,390,0,404,14,0
07/08/2025 00:00,0,340,0,342,2,0
07/08/2025 00:15,0,387,0,388,1,0
07/08/2025 00:30,0,332,0,332,0,0
07/08/2025 00:45,0,333,0,333,0,0
07/08/2025 01:00,0,297,0,297,0,0
07/08/2025 01:15,0,141,0,141,0,0
07/08/2025 01:30,0,329,0,329,0,0
07/08/2025 01:45,0,215,0,216,1,0
07/08/2025 02:00,0,406,0,406,0,0
07/08/2025 02:15,0,364,0,364,0,0
07/08/2025 02:30,0,471,0,471,0,0
07/08/2025 02:45,0,319,0,319,0,0
07/08/2025 03:00,0,139,0,140,1,0
07/08/2025 03:15,0,181,0,182,1,0
07/08/2025 03:30,0,156,0,157,1,0
07/08/2025 03:45,0,202,0,203,1,0
07/08/2025 04:00,0,430,0,431,2,1
07/08/2025 04:15,0,397,0,401,4,0
07/08/2025 04:30,0,299,0,299,0,0
07/08/2025 04:45,0,177,0,179,3,1
07/08/2025 05:00,0,132,0,133,1,0
07/08/2025 05:15,0,259,0,261,2,0
07/08/2025 05:30,0,276,0,277,1,0
07/08/2025 05:45,37,152,0,141,26,0
07/08/2025 06:00,73,150,0,145,68,0
07/08/2025 06:15,94,365,0,361,90,0
07/08/2025 06:30,151,321,0,314,144,0
07/08/2025 06:45,200,281,0,177,96,0
07/08/2025 07:00,209,438,0,422,193,0
07/08/2025 07:15,294,445,0,435,284,0
07/08/2025 07:30,386,213,0,210,383,0
07/08/2025 07:45,751,127,0,99,723,0
07/08/2025 08:00,937,153,0,100,884,0
07/08/2025 08:15,900,205,0,181,876,0
07/08/2025 08:30,1107,225,0,209,1091,0
07/08/2025 08:45,1153,188,0,157,1122,0
07/08/2025 09:00,1254,233,0,189,1210,0
07/08/2025 09:15,1264,992,0,945,1217,0
07/08/2025 09:30,1293,1440,0,1402,1255,0
07/08/2025 09:45,1348,636,0,601,1313,0
07/08/2025 10:00,1395,173,0,143,1365,0
07/08/2025 10:15,1214,205,0,92,1101,0
07/08/2025 10:30,1500,454,0,341,1387,0
07/08/2025 10:45,1506,493,503,0,510,0
07/08/2025 11:00,1719,344,1342,0,33,0
07/08/2025 11:15,1286,329,840,0,117,0
07/08/2025 11:30,1262,530,696,0,36,0
07/08/2025 11:45,1337,375,903,0,59,0
07/08/2025 12:00,1036,331,686,0,19,0
07/08/2025 12:15,952,377,492,0,83,0
07/08/2025 12:30,1610,362,1204,0,44,0
07/08/2025 12:45,1657,405,1240,0,12,0
07/08/2025 13:00,1447,307,1110,0,30,0
07/08/2025 13:15,1226,285,879,0,62,0
07/08/2025 13:30,1204,299,884,0,21,0
07/08/2025 13:45,1276,316,895,0,65,0
07/08/2025 14:00,1638,313,1638,0,2,315
07/08/2025 14:15,1510,426,1509,0,0,425
07/08/2025 14:30,1514,363,1512,0,0,361
07/08/2025 14:45,887,349,881,0,0,343
07/08/2025 15:00,1058,386,1059,0,0,387
07/08/2025 15:15,633,326,629,0,0,322
07/08/2025 15:30,788,391,780,0,0,383
07/08/2025 15:45,989,463,987,0,0,461
07/08/2025 16:00,748,363,745,0,0,360
07/08/2025 16:15,870,290,867,0,0,287
07/08/2025 16:30,936,304,933,0,0,301
07/08/2025 16:45,917,374,909,0,0,366
07/08/2025 17:00,748,441,745,0,0,438
07/08/2025 17:15,663,386,663,0,0,386
07/08/2025 17:30,349,312,343,0,0,306
07/08/2025 17:45,467,366,463,0,0,362
07/08/2025 18:00,391,693,381,0,0,683
07/08/2025 18:15,249,470,247,0,0,468
07/08/2025 18:30,175,504,168,0,0,497
07/08/2025 18:45,70,440,70,0,0,440
07/08/2025 19:00,64,536,1,0,0,473
07/08/2025 19:15,96,601,0,5,0,500
07/08/2025 19:30,46,444,0,2,0,396
07/08/2025 19:45,28,1253,5,0,0,1230
07/08/2025 20:00,22,1537,9,0,0,1524
07/08/2025 20:15,0,422,0,289,19,152
07/08/2025 20:30,0,349,0,374,25,0
07/08/2025 20:45,0,342,0,365,23,0
07/08/2025 21:00,0,389,0,412,23,0
07/08/2025 21:15,0,558,0,580,23,1
07/08/2025 21:30,0,789,0,811,22,0
07/08/2025 21:45,0,521,0,537,16,0
07/08/2025 22:00,0,873,0,875,2,0
07/08/2025 22:15,0,616,0,620,4,0
07/08/2025 22:30,0,475,0,485,10,0
07/08/2025 22:45,0,421,0,437,16,0
07/08/2025 23:00,0,390,0,406,16,0
07/08/2025 23:15,0,611,0,628,17,0
07/08/2025 23:30,0,302,0,316,14,0
07/08/2025 23:45,0,254,0,260,6,0
07/09/2025 00:00,0,259,0,261,2,0
07/09/2025 00:15,0,450,0,450,0,0
07/09/2025 00:30,0,314,0,314,0,0
07/09/2025 00:45,0,240,0,242,2,0
07/09/2025 01:00,0,265,0,265,0,0
07/09/2025 01:15,0,390,0,390,0,0
07/09/2025 01:30,0,402,0,402,0,0
07/09/2025 01:45,0,302,0,303,1,0
07/09/2025 02:00,0,298,0,299,1,0
07/09/2025 02:15,0,161,0,162,1,0
07/09/2025 02:30,0,140,0,139,0,1
07/09/2025 02:45,0,295,0,295,0,0
07/09/2025 03:00,0,362,0,363,1,0
07/09/2025 03:15,0,418,0,418,0,0
07/09/2025 03:30,0,240,0,240,0,0
07/09/2025 03:45,0,121,0,121,0,0
07/09/2025 04:00,0,230,0,232,2,0
07/09/2025 04:15,0,127,0,127,0,0
07/09/2025 04:30,0,390,0,392,2,0
07/09/2025 04:45,0,350,0,352,2,0
07/09/2025 05:00,0,228,0,231,3,0
07/09/2025 05:15,0,165,0,166,1,0
07/09/2025 05:30,0,256,0,260,4,0
07/09/2025 05:45,0,130,0,130,0,0
07/09/2025 06:00,3,231,0,230,2,0
07/09/2025 06:15,20,292,0,288,16,0
07/09/2025 06:30,19,222,0,215,12,0
07/09/2025 06:45,13,172,0,178,19,0
07/09/2025 07:00,6,358,0,365,13,0
07/09/2025 07:15,14,375,0,373,12,0
07/09/2025 07:30,26,272,0,273,27,0
07/09/2025 07:45,34,170,0,163,27,0
07/09/2025 08:00,102,115,0,108,95,0
07/09/2025 08:15,164,307,0,304,161,0
07/09/2025 08:30,210,300,0,263,173,0
07/09/2025 08:45,210,300,0,263,173,0
07/09/2025 09:00,162,467,0,464,159,0
07/09/2025 09:15,246,167,0,158,237,0
07/09/2025 09:30,249,212,0,215,252,0
07/09/2025 09:45,351,278,0,272,345,0
07/09/2025 10:00,538,165,0,157,530,0
07/09/2025 10:15,548,251,0,239,536,0
07/09/2025 10:30,731,289,0,283,725,0
07/09/2025 10:45,542,435,0,432,539,0
07/09/2025 11:00,482,250,0,241,473,0
07/09/2025 11:15,588,131,0,126,583,0
07/09/2025 11:30,579,153,0,150,576,0
07/09/2025 11:45,490,129,0,131,492,0
07/09/2025 12:00,540,214,0,204,530,0
07/09/2025 12:15,449,126,0,14,336,0
07/09/2025 12:30,449,126,0,14,336,0
07/09/2025 12:45,449,126,0,14,336,0
07/09/2025 13:00,449,126,0,14,336,0
07/09/2025 13:15,474,121,0,88,441,0
07/09/2025 13:30,445,123,0,83,405,0
07/09/2025 13:45,366,212,0,214,368,0
07/09/2025 14:00,362,300,352,0,16,306
07/09/2025 14:15,329,329,322,0,0,322
07/09/2025 14:30,331,265,328,0,0,262
07/09/2025 14:45,454,108,451,0,0,105
07/09/2025 15:00,685,118,681,0,0,114
07/09/2025 15:15,615,127,610,0,0,122
07/09/2025 15:30,529,117,525,0,0,113
07/09/2025 15:45,315,125,311,0,0,121
07/09/2025 16:00,477,104,471,0,0,98
07/09/2025 16:15,636,114,635,0,0,113
07/09/2025 16:30,771,133,767,0,0,129
07/09/2025 16:45,593,180,585,0,0,172
07/09/2025 17:00,590,163,587,0,0,160
07/09/2025 17:15,486,213,477,0,0,204
07/09/2025 17:30,369,487,360,0,0,478
07/09/2025 17:45,319,520,321,0,0,522
07/09/2025 18:00,268,203,266,0,0,201
07/09/2025 18:15,244,162,240,0,0,158
07/09/2025 18:30,176,426,168,0,0,418
07/09/2025 18:45,99,457,94,0,0,452
07/09/2025 19:00,61,365,7,0,0,311
07/09/2025 19:15,24,316,0,6,0,286
07/09/2025 19:30,10,231,0,7,0,214
07/09/2025 19:45,0,259,0,9,0,250
07/09/2025 20:00,0,333,0,8,0,325
07/09/2025 20:15,0,318,0,5,0,313
07/09/2025 20:30,0,240,0,110,6,136
07/09/2025 20:45,0,286,0,292,6,0
07/09/2025 21:00,0,327,0,327,0,0
07/09/2025 21:15,0,235,0,235,0,0
07/09/2025 21:30,0,458,0,461,3,0
07/09/2025 21:45,0,552,0,553,1,0
07/09/2025 22:00,0,477,0,479,2,0
07/09/2025 22:15,0,523,0,523,0,0
07/09/2025 22:30,0,697,0,699,2,0
07/09/2025 22:45,0,802,0,802,0,0
07/09/2025 23:00,0,703,0,708,5,0
07/09/2025 23:15,0,407,0,412,5,0
07/09/2025 23:30,0,284,0,290,6,0
07/09/2025 23:45,0,309,0,310,1,0
07/10/2025 00:00,0,290,0,294,4,0
07/10/2025 00:15,0,253,0,258,5,0
07/10/2025 00:30,0,337,0,341,4,0
07/10/2025 00:45,0,204,0,206,2,0
07/10/2025 01:00,0,125,0,127,2,0
07/10/2025 01:15,0,248,0,248,0,0
07/10/2025 01:30,0,129,0,131,2,0
07/10/2025 01:45,0,319,0,323,4,0
07/10/2025 02:00,0,311,0,314,3,0
07/10/2025 02:15,0,388,0,389,1,0
07/10/2025 02:30,0,136,0,138,2,0
07/10/2025 02:45,0,182,0,182,0,0
07/10/2025 03:00,0,162,0,162,0,0
07/10/2025 03:15,0,224,0,226,2,0
07/10/2025 03:30,0,350,0,354,4,0
07/10/2025 03:45,0,269,0,273,4,0
07/10/2025 04:00,0,148,0,152,4,0
07/10/2025 04:15,0,307,0,309,2,0
07/10/2025 04:30,0,286,0,288,2,0
07/10/2025 04:45,0,169,0,172,3,0
07/10/2025 05:00,0,180,0,183,3,0
07/10/2025 05:15,0,149,0,149,0,0
07/10/2025 05:30,0,115,0,121,6,0
07/10/2025 05:45,0,137,0,141,4,0
07/10/2025 06:00,0,111,0,114,3,0
07/10/2025 06:15,0,113,0,116,3,0
07/10/2025 06:30,0,230,0,234,4,0
07/10/2025 06:45,0,295,0,297,2,0
07/10/2025 07:00,5,413,0,412,4,0
07/10/2025 07:15,31,140,0,135,26,0
07/10/2025 07:30,34,203,0,199,30,0
07/10/2025 07:45,60,198,0,190,52,0
07/10/2025 08:00,74,208,0,208,74,0
07/10/2025 08:15,72,246,0,244,70,0
07/10/2025 08:30,67,235,0,234,66,0
07/10/2025 08:45,76,254,0,252,74,0
07/10/2025 09:00,84,450,0,449,83,0
07/10/2025 09:15,125,443,0,438,120,0
07/10/2025 09:30,161,331,0,334,164,0
07/10/2025 09:45,119,296,0,296,119,0
07/10/2025 10:00,95,211,0,208,92,0
07/10/2025 10:15,224,211,0,209,222,0
07/10/2025 10:30,213,271,0,268,210,0
07/10/2025 10:45,96,159,0,162,99,0
07/10/2025 11:00,204,140,0,134,198,0
07/10/2025 11:15,291,142,0,147,296,0
07/10/2025 11:30,201,189,0,188,200,0
07/10/2025 11:45,210,232,0,234,212,0
07/10/2025 12:00,225,253,0,244,216,0
07/10/2025 12:15,461,335,0,332,458,0
07/10/2025 12:30,386,200,0,203,389,0
07/10/2025 12:45,393,122,0,123,394,0
07/10/2025 13:00,311,101,0,101,311,0
07/10/2025 13:15,323,141,0,141,323,0
07/10/2025 13:30,428,117,0,118,429,0
07/10/2025 13:45,341,121,0,130,350,0
07/10/2025 14:00,241,103,246,0,10,118
07/10/2025 14:15,196,116,190,0,0,110
07/10/2025 14:30,166,114,162,0,0,110
07/10/2025 14:45,187,135,186,0,0,134
07/10/2025 15:00,228,283,219,0,0,274
07/10/2025 15:15,161,175,160,0,0,174
07/10/2025 15:30,201,195,195,0,0,189
07/10/2025 15:45,190,224,184,0,0,218
07/10/2025 16:00,278,160,274,0,0,156
07/10/2025 16:15,209,120,203,0,0,114
07/10/2025 16:30,254,112,248,0,0,106
07/10/2025 16:45,250,118,245,0,0,113
07/10/2025 17:00,150,132,144,0,0,126
07/10/2025 17:15,172,502,159,0,0,489
07/10/2025 17:30,216,434,214,0,0,432
07/10/2025 17:45,196,385,187,0,0,376
07/10/2025 18:00,127,311,15,0,6,205
07/10/2025 18:15,96,120,0,32,8,0
07/10/2025 18:30,80,116,0,40,4,0
07/10/2025 18:45,59,143,0,86,2,0
07/10/2025 19:00,48,199,0,152,1,0
07/10/2025 19:15,37,362,0,326,1,0
07/10/2025 19:30,11,813,0,804,2,0
07/10/2025 19:45,2,805,0,805,2,0
07/10/2025 20:00,0,855,0,858,3,0
07/10/2025 20:15,0,861,0,864,3,0
07/10/2025 20:30,0,891,0,891,0,0
07/10/2025 20:45,0,939,0,940,1,0
07/10/2025 21:00,0,854,0,857,3,0
07/10/2025 21:15,0,824,0,824,0,0
07/10/2025 21:30,0,1205,0,1206,1,0
07/10/2025 21:45,0,1072,0,1072,0,0
07/10/2025 22:00,0,1113,0,1113,0,0
07/10/2025 22:15,0,881,0,882,1,0
07/10/2025 22:30,0,949,0,949,0,0
07/10/2025 22:45,0,843,0,845,2,0
07/10/2025 23:00,0,808,0,814,6,0
07/10/2025 23:15,0,962,0,968,6,0
07/10/2025 23:30,0,869,0,873,4,0
07/10/2025 23:45,0,874,0,876,2,0
07/11/2025 00:00,0,850,0,852,2,0
07/11/2025 00:15,0,701,0,705,4,0
07/11/2025 00:30,0,701,0,705,4,0
07/11/2025 00:45,0,683,0,685,2,0
07/11/2025 01:00,0,698,0,700,2,0
07/11/2025 01:15,0,686,0,690,4,0
07/11/2025 01:30,0,683,0,687,4,0
07/11/2025 01:45,0,763,0,765,2,0
07/11/2025 02:00,0,747,0,751,4,0
07/11/2025 02:15,0,671,0,675,4,0
07/11/2025 02:30,0,728,0,730,2,0
07/11/2025 02:45,0,835,0,839,4,0
07/11/2025 03:00,0,835,0,839,4,0
07/11/2025 03:15,0,678,0,682,4,0
07/11/2025 03:30,0,672,0,674,2,0
07/11/2025 03:45,0,704,0,706,2,0
07/11/2025 04:00,0,691,0,695,4,0
07/11/2025 04:15,0,709,0,711,2,0
07/11/2025 04:30,0,677,0,681,4,0
07/11/2025 04:45,0,791,0,793,2,0
07/11/2025 05:00,0,834,0,838,4,0
07/11/2025 05:15,0,682,0,686,4,0
07/11/2025 05:30,0,671,0,675,4,0
07/11/2025 05:45,0,777,0,779,2,0
07/11/2025 06:00,0,840,0,844,4,0
07/11/2025 06:15,5,755,0,752,2,0
07/11/2025 06:30,32,115,0,107,24,0
07/11/2025 06:45,55,114,0,101,42,0
07/11/2025 07:00,78,177,0,167,68,0
07/11/2025 07:15,148,230,0,219,137,0
07/11/2025 07:30,253,215,0,211,249,0
07/11/2025 07:45,262,106,0,104,260,0
07/11/2025 08:00,268,166,0,164,266,0
07/11/2025 08:15,285,382,0,378,281,0
07/11/2025 08:30,290,233,0,230,287,0
07/11/2025 08:45,347,201,0,200,346,0
07/11/2025 09:00,308,216,0,214,306,0
07/11/2025 09:15,308,231,0,227,304,0
07/11/2025 09:30,312,232,0,232,312,0
07/11/2025 09:45,384,185,0,180,379,0
07/11/2025 10:00,540,879,0,870,531,0
07/11/2025 10:15,613,1496,0,1493,610,0
07/11/2025 10:30,812,766,0,760,806,0
07/11/2025 10:45,864,144,0,142,862,0
07/11/2025 11:00,961,189,0,184,956,0
07/11/2025 11:15,1233,252,0,252,1233,0
07/11/2025 11:30,1534,151,0,108,1491,0
07/11/2025 11:45,1671,133,0,115,1653,0
07/11/2025 12:00,1756,130,0,76,1702,0
07/11/2025 12:15,1646,136,0,76,1586,0
07/11/2025 12:30,1651,349,604,0,698,0
07/11/2025 12:45,1853,160,1493,0,200,0
07/11/2025 13:00,1315,126,1066,0,123,0
07/11/2025 13:15,1230,225,922,0,83,0
07/11/2025 13:30,1265,323,908,0,34,0
07/11/2025 13:45,1099,259,833,0,7,0
07/11/2025 14:00,681,292,662,0,2,275
07/11/2025 14:15,1109,204,1107,0,0,202
07/11/2025 14:30,832,215,826,0,0,209
07/11/2025 14:45,915,188,911,0,0,184
07/11/2025 15:00,903,250,900,0,0,247
07/11/2025 15:15,773,325,769,0,0,321
07/11/2025 15:30,566,191,564,0,0,189
07/11/2025 15:45,501,176,495,0,0,170
07/11/2025 16:00,892,199,888,0,0,195
07/11/2025 16:15,984,224,979,0,0,219
07/11/2025 16:30,761,284,755,0,0,278
07/11/2025 16:45,848,234,846,0,0,232
07/11/2025 17:00,751,214,745,0,0,208
07/11/2025 17:15,613,330,605,0,0,322
07/11/2025 17:30,459,414,455,0,0,410
07/11/2025 17:45,503,427,498,0,0,422
07/11/2025 18:00,405,429,402,0,0,426
07/11/2025 18:15,196,360,187,0,0,351
07/11/2025 18:30,168,611,162,0,0,605
07/11/2025 18:45,145,508,137,0,0,500
07/11/2025 19:00,97,551,8,0,0,462
07/11/2025 19:15,60,404,0,8,0,336
07/11/2025 19:30,33,918,0,10,0,875
07/11/2025 19:45,28,1467,0,6,0,1433
07/11/2025 20:00,19,485,1,0,0,467
07/11/2025 20:15,4,550,0,14,0,532
07/11/2025 20:30,0,746,0,3,0,743
07/11/2025 20:45,0,842,0,7,0,835
07/11/2025 21:00,0,660,0,253,10,417
07/11/2025 21:15,0,652,0,668,16,0
07/11/2025 21:30,0,708,0,710,2,0
07/11/2025 21:45,0,785,0,785,0,0
07/11/2025 22:00,0,675,0,675,0,0
07/11/2025 22:15,0,519,0,519,0,0
07/11/2025 22:30,0,614,0,614,0,0
07/11/2025 22:45,0,268,0,268,0,0
07/11/2025 23:00,0,196,0,196,0,0
07/11/2025 23:15,0,387,0,389,2,0
07/11/2025 23:30,0,559,0,563,4,0
07/11/2025 23:45,0,369,0,373,4,0
07/12/2025 00:00,0,317,0,321,4,0
07/12/2025 00:15,0,289,0,295,6,0
07/12/2025 00:30,0,198,0,198,0,0
07/12/2025 00:45,0,140,0,140,0,0
07/12/2025 01:00,0,266,0,268,2,0
07/12/2025 01:15,0,381,0,383,2,0
07/12/2025 01:30,0,123,0,127,4,0
07/12/2025 01:45,0,129,0,131,2,0
07/12/2025 02:00,0,154,0,158,4,0
07/12/2025 02:15,0,443,0,445,2,0
07/12/2025 02:30,0,477,0,479,2,0
07/12/2025 02:45,0,216,0,220,4,0
07/12/2025 03:00,0,109,0,113,4,0
07/12/2025 03:15,0,326,0,330,4,0
07/12/2025 03:30,0,202,0,208,6,0
07/12/2025 03:45,0,133,0,136,4,1
07/12/2025 04:00,0,122,0,126,4,0
07/12/2025 04:15,0,114,0,118,4,0
07/12/2025 04:30,0,238,0,244,6,0
07/12/2025 04:45,0,381,0,386,5,0
07/12/2025 05:00,0,286,0,291,5,0
07/12/2025 05:15,0,120,0,126,6,0
07/12/2025 05:30,6,103,0,103,6,0
07/12/2025 05:45,32,109,0,99,22,0
07/12/2025 06:00,59,119,0,111,51,0
07/12/2025 06:15,80,183,0,182,79,0
07/12/2025 06:30,92,337,0,336,91,0
07/12/2025 06:45,152,132,0,43,63,0
07/12/2025 07:00,232,285,0,272,219,0
07/12/2025 07:15,155,215,0,218,158,0
07/12/2025 07:30,202,168,0,160,194,0
07/12/2025 07:45,219,289,0,294,224,0
07/12/2025 08:00,375,130,0,123,368,0
07/12/2025 08:15,459,278,0,276,457,0
07/12/2025 08:30,595,253,0,253,595,0
07/12/2025 08:45,480,539,0,535,476,0
07/12/2025 09:00,746,498,0,486,734,0
07/12/2025 09:15,930,189,0,172,913,0
07/12/2025 09:30,1195,287,0,251,1159,0
07/12/2025 09:45,1132,291,0,250,1091,0
07/12/2025 10:00,1442,326,0,325,1441,0
07/12/2025 10:15,1408,274,0,261,1395,0
07/12/2025 10:30,1412,136,0,109,1385,0
07/12/2025 10:45,1582,130,0,130,1582,0
07/12/2025 11:00,1599,149,0,147,1597,0
07/12/2025 11:15,1646,217,617,0,812,0
07/12/2025 11:30,1689,401,1159,0,129,0
07/12/2025 11:45,1716,485,1161,0,70,0
07/12/2025 12:00,1742,473,1270,0,0,1
07/12/2025 12:15,1750,179,1559,0,12,0
07/12/2025 12:30,1749,229,1471,0,49,0
07/12/2025 12:45,1727,568,1152,0,7,0
07/12/2025 13:00,1736,944,792,0,0,0
07/12/2025 13:15,1729,790,916,0,23,0
07/12/2025 13:30,1714,436,1263,0,15,0
07/12/2025 13:45,1710,386,1322,0,2,0
07/12/2025 14:00,1654,484,1652,0,0,482
07/12/2025 14:15,1585,533,1583,0,0,531
07/12/2025 14:30,1547,457,1541,0,0,451
07/12/2025 14:45,1468,575,1460,0,0,567
07/12/2025 15:00,1394,740,1392,0,0,738
07/12/2025 15:15,1297,405,1297,0,0,405
07/12/2025 15:30,1177,372,1169,0,0,364
07/12/2025 15:45,1082,480,1082,0,0,480
07/12/2025 16:00,1007,249,1004,0,0,246
07/12/2025 16:15,937,116,935,0,0,114
07/12/2025 16:30,843,119,839,0,0,115
07/12/2025 16:45,753,134,749,0,0,130
07/12/2025 17:00,701,115,695,0,0,109
07/12/2025 17:15,599,267,590,0,0,258
07/12/2025 17:30,473,332,470,0,0,329
07/12/2025 17:45,367,289,362,0,0,284
07/12/2025 18:00,267,204,265,0,0,202
07/12/2025 18:15,178,179,170,0,0,171
07/12/2025 18:30,109,460,102,0,0,453
07/12/2025 18:45,115,492,109,0,0,486
07/12/2025 19:00,88,481,7,0,0,400
07/12/2025 19:15,61,427,0,9,0,357
07/12/2025 19:30,40,433,0,7,0,386
07/12/2025 19:45,22,323,0,8,0,293
07/12/2025 20:00,5,364,0,9,0,350
07/12/2025 20:15,0,441,0,7,0,434
07/12/2025 20:30,0,350,1,0,0,351
07/12/2025 20:45,0,368,0,10,0,358
07/12/2025 21:00,0,494,0,7,0,487
07/12/2025 21:15,0,521,0,9,0,512
07/12/2025 21:30,0,725,0,3,0,722
07/12/2025 21:45,0,714,0,198,7,523
07/12/2025 22:00,0,495,0,511,16,0
07/12/2025 22:15,0,513,0,517,4,0
07/12/2025 22:30,0,519,0,521,2,0
07/12/2025 22:45,0,499,0,502,3,0
07/12/2025 23:00,0,545,0,547,2,0
07/12/2025 23:15,0,260,0,261,1,0
07/12/2025 23:30,0,313,0,315,2,0
07/12/2025 23:45,0,347,0,348,1,0
07/13/2025 00:00,0,364,0,364,0,0
07/13/2025 00:15,0,334,0,335,1,0
07/13/2025 00:30,0,318,0,322,4,0
07/13/2025 00:45,0,236,0,236,0,0
07/13/2025 01:00,0,183,0,183,0,0
07/13/2025 01:15,0,332,0,336,4,0
07/13/2025 01:30,0,380,0,383,3,0
07/13/2025 01:45,0,152,0,153,1,0
07/13/2025 02:00,0,297,0,297,0,0
07/13/2025 02:15,0,313,0,315,2,0
07/13/2025 02:30,0,174,0,176,2,0
07/13/2025 02:45,0,143,0,145,2,0
07/13/2025 03:00,0,110,0,113,3,0
07/13/2025 03:15,0,109,0,112,3,0
07/13/2025 03:30,0,147,0,149,2,0
07/13/2025 03:45,0,361,0,364,4,1
07/13/2025 04:00,0,211,0,215,4,0
07/13/2025 04:15,0,161,0,165,4,0
07/13/2025 04:30,0,354,0,356,2,0
07/13/2025 04:45,0,315,0,317,2,0
07/13/2025 05:00,0,147,0,149,2,0
07/13/2025 05:15,0,102,0,106,4,0
07/13/2025 05:30,0,134,0,136,2,0
07/13/2025 05:45,11,139,0,134,6,0
07/13/2025 06:00,32,327,0,317,22,0
07/13/2025 06:15,94,149,0,144,89,0
07/13/2025 06:30,115,245,0,243,113,0
07/13/2025 06:45,127,208,0,118,37,0
07/13/2025 07:00,192,299,0,286,179,0
07/13/2025 07:15,263,247,0,245,261,0
07/13/2025 07:30,234,182,0,183,235,0
07/13/2025 07:45,294,176,0,169,287,0
07/13/2025 08:00,325,308,0,306,323,0
07/13/2025 08:15,480,384,0,377,473,0
07/13/2025 08:30,907,355,0,355,907,0
07/13/2025 08:45,632,401,0,401,632,0
07/13/2025 09:00,912,249,0,247,910,0
07/13/2025 09:15,869,181,0,178,866,0
07/13/2025 09:30,886,233,0,236,889,0
07/13/2025 09:45,780,358,0,356,778,0
07/13/2025 10:00,933,219,0,224,938,0
07/13/2025 10:15,849,136,0,141,854,0
07/13/2025 10:30,916,129,0,93,880,0
07/13/2025 10:45,1313,179,0,68,1202,0
07/13/2025 11:00,1205,169,0,137,1173,0
07/13/2025 11:15,983,140,0,127,970,0
07/13/2025 11:30,1833,415,0,322,1740,0
07/13/2025 11:45,1879,825,531,0,523,0
07/13/2025 12:00,1720,639,952,0,129,0
07/13/2025 12:15,1588,438,1148,0,2,0
07/13/2025 12:30,1797,377,1414,0,6,0
07/13/2025 12:45,1568,326,1212,0,30,0
07/13/2025 13:00,1239,440,779,0,20,0
07/13/2025 13:15,1431,439,992,0,0,0
07/13/2025 13:30,1049,534,493,0,22,0
07/13/2025 13:45,890,654,213,0,23,0
07/13/2025 14:00,1052,930,1012,0,0,890
07/13/2025 14:15,1303,702,1306,0,0,705
07/13/2025 14:30,1239,504,1233,0,0,498
07/13/2025 14:45,1461,662,1458,0,0,659
07/13/2025 15:00,1346,557,1340,0,0,551
07/13/2025 15:15,1318,551,1318,0,0,551
07/13/2025 15:30,1201,405,1197,0,0,401
07/13/2025 15:45,1092,314,1093,0,0,315
07/13/2025 16:00,1010,162,1008,0,0,160
07/13/2025 16:15,937,140,932,0,0,135
07/13/2025 16:30,830,110,826,0,0,106
07/13/2025 16:45,758,190,753,0,0,185
07/13/2025 17:00,657,156,650,0,0,149
07/13/2025 17:15,628,274,619,0,0,265
07/13/2025 17:30,529,450,525,0,0,446
07/13/2025 17:45,438,489,433,0,0,484
07/13/2025 18:00,363,244,367,0,0,248
07/13/2025 18:15,232,150,227,0,0,145
07/13/2025 18:30,154,392,147,0,0,385
07/13/2025 18:45,121,473,111,0,0,463
07/13/2025 19:00,95,719,5,0,0,629
07/13/2025 19:15,70,579,0,5,0,504
07/13/2025 19:30,50,669,0,4,0,615
07/13/2025 19:45,24,587,0,9,0,554
07/13/2025 20:00,3,516,0,6,0,507
07/13/2025 20:15,0,713,0,7,0,706
07/13/2025 20:30,0,689,2,0,0,691
07/13/2025 20:45,0,1817,0,1448,16,385
07/13/2025 21:00,0,1694,0,1708,14,0
07/13/2025 21:15,0,716,0,717,1,0
07/13/2025 21:30,0,703,0,704,1,0
07/13/2025 21:45,0,689,0,691,2,0
07/13/2025 22:00,0,489,0,491,2,0
07/13/2025 22:15,0,391,0,391,0,0
07/13/2025 22:30,0,212,0,214,2,0
07/13/2025 22:45,0,249,0,253,4,0
07/13/2025 23:00,0,469,0,470,1,0
07/13/2025 23:15,0,429,0,432,3,0
07/13/2025 23:30,0,395,0,395,0,0
07/13/2025 23:45,0,314,0,316,2,0
07/14/2025 00:00,0,242,0,242,0,0
07/14/2025 00:15,0,131,0,131,0,0
07/14/2025 00:30,0,416,0,416,0,0
07/14/2025 00:45,0,304,0,305,1,0
07/14/2025 01:00,0,107,0,108,1,0
07/14/2025 01:15,0,109,0,110,1,0
07/14/2025 01:30,0,200,0,201,1,0
07/14/2025 01:45,0,490,0,490,0,0
07/14/2025 02:00,0,314,0,314,0,0
07/14/2025 02:15,0,403,0,404,1,0
07/14/2025 02:30,0,137,0,138,1,0
07/14/2025 02:45,0,175,0,176,1,0
07/14/2025 03:00,0,186,0,187,1,0
07/14/2025 03:15,0,106,0,108,2,0
07/14/2025 03:30,0,107,0,109,2,0
07/14/2025 03:45,0,407,0,412,5,0
07/14/2025 04:00,0,343,0,346,3,0
07/14/2025 04:15,0,343,0,344,2,1
07/14/2025 04:30,0,400,0,402,2,0
07/14/2025 04:45,0,126,0,130,4,0
07/14/2025 05:00,0,120,0,124,4,0
07/14/2025 05:15,0,133,0,138,5,0
07/14/2025 05:30,0,126,0,128,2,0
07/14/2025 05:45,1,101,0,104,4,0
07/14/2025 06:00,33,101,0,91,23,0
07/14/2025 06:15,77,134,0,127,70,0
07/14/2025 06:30,168,252,0,252,168,0
07/14/2025 06:45,374,356,0,139,157,0
07/14/2025 07:00,603,346,0,332,589,0
07/14/2025 07:15,626,293,0,262,595,0
07/14/2025 07:30,705,171,0,139,673,0
07/14/2025 07:45,919,132,0,114,901,0
07/14/2025 08:00,656,163,0,114,607,0
07/14/2025 08:15,876,364,0,277,789,0
07/14/2025 08:30,672,425,0,422,669,0
07/14/2025 08:45,763,262,0,229,730,0
07/14/2025 09:00,753,215,0,183,721,0
07/14/2025 09:15,924,212,0,129,841,0
07/14/2025 09:30,1295,200,0,87,1182,0
07/14/2025 09:45,1055,225,0,187,1017,0
07/14/2025 10:00,848,356,0,344,836,0
07/14/2025 10:15,674,516,0,516,674,0
07/14/2025 10:30,946,375,0,335,906,0
07/14/2025 10:45,1023,123,0,90,990,0
07/14/2025 11:00,755,299,0,304,760,0
07/14/2025 11:15,1025,374,0,331,982,0
07/14/2025 11:30,780,485,0,360,655,0
07/14/2025 11:45,880,313,565,0,2,0
07/14/2025 12:00,931,405,500,0,26,0
07/14/2025 12:15,622,358,230,0,34,0
07/14/2025 12:30,882,367,501,0,14,0
07/14/2025 12:45,824,357,441,0,26,0
07/14/2025 13:00,669,152,511,0,6,0
07/14/2025 13:15,735,127,566,0,42,0
07/14/2025 13:30,1357,198,1149,0,10,0
07/14/2025 13:45,1232,449,759,0,24,0
07/14/2025 14:00,1733,427,1726,0,0,420
07/14/2025 14:15,1472,318,1469,0,0,315
07/14/2025 14:30,1294,332,1290,0,0,328
07/14/2025 14:45,1200,333,1196,0,0,329
07/14/2025 15:00,979,355,975,0,0,351
07/14/2025 15:15,824,401,818,0,0,395
07/14/2025 15:30,1081,379,1079,0,0,377
07/14/2025 15:45,567,332,562,0,0,327
07/14/2025 16:00,655,356,651,0,0,352
07/14/2025 16:15,820,418,813,0,0,411
07/14/2025 16:30,882,614,874,0,0,606
07/14/2025 16:45,351,530,350,0,0,529
07/14/2025 17:00,312,319,311,0,0,318
07/14/2025 17:15,345,325,338,0,0,318
07/14/2025 17:30,351,363,345,0,0,357
07/14/2025 17:45,241,418,239,0,0,416
07/14/2025 18:00,216,338,210,0,0,332
07/14/2025 18:15,235,203,232,0,0,200
07/14/2025 18:30,217,264,212,0,0,259
07/14/2025 18:45,132,442,117,0,0,427
07/14/2025 19:00,75,595,9,0,0,529
07/14/2025 19:15,54,331,0,5,0,272
07/14/2025 19:30,26,328,0,8,0,294
07/14/2025 19:45,14,495,0,9,0,472
07/14/2025 20:00,1,412,0,9,0,402
07/14/2025 20:15,0,494,2,0,0,496
07/14/2025 20:30,0,381,0,6,0,375
07/14/2025 20:45,0,360,0,6,0,354
07/14/2025 21:00,0,546,0,4,0,542
07/14/2025 21:15,0,395,0,11,0,384
07/14/2025 21:30,0,792,0,247,8,553
07/14/2025 21:45,0,623,0,641,18,0
07/14/2025 22:00,0,413,0,417,4,0
07/14/2025 22:15,0,381,0,381,0,0
07/14/2025 22:30,0,341,0,341,0,0
07/14/2025 22:45,0,524,0,524,0,0
07/14/2025 23:00,0,371,0,371,0,0
07/14/2025 23:15,0,305,0,305,0,0
07/14/2025 23:30,0,297,0,299,2,0
07/14/2025 23:45,0,402,0,402,0,0
07/15/2025 00:00,0,316,0,316,0,0
07/15/2025 00:15,0,315,0,317,2,0
07/15/2025 00:30,0,120,0,122,2,0
07/15/2025 00:45,0,108,0,110,2,0
07/15/2025 01:00,0,413,0,414,1,0
07/15/2025 01:15,0,479,0,480,1,0
07/15/2025 01:30,0,267,0,268,1,0
07/15/2025 01:45,0,288,0,288,0,0
07/15/2025 02:00,0,180,0,180,1,1
07/15/2025 02:15,0,127,0,127,0,0
07/15/2025 02:30,0,310,0,310,0,0
07/15/2025 02:45,0,258,0,259,1,0
07/15/2025 03:00,0,103,0,106,3,0
07/15/2025 03:15,0,150,0,150,0,0
07/15/2025 03:30,0,474,0,474,0,0
07/15/2025 03:45,0,381,0,381,0,0
07/15/2025 04:00,0,354,0,354,0,0
07/15/2025 04:15,0,455,0,456,1,0
07/15/2025 04:30,0,248,0,250,2,0
07/15/2025 04:45,0,136,0,137,1,0
07/15/2025 05:00,0,115,0,116,1,0
07/15/2025 05:15,0,100,0,104,4,0
07/15/2025 05:30,0,125,0,127,2,0
07/15/2025 05:45,0,320,0,322,2,0
07/15/2025 06:00,0,417,0,418,1,0
07/15/2025 06:15,41,499,0,493,35,0
07/15/2025 06:30,110,289,0,286,107,0
07/15/2025 06:45,152,150,0,126,128,0
07/15/2025 07:00,219,378,0,360,201,0
07/15/2025 07:15,376,247,0,240,369,0
07/15/2025 07:30,736,112,0,110,734,0
07/15/2025 07:45,996,114,0,91,973,0
07/15/2025 08:00,1253,126,0,125,1252,0
07/15/2025 08:15,768,274,0,274,768,0
07/15/2025 08:30,726,391,0,395,730,0
07/15/2025 08:45,1087,504,0,500,1083,0
07/15/2025 09:00,1211,502,0,437,1146,0
07/15/2025 09:15,1265,361,0,338,1242,0
07/15/2025 09:30,1311,187,0,188,1312,0
07/15/2025 09:45,1343,391,0,372,1324,0
07/15/2025 10:00,1405,409,0,403,1399,0
07/15/2025 10:15,1479,271,0,263,1471,0
07/15/2025 10:30,1402,182,343,0,877,0
07/15/2025 10:45,1694,166,1448,0,80,0
07/15/2025 11:00,1587,195,1327,0,65,0
07/15/2025 11:15,1337,141,1196,0,0,0
07/15/2025 11:30,1751,508,1207,0,36,0
07/15/2025 11:45,1778,439,1273,0,66,0
07/15/2025 12:00,1778,343,1432,0,3,0
07/15/2025 12:15,1285,409,850,0,26,0
07/15/2025 12:30,1111,352,745,0,14,0
07/15/2025 12:45,951,410,529,0,12,0
07/15/2025 13:00,991,458,526,0,7,0
07/15/2025 13:15,702,350,331,0,21,0
07/15/2025 13:30,1327,395,920,0,12,0
07/15/2025 13:45,1305,385,915,0,5,0
07/15/2025 14:00,1701,353,1699,0,0,351
07/15/2025 14:15,1635,198,1635,0,0,198
07/15/2025 14:30,1457,268,1446,0,0,257
07/15/2025 14:45,1506,506,1503,0,0,503
07/15/2025 15:00,1439,415,1440,0,0,416
07/15/2025 15:15,984,340,979,0,0,335
07/15/2025 15:30,1081,433,1075,0,0,427
07/15/2025 15:45,747,380,743,0,0,376
07/15/2025 16:00,952,304,949,0,0,301
07/15/2025 16:15,692,404,686,0,0,398
07/15/2025 16:30,756,367,750,0,0,361
07/15/2025 16:45,514,568,511,0,0,565
07/15/2025 17:00,698,312,694,0,0,308
07/15/2025 17:15,583,409,579,0,0,405
07/15/2025 17:30,182,674,165,0,0,657
07/15/2025 17:45,282,828,287,0,0,833
07/15/2025 18:00,391,345,389,0,0,343
07/15/2025 18:15,307,352,298,0,0,343
07/15/2025 18:30,176,441,174,0,0,439
07/15/2025 18:45,115,547,107,0,0,539
07/15/2025 19:00,85,468,13,0,0,396
07/15/2025 19:15,61,375,0,10,0,304
07/15/2025 19:30,39,608,0,8,0,561
07/15/2025 19:45,20,401,0,6,0,375
07/15/2025 20:00,5,1249,0,15,0,1229
07/15/2025 20:15,0,1526,0,361,7,1172
07/15/2025 20:30,0,513,0,531,19,1
07/15/2025 20:45,0,334,0,341,7,0
07/15/2025 21:00,0,525,0,526,1,0
07/15/2025 21:15,0,491,0,492,1,0
07/15/2025 21:30,0,648,0,649,1,0
07/15/2025 21:45,0,753,0,754,1,0
07/15/2025 22:00,0,655,0,656,1,0
07/15/2025 22:15,0,882,0,883,1,0
07/15/2025 22:30,0,561,0,564,3,0
07/15/2025 22:45,0,631,0,631,0,0
07/15/2025 23:00,0,392,0,394,2,0
07/15/2025 23:15,0,288,0,289,1,0
07/15/2025 23:30,0,307,0,307,0,0
07/15/2025 23:45,0,465,0,465,0,0
07/16/2025 00:00,0,333,0,333,0,0
07/16/2025 00:15,0,308,0,310,2,0
07/16/2025 00:30,0,327,0,327,0,0
07/16/2025 00:45,0,413,0,413,0,0
07/16/2025 01:00,0,360,0,360,0,0
07/16/2025 01:15,0,365,0,365,0,0
07/16/2025 01:30,0,272,0,272,0,0
07/16/2025 01:45,0,300,0,300,0,0
07/16/2025 02:00,0,399,0,400,1,0
07/16/2025 02:15,0,255,0,255,0,0
07/16/2025 02:30,0,312,0,312,0,0
07/16/2025 02:45,0,278,0,279,1,0
07/16/2025 03:00,0,208,0,208,0,0
07/16/2025 03:15,0,374,0,374,0,0
07/16/2025 03:30,0,265,0,265,0,0
07/16/2025 03:45,0,332,0,333,1,0
07/16/2025 04:00,0,229,0,230,1,0
07/16/2025 04:15,0,136,0,137,1,0
07/16/2025 04:30,0,303,0,303,0,0
07/16/2025 04:45,0,306,0,307,1,0
07/16/2025 05:00,0,143,0,145,2,0
07/16/2025 05:15,0,167,0,167,0,0
07/16/2025 05:30,9,214,0,208,3,0
07/16/2025 05:45,44,336,0,328,36,0
07/16/2025 06:00,159,434,0,427,152,0
07/16/2025 06:15,255,109,0,72,218,0
07/16/2025 06:30,335,100,65,0,234,64
07/16/2025 06:45,417,194,189,0,228,194
07/16/2025 07:00,522,330,0,303,507,12
07/16/2025 07:15,662,304,0,297,655,0
07/16/2025 07:30,773,293,0,286,766,0
07/16/2025 07:45,854,220,0,215,849,0
07/16/2025 08:00,928,121,0,118,925,0
07/16/2025 08:15,1003,97,0,93,999,0
07/16/2025 08:30,1063,97,0,91,1057,0
07/16/2025 08:45,1125,267,0,264,1122,0
07/16/2025 09:00,1179,371,0,371,1179,0
07/16/2025 09:15,1208,538,0,516,1186,0
07/16/2025 09:30,1276,530,0,526,1272,0
07/16/2025 09:45,1324,348,0,337,1313,0
07/16/2025 10:00,1385,369,0,361,1377,0
07/16/2025 10:15,1446,181,0,174,1439,0
07/16/2025 10:30,1487,171,1099,0,217,0
07/16/2025 10:45,1522,244,1233,0,45,0
07/16/2025 11:00,1573,428,1097,0,48,0
07/16/2025 11:15,1635,631,978,0,26,0
07/16/2025 11:30,1672,475,1157,0,40,0
07/16/2025 11:45,1687,452,1225,0,10,0
07/16/2025 12:00,1538,362,1176,0,0,0
07/16/2025 12:15,1794,341,1429,0,24,0
07/16/2025 12:30,1482,345,1100,0,38,1
07/16/2025 12:45,1248,365,883,0,0,0
07/16/2025 13:00,1783,374,1356,0,53,0
07/16/2025 13:15,1330,475,843,0,12,0
07/16/2025 13:30,1055,305,741,0,9,0
07/16/2025 13:45,1438,334,1095,0,9,0
07/16/2025 14:00,1072,510,1066,0,0,504
07/16/2025 14:15,1287,349,1281,0,0,343
07/16/2025 14:30,1403,317,1398,0,0,312
07/16/2025 14:45,1571,336,1567,0,0,332
07/16/2025 15:00,1434,435,1428,0,0,429
07/16/2025 15:15,921,670,915,0,0,664
07/16/2025 15:30,758,510,757,0,0,509
07/16/2025 15:45,873,532,869,0,0,528
07/16/2025 16:00,893,454,889,0,0,450
07/16/2025 16:15,568,317,565,0,0,314
07/16/2025 16:30,929,307,925,0,0,303
07/16/2025 16:45,870,408,865,0,0,403
07/16/2025 17:00,731,286,726,0,0,281
07/16/2025 17:15,342,353,335,0,0,346
07/16/2025 17:30,371,571,367,0,0,567
07/16/2025 17:45,199,442,188,0,0,431
07/16/2025 18:00,377,614,378,0,0,615
07/16/2025 18:15,242,441,240,0,0,439
07/16/2025 18:30,136,432,128,0,0,424
07/16/2025 18:45,99,436,93,0,0,430
07/16/2025 19:00,74,658,3,0,0,587
07/16/2025 19:15,46,682,0,5,0,631
07/16/2025 19:30,21,439,0,4,0,414
07/16/2025 19:45,11,1045,0,9,0,1025
07/16/2025 20:00,2,994,0,2,0,990
07/16/2025 20:15,0,413,0,412,22,23
07/16/2025 20:30,0,414,0,425,11,0
07/16/2025 20:45,0,397,0,402,5,0
07/16/2025 21:00,0,396,0,396,0,0
07/16/2025 21:15,0,493,0,493,0,0
07/16/2025 21:30,0,824,0,825,1,0
07/16/2025 21:45,0,649,0,649,0,0
07/16/2025 22:00,0,757,0,757,0,0
07/16/2025 22:15,0,540,0,540,0,0
07/16/2025 22:30,0,526,0,529,4,1
07/16/2025 22:45,0,541,0,543,2,0
07/16/2025 23:00,0,648,0,648,0,0
07/16/2025 23:15,0,434,0,436,2,0
07/16/2025 23:30,0,341,0,343,2,0
07/16/2025 23:45,0,355,0,355,0,0
07/17/2025 00:00,0,434,0,434,0,0
07/17/2025 00:15,0,287,0,287,0,0
07/17/2025 00:30,0,288,0,288,0,0
07/17/2025 00:45,0,312,0,312,0,0
07/17/2025 01:00,0,325,0,325,0,0
07/17/2025 01:15,0,335,0,335,0,0
07/17/2025 01:30,0,522,0,525,3,0
07/17/2025 01:45,0,222,0,224,2,0
07/17/2025 02:00,0,174,0,175,1,0
07/17/2025 02:15,0,328,0,331,3,0
07/17/2025 02:30,0,352,0,353,1,0
07/17/2025 02:45,0,368,0,368,0,0
07/17/2025 03:00,0,250,0,252,2,0
07/17/2025 03:15,0,232,0,232,0,0
07/17/2025 03:30,0,149,0,149,0,0
07/17/2025 03:45,0,115,0,115,0,0
07/17/2025 04:00,0,352,0,353,1,0
07/17/2025 04:15,0,355,0,356,1,0
07/17/2025 04:30,0,325,0,325,0,0
07/17/2025 04:45,0,139,0,141,2,0
07/17/2025 05:00,0,176,0,179,3,0
07/17/2025 05:15,0,393,0,395,2,0
07/17/2025 05:30,29,332,0,324,21,0
07/17/2025 05:45,67,269,0,264,62,0
07/17/2025 06:00,86,349,0,344,81,0
07/17/2025 06:15,147,300,0,296,143,0
07/17/2025 06:30,143,247,0,161,57,0
07/17/2025 06:45,179,327,0,166,18,0
07/17/2025 07:00,178,330,0,318,166,0
07/17/2025 07:15,361,328,0,304,337,0
07/17/2025 07:30,216,314,0,307,209,0
07/17/2025 07:45,758,259,0,178,677,0
07/17/2025 08:00,481,139,0,95,437,0
07/17/2025 08:15,689,299,0,262,652,0
07/17/2025 08:30,433,278,0,256,411,0
07/17/2025 08:45,782,618,0,490,654,0
07/17/2025 09:00,884,536,0,451,799,0
07/17/2025 09:15,765,455,0,380,690,0
07/17/2025 09:30,1414,408,0,294,1300,0
07/17/2025 09:45,1287,406,0,162,1043,0
07/17/2025 10:00,1003,394,0,265,874,0
07/17/2025 10:15,1498,197,0,81,1382,0
07/17/2025 10:30,1446,167,0,38,1317,0
07/17/2025 10:45,1041,165,0,44,920,0
07/17/2025 11:00,1212,205,0,92,1099,0
07/17/2025 11:15,1393,535,0,383,1241,0
07/17/2025 11:30,1260,511,0,90,839,0
07/17/2025 11:45,1116,432,543,0,141,0
07/17/2025 12:00,1419,395,971,0,53,0
07/17/2025 12:15,911,386,521,0,4,0
07/17/2025 12:30,1516,333,1181,0,2,0
07/17/2025 12:45,1752,328,1354,0,70,0
07/17/2025 13:00,994,434,559,0,1,0
07/17/2025 13:15,1392,556,836,0,0,0
07/17/2025 13:30,1339,412,860,0,67,0
07/17/2025 13:45,1892,362,1520,0,10,0
07/17/2025 14:00,1305,309,1306,0,0,310
07/17/2025 14:15,1248,310,1245,0,0,307
07/17/2025 14:30,654,422,647,0,0,415
07/17/2025 14:45,898,392,896,0,0,390
07/17/2025 15:00,950,258,948,0,0,256
07/17/2025 15:15,913,419,902,0,0,408
07/17/2025 15:30,977,423,974,0,0,420
07/17/2025 15:45,976,332,970,0,0,326
07/17/2025 16:00,981,476,977,0,0,472
07/17/2025 16:15,635,401,632,0,0,398
07/17/2025 16:30,839,303,836,0,0,300
07/17/2025 16:45,771,319,766,0,0,314
07/17/2025 17:00,640,453,635,0,0,448
07/17/2025 17:15,599,378,591,0,0,370
07/17/2025 17:30,531,472,527,0,0,468
07/17/2025 17:45,425,457,422,0,0,454
07/17/2025 18:00,335,340,328,0,0,333
07/17/2025 18:15,205,362,201,0,0,358
07/17/2025 18:30,128,647,122,0,0,641
07/17/2025 18:45,98,568,95,0,0,565
07/17/2025 19:00,78,556,3,0,0,481
07/17/2025 19:15,59,451,0,3,3,392
07/17/2025 19:30,29,386,0,5,0,352
07/17/2025 19:45,15,329,0,7,0,307
07/17/2025 20:00,2,325,0,5,0,318
07/17/2025 20:15,0,405,0,6,0,399
07/17/2025 20:30,0,538,0,7,0,531
07/17/2025 20:45,0,461,0,6,0,455
07/17/2025 21:00,0,508,0,7,0,501
07/17/2025 21:15,0,469,0,72,6,403
07/17/2025 21:30,0,722,0,740,19,1
07/17/2025 21:45,0,620,0,626,6,0
07/17/2025 22:00,0,758,0,758,0,0
07/17/2025 22:15,0,555,0,558,3,0
07/17/2025 22:30,0,611,0,611,0,0
07/17/2025 22:45,0,509,0,509,0,0
07/17/2025 23:00,0,351,0,351,0,0
07/17/2025 23:15,0,333,0,335,2,0
07/17/2025 23:30,0,431,0,431,0,0
07/17/2025 23:45,0,395,0,397,2,0
07/18/2025 00:00,0,330,0,330,0,0
07/18/2025 00:15,0,278,0,278,0,0
07/18/2025 00:30,0,293,0,294,1,0
07/18/2025 00:45,0,283,0,283,0,0
07/18/2025 01:00,0,293,0,293,0,0
07/18/2025 01:15,0,407,0,407,0,0
07/18/2025 01:30,0,365,0,366,1,0
07/18/2025 01:45,0,313,0,313,0,0
07/18/2025 02:00,0,180,0,180,0,0
07/18/2025 02:15,0,206,0,206,0,0
07/18/2025 02:30,0,261,0,261,0,0
07/18/2025 02:45,0,389,0,390,1,0
07/18/2025 03:00,0,341,0,342,1,0
07/18/2025 03:15,0,220,0,222,2,0
07/18/2025 03:30,0,127,0,127,0,0
07/18/2025 03:45,0,135,0,135,0,0
07/18/2025 04:00,0,237,0,239,2,0
07/18/2025 04:15,0,341,0,341,0,0
07/18/2025 04:30,0,311,0,313,2,0
07/18/2025 04:45,0,167,0,169,2,0
07/18/2025 05:00,0,359,0,361,2,0
07/18/2025 05:15,0,264,0,265,1,0
07/18/2025 05:30,5,101,0,97,1,0
07/18/2025 05:45,31,99,0,88,20,0
07/18/2025 06:00,148,222,0,217,143,0
07/18/2025 06:15,349,333,0,118,134,0
07/18/2025 06:30,421,262,0,8,167,0
07/18/2025 06:45,523,182,17,0,345,21
07/18/2025 07:00,622,420,0,392,594,0
07/18/2025 07:15,806,330,0,321,797,0
07/18/2025 07:30,890,272,0,270,888,0
07/18/2025 07:45,973,209,0,206,970,0
07/18/2025 08:00,1073,152,0,136,1057,0
07/18/2025 08:15,954,294,0,201,861,0
07/18/2025 08:30,934,297,0,217,854,0
07/18/2025 08:45,596,509,0,445,532,0
07/18/2025 09:00,922,404,0,189,707,0
07/18/2025 09:15,1503,389,0,372,1486,0
07/18/2025 09:30,1193,236,0,197,1154,0
07/18/2025 09:45,1440,191,0,89,1338,0
07/18/2025 10:00,1294,195,4,0,1095,0
07/18/2025 10:15,1331,218,0,13,1126,0
07/18/2025 10:30,969,203,0,21,787,0
07/18/2025 10:45,1275,257,722,0,296,0
07/18/2025 11:00,1624,372,1217,0,35,0
07/18/2025 11:15,1603,387,1156,0,60,0
07/18/2025 11:30,1829,330,1499,0,0,0
07/18/2025 11:45,1704,331,1311,0,62,0
07/18/2025 12:00,1550,138,1358,0,54,0
07/18/2025 12:15,1873,129,1744,0,0,0
07/18/2025 12:30,1674,129,1545,0,0,0
07/18/2025 12:45,1839,102,1717,0,20,0
07/18/2025 13:00,1841,1908,0,87,20,0
07/18/2025 13:15,1714,2214,0,500,0,0
07/18/2025 13:30,1845,2017,0,192,20,0
07/18/2025 13:45,1819,1966,0,167,20,0
07/18/2025 14:00,1706,416,1656,0,0,366
07/18/2025 14:15,1170,370,1166,0,0,366
07/18/2025 14:30,1701,426,1694,0,0,419
07/18/2025 14:45,1728,240,1730,0,0,242
07/18/2025 15:00,1514,268,1508,0,0,262
07/18/2025 15:15,1374,412,1370,0,0,408
07/18/2025 15:30,1204,391,1203,0,0,390
07/18/2025 15:45,1045,290,1038,0,0,283
07/18/2025 16:00,980,377,977,0,0,374
07/18/2025 16:15,1088,368,1083,0,0,363
07/18/2025 16:30,900,364,895,0,0,359
07/18/2025 16:45,822,349,817,0,0,344
07/18/2025 17:00,684,153,681,0,0,150
07/18/2025 17:15,566,156,559,0,0,149
07/18/2025 17:30,534,352,525,0,0,343
07/18/2025 17:45,519,521,514,0,0,516
07/18/2025 18:00,526,423,524,0,0,421
07/18/2025 18:15,203,340,199,0,0,336
07/18/2025 18:30,152,433,146,0,0,427
07/18/2025 18:45,75,525,69,0,0,519
07/18/2025 19:00,59,1002,0,4,0,939
07/18/2025 19:15,45,1032,0,7,0,980
07/18/2025 19:30,34,915,0,6,0,875
07/18/2025 19:45,19,901,0,9,0,873
07/18/2025 20:00,5,810,0,2,0,803
07/18/2025 20:15,0,741,0,7,0,734
07/18/2025 20:30,0,778,0,630,18,166
07/18/2025 20:45,0,1006,0,1016,10,0
07/18/2025 21:00,0,822,0,822,0,0
07/18/2025 21:15,0,801,0,801,0,0
07/18/2025 21:30,0,1255,0,1255,0,0
07/18/2025 21:45,0,1244,0,1244,0,0
07/18/2025 22:00,0,1390,0,1390,0,0
07/18/2025 22:15,0,1037,0,1041,4,0
07/18/2025 22:30,0,1030,0,1032,2,0
07/18/2025 22:45,0,1005,0,1006,1,0
07/18/2025 23:00,0,876,0,876,0,0
07/18/2025 23:15,0,902,0,902,0,0
07/18/2025 23:30,0,936,0,936,0,0
07/18/2025 23:45,0,955,0,955,0,0
07/19/2025 00:00,0,810,0,810,0,0
07/19/2025 00:15,0,874,0,874,0,0
07/19/2025 00:30,0,706,0,706,0,0
07/19/2025 00:45,0,688,0,688,0,0
07/19/2025 01:00,0,704,0,705,1,0
07/19/2025 01:15,0,791,0,792,1,0
07/19/2025 01:30,0,788,0,789,1,0
07/19/2025 01:45,0,856,0,857,1,0
07/19/2025 02:00,0,717,0,717,0,0
07/19/2025 02:15,0,675,0,675,0,0
07/19/2025 02:30,0,674,0,674,0,0
07/19/2025 02:45,0,696,0,697,1,0
07/19/2025 03:00,0,694,0,695,1,0
07/19/2025 03:15,0,669,0,671,2,0
07/19/2025 03:30,0,765,0,768,3,0
07/19/2025 03:45,0,793,0,795,2,0
07/19/2025 04:00,0,680,0,682,2,0
07/19/2025 04:15,0,767,0,771,4,0
07/19/2025 04:30,0,793,0,796,3,0
07/19/2025 04:45,0,727,0,729,2,0
07/19/2025 05:00,0,756,0,758,2,0
07/19/2025 05:15,0,666,0,667,1,0
07/19/2025 05:30,4,690,0,687,1,0
07/19/2025 05:45,26,698,0,689,17,0
07/19/2025 06:00,201,668,0,656,189,0
07/19/2025 06:15,347,724,0,512,135,0
07/19/2025 06:30,434,710,0,294,18,0
07/19/2025 06:45,508,704,0,216,20,0
07/19/2025 07:00,610,754,0,710,566,0
07/19/2025 07:15,756,703,0,695,748,0
07/19/2025 07:30,857,762,0,752,847,0
07/19/2025 07:45,927,627,0,623,923,0
07/19/2025 08:00,1005,224,0,217,998,0
07/19/2025 08:15,1081,309,0,304,1076,0
07/19/2025 08:30,1144,223,0,218,1139,0
07/19/2025 08:45,1202,402,0,401,1201,0
07/19/2025 09:00,1262,409,0,406,1259,0
07/19/2025 09:15,1309,176,0,171,1304,0
07/19/2025 09:30,1353,123,0,124,1354,0
07/19/2025 09:45,1411,1047,0,1041,1405,0
07/19/2025 10:00,1462,1291,0,1292,1463,0
07/19/2025 10:15,1525,259,653,0,613,0
07/19/2025 10:30,1576,201,1321,0,54,0
07/19/2025 10:45,1615,262,1247,0,106,0
07/19/2025 11:00,1666,355,1275,0,36,0
07/19/2025 11:15,1691,438,1253,0,0,0
07/19/2025 11:30,1741,318,1385,0,38,0
07/19/2025 11:45,1768,84,1626,0,58,0
07/19/2025 12:00,1774,96,1668,0,10,0
07/19/2025 12:15,1792,116,1666,0,10,0
07/19/2025 12:30,1793,72,1702,0,19,0
07/19/2025 12:45,1797,216,1566,0,15,0
07/19/2025 13:00,1773,454,1315,0,4,0
07/19/2025 13:15,1671,647,983,0,41,0
07/19/2025 13:30,1726,708,1005,0,13,0
07/19/2025 13:45,1535,536,986,0,13,0
07/19/2025 14:00,1661,456,1652,0,0,447
07/19/2025 14:15,1641,486,1632,0,0,477
07/19/2025 14:30,1574,649,1574,0,0,649
07/19/2025 14:45,1462,528,1458,0,0,524
07/19/2025 15:00,1321,576,1318,0,0,573
07/19/2025 15:15,1262,490,1258,0,0,486
07/19/2025 15:30,1166,388,1163,0,0,385
07/19/2025 15:45,902,351,897,0,0,346
07/19/2025 16:00,818,145,817,0,0,144
07/19/2025 16:15,1012,170,1010,0,0,168
07/19/2025 16:30,880,145,878,0,0,143
07/19/2025 16:45,763,137,758,0,0,132
07/19/2025 17:00,686,260,682,0,0,256
07/19/2025 17:15,609,158,607,0,0,156
07/19/2025 17:30,522,368,514,0,0,360
07/19/2025 17:45,433,438,426,0,0,431
07/19/2025 18:00,341,463,336,0,0,458
07/19/2025 18:15,215,370,215,0,0,370
07/19/2025 18:30,148,353,141,0,1,347
07/19/2025 18:45,113,339,110,0,0,336
07/19/2025 19:00,78,415,3,0,0,340
07/19/2025 19:15,59,446,0,6,0,381
07/19/2025 19:30,45,315,0,5,0,265
07/19/2025 19:45,27,281,0,8,0,246
07/19/2025 20:00,7,457,0,12,0,438
07/19/2025 20:15,0,765,0,5,0,760
07/19/2025 20:30,0,562,0,5,0,557
07/19/2025 20:45,0,655,0,9,0,646
07/19/2025 21:00,0,628,0,2,0,626
07/19/2025 21:15,0,839,0,46,0,793
07/19/2025 21:30,0,559,0,581,22,0
07/19/2025 21:45,0,723,0,733,10,0
07/19/2025 22:00,0,651,0,651,0,0
07/19/2025 22:15,0,532,0,534,2,0
07/19/2025 22:30,0,553,0,556,3,0
07/19/2025 22:45,0,390,0,395,5,0
07/19/2025 23:00,0,399,0,399,0,0
07/19/2025 23:15,0,351,0,351,0,0
07/19/2025 23:30,0,334,0,336,2,0
07/19/2025 23:45,0,403,0,403,0,0
07/20/2025 00:00,0,352,0,353,1,0
07/20/2025 00:15,0,299,0,300,1,0
07/20/2025 00:30,0,126,0,130,4,0
07/20/2025 00:45,0,104,0,107,4,1
07/20/2025 01:00,0,285,0,287,2,0
07/20/2025 01:15,0,327,0,327,0,0
07/20/2025 01:30,0,228,0,229,1,0
07/20/2025 01:45,0,184,0,185,1,0
07/20/2025 02:00,0,329,0,331,2,0
07/20/2025 02:15,0,310,0,314,4,0
07/20/2025 02:30,0,252,0,256,4,0
07/20/2025 02:45,0,336,0,338,2,0
07/20/2025 03:00,0,207,0,210,3,0
07/20/2025 03:15,0,109,0,111,2,0
07/20/2025 03:30,0,101,0,104,3,0
07/20/2025 03:45,0,117,0,117,0,0
07/20/2025 04:00,0,273,0,273,0,0
07/20/2025 04:15,0,292,0,295,3,0
07/20/2025 04:30,0,102,0,107,5,0
07/20/2025 04:45,0,299,0,301,2,0
07/20/2025 05:00,0,265,0,269,4,0
07/20/2025 05:15,0,106,0,109,3,0
07/20/2025 05:30,0,100,0,103,3,0
07/20/2025 05:45,0,237,0,241,4,0
07/20/2025 06:00,14,249,0,246,11,0
07/20/2025 06:15,25,109,0,107,23,0
07/20/2025 06:30,16,145,0,141,12,0
07/20/2025 06:45,53,382,0,378,49,0
07/20/2025 07:00,138,315,0,312,135,0
07/20/2025 07:15,160,123,0,118,155,0
07/20/2025 07:30,253,231,0,222,244,0
07/20/2025 07:45,266,373,0,375,268,0
07/20/2025 08:00,283,364,0,362,281,0
07/20/2025 08:15,416,250,0,247,413,0
07/20/2025 08:30,320,260,0,260,320,0
07/20/2025 08:45,432,427,0,422,427,0
07/20/2025 09:00,604,225,0,206,585,0
07/20/2025 09:15,773,116,0,69,726,0
07/20/2025 09:30,434,348,0,348,434,0
07/20/2025 09:45,454,447,0,450,457,0
07/20/2025 10:00,305,344,0,347,308,0
07/20/2025 10:15,395,262,0,257,390,0
07/20/2025 10:30,499,109,0,111,501,0
07/20/2025 10:45,370,127,0,131,374,0
07/20/2025 11:00,588,104,0,96,580,0
07/20/2025 11:15,732,115,0,115,732,0
07/20/2025 11:30,741,128,0,126,739,0
07/20/2025 11:45,1217,199,0,133,1151,0
07/20/2025 12:00,1391,411,0,244,1224,0
07/20/2025 12:15,1451,557,0,142,1036,0
07/20/2025 12:30,1160,378,0,182,964,0
07/20/2025 12:45,1510,464,0,202,1248,0
07/20/2025 13:00,962,634,0,422,750,0
07/20/2025 13:15,1820,416,434,0,970,0
07/20/2025 13:30,1588,469,953,0,166,0
07/20/2025 13:45,1339,506,736,0,97,0
07/20/2025 14:00,1433,562,1413,0,0,542
07/20/2025 14:15,961,613,958,0,0,610
07/20/2025 14:30,1358,455,1353,0,0,450
07/20/2025 14:45,1410,363,1408,0,0,361
07/20/2025 15:00,1106,364,1100,0,0,358
07/20/2025 15:15,960,399,957,0,0,396
07/20/2025 15:30,771,392,765,0,0,386
07/20/2025 15:45,872,281,867,0,0,276
07/20/2025 16:00,693,456,684,0,0,447
07/20/2025 16:15,830,502,827,0,0,499
07/20/2025 16:30,911,409,908,0,0,406
07/20/2025 16:45,728,329,723,0,0,324
07/20/2025 17:00,319,451,311,0,0,443
07/20/2025 17:15,314,482,309,0,0,477
07/20/2025 17:30,382,434,376,0,0,428
07/20/2025 17:45,216,487,211,0,0,482
07/20/2025 18:00,172,436,167,0,0,431
07/20/2025 18:15,153,226,152,0,0,225
07/20/2025 18:30,74,402,68,0,0,396
07/20/2025 18:45,32,362,27,0,0,357
07/20/2025 19:00,12,412,0,5,0,395
07/20/2025 19:15,23,576,0,7,0,546
07/20/2025 19:30,150,616,0,1228,1127,365
07/20/2025 19:45,46,229,0,3827,3644,0
07/20/2025 20:00,9,862,0,4463,3610,0
07/20/2025 20:15,0,1883,0,4935,3052,0
07/20/2025 20:30,0,1580,0,886,86,780
07/20/2025 20:45,0,573,2,0,0,575
07/20/2025 21:00,0,477,0,6,0,471
07/20/2025 21:15,0,472,0,5,0,467
07/20/2025 21:30,0,584,0,7,0,577
07/20/2025 21:45,0,760,0,4,0,756
07/20/2025 22:00,0,509,0,5,0,504
07/20/2025 22:15,0,476,0,6,0,470
07/20/2025 22:30,0,395,0,8,0,387
07/20/2025 22:45,0,407,0,7,0,400
07/20/2025 23:00,0,339,0,4,0,335
07/20/2025 23:15,0,385,0,7,0,378
07/20/2025 23:30,0,354,0,5,0,349
07/20/2025 23:45,0,274,0,6,0,268
07/21/2025 00:00,0,285,0,6,0,279
07/21/2025 00:15,0,198,0,8,0,190
07/21/2025 00:30,0,325,0,6,0,319
07/21/2025 00:45,0,281,0,6,0,275
07/21/2025 01:00,0,181,0,7,0,174
07/21/2025 01:15,0,171,0,4,0,167
07/21/2025 01:30,0,235,0,9,0,226
07/21/2025 01:45,0,269,0,4,0,265
07/21/2025 02:00,0,155,0,6,0,149
07/21/2025 02:15,0,176,0,6,0,170
07/21/2025 02:30,0,117,0,6,0,111
07/21/2025 02:45,0,221,0,9,0,212
07/21/2025 03:00,0,230,0,4,0,226
07/21/2025 03:15,0,99,0,6,0,93
07/21/2025 03:30,0,100,0,6,0,94
07/21/2025 03:45,0,122,0,10,0,112
07/21/2025 04:00,0,168,0,8,0,160
07/21/2025 04:15,0,319,0,9,0,310
07/21/2025 04:30,0,297,0,5,0,292
07/21/2025 04:45,0,146,0,6,0,140
07/21/2025 05:00,0,123,0,6,0,117
07/21/2025 05:15,0,114,0,10,0,104
07/21/2025 05:30,2,113,0,7,0,104
07/21/2025 05:45,30,97,0,6,0,61
07/21/2025 06:00,130,193,0,9,2,56
07/21/2025 06:15,243,230,0,5,48,30
07/21/2025 06:30,322,122,0,5,205,0
07/21/2025 06:45,405,108,0,8,305,0
07/21/2025 07:00,498,388,0,366,476,0
07/21/2025 07:15,617,184,0,174,607,0
07/21/2025 07:30,721,125,0,116,712,0
07/21/2025 07:45,813,103,0,101,811,0
07/21/2025 08:00,907,105,0,100,902,0
07/21/2025 08:15,993,272,0,268,989,0
07/21/2025 08:30,1062,395,0,392,1059,0
07/21/2025 08:45,1142,389,0,385,1138,0
07/21/2025 09:00,1200,400,0,339,1139,0
07/21/2025 09:15,798,234,0,206,770,0
07/21/2025 09:30,775,222,0,205,758,0
07/21/2025 09:45,942,798,0,679,823,0
07/21/2025 10:00,1462,1411,0,1381,1432,0
07/21/2025 10:15,1430,368,0,218,1280,0
07/21/2025 10:30,1401,208,730,0,463,0
07/21/2025 10:45,1407,157,1057,0,193,0
07/21/2025 11:00,1677,127,1469,0,81,0
07/21/2025 11:15,1701,160,1489,0,52,0
07/21/2025 11:30,1685,283,1339,0,63,0
07/21/2025 11:45,1362,346,1012,0,4,0
07/21/2025 12:00,1581,206,1353,0,22,0
07/21/2025 12:15,1101,262,801,0,38,0
07/21/2025 12:30,1280,135,1121,0,24,0
07/21/2025 12:45,1663,115,1528,0,20,0
07/21/2025 13:00,1928,139,1778,0,11,0
07/21/2025 13:15,1843,535,1292,0,16,0
07/21/2025 13:30,1705,477,1197,0,31,0
07/21/2025 13:45,1834,315,1506,0,13,0
07/21/2025 14:00,1660,316,1649,0,8,313
07/21/2025 14:15,1692,190,1690,0,0,188
07/21/2025 14:30,1643,125,1641,0,0,123
07/21/2025 14:45,1556,113,1552,0,0,109
07/21/2025 15:00,1499,131,1496,0,0,128
07/21/2025 15:15,1384,141,1380,0,0,137
07/21/2025 15:30,1263,113,1260,0,0,110
07/21/2025 15:45,1153,141,1149,0,0,137
07/21/2025 16:00,1076,173,1071,0,0,168
07/21/2025 16:15,1012,562,1003,0,0,553
07/21/2025 16:30,910,369,907,0,0,366
07/21/2025 16:45,805,398,803,0,0,396
07/21/2025 17:00,726,135,724,0,0,133
07/21/2025 17:15,650,164,644,0,0,158
07/21/2025 17:30,537,275,530,0,0,268
07/21/2025 17:45,309,339,306,0,0,336
07/21/2025 18:00,387,295,386,0,0,294
07/21/2025 18:15,177,113,172,0,0,108
07/21/2025 18:30,97,392,88,0,0,383
07/21/2025 18:45,73,447,67,0,0,441
07/21/2025 19:00,60,446,4,0,0,390
07/21/2025 19:15,46,345,0,8,0,291
07/21/2025 19:30,35,195,0,4,0,156
07/21/2025 19:45,18,225,0,10,0,197
07/21/2025 20:00,5,482,0,6,0,471
07/21/2025 20:15,0,528,0,7,0,521
07/21/2025 20:30,0,431,0,5,0,426
07/21/2025 20:45,0,225,0,0,0,225
07/21/2025 21:00,0,246,0,7,0,239
07/21/2025 21:15,0,355,0,11,0,344
07/21/2025 21:30,0,672,0,9,0,663
07/21/2025 21:45,0,604,0,4,0,600
07/21/2025 22:00,0,592,0,7,0,585
07/21/2025 22:15,0,492,0,6,0,486
07/21/2025 22:30,0,477,0,5,0,472
07/21/2025 22:45,0,379,0,3,0,376
07/21/2025 23:00,0,253,0,5,0,248
07/21/2025 23:15,0,319,0,8,0,311
07/21/2025 23:30,0,225,0,132,8,101
07/21/2025 23:45,0,282,0,290,8,0
07/22/2025 00:00,0,145,0,151,6,0
07/22/2025 00:15,0,160,0,166,6,0
07/22/2025 00:30,0,142,0,150,8,0
07/22/2025 00:45,0,137,0,143,6,0
07/22/2025 01:00,0,250,0,256,6,0
07/22/2025 01:15,0,240,0,246,6,0
07/22/2025 01:30,0,201,0,207,6,0
07/22/2025 01:45,0,257,0,263,6,0
07/22/2025 02:00,0,126,0,133,7,0
07/22/2025 02:15,0,126,0,133,7,0
07/22/2025 02:30,0,139,0,145,6,0
07/22/2025 02:45,0,155,0,163,8,0
07/22/2025 03:00,0,160,0,166,6,0
07/22/2025 03:15,0,237,0,242,5,0
07/22/2025 03:30,0,157,0,164,7,0
07/22/2025 03:45,0,161,0,167,6,0
07/22/2025 04:00,0,158,0,165,7,0
07/22/2025 04:15,0,128,0,134,6,0
07/22/2025 04:30,0,189,0,196,7,0
07/22/2025 04:45,0,296,0,303,7,0
07/22/2025 05:00,0,188,0,194,6,0
07/22/2025 05:15,0,101,0,107,6,0
07/22/2025 05:30,0,127,0,133,6,0
07/22/2025 05:45,17,113,0,106,10,0
07/22/2025 06:00,168,110,0,87,145,0
07/22/2025 06:15,344,118,30,0,226,30
07/22/2025 06:30,428,129,0,8,307,0
07/22/2025 06:45,506,111,0,7,402,0
07/22/2025 07:00,600,144,0,135,591,0
07/22/2025 07:15,748,190,0,181,739,0
07/22/2025 07:30,859,142,0,137,854,0
07/22/2025 07:45,941,100,0,90,931,0
07/22/2025 08:00,1019,100,0,92,1011,0
07/22/2025 08:15,1098,281,0,274,1091,0
07/22/2025 08:30,1165,245,0,240,1160,0
07/22/2025 08:45,1225,273,0,267,1219,0
07/22/2025 09:00,1285,383,0,378,1280,0
07/22/2025 09:15,1332,332,0,331,1331,0
07/22/2025 09:30,1377,192,0,191,1376,0
07/22/2025 09:45,1431,229,0,226,1428,0
07/22/2025 10:00,1494,349,251,0,894,0
07/22/2025 10:15,1545,221,1151,0,173,0
07/22/2025 10:30,1589,149,1320,0,120,0
07/22/2025 10:45,1644,172,1472,0,0,0
07/22/2025 11:00,1695,168,1506,0,21,0
07/22/2025 11:15,1728,189,1459,0,80,0
07/22/2025 11:30,1761,191,1560,0,10,0
07/22/2025 11:45,1787,169,1614,0,4,0
07/22/2025 12:00,1817,211,1574,0,32,0
07/22/2025 12:15,1824,189,1603,0,32,0
07/22/2025 12:30,1816,213,1598,0,5,0
07/22/2025 12:45,1814,188,1617,0,9,0
07/22/2025 13:00,1813,158,1626,0,29,0
07/22/2025 13:15,1812,154,1650,0,8,0
07/22/2025 13:30,1819,182,1629,0,8,0
07/22/2025 13:45,1760,153,1584,0,23,0
07/22/2025 14:00,1733,140,1755,0,1,163
07/22/2025 14:15,1672,123,1667,0,0,118
07/22/2025 14:30,1679,126,1676,0,0,123
07/22/2025 14:45,1371,195,1367,0,0,191
07/22/2025 15:00,1101,164,1099,0,0,162
07/22/2025 15:15,1375,137,1370,0,0,132
07/22/2025 15:30,757,250,751,0,0,244
07/22/2025 15:45,1038,280,1036,0,0,278
07/22/2025 16:00,962,158,959,0,0,155
07/22/2025 16:15,921,137,920,0,0,136
07/22/2025 16:30,581,133,577,0,0,129
07/22/2025 16:45,733,153,726,0,0,146
07/22/2025 17:00,785,214,783,0,0,212
07/22/2025 17:15,716,133,712,0,0,129
07/22/2025 17:30,579,190,574,0,0,185
07/22/2025 17:45,431,398,428,0,0,395
07/22/2025 18:00,245,322,237,0,0,314
07/22/2025 18:15,212,240,211,0,0,239
07/22/2025 18:30,231,321,223,0,0,313
07/22/2025 18:45,182,409,174,0,0,401
07/22/2025 19:00,99,478,8,0,0,387
07/22/2025 19:15,59,385,0,8,0,318
07/22/2025 19:30,35,234,0,4,0,195
07/22/2025 19:45,14,390,0,13,0,363
07/22/2025 20:00,2,477,0,5,0,470
07/22/2025 20:15,0,315,0,4,0,311
07/22/2025 20:30,0,136,2,0,0,138
07/22/2025 20:45,0,144,0,6,0,138
07/22/2025 21:00,0,188,0,7,0,181
07/22/2025 21:15,0,190,0,9,0,181
07/22/2025 21:30,0,542,0,10,0,532
07/22/2025 21:45,0,641,0,5,0,636
07/22/2025 22:00,0,702,0,6,0,696
07/22/2025 22:15,0,681,0,4,0,677
07/22/2025 22:30,0,475,0,7,0,468
07/22/2025 22:45,0,455,0,3,0,452
07/22/2025 23:00,0,296,0,7,0,289
07/22/2025 23:15,0,300,0,7,0,293
07/22/2025 23:30,0,317,0,6,0,311
07/22/2025 23:45,0,326,0,5,0,321
07/23/2025 00:00,0,291,0,4,0,287
07/23/2025 00:15,0,204,0,92,4,116
07/23/2025 00:30,0,190,0,201,11,0
07/23/2025 00:45,0,107,0,114,7,0
07/23/2025 01:00,0,132,0,137,5,0
07/23/2025 01:15,0,108,0,114,6,0
07/23/2025 01:30,0,99,0,105,6,0
07/23/2025 01:45,0,105,0,110,5,0
07/23/2025 02:00,0,255,0,261,6,0
07/23/2025 02:15,0,196,0,202,6,0
07/23/2025 02:30,0,102,0,106,4,0
07/23/2025 02:45,0,130,0,136,6,0
07/23/2025 03:00,0,260,0,266,6,0
07/23/2025 03:15,0,122,0,128,6,0
07/23/2025 03:30,0,129,0,135,6,0
07/23/2025 03:45,0,105,0,110,5,0
07/23/2025 04:00,0,100,0,105,5,0
07/23/2025 04:15,0,108,0,114,6,0
07/23/2025 04:30,0,149,0,155,6,0
07/23/2025 04:45,0,147,0,153,6,0
07/23/2025 05:00,0,281,0,286,5,0
07/23/2025 05:15,0,221,0,226,5,0
07/23/2025 05:30,3,98,0,101,6,0
07/23/2025 05:45,27,120,0,109,16,0
07/23/2025 06:00,157,107,0,71,121,0
07/23/2025 06:15,336,127,22,0,213,26
07/23/2025 06:30,417,113,0,6,310,0
07/23/2025 06:45,448,110,0,8,346,0
07/23/2025 07:00,568,171,0,166,563,0
07/23/2025 07:15,718,187,0,179,710,0
07/23/2025 07:30,808,238,0,231,801,0
07/23/2025 07:45,867,119,0,110,858,0
07/23/2025 08:00,969,103,0,95,961,0
07/23/2025 08:15,1100,136,0,130,1094,0
07/23/2025 08:30,1162,149,0,147,1160,0
07/23/2025 08:45,1194,221,0,218,1191,0
07/23/2025 09:00,1249,340,0,336,1245,0
07/23/2025 09:15,1291,282,0,282,1291,0
07/23/2025 09:30,1339,257,0,252,1334,0
07/23/2025 09:45,1391,423,0,419,1387,0
07/23/2025 10:00,1447,415,0,290,1322,0
07/23/2025 10:15,1507,126,1195,0,186,0
07/23/2025 10:30,1568,114,1325,0,129,0
07/23/2025 10:45,1172,134,970,0,68,0
07/23/2025 11:00,1739,120,1618,0,1,0
07/23/2025 11:15,1229,134,1078,0,17,0
07/23/2025 11:30,1832,124,1623,0,85,0
07/23/2025 11:45,1491,106,1381,0,4,0
07/23/2025 12:00,1855,103,1748,0,4,0
07/23/2025 12:15,1738,130,1566,0,42,0
07/23/2025 12:30,1860,119,1723,0,18,0
07/23/2025 12:45,1850,124,1715,0,11,0
07/23/2025 13:00,1743,112,1608,0,23,0
07/23/2025 13:15,1740,102,1609,0,29,0
07/23/2025 13:30,1389,113,1266,0,10,0
07/23/2025 13:45,1231,150,1063,0,18,0
07/23/2025 14:00,1835,129,1857,0,0,151
07/23/2025 14:15,997,337,988,0,0,328
07/23/2025 14:30,1404,338,1404,0,0,338
07/23/2025 14:45,1151,124,1148,0,0,121
07/23/2025 15:00,1056,139,1050,0,0,133
07/23/2025 15:15,1254,145,1250,0,0,141
07/23/2025 15:30,772,327,764,0,0,319
07/23/2025 15:45,395,329,389,0,0,323
07/23/2025 16:00,1067,347,1062,0,0,342
07/23/2025 16:15,437,339,437,0,0,339
07/23/2025 16:30,420,128,415,0,0,123
07/23/2025 16:45,606,120,602,0,0,116
07/23/2025 17:00,753,104,748,0,0,99
07/23/2025 17:15,672,157,663,0,0,148
07/23/2025 17:30,486,334,478,0,0,326
07/23/2025 17:45,482,684,479,0,0,681
07/23/2025 18:00,326,411,326,0,0,411
07/23/2025 18:15,162,274,155,0,0,267
07/23/2025 18:30,108,418,101,0,0,411
07/23/2025 18:45,77,447,75,0,0,445
07/23/2025 19:00,65,510,0,5,0,440
07/23/2025 19:15,50,403,0,7,0,346
07/23/2025 19:30,35,369,0,10,0,324
07/23/2025 19:45,19,426,0,2,0,405
07/23/2025 20:00,2,194,0,7,0,185
07/23/2025 20:15,0,1147,0,14,0,1133
07/23/2025 20:30,0,1944,0,1,0,1943
07/23/2025 20:45,0,1285,7,0,0,1292
07/23/2025 21:00,0,469,0,4,0,465
07/23/2025 21:15,0,406,0,196,10,220
07/23/2025 21:30,0,734,0,748,14,0
07/23/2025 21:45,0,725,0,725,0,0
07/23/2025 22:00,0,419,0,423,4,0
07/23/2025 22:15,0,573,0,577,4,0
07/23/2025 22:30,0,757,0,761,4,0
07/23/2025 22:45,0,530,0,536,6,0
07/23/2025 23:00,0,317,0,323,6,0
07/23/2025 23:15,0,312,0,318,6,0
07/23/2025 23:30,0,314,0,320,6,0
07/23/2025 23:45,0,369,0,375,6,0
07/24/2025 00:00,0,181,0,184,4,1
07/24/2025 00:15,0,119,0,125,6,0
07/24/2025 00:30,0,131,0,137,6,0
07/24/2025 00:45,0,224,0,229,5,0
07/24/2025 01:00,0,229,0,234,5,0
07/24/2025 01:15,0,464,0,469,5,0
07/24/2025 01:30,0,320,0,326,6,0
07/24/2025 01:45,0,283,0,288,5,0
07/24/2025 02:00,0,140,0,146,6,0
07/24/2025 02:15,0,104,0,110,6,0
07/24/2025 02:30,0,98,0,103,5,0
07/24/2025 02:45,0,110,0,115,5,0
07/24/2025 03:00,0,129,0,135,6,0
07/24/2025 03:15,0,123,0,129,6,0
07/24/2025 03:30,0,235,0,241,6,0
07/24/2025 03:45,0,210,0,214,4,0
07/24/2025 04:00,0,126,0,130,4,0
07/24/2025 04:15,0,255,0,261,6,0
07/24/2025 04:30,0,213,0,219,6,0
07/24/2025 04:45,0,107,0,112,5,0
07/24/2025 05:00,0,99,0,104,5,0
07/24/2025 05:15,0,104,0,110,6,0
07/24/2025 05:30,4,118,0,120,6,0
07/24/2025 05:45,35,115,0,104,24,0
07/24/2025 06:00,121,121,0,115,115,0
07/24/2025 06:15,243,101,0,57,199,0
07/24/2025 06:30,342,196,0,8,154,0
07/24/2025 06:45,407,293,84,0,148,118
07/24/2025 07:00,460,340,0,322,455,13
07/24/2025 07:15,621,177,0,170,614,0
07/24/2025 07:30,754,97,0,91,748,0
07/24/2025 07:45,842,211,0,209,840,0
07/24/2025 08:00,928,171,0,167,924,0
07/24/2025 08:15,1009,334,0,330,1005,0
07/24/2025 08:30,1082,262,0,258,1078,0
07/24/2025 08:45,1141,387,0,386,1140,0
07/24/2025 09:00,1202,432,0,427,1197,0
07/24/2025 09:15,1258,223,0,220,1255,0
07/24/2025 09:30,1300,209,0,207,1298,0
07/24/2025 09:45,1355,195,0,187,1347,0
07/24/2025 10:00,1408,178,0,173,1403,0
07/24/2025 10:15,1469,172,0,82,1379,0
07/24/2025 10:30,1517,166,1219,0,132,0
07/24/2025 10:45,1545,154,1293,0,98,0
07/24/2025 11:00,1594,163,1429,0,2,0
07/24/2025 11:15,1649,297,1352,0,0,0
07/24/2025 11:30,1670,358,1215,0,97,0
07/24/2025 11:45,1719,186,1533,0,0,0
07/24/2025 12:00,1613,160,1452,0,1,0
07/24/2025 12:15,1645,148,1448,0,49,0
07/24/2025 12:30,1733,149,1575,0,9,0
07/24/2025 12:45,1611,140,1471,0,0,0
07/24/2025 13:00,1536,161,1313,0,62,0
07/24/2025 13:15,1656,166,1474,0,16,0
07/24/2025 13:30,1781,388,1393,0,0,0
07/24/2025 13:45,1614,419,1176,0,19,0
07/24/2025 14:00,1627,273,1643,0,1,290
07/24/2025 14:15,1500,305,1494,0,0,299
07/24/2025 14:30,1421,383,1417,0,0,379
07/24/2025 14:45,1343,413,1340,0,0,410
07/24/2025 15:00,1338,397,1335,0,0,394
07/24/2025 15:15,1226,373,1219,0,0,366
07/24/2025 15:30,1085,340,1083,0,0,338
07/24/2025 15:45,1030,335,1023,0,0,328
07/24/2025 16:00,928,379,925,0,0,376
07/24/2025 16:15,915,413,907,0,0,405
07/24/2025 16:30,797,453,797,0,0,453
07/24/2025 16:45,715,361,711,0,0,357
07/24/2025 17:00,605,376,599,0,0,370
07/24/2025 17:15,559,377,555,0,0,373
07/24/2025 17:30,495,321,495,0,0,321
07/24/2025 17:45,426,379,435,0,0,388
07/24/2025 18:00,331,448,328,0,0,445
07/24/2025 18:15,178,409,173,0,0,404
07/24/2025 18:30,117,613,114,0,0,610
07/24/2025 18:45,88,704,84,0,0,700
07/24/2025 19:00,71,512,1,0,0,442
07/24/2025 19:15,55,385,0,7,0,323
07/24/2025 19:30,38,369,0,8,0,323
07/24/2025 19:45,21,556,0,7,0,528
07/24/2025 20:00,3,426,0,7,0,416
07/24/2025 20:15,0,381,0,6,0,375
07/24/2025 20:30,0,497,0,8,0,489
07/24/2025 20:45,0,364,0,4,0,360
07/24/2025 21:00,0,484,0,10,0,474
07/24/2025 21:15,0,798,0,342,9,465
07/24/2025 21:30,0,846,0,863,17,0
07/24/2025 21:45,0,504,0,508,4,0
07/24/2025 22:00,0,650,0,650,0,0
07/24/2025 22:15,0,712,0,712,0,0
07/24/2025 22:30,0,731,0,731,0,0
07/24/2025 22:45,0,456,0,458,2,0
07/24/2025 23:00,0,339,0,343,4,0
07/24/2025 23:15,0,309,0,315,6,0
07/24/2025 23:30,0,322,0,328,6,0
07/24/2025 23:45,0,332,0,334,2,0
07/25/2025 00:00,0,379,0,383,4,0
07/25/2025 00:15,0,425,0,427,2,0
07/25/2025 00:30,0,200,0,206,6,0
07/25/2025 00:45,0,135,0,137,2,0
07/25/2025 01:00,0,333,0,336,3,0
07/25/2025 01:15,0,243,0,248,5,0
07/25/2025 01:30,0,394,0,398,4,0
07/25/2025 01:45,0,333,0,337,4,0
07/25/2025 02:00,0,245,0,247,2,0
07/25/2025 02:15,0,197,0,197,0,0
07/25/2025 02:30,0,167,0,169,2,0
07/25/2025 02:45,0,304,0,308,4,0
07/25/2025 03:00,0,409,0,413,4,0
07/25/2025 03:15,0,150,0,155,5,0
07/25/2025 03:30,0,241,0,246,5,0
07/25/2025 03:45,0,341,0,347,6,0
07/25/2025 04:00,0,188,0,192,4,0
07/25/2025 04:15,0,132,0,138,6,0
07/25/2025 04:30,0,329,0,332,4,1
07/25/2025 04:45,0,269,0,273,4,0
07/25/2025 05:00,0,275,0,281,6,0
07/25/2025 05:15,0,135,0,141,6,0
07/25/2025 05:30,0,144,0,148,4,0
07/25/2025 05:45,13,320,0,317,10,0
07/25/2025 06:00,74,360,0,353,67,0
07/25/2025 06:15,127,351,0,348,124,0
07/25/2025 06:30,116,200,0,160,76,0
07/25/2025 06:45,148,143,0,27,32,0
07/25/2025 07:00,313,397,0,390,306,0
07/25/2025 07:15,229,329,0,326,226,0
07/25/2025 07:30,251,159,0,157,249,0
07/25/2025 07:45,455,132,0,122,445,0
07/25/2025 08:00,999,148,0,145,996,0
07/25/2025 08:15,1043,188,0,186,1041,0
07/25/2025 08:30,675,277,0,283,681,0
07/25/2025 08:45,956,301,0,294,949,0
07/25/2025 09:00,1075,152,0,148,1071,0
07/25/2025 09:15,1323,335,0,331,1319,0
07/25/2025 09:30,1314,462,0,458,1310,0
07/25/2025 09:45,1258,676,0,650,1232,0
07/25/2025 10:00,1297,483,0,480,1294,0
07/25/2025 10:15,1386,362,0,356,1380,0
07/25/2025 10:30,1547,186,0,175,1536,0
07/25/2025 10:45,1607,240,450,0,917,0
07/25/2025 11:00,1121,202,864,0,55,0
07/25/2025 11:15,1324,159,1047,0,118,0
07/25/2025 11:30,1649,149,1491,0,9,0
07/25/2025 11:45,1651,184,1457,0,10,0
07/25/2025 12:00,1415,202,1117,0,96,0
07/25/2025 12:15,1752,283,1468,0,1,0
07/25/2025 12:30,1023,166,857,0,0,0
07/25/2025 12:45,809,177,632,0,0,0
07/25/2025 13:00,1029,262,746,0,21,0
07/25/2025 13:15,1518,215,1303,0,0,0
07/25/2025 13:30,1798,177,1621,0,0,0
07/25/2025 13:45,1173,294,827,0,52,0
07/25/2025 14:00,1256,445,1259,0,0,448
07/25/2025 14:15,558,493,556,0,0,491
07/25/2025 14:30,82,324,78,0,0,320
07/25/2025 14:45,375,326,372,0,0,323
07/25/2025 15:00,1532,373,0,651,1963,153
07/25/2025 15:15,1179,371,922,0,99,213
07/25/2025 15:30,1112,129,1107,0,0,124
07/25/2025 15:45,1059,171,1054,0,0,166
07/25/2025 16:00,981,179,978,0,0,176
07/25/2025 16:15,420,213,410,0,0,203
07/25/2025 16:30,331,370,327,0,0,366
07/25/2025 16:45,421,428,409,0,0,416
07/25/2025 17:00,813,886,805,0,0,878
07/25/2025 17:15,154,753,154,0,0,753
07/25/2025 17:30,175,488,173,0,0,486
07/25/2025 17:45,406,381,404,0,0,379
07/25/2025 18:00,138,300,132,0,0,294
07/25/2025 18:15,191,312,184,0,0,305
07/25/2025 18:30,119,522,113,0,0,516
07/25/2025 18:45,150,538,148,0,0,536
07/25/2025 19:00,72,433,0,3,0,358
07/25/2025 19:15,84,438,0,8,0,346
07/25/2025 19:30,20,529,0,4,0,505
07/25/2025 19:45,7,1059,0,13,0,1039
07/25/2025 20:00,0,1710,0,7,0,1703
07/25/2025 20:15,0,1123,13,0,0,1136
07/25/2025 20:30,0,377,0,5,0,372
07/25/2025 20:45,0,420,0,1,0,419
07/25/2025 21:00,0,288,0,6,0,282
07/25/2025 21:15,0,398,0,10,0,388
07/25/2025 21:30,0,513,0,491,16,38
07/25/2025 21:45,0,455,0,463,8,0
07/25/2025 22:00,0,611,0,613,2,0
07/25/2025 22:15,0,622,0,622,0,0
07/25/2025 22:30,0,888,0,888,0,0
07/25/2025 22:45,0,728,0,732,4,0
07/25/2025 23:00,0,463,0,463,0,0
07/25/2025 23:15,0,281,0,282,2,1
07/25/2025 23:30,0,305,0,308,3,0
07/25/2025 23:45,0,285,0,286,1,0
07/26/2025 00:00,0,288,0,292,4,0
07/26/2025 00:15,0,400,0,404,4,0
07/26/2025 00:30,0,311,0,315,4,0
07/26/2025 00:45,0,223,0,225,2,0
07/26/2025 01:00,0,313,0,315,2,0
07/26/2025 01:15,0,289,0,293,4,0
07/26/2025 01:30,0,249,0,252,4,1
07/26/2025 01:45,0,184,0,188,4,0
07/26/2025 02:00,0,396,0,400,4,0
07/26/2025 02:15,0,259,0,263,4,0
07/26/2025 02:30,0,223,0,227,4,0
07/26/2025 02:45,0,374,0,380,6,0
07/26/2025 03:00,0,171,0,175,4,0
07/26/2025 03:15,0,127,0,133,6,0
07/26/2025 03:30,0,119,0,123,4,0
07/26/2025 03:45,0,130,0,136,6,0
07/26/2025 04:00,0,273,0,277,4,0
07/26/2025 04:15,0,362,0,368,6,0
07/26/2025 04:30,0,334,0,340,6,0
07/26/2025 04:45,0,101,0,107,6,0
07/26/2025 05:00,0,119,0,125,6,0
07/26/2025 05:15,0,105,0,111,6,0
07/26/2025 05:30,0,153,0,161,8,0
07/26/2025 05:45,19,257,0,252,14,0
07/26/2025 06:00,66,154,0,143,55,0
07/26/2025 06:15,129,254,0,245,120,0
07/26/2025 06:30,209,162,0,114,161,0
07/26/2025 06:45,308,134,15,0,175,16
07/26/2025 07:00,385,356,0,349,378,0
07/26/2025 07:15,486,273,0,268,481,0
07/26/2025 07:30,596,200,0,194,590,0
07/26/2025 07:45,686,213,0,208,681,0
07/26/2025 08:00,775,287,0,283,771,0
07/26/2025 08:15,851,255,0,250,846,0
07/26/2025 08:30,961,242,0,234,953,0
07/26/2025 08:45,1033,454,0,448,1027,0
07/26/2025 09:00,1109,388,0,386,1107,0
07/26/2025 09:15,1204,348,0,347,1203,0
07/26/2025 09:30,1280,249,0,246,1277,0
07/26/2025 09:45,1371,150,0,152,1373,0
07/26/2025 10:00,1452,207,0,200,1445,0
07/26/2025 10:15,1494,117,0,115,1492,0
07/26/2025 10:30,1570,183,254,0,1133,0
07/26/2025 10:45,1630,170,1408,0,52,0
07/26/2025 11:00,1642,223,1297,0,122,0
07/26/2025 11:15,1644,326,1306,0,12,0
07/26/2025 11:30,1632,318,1302,0,12,0
07/26/2025 11:45,1729,337,1301,0,91,0
07/26/2025 12:00,1753,254,1497,0,2,0
07/26/2025 12:15,1754,270,1484,0,0,0
07/26/2025 12:30,1747,291,1447,0,9,0
07/26/2025 12:45,1661,361,1286,0,14,0
07/26/2025 13:00,1726,387,1336,0,3,0
07/26/2025 13:15,1752,395,1357,0,0,0
07/26/2025 13:30,1619,353,1205,0,61,0
07/26/2025 13:45,1614,419,1178,0,17,0
07/26/2025 14:00,1492,521,1503,0,0,532
07/26/2025 14:15,1530,587,1529,0,0,586
07/26/2025 14:30,1327,343,1323,0,0,339
07/26/2025 14:45,1350,463,1345,0,0,458
07/26/2025 15:00,1157,362,1154,0,0,359
07/26/2025 15:15,1002,341,996,0,0,335
07/26/2025 15:30,1020,378,1016,0,0,374
07/26/2025 15:45,1017,382,1016,0,0,381
07/26/2025 16:00,778,174,771,0,0,167
07/26/2025 16:15,763,142,760,0,0,139
07/26/2025 16:30,760,134,757,0,0,131
07/26/2025 16:45,572,156,566,0,0,150
07/26/2025 17:00,574,172,568,0,0,166
07/26/2025 17:15,574,143,569,0,0,138
07/26/2025 17:30,554,151,552,0,0,149
07/26/2025 17:45,392,354,383,0,0,345
07/26/2025 18:00,192,370,188,0,0,366
07/26/2025 18:15,194,372,188,0,0,366
07/26/2025 18:30,165,452,161,0,0,448
07/26/2025 18:45,100,365,96,0,0,361
07/26/2025 19:00,88,388,0,0,0,300
07/26/2025 19:15,51,448,0,7,0,390
07/26/2025 19:30,33,497,0,7,0,457
07/26/2025 19:45,14,467,0,6,0,447
07/26/2025 20:00,0,397,0,7,0,390
07/26/2025 20:15,0,373,0,4,0,369
07/26/2025 20:30,0,336,0,7,0,329
07/26/2025 20:45,0,461,0,2,0,459
07/26/2025 21:00,0,634,0,11,0,623
07/26/2025 21:15,0,776,0,4,0,772
07/26/2025 21:30,0,731,0,6,0,725
07/26/2025 21:45,0,672,0,100,4,576
07/26/2025 22:00,0,441,0,459,18,0
07/26/2025 22:15,0,520,0,527,8,1
07/26/2025 22:30,0,530,0,534,4,0
07/26/2025 22:45,0,510,0,515,5,0
07/26/2025 23:00,0,497,0,502,5,0
07/26/2025 23:15,0,356,0,361,5,0
07/26/2025 23:30,0,401,0,406,5,0
07/26/2025 23:45,0,393,0,397,4,0
07/27/2025 00:00,0,302,0,306,4,0
07/27/2025 00:15,0,150,0,154,4,0
07/27/2025 00:30,0,133,0,138,5,0
07/27/2025 00:45,0,144,0,148,4,0
07/27/2025 01:00,0,165,0,168,3,0
07/27/2025 01:15,0,337,0,342,5,0
07/27/2025 01:30,0,180,0,185,5,0
07/27/2025 01:45,0,334,0,339,5,0
07/27/2025 02:00,0,320,0,325,5,0
07/27/2025 02:15,0,152,0,158,6,0
07/27/2025 02:30,0,181,0,187,6,0
07/27/2025 02:45,0,144,0,150,6,0
07/27/2025 03:00,0,130,0,136,6,0
07/27/2025 03:15,0,136,0,142,6,0
07/27/2025 03:30,0,162,0,167,5,0
07/27/2025 03:45,0,162,0,167,5,0
07/27/2025 04:00,0,132,0,138,6,0
07/27/2025 04:15,0,299,0,304,5,0
07/27/2025 04:30,0,253,0,258,5,0
07/27/2025 04:45,0,271,0,277,6,0
07/27/2025 05:00,0,228,0,234,6,0
07/27/2025 05:15,0,145,0,150,5,0
07/27/2025 05:30,9,128,0,125,6,0
07/27/2025 05:45,46,133,0,121,34,0
07/27/2025 06:00,147,162,0,151,136,0
07/27/2025 06:15,234,183,0,182,233,0
07/27/2025 06:30,166,132,0,132,166,0
07/27/2025 06:45,163,139,0,66,90,0
07/27/2025 07:00,200,258,0,254,196,0
07/27/2025 07:15,195,154,0,155,196,0
07/27/2025 07:30,154,171,0,171,154,0
07/27/2025 07:45,191,350,0,342,183,0
07/27/2025 08:00,249,329,0,320,240,0
07/27/2025 08:15,294,312,0,306,288,0
07/27/2025 08:30,279,290,0,293,282,0
07/27/2025 08:45,207,269,0,275,213,0
07/27/2025 09:00,177,287,0,289,179,0
07/27/2025 09:15,419,198,0,191,412,0
07/27/2025 09:30,590,528,0,525,587,0
07/27/2025 09:45,459,478,0,479,460,0
07/27/2025 10:00,575,406,0,399,568,0
07/27/2025 10:15,499,1668,0,1673,504,0
07/27/2025 10:30,381,1084,0,1087,384,0
07/27/2025 10:45,334,451,0,446,329,0
07/27/2025 11:00,432,355,0,358,435,0
07/27/2025 11:15,324,363,0,367,328,0
07/27/2025 11:30,201,294,0,294,201,0
07/27/2025 11:45,556,196,0,188,548,0
07/27/2025 12:00,298,435,0,437,300,0
07/27/2025 12:15,285,325,0,330,290,0
07/27/2025 12:30,208,182,0,188,214,0
07/27/2025 12:45,278,408,0,398,269,1
07/27/2025 13:00,380,419,0,427,388,0
07/27/2025 13:15,225,378,0,377,224,0
07/27/2025 13:30,387,379,0,376,384,0
07/27/2025 13:45,440,382,0,389,447,0
07/27/2025 14:00,693,227,702,0,5,241
07/27/2025 14:15,605,218,599,0,0,212
07/27/2025 14:30,807,224,803,0,0,220
07/27/2025 14:45,668,224,662,0,0,218
07/27/2025 15:00,888,317,881,0,0,310
07/27/2025 15:15,687,264,684,0,0,261
07/27/2025 15:30,529,219,524,0,0,214
07/27/2025 15:45,523,318,516,0,0,311
07/27/2025 16:00,370,464,364,0,0,458
07/27/2025 16:15,201,240,202,0,0,241
07/27/2025 16:30,221,160,217,0,0,156
07/27/2025 16:45,357,151,351,0,0,145
07/27/2025 17:00,625,161,621,0,0,157
07/27/2025 17:15,571,274,563,0,0,266
07/27/2025 17:30,330,439,320,0,0,429
07/27/2025 17:45,208,537,203,0,0,532
07/27/2025 18:00,218,865,215,0,0,862
07/27/2025 18:15,98,385,100,0,0,387
07/27/2025 18:30,84,441,74,0,0,431
07/27/2025 18:45,157,532,157,0,0,532
07/27/2025 19:00,98,327,5,0,0,234
07/27/2025 19:15,44,202,0,174,17,1
07/27/2025 19:30,25,223,0,206,8,0
07/27/2025 19:45,9,220,0,216,5,0
07/27/2025 20:00,0,379,0,381,3,1
07/27/2025 20:15,0,569,0,572,3,0
07/27/2025 20:30,0,579,0,582,3,0
07/27/2025 20:45,0,569,0,571,2,0
07/27/2025 21:00,0,571,0,575,4,0
07/27/2025 21:15,0,522,0,527,5,0
07/27/2025 21:30,0,470,0,475,5,0
07/27/2025 21:45,0,450,0,456,6,0
07/27/2025 22:00,0,496,0,500,4,0
07/27/2025 22:15,0,450,0,454,4,0
07/27/2025 22:30,0,393,0,399,6,0
07/27/2025 22:45,0,424,0,430,6,0
07/27/2025 23:00,0,325,0,332,7,0
07/27/2025 23:15,0,330,0,335,5,0
07/27/2025 23:30,0,313,0,318,5,0
07/27/2025 23:45,0,167,0,169,2,0
07/28/2025 00:00,0,141,0,144,3,0
07/28/2025 00:15,0,143,0,149,6,0
07/28/2025 00:30,0,166,0,171,5,0
07/28/2025 00:45,0,154,0,159,5,0
07/28/2025 01:00,0,166,0,172,6,0
07/28/2025 01:15,0,348,0,353,5,0
07/28/2025 01:30,0,343,0,349,6,0
07/28/2025 01:45,0,172,0,178,6,0
07/28/2025 02:00,0,291,0,297,6,0
07/28/2025 02:15,0,235,0,242,7,0
07/28/2025 02:30,0,201,0,208,7,0
07/28/2025 02:45,0,229,0,235,6,0
07/28/2025 03:00,0,277,0,283,6,0
07/28/2025 03:15,0,219,0,226,7,0
07/28/2025 03:30,0,181,0,188,7,0
07/28/2025 03:45,0,339,0,345,6,0
07/28/2025 04:00,0,403,0,409,6,0
07/28/2025 04:15,0,268,0,274,6,0
07/28/2025 04:30,0,165,0,171,6,0
07/28/2025 04:45,0,136,0,143,7,0
07/28/2025 05:00,0,132,0,139,7,0
07/28/2025 05:15,0,171,0,177,6,0
07/28/2025 05:30,35,170,0,164,29,0
07/28/2025 05:45,35,170,0,164,29,0
07/28/2025 06:00,35,170,0,164,29,0
07/28/2025 06:15,199,174,0,172,197,0
07/28/2025 06:30,162,368,0,288,82,0
07/28/2025 06:45,160,349,0,211,22,0
07/28/2025 07:00,181,226,0,221,176,0
07/28/2025 07:15,253,148,0,147,252,0
07/28/2025 07:30,237,799,0,794,232,0
07/28/2025 07:45,433,1330,0,1326,429,0
07/28/2025 08:00,902,319,0,303,886,0
07/28/2025 08:15,1171,416,0,387,1142,0
07/28/2025 08:30,890,479,0,435,846,0
07/28/2025 08:45,1157,1520,0,1517,1154,0
07/28/2025 09:00,1204,1245,0,1240,1199,0
07/28/2025 09:15,1237,1144,0,1137,1230,0
07/28/2025 09:30,1285,448,0,443,1280,0
07/28/2025 09:45,1329,641,0,643,1331,0
07/28/2025 10:00,1379,544,0,539,1374,0
07/28/2025 10:15,1441,1286,0,1282,1437,0
07/28/2025 10:30,1492,1010,0,993,1475,0
07/28/2025 10:45,1545,678,529,0,338,0
07/28/2025 11:00,1586,202,1208,0,176,0
07/28/2025 11:15,1631,308,1257,0,66,0
07/28/2025 11:30,1674,158,1516,0,0,0
07/28/2025 11:45,1686,218,1441,0,27,0
07/28/2025 12:00,1704,394,1290,0,20,0
07/28/2025 12:15,1716,1138,568,0,10,0
07/28/2025 12:30,1693,1404,289,0,0,0
07/28/2025 12:45,1643,350,1261,0,32,0
07/28/2025 13:00,1516,279,1215,0,22,0
07/28/2025 13:15,1556,364,1189,0,3,0
07/28/2025 13:30,1409,425,975,0,9,0
07/28/2025 13:45,1429,240,1167,0,22,0
07/28/2025 14:00,1599,281,1613,0,0,295
07/28/2025 14:15,1544,284,1543,0,0,283
07/28/2025 14:30,1475,282,1473,0,0,280
07/28/2025 14:45,1422,188,1414,0,0,180
07/28/2025 15:00,1262,454,1257,0,0,449
07/28/2025 15:15,1192,461,1188,0,0,457
07/28/2025 15:30,1084,420,1081,0,0,417
07/28/2025 15:45,928,363,924,0,0,359
07/28/2025 16:00,948,457,941,0,0,450
07/28/2025 16:15,868,259,867,0,0,258
07/28/2025 16:30,775,174,772,0,0,171
07/28/2025 16:45,668,407,651,0,0,390
07/28/2025 17:00,592,893,590,0,0,891
07/28/2025 17:15,536,677,538,0,0,679
07/28/2025 17:30,461,514,462,0,0,515
07/28/2025 17:45,378,330,374,0,0,326
07/28/2025 18:00,273,353,266,0,0,346
07/28/2025 18:15,159,498,149,0,0,488
07/28/2025 18:30,122,660,114,0,0,652
07/28/2025 18:45,111,449,112,0,0,450
07/28/2025 19:00,83,424,0,1,0,340
07/28/2025 19:15,57,390,0,7,0,326
07/28/2025 19:30,36,337,0,8,0,293
07/28/2025 19:45,15,323,0,8,0,300
07/28/2025 20:00,1,333,0,10,0,322
07/28/2025 20:15,0,359,0,8,0,351
07/28/2025 20:30,0,419,0,9,0,410
07/28/2025 20:45,0,491,0,3,0,488
07/28/2025 21:00,0,507,0,4,0,503
07/28/2025 21:15,0,666,0,240,11,437
07/28/2025 21:30,0,685,0,702,17,0
07/28/2025 21:45,0,673,0,677,4,0
07/28/2025 22:00,0,593,0,596,3,0
07/28/2025 22:15,0,609,0,614,5,0
07/28/2025 22:30,0,504,0,506,2,0
07/28/2025 22:45,0,412,0,416,4,0
07/28/2025 23:00,0,361,0,365,4,0
07/28/2025 23:15,0,401,0,405,4,0
07/28/2025 23:30,0,331,0,333,2,0
07/28/2025 23:45,0,432,0,436,4,0
07/29/2025 00:00,0,368,0,374,6,0
07/29/2025 00:15,0,433,0,437,4,0
07/29/2025 00:30,0,458,0,464,6,0
07/29/2025 00:45,0,349,0,353,4,0
07/29/2025 01:00,0,324,0,330,6,0
07/29/2025 01:15,0,165,0,169,4,0
07/29/2025 01:30,0,130,0,136,6,0
07/29/2025 01:45,0,251,0,255,4,0
07/29/2025 02:00,0,538,0,543,5,0
07/29/2025 02:15,0,260,0,265,5,0
07/29/2025 02:30,0,135,0,141,6,0
07/29/2025 02:45,0,130,0,134,4,0
07/29/2025 03:00,0,165,0,170,5,0
07/29/2025 03:15,0,371,0,376,5,0
07/29/2025 03:30,0,374,0,378,4,0
07/29/2025 03:45,0,393,0,398,5,0
07/29/2025 04:00,0,352,0,357,5,0
07/29/2025 04:15,0,161,0,167,6,0
07/29/2025 04:30,0,122,0,126,4,0
07/29/2025 04:45,0,117,0,121,4,0
07/29/2025 05:00,0,246,0,251,6,1
07/29/2025 05:15,0,268,0,274,6,0
07/29/2025 05:30,0,137,0,141,4,0
07/29/2025 05:45,10,233,0,231,8,0
07/29/2025 06:00,56,450,0,441,47,0
07/29/2025 06:15,116,466,0,460,110,0
07/29/2025 06:30,286,261,0,196,221,0
07/29/2025 06:45,416,147,50,0,280,61
07/29/2025 07:00,425,358,0,357,424,0
07/29/2025 07:15,552,319,0,313,546,0
07/29/2025 07:30,682,209,0,205,678,0
07/29/2025 07:45,776,146,0,143,773,0
07/29/2025 08:00,855,150,0,144,849,0
07/29/2025 08:15,942,148,0,140,934,0
07/29/2025 08:30,1015,324,0,316,1007,0
07/29/2025 08:45,1082,293,0,287,1076,0
07/29/2025 09:00,1142,296,0,292,1138,0
07/29/2025 09:15,1197,223,0,220,1194,0
07/29/2025 09:30,1247,255,0,252,1244,0
07/29/2025 09:45,1300,193,0,192,1299,0
07/29/2025 10:00,1358,192,0,188,1354,0
07/29/2025 10:15,1414,181,0,178,1411,0
07/29/2025 10:30,1461,307,410,0,744,0
07/29/2025 10:45,1510,450,1011,0,49,0
07/29/2025 11:00,1559,335,1194,0,30,0
07/29/2025 11:15,1602,176,1426,0,0,0
07/29/2025 11:30,1633,246,1344,0,43,0
07/29/2025 11:45,1654,442,1176,0,36,0
07/29/2025 12:00,1696,261,1435,0,0,0
07/29/2025 12:15,1701,177,1504,0,20,0
07/29/2025 12:30,1676,159,1504,0,13,0
07/29/2025 12:45,1680,222,1449,0,9,0
07/29/2025 13:00,1668,369,1290,0,9,0
07/29/2025 13:15,1666,492,1159,0,15,0
07/29/2025 13:30,1655,580,1053,0,22,0
07/29/2025 13:45,1637,490,1144,0,3,0
07/29/2025 14:00,1558,440,1573,0,0,455
07/29/2025 14:15,1442,368,1437,0,0,363
07/29/2025 14:30,1460,409,1453,0,0,402
07/29/2025 14:45,1370,506,1369,0,0,505
07/29/2025 15:00,1297,366,1291,0,0,360
07/29/2025 15:15,1207,367,1201,0,0,361
07/29/2025 15:30,1091,508,1085,0,0,502
07/29/2025 15:45,998,501,996,0,0,499
07/29/2025 16:00,958,513,953,0,0,508
07/29/2025 16:15,860,447,856,0,0,443
07/29/2025 16:30,711,421,707,0,0,417
07/29/2025 16:45,653,436,638,0,0,421
07/29/2025 17:00,470,1321,468,0,0,1319
07/29/2025 17:15,465,898,467,0,0,900
07/29/2025 17:30,480,737,477,0,0,734
07/29/2025 17:45,335,646,330,0,0,641
07/29/2025 18:00,162,537,161,0,0,536
07/29/2025 18:15,163,435,158,0,0,430
07/29/2025 18:30,149,510,143,0,0,504
07/29/2025 18:45,100,613,96,0,0,609
07/29/2025 19:00,83,714,0,4,0,627
07/29/2025 19:15,56,677,0,4,0,617
07/29/2025 19:30,31,449,0,170,9,257
07/29/2025 19:45,7,408,0,416,15,0
07/29/2025 20:00,0,393,0,394,1,0
07/29/2025 20:15,0,392,0,394,2,0
07/29/2025 20:30,0,407,0,410,4,1
07/29/2025 20:45,0,438,0,443,5,0
07/29/2025 21:00,0,748,0,750,2,0
07/29/2025 21:15,0,474,0,479,5,0
07/29/2025 21:30,0,663,0,666,3,0
07/29/2025 21:45,0,550,0,552,2,0
07/29/2025 22:00,0,736,0,738,2,0
07/29/2025 22:15,0,618,0,619,1,0
07/29/2025 22:30,0,508,0,511,3,0
07/29/2025 22:45,0,561,0,563,2,0
07/29/2025 23:00,0,410,0,412,3,1
07/29/2025 23:15,0,434,0,437,3,0
07/29/2025 23:30,0,409,0,413,4,0
07/29/2025 23:45,0,344,0,349,5,0
07/30/2025 00:00,0,290,0,295,5,0
07/30/2025 00:15,0,322,0,326,4,0
07/30/2025 00:30,0,348,0,350,2,0
07/30/2025 00:45,0,318,0,320,2,0
07/30/2025 01:00,0,300,0,303,3,0
07/30/2025 01:15,0,417,0,422,5,0
07/30/2025 01:30,0,339,0,343,4,0
07/30/2025 01:45,0,222,0,226,4,0
07/30/2025 02:00,0,425,0,427,2,0
07/30/2025 02:15,0,206,0,210,4,0
07/30/2025 02:30,0,417,0,421,4,0
07/30/2025 02:45,0,338,0,344,6,0
07/30/2025 03:00,0,206,0,210,4,0
07/30/2025 03:15,0,258,0,262,4,0
07/30/2025 03:30,0,313,0,319,6,0
07/30/2025 03:45,0,370,0,374,4,0
07/30/2025 04:00,0,186,0,190,4,0
07/30/2025 04:15,0,231,0,235,4,0
07/30/2025 04:30,0,399,0,403,4,0
07/30/2025 04:45,0,288,0,294,6,0
07/30/2025 05:00,0,314,0,320,6,0
07/30/2025 05:15,0,462,0,468,6,0
07/30/2025 05:30,0,196,0,200,4,0
07/30/2025 05:45,14,155,0,150,9,0
07/30/2025 06:00,80,130,0,121,71,0
07/30/2025 06:15,196,132,0,128,192,0
07/30/2025 06:30,280,275,0,124,129,0
07/30/2025 06:45,372,419,0,69,22,0
07/30/2025 07:00,450,564,0,552,438,0
07/30/2025 07:15,560,376,0,370,554,0
07/30/2025 07:30,665,317,0,311,659,0
07/30/2025 07:45,788,334,0,327,781,0
07/30/2025 08:00,864,139,0,137,862,0
07/30/2025 08:15,946,143,0,140,943,0
07/30/2025 08:30,1015,168,0,163,1010,0
07/30/2025 08:45,1075,176,0,171,1070,0
07/30/2025 09:00,1131,270,0,269,1130,0
07/30/2025 09:15,1174,304,0,297,1167,0
07/30/2025 09:30,1244,200,0,194,1238,0
07/30/2025 09:45,1292,311,0,305,1286,0
07/30/2025 10:00,1356,284,0,279,1351,0
07/30/2025 10:15,1410,359,0,355,1406,0
07/30/2025 10:30,1461,374,71,0,1016,0
07/30/2025 10:45,1515,171,1286,0,58,0
07/30/2025 11:00,1552,300,1180,0,72,0
07/30/2025 11:15,1573,315,1226,0,32,0
07/30/2025 11:30,1631,382,1248,0,1,0
07/30/2025 11:45,1626,203,1354,0,69,0
07/30/2025 12:00,1682,164,1517,0,1,0
07/30/2025 12:15,1675,164,1501,0,10,0
07/30/2025 12:30,1577,147,1418,0,12,0
07/30/2025 12:45,1684,241,1421,0,22,0
07/30/2025 13:00,1678,472,1195,0,11,0
07/30/2025 13:15,1558,495,1063,0,0,0
07/30/2025 13:30,1667,578,1053,0,36,0
07/30/2025 13:45,1638,476,1156,0,6,0
07/30/2025 14:00,1571,350,1585,0,1,365
07/30/2025 14:15,1504,367,1498,0,0,361
07/30/2025 14:30,1432,387,1428,0,0,383
07/30/2025 14:45,1383,369,1381,0,0,367
07/30/2025 15:00,1291,355,1285,0,0,349
07/30/2025 15:15,1185,404,1179,0,0,398
07/30/2025 15:30,1091,485,1089,0,0,483
07/30/2025 15:45,986,366,982,0,0,362
07/30/2025 16:00,804,308,804,0,0,308
07/30/2025 16:15,874,408,864,0,0,398
07/30/2025 16:30,772,417,764,0,0,409
07/30/2025 16:45,578,580,569,0,0,571
07/30/2025 17:00,616,1001,610,0,0,995
07/30/2025 17:15,552,814,552,0,0,814
07/30/2025 17:30,403,587,402,0,0,586
07/30/2025 17:45,401,402,400,0,0,401
07/30/2025 18:00,216,351,211,0,0,346
07/30/2025 18:15,213,459,207,0,0,453
07/30/2025 18:30,178,460,173,0,0,455
07/30/2025 18:45,146,515,138,0,0,507
07/30/2025 19:00,124,674,10,0,0,560
07/30/2025 19:15,80,529,0,3,0,446
07/30/2025 19:30,27,1520,0,13,0,1480
07/30/2025 19:45,3,1357,0,712,14,656
07/30/2025 20:00,0,551,0,567,16,0
07/30/2025 20:15,0,525,0,531,6,0
07/30/2025 20:30,0,403,0,407,4,0
07/30/2025 20:45,0,411,0,415,4,0
07/30/2025 21:00,0,434,0,438,4,0
07/30/2025 21:15,0,553,0,557,4,0
07/30/2025 21:30,0,492,0,496,4,0
07/30/2025 21:45,0,404,0,406,2,0
07/30/2025 22:00,0,612,0,612,0,0
07/30/2025 22:15,0,439,0,441,2,0
07/30/2025 22:30,0,870,0,873,4,1
07/30/2025 22:45,0,602,0,608,6,0
07/30/2025 23:00,0,381,0,387,6,0
07/30/2025 23:15,0,360,0,366,6,0
07/30/2025 23:30,0,434,0,438,4,0
07/30/2025 23:45,0,523,0,525,2,0
07/31/2025 00:00,0,377,0,381,4,0
07/31/2025 00:15,0,360,0,366,6,0
07/31/2025 00:30,0,318,0,322,4,0
07/31/2025 00:45,0,367,0,372,5,0
07/31/2025 01:00,0,273,0,278,5,0
07/31/2025 01:15,0,305,0,311,6,0
07/31/2025 01:30,0,374,0,379,5,0
07/31/2025 01:45,0,426,0,430,4,0
07/31/2025 02:00,0,315,0,318,3,0
07/31/2025 02:15,0,150,0,154,4,0
07/31/2025 02:30,0,163,0,167,4,0
07/31/2025 02:45,0,300,0,304,4,0
07/31/2025 03:00,0,424,0,427,3,0
07/31/2025 03:15,0,462,0,467,5,0
07/31/2025 03:30,0,263,0,268,5,0
07/31/2025 03:45,0,148,0,151,3,0
07/31/2025 04:00,0,133,0,136,4,1
07/31/2025 04:15,0,162,0,166,4,0
07/31/2025 04:30,0,450,0,453,3,0
07/31/2025 04:45,0,312,0,317,5,0
07/31/2025 05:00,0,366,0,370,4,0
07/31/2025 05:15,0,360,0,366,6,0
07/31/2025 05:30,0,166,0,170,4,0
07/31/2025 05:45,0,240,0,242,2,0
07/31/2025 06:00,44,362,0,353,35,0
07/31/2025 06:15,66,391,0,389,64,0
07/31/2025 06:30,77,312,0,306,71,0
07/31/2025 06:45,119,419,0,415,115,0
07/31/2025 07:00,218,592,0,587,213,0
07/31/2025 07:15,438,427,0,430,441,0
07/31/2025 07:30,334,349,0,343,328,0
07/31/2025 07:45,443,303,0,307,447,0
07/31/2025 08:00,277,139,0,139,277,0
07/31/2025 08:15,272,231,0,234,275,0
07/31/2025 08:30,159,265,0,270,164,0
07/31/2025 08:45,246,279,0,275,242,0
07/31/2025 09:00,347,258,0,256,345,0
07/31/2025 09:15,486,293,0,288,481,0
07/31/2025 09:30,777,183,0,169,763,0
07/31/2025 09:45,362,188,0,198,372,0
07/31/2025 10:00,298,167,0,161,292,0
07/31/2025 10:15,155,133,0,142,164,0
07/31/2025 10:30,136,132,0,126,130,0
07/31/2025 10:45,273,166,0,161,268,0
07/31/2025 11:00,617,149,0,145,613,0
07/31/2025 11:15,451,150,0,149,450,0
07/31/2025 11:30,447,145,0,157,459,0
07/31/2025 11:45,374,134,0,131,371,0
07/31/2025 12:00,533,157,0,161,537,0
07/31/2025 12:15,215,153,0,155,217,0
07/31/2025 12:30,242,130,0,132,244,0
07/31/2025 12:45,282,182,0,177,277,0
07/31/2025 13:00,389,213,0,219,395,0
07/31/2025 13:15,373,181,0,181,373,0
07/31/2025 13:30,134,135,0,141,140,0
07/31/2025 13:45,101,131,0,130,100,0
07/31/2025 14:00,183,156,198,0,2,173
07/31/2025 14:15,231,145,226,0,0,140
07/31/2025 14:30,208,161,204,0,0,157
07/31/2025 14:45,142,132,137,0,0,127
07/31/2025 15:00,189,132,183,0,0,126
07/31/2025 15:15,156,153,151,0,0,148
07/31/2025 15:30,182,162,177,0,0,157
07/31/2025 15:45,86,138,81,0,0,133
07/31/2025 16:00,66,133,61,0,0,128
07/31/2025 16:15,102,152,96,0,0,146
07/31/2025 16:30,42,168,36,0,0,162
07/31/2025 16:45,16,158,8,0,0,150
07/31/2025 17:00,55,374,49,0,0,368
07/31/2025 17:15,19,397,10,0,0,388
07/31/2025 17:30,26,656,20,0,0,650
07/31/2025 17:45,20,347,16,0,0,343
07/31/2025 18:00,15,281,13,0,0,279
07/31/2025 18:15,13,190,5,0,0,182
07/31/2025 18:30,9,335,3,0,0,329
07/31/2025 18:45,3,513,0,1,0,509
07/31/2025 19:00,0,486,0,9,0,477
07/31/2025 19:15,0,475,0,3,0,472
07/31/2025 19:30,0,438,0,4,0,434
07/31/2025 19:45,0,256,0,2,0,254
07/31/2025 20:00,0,249,3,0,0,252
07/31/2025 20:15,0,279,0,208,11,82
07/31/2025 20:30,0,517,0,524,7,0
07/31/2025 20:45,0,472,0,476,4,0
07/31/2025 21:00,0,785,0,787,2,0
07/31/2025 21:15,0,554,0,558,4,0
07/31/2025 21:30,0,558,0,562,4,0
07/31/2025 21:45,0,608,0,610,2,0
07/31/2025 22:00,0,548,0,552,4,0
07/31/2025 22:15,0,807,0,811,4,0
07/31/2025 22:30,0,599,0,603,4,0
07/31/2025 22:45,0,271,0,278,7,0
07/31/2025 23:00,0,222,0,229,7,0
07/31/2025 23:15,0,313,0,319,6,0
07/31/2025 23:30,0,298,0,304,6,0
07/31/2025 23:45,0,247,0,253,6,0
