Date/Time,Energy Produced (Wh),Energy Consumed (Wh),Exported to Grid (Wh),Imported from Grid (Wh),Stored in batteries (Wh),Discharged from batteries (Wh)
06/01/2025 00:00,0,145,0,5,0,140
06/01/2025 00:15,0,275,0,6,0,269
06/01/2025 00:30,0,280,0,1,0,279
06/01/2025 00:45,0,155,0,7,0,148
06/01/2025 01:00,0,172,0,5,0,167
06/01/2025 01:15,0,107,0,6,0,101
06/01/2025 01:30,0,132,0,5,0,127
06/01/2025 01:45,0,105,0,5,0,100
06/01/2025 02:00,0,98,0,6,0,92
06/01/2025 02:15,0,127,0,128,5,4
06/01/2025 02:30,0,111,0,116,5,0
06/01/2025 02:45,0,109,0,113,4,0
06/01/2025 03:00,0,174,0,178,4,0
06/01/2025 03:15,0,138,0,142,4,0
06/01/2025 03:30,0,96,0,101,5,0
06/01/2025 03:45,0,97,0,102,5,0
06/01/2025 04:00,0,126,0,128,2,0
06/01/2025 04:15,0,117,0,120,3,0
06/01/2025 04:30,0,98,0,103,5,0
06/01/2025 04:45,0,115,0,119,4,0
06/01/2025 05:00,0,135,0,138,3,0
06/01/2025 05:15,0,101,0,105,4,0
06/01/2025 05:30,33,96,0,67,4,0
06/01/2025 05:45,88,116,0,31,3,0
06/01/2025 06:00,112,124,0,20,8,0
06/01/2025 06:15,171,135,0,33,69,0
06/01/2025 06:30,158,137,0,25,46,0
06/01/2025 06:45,200,142,0,3,61,0
06/01/2025 07:00,307,330,0,327,304,0
06/01/2025 07:15,349,178,0,183,354,0
06/01/2025 07:30,910,139,0,141,912,0
06/01/2025 07:45,1053,120,0,124,1057,0
06/01/2025 08:00,1076,190,0,128,1014,0
06/01/2025 08:15,509,306,0,283,486,0
06/01/2025 08:30,911,231,0,112,792,0
06/01/2025 08:45,1088,160,0,0,928,0
06/01/2025 09:00,1151,169,0,74,1056,0
06/01/2025 09:15,563,221,0,216,558,0
06/01/2025 09:30,500,155,0,154,499,0
06/01/2025 09:45,780,138,0,124,766,0
06/01/2025 10:00,1021,148,0,104,977,0
06/01/2025 10:15,929,133,0,21,817,0
06/01/2025 10:30,1488,132,133,0,1223,0
06/01/2025 10:45,1202,122,75,0,1005,0
06/01/2025 11:00,1122,221,0,114,1015,0
06/01/2025 11:15,881,159,0,93,815,0
06/01/2025 11:30,1325,136,737,0,452,0
06/01/2025 11:45,1465,130,1269,0,66,0
06/01/2025 12:00,1435,137,1267,0,31,0
06/01/2025 12:15,1350,106,1181,0,63,0
06/01/2025 12:30,1438,131,1280,0,27,0
06/01/2025 12:45,1772,115,1574,0,83,0
06/01/2025 13:00,1387,103,1405,0,0,121
06/01/2025 13:15,1751,124,1747,0,0,120
06/01/2025 13:30,1206,140,1203,0,0,137
06/01/2025 13:45,1215,158,1214,0,0,157
06/01/2025 14:00,1500,184,1496,0,0,180
06/01/2025 14:15,1065,303,1061,0,0,299
06/01/2025 14:30,1651,194,1649,0,0,192
06/01/2025 14:45,1679,204,1676,0,0,201
06/01/2025 15:00,1330,173,1327,0,0,170
06/01/2025 15:15,1062,155,1058,0,0,151
06/01/2025 15:30,777,210,775,0,0,208
06/01/2025 15:45,744,130,739,0,0,125
06/01/2025 16:00,958,133,958,0,0,133
06/01/2025 16:15,721,139,718,0,0,136
06/01/2025 16:30,678,130,675,0,0,127
06/01/2025 16:45,527,151,527,0,0,151
06/01/2025 17:00,624,250,622,0,0,248
06/01/2025 17:15,461,213,455,0,0,207
06/01/2025 17:30,572,309,568,0,0,305
06/01/2025 17:45,445,377,440,0,0,372
06/01/2025 18:00,311,323,311,0,0,323
06/01/2025 18:15,248,174,245,0,0,171
06/01/2025 18:30,244,147,241,0,0,144
06/01/2025 18:45,154,105,151,0,0,102
06/01/2025 19:00,122,116,7,0,17,18
06/01/2025 19:15,94,151,0,9,0,48
06/01/2025 19:30,63,212,0,6,1,144
06/01/2025 19:45,32,261,0,5,0,224
06/01/2025 20:00,9,444,1,0,0,436
06/01/2025 20:15,0,443,5,0,0,448
06/01/2025 20:30,0,1586,0,2,0,1584
06/01/2025 20:45,0,1653,15,0,0,1668
06/01/2025 21:00,0,420,2,0,0,422
06/01/2025 21:15,0,1505,3,0,0,1508
06/01/2025 21:30,0,340,5,0,0,345
06/01/2025 21:45,0,661,0,17,0,644
06/01/2025 22:00,0,174,0,166,18,26
06/01/2025 22:15,0,120,0,126,6,0
06/01/2025 22:30,0,127,0,131,4,0
06/01/2025 22:45,0,163,0,169,6,0
06/01/2025 23:00,0,165,0,169,4,0
06/01/2025 23:15,0,145,0,151,6,0
06/01/2025 23:30,0,113,0,117,4,0
06/01/2025 23:45,0,111,0,117,6,0
06/02/2025 00:00,0,136,0,140,4,0
06/02/2025 00:15,0,112,0,114,2,0
06/02/2025 00:30,0,131,0,135,4,0
06/02/2025 00:45,0,107,0,113,6,0
06/02/2025 01:00,0,106,0,110,4,0
06/02/2025 01:15,0,126,0,130,4,0
06/02/2025 01:30,0,122,0,126,4,0
06/02/2025 01:45,0,125,0,130,5,0
06/02/2025 02:00,0,133,0,138,5,0
06/02/2025 02:15,0,103,0,107,4,0
06/02/2025 02:30,0,101,0,107,6,0
06/02/2025 02:45,0,117,0,121,4,0
06/02/2025 03:00,0,120,0,124,4,0
06/02/2025 03:15,0,112,0,116,4,0
06/02/2025 03:30,0,132,0,138,6,0
06/02/2025 03:45,0,107,0,111,4,0
06/02/2025 04:00,0,106,0,110,4,0
06/02/2025 04:15,0,114,0,120,6,0
06/02/2025 04:30,0,116,0,120,4,0
06/02/2025 04:45,0,103,0,107,4,0
06/02/2025 05:00,0,133,0,137,4,0
06/02/2025 05:15,0,126,0,130,4,0
06/02/2025 05:30,6,102,0,100,4,0
06/02/2025 05:45,68,101,0,95,62,0
06/02/2025 06:00,352,122,0,52,282,0
06/02/2025 06:15,458,104,10,0,358,14
06/02/2025 06:30,534,107,0,4,431,0
06/02/2025 06:45,622,141,0,10,491,0
06/02/2025 07:00,771,136,0,147,782,0
06/02/2025 07:15,890,114,0,132,908,0
06/02/2025 07:30,970,122,0,142,990,0
06/02/2025 07:45,1042,142,0,148,1048,0
06/02/2025 08:00,1128,101,0,104,1131,0
06/02/2025 08:15,1197,105,0,101,1193,0
06/02/2025 08:30,1252,131,0,127,1248,0
06/02/2025 08:45,1305,103,0,99,1301,0
06/02/2025 09:00,1344,134,0,82,1292,0
06/02/2025 09:15,1423,138,0,129,1414,0
06/02/2025 09:30,1465,105,0,105,1465,0
06/02/2025 09:45,1535,96,661,0,778,0
06/02/2025 10:00,1581,119,1364,0,98,0
06/02/2025 10:15,1632,124,1480,0,28,0
06/02/2025 10:30,1688,110,1492,0,86,0
06/02/2025 10:45,1593,154,1407,0,32,0
06/02/2025 11:00,1792,264,1442,0,86,0
06/02/2025 11:15,1645,174,1459,0,12,0
06/02/2025 11:30,1772,229,1492,0,51,0
06/02/2025 11:45,1785,229,1505,0,51,0
06/02/2025 12:00,1332,411,915,0,6,0
06/02/2025 12:15,1923,166,1703,0,54,0
06/02/2025 12:30,1819,126,1667,0,26,0
06/02/2025 12:45,1674,117,1529,0,28,0
06/02/2025 13:00,1899,129,1916,0,1,147
06/02/2025 13:15,1956,128,1954,0,0,126
06/02/2025 13:30,1826,160,1823,0,0,157
06/02/2025 13:45,1353,145,1352,0,0,144
06/02/2025 14:00,1641,126,1637,0,0,122
06/02/2025 14:15,1632,109,1631,0,0,108
06/02/2025 14:30,1292,134,1290,0,0,132
06/02/2025 14:45,1545,128,1542,0,0,125
06/02/2025 15:00,1401,105,1399,0,0,103
06/02/2025 15:15,1216,103,1213,0,0,100
06/02/2025 15:30,983,169,976,0,0,162
06/02/2025 15:45,868,173,867,0,0,172
06/02/2025 16:00,1137,120,1133,0,0,116
06/02/2025 16:15,775,129,772,0,0,126
06/02/2025 16:30,857,112,853,0,0,108
06/02/2025 16:45,582,105,578,0,0,101
06/02/2025 17:00,589,122,586,0,0,119
06/02/2025 17:15,593,128,589,0,0,124
06/02/2025 17:30,514,214,508,0,0,208
06/02/2025 17:45,409,251,408,0,0,250
06/02/2025 18:00,326,117,322,0,0,113
06/02/2025 18:15,346,117,343,0,0,114
06/02/2025 18:30,230,322,219,0,0,311
06/02/2025 18:45,139,420,138,0,0,419
06/02/2025 19:00,97,481,15,0,1,400
06/02/2025 19:15,52,264,0,5,0,207
06/02/2025 19:30,32,529,0,9,0,488
06/02/2025 19:45,23,1619,12,0,0,1608
06/02/2025 20:00,3,1102,21,0,0,1120
06/02/2025 20:15,0,151,0,5,0,146
06/02/2025 20:30,0,478,0,7,0,471
06/02/2025 20:45,0,1596,10,0,0,1606
06/02/2025 21:00,0,1017,8,0,0,1025
06/02/2025 21:15,0,340,4,0,0,344
06/02/2025 21:30,0,354,7,0,0,361
06/02/2025 21:45,0,312,0,1,0,311
06/02/2025 22:00,0,570,0,352,13,231
06/02/2025 22:15,0,493,0,508,15,0
06/02/2025 22:30,0,450,0,457,7,0
06/02/2025 22:45,0,282,0,289,7,0
06/02/2025 23:00,0,144,0,149,5,0
06/02/2025 23:15,0,105,0,110,5,0
06/02/2025 23:30,0,137,0,141,4,0
06/02/2025 23:45,0,213,0,220,7,0
06/03/2025 00:00,0,128,0,133,5,0
06/03/2025 00:15,0,140,0,144,4,0
06/03/2025 00:30,0,109,0,114,5,0
06/03/2025 00:45,0,98,0,103,5,0
06/03/2025 01:00,0,112,0,117,5,0
06/03/2025 01:15,0,251,0,256,5,0
06/03/2025 01:30,0,145,0,149,4,0
06/03/2025 01:45,0,115,0,119,4,0
06/03/2025 02:00,0,107,0,113,6,0
06/03/2025 02:15,0,98,0,102,4,0
06/03/2025 02:30,0,121,0,125,4,0
06/03/2025 02:45,0,164,0,167,3,0
06/03/2025 03:00,0,166,0,169,3,0
06/03/2025 03:15,0,133,0,137,4,0
06/03/2025 03:30,0,130,0,134,4,0
06/03/2025 03:45,0,118,0,120,2,0
06/03/2025 04:00,0,100,0,104,4,0
06/03/2025 04:15,0,121,0,126,5,0
06/03/2025 04:30,0,111,0,116,5,0
06/03/2025 04:45,0,127,0,131,4,0
06/03/2025 05:00,0,104,0,108,4,0
06/03/2025 05:15,22,97,0,88,13,0
06/03/2025 05:30,74,122,0,113,65,0
06/03/2025 05:45,195,104,0,60,151,0
06/03/2025 06:00,307,119,46,0,188,46
06/03/2025 06:15,403,117,200,0,273,187
06/03/2025 06:30,501,95,0,5,411,0
06/03/2025 06:45,591,112,0,9,488,0
06/03/2025 07:00,719,131,0,131,719,0
06/03/2025 07:15,840,113,0,103,830,0
06/03/2025 07:30,905,147,0,139,897,0
06/03/2025 07:45,985,126,0,114,973,0
06/03/2025 08:00,1063,97,0,90,1056,0
06/03/2025 08:15,1144,216,0,208,1136,0
06/03/2025 08:30,1214,182,0,172,1204,0
06/03/2025 08:45,1263,124,0,114,1253,0
06/03/2025 09:00,1319,122,0,114,1311,0
06/03/2025 09:15,1368,106,0,90,1352,0
06/03/2025 09:30,1420,101,0,89,1408,0
06/03/2025 09:45,1495,99,0,52,1448,0
06/03/2025 10:00,1546,115,1092,0,339,0
06/03/2025 10:15,1603,111,1428,0,64,0
06/03/2025 10:30,1642,129,1447,0,66,0
06/03/2025 10:45,1707,100,1571,0,36,0
06/03/2025 11:00,1752,98,1602,0,52,0
06/03/2025 11:15,1797,127,1608,0,62,0
06/03/2025 11:30,1820,108,1704,0,8,0
06/03/2025 11:45,1848,124,1696,0,28,0
06/03/2025 12:00,1862,118,1686,0,58,0
06/03/2025 12:15,1866,105,1700,0,61,0
06/03/2025 12:30,1843,102,1732,0,9,0
06/03/2025 12:45,1842,128,1711,0,3,0
06/03/2025 13:00,1837,108,1865,0,1,137
06/03/2025 13:15,1836,137,1834,0,0,135
06/03/2025 13:30,1833,178,1830,0,0,175
06/03/2025 13:45,1810,153,1811,0,0,154
06/03/2025 14:00,1738,123,1734,0,0,119
06/03/2025 14:15,1674,106,1672,0,0,104
06/03/2025 14:30,1607,129,1606,0,0,128
06/03/2025 14:45,1502,113,1499,0,0,110
06/03/2025 15:00,1461,153,1457,0,0,149
06/03/2025 15:15,1287,152,1284,0,0,149
06/03/2025 15:30,1167,148,1164,0,0,145
06/03/2025 15:45,1033,151,1029,0,0,147
06/03/2025 16:00,1110,171,1106,0,0,167
06/03/2025 16:15,1047,209,1044,0,0,206
06/03/2025 16:30,930,147,925,0,0,142
06/03/2025 16:45,768,180,769,0,0,181
06/03/2025 17:00,813,167,809,0,0,163
06/03/2025 17:15,685,134,682,0,0,131
06/03/2025 17:30,586,279,574,0,0,267
06/03/2025 17:45,444,339,447,0,0,342
06/03/2025 18:00,272,212,272,0,0,212
06/03/2025 18:15,183,100,180,0,0,97
06/03/2025 18:30,164,340,155,0,0,331
06/03/2025 18:45,144,441,143,0,0,440
06/03/2025 19:00,141,333,11,0,0,203
06/03/2025 19:15,96,492,0,3,0,393
06/03/2025 19:30,50,172,0,8,0,114
06/03/2025 19:45,27,154,0,8,0,119
06/03/2025 20:00,7,381,0,9,0,365
06/03/2025 20:15,0,568,0,0,0,568
06/03/2025 20:30,0,356,0,5,0,351
06/03/2025 20:45,0,512,1,0,0,513
06/03/2025 21:00,0,254,0,3,0,251
06/03/2025 21:15,0,291,5,0,0,296
06/03/2025 21:30,0,1148,1,0,0,1149
06/03/2025 21:45,0,1524,3,0,0,1527
06/03/2025 22:00,0,546,5,0,0,551
06/03/2025 22:15,0,385,0,2,0,383
06/03/2025 22:30,0,1111,0,247,3,867
06/03/2025 22:45,0,495,0,514,19,0
06/03/2025 23:00,0,174,0,182,8,0
06/03/2025 23:15,0,134,0,139,5,0
06/03/2025 23:30,0,184,0,190,6,0
06/03/2025 23:45,0,185,0,190,5,0
06/04/2025 00:00,0,110,0,113,3,0
06/04/2025 00:15,0,286,0,290,4,0
06/04/2025 00:30,0,235,0,239,4,0
06/04/2025 00:45,0,112,0,117,5,0
06/04/2025 01:00,0,137,0,141,4,0
06/04/2025 01:15,0,136,0,142,6,0
06/04/2025 01:30,0,97,0,101,4,0
06/04/2025 01:45,0,115,0,120,5,0
06/04/2025 02:00,0,125,0,130,5,0
06/04/2025 02:15,0,112,0,117,5,0
06/04/2025 02:30,0,127,0,132,5,0
06/04/2025 02:45,0,156,0,160,4,0
06/04/2025 03:00,0,110,0,114,4,0
06/04/2025 03:15,0,115,0,119,4,0
06/04/2025 03:30,0,123,0,128,5,0
06/04/2025 03:45,0,97,0,102,5,0
06/04/2025 04:00,0,98,0,102,4,0
06/04/2025 04:15,0,128,0,132,4,0
06/04/2025 04:30,0,102,0,108,6,0
06/04/2025 04:45,0,131,0,135,4,0
06/04/2025 05:00,0,103,0,109,6,0
06/04/2025 05:15,0,97,0,102,5,0
06/04/2025 05:30,23,109,0,101,15,0
06/04/2025 05:45,59,188,0,179,50,0
06/04/2025 06:00,112,124,0,112,100,0
06/04/2025 06:15,170,117,0,5,58,0
06/04/2025 06:30,234,101,0,6,139,0
06/04/2025 06:45,300,118,136,0,178,132
06/04/2025 07:00,353,133,0,122,344,2
06/04/2025 07:15,457,116,0,105,446,0
06/04/2025 07:30,606,132,0,122,596,0
06/04/2025 07:45,764,122,0,115,757,0
06/04/2025 08:00,841,103,0,96,834,0
06/04/2025 08:15,900,104,0,100,896,0
06/04/2025 08:30,916,148,0,141,909,0
06/04/2025 08:45,988,146,0,131,973,0
06/04/2025 09:00,966,127,0,121,960,0
06/04/2025 09:15,1109,100,0,87,1096,0
06/04/2025 09:30,1055,119,0,114,1050,0
06/04/2025 09:45,1146,118,0,104,1132,0
06/04/2025 10:00,1325,115,0,100,1310,0
06/04/2025 10:15,1337,100,0,93,1330,0
06/04/2025 10:30,1230,94,0,83,1219,0
06/04/2025 10:45,1406,189,200,0,1017,0
06/04/2025 11:00,1548,184,1299,0,65,0
06/04/2025 11:15,1582,108,1384,0,90,0
06/04/2025 11:30,1607,99,1477,0,31,0
06/04/2025 11:45,1639,124,1426,0,89,0
06/04/2025 12:00,1677,109,1559,0,9,0
06/04/2025 12:15,1691,134,1488,0,69,0
06/04/2025 12:30,1392,124,1233,0,35,0
06/04/2025 12:45,1345,97,1240,0,8,0
06/04/2025 13:00,1567,99,1592,0,0,124
06/04/2025 13:15,1601,124,1596,0,0,119
06/04/2025 13:30,1539,232,1538,0,0,231
06/04/2025 13:45,1514,109,1509,0,0,104
06/04/2025 14:00,1476,110,1474,0,0,108
06/04/2025 14:15,1395,131,1390,0,0,126
06/04/2025 14:30,1238,163,1234,0,0,159
06/04/2025 14:45,1159,197,1159,0,0,197
06/04/2025 15:00,1190,141,1188,0,0,139
06/04/2025 15:15,1066,138,1061,0,0,133
06/04/2025 15:30,979,260,977,0,0,258
06/04/2025 15:45,939,142,939,0,0,142
06/04/2025 16:00,741,137,735,0,0,131
06/04/2025 16:15,731,206,731,0,0,206
06/04/2025 16:30,666,376,657,0,0,367
06/04/2025 16:45,571,558,569,0,0,556
06/04/2025 17:00,526,452,525,0,0,451
06/04/2025 17:15,476,366,472,0,0,362
06/04/2025 17:30,373,161,374,0,0,162
06/04/2025 17:45,328,227,322,0,0,221
06/04/2025 18:00,314,190,311,0,0,187
06/04/2025 18:15,251,111,244,0,0,104
06/04/2025 18:30,203,479,194,0,0,470
06/04/2025 18:45,165,410,166,0,0,411
06/04/2025 19:00,143,562,2,0,0,421
06/04/2025 19:15,119,1473,27,0,0,1381
06/04/2025 19:30,108,391,5,0,0,288
06/04/2025 19:45,73,171,0,5,0,93
06/04/2025 20:00,27,369,0,13,0,329
06/04/2025 20:15,6,544,3,0,0,541
06/04/2025 20:30,0,339,0,5,0,334
06/04/2025 20:45,0,1232,20,0,0,1252
06/04/2025 21:00,0,557,10,0,0,567
06/04/2025 21:15,0,427,4,0,0,431
06/04/2025 21:30,0,242,2,0,0,244
06/04/2025 21:45,0,308,0,0,0,308
06/04/2025 22:00,0,414,0,167,10,257
06/04/2025 22:15,0,368,0,382,15,1
06/04/2025 22:30,0,469,0,472,3,0
06/04/2025 22:45,0,351,0,353,2,0
06/04/2025 23:00,0,275,0,276,1,0
06/04/2025 23:15,0,317,0,322,5,0
06/04/2025 23:30,0,183,0,183,0,0
06/04/2025 23:45,0,212,0,213,1,0
06/05/2025 00:00,0,139,0,144,5,0
06/05/2025 00:15,0,122,0,127,5,0
06/05/2025 00:30,0,111,0,116,5,0
06/05/2025 00:45,0,244,0,250,6,0
06/05/2025 01:00,0,225,0,229,4,0
06/05/2025 01:15,0,184,0,188,4,0
06/05/2025 01:30,0,97,0,103,6,0
06/05/2025 01:45,0,97,0,102,5,0
06/05/2025 02:00,0,127,0,132,5,0
06/05/2025 02:15,0,118,0,122,4,0
06/05/2025 02:30,0,164,0,169,5,0
06/05/2025 02:45,0,142,0,147,5,0
06/05/2025 03:00,0,203,0,209,6,0
06/05/2025 03:15,0,143,0,148,5,0
06/05/2025 03:30,0,171,0,175,4,0
06/05/2025 03:45,0,183,0,188,5,0
06/05/2025 04:00,0,249,0,254,5,0
06/05/2025 04:15,0,136,0,141,5,0
06/05/2025 04:30,0,110,0,116,6,0
06/05/2025 04:45,0,118,0,123,5,0
06/05/2025 05:00,0,135,0,139,4,0
06/05/2025 05:15,6,139,0,138,5,0
06/05/2025 05:30,48,181,0,171,38,0
06/05/2025 05:45,143,122,0,109,130,0
06/05/2025 06:00,252,144,0,7,115,0
06/05/2025 06:15,338,201,34,0,143,40
06/05/2025 06:30,417,126,246,0,265,220
06/05/2025 06:45,514,116,92,0,392,86
06/05/2025 07:00,645,162,0,150,633,0
06/05/2025 07:15,749,146,0,145,748,0
06/05/2025 07:30,831,214,0,207,824,0
06/05/2025 07:45,910,253,0,246,903,0
06/05/2025 08:00,984,228,0,222,978,0
06/05/2025 08:15,1046,205,0,199,1040,0
06/05/2025 08:30,1110,214,0,211,1107,0
06/05/2025 08:45,1169,132,0,131,1168,0
06/05/2025 09:00,1223,209,0,206,1220,0
06/05/2025 09:15,1278,150,0,146,1274,0
06/05/2025 09:30,1340,104,0,101,1337,0
06/05/2025 09:45,1393,126,0,124,1391,0
06/05/2025 10:00,1450,209,0,203,1444,0
06/05/2025 10:15,1507,119,915,0,473,0
06/05/2025 10:30,1571,107,1423,0,41,0
06/05/2025 10:45,1626,101,1457,0,68,0
06/05/2025 11:00,1668,134,1479,0,55,0
06/05/2025 11:15,1676,165,1441,0,70,0
06/05/2025 11:30,1664,113,1519,0,32,0
06/05/2025 11:45,1781,126,1648,0,7,0
06/05/2025 12:00,1463,344,1056,0,63,0
06/05/2025 12:15,1447,465,928,0,54,0
06/05/2025 12:30,1753,335,1408,0,10,0
06/05/2025 12:45,1734,319,1395,0,20,0
06/05/2025 13:00,1787,353,1782,0,12,360
06/05/2025 13:15,1809,362,1805,0,0,358
06/05/2025 13:30,1386,387,1386,0,0,387
06/05/2025 13:45,1696,310,1695,0,0,309
06/05/2025 14:00,1560,341,1556,0,0,337
06/05/2025 14:15,1725,383,1723,0,0,381
06/05/2025 14:30,1628,316,1627,0,0,315
06/05/2025 14:45,1505,391,1496,0,0,382
06/05/2025 15:00,478,402,473,0,0,397
06/05/2025 15:15,832,360,830,0,0,358
06/05/2025 15:30,1113,369,1111,0,0,367
06/05/2025 15:45,1161,310,1161,0,0,310
06/05/2025 16:00,984,411,978,0,0,405
06/05/2025 16:15,829,431,829,0,0,431
06/05/2025 16:30,696,325,693,0,0,322
06/05/2025 16:45,772,358,769,0,0,355
06/05/2025 17:00,675,450,669,0,0,444
06/05/2025 17:15,598,529,598,0,0,529
06/05/2025 17:30,510,398,507,0,0,395
06/05/2025 17:45,384,574,375,0,0,565
06/05/2025 18:00,339,561,337,0,0,559
06/05/2025 18:15,241,708,236,0,0,703
06/05/2025 18:30,171,602,168,0,0,599
06/05/2025 18:45,135,408,132,0,0,405
06/05/2025 19:00,107,466,7,0,0,366
06/05/2025 19:15,78,605,9,0,0,536
06/05/2025 19:30,51,613,0,2,0,560
06/05/2025 19:45,20,552,4,0,0,536
06/05/2025 20:00,1,701,0,590,19,129
06/05/2025 20:15,0,573,0,585,12,0
06/05/2025 20:30,0,1756,0,1770,14,0
06/05/2025 20:45,0,1179,0,1197,18,0
06/05/2025 21:00,0,507,0,521,14,0
06/05/2025 21:15,0,437,0,454,17,0
06/05/2025 21:30,0,507,0,525,19,1
06/05/2025 21:45,0,472,0,486,14,0
06/05/2025 22:00,0,668,0,679,12,1
06/05/2025 22:15,0,449,0,455,6,0
06/05/2025 22:30,0,428,0,434,6,0
06/05/2025 22:45,0,412,0,416,4,0
06/05/2025 23:00,0,343,0,347,4,0
06/05/2025 23:15,0,329,0,335,6,0
06/05/2025 23:30,0,348,0,354,6,0
06/05/2025 23:45,0,360,0,364,4,0
06/06/2025 00:00,0,125,0,131,6,0
06/06/2025 00:15,0,329,0,334,5,0
06/06/2025 00:30,0,423,0,428,5,0
06/06/2025 00:45,0,169,0,175,6,0
06/06/2025 01:00,0,278,0,282,4,0
06/06/2025 01:15,0,321,0,327,6,0
06/06/2025 01:30,0,284,0,288,4,0
06/06/2025 01:45,0,162,0,168,6,0
06/06/2025 02:00,0,144,0,150,6,0
06/06/2025 02:15,0,330,0,336,6,0
06/06/2025 02:30,0,361,0,367,6,0
06/06/2025 02:45,0,223,0,229,6,0
06/06/2025 03:00,0,287,0,293,6,0
06/06/2025 03:15,0,167,0,173,6,0
06/06/2025 03:30,0,312,0,318,6,0
06/06/2025 03:45,0,198,0,204,6,0
06/06/2025 04:00,0,198,0,202,4,0
06/06/2025 04:15,0,299,0,305,6,0
06/06/2025 04:30,0,166,0,172,6,0
06/06/2025 04:45,0,309,0,315,6,0
06/06/2025 05:00,0,241,0,245,4,0
06/06/2025 05:15,0,126,0,132,6,0
06/06/2025 05:30,20,113,0,105,12,0
06/06/2025 05:45,76,136,0,128,68,0
06/06/2025 06:00,181,327,0,322,176,0
06/06/2025 06:15,253,228,0,146,171,0
06/06/2025 06:30,340,147,45,0,196,48
06/06/2025 06:45,434,385,0,887,936,0
06/06/2025 07:00,583,123,0,2711,3171,0
06/06/2025 07:15,431,231,0,232,432,0
06/06/2025 07:30,404,151,0,152,405,0
06/06/2025 07:45,400,168,0,172,404,0
06/06/2025 08:00,229,129,0,132,232,0
06/06/2025 08:15,337,188,0,177,326,0
06/06/2025 08:30,569,257,0,244,556,0
06/06/2025 08:45,1062,177,0,131,1016,0
06/06/2025 09:00,1202,-1,6,0,1197,0
06/06/2025 09:15,829,2,14,0,813,0
06/06/2025 09:30,851,219,0,204,836,0
06/06/2025 09:45,995,378,0,359,976,0
06/06/2025 10:00,1108,651,0,630,1087,0
06/06/2025 10:15,1498,435,0,426,1489,0
06/06/2025 10:30,1544,416,110,0,1018,0
06/06/2025 10:45,1436,421,870,0,145,0
06/06/2025 11:00,1406,324,983,0,99,0
06/06/2025 11:15,1312,201,1095,0,16,0
06/06/2025 11:30,1261,1374,0,211,98,0
06/06/2025 11:45,1345,1179,143,0,23,0
06/06/2025 12:00,742,408,328,0,6,0
06/06/2025 12:15,863,311,489,0,64,1
06/06/2025 12:30,1020,397,557,0,66,0
06/06/2025 12:45,1178,330,830,0,18,0
06/06/2025 13:00,1274,247,1299,0,1,273
06/06/2025 13:15,1567,140,1564,0,0,137
06/06/2025 13:30,1463,189,1459,0,0,185
06/06/2025 13:45,1065,259,1060,0,0,254
06/06/2025 14:00,1250,335,1247,0,0,332
06/06/2025 14:15,1394,205,1390,0,0,201
06/06/2025 14:30,1205,387,1203,0,0,385
06/06/2025 14:45,1047,417,1043,0,0,413
06/06/2025 15:00,1268,514,1270,0,0,516
06/06/2025 15:15,1170,261,1171,0,0,262
06/06/2025 15:30,907,157,904,0,0,154
06/06/2025 15:45,353,233,0,599,871,152
06/06/2025 16:00,255,549,0,3350,3056,0
06/06/2025 16:15,140,415,0,20,46,301
06/06/2025 16:30,119,277,117,0,0,275
06/06/2025 16:45,193,388,190,0,0,385
06/06/2025 17:00,334,373,333,0,0,372
06/06/2025 17:15,262,425,255,0,0,418
06/06/2025 17:30,176,476,177,0,0,477
06/06/2025 17:45,93,439,90,0,0,436
06/06/2025 18:00,39,389,36,0,0,386
06/06/2025 18:15,17,324,18,0,0,325
06/06/2025 18:30,8,381,3,0,0,376
06/06/2025 18:45,7,349,0,0,0,342
06/06/2025 19:00,7,620,9,0,0,622
06/06/2025 19:15,2,398,2,0,0,398
06/06/2025 19:30,0,351,0,2,0,349
06/06/2025 19:45,0,187,0,4,0,183
06/06/2025 20:00,0,300,0,5,0,295
06/06/2025 20:15,0,349,0,5,0,344
06/06/2025 20:30,0,457,6,0,0,463
06/06/2025 20:45,0,604,0,1,0,603
06/06/2025 21:00,0,1107,2,0,0,1109
06/06/2025 21:15,0,1409,5,0,0,1414
06/06/2025 21:30,0,506,4,0,0,510
06/06/2025 21:45,0,363,0,6,0,357
06/06/2025 22:00,0,415,0,2,0,413
06/06/2025 22:15,0,469,0,4,0,465
06/06/2025 22:30,0,398,0,9,0,389
06/06/2025 22:45,0,484,0,437,16,63
06/06/2025 23:00,0,404,0,413,10,1
06/06/2025 23:15,0,270,0,276,6,0
06/06/2025 23:30,0,174,0,176,2,0
06/06/2025 23:45,0,393,0,397,4,0
06/07/2025 00:00,0,149,0,153,4,0
06/07/2025 00:15,0,302,0,308,6,0
06/07/2025 00:30,0,166,0,170,4,0
06/07/2025 00:45,0,122,0,126,4,0
06/07/2025 01:00,0,139,0,143,4,0
06/07/2025 01:15,0,280,0,284,4,0
06/07/2025 01:30,0,161,0,163,2,0
06/07/2025 01:45,0,110,0,115,5,0
06/07/2025 02:00,0,202,0,207,5,0
06/07/2025 02:15,0,224,0,226,2,0
06/07/2025 02:30,0,125,0,128,3,0
06/07/2025 02:45,0,117,0,119,2,0
06/07/2025 03:00,0,114,0,119,5,0
06/07/2025 03:15,0,232,0,236,4,0
06/07/2025 03:30,0,318,0,320,2,0
06/07/2025 03:45,0,345,0,349,4,0
06/07/2025 04:00,0,125,0,129,4,0
06/07/2025 04:15,0,184,0,190,6,0
06/07/2025 04:30,0,171,0,175,4,0
06/07/2025 04:45,0,118,0,124,6,0
06/07/2025 05:00,0,180,0,184,4,0
06/07/2025 05:15,0,235,0,241,6,0
06/07/2025 05:30,0,117,0,121,4,0
06/07/2025 05:45,0,206,0,208,2,0
06/07/2025 06:00,0,122,0,126,4,0
06/07/2025 06:15,0,129,0,133,4,0
06/07/2025 06:30,22,206,0,202,18,0
06/07/2025 06:45,40,124,0,114,30,0
06/07/2025 07:00,89,138,0,126,77,0
06/07/2025 07:15,131,350,0,347,128,0
06/07/2025 07:30,145,435,0,430,140,0
06/07/2025 07:45,182,297,0,296,181,0
06/07/2025 08:00,187,170,0,170,187,0
06/07/2025 08:15,214,138,0,136,212,0
06/07/2025 08:30,238,274,0,272,236,0
06/07/2025 08:45,245,219,0,221,247,0
06/07/2025 09:00,292,241,0,232,283,0
06/07/2025 09:15,246,216,0,222,252,0
06/07/2025 09:30,228,182,0,182,228,0
06/07/2025 09:45,183,183,0,190,190,0
06/07/2025 10:00,140,171,0,173,142,0
06/07/2025 10:15,151,233,0,227,145,0
06/07/2025 10:30,203,282,0,273,194,0
06/07/2025 10:45,303,116,0,110,297,0
06/07/2025 11:00,312,134,0,134,312,0
06/07/2025 11:15,383,125,0,118,376,0
06/07/2025 11:30,324,137,0,143,330,0
06/07/2025 11:45,216,170,0,176,222,0
06/07/2025 12:00,216,134,0,131,213,0
06/07/2025 12:15,184,222,0,221,183,0
06/07/2025 12:30,296,210,0,207,293,0
06/07/2025 12:45,128,268,0,263,123,0
06/07/2025 13:00,169,441,177,0,0,449
06/07/2025 13:15,80,438,79,0,0,437
06/07/2025 13:30,54,220,55,0,0,221
06/07/2025 13:45,68,203,64,0,0,199
06/07/2025 14:00,39,293,35,0,0,289
06/07/2025 14:15,116,261,109,0,0,254
06/07/2025 14:30,203,339,203,0,0,339
06/07/2025 14:45,235,190,0,566,758,147
06/07/2025 15:00,203,158,0,3673,3718,0
06/07/2025 15:15,149,139,13,118,267,152
06/07/2025 15:30,165,219,160,0,0,214
06/07/2025 15:45,191,153,187,0,0,149
06/07/2025 16:00,103,325,99,0,0,321
06/07/2025 16:15,34,379,30,0,0,375
06/07/2025 16:30,25,505,19,0,0,499
06/07/2025 16:45,25,282,32,0,0,289
06/07/2025 17:00,37,181,34,0,0,178
06/07/2025 17:15,34,254,30,0,0,250
06/07/2025 17:30,45,641,37,0,0,633
06/07/2025 17:45,38,320,46,0,0,328
06/07/2025 18:00,57,160,54,0,0,157
06/07/2025 18:15,112,164,105,0,0,157
06/07/2025 18:30,110,183,105,0,0,178
06/07/2025 18:45,63,294,58,0,0,289
06/07/2025 19:00,133,353,10,0,0,230
06/07/2025 19:15,99,258,0,3,0,156
06/07/2025 19:30,45,220,0,6,1,170
06/07/2025 19:45,31,742,0,447,9,273
06/07/2025 20:00,21,702,0,695,14,0
06/07/2025 20:15,0,1534,0,1536,2,0
06/07/2025 20:30,0,584,0,584,0,0
06/07/2025 20:45,0,192,0,192,0,0
06/07/2025 21:00,0,212,0,213,1,0
06/07/2025 21:15,0,203,0,204,1,0
06/07/2025 21:30,0,245,0,247,2,0
06/07/2025 21:45,0,355,0,357,2,0
06/07/2025 22:00,0,210,0,213,3,0
06/07/2025 22:15,0,142,0,145,3,0
06/07/2025 22:30,0,142,0,144,2,0
06/07/2025 22:45,0,261,0,265,4,0
06/07/2025 23:00,0,246,0,250,4,0
06/07/2025 23:15,0,375,0,378,3,0
06/07/2025 23:30,0,225,0,226,1,0
06/07/2025 23:45,0,313,0,317,4,0
06/08/2025 00:00,0,413,0,415,2,0
06/08/2025 00:15,0,182,0,184,2,0
06/08/2025 00:30,0,210,0,213,3,0
06/08/2025 00:45,0,116,0,118,2,0
06/08/2025 01:00,0,189,0,195,6,0
06/08/2025 01:15,0,279,0,284,5,0
06/08/2025 01:30,0,177,0,180,3,0
06/08/2025 01:45,0,104,0,109,5,0
06/08/2025 02:00,0,107,0,111,4,0
06/08/2025 02:15,0,117,0,123,6,0
06/08/2025 02:30,0,117,0,121,4,0
06/08/2025 02:45,0,154,0,158,4,0
06/08/2025 03:00,0,202,0,206,4,0
06/08/2025 03:15,0,184,0,188,4,0
06/08/2025 03:30,0,226,0,230,4,0
06/08/2025 03:45,0,182,0,186,4,0
06/08/2025 04:00,0,130,0,134,4,0
06/08/2025 04:15,0,104,0,108,4,0
06/08/2025 04:30,0,180,0,182,2,0
06/08/2025 04:45,0,168,0,171,3,0
06/08/2025 05:00,0,101,0,104,3,0
06/08/2025 05:15,15,126,0,119,8,0
06/08/2025 05:30,59,114,0,105,50,0
06/08/2025 05:45,117,128,0,120,109,0
06/08/2025 06:00,188,216,0,161,133,0
06/08/2025 06:15,275,219,0,7,63,0
06/08/2025 06:30,354,156,29,0,203,34
06/08/2025 06:45,410,142,221,0,249,202
06/08/2025 07:00,532,126,0,116,524,2
06/08/2025 07:15,618,138,0,136,616,0
06/08/2025 07:30,556,235,0,233,554,0
06/08/2025 07:45,657,222,0,216,651,0
06/08/2025 08:00,768,236,0,226,758,0
06/08/2025 08:15,861,170,0,166,857,0
06/08/2025 08:30,790,163,0,155,782,0
06/08/2025 08:45,1015,457,0,449,1007,0
06/08/2025 09:00,802,438,0,413,777,0
06/08/2025 09:15,1039,403,0,392,1028,0
06/08/2025 09:30,792,252,0,213,753,0
06/08/2025 09:45,1023,137,0,49,935,0
06/08/2025 10:00,1168,131,0,0,1037,0
06/08/2025 10:15,1519,270,0,160,1409,0
06/08/2025 10:30,1374,386,0,247,1235,0
06/08/2025 10:45,994,387,0,305,912,0
06/08/2025 11:00,1226,468,0,114,872,0
06/08/2025 11:15,985,415,270,0,300,0
06/08/2025 11:30,1180,295,827,0,58,0
06/08/2025 11:45,1703,264,1355,0,84,0
06/08/2025 12:00,1427,252,1136,0,39,0
06/08/2025 12:15,1497,461,950,0,86,0
06/08/2025 12:30,1727,333,1382,0,12,0
06/08/2025 12:45,1208,169,1035,0,4,0
06/08/2025 13:00,1550,281,1170,0,99,0
06/08/2025 13:15,764,328,427,0,9,0
06/08/2025 13:30,758,299,433,0,26,0
06/08/2025 13:45,966,211,717,0,38,0
06/08/2025 14:00,949,184,965,0,0,200
06/08/2025 14:15,923,231,917,0,0,225
06/08/2025 14:30,1129,210,1130,0,0,211
06/08/2025 14:45,978,166,975,0,0,163
06/08/2025 15:00,1000,375,989,0,0,364
06/08/2025 15:15,1088,403,1089,0,0,404
06/08/2025 15:30,1067,143,1067,0,0,143
06/08/2025 15:45,984,191,980,0,0,187
06/08/2025 16:00,983,189,984,0,0,190
06/08/2025 16:15,961,102,958,0,0,99
06/08/2025 16:30,851,118,848,0,0,115
06/08/2025 16:45,820,156,814,0,0,150
06/08/2025 17:00,725,338,725,0,0,338
06/08/2025 17:15,636,386,633,0,0,383
06/08/2025 17:30,428,385,427,0,0,384
06/08/2025 17:45,473,293,469,0,0,289
06/08/2025 18:00,419,116,418,0,0,115
06/08/2025 18:15,240,238,231,0,0,229
06/08/2025 18:30,110,333,110,0,0,333
06/08/2025 18:45,77,114,75,0,0,112
06/08/2025 19:00,77,281,8,0,1,213
06/08/2025 19:15,45,337,2,0,1,295
06/08/2025 19:30,30,266,0,4,0,232
06/08/2025 19:45,19,224,0,3,0,202
06/08/2025 20:00,6,154,0,6,0,142
06/08/2025 20:15,0,186,0,7,0,179
06/08/2025 20:30,0,201,0,5,0,196
06/08/2025 20:45,0,286,0,5,0,281
06/08/2025 21:00,0,478,1,0,0,479
06/08/2025 21:15,0,666,9,0,0,675
06/08/2025 21:30,0,647,10,0,0,657
06/08/2025 21:45,0,323,0,3,0,320
06/08/2025 22:00,0,198,0,5,0,193
06/08/2025 22:15,0,328,0,2,0,326
06/08/2025 22:30,0,331,0,4,0,327
06/08/2025 22:45,0,315,0,4,0,311
06/08/2025 23:00,0,245,0,2,0,243
06/08/2025 23:15,0,233,0,4,0,229
06/08/2025 23:30,0,218,0,1,0,217
06/08/2025 23:45,0,231,0,4,0,227
06/09/2025 00:00,0,126,0,5,0,121
06/09/2025 00:15,0,190,0,3,0,187
06/09/2025 00:30,0,173,0,5,0,168
06/09/2025 00:45,0,117,0,5,0,112
06/09/2025 01:00,0,188,0,6,0,182
06/09/2025 01:15,0,159,0,3,0,156
06/09/2025 01:30,0,132,0,9,0,123
06/09/2025 01:45,0,113,0,116,9,6
06/09/2025 02:00,0,102,0,106,4,0
06/09/2025 02:15,0,194,0,198,4,0
06/09/2025 02:30,0,120,0,125,5,0
06/09/2025 02:45,0,118,0,123,5,0
06/09/2025 03:00,0,152,0,157,5,0
06/09/2025 03:15,0,98,0,103,5,0
06/09/2025 03:30,0,99,0,104,5,0
06/09/2025 03:45,0,122,0,127,5,0
06/09/2025 04:00,0,162,0,168,6,0
06/09/2025 04:15,0,188,0,194,6,0
06/09/2025 04:30,0,101,0,105,4,0
06/09/2025 04:45,0,117,0,122,5,0
06/09/2025 05:00,0,274,0,279,5,0
06/09/2025 05:15,0,142,0,147,5,0
06/09/2025 05:30,5,198,0,198,5,0
06/09/2025 05:45,57,220,0,167,4,0
06/09/2025 06:00,90,148,0,62,4,0
06/09/2025 06:15,89,128,0,47,8,0
06/09/2025 06:30,107,124,0,36,19,0
06/09/2025 06:45,143,104,0,8,47,0
06/09/2025 07:00,197,114,0,107,190,0
06/09/2025 07:15,267,166,0,167,268,0
06/09/2025 07:30,301,197,0,193,297,0
06/09/2025 07:45,278,162,0,161,277,0
06/09/2025 08:00,289,179,0,177,287,0
06/09/2025 08:15,287,176,0,176,287,0
06/09/2025 08:30,303,99,0,100,304,0
06/09/2025 08:45,365,130,0,119,354,0
06/09/2025 09:00,396,282,0,277,391,0
06/09/2025 09:15,327,244,0,247,330,0
06/09/2025 09:30,217,187,0,192,222,0
06/09/2025 09:45,210,150,0,149,209,0
06/09/2025 10:00,233,138,0,132,227,0
06/09/2025 10:15,303,145,0,142,300,0
06/09/2025 10:30,353,172,0,169,350,0
06/09/2025 10:45,452,135,0,131,448,0
06/09/2025 11:00,352,127,0,126,351,0
06/09/2025 11:15,361,204,0,207,364,0
06/09/2025 11:30,332,148,0,146,330,0
06/09/2025 11:45,397,149,0,149,397,0
06/09/2025 12:00,441,98,0,95,438,0
06/09/2025 12:15,389,106,0,108,391,0
06/09/2025 12:30,327,124,0,124,327,0
06/09/2025 12:45,339,137,0,136,338,0
06/09/2025 13:00,381,126,0,127,382,0
06/09/2025 13:15,399,99,0,97,397,0
06/09/2025 13:30,469,204,0,205,470,0
06/09/2025 13:45,399,311,0,311,399,0
06/09/2025 14:00,456,218,461,0,7,230
06/09/2025 14:15,415,209,412,0,0,206
06/09/2025 14:30,430,111,426,0,0,107
06/09/2025 14:45,514,93,513,0,0,92
06/09/2025 15:00,398,99,395,0,0,96
06/09/2025 15:15,604,124,600,0,0,120
06/09/2025 15:30,942,179,934,0,0,171
06/09/2025 15:45,421,293,420,0,0,292
06/09/2025 16:00,321,144,319,0,0,142
06/09/2025 16:15,299,151,296,0,0,148
06/09/2025 16:30,207,115,202,0,0,110
06/09/2025 16:45,155,126,151,0,0,122
06/09/2025 17:00,87,97,84,0,0,94
06/09/2025 17:15,99,95,96,0,0,92
06/09/2025 17:30,64,169,59,0,0,164
06/09/2025 17:45,47,307,44,0,0,304
06/09/2025 18:00,26,203,24,0,0,201
06/09/2025 18:15,29,144,26,0,0,141
06/09/2025 18:30,25,184,21,0,0,180
06/09/2025 18:45,15,222,12,0,0,219
06/09/2025 19:00,12,131,0,3,0,116
06/09/2025 19:15,9,216,0,3,0,204
06/09/2025 19:30,0,300,0,9,0,291
06/09/2025 19:45,0,365,3,0,0,368
06/09/2025 20:00,0,201,0,5,0,196
06/09/2025 20:15,0,181,1,1,1,182
06/09/2025 20:30,0,960,0,13,0,947
06/09/2025 20:45,0,1446,0,57,1,1390
06/09/2025 21:00,0,517,0,533,16,0
06/09/2025 21:15,0,323,0,329,6,0
06/09/2025 21:30,0,276,0,281,5,0
06/09/2025 21:45,0,265,0,269,4,0
06/09/2025 22:00,0,190,0,196,6,0
06/09/2025 22:15,0,309,0,314,5,0
06/09/2025 22:30,0,397,0,402,5,0
06/09/2025 22:45,0,179,0,183,4,0
06/09/2025 23:00,0,122,0,126,4,0
06/09/2025 23:15,0,104,0,107,3,0
06/09/2025 23:30,0,100,0,103,3,0
06/09/2025 23:45,0,176,0,180,4,0
06/10/2025 00:00,0,227,0,233,6,0
06/10/2025 00:15,0,236,0,238,2,0
06/10/2025 00:30,0,231,0,231,0,0
06/10/2025 00:45,0,130,0,136,6,0
06/10/2025 01:00,0,127,0,131,4,0
06/10/2025 01:15,0,96,0,102,6,0
06/10/2025 01:30,0,95,0,101,6,0
06/10/2025 01:45,0,127,0,131,4,0
06/10/2025 02:00,0,121,0,125,4,0
06/10/2025 02:15,0,182,0,188,6,0
06/10/2025 02:30,0,180,0,184,4,0
06/10/2025 02:45,0,126,0,130,4,0
06/10/2025 03:00,0,157,0,163,6,0
06/10/2025 03:15,0,273,0,277,4,0
06/10/2025 03:30,0,228,0,232,4,0
06/10/2025 03:45,0,98,0,102,4,0
06/10/2025 04:00,0,110,0,116,6,0
06/10/2025 04:15,0,110,0,114,4,0
06/10/2025 04:30,0,119,0,125,6,0
06/10/2025 04:45,0,114,0,118,4,0
06/10/2025 05:00,0,132,0,138,6,0
06/10/2025 05:15,0,97,0,101,4,0
06/10/2025 05:30,0,119,0,125,6,0
06/10/2025 05:45,0,121,0,125,4,0
06/10/2025 06:00,27,290,0,285,22,0
06/10/2025 06:15,20,179,0,188,29,0
06/10/2025 06:30,27,209,0,209,27,0
06/10/2025 06:45,53,133,0,136,56,0
06/10/2025 07:00,72,130,0,132,74,0
06/10/2025 07:15,75,262,0,268,81,0
06/10/2025 07:30,94,234,0,240,100,0
06/10/2025 07:45,129,202,0,202,129,0
06/10/2025 08:00,150,251,0,253,152,0
06/10/2025 08:15,245,225,0,225,245,0
06/10/2025 08:30,410,216,0,216,410,0
06/10/2025 08:45,286,93,0,92,285,0
06/10/2025 09:00,263,158,0,159,264,0
06/10/2025 09:15,231,210,0,208,229,0
06/10/2025 09:30,285,196,0,195,284,0
06/10/2025 09:45,348,172,0,167,343,0
06/10/2025 10:00,336,99,0,98,335,0
06/10/2025 10:15,338,111,0,110,337,0
06/10/2025 10:30,310,212,0,209,307,0
06/10/2025 10:45,380,186,0,184,378,0
06/10/2025 11:00,485,169,0,166,482,0
06/10/2025 11:15,330,114,0,119,335,0
06/10/2025 11:30,149,101,0,103,151,0
06/10/2025 11:45,178,146,0,143,175,0
06/10/2025 12:00,297,190,0,182,289,0
06/10/2025 12:15,392,137,0,138,393,0
06/10/2025 12:30,699,225,0,219,693,0
06/10/2025 12:45,438,116,0,120,442,0
06/10/2025 13:00,357,103,0,105,359,0
06/10/2025 13:15,222,149,0,148,221,0
06/10/2025 13:30,251,221,0,219,249,0
06/10/2025 13:45,217,104,0,106,219,0
06/10/2025 14:00,172,126,188,0,4,146
06/10/2025 14:15,175,196,171,0,0,192
06/10/2025 14:30,194,133,193,0,0,132
06/10/2025 14:45,174,109,170,0,0,105
06/10/2025 15:00,181,207,176,0,0,202
06/10/2025 15:15,130,266,128,0,0,264
06/10/2025 15:30,139,107,136,0,0,104
06/10/2025 15:45,148,96,143,0,0,91
06/10/2025 16:00,160,97,156,0,0,93
06/10/2025 16:15,221,203,218,0,0,200
06/10/2025 16:30,185,164,183,0,0,162
06/10/2025 16:45,128,123,125,0,0,120
06/10/2025 17:00,140,181,135,0,0,176
06/10/2025 17:15,163,133,161,0,0,131
06/10/2025 17:30,153,113,148,0,0,108
06/10/2025 17:45,209,194,200,0,0,185
06/10/2025 18:00,200,147,197,0,0,144
06/10/2025 18:15,149,119,145,0,0,115
06/10/2025 18:30,95,183,90,0,0,178
06/10/2025 18:45,71,357,64,0,0,350
06/10/2025 19:00,52,368,1,0,0,317
06/10/2025 19:15,39,456,0,3,0,414
06/10/2025 19:30,27,564,0,194,10,353
06/10/2025 19:45,14,452,0,451,13,0
06/10/2025 20:00,2,195,0,200,7,0
06/10/2025 20:15,0,224,0,230,6,0
06/10/2025 20:30,0,304,0,309,5,0
06/10/2025 20:45,0,346,0,352,6,0
06/10/2025 21:00,0,279,0,284,5,0
06/10/2025 21:15,0,270,0,277,7,0
06/10/2025 21:30,0,166,0,172,6,0
06/10/2025 21:45,0,137,0,143,6,0
06/10/2025 22:00,0,207,0,210,3,0
06/10/2025 22:15,0,306,0,309,3,0
06/10/2025 22:30,0,184,0,186,2,0
06/10/2025 22:45,0,189,0,194,5,0
06/10/2025 23:00,0,242,0,247,5,0
06/10/2025 23:15,0,214,0,218,4,0
06/10/2025 23:30,0,240,0,244,4,0
06/10/2025 23:45,0,195,0,199,4,0
06/11/2025 00:00,0,178,0,182,4,0
06/11/2025 00:15,0,210,0,215,5,0
06/11/2025 00:30,0,191,0,196,5,0
06/11/2025 00:45,0,96,0,101,5,0
06/11/2025 01:00,0,94,0,100,6,0
06/11/2025 01:15,0,105,0,110,5,0
06/11/2025 01:30,0,151,0,155,4,0
06/11/2025 01:45,0,202,0,207,5,0
06/11/2025 02:00,0,102,0,107,5,0
06/11/2025 02:15,0,158,0,162,4,0
06/11/2025 02:30,0,230,0,236,6,0
06/11/2025 02:45,0,118,0,123,5,0
06/11/2025 03:00,0,146,0,151,5,0
06/11/2025 03:15,0,200,0,205,5,0
06/11/2025 03:30,0,136,0,141,5,0
06/11/2025 03:45,0,183,0,189,6,0
06/11/2025 04:00,0,127,0,132,5,0
06/11/2025 04:15,0,111,0,117,6,0
06/11/2025 04:30,0,128,0,133,5,0
06/11/2025 04:45,0,97,0,102,5,0
06/11/2025 05:00,0,113,0,118,5,0
06/11/2025 05:15,12,185,0,181,8,0
06/11/2025 05:30,71,138,0,127,60,0
06/11/2025 05:45,174,115,0,106,165,0
06/11/2025 06:00,286,196,0,65,155,0
06/11/2025 06:15,383,136,63,0,236,52
06/11/2025 06:30,476,118,89,0,353,84
06/11/2025 06:45,578,135,0,8,451,0
06/11/2025 07:00,723,134,0,125,714,0
06/11/2025 07:15,828,241,0,234,821,0
06/11/2025 07:30,899,217,0,215,897,0
06/11/2025 07:45,972,201,0,200,971,0
06/11/2025 08:00,1038,282,0,279,1035,0
06/11/2025 08:15,1102,291,0,280,1091,0
06/11/2025 08:30,1175,167,0,160,1168,0
06/11/2025 08:45,1227,118,0,109,1218,0
06/11/2025 09:00,1298,189,0,180,1289,0
06/11/2025 09:15,1359,194,0,187,1352,0
06/11/2025 09:30,1398,154,0,149,1393,0
06/11/2025 09:45,1462,228,592,0,642,0
06/11/2025 10:00,1531,196,1095,0,240,0
06/11/2025 10:15,1566,226,1217,0,123,0
06/11/2025 10:30,1579,203,1294,0,82,0
06/11/2025 10:45,1628,146,1430,0,52,0
06/11/2025 11:00,1682,123,1549,0,10,0
06/11/2025 11:15,1755,115,1584,0,56,0
06/11/2025 11:30,1789,156,1617,0,16,0
06/11/2025 11:45,1814,203,1587,0,24,0
06/11/2025 12:00,1830,109,1686,0,35,0
06/11/2025 12:15,1855,130,1713,0,12,0
06/11/2025 12:30,1837,99,1719,0,19,0
06/11/2025 12:45,1830,103,1725,0,2,0
06/11/2025 13:00,1745,150,1583,0,12,0
06/11/2025 13:15,1845,332,1514,0,0,1
06/11/2025 13:30,1814,160,1654,0,0,0
06/11/2025 13:45,1750,124,1626,0,0,0
06/11/2025 14:00,1419,114,1447,0,0,142
06/11/2025 14:15,1043,163,1037,0,0,157
06/11/2025 14:30,992,215,990,0,0,213
06/11/2025 14:45,830,196,825,0,0,191
06/11/2025 15:00,1419,127,1418,0,0,126
06/11/2025 15:15,1410,129,1409,0,0,128
06/11/2025 15:30,656,118,655,0,0,117
06/11/2025 15:45,780,101,773,0,0,94
06/11/2025 16:00,736,133,732,0,0,129
06/11/2025 16:15,976,216,973,0,0,213
06/11/2025 16:30,914,171,911,0,0,168
06/11/2025 16:45,808,117,803,0,0,112
06/11/2025 17:00,514,111,513,0,0,110
06/11/2025 17:15,552,96,548,0,0,92
06/11/2025 17:30,395,171,387,0,0,163
06/11/2025 17:45,430,220,427,0,0,217
06/11/2025 18:00,425,234,425,0,0,234
06/11/2025 18:15,308,376,297,0,0,365
06/11/2025 18:30,218,621,215,0,0,618
06/11/2025 18:45,168,357,168,0,0,357
06/11/2025 19:00,121,176,7,0,14,76
06/11/2025 19:15,90,265,0,11,4,168
06/11/2025 19:30,59,472,1,0,0,414
06/11/2025 19:45,35,309,0,1,0,273
06/11/2025 20:00,10,322,0,3,0,309
06/11/2025 20:15,0,171,0,9,0,162
06/11/2025 20:30,0,1282,0,1,0,1281
06/11/2025 20:45,0,1519,8,0,0,1527
06/11/2025 21:00,0,652,11,0,0,663
06/11/2025 21:15,0,324,3,0,0,327
06/11/2025 21:30,0,302,2,0,0,304
06/11/2025 21:45,0,242,0,2,0,240
06/11/2025 22:00,0,453,0,7,0,446
06/11/2025 22:15,0,405,0,2,0,403
06/11/2025 22:30,0,450,0,5,0,445
06/11/2025 22:45,0,506,0,3,0,503
06/11/2025 23:00,0,190,0,5,0,185
06/11/2025 23:15,0,148,0,6,0,142
06/11/2025 23:30,0,209,0,130,8,87
06/11/2025 23:45,0,257,0,261,4,0
06/12/2025 00:00,0,189,0,193,4,0
06/12/2025 00:15,0,215,0,219,4,0
06/12/2025 00:30,0,181,0,187,6,0
06/12/2025 00:45,0,213,0,217,4,0
06/12/2025 01:00,0,168,0,174,6,0
06/12/2025 01:15,0,128,0,133,5,0
06/12/2025 01:30,0,104,0,109,5,0
06/12/2025 01:45,0,155,0,160,5,0
06/12/2025 02:00,0,255,0,260,5,0
06/12/2025 02:15,0,224,0,228,4,0
06/12/2025 02:30,0,210,0,216,6,0
06/12/2025 02:45,0,117,0,123,6,0
06/12/2025 03:00,0,94,0,100,6,0
06/12/2025 03:15,0,129,0,133,4,0
06/12/2025 03:30,0,125,0,131,6,0
06/12/2025 03:45,0,238,0,242,4,0
06/12/2025 04:00,0,208,0,214,6,0
06/12/2025 04:15,0,98,0,104,6,0
06/12/2025 04:30,0,118,0,122,4,0
06/12/2025 04:45,0,121,0,127,6,0
06/12/2025 05:00,0,189,0,193,4,0
06/12/2025 05:15,17,161,0,156,12,0
06/12/2025 05:30,76,221,0,209,64,0
06/12/2025 05:45,154,150,0,32,36,0
06/12/2025 06:00,254,100,0,7,161,0
06/12/2025 06:15,346,99,174,0,232,159
06/12/2025 06:30,430,105,262,0,298,235
06/12/2025 06:45,522,133,212,0,363,186
06/12/2025 07:00,644,147,0,138,635,0
06/12/2025 07:15,744,320,0,313,737,0
06/12/2025 07:30,827,363,0,357,821,0
06/12/2025 07:45,915,279,0,277,913,0
06/12/2025 08:00,987,143,0,139,983,0
06/12/2025 08:15,1054,116,0,111,1049,0
06/12/2025 08:30,1127,118,0,111,1120,0
06/12/2025 08:45,1226,231,0,219,1214,0
06/12/2025 09:00,1268,289,0,281,1260,0
06/12/2025 09:15,1319,330,0,326,1315,0
06/12/2025 09:30,1386,406,0,398,1378,0
06/12/2025 09:45,1418,298,0,282,1402,0
06/12/2025 10:00,1472,225,0,191,1438,0
06/12/2025 10:15,1489,432,659,0,398,0
06/12/2025 10:30,1475,279,1149,0,47,0
06/12/2025 10:45,1510,277,1227,0,6,0
06/12/2025 11:00,1715,507,1176,0,32,0
06/12/2025 11:15,881,290,584,0,7,0
06/12/2025 11:30,676,197,444,0,35,0
06/12/2025 11:45,970,322,597,0,51,0
06/12/2025 12:00,1087,242,807,0,38,0
06/12/2025 12:15,1737,97,1632,0,8,0
06/12/2025 12:30,1778,98,1646,0,34,0
06/12/2025 12:45,1787,193,1566,0,28,0
06/12/2025 13:00,1810,265,1513,0,32,0
06/12/2025 13:15,1769,106,1627,0,36,0
06/12/2025 13:30,1776,97,1673,0,6,0
06/12/2025 13:45,1780,110,1638,0,32,0
06/12/2025 14:00,1732,131,1759,0,0,158
06/12/2025 14:15,1615,110,1611,0,0,106
06/12/2025 14:30,1549,112,1545,0,0,108
06/12/2025 14:45,1376,179,1377,0,0,180
06/12/2025 15:00,1366,157,1363,0,0,154
06/12/2025 15:15,1302,122,1301,0,0,121
06/12/2025 15:30,1203,232,1197,0,0,226
06/12/2025 15:45,1128,335,1125,0,0,332
06/12/2025 16:00,1053,445,1053,0,0,445
06/12/2025 16:15,942,342,940,0,0,340
06/12/2025 16:30,866,210,864,0,0,208
06/12/2025 16:45,789,137,788,0,0,136
06/12/2025 17:00,720,130,717,0,0,127
06/12/2025 17:15,653,173,651,0,0,171
06/12/2025 17:30,576,165,570,0,0,159
06/12/2025 17:45,490,150,483,0,0,143
06/12/2025 18:00,390,493,380,0,0,483
06/12/2025 18:15,266,633,261,0,0,628
06/12/2025 18:30,193,506,194,0,0,507
06/12/2025 18:45,148,413,147,0,0,412
06/12/2025 19:00,118,286,4,0,0,172
06/12/2025 19:15,89,241,0,6,0,146
06/12/2025 19:30,62,292,3,0,1,234
06/12/2025 19:45,36,583,8,0,0,555
06/12/2025 20:00,12,736,2,0,0,726
06/12/2025 20:15,1,605,15,0,0,619
06/12/2025 20:30,0,466,0,3,0,463
06/12/2025 20:45,0,493,0,6,0,487
06/12/2025 21:00,0,337,0,2,0,335
06/12/2025 21:15,0,201,3,0,0,204
06/12/2025 21:30,0,479,0,3,0,476
06/12/2025 21:45,0,453,4,0,0,457
06/12/2025 22:00,0,603,0,4,0,599
06/12/2025 22:15,0,515,3,0,0,518
06/12/2025 22:30,0,320,0,2,0,318
06/12/2025 22:45,0,314,0,6,0,308
06/12/2025 23:00,0,350,0,224,14,140
06/12/2025 23:15,0,280,0,293,13,0
06/12/2025 23:30,0,125,0,129,4,0
06/12/2025 23:45,0,357,0,363,6,0
06/13/2025 00:00,0,290,0,296,6,0
06/13/2025 00:15,0,332,0,334,2,0
06/13/2025 00:30,0,150,0,154,4,0
06/13/2025 00:45,0,161,0,165,4,0
06/13/2025 01:00,0,109,0,114,5,0
06/13/2025 01:15,0,97,0,102,5,0
06/13/2025 01:30,0,251,0,256,5,0
06/13/2025 01:45,0,161,0,166,5,0
06/13/2025 02:00,0,107,0,112,5,0
06/13/2025 02:15,0,97,0,102,5,0
06/13/2025 02:30,0,107,0,111,4,0
06/13/2025 02:45,0,129,0,134,5,0
06/13/2025 03:00,0,109,0,114,5,0
06/13/2025 03:15,0,105,0,110,5,0
06/13/2025 03:30,0,104,0,109,5,0
06/13/2025 03:45,0,128,0,133,5,0
06/13/2025 04:00,0,134,0,139,5,0
06/13/2025 04:15,0,209,0,215,6,0
06/13/2025 04:30,0,236,0,241,5,0
06/13/2025 04:45,0,165,0,169,4,0
06/13/2025 05:00,0,122,0,128,6,0
06/13/2025 05:15,0,96,0,100,4,0
06/13/2025 05:30,18,112,0,110,16,0
06/13/2025 05:45,76,126,0,118,68,0
06/13/2025 06:00,78,130,0,98,46,0
06/13/2025 06:15,76,110,0,48,14,0
06/13/2025 06:30,81,110,0,43,14,0
06/13/2025 06:45,94,122,0,44,16,0
06/13/2025 07:00,138,234,0,221,125,0
06/13/2025 07:15,231,147,0,142,226,0
06/13/2025 07:30,248,114,0,110,244,0
06/13/2025 07:45,253,185,0,183,251,0
06/13/2025 08:00,341,278,0,272,335,0
06/13/2025 08:15,339,256,0,256,339,0
06/13/2025 08:30,373,215,0,217,375,0
06/13/2025 08:45,474,166,0,160,468,0
06/13/2025 09:00,597,192,0,186,591,0
06/13/2025 09:15,656,183,0,179,652,0
06/13/2025 09:30,594,204,0,204,594,0
06/13/2025 09:45,964,143,0,134,955,0
06/13/2025 10:00,1060,160,0,153,1053,0
06/13/2025 10:15,1513,174,0,137,1476,0
06/13/2025 10:30,1747,198,0,144,1693,0
06/13/2025 10:45,1738,129,0,98,1707,0
06/13/2025 11:00,1785,138,0,134,1781,0
06/13/2025 11:15,1829,153,138,0,1538,0
06/13/2025 11:30,1169,164,482,0,523,0
06/13/2025 11:45,1402,107,1178,0,117,0
06/13/2025 12:00,1711,107,1559,0,45,0
06/13/2025 12:15,1740,115,1591,0,34,0
06/13/2025 12:30,1811,137,1616,0,58,0
06/13/2025 12:45,1866,168,1668,0,30,0
06/13/2025 13:00,1872,209,1627,0,36,0
06/13/2025 13:15,1822,168,1597,0,57,0
06/13/2025 13:30,1646,179,1432,0,35,0
06/13/2025 13:45,1094,150,915,0,30,1
06/13/2025 14:00,1225,148,1246,0,0,169
06/13/2025 14:15,1094,166,1091,0,0,163
06/13/2025 14:30,1505,167,1503,0,0,165
06/13/2025 14:45,1627,140,1624,0,0,137
06/13/2025 15:00,1371,148,1368,0,0,145
06/13/2025 15:15,1329,208,1322,0,0,201
06/13/2025 15:30,989,270,986,0,0,267
06/13/2025 15:45,533,122,531,0,0,120
06/13/2025 16:00,497,155,491,0,0,149
06/13/2025 16:15,1027,458,1023,0,0,454
06/13/2025 16:30,873,329,872,0,0,328
06/13/2025 16:45,830,355,825,0,0,350
06/13/2025 17:00,740,253,739,0,0,252
06/13/2025 17:15,663,113,660,0,0,110
06/13/2025 17:30,570,146,567,0,0,143
06/13/2025 17:45,474,208,471,0,0,205
06/13/2025 18:00,397,194,391,0,0,188
06/13/2025 18:15,278,166,272,0,0,160
06/13/2025 18:30,197,363,188,0,0,354
06/13/2025 18:45,149,478,147,0,0,476
06/13/2025 19:00,122,586,12,0,0,476
06/13/2025 19:15,95,300,1,0,2,208
06/13/2025 19:30,64,153,0,7,0,82
06/13/2025 19:45,28,129,0,9,0,92
06/13/2025 20:00,7,126,0,7,0,112
06/13/2025 20:15,0,316,0,8,0,308
06/13/2025 20:30,0,452,3,0,0,455
06/13/2025 20:45,0,456,4,0,0,460
06/13/2025 21:00,0,522,0,5,0,517
06/13/2025 21:15,0,1512,5,0,0,1517
06/13/2025 21:30,0,1272,13,0,0,1285
06/13/2025 21:45,0,190,0,5,0,185
06/13/2025 22:00,0,332,2,0,0,334
06/13/2025 22:15,0,348,2,0,0,350
06/13/2025 22:30,0,353,0,2,0,351
06/13/2025 22:45,0,334,0,0,0,334
06/13/2025 23:00,0,278,3,0,0,281
06/13/2025 23:15,0,183,0,115,10,78
06/13/2025 23:30,0,137,0,145,8,0
06/13/2025 23:45,0,118,0,120,2,0
06/14/2025 00:00,0,160,0,162,2,0
06/14/2025 00:15,0,230,0,234,4,0
06/14/2025 00:30,0,122,0,126,4,0
06/14/2025 00:45,0,116,0,120,4,0
06/14/2025 01:00,0,152,0,155,3,0
06/14/2025 01:15,0,102,0,103,1,0
06/14/2025 01:30,0,110,0,113,3,0
06/14/2025 01:45,0,229,0,233,4,0
06/14/2025 02:00,0,133,0,134,1,0
06/14/2025 02:15,0,103,0,105,2,0
06/14/2025 02:30,0,101,0,104,3,0
06/14/2025 02:45,0,109,0,112,3,0
06/14/2025 03:00,0,123,0,127,4,0
06/14/2025 03:15,0,175,0,177,2,0
06/14/2025 03:30,0,112,0,116,4,0
06/14/2025 03:45,0,99,0,103,4,0
06/14/2025 04:00,0,102,0,108,6,0
06/14/2025 04:15,0,232,0,236,4,0
06/14/2025 04:30,0,191,0,196,5,0
06/14/2025 04:45,0,100,0,105,5,0
06/14/2025 05:00,0,97,0,101,4,0
06/14/2025 05:15,0,114,0,120,6,0
06/14/2025 05:30,0,106,0,110,4,0
06/14/2025 05:45,0,132,0,136,4,0
06/14/2025 06:00,1,220,0,223,4,0
06/14/2025 06:15,49,215,0,203,37,0
06/14/2025 06:30,65,96,0,98,67,0
06/14/2025 06:45,104,140,0,85,49,0
06/14/2025 07:00,106,137,0,135,104,0
06/14/2025 07:15,136,107,0,101,130,0
06/14/2025 07:30,139,105,0,104,138,0
06/14/2025 07:45,158,318,0,309,149,0
06/14/2025 08:00,167,261,0,261,167,0
06/14/2025 08:15,206,260,0,247,193,0
06/14/2025 08:30,278,176,0,166,268,0
06/14/2025 08:45,366,219,0,216,363,0
06/14/2025 09:00,298,301,0,300,297,0
06/14/2025 09:15,317,130,0,123,310,0
06/14/2025 09:30,366,129,0,117,354,0
06/14/2025 09:45,399,134,0,128,393,0
06/14/2025 10:00,401,225,0,221,397,0
06/14/2025 10:15,336,301,0,305,340,0
06/14/2025 10:30,204,153,0,152,203,0
06/14/2025 10:45,151,166,0,168,153,0
06/14/2025 11:00,138,132,0,132,138,0
06/14/2025 11:15,199,164,0,155,190,0
06/14/2025 11:30,239,145,0,141,235,0
06/14/2025 11:45,326,119,0,122,329,0
06/14/2025 12:00,196,148,0,149,197,0
06/14/2025 12:15,180,663,0,665,182,0
06/14/2025 12:30,137,1554,0,1551,134,0
06/14/2025 12:45,131,414,0,412,129,0
06/14/2025 13:00,180,135,0,128,173,0
06/14/2025 13:15,175,138,0,138,175,0
06/14/2025 13:30,178,178,0,172,172,0
06/14/2025 13:45,202,235,0,238,205,0
06/14/2025 14:00,280,332,287,0,4,343
06/14/2025 14:15,214,225,207,0,0,218
06/14/2025 14:30,170,361,166,0,0,357
06/14/2025 14:45,243,244,243,0,0,244
06/14/2025 15:00,161,176,157,0,0,172
06/14/2025 15:15,197,164,194,0,0,161
06/14/2025 15:30,198,158,194,0,0,154
06/14/2025 15:45,184,205,183,0,0,204
06/14/2025 16:00,248,201,245,0,0,198
06/14/2025 16:15,198,204,194,0,0,200
06/14/2025 16:30,167,236,165,0,0,234
06/14/2025 16:45,164,145,162,0,0,143
06/14/2025 17:00,175,99,172,0,0,96
06/14/2025 17:15,162,98,157,0,0,93
06/14/2025 17:30,178,151,173,0,0,146
06/14/2025 17:45,192,190,186,0,0,184
06/14/2025 18:00,207,170,201,0,0,164
06/14/2025 18:15,177,131,173,0,0,127
06/14/2025 18:30,79,135,75,0,0,131
06/14/2025 18:45,52,347,44,0,0,339
06/14/2025 19:00,32,239,4,0,0,211
06/14/2025 19:15,27,130,0,4,0,99
06/14/2025 19:30,27,137,0,5,0,105
06/14/2025 19:45,17,177,0,138,2,24
06/14/2025 20:00,4,222,0,218,0,0
06/14/2025 20:15,0,277,0,279,2,0
06/14/2025 20:30,0,355,0,357,2,0
06/14/2025 20:45,0,705,0,705,0,0
06/14/2025 21:00,0,609,0,611,2,0
06/14/2025 21:15,0,660,0,660,0,0
06/14/2025 21:30,0,250,0,254,4,0
06/14/2025 21:45,0,444,0,446,2,0
06/14/2025 22:00,0,455,0,457,2,0
06/14/2025 22:15,0,611,0,611,0,0
06/14/2025 22:30,0,435,0,435,0,0
06/14/2025 22:45,0,138,0,140,2,0
06/14/2025 23:00,0,130,0,132,2,0
06/14/2025 23:15,0,186,0,190,4,0
06/14/2025 23:30,0,200,0,200,0,0
06/14/2025 23:45,0,131,0,132,1,0
06/15/2025 00:00,0,136,0,139,3,0
06/15/2025 00:15,0,104,0,106,2,0
06/15/2025 00:30,0,102,0,106,4,0
06/15/2025 00:45,0,115,0,117,2,0
06/15/2025 01:00,0,131,0,133,2,0
06/15/2025 01:15,0,112,0,114,2,0
06/15/2025 01:30,0,130,0,134,4,0
06/15/2025 01:45,0,98,0,102,4,0
06/15/2025 02:00,0,125,0,129,4,0
06/15/2025 02:15,0,109,0,115,6,0
06/15/2025 02:30,0,129,0,131,2,0
06/15/2025 02:45,0,99,0,104,5,0
06/15/2025 03:00,0,102,0,107,5,0
06/15/2025 03:15,0,112,0,116,4,0
06/15/2025 03:30,0,129,0,134,5,0
06/15/2025 03:45,0,105,0,110,5,0
06/15/2025 04:00,0,111,0,115,4,0
06/15/2025 04:15,0,113,0,118,5,0
06/15/2025 04:30,0,99,0,104,5,0
06/15/2025 04:45,0,115,0,121,6,0
06/15/2025 05:00,0,250,0,255,5,0
06/15/2025 05:15,0,104,0,109,5,0
06/15/2025 05:30,0,98,0,104,6,0
06/15/2025 05:45,8,100,0,98,6,0
06/15/2025 06:00,29,118,0,109,20,0
06/15/2025 06:15,38,112,0,104,30,0
06/15/2025 06:30,63,161,0,157,59,0
06/15/2025 06:45,109,110,0,109,108,0
06/15/2025 07:00,162,110,0,111,163,0
06/15/2025 07:15,176,113,0,117,180,0
06/15/2025 07:30,201,334,0,339,206,0
06/15/2025 07:45,258,322,0,327,263,0
06/15/2025 08:00,215,271,0,274,218,0
06/15/2025 08:15,266,131,0,129,264,0
06/15/2025 08:30,344,105,0,115,354,0
06/15/2025 08:45,401,138,0,130,393,0
06/15/2025 09:00,509,192,0,181,498,0
06/15/2025 09:15,814,171,0,143,786,0
06/15/2025 09:30,936,111,0,95,920,0
06/15/2025 09:45,1013,128,0,85,970,0
06/15/2025 10:00,1022,139,0,78,961,0
06/15/2025 10:15,1174,124,31,0,1019,0
06/15/2025 10:30,1463,129,70,0,1264,0
06/15/2025 10:45,1682,112,99,0,1471,0
06/15/2025 11:00,1691,115,0,91,1667,0
06/15/2025 11:15,1605,107,0,34,1532,0
06/15/2025 11:30,1734,157,62,0,1515,0
06/15/2025 11:45,1769,109,1185,0,475,0
06/15/2025 12:00,1758,102,1545,0,111,0
06/15/2025 12:15,1845,107,1672,0,66,0
06/15/2025 12:30,1908,134,1714,0,60,0
06/15/2025 12:45,1670,302,1308,0,60,0
06/15/2025 13:00,1712,314,1362,0,36,0
06/15/2025 13:15,1671,145,1498,0,28,0
06/15/2025 13:30,1374,280,1016,0,78,0
06/15/2025 13:45,1529,272,1251,0,6,0
06/15/2025 14:00,1559,313,1578,0,0,332
06/15/2025 14:15,1743,376,1733,0,0,366
06/15/2025 14:30,1386,151,1384,0,0,149
06/15/2025 14:45,1297,175,1294,0,0,172
06/15/2025 15:00,1137,475,1132,0,0,470
06/15/2025 15:15,908,208,904,0,0,204
06/15/2025 15:30,1019,120,1016,0,0,117
06/15/2025 15:45,1017,132,1013,0,0,128
06/15/2025 16:00,1002,119,1000,0,0,117
06/15/2025 16:15,820,100,815,0,0,95
06/15/2025 16:30,680,158,673,0,0,151
06/15/2025 16:45,843,175,841,0,0,173
06/15/2025 17:00,654,142,651,0,0,139
06/15/2025 17:15,788,131,786,0,0,129
06/15/2025 17:30,515,115,513,0,0,113
06/15/2025 17:45,373,121,369,0,0,117
06/15/2025 18:00,361,127,357,0,0,123
06/15/2025 18:15,322,128,318,0,0,124
06/15/2025 18:30,326,200,322,0,0,196
06/15/2025 18:45,238,256,234,0,0,252
06/15/2025 19:00,160,433,8,0,0,281
06/15/2025 19:15,82,307,0,6,0,219
06/15/2025 19:30,65,342,0,3,0,274
06/15/2025 19:45,42,234,0,5,0,187
06/15/2025 20:00,16,367,0,3,0,348
06/15/2025 20:15,7,173,0,7,0,159
06/15/2025 20:30,0,234,0,6,0,228
06/15/2025 20:45,0,1197,0,1,0,1196
06/15/2025 21:00,0,1719,17,0,0,1736
06/15/2025 21:15,0,453,9,0,0,462
06/15/2025 21:30,0,529,3,0,0,532
06/15/2025 21:45,0,291,0,1,0,290
06/15/2025 22:00,0,204,0,3,0,201
06/15/2025 22:15,0,236,0,1,0,235
06/15/2025 22:30,0,141,0,2,0,139
06/15/2025 22:45,0,279,0,4,0,275
06/15/2025 23:00,0,259,0,23,2,239
06/15/2025 23:15,0,259,0,23,2,239
06/15/2025 23:30,0,365,2,0,0,367
06/15/2025 23:45,0,153,0,5,0,148
06/16/2025 00:00,0,102,0,4,0,98
06/16/2025 00:15,0,129,0,5,0,124
06/16/2025 00:30,0,214,0,109,4,109
06/16/2025 00:45,0,186,0,190,4,0
06/16/2025 01:00,0,113,0,119,6,0
06/16/2025 01:15,0,98,0,102,4,0
06/16/2025 01:30,0,170,0,172,2,0
06/16/2025 01:45,0,180,0,184,4,0
06/16/2025 02:00,0,206,0,212,6,0
06/16/2025 02:15,0,143,0,147,4,0
06/16/2025 02:30,0,136,0,142,6,0
06/16/2025 02:45,0,98,0,102,4,0
06/16/2025 03:00,0,102,0,108,6,0
06/16/2025 03:15,0,114,0,120,6,0
06/16/2025 03:30,0,108,0,112,4,0
06/16/2025 03:45,0,129,0,133,4,0
06/16/2025 04:00,0,137,0,143,6,0
06/16/2025 04:15,0,189,0,193,4,0
06/16/2025 04:30,0,170,0,176,6,0
06/16/2025 04:45,0,111,0,115,4,0
06/16/2025 05:00,0,103,0,109,6,0
06/16/2025 05:15,0,129,0,135,6,0
06/16/2025 05:30,24,105,0,95,14,0
06/16/2025 05:45,48,109,0,85,24,0
06/16/2025 06:00,83,108,0,41,16,0
06/16/2025 06:15,129,112,0,11,28,0
06/16/2025 06:30,132,232,0,115,15,0
06/16/2025 06:45,157,173,0,37,21,0
06/16/2025 07:00,188,142,0,138,184,0
06/16/2025 07:15,231,327,0,331,235,0
06/16/2025 07:30,279,295,0,298,282,0
06/16/2025 07:45,348,231,0,228,345,0
06/16/2025 08:00,588,227,0,217,578,0
06/16/2025 08:15,1042,204,0,147,985,0
06/16/2025 08:30,1231,190,0,124,1165,0
06/16/2025 08:45,1061,129,0,27,959,0
06/16/2025 09:00,1328,115,0,65,1278,0
06/16/2025 09:15,1363,138,0,99,1324,0
06/16/2025 09:30,1469,142,0,120,1447,0
06/16/2025 09:45,1510,200,0,164,1474,0
06/16/2025 10:00,1549,188,0,187,1548,0
06/16/2025 10:15,1607,233,0,217,1591,0
06/16/2025 10:30,1654,113,235,0,1306,0
06/16/2025 10:45,1717,146,1371,0,200,0
06/16/2025 11:00,1766,124,1635,0,7,0
06/16/2025 11:15,1762,116,1564,0,82,0
06/16/2025 11:30,1811,145,1655,0,11,0
06/16/2025 11:45,1877,232,1588,0,57,0
06/16/2025 12:00,1897,182,1660,0,55,0
06/16/2025 12:15,1903,158,1719,0,26,0
06/16/2025 12:30,1874,100,1744,0,30,0
06/16/2025 12:45,1866,107,1754,0,5,0
06/16/2025 13:00,1864,113,1653,0,98,0
06/16/2025 13:15,1875,116,1748,0,11,0
06/16/2025 13:30,1865,123,1740,0,2,0
06/16/2025 13:45,1830,122,1663,0,45,0
06/16/2025 14:00,1766,166,1790,0,0,190
06/16/2025 14:15,1679,102,1676,0,0,99
06/16/2025 14:30,1589,172,1584,0,0,167
06/16/2025 14:45,1573,204,1572,0,0,203
06/16/2025 15:00,1482,139,1480,0,0,137
06/16/2025 15:15,1400,127,1397,0,0,124
06/16/2025 15:30,1279,107,1276,0,0,104
06/16/2025 15:45,1181,103,1178,0,0,100
06/16/2025 16:00,1095,118,1091,0,0,114
06/16/2025 16:15,960,112,960,0,0,112
06/16/2025 16:30,962,192,955,0,0,185
06/16/2025 16:45,831,157,832,0,0,158
06/16/2025 17:00,703,108,701,0,0,106
06/16/2025 17:15,653,179,646,0,0,172
06/16/2025 17:30,482,366,480,0,0,364
06/16/2025 17:45,367,95,366,0,0,94
06/16/2025 18:00,386,105,383,0,0,102
06/16/2025 18:15,317,388,305,0,0,376
06/16/2025 18:30,256,457,251,0,0,452
06/16/2025 18:45,185,268,188,0,0,271
06/16/2025 19:00,159,126,9,0,38,14
06/16/2025 19:15,141,125,0,9,25,0
06/16/2025 19:30,88,173,0,4,1,82
06/16/2025 19:45,46,160,0,9,0,105
06/16/2025 20:00,14,184,0,6,0,164
06/16/2025 20:15,1,298,0,1,0,296
06/16/2025 20:30,0,294,0,1,0,293
06/16/2025 20:45,0,239,0,5,0,234
06/16/2025 21:00,0,423,0,6,0,417
06/16/2025 21:15,0,309,11,0,0,320
06/16/2025 21:30,0,434,0,2,0,432
06/16/2025 21:45,0,374,0,4,0,370
06/16/2025 22:00,0,585,4,0,0,589
06/16/2025 22:15,0,277,0,3,0,274
06/16/2025 22:30,0,296,0,4,0,292
06/16/2025 22:45,0,299,0,3,0,296
06/16/2025 23:00,0,131,0,6,0,125
06/16/2025 23:15,0,220,0,5,0,215
06/16/2025 23:30,0,166,0,4,0,162
06/16/2025 23:45,0,131,0,6,0,125
06/17/2025 00:00,0,108,0,6,0,102
06/17/2025 00:15,0,99,0,5,0,94
06/17/2025 00:30,0,114,0,5,0,109
06/17/2025 00:45,0,230,0,6,0,224
06/17/2025 01:00,0,200,0,2,0,198
06/17/2025 01:15,0,306,0,4,0,302
06/17/2025 01:30,0,127,0,4,0,123
06/17/2025 01:45,0,97,0,6,0,91
06/17/2025 02:00,0,126,0,7,0,119
06/17/2025 02:15,0,112,0,6,0,106
06/17/2025 02:30,0,126,0,7,0,119
06/17/2025 02:45,0,102,0,4,0,98
06/17/2025 03:00,0,108,0,7,0,101
06/17/2025 03:15,0,164,0,7,0,157
06/17/2025 03:30,0,104,0,4,0,100
06/17/2025 03:45,0,127,0,5,0,122
06/17/2025 04:00,0,105,0,7,0,98
06/17/2025 04:15,0,97,0,5,0,92
06/17/2025 04:30,0,112,0,8,0,104
06/17/2025 04:45,0,215,0,4,0,211
06/17/2025 05:00,0,121,0,5,0,116
06/17/2025 05:15,0,121,0,8,1,114
06/17/2025 05:30,0,116,0,6,0,110
06/17/2025 05:45,28,150,0,20,1,103
06/17/2025 06:00,50,190,0,146,6,0
06/17/2025 06:15,61,101,0,43,3,0
06/17/2025 06:30,113,135,0,36,14,0
06/17/2025 06:45,169,238,0,97,28,0
06/17/2025 07:00,217,228,0,214,203,0
06/17/2025 07:15,171,320,0,320,171,0
06/17/2025 07:30,312,254,0,246,304,0
06/17/2025 07:45,337,249,0,251,339,0
06/17/2025 08:00,442,234,0,225,433,0
06/17/2025 08:15,481,228,0,220,473,0
06/17/2025 08:30,421,301,0,296,416,0
06/17/2025 08:45,971,231,0,219,959,0
06/17/2025 09:00,929,132,0,124,921,0
06/17/2025 09:15,672,146,0,145,671,0
06/17/2025 09:30,766,163,0,152,755,0
06/17/2025 09:45,947,238,0,235,944,0
06/17/2025 10:00,857,166,0,166,857,0
06/17/2025 10:15,718,150,0,145,713,0
06/17/2025 10:30,948,132,0,119,935,0
06/17/2025 10:45,1308,248,0,219,1279,0
06/17/2025 11:00,1278,268,0,258,1268,0
06/17/2025 11:15,1307,112,10,0,1185,0
06/17/2025 11:30,1045,126,0,116,1035,0
06/17/2025 11:45,1008,114,0,50,944,0
06/17/2025 12:00,921,137,635,0,149,0
06/17/2025 12:15,925,249,642,0,34,0
06/17/2025 12:30,616,200,318,0,98,0
06/17/2025 12:45,529,120,377,0,32,0
06/17/2025 13:00,460,117,277,0,66,0
06/17/2025 13:15,815,112,673,0,30,0
06/17/2025 13:30,565,123,412,0,30,0
06/17/2025 13:45,666,101,533,0,32,0
06/17/2025 14:00,378,130,396,0,1,149
06/17/2025 14:15,383,136,382,0,0,135
06/17/2025 14:30,373,142,369,0,0,138
06/17/2025 14:45,372,231,370,0,0,229
06/17/2025 15:00,263,122,263,0,0,122
06/17/2025 15:15,275,179,267,0,0,171
06/17/2025 15:30,249,280,249,0,0,280
06/17/2025 15:45,179,111,176,0,0,108
06/17/2025 16:00,154,121,152,0,0,119
06/17/2025 16:15,160,111,159,0,0,110
06/17/2025 16:30,116,143,111,0,0,138
06/17/2025 16:45,171,202,168,0,0,199
06/17/2025 17:00,117,125,116,0,0,124
06/17/2025 17:15,126,212,120,0,0,206
06/17/2025 17:30,159,149,155,0,0,145
06/17/2025 17:45,138,143,131,0,0,136
06/17/2025 18:00,132,145,127,0,0,140
06/17/2025 18:15,84,172,82,0,0,170
06/17/2025 18:30,94,150,87,0,0,143
06/17/2025 18:45,52,494,44,0,0,486
06/17/2025 19:00,45,453,8,0,0,416
06/17/2025 19:15,19,398,2,0,0,381
06/17/2025 19:30,16,254,0,0,0,238
06/17/2025 19:45,6,156,0,8,0,142
06/17/2025 20:00,0,589,0,11,0,578
06/17/2025 20:15,0,1601,14,0,0,1615
06/17/2025 20:30,0,1233,26,0,0,1259
06/17/2025 20:45,0,461,0,0,0,461
06/17/2025 21:00,0,372,0,2,0,370
06/17/2025 21:15,0,219,0,5,0,214
06/17/2025 21:30,0,214,0,6,0,208
06/17/2025 21:45,0,351,0,4,0,347
06/17/2025 22:00,0,392,0,3,0,389
06/17/2025 22:15,0,472,0,1,0,471
06/17/2025 22:30,0,352,4,0,0,356
06/17/2025 22:45,0,137,0,4,0,133
06/17/2025 23:00,0,122,0,7,0,115
06/17/2025 23:15,0,209,0,6,0,203
06/17/2025 23:30,0,330,0,5,0,325
06/17/2025 23:45,0,380,0,70,5,315
06/18/2025 00:00,0,285,0,297,12,0
06/18/2025 00:15,0,147,0,153,6,0
06/18/2025 00:30,0,99,0,103,4,0
06/18/2025 00:45,0,124,0,126,2,0
06/18/2025 01:00,0,135,0,139,4,0
06/18/2025 01:15,0,235,0,235,0,0
06/18/2025 01:30,0,108,0,112,4,0
06/18/2025 01:45,0,96,0,102,6,0
06/18/2025 02:00,0,123,0,127,4,0
06/18/2025 02:15,0,129,0,133,4,0
06/18/2025 02:30,0,179,0,183,4,0
06/18/2025 02:45,0,382,0,386,4,0
06/18/2025 03:00,0,175,0,179,4,0
06/18/2025 03:15,0,129,0,133,4,0
06/18/2025 03:30,0,227,0,231,4,0
06/18/2025 03:45,0,254,0,258,4,0
06/18/2025 04:00,0,159,0,163,4,0
06/18/2025 04:15,0,123,0,125,2,0
06/18/2025 04:30,0,156,0,162,6,0
06/18/2025 04:45,0,192,0,196,4,0
06/18/2025 05:00,0,123,0,127,4,0
06/18/2025 05:15,0,95,0,101,6,0
06/18/2025 05:30,0,100,0,103,3,0
06/18/2025 05:45,0,117,0,120,3,0
06/18/2025 06:00,21,132,0,123,12,0
06/18/2025 06:15,51,264,0,259,46,0
06/18/2025 06:30,58,210,0,206,54,0
06/18/2025 06:45,66,175,0,125,16,0
06/18/2025 07:00,77,225,0,220,72,0
06/18/2025 07:15,118,327,0,325,116,0
06/18/2025 07:30,137,297,0,299,139,0
06/18/2025 07:45,124,235,0,1090,979,0
06/18/2025 08:00,186,211,0,3780,3755,0
06/18/2025 08:15,209,288,0,3822,3743,0
06/18/2025 08:30,305,180,0,3645,3770,0
06/18/2025 08:45,271,91,0,1989,2169,0
06/18/2025 09:00,254,126,0,23,151,0
06/18/2025 09:15,215,115,0,100,200,0
06/18/2025 09:30,223,110,47,0,66,0
06/18/2025 09:45,281,364,0,102,19,0
06/18/2025 10:00,413,283,36,0,94,0
06/18/2025 10:15,466,126,332,0,8,0
06/18/2025 10:30,536,131,373,0,32,0
06/18/2025 10:45,711,107,545,0,59,0
06/18/2025 11:00,559,121,422,0,16,0
06/18/2025 11:15,645,108,523,0,14,0
06/18/2025 11:30,899,113,665,0,121,0
06/18/2025 11:45,872,226,637,0,9,0
06/18/2025 12:00,824,147,672,0,5,0
06/18/2025 12:15,546,129,413,0,4,0
06/18/2025 12:30,520,200,315,0,5,0
06/18/2025 12:45,429,182,208,0,39,0
06/18/2025 13:00,575,100,376,0,99,0
06/18/2025 13:15,635,124,506,0,5,0
06/18/2025 13:30,670,347,321,0,2,0
06/18/2025 13:45,737,122,612,0,3,0
06/18/2025 14:00,482,99,502,0,1,120
06/18/2025 14:15,565,120,562,0,0,117
06/18/2025 14:30,385,100,381,0,0,96
06/18/2025 14:45,155,147,150,0,0,142
06/18/2025 15:00,121,209,117,0,0,205
06/18/2025 15:15,201,301,197,0,0,297
06/18/2025 15:30,290,155,288,0,0,153
06/18/2025 15:45,391,115,388,0,0,112
06/18/2025 16:00,382,139,375,0,0,132
06/18/2025 16:15,287,159,285,0,0,157
06/18/2025 16:30,588,328,582,0,0,322
06/18/2025 16:45,390,238,386,0,0,234
06/18/2025 17:00,325,255,319,0,0,249
06/18/2025 17:15,258,327,258,0,0,327
06/18/2025 17:30,451,138,447,0,0,134
06/18/2025 17:45,635,191,630,0,0,186
06/18/2025 18:00,419,327,416,0,0,324
06/18/2025 18:15,279,158,275,0,0,154
06/18/2025 18:30,227,355,221,0,0,349
06/18/2025 18:45,163,421,161,0,0,419
06/18/2025 19:00,117,456,5,0,0,344
06/18/2025 19:15,97,507,0,2,0,408
06/18/2025 19:30,70,482,3,0,0,415
06/18/2025 19:45,30,704,0,0,0,674
06/18/2025 20:00,14,1679,7,0,0,1672
06/18/2025 20:15,1,1110,20,0,0,1129
06/18/2025 20:30,0,520,0,1,0,519
06/18/2025 20:45,0,780,14,0,0,794
06/18/2025 21:00,0,555,3,0,0,558
06/18/2025 21:15,0,415,0,6,0,409
06/18/2025 21:30,0,513,3,0,0,516
06/18/2025 21:45,0,446,3,0,0,449
06/18/2025 22:00,0,350,0,315,16,51
06/18/2025 22:15,0,566,0,574,8,0
06/18/2025 22:30,0,564,0,565,1,0
06/18/2025 22:45,0,477,0,478,1,0
06/18/2025 23:00,0,385,0,388,3,0
06/18/2025 23:15,0,306,0,310,4,0
06/18/2025 23:30,0,405,0,406,1,0
06/18/2025 23:45,0,404,0,406,2,0
06/19/2025 00:00,0,218,0,220,2,0
06/19/2025 00:15,0,129,0,133,4,0
06/19/2025 00:30,0,183,0,187,4,0
06/19/2025 00:45,0,319,0,323,4,0
06/19/2025 01:00,0,153,0,157,4,0
06/19/2025 01:15,0,438,0,444,6,0
06/19/2025 01:30,0,324,0,329,5,0
06/19/2025 01:45,0,210,0,215,5,0
06/19/2025 02:00,0,135,0,140,5,0
06/19/2025 02:15,0,106,0,111,5,0
06/19/2025 02:30,0,96,0,102,6,0
06/19/2025 02:45,0,163,0,167,4,0
06/19/2025 03:00,0,174,0,180,6,0
06/19/2025 03:15,0,172,0,177,5,0
06/19/2025 03:30,0,302,0,308,6,0
06/19/2025 03:45,0,282,0,286,4,0
06/19/2025 04:00,0,204,0,209,5,0
06/19/2025 04:15,0,115,0,119,4,0
06/19/2025 04:30,0,242,0,248,6,0
06/19/2025 04:45,0,233,0,238,5,0
06/19/2025 05:00,0,105,0,110,5,0
06/19/2025 05:15,0,212,0,217,5,0
06/19/2025 05:30,0,177,0,182,5,0
06/19/2025 05:45,0,167,0,171,4,0
06/19/2025 06:00,49,450,0,442,42,1
06/19/2025 06:15,94,351,0,347,90,0
06/19/2025 06:30,132,313,0,248,67,0
06/19/2025 06:45,124,224,0,115,15,0
06/19/2025 07:00,305,137,0,120,288,0
06/19/2025 07:15,419,250,0,249,418,0
06/19/2025 07:30,370,390,0,391,371,0
06/19/2025 07:45,277,463,0,460,274,0
06/19/2025 08:00,432,166,0,156,422,0
06/19/2025 08:15,602,161,0,154,595,0
06/19/2025 08:30,468,302,0,300,466,0
06/19/2025 08:45,592,249,0,242,585,0
06/19/2025 09:00,592,365,0,361,588,0
06/19/2025 09:15,776,385,0,346,737,0
06/19/2025 09:30,995,308,0,226,913,0
06/19/2025 09:45,792,416,0,393,769,0
06/19/2025 10:00,1031,108,58,0,865,0
06/19/2025 10:15,1371,215,0,8,1164,0
06/19/2025 10:30,1630,145,71,0,1414,0
06/19/2025 10:45,1529,118,12,0,1399,0
06/19/2025 11:00,1626,134,0,22,1514,0
06/19/2025 11:15,1586,131,0,47,1502,0
06/19/2025 11:30,1689,150,711,0,828,0
06/19/2025 11:45,1746,190,1473,0,83,0
06/19/2025 12:00,1847,197,1580,0,70,0
06/19/2025 12:15,1833,203,1578,0,52,0
06/19/2025 12:30,1834,191,1582,0,61,0
06/19/2025 12:45,1783,154,1622,0,7,0
06/19/2025 13:00,1776,144,1598,0,34,0
06/19/2025 13:15,1779,120,1575,0,84,0
06/19/2025 13:30,1751,236,1507,0,8,0
06/19/2025 13:45,1727,152,1544,0,31,0
06/19/2025 14:00,1670,113,1696,0,1,140
06/19/2025 14:15,1461,110,1457,0,0,106
06/19/2025 14:30,1558,172,1555,0,0,169
06/19/2025 14:45,1464,229,1461,0,0,226
06/19/2025 15:00,1462,195,1460,0,0,193
06/19/2025 15:15,1247,160,1247,0,0,160
06/19/2025 15:30,1114,137,1111,0,0,134
06/19/2025 15:45,975,128,971,0,0,124
06/19/2025 16:00,778,255,774,0,0,251
06/19/2025 16:15,866,116,864,0,0,114
06/19/2025 16:30,851,103,849,0,0,101
06/19/2025 16:45,556,143,554,0,0,141
06/19/2025 17:00,256,123,250,0,0,117
06/19/2025 17:15,344,239,340,0,0,235
06/19/2025 17:30,661,192,657,0,0,188
06/19/2025 17:45,461,144,459,0,0,142
06/19/2025 18:00,322,217,322,0,0,217
06/19/2025 18:15,225,110,222,0,0,107
06/19/2025 18:30,130,129,124,0,0,123
06/19/2025 18:45,133,210,131,0,0,208
06/19/2025 19:00,140,93,7,0,51,11
06/19/2025 19:15,84,127,0,10,4,37
06/19/2025 19:30,71,226,0,6,0,149
06/19/2025 19:45,54,208,0,6,0,148
06/19/2025 20:00,19,163,0,8,0,136
06/19/2025 20:15,0,177,0,2,0,175
06/19/2025 20:30,0,104,0,8,0,96
06/19/2025 20:45,0,194,0,7,0,187
06/19/2025 21:00,0,146,0,6,0,140
06/19/2025 21:15,0,112,0,9,0,103
06/19/2025 21:30,0,246,6,0,0,252
06/19/2025 21:45,0,201,0,4,0,197
06/19/2025 22:00,0,181,0,4,0,177
06/19/2025 22:15,0,152,0,5,0,147
06/19/2025 22:30,0,93,0,6,0,87
06/19/2025 22:45,0,188,0,5,0,183
06/19/2025 23:00,0,125,0,4,0,121
06/19/2025 23:15,0,154,0,5,0,149
06/19/2025 23:30,0,265,0,9,0,256
06/19/2025 23:45,0,127,0,5,0,122
06/20/2025 00:00,0,167,0,7,0,160
06/20/2025 00:15,0,165,0,3,0,162
06/20/2025 00:30,0,125,0,5,0,120
06/20/2025 00:45,0,183,0,740,697,140
06/20/2025 01:00,0,90,0,3775,3685,0
06/20/2025 01:15,0,186,0,3686,3500,0
06/20/2025 01:30,0,230,0,1035,805,0
06/20/2025 01:45,0,126,0,176,50,0
06/20/2025 02:00,0,157,0,251,94,0
06/20/2025 02:15,0,121,0,162,41,0
06/20/2025 02:30,0,110,0,118,8,0
06/20/2025 02:45,0,193,0,265,72,0
06/20/2025 03:00,0,141,0,175,34,0
06/20/2025 03:15,0,214,0,220,6,0
06/20/2025 03:30,0,180,0,183,3,0
06/20/2025 03:45,0,108,0,173,65,0
06/20/2025 04:00,0,196,0,233,37,0
06/20/2025 04:15,0,143,0,175,32,0
06/20/2025 04:30,0,105,0,111,6,0
06/20/2025 04:45,0,215,0,249,34,0
06/20/2025 05:00,0,197,0,233,36,0
06/20/2025 05:15,8,140,0,166,34,0
06/20/2025 05:30,77,200,0,128,5,0
06/20/2025 05:45,128,99,4,0,26,1
06/20/2025 06:00,59,107,0,115,67,0
06/20/2025 06:15,92,200,0,116,8,0
06/20/2025 06:30,209,112,94,0,3,0
06/20/2025 06:45,598,131,465,0,2,0
06/20/2025 07:00,742,119,597,0,26,0
06/20/2025 07:15,851,277,488,0,86,0
06/20/2025 07:30,936,119,807,0,10,0
06/20/2025 07:45,1013,128,879,0,6,0
06/20/2025 08:00,1130,177,950,0,3,0
06/20/2025 08:15,1166,246,867,0,53,0
06/20/2025 08:30,1138,128,949,0,61,0
06/20/2025 08:45,756,129,618,0,9,0
06/20/2025 09:00,833,150,681,0,2,0
06/20/2025 09:15,1059,162,896,0,1,0
06/20/2025 09:30,1425,99,1276,0,50,0
06/20/2025 09:45,1540,198,1286,0,56,0
06/20/2025 10:00,1403,193,1203,0,7,0
06/20/2025 10:15,1398,168,1228,0,2,0
06/20/2025 10:30,1426,114,1288,0,24,0
06/20/2025 10:45,1623,103,1488,0,32,0
06/20/2025 11:00,1708,184,1496,0,28,0
06/20/2025 11:15,1858,109,1713,0,36,0
06/20/2025 11:30,1768,138,1626,0,4,0
06/20/2025 11:45,1813,185,1586,0,42,0
06/20/2025 12:00,1901,106,1781,0,14,0
06/20/2025 12:15,1908,217,1665,0,26,0
06/20/2025 12:30,1728,213,1481,0,34,0
06/20/2025 12:45,1714,138,1571,0,5,0
06/20/2025 13:00,1839,118,1696,0,25,0
06/20/2025 13:15,1819,167,1616,0,36,0
06/20/2025 13:30,1642,112,1504,0,26,0
06/20/2025 13:45,1847,113,1700,0,34,0
06/20/2025 14:00,1652,184,1684,0,1,217
06/20/2025 14:15,1488,129,1487,0,0,128
06/20/2025 14:30,1557,100,1553,0,0,96
06/20/2025 14:45,1501,300,1498,0,0,297
06/20/2025 15:00,1511,120,1509,0,0,118
06/20/2025 15:15,1407,124,1404,0,0,121
06/20/2025 15:30,1183,170,1179,0,0,166
06/20/2025 15:45,1088,112,1086,0,0,110
06/20/2025 16:00,867,111,864,0,0,108
06/20/2025 16:15,949,195,948,0,0,194
06/20/2025 16:30,832,126,828,0,0,122
06/20/2025 16:45,773,130,769,0,0,126
06/20/2025 17:00,716,274,715,0,0,273
06/20/2025 17:15,581,103,576,0,0,98
06/20/2025 17:30,581,116,579,0,0,114
06/20/2025 17:45,494,187,491,0,0,184
06/20/2025 18:00,406,118,403,0,0,115
06/20/2025 18:15,278,98,275,0,0,95
06/20/2025 18:30,191,172,186,0,0,167
06/20/2025 18:45,134,111,132,0,0,109
06/20/2025 19:00,103,144,4,0,3,48
06/20/2025 19:15,78,282,0,9,0,195
06/20/2025 19:30,57,99,0,6,0,36
06/20/2025 19:45,36,106,0,6,0,64
06/20/2025 20:00,16,126,0,7,0,103
06/20/2025 20:15,1,159,0,8,0,150
06/20/2025 20:30,0,166,0,3,0,163
06/20/2025 20:45,0,106,0,6,0,100
06/20/2025 21:00,0,111,0,7,0,104
06/20/2025 21:15,0,226,10,0,0,236
06/20/2025 21:30,0,206,0,3,0,203
06/20/2025 21:45,0,126,0,6,0,120
06/20/2025 22:00,0,106,0,6,0,100
06/20/2025 22:15,0,171,0,5,0,166
06/20/2025 22:30,0,116,0,6,0,110
06/20/2025 22:45,0,121,0,5,0,116
06/20/2025 23:00,0,116,0,6,0,110
06/20/2025 23:15,0,131,0,6,0,125
06/20/2025 23:30,0,189,0,4,0,185
06/20/2025 23:45,0,177,0,2,0,175
06/21/2025 00:00,0,139,0,6,0,133
06/21/2025 00:15,0,124,0,5,0,119
06/21/2025 00:30,0,94,0,5,0,89
06/21/2025 00:45,0,103,0,7,0,96
06/21/2025 01:00,0,114,0,7,0,107
06/21/2025 01:15,0,121,0,7,0,114
06/21/2025 01:30,0,177,0,4,0,173
06/21/2025 01:45,0,161,0,6,0,155
06/21/2025 02:00,0,187,0,0,0,187
06/21/2025 02:15,0,119,0,6,0,113
06/21/2025 02:30,0,116,0,4,0,112
06/21/2025 02:45,0,124,0,7,0,117
06/21/2025 03:00,0,95,0,5,0,90
06/21/2025 03:15,0,95,0,5,0,90
06/21/2025 03:30,0,122,0,6,0,116
06/21/2025 03:45,0,112,0,6,0,106
06/21/2025 04:00,0,143,0,6,0,137
06/21/2025 04:15,0,147,0,5,0,142
06/21/2025 04:30,0,171,0,5,0,166
06/21/2025 04:45,0,118,0,5,0,113
06/21/2025 05:00,0,192,0,1,0,191
06/21/2025 05:15,10,134,0,5,0,119
06/21/2025 05:30,68,99,0,4,2,29
06/21/2025 05:45,162,95,0,8,75,0
06/21/2025 06:00,284,117,0,7,174,0
06/21/2025 06:15,372,102,0,8,278,0
06/21/2025 06:30,455,126,0,6,335,0
06/21/2025 06:45,546,104,0,7,449,0
06/21/2025 07:00,678,102,0,89,665,0
06/21/2025 07:15,785,209,0,203,779,0
06/21/2025 07:30,878,129,0,119,868,0
06/21/2025 07:45,955,123,0,116,948,0
06/21/2025 08:00,1030,127,0,116,1019,0
06/21/2025 08:15,1109,98,0,86,1097,0
06/21/2025 08:30,1171,110,0,100,1161,0
06/21/2025 08:45,1225,109,0,97,1213,0
06/21/2025 09:00,1275,120,0,117,1272,0
06/21/2025 09:15,1327,118,605,0,604,0
06/21/2025 09:30,1382,102,1059,0,221,0
06/21/2025 09:45,1448,101,1231,0,116,0
06/21/2025 10:00,1505,141,1354,0,10,0
06/21/2025 10:15,1563,209,1352,0,2,0
06/21/2025 10:30,1614,178,1410,0,26,0
06/21/2025 10:45,1671,177,1432,0,62,0
06/21/2025 11:00,1711,102,1577,0,32,0
06/21/2025 11:15,1751,123,1622,0,6,0
06/21/2025 11:30,1792,120,1646,0,26,0
06/21/2025 11:45,1816,126,1631,0,59,0
06/21/2025 12:00,1855,129,1719,0,7,0
06/21/2025 12:15,1878,196,1656,0,26,0
06/21/2025 12:30,1847,129,1690,0,28,0
06/21/2025 12:45,1783,111,1666,0,6,0
06/21/2025 13:00,1821,133,1629,0,59,0
06/21/2025 13:15,1828,97,1723,0,8,0
06/21/2025 13:30,1812,220,1565,0,27,0
06/21/2025 13:45,1709,224,1445,0,40,0
06/21/2025 14:00,1704,133,1700,0,10,139
06/21/2025 14:15,1724,105,1721,0,0,102
06/21/2025 14:30,1684,115,1683,0,0,114
06/21/2025 14:45,1601,154,1598,0,0,151
06/21/2025 15:00,1492,130,1494,0,0,132
06/21/2025 15:15,1363,129,1361,0,0,127
06/21/2025 15:30,1263,103,1260,0,0,100
06/21/2025 15:45,1136,121,1131,0,0,116
06/21/2025 16:00,1063,166,1060,0,0,163
06/21/2025 16:15,864,224,861,0,0,221
06/21/2025 16:30,808,152,808,0,0,152
06/21/2025 16:45,932,142,927,0,0,137
06/21/2025 17:00,838,139,837,0,0,138
06/21/2025 17:15,789,117,786,0,0,114
06/21/2025 17:30,726,110,725,0,0,109
06/21/2025 17:45,527,189,525,0,0,187
06/21/2025 18:00,427,106,426,0,0,105
06/21/2025 18:15,285,94,281,0,0,90
06/21/2025 18:30,208,132,201,0,0,125
06/21/2025 18:45,132,291,131,0,0,290
06/21/2025 19:00,104,108,2,0,10,16
06/21/2025 19:15,92,107,0,9,2,8
06/21/2025 19:30,58,139,0,10,0,71
06/21/2025 19:45,27,131,0,6,0,98
06/21/2025 20:00,16,133,0,8,0,109
06/21/2025 20:15,1,139,0,4,0,134
06/21/2025 20:30,0,161,0,2,0,159
06/21/2025 20:45,0,137,0,9,0,128
06/21/2025 21:00,0,217,0,1,0,216
06/21/2025 21:15,0,200,5,0,0,205
06/21/2025 21:30,0,121,0,3,0,118
06/21/2025 21:45,0,102,0,7,0,95
06/21/2025 22:00,0,118,0,8,0,110
06/21/2025 22:15,0,198,0,3,0,195
06/21/2025 22:30,0,117,0,7,0,110
06/21/2025 22:45,0,127,0,6,0,121
06/21/2025 23:00,0,181,0,5,0,176
06/21/2025 23:15,0,236,0,3,0,233
06/21/2025 23:30,0,126,0,5,0,121
06/21/2025 23:45,0,111,0,6,0,105
06/22/2025 00:00,0,101,0,7,0,94
06/22/2025 00:15,0,206,0,5,0,201
06/22/2025 00:30,0,110,0,6,0,104
06/22/2025 00:45,0,124,0,3,0,121
06/22/2025 01:00,0,163,0,7,0,156
06/22/2025 01:15,0,240,0,7,0,233
06/22/2025 01:30,0,113,0,4,0,109
06/22/2025 01:45,0,127,0,7,0,120
06/22/2025 02:00,0,160,0,3,0,157
06/22/2025 02:15,0,138,0,5,0,133
06/22/2025 02:30,0,99,0,6,0,93
06/22/2025 02:45,0,98,0,6,0,92
06/22/2025 03:00,0,131,0,4,0,127
06/22/2025 03:15,0,118,0,6,0,112
06/22/2025 03:30,0,290,0,4,0,286
06/22/2025 03:45,0,111,0,5,0,106
06/22/2025 04:00,0,121,0,5,0,116
06/22/2025 04:15,0,135,0,7,0,128
06/22/2025 04:30,0,118,0,5,0,113
06/22/2025 04:45,0,159,0,6,0,153
06/22/2025 05:00,0,113,0,6,0,107
06/22/2025 05:15,0,121,0,7,0,114
06/22/2025 05:30,0,115,2,0,0,117
06/22/2025 05:45,0,187,0,2,0,185
06/22/2025 06:00,3,144,0,4,0,137
06/22/2025 06:15,4,172,0,3,0,165
06/22/2025 06:30,4,124,0,6,0,114
06/22/2025 06:45,15,120,0,7,0,98
06/22/2025 07:00,34,96,0,84,26,4
06/22/2025 07:15,44,183,0,182,43,0
06/22/2025 07:30,90,112,0,108,86,0
06/22/2025 07:45,155,108,0,103,150,0
06/22/2025 08:00,306,231,0,223,298,0
06/22/2025 08:15,181,142,0,144,183,0
06/22/2025 08:30,185,179,0,177,183,0
06/22/2025 08:45,368,119,0,108,357,0
06/22/2025 09:00,401,106,0,108,403,0
06/22/2025 09:15,578,132,0,126,572,0
06/22/2025 09:30,448,128,0,129,449,0
06/22/2025 09:45,417,156,0,152,413,0
06/22/2025 10:00,606,115,0,104,595,0
06/22/2025 10:15,1133,163,0,64,1034,0
06/22/2025 10:30,1513,196,0,115,1432,0
06/22/2025 10:45,1712,168,0,146,1690,0
06/22/2025 11:00,1525,93,60,0,1372,0
06/22/2025 11:15,1647,115,18,0,1514,0
06/22/2025 11:30,1681,125,416,0,1140,0
06/22/2025 11:45,1786,184,1291,0,311,0
06/22/2025 12:00,1807,122,1638,0,47,0
06/22/2025 12:15,1814,116,1662,0,36,0
06/22/2025 12:30,1788,120,1637,0,31,0
06/22/2025 12:45,1757,205,1520,0,32,0
06/22/2025 13:00,1763,217,1492,0,54,0
06/22/2025 13:15,1751,105,1616,0,30,0
06/22/2025 13:30,1737,171,1546,0,20,0
06/22/2025 13:45,1708,110,1576,0,22,0
06/22/2025 14:00,1618,171,1646,0,0,199
06/22/2025 14:15,1396,132,1396,0,0,132
06/22/2025 14:30,855,95,853,0,0,93
06/22/2025 14:45,483,694,464,0,0,675
06/22/2025 15:00,506,1098,508,0,0,1100
06/22/2025 15:15,668,1075,669,0,0,1076
06/22/2025 15:30,955,1106,953,0,0,1104
06/22/2025 15:45,1159,952,1170,0,0,963
06/22/2025 16:00,747,406,745,0,0,404
06/22/2025 16:15,510,434,505,0,0,429
06/22/2025 16:30,416,410,412,0,0,406
06/22/2025 16:45,388,388,385,0,0,385
06/22/2025 17:00,715,415,709,0,0,409
06/22/2025 17:15,673,460,671,0,0,458
06/22/2025 17:30,470,394,465,0,0,389
06/22/2025 17:45,504,415,498,0,0,409
06/22/2025 18:00,382,455,381,0,0,454
06/22/2025 18:15,302,618,297,0,0,613
06/22/2025 18:30,254,537,245,0,0,528
06/22/2025 18:45,228,457,230,0,0,459
06/22/2025 19:00,172,419,14,0,0,261
06/22/2025 19:15,112,514,5,0,0,407
06/22/2025 19:30,70,588,5,0,0,523
06/22/2025 19:45,43,702,0,250,7,416
06/22/2025 20:00,18,610,0,614,22,0
06/22/2025 20:15,0,691,0,711,21,1
06/22/2025 20:30,0,1587,0,1611,24,0
06/22/2025 20:45,0,1175,0,1199,24,0
06/22/2025 21:00,0,359,0,379,20,0
06/22/2025 21:15,0,340,0,361,21,0
06/22/2025 21:30,0,373,0,385,12,0
06/22/2025 21:45,0,308,0,319,11,0
06/22/2025 22:00,0,473,0,484,11,0
06/22/2025 22:15,0,462,0,480,18,0
06/22/2025 22:30,0,394,0,414,20,0
06/22/2025 22:45,0,349,0,361,12,0
06/22/2025 23:00,0,379,0,389,10,0
06/22/2025 23:15,0,331,0,337,6,0
06/22/2025 23:30,0,248,0,252,4,0
06/22/2025 23:45,0,335,0,339,4,0
06/23/2025 00:00,0,284,0,288,4,0
06/23/2025 00:15,0,325,0,331,6,0
06/23/2025 00:30,0,548,0,552,4,0
06/23/2025 00:45,0,262,0,267,5,0
06/23/2025 01:00,0,269,0,273,4,0
06/23/2025 01:15,0,324,0,329,5,0
06/23/2025 01:30,0,277,0,281,4,0
06/23/2025 01:45,0,281,0,286,5,0
06/23/2025 02:00,0,146,0,151,5,0
06/23/2025 02:15,0,354,0,357,4,1
06/23/2025 02:30,0,477,0,481,4,0
06/23/2025 02:45,0,418,0,423,5,0
06/23/2025 03:00,0,441,0,445,4,0
06/23/2025 03:15,0,135,0,138,3,0
06/23/2025 03:30,0,227,0,229,2,0
06/23/2025 03:45,0,388,0,392,4,0
06/23/2025 04:00,0,171,0,174,3,0
06/23/2025 04:15,0,135,0,138,3,0
06/23/2025 04:30,0,214,0,216,2,0
06/23/2025 04:45,0,111,0,116,5,0
06/23/2025 05:00,0,276,0,281,5,0
06/23/2025 05:15,16,367,0,362,11,0
06/23/2025 05:30,76,425,0,415,66,0
06/23/2025 05:45,140,456,0,451,135,0
06/23/2025 06:00,251,185,0,171,237,0
06/23/2025 06:15,311,100,0,8,219,0
06/23/2025 06:30,371,114,230,0,224,197
06/23/2025 06:45,494,156,170,0,323,155
06/23/2025 07:00,603,228,0,206,581,0
06/23/2025 07:15,720,339,0,331,712,0
06/23/2025 07:30,821,334,0,328,815,0
06/23/2025 07:45,901,299,0,288,890,0
06/23/2025 08:00,935,569,0,560,926,0
06/23/2025 08:15,1027,376,0,362,1013,0
06/23/2025 08:30,1095,473,0,458,1080,0
06/23/2025 08:45,1087,325,0,316,1078,0
06/23/2025 09:00,1160,170,0,155,1145,0
06/23/2025 09:15,1145,274,0,255,1126,0
06/23/2025 09:30,1181,673,0,658,1166,0
06/23/2025 09:45,1243,1591,0,1564,1216,0
06/23/2025 10:00,1355,1210,0,1181,1326,0
06/23/2025 10:15,1403,501,0,455,1357,0
06/23/2025 10:30,1493,450,769,0,274,0
06/23/2025 10:45,1584,209,1312,0,63,0
06/23/2025 11:00,1590,1058,493,0,39,0
06/23/2025 11:15,1635,1393,183,0,59,0
06/23/2025 11:30,1677,1346,306,0,25,0
06/23/2025 11:45,1709,663,969,0,77,0
06/23/2025 12:00,1625,569,1019,0,37,0
06/23/2025 12:15,1744,627,1111,0,6,0
06/23/2025 12:30,1686,486,1200,0,0,0
06/23/2025 12:45,1771,513,1199,0,59,0
06/23/2025 13:00,1729,439,1221,0,69,0
06/23/2025 13:15,1486,432,1015,0,39,0
06/23/2025 13:30,1019,535,452,0,32,0
06/23/2025 13:45,1512,574,838,0,100,0
06/23/2025 14:00,996,637,992,0,0,633
06/23/2025 14:15,1647,652,1649,0,0,654
06/23/2025 14:30,1276,479,1271,0,0,474
06/23/2025 14:45,1260,419,1257,0,0,416
06/23/2025 15:00,845,399,843,0,0,397
06/23/2025 15:15,918,490,913,0,0,485
06/23/2025 15:30,1282,648,1279,0,0,645
06/23/2025 15:45,554,532,554,0,0,532
06/23/2025 16:00,618,342,616,0,0,340
06/23/2025 16:15,755,437,749,0,0,431
06/23/2025 16:30,614,604,611,0,0,601
06/23/2025 16:45,674,664,671,0,0,661
06/23/2025 17:00,688,417,692,0,0,421
06/23/2025 17:15,494,292,492,0,0,290
06/23/2025 17:30,376,432,369,0,0,425
06/23/2025 17:45,482,464,480,0,0,462
06/23/2025 18:00,392,700,389,0,0,697
06/23/2025 18:15,288,349,286,0,0,347
06/23/2025 18:30,217,636,215,0,0,634
06/23/2025 18:45,146,665,148,0,0,667
06/23/2025 19:00,102,489,14,0,0,401
06/23/2025 19:15,82,543,4,0,0,465
06/23/2025 19:30,66,441,0,3,0,372
06/23/2025 19:45,51,586,0,1,0,534
06/23/2025 20:00,25,702,0,389,14,302
06/23/2025 20:15,2,517,0,538,23,0
06/23/2025 20:30,0,585,0,610,25,0
06/23/2025 20:45,0,709,0,732,23,0
06/23/2025 21:00,0,635,0,660,25,0
06/23/2025 21:15,0,481,0,504,23,0
06/23/2025 21:30,0,490,0,509,19,0
06/23/2025 21:45,0,556,0,573,18,1
06/23/2025 22:00,0,449,0,469,20,0
06/23/2025 22:15,0,444,0,462,18,0
06/23/2025 22:30,0,543,0,561,18,0
06/23/2025 22:45,0,452,0,468,16,0
06/23/2025 23:00,0,405,0,424,19,0
06/23/2025 23:15,0,391,0,408,17,0
06/23/2025 23:30,0,431,0,438,7,0
06/23/2025 23:45,0,552,0,558,6,0
06/24/2025 00:00,0,334,0,338,4,0
06/24/2025 00:15,0,344,0,345,1,0
06/24/2025 00:30,0,301,0,302,1,0
06/24/2025 00:45,0,372,0,376,4,0
06/24/2025 01:00,0,326,0,330,4,0
06/24/2025 01:15,0,310,0,312,2,0
06/24/2025 01:30,0,294,0,295,1,0
06/24/2025 01:45,0,302,0,303,1,0
06/24/2025 02:00,0,296,0,297,1,0
06/24/2025 02:15,0,178,0,179,1,0
06/24/2025 02:30,0,257,0,259,2,0
06/24/2025 02:45,0,350,0,349,0,1
06/24/2025 03:00,0,566,0,568,2,0
06/24/2025 03:15,0,347,0,347,0,0
06/24/2025 03:30,0,433,0,436,3,0
06/24/2025 03:45,0,401,0,402,1,0
06/24/2025 04:00,0,315,0,316,1,0
06/24/2025 04:15,0,147,0,148,1,0
06/24/2025 04:30,0,217,0,217,0,0
06/24/2025 04:45,0,247,0,249,2,0
06/24/2025 05:00,0,325,0,327,2,0
06/24/2025 05:15,2,308,0,308,2,0
06/24/2025 05:30,41,388,0,379,32,0
06/24/2025 05:45,133,358,0,348,123,0
06/24/2025 06:00,265,351,0,342,256,0
06/24/2025 06:15,363,208,0,66,221,0
06/24/2025 06:30,445,130,170,0,296,151
06/24/2025 06:45,534,143,0,8,399,0
06/24/2025 07:00,654,230,0,205,629,0
06/24/2025 07:15,776,217,0,205,764,0
06/24/2025 07:30,836,249,0,236,823,0
06/24/2025 07:45,928,336,0,313,905,0
06/24/2025 08:00,997,105,0,90,982,0
06/24/2025 08:15,1066,103,0,77,1040,0
06/24/2025 08:30,1133,124,0,98,1107,0
06/24/2025 08:45,1194,216,0,194,1172,0
06/24/2025 09:00,1259,479,0,455,1235,0
06/24/2025 09:15,1313,415,0,394,1292,0
06/24/2025 09:30,1358,368,0,347,1337,0
06/24/2025 09:45,1417,433,0,405,1389,0
06/24/2025 10:00,1472,327,0,283,1428,0
06/24/2025 10:15,1527,310,946,0,271,0
06/24/2025 10:30,1575,331,1143,0,101,0
06/24/2025 10:45,1634,420,1204,0,10,0
06/24/2025 11:00,1682,347,1242,0,93,0
06/24/2025 11:15,1715,396,1284,0,35,0
06/24/2025 11:30,1758,325,1399,0,34,0
06/24/2025 11:45,1772,364,1377,0,31,0
06/24/2025 12:00,1803,403,1359,0,41,0
06/24/2025 12:15,1803,432,1357,0,14,0
06/24/2025 12:30,1787,375,1369,0,43,0
06/24/2025 12:45,1762,468,1287,0,8,1
06/24/2025 13:00,1776,429,1293,0,54,0
06/24/2025 13:15,1761,422,1333,0,6,0
06/24/2025 13:30,1749,376,1319,0,54,0
06/24/2025 13:45,1721,379,1333,0,9,0
06/24/2025 14:00,1684,439,1701,0,1,457
06/24/2025 14:15,1598,432,1595,0,0,429
06/24/2025 14:30,1468,448,1467,0,0,447
06/24/2025 14:45,1485,363,1481,0,0,359
06/24/2025 15:00,1418,410,1417,0,0,409
06/24/2025 15:15,1333,570,1334,0,0,571
06/24/2025 15:30,1209,378,1205,0,0,374
06/24/2025 15:45,1136,368,1131,0,0,363
06/24/2025 16:00,1062,412,1057,0,0,407
06/24/2025 16:15,933,431,932,0,0,430
06/24/2025 16:30,852,386,850,0,0,384
06/24/2025 16:45,795,443,782,0,0,430
06/24/2025 17:00,714,1120,730,0,0,1136
06/24/2025 17:15,646,758,650,0,0,762
06/24/2025 17:30,575,722,575,0,0,722
06/24/2025 17:45,489,589,485,0,0,585
06/24/2025 18:00,395,673,394,0,0,672
06/24/2025 18:15,260,579,261,0,0,580
06/24/2025 18:30,167,560,160,0,0,553
06/24/2025 18:45,110,573,101,0,0,564
06/24/2025 19:00,83,837,17,0,0,771
06/24/2025 19:15,68,753,0,0,0,685
06/24/2025 19:30,50,644,0,351,17,260
06/24/2025 19:45,32,1853,0,1849,28,0
06/24/2025 20:00,12,1349,0,1364,27,0
06/24/2025 20:15,0,470,0,474,26,22
06/24/2025 20:30,0,476,0,501,25,0
06/24/2025 20:45,0,479,0,506,27,0
06/24/2025 21:00,0,480,0,507,27,0
06/24/2025 21:15,0,638,0,665,27,0
06/24/2025 21:30,0,685,0,712,27,0
06/24/2025 21:45,0,652,0,678,26,0
06/24/2025 22:00,0,595,0,598,26,23
06/24/2025 22:15,0,672,0,697,25,0
06/24/2025 22:30,0,604,0,630,26,0
06/24/2025 22:45,0,404,0,425,21,0
06/24/2025 23:00,0,439,0,463,24,0
06/24/2025 23:15,0,420,0,444,24,0
06/24/2025 23:30,0,449,0,469,20,0
06/24/2025 23:45,0,480,0,501,21,0
06/25/2025 00:00,0,295,0,317,22,0
06/25/2025 00:15,0,266,0,286,20,0
06/25/2025 00:30,0,377,0,399,22,0
06/25/2025 00:45,0,304,0,322,19,1
06/25/2025 01:00,0,484,0,503,19,0
06/25/2025 01:15,0,463,0,479,17,1
06/25/2025 01:30,0,450,0,468,18,0
06/25/2025 01:45,0,399,0,417,18,0
06/25/2025 02:00,0,336,0,344,8,0
06/25/2025 02:15,0,163,0,166,3,0
06/25/2025 02:30,0,303,0,307,4,0
06/25/2025 02:45,0,411,0,414,3,0
06/25/2025 03:00,0,516,0,520,4,0
06/25/2025 03:15,0,397,0,402,5,0
06/25/2025 03:30,0,372,0,379,7,0
06/25/2025 03:45,0,286,0,291,5,0
06/25/2025 04:00,0,178,0,182,4,0
06/25/2025 04:15,0,325,0,329,4,0
06/25/2025 04:30,0,240,0,244,4,0
06/25/2025 04:45,0,342,0,344,2,0
06/25/2025 05:00,0,377,0,381,4,0
06/25/2025 05:15,5,382,0,379,2,0
06/25/2025 05:30,53,485,0,475,43,0
06/25/2025 05:45,147,205,0,198,140,0
06/25/2025 06:00,279,294,0,281,266,0
06/25/2025 06:15,373,314,0,256,315,0
06/25/2025 06:30,455,226,33,0,236,40
06/25/2025 06:45,532,232,36,0,300,36
06/25/2025 07:00,635,108,0,100,627,0
06/25/2025 07:15,699,177,0,174,696,0
06/25/2025 07:30,817,358,0,342,801,0
06/25/2025 07:45,904,527,0,498,875,0
06/25/2025 08:00,992,568,0,551,975,0
06/25/2025 08:15,1054,397,0,377,1034,0
06/25/2025 08:30,1120,409,0,382,1093,0
06/25/2025 08:45,1181,286,0,252,1147,0
06/25/2025 09:00,1236,202,0,176,1210,0
06/25/2025 09:15,1282,161,0,133,1254,0
06/25/2025 09:30,1325,244,0,212,1293,0
06/25/2025 09:45,1386,510,0,466,1342,0
06/25/2025 10:00,1445,445,0,373,1373,0
06/25/2025 10:15,1496,346,280,0,870,0
06/25/2025 10:30,1557,336,1177,0,44,0
06/25/2025 10:45,1597,449,1069,0,79,0
06/25/2025 11:00,1654,162,1402,0,90,0
06/25/2025 11:15,1699,146,1510,0,43,0
06/25/2025 11:30,1837,222,1582,0,33,0
06/25/2025 11:45,1840,104,1698,0,39,1
06/25/2025 12:00,1461,425,973,0,63,0
06/25/2025 12:15,1831,425,1394,0,12,0
06/25/2025 12:30,1047,390,597,0,60,0
06/25/2025 12:45,1884,310,1558,0,16,0
06/25/2025 13:00,1464,922,472,0,70,0
06/25/2025 13:15,1222,689,503,0,30,0
06/25/2025 13:30,1645,379,1211,0,55,0
06/25/2025 13:45,1282,280,993,0,9,0
06/25/2025 14:00,590,464,589,0,0,463
06/25/2025 14:15,1424,383,1426,0,0,385
06/25/2025 14:30,1035,317,1035,0,0,317
06/25/2025 14:45,1589,349,1582,0,0,342
06/25/2025 15:00,1051,406,1055,0,0,410
06/25/2025 15:15,880,423,876,0,0,419
06/25/2025 15:30,1296,353,1294,0,0,351
06/25/2025 15:45,1172,364,1171,0,0,363
06/25/2025 16:00,952,331,949,0,0,328
06/25/2025 16:15,905,542,898,0,0,535
06/25/2025 16:30,839,467,834,0,0,462
06/25/2025 16:45,792,356,793,0,0,357
06/25/2025 17:00,721,828,724,0,0,831
06/25/2025 17:15,647,535,644,0,0,532
06/25/2025 17:30,560,522,555,0,0,517
06/25/2025 17:45,502,348,503,0,0,349
06/25/2025 18:00,408,304,404,0,0,300
06/25/2025 18:15,289,411,279,0,0,401
06/25/2025 18:30,198,650,195,0,0,647
06/25/2025 18:45,131,602,127,0,0,598
06/25/2025 19:00,105,679,9,0,0,583
06/25/2025 19:15,78,380,0,3,0,299
06/25/2025 19:30,60,337,0,2,0,275
06/25/2025 19:45,38,345,0,6,0,301
06/25/2025 20:00,15,348,2,0,0,335
06/25/2025 20:15,1,398,0,4,0,393
06/25/2025 20:30,0,357,0,1,0,356
06/25/2025 20:45,0,487,2,0,0,489
06/25/2025 21:00,0,476,0,424,22,74
06/25/2025 21:15,0,409,0,433,24,0
06/25/2025 21:30,0,512,0,536,25,1
06/25/2025 21:45,0,381,0,407,26,0
06/25/2025 22:00,0,378,0,403,25,0
06/25/2025 22:15,0,593,0,618,25,0
06/25/2025 22:30,0,509,0,532,23,0
06/25/2025 22:45,0,429,0,452,23,0
06/25/2025 23:00,0,308,0,330,22,0
06/25/2025 23:15,0,377,0,399,22,0
06/25/2025 23:30,0,421,0,439,19,1
06/25/2025 23:45,0,283,0,295,12,0
06/26/2025 00:00,0,323,0,340,17,0
06/26/2025 00:15,0,313,0,322,9,0
06/26/2025 00:30,0,303,0,313,10,0
06/26/2025 00:45,0,521,0,523,2,0
06/26/2025 01:00,0,302,0,306,4,0
06/26/2025 01:15,0,274,0,276,2,0
06/26/2025 01:30,0,405,0,409,4,0
06/26/2025 01:45,0,318,0,320,2,0
06/26/2025 02:00,0,349,0,351,2,0
06/26/2025 02:15,0,299,0,303,4,0
06/26/2025 02:30,0,107,0,111,4,0
06/26/2025 02:45,0,232,0,234,2,0
06/26/2025 03:00,0,282,0,284,2,0
06/26/2025 03:15,0,334,0,333,0,1
06/26/2025 03:30,0,293,0,293,0,0
06/26/2025 03:45,0,218,0,220,2,0
06/26/2025 04:00,0,134,0,136,2,0
06/26/2025 04:15,0,114,0,118,4,0
06/26/2025 04:30,0,270,0,272,2,0
06/26/2025 04:45,0,380,0,382,2,0
06/26/2025 05:00,0,178,0,180,2,0
06/26/2025 05:15,0,157,0,159,2,0
06/26/2025 05:30,38,268,0,266,36,0
06/26/2025 05:45,58,285,0,286,59,0
06/26/2025 06:00,87,150,0,148,85,0
06/26/2025 06:15,98,296,0,294,96,0
06/26/2025 06:30,67,162,0,161,66,0
06/26/2025 06:45,80,268,0,268,80,0
06/26/2025 07:00,103,132,0,129,100,0
06/26/2025 07:15,148,209,0,201,140,0
06/26/2025 07:30,187,231,0,230,186,0
06/26/2025 07:45,162,274,0,272,160,0
06/26/2025 08:00,217,146,0,140,211,0
06/26/2025 08:15,354,112,0,100,342,0
06/26/2025 08:30,466,128,0,128,466,0
06/26/2025 08:45,350,114,0,111,347,0
06/26/2025 09:00,400,98,0,97,399,0
06/26/2025 09:15,266,99,0,102,269,0
06/26/2025 09:30,281,128,0,126,279,0
06/26/2025 09:45,250,165,0,158,243,0
06/26/2025 10:00,376,112,0,110,374,0
06/26/2025 10:15,616,158,0,156,614,0
06/26/2025 10:30,758,212,0,204,750,0
06/26/2025 10:45,421,135,0,142,428,0
06/26/2025 11:00,278,124,0,128,282,0
06/26/2025 11:15,271,98,0,96,269,0
06/26/2025 11:30,377,140,0,136,373,0
06/26/2025 11:45,738,116,0,81,703,0
06/26/2025 12:00,1919,125,44,0,1750,0
06/26/2025 12:15,1393,116,0,49,1326,0
06/26/2025 12:30,1337,98,0,41,1280,0
06/26/2025 12:45,1173,102,23,0,1048,0
06/26/2025 13:00,779,342,0,334,771,0
06/26/2025 13:15,508,138,0,138,508,0
06/26/2025 13:30,351,110,0,107,348,0
06/26/2025 13:45,227,100,0,104,231,0
06/26/2025 14:00,239,102,243,0,10,116
06/26/2025 14:15,467,156,464,0,0,153
06/26/2025 14:30,240,127,237,0,0,124
06/26/2025 14:45,121,109,117,0,0,105
06/26/2025 15:00,255,100,250,0,0,95
06/26/2025 15:15,169,98,166,0,0,95
06/26/2025 15:30,180,127,175,0,0,122
06/26/2025 15:45,215,218,210,0,0,213
06/26/2025 16:00,245,140,243,0,0,138
06/26/2025 16:15,225,101,221,0,0,97
06/26/2025 16:30,240,101,235,0,0,96
06/26/2025 16:45,217,122,214,0,0,119
06/26/2025 17:00,182,128,180,0,0,126
06/26/2025 17:15,203,109,200,0,0,106
06/26/2025 17:30,143,244,134,0,0,235
06/26/2025 17:45,206,434,201,0,0,429
06/26/2025 18:00,154,343,155,0,0,344
06/26/2025 18:15,103,144,100,0,0,141
06/26/2025 18:30,106,325,96,0,0,315
06/26/2025 18:45,86,463,84,0,0,461
06/26/2025 19:00,87,545,11,0,0,469
06/26/2025 19:15,65,476,0,11,0,400
06/26/2025 19:30,20,1572,0,0,0,1552
06/26/2025 19:45,9,1088,5,0,0,1084
06/26/2025 20:00,1,356,0,4,0,351
06/26/2025 20:15,0,475,2,0,0,477
06/26/2025 20:30,0,229,8,0,0,237
06/26/2025 20:45,0,233,0,3,0,230
06/26/2025 21:00,0,333,0,4,0,329
06/26/2025 21:15,0,422,0,1,0,421
06/26/2025 21:30,0,417,2,0,0,419
06/26/2025 21:45,0,407,6,0,0,413
06/26/2025 22:00,0,413,1,0,0,414
06/26/2025 22:15,0,576,0,30,1,547
06/26/2025 22:30,0,439,0,458,19,0
06/26/2025 22:45,0,258,0,266,8,0
06/26/2025 23:00,0,181,0,184,3,0
06/26/2025 23:15,0,316,0,319,3,0
06/26/2025 23:30,0,295,0,300,5,0
06/26/2025 23:45,0,302,0,308,6,0
06/27/2025 00:00,0,236,0,240,4,0
06/27/2025 00:15,0,103,0,107,4,0
06/27/2025 00:30,0,116,0,117,1,0
06/27/2025 00:45,0,131,0,132,1,0
06/27/2025 01:00,0,112,0,115,3,0
06/27/2025 01:15,0,104,0,107,3,0
06/27/2025 01:30,0,102,0,104,2,0
06/27/2025 01:45,0,134,0,136,2,0
06/27/2025 02:00,0,125,0,128,3,0
06/27/2025 02:15,0,106,0,109,3,0
06/27/2025 02:30,0,99,0,102,3,0
06/27/2025 02:45,0,118,0,119,1,0
06/27/2025 03:00,0,136,0,137,1,0
06/27/2025 03:15,0,109,0,112,3,0
06/27/2025 03:30,0,259,0,261,2,0
06/27/2025 03:45,0,181,0,181,0,0
06/27/2025 04:00,0,155,0,156,1,0
06/27/2025 04:15,0,132,0,133,1,0
06/27/2025 04:30,0,101,0,104,3,0
06/27/2025 04:45,0,99,0,101,2,0
06/27/2025 05:00,0,113,0,114,1,0
06/27/2025 05:15,9,167,0,162,4,0
06/27/2025 05:30,83,221,0,210,72,0
06/27/2025 05:45,174,219,0,168,123,0
06/27/2025 06:00,98,126,0,43,15,0
06/27/2025 06:15,116,137,0,36,15,0
06/27/2025 06:30,168,139,0,9,38,0
06/27/2025 06:45,260,171,0,8,97,0
06/27/2025 07:00,356,175,0,158,339,0
06/27/2025 07:15,641,322,0,313,632,0
06/27/2025 07:30,755,259,0,225,721,0
06/27/2025 07:45,565,220,0,209,554,0
06/27/2025 08:00,672,151,0,143,664,0
06/27/2025 08:15,593,119,0,114,588,0
06/27/2025 08:30,618,162,0,165,621,0
06/27/2025 08:45,660,114,0,115,661,0
06/27/2025 09:00,736,99,0,90,727,0
06/27/2025 09:15,892,101,0,96,887,0
06/27/2025 09:30,1228,128,0,18,1118,0
06/27/2025 09:45,1447,135,8,0,1304,0
06/27/2025 10:00,1650,161,0,151,1640,0
06/27/2025 10:15,1726,178,0,131,1679,0
06/27/2025 10:30,1668,99,0,26,1595,0
06/27/2025 10:45,1684,137,570,0,977,0
06/27/2025 11:00,1730,129,1344,0,257,0
06/27/2025 11:15,1773,109,1603,0,61,0
06/27/2025 11:30,1805,103,1616,0,86,0
06/27/2025 11:45,1833,117,1682,0,34,0
06/27/2025 12:00,1866,133,1670,0,64,1
06/27/2025 12:15,1880,129,1742,0,9,0
06/27/2025 12:30,1863,106,1709,0,48,0
06/27/2025 12:45,1839,109,1693,0,37,0
06/27/2025 13:00,1843,115,1696,0,32,0
06/27/2025 13:15,1845,167,1592,0,86,0
06/27/2025 13:30,1830,118,1701,0,11,0
06/27/2025 13:45,1816,104,1706,0,6,0
06/27/2025 14:00,1594,99,1628,0,1,134
06/27/2025 14:15,1695,122,1691,0,0,118
06/27/2025 14:30,1594,135,1592,0,0,133
06/27/2025 14:45,1571,113,1570,0,0,112
06/27/2025 15:00,1331,104,1327,0,0,100
06/27/2025 15:15,1162,102,1159,0,0,99
06/27/2025 15:30,1165,128,1164,0,0,127
06/27/2025 15:45,881,150,876,0,0,145
06/27/2025 16:00,1139,135,1135,0,0,131
06/27/2025 16:15,576,210,571,0,0,205
06/27/2025 16:30,603,214,597,0,0,208
06/27/2025 16:45,584,334,582,0,0,332
06/27/2025 17:00,753,140,750,0,0,137
06/27/2025 17:15,835,132,832,0,1,130
06/27/2025 17:30,624,113,618,0,0,107
06/27/2025 17:45,558,307,548,0,0,297
06/27/2025 18:00,433,487,430,0,0,484
06/27/2025 18:15,315,390,310,0,0,385
06/27/2025 18:30,191,467,187,0,0,463
06/27/2025 18:45,131,435,129,0,0,433
06/27/2025 19:00,86,312,7,0,0,233
06/27/2025 19:15,69,464,0,5,0,390
06/27/2025 19:30,52,523,3,0,0,474
06/27/2025 19:45,41,208,0,7,0,160
06/27/2025 20:00,9,233,0,8,0,216
06/27/2025 20:15,0,374,3,0,0,377
06/27/2025 20:30,0,195,0,4,0,191
06/27/2025 20:45,0,184,0,7,0,177
06/27/2025 21:00,0,388,0,5,0,383
06/27/2025 21:15,0,491,10,0,0,501
06/27/2025 21:30,0,499,0,8,0,491
06/27/2025 21:45,0,744,4,0,0,748
06/27/2025 22:00,0,318,2,0,0,320
06/27/2025 22:15,0,294,0,4,0,290
06/27/2025 22:30,0,232,0,2,0,230
06/27/2025 22:45,0,142,0,6,0,136
06/27/2025 23:00,0,233,0,3,0,230
06/27/2025 23:15,0,373,0,3,0,370
06/27/2025 23:30,0,361,1,0,0,362
06/27/2025 23:45,0,307,3,0,0,310
06/28/2025 00:00,0,280,0,3,0,277
06/28/2025 00:15,0,172,0,2,0,170
06/28/2025 00:30,0,130,0,6,0,124
06/28/2025 00:45,0,133,0,4,0,129
06/28/2025 01:00,0,104,0,23,1,82
06/28/2025 01:15,0,99,0,106,7,0
06/28/2025 01:30,0,114,0,118,4,0
06/28/2025 01:45,0,116,0,122,6,0
06/28/2025 02:00,0,129,0,134,5,0
06/28/2025 02:15,0,125,0,130,5,0
06/28/2025 02:30,0,102,0,108,6,0
06/28/2025 02:45,0,175,0,179,4,0
06/28/2025 03:00,0,238,0,244,6,0
06/28/2025 03:15,0,279,0,283,4,0
06/28/2025 03:30,0,208,0,213,5,0
06/28/2025 03:45,0,108,0,113,5,0
06/28/2025 04:00,0,104,0,108,4,0
06/28/2025 04:15,0,125,0,129,4,0
06/28/2025 04:30,0,113,0,117,4,0
06/28/2025 04:45,0,136,0,140,4,0
06/28/2025 05:00,0,114,0,120,6,0
06/28/2025 05:15,0,99,0,104,5,0
06/28/2025 05:30,0,98,0,103,5,0
06/28/2025 05:45,0,131,0,135,4,0
06/28/2025 06:00,0,133,0,137,4,0
06/28/2025 06:15,0,108,0,112,4,0
06/28/2025 06:30,0,113,0,116,3,0
06/28/2025 06:45,0,117,0,120,3,0
06/28/2025 07:00,0,140,0,144,4,0
06/28/2025 07:15,27,393,0,383,17,0
06/28/2025 07:30,60,311,0,302,51,0
06/28/2025 07:45,48,212,0,223,59,0
06/28/2025 08:00,25,268,0,273,30,0
06/28/2025 08:15,59,171,0,162,50,0
06/28/2025 08:30,68,150,0,148,66,0
06/28/2025 08:45,118,225,0,221,114,0
06/28/2025 09:00,94,198,0,203,99,0
06/28/2025 09:15,90,201,0,202,91,0
06/28/2025 09:30,161,208,0,201,154,0
06/28/2025 09:45,171,163,0,167,175,0
06/28/2025 10:00,186,454,0,452,184,0
06/28/2025 10:15,227,434,0,431,224,0
06/28/2025 10:30,243,131,0,127,239,0
06/28/2025 10:45,231,140,0,136,227,0
06/28/2025 11:00,283,136,0,133,280,0
06/28/2025 11:15,261,103,0,101,259,0
06/28/2025 11:30,262,108,0,106,260,0
06/28/2025 11:45,276,257,0,249,268,0
06/28/2025 12:00,314,512,0,511,313,0
06/28/2025 12:15,323,329,0,324,318,0
06/28/2025 12:30,216,172,0,169,213,0
06/28/2025 12:45,309,169,0,166,306,0
06/28/2025 13:00,431,146,0,144,429,0
06/28/2025 13:15,401,472,0,471,400,0
06/28/2025 13:30,363,402,0,400,361,0
06/28/2025 13:45,426,303,0,297,420,0
06/28/2025 14:00,361,162,362,0,19,182
06/28/2025 14:15,400,150,396,0,0,146
06/28/2025 14:30,461,255,457,0,0,251
06/28/2025 14:45,462,177,459,0,0,174
06/28/2025 15:00,473,160,469,0,0,156
06/28/2025 15:15,298,168,295,0,0,165
06/28/2025 15:30,384,176,379,0,0,171
06/28/2025 15:45,305,149,302,0,0,146
06/28/2025 16:00,281,201,276,0,0,196
06/28/2025 16:15,231,252,228,0,0,249
06/28/2025 16:30,186,174,184,0,0,172
06/28/2025 16:45,182,103,179,0,0,100
06/28/2025 17:00,164,138,158,0,0,132
06/28/2025 17:15,199,171,198,0,0,170
06/28/2025 17:30,316,212,311,0,0,207
06/28/2025 17:45,232,515,219,0,0,502
06/28/2025 18:00,174,490,173,0,0,489
06/28/2025 18:15,107,237,106,0,0,236
06/28/2025 18:30,91,139,17,0,7,72
06/28/2025 18:45,55,140,0,89,4,0
06/28/2025 19:00,47,242,0,200,5,0
06/28/2025 19:15,54,169,0,118,3,0
06/28/2025 19:30,23,232,0,213,4,0
06/28/2025 19:45,11,429,0,420,2,0
06/28/2025 20:00,4,485,0,482,1,0
06/28/2025 20:15,0,709,0,710,1,0
06/28/2025 20:30,0,512,0,515,3,0
06/28/2025 20:45,0,1387,0,1387,0,0
06/28/2025 21:00,0,1486,0,1490,4,0
06/28/2025 21:15,0,365,0,370,5,0
06/28/2025 21:30,0,182,0,187,5,0
06/28/2025 21:45,0,326,0,329,3,0
06/28/2025 22:00,0,311,0,314,3,0
06/28/2025 22:15,0,282,0,283,1,0
06/28/2025 22:30,0,262,0,266,4,0
06/28/2025 22:45,0,278,0,284,6,0
06/28/2025 23:00,0,113,0,118,5,0
06/28/2025 23:15,0,289,0,289,0,0
06/28/2025 23:30,0,287,0,288,1,0
06/28/2025 23:45,0,320,0,325,5,0
06/29/2025 00:00,0,367,0,371,4,0
06/29/2025 00:15,0,188,0,193,5,0
06/29/2025 00:30,0,123,0,128,5,0
06/29/2025 00:45,0,124,0,130,6,0
06/29/2025 01:00,0,101,0,106,5,0
06/29/2025 01:15,0,105,0,110,5,0
06/29/2025 01:30,0,127,0,133,6,0
06/29/2025 01:45,0,120,0,125,5,0
06/29/2025 02:00,0,122,0,127,5,0
06/29/2025 02:15,0,242,0,248,6,0
06/29/2025 02:30,0,293,0,298,5,0
06/29/2025 02:45,0,359,0,364,5,0
06/29/2025 03:00,0,295,0,300,5,0
06/29/2025 03:15,0,109,0,114,5,0
06/29/2025 03:30,0,140,0,145,5,0
06/29/2025 03:45,0,117,0,121,5,1
06/29/2025 04:00,0,99,0,105,6,0
06/29/2025 04:15,0,103,0,108,5,0
06/29/2025 04:30,0,176,0,182,6,0
06/29/2025 04:45,0,211,0,216,5,0
06/29/2025 05:00,0,198,0,204,6,0
06/29/2025 05:15,0,234,0,239,5,0
06/29/2025 05:30,0,198,0,203,5,0
06/29/2025 05:45,0,120,0,124,4,0
06/29/2025 06:00,25,97,0,91,19,0
06/29/2025 06:15,57,97,0,97,57,0
06/29/2025 06:30,73,131,0,131,73,0
06/29/2025 06:45,160,132,0,126,154,0
06/29/2025 07:00,207,119,0,116,204,0
06/29/2025 07:15,218,110,0,108,216,0
06/29/2025 07:30,229,394,0,384,219,0
06/29/2025 07:45,297,275,0,271,293,0
06/29/2025 08:00,424,282,0,275,417,0
06/29/2025 08:15,506,192,0,187,501,0
06/29/2025 08:30,1021,239,0,193,975,0
06/29/2025 08:45,1127,110,0,61,1078,0
06/29/2025 09:00,1297,151,0,140,1286,0
06/29/2025 09:15,1311,259,0,229,1281,0
06/29/2025 09:30,1407,166,0,124,1365,0
06/29/2025 09:45,1479,130,0,109,1458,0
06/29/2025 10:00,1488,173,0,108,1423,0
06/29/2025 10:15,1492,198,0,97,1391,0
06/29/2025 10:30,1691,131,0,90,1650,0
06/29/2025 10:45,1708,126,387,0,1195,0
06/29/2025 11:00,1719,211,1414,0,94,0
06/29/2025 11:15,1751,252,1436,0,63,0
06/29/2025 11:30,1788,299,1416,0,73,0
06/29/2025 11:45,1817,1808,0,52,61,0
06/29/2025 12:00,1845,1856,0,21,10,0
06/29/2025 12:15,1852,1975,0,195,72,0
06/29/2025 12:30,1839,1901,0,87,25,0
06/29/2025 12:45,1816,1809,0,6,13,0
06/29/2025 13:00,1823,1749,25,0,49,0
06/29/2025 13:15,1820,1793,0,31,58,0
06/29/2025 13:30,1815,1755,50,0,10,0
06/29/2025 13:45,1784,1741,0,14,57,0
06/29/2025 14:00,1734,226,1722,0,0,214
06/29/2025 14:15,1671,163,1665,0,0,157
06/29/2025 14:30,1616,577,1603,0,0,564
06/29/2025 14:45,1548,428,1550,0,0,430
06/29/2025 15:00,1553,199,1552,0,0,198
06/29/2025 15:15,1252,108,1247,0,0,103
06/29/2025 15:30,1232,420,1225,0,0,413
06/29/2025 15:45,1203,421,1200,0,0,418
06/29/2025 16:00,1271,135,1272,0,0,136
06/29/2025 16:15,1012,107,1009,0,0,104
06/29/2025 16:30,1070,113,1067,0,0,110
06/29/2025 16:45,852,195,843,0,0,186
06/29/2025 17:00,787,499,782,0,0,494
06/29/2025 17:15,729,279,730,0,0,280
06/29/2025 17:30,627,124,625,0,0,122
06/29/2025 17:45,539,149,535,0,0,145
06/29/2025 18:00,453,270,447,0,0,264
06/29/2025 18:15,277,320,272,0,0,315
06/29/2025 18:30,163,475,155,0,0,467
06/29/2025 18:45,101,748,94,0,0,741
06/29/2025 19:00,67,1717,1,0,0,1651
06/29/2025 19:15,60,1092,10,0,0,1042
06/29/2025 19:30,54,1579,0,4,0,1521
06/29/2025 19:45,27,2634,0,221,2,2388
06/29/2025 20:00,15,1694,0,1702,23,0
06/29/2025 20:15,1,1172,0,1190,19,0
06/29/2025 20:30,0,1098,0,1110,12,0
06/29/2025 20:45,0,989,0,998,9,0
06/29/2025 21:00,0,1043,0,1055,12,0
06/29/2025 21:15,0,993,0,1011,18,0
06/29/2025 21:30,0,1201,0,1217,16,0
06/29/2025 21:45,0,1031,0,1051,20,0
06/29/2025 22:00,0,1112,0,1126,14,0
06/29/2025 22:15,0,1048,0,1061,13,0
06/29/2025 22:30,0,993,0,1000,7,0
06/29/2025 22:45,0,952,0,957,5,0
06/29/2025 23:00,0,919,0,923,4,0
06/29/2025 23:15,0,775,0,780,5,0
06/29/2025 23:30,0,912,0,914,2,0
06/29/2025 23:45,0,796,0,798,2,0
06/30/2025 00:00,0,836,0,839,3,0
06/30/2025 00:15,0,754,0,759,5,0
06/30/2025 00:30,0,718,0,722,4,0
06/30/2025 00:45,0,661,0,663,2,0
06/30/2025 01:00,0,687,0,690,3,0
06/30/2025 01:15,0,694,0,694,1,1
06/30/2025 01:30,0,544,0,548,4,0
06/30/2025 01:45,0,561,0,562,1,0
06/30/2025 02:00,0,574,0,577,3,0
06/30/2025 02:15,0,582,0,582,0,0
06/30/2025 02:30,0,558,0,560,2,0
06/30/2025 02:45,0,735,0,737,2,0
06/30/2025 03:00,0,809,0,811,2,0
06/30/2025 03:15,0,598,0,598,0,0
06/30/2025 03:30,0,636,0,640,4,0
06/30/2025 03:45,0,618,0,622,4,0
06/30/2025 04:00,0,548,0,551,3,0
06/30/2025 04:15,0,576,0,579,3,0
06/30/2025 04:30,0,572,0,573,1,0
06/30/2025 04:45,0,550,0,552,2,0
06/30/2025 05:00,0,557,0,560,3,0
06/30/2025 05:15,1,580,0,583,4,0
06/30/2025 05:30,43,546,0,536,33,0
06/30/2025 05:45,96,544,0,533,85,0
06/30/2025 06:00,284,639,0,625,270,0
06/30/2025 06:15,398,291,0,69,176,0
06/30/2025 06:30,481,198,17,0,283,17
06/30/2025 06:45,559,338,0,10,231,0
06/30/2025 07:00,687,229,0,198,656,0
06/30/2025 07:15,802,170,0,161,793,0
06/30/2025 07:30,886,253,0,247,880,0
06/30/2025 07:45,959,148,0,136,947,0
06/30/2025 08:00,1032,223,0,211,1020,0
06/30/2025 08:15,1100,234,0,234,1100,0
06/30/2025 08:30,1161,199,0,195,1157,0
06/30/2025 08:45,1213,396,0,391,1208,0
06/30/2025 09:00,1269,232,0,219,1256,0
06/30/2025 09:15,1313,287,0,270,1296,0
06/30/2025 09:30,1362,1620,0,1584,1326,0
06/30/2025 09:45,1417,1493,0,1467,1391,0
06/30/2025 10:00,1475,567,0,417,1325,0
06/30/2025 10:15,1538,303,1136,0,99,0
06/30/2025 10:30,1598,273,1261,0,64,0
06/30/2025 10:45,1635,239,1360,0,36,0
06/30/2025 11:00,1691,381,1253,0,58,1
06/30/2025 11:15,1722,580,1110,0,32,0
06/30/2025 11:30,1764,370,1310,0,84,0
06/30/2025 11:45,1785,296,1477,0,12,0
06/30/2025 12:00,1814,125,1661,0,28,0
06/30/2025 12:15,1825,124,1655,0,46,0
06/30/2025 12:30,1817,205,1587,0,25,0
06/30/2025 12:45,1797,130,1632,0,35,0
06/30/2025 13:00,1335,103,1202,0,30,0
06/30/2025 13:15,1066,118,920,0,28,0
06/30/2025 13:30,1594,381,1182,0,31,0
06/30/2025 13:45,1224,423,768,0,33,0
06/30/2025 14:00,1681,346,1689,0,0,354
06/30/2025 14:15,1729,448,1723,0,0,442
06/30/2025 14:30,1496,370,1494,0,0,368
06/30/2025 14:45,1563,139,1563,0,0,139
06/30/2025 15:00,1446,131,1443,0,0,128
06/30/2025 15:15,1309,117,1305,0,0,113
06/30/2025 15:30,1190,263,1183,0,0,256
06/30/2025 15:45,1107,356,1103,0,0,352
06/30/2025 16:00,1095,398,1090,0,0,393
06/30/2025 16:15,906,624,901,0,0,619
06/30/2025 16:30,768,415,766,0,0,413
06/30/2025 16:45,648,347,648,0,0,347
06/30/2025 17:00,873,147,867,0,0,141
06/30/2025 17:15,696,358,690,0,0,352
06/30/2025 17:30,552,482,544,0,0,474
06/30/2025 17:45,501,522,502,0,0,523
06/30/2025 18:00,403,415,400,0,0,412
06/30/2025 18:15,268,398,263,0,0,393
06/30/2025 18:30,167,565,160,0,0,558
06/30/2025 18:45,109,491,109,0,0,491
06/30/2025 19:00,72,477,11,0,0,416
06/30/2025 19:15,52,328,0,0,0,276
06/30/2025 19:30,25,345,2,0,0,322
06/30/2025 19:45,14,535,0,3,0,518
06/30/2025 20:00,9,544,6,0,0,541
06/30/2025 20:15,2,746,12,0,0,756
06/30/2025 20:30,0,439,10,0,0,449
06/30/2025 20:45,0,399,0,1,0,398
06/30/2025 21:00,0,473,4,0,0,477
06/30/2025 21:15,0,402,0,6,0,396
06/30/2025 21:30,0,726,0,497,17,246
06/30/2025 21:45,0,435,0,450,15,0
06/30/2025 22:00,0,460,0,467,7,0
06/30/2025 22:15,0,500,0,506,6,0
06/30/2025 22:30,0,571,0,577,6,0
06/30/2025 22:45,0,396,0,402,6,0
06/30/2025 23:00,0,436,0,440,4,0
06/30/2025 23:15,0,368,0,373,5,0
06/30/2025 23:30,0,425,0,430,5,0
06/30/2025 23:45,0,429,0,433,4,0
