Date/Time,Energy Produced (Wh),Energy Consumed (Wh),Exported to Grid (Wh),Imported from Grid (Wh),Stored in batteries (Wh),Discharged from batteries (Wh)
05/01/2025 00:00,0,101,0,6,0,95
05/01/2025 00:15,0,131,0,4,0,127
05/01/2025 00:30,0,113,0,5,0,108
05/01/2025 00:45,0,103,0,4,0,99
05/01/2025 01:00,0,117,0,4,0,113
05/01/2025 01:15,0,129,0,5,0,124
05/01/2025 01:30,0,104,0,5,0,99
05/01/2025 01:45,0,117,0,3,0,114
05/01/2025 02:00,0,133,0,5,0,128
05/01/2025 02:15,0,114,0,4,0,110
05/01/2025 02:30,0,97,0,4,0,93
05/01/2025 02:45,0,110,0,4,0,106
05/01/2025 03:00,0,110,0,5,0,105
05/01/2025 03:15,0,128,0,5,0,123
05/01/2025 03:30,0,99,0,3,0,96
05/01/2025 03:45,0,99,0,6,0,93
05/01/2025 04:00,0,117,0,4,0,113
05/01/2025 04:15,0,120,0,4,0,116
05/01/2025 04:30,0,107,0,5,0,102
05/01/2025 04:45,0,101,0,6,0,95
05/01/2025 05:00,0,128,0,5,0,123
05/01/2025 05:15,0,121,0,5,0,116
05/01/2025 05:30,0,112,0,2,0,110
05/01/2025 05:45,18,100,0,6,0,76
05/01/2025 06:00,49,118,0,10,2,61
05/01/2025 06:15,138,131,0,6,50,37
05/01/2025 06:30,225,108,0,7,124,0
05/01/2025 06:45,498,122,0,7,387,4
05/01/2025 07:00,468,122,0,125,471,0
05/01/2025 07:15,654,129,0,135,660,0
05/01/2025 07:30,786,129,0,138,795,0
05/01/2025 07:45,921,102,0,111,930,0
05/01/2025 08:00,981,102,0,116,995,0
05/01/2025 08:15,1047,129,0,139,1057,0
05/01/2025 08:30,1086,98,0,105,1093,0
05/01/2025 08:45,1146,98,0,105,1153,0
05/01/2025 09:00,1215,115,0,117,1217,0
05/01/2025 09:15,1324,207,111,0,1006,0
05/01/2025 09:30,1340,201,731,0,408,0
05/01/2025 09:45,1419,185,1029,0,205,0
05/01/2025 10:00,1463,217,1182,0,64,0
05/01/2025 10:15,1557,183,1366,0,8,0
05/01/2025 10:30,1565,469,1054,0,42,0
05/01/2025 10:45,1621,1535,74,0,12,0
05/01/2025 11:00,1632,750,853,0,29,0
05/01/2025 11:15,1692,229,1420,0,43,0
05/01/2025 11:30,1743,476,1241,0,26,0
05/01/2025 11:45,1770,142,1623,0,5,0
05/01/2025 12:00,1778,1353,376,0,49,0
05/01/2025 12:15,1754,397,1306,0,51,0
05/01/2025 12:30,1745,132,1607,0,6,0
05/01/2025 12:45,1762,153,1584,0,25,0
05/01/2025 13:00,1771,131,1615,0,25,0
05/01/2025 13:15,1761,142,1590,0,29,0
05/01/2025 13:30,1764,118,1626,0,20,0
05/01/2025 13:45,1704,124,1555,0,25,0
05/01/2025 14:00,1671,145,1497,0,29,0
05/01/2025 14:15,1600,126,1445,0,29,0
05/01/2025 14:30,1548,121,1385,0,42,0
05/01/2025 14:45,1397,132,1259,0,6,0
05/01/2025 15:00,1342,159,1181,0,2,0
05/01/2025 15:15,1239,144,1039,0,56,0
05/01/2025 15:30,1136,158,932,0,46,0
05/01/2025 15:45,994,146,842,0,6,0
05/01/2025 16:00,916,278,939,0,0,301
05/01/2025 16:15,828,333,830,0,0,335
05/01/2025 16:30,723,122,722,0,0,121
05/01/2025 16:45,635,121,633,0,0,119
05/01/2025 17:00,513,141,510,0,0,138
05/01/2025 17:15,387,113,384,0,0,110
05/01/2025 17:30,164,140,162,0,0,138
05/01/2025 17:45,145,124,143,0,0,122
05/01/2025 18:00,112,159,109,0,0,156
05/01/2025 18:15,174,126,172,0,0,124
05/01/2025 18:30,190,100,188,0,0,98
05/01/2025 18:45,132,93,130,0,0,91
05/01/2025 19:00,67,116,62,0,0,111
05/01/2025 19:15,28,189,25,0,0,186
05/01/2025 19:30,4,189,0,2,0,183
05/01/2025 19:45,0,177,0,5,1,173
05/01/2025 20:00,0,226,0,2,0,224
05/01/2025 20:15,0,413,10,0,0,423
05/01/2025 20:30,0,397,0,0,0,397
05/01/2025 20:45,0,433,5,0,0,438
05/01/2025 21:00,0,143,0,6,0,137
05/01/2025 21:15,0,143,0,5,0,138
05/01/2025 21:30,0,171,0,4,0,167
05/01/2025 21:45,0,178,0,5,0,173
05/01/2025 22:00,0,185,0,1,0,184
05/01/2025 22:15,0,183,0,5,0,178
05/01/2025 22:30,0,149,0,5,0,144
05/01/2025 22:45,0,154,0,4,0,150
05/01/2025 23:00,0,161,0,4,0,157
05/01/2025 23:15,0,112,0,3,0,109
05/01/2025 23:30,0,109,0,6,0,103
05/01/2025 23:45,0,134,0,5,0,129
05/02/2025 00:00,0,110,0,4,0,106
05/02/2025 00:15,0,100,0,4,0,96
05/02/2025 00:30,0,118,0,6,0,112
05/02/2025 00:45,0,121,0,4,0,117
05/02/2025 01:00,0,97,0,5,0,92
05/02/2025 01:15,0,97,0,5,0,92
05/02/2025 01:30,0,137,0,5,0,132
05/02/2025 01:45,0,110,0,4,0,106
05/02/2025 02:00,0,98,0,4,0,94
05/02/2025 02:15,0,102,0,6,0,96
05/02/2025 02:30,0,129,0,3,0,126
05/02/2025 02:45,0,106,0,6,0,100
05/02/2025 03:00,0,100,0,5,0,95
05/02/2025 03:15,0,100,0,4,0,96
05/02/2025 03:30,0,129,0,5,0,124
05/02/2025 03:45,0,109,0,5,0,104
05/02/2025 04:00,0,97,0,4,0,93
05/02/2025 04:15,0,104,0,5,0,99
05/02/2025 04:30,0,134,0,7,0,127
05/02/2025 04:45,0,114,0,4,0,110
05/02/2025 05:00,0,99,0,5,0,94
05/02/2025 05:15,0,101,0,6,0,95
05/02/2025 05:30,0,112,0,2,0,110
05/02/2025 05:45,0,128,0,5,0,123
05/02/2025 06:00,0,97,0,7,1,91
05/02/2025 06:15,9,98,0,5,0,84
05/02/2025 06:30,38,106,0,7,0,61
05/02/2025 06:45,68,162,0,7,1,88
05/02/2025 07:00,95,147,0,147,97,2
05/02/2025 07:15,140,138,0,146,148,0
05/02/2025 07:30,132,116,0,120,136,0
05/02/2025 07:45,139,126,0,129,142,0
05/02/2025 08:00,284,120,0,123,287,0
05/02/2025 08:15,252,203,0,209,258,0
05/02/2025 08:30,280,242,0,244,282,0
05/02/2025 08:45,201,176,0,181,206,0
05/02/2025 09:00,314,175,0,181,320,0
05/02/2025 09:15,343,151,0,156,348,0
05/02/2025 09:30,383,136,0,139,386,0
05/02/2025 09:45,381,180,0,182,383,0
05/02/2025 10:00,355,156,0,163,362,0
05/02/2025 10:15,347,122,0,127,352,0
05/02/2025 10:30,358,173,0,179,364,0
05/02/2025 10:45,294,234,0,238,298,0
05/02/2025 11:00,378,176,0,167,369,0
05/02/2025 11:15,549,170,0,165,544,0
05/02/2025 11:30,570,221,0,220,569,0
05/02/2025 11:45,590,1475,0,1467,582,0
05/02/2025 12:00,507,1581,0,1582,508,0
05/02/2025 12:15,699,380,0,367,686,0
05/02/2025 12:30,864,191,0,185,858,0
05/02/2025 12:45,1045,131,0,116,1030,0
05/02/2025 13:00,1492,123,66,0,1303,0
05/02/2025 13:15,988,144,0,32,876,0
05/02/2025 13:30,1089,146,704,0,239,0
05/02/2025 13:45,1145,139,997,0,9,0
05/02/2025 14:00,1491,139,1323,0,29,0
05/02/2025 14:15,1591,116,1425,0,50,0
05/02/2025 14:30,1429,105,1296,0,28,0
05/02/2025 14:45,1192,95,1069,0,28,0
05/02/2025 15:00,1214,104,1061,0,49,0
05/02/2025 15:15,1153,129,994,0,30,0
05/02/2025 15:30,1062,103,931,0,28,0
05/02/2025 15:45,953,124,823,0,6,0
05/02/2025 16:00,876,102,902,0,2,130
05/02/2025 16:15,822,128,819,0,0,125
05/02/2025 16:30,751,122,748,0,0,119
05/02/2025 16:45,668,127,666,0,0,125
05/02/2025 17:00,554,104,551,0,0,101
05/02/2025 17:15,435,109,432,0,0,106
05/02/2025 17:30,329,137,326,0,0,134
05/02/2025 17:45,270,171,269,0,0,170
05/02/2025 18:00,208,145,205,0,0,142
05/02/2025 18:15,150,112,148,0,0,110
05/02/2025 18:30,74,123,70,0,0,119
05/02/2025 18:45,60,155,56,0,0,151
05/02/2025 19:00,27,155,24,0,0,152
05/02/2025 19:15,0,171,0,7,0,164
05/02/2025 19:30,0,147,0,3,0,144
05/02/2025 19:45,0,174,0,4,0,170
05/02/2025 20:00,0,411,8,0,0,419
05/02/2025 20:15,0,423,11,0,0,434
05/02/2025 20:30,0,1450,0,1,0,1449
05/02/2025 20:45,0,1705,6,0,0,1711
05/02/2025 21:00,0,587,11,0,0,598
05/02/2025 21:15,0,230,0,1,0,229
05/02/2025 21:30,0,300,0,1,0,299
05/02/2025 21:45,0,225,2,0,0,227
05/02/2025 22:00,0,208,0,1,0,207
05/02/2025 22:15,0,180,0,4,0,176
05/02/2025 22:30,0,130,0,3,0,127
05/02/2025 22:45,0,114,0,6,0,108
05/02/2025 23:00,0,152,0,3,0,149
05/02/2025 23:15,0,139,0,4,0,135
05/02/2025 23:30,0,110,0,4,0,106
05/02/2025 23:45,0,107,0,5,0,102
05/03/2025 00:00,0,110,0,6,0,104
05/03/2025 00:15,0,123,0,3,0,120
05/03/2025 00:30,0,123,0,5,0,118
05/03/2025 00:45,0,126,0,4,0,122
05/03/2025 01:00,0,101,0,7,0,94
05/03/2025 01:15,0,97,0,3,0,94
05/03/2025 01:30,0,107,0,4,0,103
05/03/2025 01:45,0,115,0,5,0,110
05/03/2025 02:00,0,107,0,5,0,102
05/03/2025 02:15,0,135,0,5,0,130
05/03/2025 02:30,0,106,0,6,0,100
05/03/2025 02:45,0,104,0,4,0,100
05/03/2025 03:00,0,101,0,5,0,96
05/03/2025 03:15,0,121,0,5,0,116
05/03/2025 03:30,0,99,0,5,0,94
05/03/2025 03:45,0,127,0,4,0,123
05/03/2025 04:00,0,112,0,5,0,107
05/03/2025 04:15,0,100,0,5,0,95
05/03/2025 04:30,0,98,0,4,0,94
05/03/2025 04:45,0,124,0,4,0,120
05/03/2025 05:00,0,103,0,5,0,98
05/03/2025 05:15,0,112,0,4,0,108
05/03/2025 05:30,0,135,0,8,0,127
05/03/2025 05:45,25,98,0,6,0,67
05/03/2025 06:00,82,99,0,7,6,16
05/03/2025 06:15,174,133,0,1,76,34
05/03/2025 06:30,233,120,0,7,120,0
05/03/2025 06:45,397,110,0,11,298,0
05/03/2025 07:00,445,141,0,134,438,0
05/03/2025 07:15,450,136,0,126,440,0
05/03/2025 07:30,783,159,0,146,770,0
05/03/2025 07:45,910,138,0,110,882,0
05/03/2025 08:00,459,151,0,131,439,0
05/03/2025 08:15,714,125,0,30,619,0
05/03/2025 08:30,1005,311,0,230,924,0
05/03/2025 08:45,1073,213,0,204,1064,0
05/03/2025 09:00,1144,161,0,125,1108,0
05/03/2025 09:15,1274,144,0,138,1268,0
05/03/2025 09:30,1319,115,0,110,1314,0
05/03/2025 09:45,1356,172,0,163,1347,0
05/03/2025 10:00,1407,166,0,143,1384,0
05/03/2025 10:15,1471,130,0,124,1465,0
05/03/2025 10:30,1518,112,880,0,526,0
05/03/2025 10:45,1567,112,1403,0,52,0
05/03/2025 11:00,1616,1250,296,0,70,0
05/03/2025 11:15,1641,1339,268,0,34,0
05/03/2025 11:30,1662,1317,261,0,84,0
05/03/2025 11:45,1692,1325,328,0,39,0
05/03/2025 12:00,1714,1501,203,0,10,0
05/03/2025 12:15,1718,1396,247,0,75,0
05/03/2025 12:30,1660,1290,343,0,27,0
05/03/2025 12:45,1349,1266,34,0,49,0
05/03/2025 13:00,1488,1300,144,0,44,0
05/03/2025 13:15,1509,1379,117,0,13,0
05/03/2025 13:30,1407,537,867,0,3,0
05/03/2025 13:45,1435,386,983,0,66,0
05/03/2025 14:00,1514,290,1192,0,32,0
05/03/2025 14:15,1494,472,994,0,28,0
05/03/2025 14:30,1285,268,1010,0,7,0
05/03/2025 14:45,1395,160,1228,0,7,0
05/03/2025 15:00,1322,179,1087,0,56,0
05/03/2025 15:15,1159,145,976,0,38,0
05/03/2025 15:30,987,147,810,0,30,0
05/03/2025 15:45,966,242,717,0,7,0
05/03/2025 16:00,709,385,728,0,0,404
05/03/2025 16:15,666,302,665,0,0,301
05/03/2025 16:30,243,307,242,0,0,306
05/03/2025 16:45,268,335,265,0,0,332
05/03/2025 17:00,189,275,191,0,0,277
05/03/2025 17:15,155,130,151,0,0,126
05/03/2025 17:30,78,115,0,119,84,2
05/03/2025 17:45,7,140,0,138,5,0
05/03/2025 18:00,35,140,0,130,25,0
05/03/2025 18:15,56,132,0,129,53,0
05/03/2025 18:30,74,156,0,155,73,0
05/03/2025 18:45,134,181,0,179,132,0
05/03/2025 19:00,76,598,0,269,49,302
05/03/2025 19:15,85,395,84,0,0,394
05/03/2025 19:30,19,380,17,0,0,378
05/03/2025 19:45,0,174,0,3,0,171
05/03/2025 20:00,0,233,0,4,0,229
05/03/2025 20:15,0,461,5,0,0,466
05/03/2025 20:30,0,379,6,0,0,385
05/03/2025 20:45,0,529,16,0,0,545
05/03/2025 21:00,0,268,0,1,0,267
05/03/2025 21:15,0,229,0,1,0,228
05/03/2025 21:30,0,212,0,1,0,211
05/03/2025 21:45,0,286,0,2,0,284
05/03/2025 22:00,0,345,0,1,0,344
05/03/2025 22:15,0,321,0,1,0,320
05/03/2025 22:30,0,149,0,7,0,142
05/03/2025 22:45,0,118,0,4,0,114
05/03/2025 23:00,0,142,0,6,0,136
05/03/2025 23:15,0,145,0,4,0,141
05/03/2025 23:30,0,110,0,6,0,104
05/03/2025 23:45,0,105,0,7,0,98
05/04/2025 00:00,0,131,0,5,0,126
05/04/2025 00:15,0,145,0,5,0,140
05/04/2025 00:30,0,109,0,5,0,104
05/04/2025 00:45,0,103,0,5,0,98
05/04/2025 01:00,0,113,0,5,0,108
05/04/2025 01:15,0,133,0,3,0,130
05/04/2025 01:30,0,276,0,4,0,272
05/04/2025 01:45,0,150,0,4,0,146
05/04/2025 02:00,0,102,0,4,0,98
05/04/2025 02:15,0,133,0,4,0,129
05/04/2025 02:30,0,126,0,5,0,121
05/04/2025 02:45,0,103,0,4,0,99
05/04/2025 03:00,0,101,0,5,0,96
05/04/2025 03:15,0,120,0,4,0,116
05/04/2025 03:30,0,132,0,4,0,128
05/04/2025 03:45,0,123,0,5,0,118
05/04/2025 04:00,0,105,0,5,0,100
05/04/2025 04:15,0,107,0,5,0,102
05/04/2025 04:30,0,132,0,6,0,126
05/04/2025 04:45,0,126,0,5,0,121
05/04/2025 05:00,0,186,0,5,0,181
05/04/2025 05:15,0,187,0,1,0,186
05/04/2025 05:30,0,114,0,8,0,106
05/04/2025 05:45,15,131,0,5,0,111
05/04/2025 06:00,55,119,0,7,0,57
05/04/2025 06:15,104,132,0,3,15,40
05/04/2025 06:30,164,141,0,8,45,14
05/04/2025 06:45,178,163,0,5,40,20
05/04/2025 07:00,200,145,0,139,194,0
05/04/2025 07:15,277,123,0,116,270,0
05/04/2025 07:30,345,146,0,149,348,0
05/04/2025 07:45,553,137,0,124,540,0
05/04/2025 08:00,684,196,0,174,662,0
05/04/2025 08:15,912,259,0,225,878,0
05/04/2025 08:30,905,146,0,72,831,0
05/04/2025 08:45,597,303,0,289,583,0
05/04/2025 09:00,800,349,0,235,686,0
05/04/2025 09:15,1048,189,27,0,832,0
05/04/2025 09:30,817,106,0,57,768,0
05/04/2025 09:45,688,128,0,108,668,0
05/04/2025 10:00,474,160,0,149,463,0
05/04/2025 10:15,548,156,0,152,544,0
05/04/2025 10:30,496,178,0,174,492,0
05/04/2025 10:45,704,272,0,256,688,0
05/04/2025 11:00,638,148,0,139,629,0
05/04/2025 11:15,931,106,0,92,917,0
05/04/2025 11:30,1287,90,0,23,1220,0
05/04/2025 11:45,1332,99,453,0,780,0
05/04/2025 12:00,1618,127,1292,0,199,0
05/04/2025 12:15,1422,115,1293,0,14,0
05/04/2025 12:30,1306,94,1146,0,66,0
05/04/2025 12:45,1270,156,1059,0,55,0
05/04/2025 13:00,1374,329,1035,0,11,1
05/04/2025 13:15,1335,161,1128,0,46,0
05/04/2025 13:30,1249,126,1081,0,42,0
05/04/2025 13:45,851,120,722,0,9,0
05/04/2025 14:00,178,112,37,0,29,0
05/04/2025 14:15,314,193,95,0,26,0
05/04/2025 14:30,107,1415,0,1360,52,0
05/04/2025 14:45,485,1310,0,841,16,0
05/04/2025 15:00,461,177,261,0,23,0
05/04/2025 15:15,550,175,354,0,21,0
05/04/2025 15:30,333,222,55,0,56,0
05/04/2025 15:45,286,136,133,0,17,0
05/04/2025 16:00,217,146,235,0,0,164
05/04/2025 16:15,208,154,203,0,0,149
05/04/2025 16:30,404,154,400,0,0,150
05/04/2025 16:45,317,189,310,0,0,182
05/04/2025 17:00,264,407,262,0,0,405
05/04/2025 17:15,102,327,102,0,0,327
05/04/2025 17:30,115,445,104,0,0,434
05/04/2025 17:45,115,244,114,0,0,243
05/04/2025 18:00,61,172,58,0,0,169
05/04/2025 18:15,41,149,37,0,0,145
05/04/2025 18:30,47,233,42,0,0,228
05/04/2025 18:45,36,326,28,0,0,318
05/04/2025 19:00,19,305,22,0,0,308
05/04/2025 19:15,4,192,2,0,0,190
05/04/2025 19:30,0,190,0,3,0,187
05/04/2025 19:45,0,193,7,0,0,200
05/04/2025 20:00,0,245,0,1,0,244
05/04/2025 20:15,0,421,0,3,0,418
05/04/2025 20:30,0,439,4,0,0,443
05/04/2025 20:45,0,557,6,0,0,563
05/04/2025 21:00,0,316,6,0,0,322
05/04/2025 21:15,0,248,0,5,0,243
05/04/2025 21:30,0,257,0,1,0,256
05/04/2025 21:45,0,338,0,5,0,333
05/04/2025 22:00,0,299,2,0,0,301
05/04/2025 22:15,0,150,0,4,0,146
05/04/2025 22:30,0,146,0,7,0,139
05/04/2025 22:45,0,176,0,3,0,173
05/04/2025 23:00,0,126,0,4,0,122
05/04/2025 23:15,0,129,0,7,0,122
05/04/2025 23:30,0,140,0,7,0,133
05/04/2025 23:45,0,128,0,4,0,124
05/05/2025 00:00,0,127,0,7,0,120
05/05/2025 00:15,0,117,0,4,0,113
05/05/2025 00:30,0,109,0,6,0,103
05/05/2025 00:45,0,99,0,5,0,94
05/05/2025 01:00,0,137,0,5,0,132
05/05/2025 01:15,0,122,0,4,0,118
05/05/2025 01:30,0,104,0,6,0,98
05/05/2025 01:45,0,98,0,4,0,94
05/05/2025 02:00,0,127,0,5,0,122
05/05/2025 02:15,0,101,0,5,0,96
05/05/2025 02:30,0,142,0,4,0,138
05/05/2025 02:45,0,108,0,5,0,103
05/05/2025 03:00,0,100,0,4,0,96
05/05/2025 03:15,0,108,0,6,0,102
05/05/2025 03:30,0,120,0,5,0,115
05/05/2025 03:45,0,121,0,5,0,116
05/05/2025 04:00,0,120,0,3,0,117
05/05/2025 04:15,0,102,0,5,0,97
05/05/2025 04:30,0,110,0,5,0,105
05/05/2025 04:45,0,125,0,5,0,120
05/05/2025 05:00,0,110,0,7,0,103
05/05/2025 05:15,0,130,0,3,0,127
05/05/2025 05:30,0,103,0,4,0,99
05/05/2025 05:45,0,98,0,4,0,94
05/05/2025 06:00,0,112,0,7,0,105
05/05/2025 06:15,0,117,0,3,1,115
05/05/2025 06:30,3,132,0,8,0,121
05/05/2025 06:45,14,179,0,0,0,165
05/05/2025 07:00,53,135,0,133,53,2
05/05/2025 07:15,41,159,0,166,48,0
05/05/2025 07:30,61,214,0,219,66,0
05/05/2025 07:45,42,190,0,192,44,0
05/05/2025 08:00,43,131,0,132,44,0
05/05/2025 08:15,34,121,0,124,37,0
05/05/2025 08:30,53,273,0,274,54,0
05/05/2025 08:45,77,270,0,270,77,0
05/05/2025 09:00,92,216,0,216,92,0
05/05/2025 09:15,109,216,0,213,106,0
05/05/2025 09:30,136,781,0,785,140,0
05/05/2025 09:45,131,1479,0,1487,139,0
05/05/2025 10:00,200,416,0,415,199,0
05/05/2025 10:15,254,150,0,150,254,0
05/05/2025 10:30,226,231,0,236,231,0
05/05/2025 10:45,249,282,0,285,252,0
05/05/2025 11:00,216,305,0,313,224,0
05/05/2025 11:15,191,1618,0,1623,196,0
05/05/2025 11:30,189,1070,0,1076,195,0
05/05/2025 11:45,260,168,0,168,260,0
05/05/2025 12:00,301,122,0,128,307,0
05/05/2025 12:15,279,152,0,155,282,0
05/05/2025 12:30,238,185,0,190,243,0
05/05/2025 12:45,320,147,0,151,324,0
05/05/2025 13:00,201,145,0,147,203,0
05/05/2025 13:15,196,230,0,236,202,0
05/05/2025 13:30,217,1469,0,1474,222,0
05/05/2025 13:45,180,954,0,961,187,0
05/05/2025 14:00,182,116,0,120,186,0
05/05/2025 14:15,216,148,0,142,210,0
05/05/2025 14:30,275,145,0,151,281,0
05/05/2025 14:45,246,117,0,123,252,0
05/05/2025 15:00,209,114,0,120,215,0
05/05/2025 15:15,230,129,0,133,234,0
05/05/2025 15:30,241,136,0,141,246,0
05/05/2025 15:45,216,136,0,139,219,0
05/05/2025 16:00,213,134,222,0,6,149
05/05/2025 16:15,166,124,162,0,0,120
05/05/2025 16:30,159,135,155,0,0,131
05/05/2025 16:45,109,154,108,0,0,153
05/05/2025 17:00,84,128,80,0,0,124
05/05/2025 17:15,63,102,59,0,0,98
05/05/2025 17:30,51,294,39,0,0,282
05/05/2025 17:45,45,341,50,0,0,346
05/05/2025 18:00,34,151,29,0,0,146
05/05/2025 18:15,37,175,33,0,0,171
05/05/2025 18:30,25,128,22,0,0,125
05/05/2025 18:45,12,124,10,0,0,122
05/05/2025 19:00,7,135,2,0,0,130
05/05/2025 19:15,0,202,0,4,0,198
05/05/2025 19:30,0,198,0,2,0,196
05/05/2025 19:45,0,191,0,4,0,187
05/05/2025 20:00,0,400,0,5,0,395
05/05/2025 20:15,0,389,0,2,0,387
05/05/2025 20:30,0,487,12,0,0,499
05/05/2025 20:45,0,346,2,0,0,348
05/05/2025 21:00,0,268,0,2,0,266
05/05/2025 21:15,0,272,0,2,0,270
05/05/2025 21:30,0,788,0,776,14,26
05/05/2025 21:45,0,1485,0,1491,6,0
05/05/2025 22:00,0,829,0,832,3,0
05/05/2025 22:15,0,194,0,200,6,0
05/05/2025 22:30,0,151,0,156,5,0
05/05/2025 22:45,0,110,0,114,4,0
05/05/2025 23:00,0,144,0,147,3,0
05/05/2025 23:15,0,143,0,146,3,0
05/05/2025 23:30,0,130,0,134,4,0
05/05/2025 23:45,0,117,0,120,3,0
05/06/2025 00:00,0,114,0,118,4,0
05/06/2025 00:15,0,113,0,115,2,0
05/06/2025 00:30,0,97,0,101,4,0
05/06/2025 00:45,0,116,0,121,5,0
05/06/2025 01:00,0,129,0,134,5,0
05/06/2025 01:15,0,105,0,110,5,0
05/06/2025 01:30,0,97,0,101,4,0
05/06/2025 01:45,0,102,0,107,5,0
05/06/2025 02:00,0,116,0,122,6,0
05/06/2025 02:15,0,105,0,110,5,0
05/06/2025 02:30,0,111,0,116,5,0
05/06/2025 02:45,0,142,0,147,5,0
05/06/2025 03:00,0,100,0,105,5,0
05/06/2025 03:15,0,97,0,103,6,0
05/06/2025 03:30,0,103,0,108,5,0
05/06/2025 03:45,0,129,0,134,5,0
05/06/2025 04:00,0,190,0,194,4,0
05/06/2025 04:15,0,168,0,173,5,0
05/06/2025 04:30,0,138,0,143,5,0
05/06/2025 04:45,0,136,0,142,6,0
05/06/2025 05:00,0,109,0,114,5,0
05/06/2025 05:15,0,96,0,101,5,0
05/06/2025 05:30,0,109,0,114,5,0
05/06/2025 05:45,0,111,0,114,3,0
05/06/2025 06:00,0,150,0,153,3,0
05/06/2025 06:15,5,182,0,180,3,0
05/06/2025 06:30,26,150,0,146,22,0
05/06/2025 06:45,46,123,0,123,46,0
05/06/2025 07:00,61,113,0,114,62,0
05/06/2025 07:15,98,129,0,135,104,0
05/06/2025 07:30,92,137,0,144,99,0
05/06/2025 07:45,134,131,0,135,138,0
05/06/2025 08:00,156,119,0,125,162,0
05/06/2025 08:15,210,206,0,208,212,0
05/06/2025 08:30,237,125,0,129,241,0
05/06/2025 08:45,309,169,0,171,311,0
05/06/2025 09:00,319,156,0,157,320,0
05/06/2025 09:15,300,148,0,157,309,0
05/06/2025 09:30,298,208,0,211,301,0
05/06/2025 09:45,268,148,0,157,277,0
05/06/2025 10:00,185,127,0,133,191,0
05/06/2025 10:15,179,148,0,152,183,0
05/06/2025 10:30,203,172,0,175,206,0
05/06/2025 10:45,243,131,0,135,247,0
05/06/2025 11:00,281,113,0,118,286,0
05/06/2025 11:15,173,140,0,147,180,0
05/06/2025 11:30,225,125,0,126,226,0
05/06/2025 11:45,388,111,0,114,391,0
05/06/2025 12:00,261,114,0,121,268,0
05/06/2025 12:15,297,141,0,145,301,0
05/06/2025 12:30,317,114,0,118,321,0
05/06/2025 12:45,841,108,0,99,832,0
05/06/2025 13:00,622,128,0,133,627,0
05/06/2025 13:15,346,134,0,135,347,0
05/06/2025 13:30,191,110,0,109,190,0
05/06/2025 13:45,259,145,0,141,255,0
05/06/2025 14:00,205,140,0,142,207,0
05/06/2025 14:15,255,149,0,147,253,0
05/06/2025 14:30,404,126,0,123,401,0
05/06/2025 14:45,413,156,0,152,409,0
05/06/2025 15:00,551,170,0,167,548,0
05/06/2025 15:15,345,138,0,138,345,0
05/06/2025 15:30,380,143,0,142,379,0
05/06/2025 15:45,342,148,0,153,347,0
05/06/2025 16:00,251,155,259,0,7,170
05/06/2025 16:15,288,149,283,0,0,144
05/06/2025 16:30,250,171,247,0,0,168
05/06/2025 16:45,103,173,102,0,0,172
05/06/2025 17:00,140,119,139,0,0,118
05/06/2025 17:15,60,149,55,0,0,144
05/06/2025 17:30,13,150,9,0,0,146
05/06/2025 17:45,8,198,6,0,0,196
05/06/2025 18:00,17,159,12,0,0,154
05/06/2025 18:15,58,175,54,0,0,171
05/06/2025 18:30,63,195,60,0,0,192
05/06/2025 18:45,31,180,25,0,0,174
05/06/2025 19:00,13,210,9,0,0,206
05/06/2025 19:15,3,165,4,0,0,166
05/06/2025 19:30,0,169,0,5,0,164
05/06/2025 19:45,0,195,0,4,0,191
05/06/2025 20:00,0,327,5,0,0,332
05/06/2025 20:15,0,395,7,0,0,402
05/06/2025 20:30,0,389,0,1,0,388
05/06/2025 20:45,0,361,2,0,0,363
05/06/2025 21:00,0,188,0,3,0,185
05/06/2025 21:15,0,174,0,5,0,169
05/06/2025 21:30,0,198,0,4,0,194
05/06/2025 21:45,0,182,0,6,0,176
05/06/2025 22:00,0,243,0,4,0,239
05/06/2025 22:15,0,204,0,5,0,199
05/06/2025 22:30,0,141,0,4,0,137
05/06/2025 22:45,0,174,0,5,0,169
05/06/2025 23:00,0,167,0,5,0,162
05/06/2025 23:15,0,158,0,6,0,152
05/06/2025 23:30,0,148,0,5,0,143
05/06/2025 23:45,0,136,0,3,0,133
05/07/2025 00:00,0,144,0,4,0,140
05/07/2025 00:15,0,163,0,7,0,156
05/07/2025 00:30,0,149,0,7,0,142
05/07/2025 00:45,0,154,0,4,0,150
05/07/2025 01:00,0,136,0,4,0,132
05/07/2025 01:15,0,132,0,8,0,124
05/07/2025 01:30,0,155,0,90,7,72
05/07/2025 01:45,0,132,0,138,6,0
05/07/2025 02:00,0,143,0,149,6,0
05/07/2025 02:15,0,175,0,180,5,0
05/07/2025 02:30,0,134,0,140,6,0
05/07/2025 02:45,0,129,0,135,6,0
05/07/2025 03:00,0,149,0,154,5,0
05/07/2025 03:15,0,136,0,142,6,0
05/07/2025 03:30,0,133,0,139,6,0
05/07/2025 03:45,0,151,0,157,6,0
05/07/2025 04:00,0,149,0,155,6,0
05/07/2025 04:15,0,138,0,144,6,0
05/07/2025 04:30,0,130,0,136,6,0
05/07/2025 04:45,0,151,0,156,5,0
05/07/2025 05:00,0,128,0,134,6,0
05/07/2025 05:15,0,128,0,134,6,0
05/07/2025 05:30,0,155,0,159,4,0
05/07/2025 05:45,14,143,0,137,8,0
05/07/2025 06:00,63,128,0,83,18,0
05/07/2025 06:15,125,177,0,75,23,0
05/07/2025 06:30,318,171,0,12,159,0
05/07/2025 06:45,330,162,87,0,174,93
05/07/2025 07:00,384,158,0,157,383,0
05/07/2025 07:15,417,149,0,154,422,0
05/07/2025 07:30,497,202,0,203,498,0
05/07/2025 07:45,526,204,0,206,528,0
05/07/2025 08:00,477,145,0,139,471,0
05/07/2025 08:15,658,138,0,127,647,0
05/07/2025 08:30,753,127,0,121,747,0
05/07/2025 08:45,762,145,0,139,756,0
05/07/2025 09:00,673,162,0,163,674,0
05/07/2025 09:15,833,186,0,175,822,0
05/07/2025 09:30,1011,140,0,133,1004,0
05/07/2025 09:45,1199,160,0,90,1129,0
05/07/2025 10:00,1645,178,31,0,1436,0
05/07/2025 10:15,1280,205,0,50,1125,0
05/07/2025 10:30,1063,222,0,200,1041,0
05/07/2025 10:45,1259,189,0,86,1156,0
05/07/2025 11:00,1478,144,0,82,1416,0
05/07/2025 11:15,1298,183,506,0,609,0
05/07/2025 11:30,1285,172,920,0,193,0
05/07/2025 11:45,1570,153,1395,0,22,0
05/07/2025 12:00,1338,138,1117,0,83,0
05/07/2025 12:15,1311,178,1123,0,10,0
05/07/2025 12:30,682,162,466,0,54,0
05/07/2025 12:45,1262,156,1048,0,58,0
05/07/2025 13:00,555,159,374,0,22,0
05/07/2025 13:15,835,181,598,0,56,0
05/07/2025 13:30,453,157,238,0,58,0
05/07/2025 13:45,601,164,424,0,13,0
05/07/2025 14:00,593,152,426,0,15,0
05/07/2025 14:15,495,157,236,0,102,0
05/07/2025 14:30,1157,164,985,0,8,0
05/07/2025 14:45,1410,175,1230,0,5,0
05/07/2025 15:00,1408,150,1193,0,65,0
05/07/2025 15:15,967,152,763,0,52,0
05/07/2025 15:30,1055,149,896,0,10,0
05/07/2025 15:45,1088,146,937,0,5,0
05/07/2025 16:00,356,150,392,0,0,186
05/07/2025 16:15,510,159,505,0,0,154
05/07/2025 16:30,355,132,352,0,0,129
05/07/2025 16:45,250,139,247,0,0,136
05/07/2025 17:00,220,159,217,0,0,156
05/07/2025 17:15,224,137,220,0,0,133
05/07/2025 17:30,234,179,230,0,0,175
05/07/2025 17:45,249,267,237,0,0,255
05/07/2025 18:00,203,291,195,0,0,283
05/07/2025 18:15,151,287,149,0,0,285
05/07/2025 18:30,119,157,113,0,0,151
05/07/2025 18:45,96,171,94,0,0,169
05/07/2025 19:00,53,166,49,0,0,162
05/07/2025 19:15,35,156,32,0,0,153
05/07/2025 19:30,3,230,0,5,0,222
05/07/2025 19:45,0,239,0,0,0,239
05/07/2025 20:00,0,230,0,6,0,224
05/07/2025 20:15,0,350,2,0,0,352
05/07/2025 20:30,0,824,4,0,0,828
05/07/2025 20:45,0,1817,2,0,0,1819
05/07/2025 21:00,0,1583,5,0,0,1588
05/07/2025 21:15,0,380,6,0,0,386
05/07/2025 21:30,0,203,0,1,0,202
05/07/2025 21:45,0,216,0,4,0,212
05/07/2025 22:00,0,217,0,1,0,216
05/07/2025 22:15,0,194,0,3,0,191
05/07/2025 22:30,0,180,0,6,0,174
05/07/2025 22:45,0,178,0,5,0,173
05/07/2025 23:00,0,244,0,1,0,243
05/07/2025 23:15,0,129,0,5,0,124
05/07/2025 23:30,0,133,0,5,0,128
05/07/2025 23:45,0,133,0,6,0,127
05/08/2025 00:00,0,142,0,7,0,135
05/08/2025 00:15,0,129,0,6,0,123
05/08/2025 00:30,0,130,0,6,0,124
05/08/2025 00:45,0,128,0,6,0,122
05/08/2025 01:00,0,98,0,6,0,92
05/08/2025 01:15,0,104,0,7,0,97
05/08/2025 01:30,0,120,0,6,0,114
05/08/2025 01:45,0,132,0,6,0,126
05/08/2025 02:00,0,113,0,5,0,108
05/08/2025 02:15,0,100,0,6,0,94
05/08/2025 02:30,0,107,0,6,0,101
05/08/2025 02:45,0,111,0,5,0,106
05/08/2025 03:00,0,105,0,5,0,100
05/08/2025 03:15,0,130,0,6,0,124
05/08/2025 03:30,0,102,0,6,0,96
05/08/2025 03:45,0,96,0,19,2,79
05/08/2025 04:00,0,115,0,123,8,0
05/08/2025 04:15,0,115,0,120,5,0
05/08/2025 04:30,0,103,0,109,6,0
05/08/2025 04:45,0,126,0,132,6,0
05/08/2025 05:00,0,103,0,109,6,0
05/08/2025 05:15,0,97,0,103,6,0
05/08/2025 05:30,0,95,0,101,6,0
05/08/2025 05:45,27,123,0,99,3,0
05/08/2025 06:00,203,112,0,4,95,0
05/08/2025 06:15,311,159,115,0,162,125
05/08/2025 06:30,426,138,234,0,253,199
05/08/2025 06:45,532,134,59,0,395,56
05/08/2025 07:00,482,110,0,102,474,0
05/08/2025 07:15,490,237,0,228,481,0
05/08/2025 07:30,571,162,0,154,563,0
05/08/2025 07:45,690,127,0,121,684,0
05/08/2025 08:00,758,116,0,109,751,0
05/08/2025 08:15,712,132,0,128,708,0
05/08/2025 08:30,764,137,0,128,755,0
05/08/2025 08:45,1095,153,0,142,1084,0
05/08/2025 09:00,1116,148,0,135,1103,0
05/08/2025 09:15,1190,149,0,135,1176,0
05/08/2025 09:30,1298,352,0,331,1277,0
05/08/2025 09:45,1415,218,0,164,1361,0
05/08/2025 10:00,1434,173,0,146,1407,0
05/08/2025 10:15,1477,143,0,111,1445,0
05/08/2025 10:30,1536,126,207,0,1203,0
05/08/2025 10:45,1600,126,1332,0,142,0
05/08/2025 11:00,1472,123,1339,0,10,0
05/08/2025 11:15,1235,1094,61,0,80,0
05/08/2025 11:30,1426,1332,84,0,10,0
05/08/2025 11:45,775,1219,0,502,58,0
05/08/2025 12:00,1412,1075,267,0,70,0
05/08/2025 12:15,988,1274,0,296,10,0
05/08/2025 12:30,967,744,188,0,35,0
05/08/2025 12:45,1105,849,253,0,3,0
05/08/2025 13:00,1300,955,268,0,77,0
05/08/2025 13:15,1380,1009,346,0,25,0
05/08/2025 13:30,918,923,0,7,3,1
05/08/2025 13:45,508,709,0,219,18,0
05/08/2025 14:00,205,687,0,503,21,0
05/08/2025 14:15,417,719,0,399,97,0
05/08/2025 14:30,665,705,0,46,6,0
05/08/2025 14:45,825,229,593,0,3,0
05/08/2025 15:00,1030,141,885,0,4,0
05/08/2025 15:15,807,120,607,0,80,0
05/08/2025 15:30,961,121,812,0,28,0
05/08/2025 15:45,1195,136,1055,0,4,0
05/08/2025 16:00,937,133,956,0,0,152
05/08/2025 16:15,752,129,749,0,0,126
05/08/2025 16:30,648,93,644,0,0,89
05/08/2025 16:45,724,134,721,0,0,131
05/08/2025 17:00,651,135,644,0,0,128
05/08/2025 17:15,437,122,434,0,0,119
05/08/2025 17:30,497,94,493,0,0,90
05/08/2025 17:45,191,110,187,0,0,106
05/08/2025 18:00,203,344,190,0,0,331
05/08/2025 18:15,184,417,186,0,0,419
05/08/2025 18:30,147,204,144,0,0,201
05/08/2025 18:45,63,215,56,0,0,208
05/08/2025 19:00,4,425,0,0,0,421
05/08/2025 19:15,0,370,2,0,0,372
05/08/2025 19:30,0,240,0,2,0,238
05/08/2025 19:45,0,233,1,0,0,234
05/08/2025 20:00,0,222,0,1,0,221
05/08/2025 20:15,0,166,0,7,0,159
05/08/2025 20:30,0,185,0,5,0,180
05/08/2025 20:45,0,196,0,5,0,191
05/08/2025 21:00,0,165,0,3,0,162
05/08/2025 21:15,0,146,0,4,0,142
05/08/2025 21:30,0,136,0,4,0,132
05/08/2025 21:45,0,176,0,2,0,174
05/08/2025 22:00,0,208,0,6,0,202
05/08/2025 22:15,0,267,0,2,0,265
05/08/2025 22:30,0,163,0,5,0,158
05/08/2025 22:45,0,183,0,1,0,182
05/08/2025 23:00,0,139,0,4,0,135
05/08/2025 23:15,0,143,0,5,0,138
05/08/2025 23:30,0,131,0,5,0,126
05/08/2025 23:45,0,126,0,4,0,122
05/09/2025 00:00,0,136,0,6,0,130
05/09/2025 00:15,0,123,0,5,0,118
05/09/2025 00:30,0,102,0,5,0,97
05/09/2025 00:45,0,110,0,7,0,103
05/09/2025 01:00,0,119,0,4,0,115
05/09/2025 01:15,0,125,0,6,0,119
05/09/2025 01:30,0,122,0,4,0,118
05/09/2025 01:45,0,113,0,5,0,108
05/09/2025 02:00,0,98,0,5,0,93
05/09/2025 02:15,0,123,0,7,0,116
05/09/2025 02:30,0,106,0,6,0,100
05/09/2025 02:45,0,135,0,5,0,130
05/09/2025 03:00,0,106,0,4,0,102
05/09/2025 03:15,0,102,0,5,0,97
05/09/2025 03:30,0,113,0,7,0,106
05/09/2025 03:45,0,125,0,5,0,120
05/09/2025 04:00,0,123,0,5,0,118
05/09/2025 04:15,0,120,0,4,0,116
05/09/2025 04:30,0,101,0,5,0,96
05/09/2025 04:45,0,107,0,6,0,101
05/09/2025 05:00,0,124,0,4,0,120
05/09/2025 05:15,0,100,0,5,0,95
05/09/2025 05:30,0,139,0,6,0,133
05/09/2025 05:45,0,110,0,2,0,108
05/09/2025 06:00,2,100,0,8,0,90
05/09/2025 06:15,34,170,0,4,2,134
05/09/2025 06:30,33,139,0,8,0,98
05/09/2025 06:45,46,166,0,4,0,116
05/09/2025 07:00,55,118,0,118,57,2
05/09/2025 07:15,91,105,0,110,96,0
05/09/2025 07:30,61,153,0,160,68,0
05/09/2025 07:45,72,120,0,123,75,0
05/09/2025 08:00,80,125,0,128,83,0
05/09/2025 08:15,92,93,0,95,94,0
05/09/2025 08:30,132,235,0,238,135,0
05/09/2025 08:45,79,177,0,183,85,0
05/09/2025 09:00,88,237,0,237,88,0
05/09/2025 09:15,171,160,0,161,172,0
05/09/2025 09:30,185,160,0,163,188,0
05/09/2025 09:45,253,162,0,164,255,0
05/09/2025 10:00,234,208,0,216,242,0
05/09/2025 10:15,257,184,0,185,258,0
05/09/2025 10:30,189,176,0,185,198,0
05/09/2025 10:45,184,178,0,184,190,0
05/09/2025 11:00,174,194,0,199,179,0
05/09/2025 11:15,190,170,0,174,194,0
05/09/2025 11:30,183,251,0,256,188,0
05/09/2025 11:45,195,272,0,279,202,0
05/09/2025 12:00,182,430,0,436,188,0
05/09/2025 12:15,188,409,0,414,193,0
05/09/2025 12:30,177,406,0,412,183,0
05/09/2025 12:45,161,131,0,138,168,0
05/09/2025 13:00,160,127,0,135,168,0
05/09/2025 13:15,145,186,0,191,150,0
05/09/2025 13:30,154,110,0,115,159,0
05/09/2025 13:45,162,182,0,191,171,0
05/09/2025 14:00,161,718,0,724,167,0
05/09/2025 14:15,154,608,0,616,162,0
05/09/2025 14:30,135,363,0,364,136,0
05/09/2025 14:45,142,402,0,408,148,0
05/09/2025 15:00,135,383,0,386,138,0
05/09/2025 15:15,160,234,0,234,160,0
05/09/2025 15:30,120,150,0,156,126,0
05/09/2025 15:45,71,218,0,223,76,0
05/09/2025 16:00,49,552,51,0,2,556
05/09/2025 16:15,70,337,72,0,0,339
05/09/2025 16:30,39,185,32,0,0,178
05/09/2025 16:45,43,509,32,0,0,498
05/09/2025 17:00,36,123,37,0,0,124
05/09/2025 17:15,38,135,31,0,0,128
05/09/2025 17:30,26,490,11,0,0,475
05/09/2025 17:45,13,690,6,0,0,683
05/09/2025 18:00,23,414,12,0,0,403
05/09/2025 18:15,41,580,37,0,0,576
05/09/2025 18:30,28,368,34,0,0,374
05/09/2025 18:45,14,258,4,0,0,248
05/09/2025 19:00,1,460,5,0,0,464
05/09/2025 19:15,0,222,0,9,0,213
05/09/2025 19:30,0,191,0,4,0,187
05/09/2025 19:45,0,270,0,8,0,262
05/09/2025 20:00,0,562,0,230,8,340
05/09/2025 20:15,0,492,0,506,14,0
05/09/2025 20:30,0,398,0,402,4,0
05/09/2025 20:45,0,519,0,519,0,0
05/09/2025 21:00,0,806,0,810,4,0
05/09/2025 21:15,0,1589,0,1593,4,0
05/09/2025 21:30,0,1854,0,1859,5,0
05/09/2025 21:45,0,619,0,623,4,0
05/09/2025 22:00,0,1500,0,1504,4,0
05/09/2025 22:15,0,1290,0,1292,2,0
05/09/2025 22:30,0,209,0,214,5,0
05/09/2025 22:45,0,385,0,390,5,0
05/09/2025 23:00,0,353,0,356,3,0
05/09/2025 23:15,0,153,0,158,5,0
05/09/2025 23:30,0,132,0,136,4,0
05/09/2025 23:45,0,123,0,126,3,0
05/10/2025 00:00,0,111,0,112,1,0
05/10/2025 00:15,0,265,0,266,1,0
05/10/2025 00:30,0,577,0,577,0,0
05/10/2025 00:45,0,213,0,214,1,0
05/10/2025 01:00,0,132,0,134,2,0
05/10/2025 01:15,0,124,0,129,5,0
05/10/2025 01:30,0,149,0,153,4,0
05/10/2025 01:45,0,319,0,324,5,0
05/10/2025 02:00,0,308,0,313,5,0
05/10/2025 02:15,0,113,0,118,5,0
05/10/2025 02:30,0,114,0,119,5,0
05/10/2025 02:45,0,132,0,137,5,0
05/10/2025 03:00,0,104,0,109,5,0
05/10/2025 03:15,0,180,0,185,5,0
05/10/2025 03:30,0,479,0,483,4,0
05/10/2025 03:45,0,104,0,109,5,0
05/10/2025 04:00,0,101,0,106,5,0
05/10/2025 04:15,0,130,0,136,6,0
05/10/2025 04:30,0,160,0,165,5,0
05/10/2025 04:45,0,503,0,508,5,0
05/10/2025 05:00,0,104,0,109,5,0
05/10/2025 05:15,0,218,0,222,4,0
05/10/2025 05:30,0,471,0,474,3,0
05/10/2025 05:45,0,346,0,350,4,0
05/10/2025 06:00,0,229,0,232,3,0
05/10/2025 06:15,0,124,0,129,5,0
05/10/2025 06:30,0,128,0,133,5,0
05/10/2025 06:45,0,163,0,166,3,0
05/10/2025 07:00,0,513,0,516,3,0
05/10/2025 07:15,23,605,0,600,18,0
05/10/2025 07:30,49,847,0,841,43,0
05/10/2025 07:45,72,621,0,626,77,0
05/10/2025 08:00,58,545,0,549,62,0
05/10/2025 08:15,96,444,0,447,99,0
05/10/2025 08:30,111,191,0,198,118,0
05/10/2025 08:45,151,159,0,161,153,0
05/10/2025 09:00,233,149,0,151,235,0
05/10/2025 09:15,166,174,0,182,174,0
05/10/2025 09:30,157,224,0,227,160,0
05/10/2025 09:45,208,617,0,622,213,0
05/10/2025 10:00,228,921,0,924,231,0
05/10/2025 10:15,184,794,0,801,191,0
05/10/2025 10:30,243,497,0,496,242,0
05/10/2025 10:45,349,626,0,634,357,0
05/10/2025 11:00,350,477,0,481,354,0
05/10/2025 11:15,344,543,0,550,351,0
05/10/2025 11:30,481,665,0,658,474,0
05/10/2025 11:45,531,589,0,601,543,0
05/10/2025 12:00,521,464,0,474,531,0
05/10/2025 12:15,670,390,0,408,688,0
05/10/2025 12:30,623,488,0,502,637,0
05/10/2025 12:45,861,228,0,235,868,0
05/10/2025 13:00,937,488,0,499,948,0
05/10/2025 13:15,729,373,0,384,740,0
05/10/2025 13:30,819,174,0,181,826,0
05/10/2025 13:45,589,179,0,193,603,0
05/10/2025 14:00,403,237,0,243,409,0
05/10/2025 14:15,323,383,0,383,323,0
05/10/2025 14:30,687,173,0,172,686,0
05/10/2025 14:45,1161,155,0,44,1050,0
05/10/2025 15:00,842,174,0,146,814,0
05/10/2025 15:15,703,168,0,157,692,0
05/10/2025 15:30,941,613,0,550,878,0
05/10/2025 15:45,1073,601,0,284,756,0
05/10/2025 16:00,992,161,984,0,6,159
05/10/2025 16:15,812,121,809,0,0,118
05/10/2025 16:30,759,102,756,0,0,99
05/10/2025 16:45,602,109,599,0,0,106
05/10/2025 17:00,394,125,391,0,0,122
05/10/2025 17:15,471,109,466,0,0,104
05/10/2025 17:30,462,418,450,0,0,406
05/10/2025 17:45,279,246,279,0,0,246
05/10/2025 18:00,325,159,325,0,0,159
05/10/2025 18:15,259,189,251,0,0,181
05/10/2025 18:30,208,451,202,0,0,445
05/10/2025 18:45,69,149,65,0,0,145
05/10/2025 19:00,47,162,44,0,0,159
05/10/2025 19:15,30,161,26,0,0,157
05/10/2025 19:30,16,244,7,0,0,235
05/10/2025 19:45,1,193,0,1,0,191
05/10/2025 20:00,0,208,0,6,0,202
05/10/2025 20:15,0,467,3,0,0,470
05/10/2025 20:30,0,383,4,0,0,387
05/10/2025 20:45,0,439,0,1,0,438
05/10/2025 21:00,0,191,0,4,0,187
05/10/2025 21:15,0,194,0,4,0,190
05/10/2025 21:30,0,166,0,6,0,160
05/10/2025 21:45,0,171,0,6,0,165
05/10/2025 22:00,0,181,0,6,0,175
05/10/2025 22:15,0,117,0,6,0,111
05/10/2025 22:30,0,117,0,5,0,112
05/10/2025 22:45,0,151,0,6,0,145
05/10/2025 23:00,0,137,0,5,0,132
05/10/2025 23:15,0,119,0,3,0,116
05/10/2025 23:30,0,103,0,5,0,98
05/10/2025 23:45,0,120,0,6,0,114
05/11/2025 00:00,0,132,0,6,0,126
05/11/2025 00:15,0,109,0,3,0,106
05/11/2025 00:30,0,95,0,4,0,91
05/11/2025 00:45,0,117,0,2,0,115
05/11/2025 01:00,0,100,0,2,0,98
05/11/2025 01:15,0,304,0,9,0,295
05/11/2025 01:30,0,313,0,0,0,313
05/11/2025 01:45,0,109,0,7,0,102
05/11/2025 02:00,0,104,0,4,0,100
05/11/2025 02:15,0,129,0,5,0,124
05/11/2025 02:30,0,214,1,0,0,215
05/11/2025 02:45,0,125,0,6,0,119
05/11/2025 03:00,0,132,0,6,0,126
05/11/2025 03:15,0,115,0,5,0,110
05/11/2025 03:30,0,155,0,9,0,146
05/11/2025 03:45,0,462,0,0,0,462
05/11/2025 04:00,0,112,0,7,0,105
05/11/2025 04:15,0,119,0,5,0,114
05/11/2025 04:30,0,99,0,3,0,96
05/11/2025 04:45,0,101,0,5,0,96
05/11/2025 05:00,0,111,0,5,0,106
05/11/2025 05:15,0,235,0,12,0,223
05/11/2025 05:30,8,450,0,340,14,116
05/11/2025 05:45,47,107,0,70,10,0
05/11/2025 06:00,197,128,27,0,86,44
05/11/2025 06:15,296,162,88,0,168,122
05/11/2025 06:30,409,137,206,0,281,215
05/11/2025 06:45,443,118,71,0,325,71
05/11/2025 07:00,510,480,0,463,493,0
05/11/2025 07:15,744,520,0,509,733,0
05/11/2025 07:30,826,373,0,385,838,0
05/11/2025 07:45,919,400,0,408,927,0
05/11/2025 08:00,1014,267,0,272,1019,0
05/11/2025 08:15,1093,212,0,218,1099,0
05/11/2025 08:30,1169,229,0,220,1160,0
05/11/2025 08:45,1240,189,0,177,1228,0
05/11/2025 09:00,1317,167,0,155,1305,0
05/11/2025 09:15,1383,121,0,105,1367,0
05/11/2025 09:30,1444,127,0,124,1441,0
05/11/2025 09:45,1509,162,458,0,889,0
05/11/2025 10:00,1558,122,1077,0,359,0
05/11/2025 10:15,1609,107,1311,0,191,0
05/11/2025 10:30,1667,104,1398,0,165,0
05/11/2025 10:45,1717,114,1502,0,101,0
05/11/2025 11:00,1766,121,1591,0,54,0
05/11/2025 11:15,1804,109,1630,0,65,0
05/11/2025 11:30,1819,96,1720,0,3,0
05/11/2025 11:45,1851,121,1665,0,65,0
05/11/2025 12:00,1829,107,1718,0,4,0
05/11/2025 12:15,1832,131,1693,0,8,0
05/11/2025 12:30,1808,98,1642,0,68,0
05/11/2025 12:45,1849,96,1746,0,7,0
05/11/2025 13:00,1869,116,1737,0,16,0
05/11/2025 13:15,1879,119,1754,0,6,0
05/11/2025 13:30,1854,143,1697,0,14,0
05/11/2025 13:45,1809,155,1639,0,15,0
05/11/2025 14:00,1732,135,1594,0,3,0
05/11/2025 14:15,1682,123,1556,0,3,0
05/11/2025 14:30,1623,109,1512,0,2,0
05/11/2025 14:45,1532,126,1403,0,3,0
05/11/2025 15:00,1417,1003,410,0,4,0
05/11/2025 15:15,1307,1433,0,130,4,0
05/11/2025 15:30,1165,510,601,0,54,0
05/11/2025 15:45,1087,304,747,0,36,0
05/11/2025 16:00,1014,149,1037,0,0,172
05/11/2025 16:15,927,120,925,0,0,118
05/11/2025 16:30,824,132,821,0,0,129
05/11/2025 16:45,736,145,733,0,0,142
05/11/2025 17:00,643,153,640,0,0,150
05/11/2025 17:15,543,153,540,0,0,150
05/11/2025 17:30,440,139,436,0,0,135
05/11/2025 17:45,342,151,336,0,0,145
05/11/2025 18:00,209,206,206,0,0,203
05/11/2025 18:15,110,342,99,0,0,331
05/11/2025 18:30,89,194,89,0,0,194
05/11/2025 18:45,71,146,67,0,0,142
05/11/2025 19:00,52,165,48,0,0,161
05/11/2025 19:15,35,171,32,0,0,168
05/11/2025 19:30,17,124,15,0,0,122
05/11/2025 19:45,2,120,0,1,0,117
05/11/2025 20:00,0,139,0,6,0,133
05/11/2025 20:15,0,242,0,7,0,235
05/11/2025 20:30,0,216,6,0,0,222
05/11/2025 20:45,0,931,0,3,0,928
05/11/2025 21:00,0,1542,9,0,0,1551
05/11/2025 21:15,0,1009,18,0,0,1027
05/11/2025 21:30,1,457,0,1,0,455
05/11/2025 21:45,0,403,5,0,0,408
05/11/2025 22:00,0,172,0,6,0,166
05/11/2025 22:15,0,173,0,3,0,170
05/11/2025 22:30,0,177,0,3,0,174
05/11/2025 22:45,0,155,0,7,0,148
05/11/2025 23:00,0,131,0,5,0,126
05/11/2025 23:15,0,109,0,5,0,104
05/11/2025 23:30,0,118,0,4,0,114
05/11/2025 23:45,0,145,0,5,0,140
05/12/2025 00:00,0,110,0,6,0,104
05/12/2025 00:15,0,110,0,4,0,106
05/12/2025 00:30,0,119,0,7,0,112
05/12/2025 00:45,0,106,0,4,0,102
05/12/2025 01:00,0,128,0,6,0,122
05/12/2025 01:15,0,114,0,4,0,110
05/12/2025 01:30,0,109,0,6,0,103
05/12/2025 01:45,0,111,0,5,0,106
05/12/2025 02:00,0,122,0,6,0,116
05/12/2025 02:15,0,109,0,7,0,102
05/12/2025 02:30,0,133,0,5,0,128
05/12/2025 02:45,0,103,0,4,0,99
05/12/2025 03:00,0,103,0,7,0,96
05/12/2025 03:15,0,117,0,5,0,112
05/12/2025 03:30,0,107,0,5,0,102
05/12/2025 03:45,0,129,0,6,0,123
05/12/2025 04:00,0,134,0,6,0,128
05/12/2025 04:15,0,103,0,4,0,99
05/12/2025 04:30,0,103,0,5,0,98
05/12/2025 04:45,0,126,0,5,0,121
05/12/2025 05:00,0,107,0,4,0,103
05/12/2025 05:15,0,104,0,7,0,97
05/12/2025 05:30,4,159,0,5,0,150
05/12/2025 05:45,49,157,0,4,3,107
05/12/2025 06:00,236,139,0,7,119,15
05/12/2025 06:15,344,102,0,7,249,0
05/12/2025 06:30,437,450,0,14,67,66
05/12/2025 06:45,512,328,0,10,249,55
05/12/2025 07:00,622,472,0,475,625,0
05/12/2025 07:15,754,379,0,385,760,0
05/12/2025 07:30,871,248,0,255,878,0
05/12/2025 07:45,962,104,0,109,967,0
05/12/2025 08:00,1045,106,0,115,1054,0
05/12/2025 08:15,1119,102,0,108,1125,0
05/12/2025 08:30,1184,112,0,124,1196,0
05/12/2025 08:45,1252,107,0,115,1260,0
05/12/2025 09:00,1310,90,0,87,1307,0
05/12/2025 09:15,1365,210,0,197,1352,0
05/12/2025 09:30,1424,159,0,143,1408,0
05/12/2025 09:45,1485,177,0,151,1459,0
05/12/2025 10:00,1536,156,846,0,534,0
05/12/2025 10:15,1584,155,1214,0,215,0
05/12/2025 10:30,1637,287,1273,0,77,0
05/12/2025 10:45,1681,350,1298,0,33,0
05/12/2025 11:00,1729,250,1454,0,26,1
05/12/2025 11:15,1768,540,1227,0,1,0
05/12/2025 11:30,1783,299,1458,0,26,0
05/12/2025 11:45,1813,359,1399,0,55,0
05/12/2025 12:00,1823,321,1469,0,33,0
05/12/2025 12:15,1809,270,1536,0,3,0
05/12/2025 12:30,1788,153,1581,0,54,0
05/12/2025 12:45,1809,194,1607,0,8,0
05/12/2025 13:00,1818,107,1655,0,56,0
05/12/2025 13:15,1813,197,1608,0,8,0
05/12/2025 13:30,1806,193,1609,0,4,0
05/12/2025 13:45,1769,417,1296,0,56,0
05/12/2025 14:00,1674,316,1324,0,34,0
05/12/2025 14:15,1633,438,1168,0,27,0
05/12/2025 14:30,1558,215,1334,0,9,0
05/12/2025 14:45,1468,139,1306,0,23,0
05/12/2025 15:00,1358,166,1158,0,34,0
05/12/2025 15:15,1255,145,1080,0,30,0
05/12/2025 15:30,1115,146,939,0,30,0
05/12/2025 15:45,1035,160,871,0,4,0
05/12/2025 16:00,970,127,1001,0,0,158
05/12/2025 16:15,884,165,880,0,0,161
05/12/2025 16:30,792,145,788,0,0,141
05/12/2025 16:45,681,211,681,0,0,211
05/12/2025 17:00,614,163,608,0,0,157
05/12/2025 17:15,560,137,558,0,0,135
05/12/2025 17:30,431,132,428,0,0,129
05/12/2025 17:45,319,166,314,0,0,161
05/12/2025 18:00,226,145,222,0,0,141
05/12/2025 18:15,133,154,130,0,0,151
05/12/2025 18:30,104,139,99,0,0,134
05/12/2025 18:45,78,144,75,0,0,141
05/12/2025 19:00,58,113,54,0,0,109
05/12/2025 19:15,37,120,33,0,0,116
05/12/2025 19:30,11,147,9,0,0,145
05/12/2025 19:45,1,138,0,0,0,137
05/12/2025 20:00,0,116,0,6,0,110
05/12/2025 20:15,0,147,0,6,0,141
05/12/2025 20:30,0,432,14,0,0,446
05/12/2025 20:45,0,167,0,5,0,162
05/12/2025 21:00,0,172,0,5,0,167
05/12/2025 21:15,0,179,0,6,0,173
05/12/2025 21:30,0,426,0,3,0,423
05/12/2025 21:45,0,328,0,3,0,325
05/12/2025 22:00,0,649,0,2,0,647
05/12/2025 22:15,0,209,0,1,0,208
05/12/2025 22:30,0,117,0,5,0,112
05/12/2025 22:45,0,109,0,6,0,103
05/12/2025 23:00,0,109,0,12,2,99
05/12/2025 23:15,0,109,0,12,2,99
05/12/2025 23:30,0,100,0,4,0,96
05/12/2025 23:45,0,131,0,6,0,125
05/13/2025 00:00,0,124,0,4,0,120
05/13/2025 00:15,0,220,0,6,0,214
05/13/2025 00:30,0,126,0,5,0,121
05/13/2025 00:45,0,153,0,4,0,149
05/13/2025 01:00,0,140,0,2,0,138
05/13/2025 01:15,0,123,0,6,0,117
05/13/2025 01:30,0,135,0,4,0,131
05/13/2025 01:45,0,165,0,3,0,162
05/13/2025 02:00,0,135,0,5,0,130
05/13/2025 02:15,0,124,0,5,0,119
05/13/2025 02:30,0,140,0,7,0,133
05/13/2025 02:45,0,135,0,4,0,131
05/13/2025 03:00,0,155,0,6,0,149
05/13/2025 03:15,0,125,0,4,0,121
05/13/2025 03:30,0,126,0,6,0,120
05/13/2025 03:45,0,154,0,4,0,150
05/13/2025 04:00,0,147,0,4,0,143
05/13/2025 04:15,0,126,0,4,0,122
05/13/2025 04:30,0,126,0,4,0,122
05/13/2025 04:45,0,147,0,3,0,144
05/13/2025 05:00,0,139,0,6,0,133
05/13/2025 05:15,0,143,0,9,0,134
05/13/2025 05:30,4,127,0,8,0,115
05/13/2025 05:45,49,135,0,6,0,80
05/13/2025 06:00,85,153,0,7,0,61
05/13/2025 06:15,128,167,0,4,10,45
05/13/2025 06:30,176,170,0,6,30,18
05/13/2025 06:45,233,160,0,9,82,0
05/13/2025 07:00,325,170,0,168,323,0
05/13/2025 07:15,514,140,0,143,517,0
05/13/2025 07:30,658,163,0,161,656,0
05/13/2025 07:45,803,162,0,154,795,0
05/13/2025 08:00,983,124,0,107,966,0
05/13/2025 08:15,1014,143,0,137,1008,0
05/13/2025 08:30,1122,173,0,164,1113,0
05/13/2025 08:45,1163,135,0,126,1154,0
05/13/2025 09:00,1244,146,0,139,1237,0
05/13/2025 09:15,1337,175,0,172,1334,0
05/13/2025 09:30,1382,130,0,120,1372,0
05/13/2025 09:45,1456,160,85,0,1211,0
05/13/2025 10:00,1521,288,887,0,346,0
05/13/2025 10:15,1541,403,1006,0,132,0
05/13/2025 10:30,1570,153,1402,0,15,0
05/13/2025 10:45,1681,265,1384,0,32,0
05/13/2025 11:00,1711,284,1397,0,30,0
05/13/2025 11:15,1744,205,1481,0,58,0
05/13/2025 11:30,1774,350,1393,0,31,0
05/13/2025 11:45,1782,254,1498,0,30,0
05/13/2025 12:00,1670,262,1385,0,23,0
05/13/2025 12:15,1639,279,1356,0,4,0
05/13/2025 12:30,1609,320,1235,0,54,0
05/13/2025 12:45,1714,270,1390,0,54,0
05/13/2025 13:00,1577,301,1266,0,10,0
05/13/2025 13:15,1760,249,1505,0,6,0
05/13/2025 13:30,1809,237,1527,0,45,0
05/13/2025 13:45,1709,176,1499,0,34,0
05/13/2025 14:00,1683,134,1522,0,27,0
05/13/2025 14:15,1595,155,1405,0,35,0
05/13/2025 14:30,1520,181,1311,0,28,0
05/13/2025 14:45,1437,153,1277,0,7,0
05/13/2025 15:00,1348,160,1159,0,29,0
05/13/2025 15:15,1268,169,1070,0,29,0
05/13/2025 15:30,1096,140,922,0,34,0
05/13/2025 15:45,1032,163,839,0,30,0
05/13/2025 16:00,952,162,973,0,1,184
05/13/2025 16:15,877,141,875,0,0,139
05/13/2025 16:30,782,192,781,0,0,191
05/13/2025 16:45,712,148,709,0,0,145
05/13/2025 17:00,643,158,641,0,0,156
05/13/2025 17:15,480,158,476,0,0,154
05/13/2025 17:30,388,124,385,0,0,121
05/13/2025 17:45,351,196,348,0,0,193
05/13/2025 18:00,229,357,214,0,0,342
05/13/2025 18:15,159,255,161,0,0,257
05/13/2025 18:30,137,142,135,0,0,140
05/13/2025 18:45,113,157,109,0,0,153
05/13/2025 19:00,81,137,79,0,0,135
05/13/2025 19:15,52,130,48,0,0,126
05/13/2025 19:30,24,157,22,0,0,155
05/13/2025 19:45,2,134,0,0,0,132
05/13/2025 20:00,0,177,0,10,0,167
05/13/2025 20:15,0,287,5,0,0,292
05/13/2025 20:30,0,371,0,3,0,368
05/13/2025 20:45,0,1560,0,0,0,1560
05/13/2025 21:00,0,1447,7,0,0,1454
05/13/2025 21:15,0,457,4,0,0,461
05/13/2025 21:30,0,228,0,6,0,222
05/13/2025 21:45,0,470,4,0,0,474
05/13/2025 22:00,0,353,0,3,0,350
05/13/2025 22:15,0,479,6,0,0,485
05/13/2025 22:30,0,247,0,0,0,247
05/13/2025 22:45,0,200,0,3,0,197
05/13/2025 23:00,0,121,0,5,0,116
05/13/2025 23:15,0,166,0,5,0,161
05/13/2025 23:30,0,140,0,6,0,134
05/13/2025 23:45,0,108,0,6,0,102
05/14/2025 00:00,0,140,0,4,0,136
05/14/2025 00:15,0,117,0,4,0,113
05/14/2025 00:30,0,100,0,4,0,96
05/14/2025 00:45,0,130,0,5,0,125
05/14/2025 01:00,0,112,0,5,0,107
05/14/2025 01:15,0,102,0,5,0,97
05/14/2025 01:30,0,140,0,6,0,134
05/14/2025 01:45,0,114,0,6,0,108
05/14/2025 02:00,0,97,0,5,0,92
05/14/2025 02:15,0,122,0,4,0,118
05/14/2025 02:30,0,121,0,5,0,116
05/14/2025 02:45,0,99,0,6,0,93
05/14/2025 03:00,0,113,0,2,1,112
05/14/2025 03:15,0,135,0,6,0,129
05/14/2025 03:30,0,111,0,5,0,106
05/14/2025 03:45,0,99,0,5,0,94
05/14/2025 04:00,0,122,0,6,0,116
05/14/2025 04:15,0,120,0,4,0,116
05/14/2025 04:30,0,103,0,9,0,94
05/14/2025 04:45,0,106,0,112,6,0
05/14/2025 05:00,0,130,0,134,4,0
05/14/2025 05:15,0,138,0,142,4,0
05/14/2025 05:30,21,201,0,184,4,0
05/14/2025 05:45,81,132,0,55,4,0
05/14/2025 06:00,231,135,37,0,97,38
05/14/2025 06:15,395,152,145,0,267,169
05/14/2025 06:30,450,144,0,10,323,7
05/14/2025 06:45,430,141,0,8,297,0
05/14/2025 07:00,582,128,0,126,580,0
05/14/2025 07:15,749,109,0,113,753,0
05/14/2025 07:30,576,137,0,144,583,0
05/14/2025 07:45,565,103,0,108,570,0
05/14/2025 08:00,559,95,0,104,568,0
05/14/2025 08:15,733,234,0,243,742,0
05/14/2025 08:30,835,178,0,175,832,0
05/14/2025 08:45,965,144,0,138,959,0
05/14/2025 09:00,918,179,0,179,918,0
05/14/2025 09:15,1026,182,0,179,1023,0
05/14/2025 09:30,798,392,0,395,801,0
05/14/2025 09:45,1102,179,0,168,1091,0
05/14/2025 10:00,1038,191,0,190,1037,0
05/14/2025 10:15,1020,153,0,149,1016,0
05/14/2025 10:30,1019,153,0,149,1015,0
05/14/2025 10:45,1217,140,0,132,1209,0
05/14/2025 11:00,1104,116,429,0,559,0
05/14/2025 11:15,831,108,576,0,147,0
05/14/2025 11:30,1596,148,1440,0,8,0
05/14/2025 11:45,1759,123,1609,0,27,0
05/14/2025 12:00,1765,111,1571,0,83,0
05/14/2025 12:15,1421,124,1285,0,12,0
05/14/2025 12:30,1413,135,1273,0,5,0
05/14/2025 12:45,1639,97,1436,0,106,0
05/14/2025 13:00,1865,96,1759,0,10,0
05/14/2025 13:15,1889,127,1757,0,5,0
05/14/2025 13:30,1854,128,1702,0,24,0
05/14/2025 13:45,1771,108,1603,0,60,0
05/14/2025 14:00,1647,135,1480,0,32,0
05/14/2025 14:15,1597,114,1476,0,7,0
05/14/2025 14:30,1540,138,1381,0,21,0
05/14/2025 14:45,1437,134,1251,0,52,0
05/14/2025 15:00,1335,113,1183,0,39,0
05/14/2025 15:15,1228,133,1088,0,7,0
05/14/2025 15:30,1055,116,912,0,27,0
05/14/2025 15:45,1009,95,907,0,7,0
05/14/2025 16:00,884,120,915,0,0,151
05/14/2025 16:15,814,118,811,0,0,115
05/14/2025 16:30,769,135,766,0,0,132
05/14/2025 16:45,716,132,714,0,0,130
05/14/2025 17:00,641,110,640,0,0,109
05/14/2025 17:15,532,113,528,0,0,109
05/14/2025 17:30,431,150,429,0,0,148
05/14/2025 17:45,323,92,320,0,0,89
05/14/2025 18:00,100,127,96,0,0,123
05/14/2025 18:15,85,123,82,0,0,120
05/14/2025 18:30,96,121,93,0,0,118
05/14/2025 18:45,56,116,53,0,0,113
05/14/2025 19:00,43,94,40,0,0,91
05/14/2025 19:15,38,125,35,0,0,122
05/14/2025 19:30,16,193,13,0,0,190
05/14/2025 19:45,1,137,0,0,0,136
05/14/2025 20:00,0,286,5,0,0,291
05/14/2025 20:15,0,278,0,2,0,276
05/14/2025 20:30,0,173,5,0,0,178
05/14/2025 20:45,0,213,0,5,0,208
05/14/2025 21:00,0,230,1,0,0,231
05/14/2025 21:15,0,393,0,1,0,392
05/14/2025 21:30,0,360,0,1,0,359
05/14/2025 21:45,0,463,0,2,0,461
05/14/2025 22:00,0,302,0,2,0,300
05/14/2025 22:15,0,184,0,1,0,183
05/14/2025 22:30,0,165,0,5,0,160
05/14/2025 22:45,0,166,0,5,0,161
05/14/2025 23:00,0,183,0,5,0,178
05/14/2025 23:15,0,139,0,5,0,134
05/14/2025 23:30,0,135,0,6,0,129
05/14/2025 23:45,0,118,0,5,0,113
05/15/2025 00:00,0,138,0,4,0,134
05/15/2025 00:15,0,110,0,5,0,105
05/15/2025 00:30,0,101,0,5,0,96
05/15/2025 00:45,0,117,0,5,0,112
05/15/2025 01:00,0,134,0,6,0,128
05/15/2025 01:15,0,108,0,7,0,101
05/15/2025 01:30,0,108,0,5,0,103
05/15/2025 01:45,0,103,0,5,0,98
05/15/2025 02:00,0,129,0,5,0,124
05/15/2025 02:15,0,113,0,5,0,108
05/15/2025 02:30,0,105,0,5,0,100
05/15/2025 02:45,0,96,0,6,0,90
05/15/2025 03:00,0,129,0,5,0,124
05/15/2025 03:15,0,122,0,5,0,117
05/15/2025 03:30,0,108,0,4,0,104
05/15/2025 03:45,0,98,0,4,0,94
05/15/2025 04:00,0,118,0,6,0,112
05/15/2025 04:15,0,107,0,5,0,102
05/15/2025 04:30,0,131,0,3,0,128
05/15/2025 04:45,0,98,0,4,0,94
05/15/2025 05:00,0,99,0,6,0,93
05/15/2025 05:15,0,104,0,6,1,99
05/15/2025 05:30,6,150,0,8,0,136
05/15/2025 05:45,29,165,0,3,0,133
05/15/2025 06:00,52,102,0,6,0,44
05/15/2025 06:15,37,143,0,8,0,98
05/15/2025 06:30,8,142,0,8,0,126
05/15/2025 06:45,2,114,0,4,0,108
05/15/2025 07:00,8,137,0,134,7,2
05/15/2025 07:15,13,158,0,149,4,0
05/15/2025 07:30,15,154,0,145,6,0
05/15/2025 07:45,11,276,0,271,6,0
05/15/2025 08:00,25,237,0,230,18,0
05/15/2025 08:15,72,191,0,180,61,0
05/15/2025 08:30,133,152,0,153,134,0
05/15/2025 08:45,99,106,0,105,98,0
05/15/2025 09:00,106,130,0,132,108,0
05/15/2025 09:15,215,148,0,139,206,0
05/15/2025 09:30,382,126,0,126,382,0
05/15/2025 09:45,416,116,0,116,416,0
05/15/2025 10:00,444,127,0,124,441,0
05/15/2025 10:15,476,109,0,111,478,0
05/15/2025 10:30,455,97,0,96,454,0
05/15/2025 10:45,449,105,0,102,446,0
05/15/2025 11:00,385,129,0,129,385,0
05/15/2025 11:15,568,142,0,137,563,0
05/15/2025 11:30,941,118,0,104,927,0
05/15/2025 11:45,1186,135,0,130,1181,0
05/15/2025 12:00,1232,147,0,148,1233,0
05/15/2025 12:15,979,140,0,136,975,0
05/15/2025 12:30,705,120,0,123,708,0
05/15/2025 12:45,524,128,0,127,523,0
05/15/2025 13:00,465,124,0,123,464,0
05/15/2025 13:15,404,97,0,98,405,0
05/15/2025 13:30,639,91,0,75,623,0
05/15/2025 13:45,651,123,0,120,648,0
05/15/2025 14:00,239,110,0,97,226,0
05/15/2025 14:15,190,113,28,0,49,0
05/15/2025 14:30,292,93,192,0,7,0
05/15/2025 14:45,217,119,93,0,5,0
05/15/2025 15:00,230,138,64,0,28,0
05/15/2025 15:15,230,115,53,0,62,0
05/15/2025 15:30,390,117,267,0,6,0
05/15/2025 15:45,592,141,425,0,26,0
05/15/2025 16:00,496,152,525,0,0,181
05/15/2025 16:15,461,125,461,0,0,125
05/15/2025 16:30,361,139,356,0,1,135
05/15/2025 16:45,311,157,307,0,0,153
05/15/2025 17:00,242,137,239,0,0,134
05/15/2025 17:15,285,113,282,0,0,110
05/15/2025 17:30,200,123,196,0,1,120
05/15/2025 17:45,131,160,129,0,0,158
05/15/2025 18:00,73,159,68,0,0,154
05/15/2025 18:15,81,129,80,0,0,128
05/15/2025 18:30,78,167,75,0,0,164
05/15/2025 18:45,96,263,88,0,0,255
05/15/2025 19:00,81,439,78,0,0,436
05/15/2025 19:15,54,416,49,0,0,411
05/15/2025 19:30,12,473,1,0,0,462
05/15/2025 19:45,0,520,0,3,0,517
05/15/2025 20:00,0,431,5,0,0,436
05/15/2025 20:15,0,628,5,0,0,633
05/15/2025 20:30,0,540,9,0,0,549
05/15/2025 20:45,0,1700,3,0,0,1703
05/15/2025 21:00,0,1476,15,0,0,1491
05/15/2025 21:15,0,197,0,2,0,195
05/15/2025 21:30,0,179,0,7,0,172
05/15/2025 21:45,0,275,0,5,0,270
05/15/2025 22:00,0,299,0,3,0,296
05/15/2025 22:15,0,217,0,6,0,211
05/15/2025 22:30,0,113,0,5,0,108
05/15/2025 22:45,0,107,0,5,0,102
05/15/2025 23:00,0,124,0,7,0,117
05/15/2025 23:15,0,132,0,4,0,128
05/15/2025 23:30,0,97,0,3,0,94
05/15/2025 23:45,0,161,0,5,0,156
05/16/2025 00:00,0,235,0,5,0,230
05/16/2025 00:15,0,109,0,5,0,104
05/16/2025 00:30,0,136,0,5,0,131
05/16/2025 00:45,0,98,0,5,0,93
05/16/2025 01:00,0,95,0,4,0,91
05/16/2025 01:15,0,111,0,7,0,104
05/16/2025 01:30,0,129,0,5,0,124
05/16/2025 01:45,0,108,0,7,0,101
05/16/2025 02:00,0,95,0,4,0,91
05/16/2025 02:15,0,192,0,7,0,185
05/16/2025 02:30,0,226,0,2,0,224
05/16/2025 02:45,0,126,0,102,6,30
05/16/2025 03:00,0,101,0,107,6,0
05/16/2025 03:15,0,94,0,100,6,0
05/16/2025 03:30,0,102,0,108,6,0
05/16/2025 03:45,0,130,0,134,4,0
05/16/2025 04:00,0,108,0,114,6,0
05/16/2025 04:15,0,100,0,106,6,0
05/16/2025 04:30,0,109,0,115,6,0
05/16/2025 04:45,0,117,0,123,6,0
05/16/2025 05:00,0,112,0,118,6,0
05/16/2025 05:15,0,123,0,129,6,0
05/16/2025 05:30,0,249,0,255,6,0
05/16/2025 05:45,0,143,0,149,6,0
05/16/2025 06:00,25,160,0,139,4,0
05/16/2025 06:15,58,201,0,149,6,0
05/16/2025 06:30,85,257,0,178,6,0
05/16/2025 06:45,109,131,0,34,12,0
05/16/2025 07:00,148,107,0,100,141,0
05/16/2025 07:15,164,155,0,157,166,0
05/16/2025 07:30,163,133,0,131,161,0
05/16/2025 07:45,298,127,0,117,288,0
05/16/2025 08:00,461,116,0,111,456,0
05/16/2025 08:15,543,127,0,119,535,0
05/16/2025 08:30,618,110,0,103,611,0
05/16/2025 08:45,614,200,0,198,612,0
05/16/2025 09:00,593,211,0,203,585,0
05/16/2025 09:15,567,166,0,169,570,0
05/16/2025 09:30,650,155,0,145,640,0
05/16/2025 09:45,673,175,0,169,667,0
05/16/2025 10:00,641,186,0,184,639,0
05/16/2025 10:15,408,170,0,170,408,0
05/16/2025 10:30,498,161,0,155,492,0
05/16/2025 10:45,737,138,0,132,731,0
05/16/2025 11:00,606,172,0,175,609,0
05/16/2025 11:15,631,192,0,185,624,0
05/16/2025 11:30,721,134,0,134,721,0
05/16/2025 11:45,910,189,0,181,902,0
05/16/2025 12:00,720,153,0,151,718,0
05/16/2025 12:15,1522,128,57,0,1337,0
05/16/2025 12:30,1536,151,0,55,1440,0
05/16/2025 12:45,1015,142,0,112,985,0
05/16/2025 13:00,1287,149,900,0,238,0
05/16/2025 13:15,1588,139,1404,0,45,0
05/16/2025 13:30,1421,165,1191,0,65,0
05/16/2025 13:45,1466,206,1226,0,34,0
05/16/2025 14:00,1755,188,1491,0,76,0
05/16/2025 14:15,1731,200,1495,0,36,0
05/16/2025 14:30,1361,200,1147,0,14,0
05/16/2025 14:45,1416,1205,207,0,4,0
05/16/2025 15:00,1180,1506,0,384,58,0
05/16/2025 15:15,1207,865,331,0,11,0
05/16/2025 15:30,1053,186,809,0,58,0
05/16/2025 15:45,674,151,515,0,8,0
05/16/2025 16:00,835,185,853,0,0,203
05/16/2025 16:15,747,155,745,0,0,153
05/16/2025 16:30,606,156,601,0,0,151
05/16/2025 16:45,751,206,748,0,0,203
05/16/2025 17:00,590,122,584,0,0,116
05/16/2025 17:15,512,137,509,0,0,134
05/16/2025 17:30,472,165,464,0,0,157
05/16/2025 17:45,349,446,345,0,0,442
05/16/2025 18:00,248,436,247,0,0,435
05/16/2025 18:15,117,394,117,0,0,394
05/16/2025 18:30,100,163,99,0,0,162
05/16/2025 18:45,71,255,63,0,0,247
05/16/2025 19:00,88,326,86,0,0,324
05/16/2025 19:15,51,365,50,0,0,364
05/16/2025 19:30,27,295,19,0,0,287
05/16/2025 19:45,3,157,0,0,0,154
05/16/2025 20:00,0,442,0,5,0,437
05/16/2025 20:15,0,659,0,4,0,655
05/16/2025 20:30,0,624,8,0,0,632
05/16/2025 20:45,0,1537,4,0,0,1541
05/16/2025 21:00,0,1652,3,0,0,1655
05/16/2025 21:15,0,497,11,0,0,508
05/16/2025 21:30,0,411,0,1,0,410
05/16/2025 21:45,0,249,0,1,0,248
05/16/2025 22:00,0,175,0,5,0,170
05/16/2025 22:15,0,272,0,2,0,270
05/16/2025 22:30,0,340,0,2,0,338
05/16/2025 22:45,0,583,0,8,0,575
05/16/2025 23:00,0,442,5,0,0,447
05/16/2025 23:15,0,266,0,5,0,261
05/16/2025 23:30,0,307,0,264,18,61
05/16/2025 23:45,0,266,0,276,10,0
05/17/2025 00:00,0,279,0,287,8,0
05/17/2025 00:15,0,122,0,128,6,0
05/17/2025 00:30,0,99,0,104,5,0
05/17/2025 00:45,0,259,0,264,5,0
05/17/2025 01:00,0,290,0,297,7,0
05/17/2025 01:15,0,178,0,184,6,0
05/17/2025 01:30,0,126,0,133,7,0
05/17/2025 01:45,0,102,0,108,6,0
05/17/2025 02:00,0,118,0,124,6,0
05/17/2025 02:15,0,112,0,118,6,0
05/17/2025 02:30,0,254,0,259,5,0
05/17/2025 02:45,0,193,0,198,6,1
05/17/2025 03:00,0,114,0,121,7,0
05/17/2025 03:15,0,102,0,108,6,0
05/17/2025 03:30,0,129,0,134,5,0
05/17/2025 03:45,0,96,0,103,7,0
05/17/2025 04:00,0,116,0,121,5,0
05/17/2025 04:15,0,302,0,308,6,0
05/17/2025 04:30,0,263,0,268,5,0
05/17/2025 04:45,0,127,0,134,7,0
05/17/2025 05:00,0,119,0,124,5,0
05/17/2025 05:15,0,98,0,104,6,0
05/17/2025 05:30,0,118,0,123,5,0
05/17/2025 05:45,4,110,0,114,8,0
05/17/2025 06:00,25,115,0,121,31,0
05/17/2025 06:15,40,177,0,170,33,0
05/17/2025 06:30,78,289,0,288,77,0
05/17/2025 06:45,112,172,0,83,23,0
05/17/2025 07:00,143,153,0,149,139,0
05/17/2025 07:15,107,107,0,108,108,0
05/17/2025 07:30,133,152,0,150,131,0
05/17/2025 07:45,163,216,0,217,164,0
05/17/2025 08:00,253,415,0,410,248,0
05/17/2025 08:15,320,343,0,340,317,0
05/17/2025 08:30,383,490,0,485,378,0
05/17/2025 08:45,456,630,0,626,452,0
05/17/2025 09:00,537,338,0,332,531,0
05/17/2025 09:15,988,149,0,73,912,0
05/17/2025 09:30,1242,131,0,30,1141,0
05/17/2025 09:45,607,127,0,117,597,0
05/17/2025 10:00,510,125,0,130,515,0
05/17/2025 10:15,356,150,0,150,356,0
05/17/2025 10:30,382,112,0,111,381,0
05/17/2025 10:45,498,187,0,185,496,0
05/17/2025 11:00,430,346,0,350,434,0
05/17/2025 11:15,406,284,0,278,400,0
05/17/2025 11:30,454,293,0,297,458,0
05/17/2025 11:45,427,189,0,187,425,0
05/17/2025 12:00,451,93,0,95,453,0
05/17/2025 12:15,465,124,0,121,462,0
05/17/2025 12:30,419,104,0,102,417,0
05/17/2025 12:45,541,92,0,88,537,0
05/17/2025 13:00,436,117,0,115,434,0
05/17/2025 13:15,387,112,0,112,387,0
05/17/2025 13:30,430,365,0,357,422,0
05/17/2025 13:45,557,577,0,576,556,0
05/17/2025 14:00,547,315,0,311,543,0
05/17/2025 14:15,466,148,0,149,467,0
05/17/2025 14:30,351,173,0,179,357,0
05/17/2025 14:45,258,266,0,264,256,0
05/17/2025 15:00,375,290,0,283,368,0
05/17/2025 15:15,1128,160,0,67,1035,0
05/17/2025 15:30,914,169,295,0,450,0
05/17/2025 15:45,734,209,517,0,8,0
05/17/2025 16:00,686,214,715,0,0,243
05/17/2025 16:15,904,283,895,0,0,274
05/17/2025 16:30,774,327,778,0,0,331
05/17/2025 16:45,692,295,687,0,0,290
05/17/2025 17:00,621,442,616,0,0,437
05/17/2025 17:15,534,317,533,0,0,316
05/17/2025 17:30,436,193,434,0,0,191
05/17/2025 17:45,332,138,330,0,0,136
05/17/2025 18:00,241,194,234,0,0,187
05/17/2025 18:15,131,427,129,0,0,425
05/17/2025 18:30,87,325,81,0,0,319
05/17/2025 18:45,100,323,98,0,0,321
05/17/2025 19:00,55,206,51,0,1,203
05/17/2025 19:15,20,336,9,0,0,325
05/17/2025 19:30,4,496,0,6,0,486
05/17/2025 19:45,0,523,0,3,0,520
05/17/2025 20:00,0,547,0,1,0,546
05/17/2025 20:15,0,716,5,0,0,721
05/17/2025 20:30,0,563,16,0,0,579
05/17/2025 20:45,0,548,6,0,0,554
05/17/2025 21:00,0,757,0,4,0,753
05/17/2025 21:15,0,396,7,0,0,403
05/17/2025 21:30,0,258,0,3,0,255
05/17/2025 21:45,0,333,0,10,0,323
05/17/2025 22:00,0,1575,1,0,0,1576
05/17/2025 22:15,0,915,16,0,0,931
05/17/2025 22:30,0,291,0,3,0,288
05/17/2025 22:45,0,303,0,231,18,90
05/17/2025 23:00,0,234,0,245,11,0
05/17/2025 23:15,0,205,0,210,5,0
05/17/2025 23:30,0,117,0,122,5,0
05/17/2025 23:45,0,120,0,127,7,0
05/18/2025 00:00,0,166,0,173,7,0
05/18/2025 00:15,0,257,0,262,5,0
05/18/2025 00:30,0,110,0,117,7,0
05/18/2025 00:45,0,124,0,130,6,0
05/18/2025 01:00,0,138,0,143,5,0
05/18/2025 01:15,0,112,0,119,7,0
05/18/2025 01:30,0,106,0,113,7,0
05/18/2025 01:45,0,126,0,132,6,0
05/18/2025 02:00,0,266,0,272,6,0
05/18/2025 02:15,0,154,0,160,6,0
05/18/2025 02:30,0,120,0,126,6,0
05/18/2025 02:45,0,98,0,104,6,0
05/18/2025 03:00,0,121,0,127,6,0
05/18/2025 03:15,0,130,0,136,6,0
05/18/2025 03:30,0,125,0,131,6,0
05/18/2025 03:45,0,99,0,105,6,0
05/18/2025 04:00,0,141,0,147,6,0
05/18/2025 04:15,0,261,0,267,6,0
05/18/2025 04:30,0,116,0,122,6,0
05/18/2025 04:45,0,141,0,147,6,0
05/18/2025 05:00,0,109,0,115,6,0
05/18/2025 05:15,0,100,0,105,5,0
05/18/2025 05:30,10,111,0,107,6,0
05/18/2025 05:45,75,123,0,110,62,0
05/18/2025 06:00,255,168,0,82,169,0
05/18/2025 06:15,352,150,3,0,213,14
05/18/2025 06:30,394,104,0,7,297,0
05/18/2025 06:45,593,126,0,8,475,0
05/18/2025 07:00,690,141,0,134,683,0
05/18/2025 07:15,883,163,0,156,876,0
05/18/2025 07:30,660,189,0,163,634,0
05/18/2025 07:45,902,254,0,233,881,0
05/18/2025 08:00,1066,510,0,501,1057,0
05/18/2025 08:15,1145,897,0,889,1137,0
05/18/2025 08:30,1211,346,0,338,1203,0
05/18/2025 08:45,1274,296,0,279,1257,0
05/18/2025 09:00,1309,155,0,123,1277,0
05/18/2025 09:15,1215,390,0,265,1090,0
05/18/2025 09:30,886,548,0,409,747,0
05/18/2025 09:45,604,506,0,487,585,0
05/18/2025 10:00,764,548,0,475,691,0
05/18/2025 10:15,1465,224,0,206,1447,0
05/18/2025 10:30,1377,121,755,0,501,0
05/18/2025 10:45,1486,118,1316,0,52,0
05/18/2025 11:00,1583,91,1430,0,62,0
05/18/2025 11:15,903,131,719,0,53,0
05/18/2025 11:30,1278,129,1091,0,58,0
05/18/2025 11:45,1602,117,1448,0,37,0
05/18/2025 12:00,1258,135,1056,0,67,0
05/18/2025 12:15,1063,138,887,0,38,0
05/18/2025 12:30,743,137,600,0,6,0
05/18/2025 12:45,919,116,725,0,78,0
05/18/2025 13:00,1143,108,1001,0,34,0
05/18/2025 13:15,680,126,546,0,8,0
05/18/2025 13:30,704,114,564,0,26,0
05/18/2025 13:45,651,141,456,0,54,0
05/18/2025 14:00,484,121,335,0,28,0
05/18/2025 14:15,261,110,142,0,9,0
05/18/2025 14:30,494,107,337,0,50,0
05/18/2025 14:45,1129,102,991,0,36,0
05/18/2025 15:00,806,114,686,0,6,0
05/18/2025 15:15,729,120,583,0,26,0
05/18/2025 15:30,669,99,544,0,26,0
05/18/2025 15:45,518,97,389,0,32,0
05/18/2025 16:00,580,122,591,0,8,141
05/18/2025 16:15,552,93,550,0,0,91
05/18/2025 16:30,598,123,595,0,0,120
05/18/2025 16:45,483,104,480,0,0,101
05/18/2025 17:00,381,91,380,0,0,90
05/18/2025 17:15,314,106,310,0,0,102
05/18/2025 17:30,237,137,233,0,0,133
05/18/2025 17:45,250,195,248,0,0,193
05/18/2025 18:00,254,125,248,0,0,119
05/18/2025 18:15,278,125,277,0,0,124
05/18/2025 18:30,163,119,161,0,0,117
05/18/2025 18:45,125,91,122,0,0,88
05/18/2025 19:00,69,100,65,0,0,96
05/18/2025 19:15,58,109,54,0,0,105
05/18/2025 19:30,27,107,24,0,0,104
05/18/2025 19:45,2,139,0,0,0,137
05/18/2025 20:00,0,105,0,5,0,100
05/18/2025 20:15,0,98,0,4,0,94
05/18/2025 20:30,0,119,6,0,0,125
05/18/2025 20:45,0,100,0,5,0,95
05/18/2025 21:00,0,118,0,6,0,112
05/18/2025 21:15,0,132,0,4,0,128
05/18/2025 21:30,0,108,0,3,0,105
05/18/2025 21:45,0,101,0,5,0,96
05/18/2025 22:00,0,120,0,3,0,117
05/18/2025 22:15,0,103,0,5,0,98
05/18/2025 22:30,0,113,0,7,0,106
05/18/2025 22:45,0,125,0,4,0,121
05/18/2025 23:00,0,93,0,7,0,86
05/18/2025 23:15,0,106,0,4,0,102
05/18/2025 23:30,0,113,0,3,0,110
05/18/2025 23:45,0,94,0,6,0,88
05/19/2025 00:00,0,111,0,5,0,106
05/19/2025 00:15,0,127,0,5,0,122
05/19/2025 00:30,0,92,0,4,0,88
05/19/2025 00:45,0,95,0,5,0,90
05/19/2025 01:00,0,115,0,5,0,110
05/19/2025 01:15,0,103,0,5,0,98
05/19/2025 01:30,0,102,0,6,0,96
05/19/2025 01:45,0,127,0,5,0,122
05/19/2025 02:00,0,110,0,4,0,106
05/19/2025 02:15,0,96,0,6,0,90
05/19/2025 02:30,0,111,0,7,0,104
05/19/2025 02:45,0,96,0,5,0,91
05/19/2025 03:00,0,102,0,4,0,98
05/19/2025 03:15,0,123,0,5,0,118
05/19/2025 03:30,0,113,0,6,0,107
05/19/2025 03:45,0,94,0,5,0,89
05/19/2025 04:00,0,101,0,5,0,96
05/19/2025 04:15,0,106,0,5,0,101
05/19/2025 04:30,0,93,0,4,0,89
05/19/2025 04:45,0,117,0,6,0,111
05/19/2025 05:00,0,127,0,4,0,123
05/19/2025 05:15,0,96,0,2,0,94
05/19/2025 05:30,25,99,0,6,0,68
05/19/2025 05:45,71,116,0,6,0,39
05/19/2025 06:00,208,93,0,7,123,1
05/19/2025 06:15,507,92,1,0,414,0
05/19/2025 06:30,553,121,0,0,432,0
05/19/2025 06:45,596,115,0,7,488,0
05/19/2025 07:00,709,111,0,117,715,0
05/19/2025 07:15,836,94,0,99,841,0
05/19/2025 07:30,928,88,0,89,929,0
05/19/2025 07:45,914,114,0,100,900,0
05/19/2025 08:00,747,94,0,68,721,0
05/19/2025 08:15,638,116,0,111,633,0
05/19/2025 08:30,1248,117,0,21,1152,0
05/19/2025 08:45,1310,103,663,0,544,0
05/19/2025 09:00,1408,104,1058,0,246,0
05/19/2025 09:15,1445,116,1222,0,107,0
05/19/2025 09:30,978,94,863,0,21,0
05/19/2025 09:45,1284,115,1166,0,3,0
05/19/2025 10:00,1568,127,1392,0,49,0
05/19/2025 10:15,1621,104,1464,0,53,0
05/19/2025 10:30,1776,106,1663,0,7,0
05/19/2025 10:45,1425,122,1252,0,51,0
05/19/2025 11:00,1819,102,1670,0,47,0
05/19/2025 11:15,1891,100,1787,0,4,0
05/19/2025 11:30,1906,126,1739,0,41,0
05/19/2025 11:45,1881,117,1730,0,34,0
05/19/2025 12:00,1948,94,1827,0,27,0
05/19/2025 12:15,1646,119,1501,0,26,0
05/19/2025 12:30,1614,105,1457,0,52,0
05/19/2025 12:45,1356,104,1246,0,6,0
05/19/2025 13:00,1346,115,1205,0,26,0
05/19/2025 13:15,1285,124,1135,0,26,0
05/19/2025 13:30,1148,93,1003,0,52,0
05/19/2025 13:45,1341,98,1214,0,29,0
05/19/2025 14:00,1215,123,1087,0,5,0
05/19/2025 14:15,1208,97,1085,0,26,0
05/19/2025 14:30,847,108,692,0,47,0
05/19/2025 14:45,756,124,627,0,5,0
05/19/2025 15:00,678,97,549,0,32,0
05/19/2025 15:15,709,95,605,0,9,0
05/19/2025 15:30,676,111,529,0,36,0
05/19/2025 15:45,494,96,359,0,39,0
05/19/2025 16:00,520,109,550,0,1,140
05/19/2025 16:15,435,125,433,0,0,123
05/19/2025 16:30,452,108,449,0,0,105
05/19/2025 16:45,349,92,347,0,0,90
05/19/2025 17:00,440,100,436,0,0,96
05/19/2025 17:15,298,102,296,0,0,100
05/19/2025 17:30,214,91,211,0,0,88
05/19/2025 17:45,250,123,245,0,0,118
05/19/2025 18:00,263,114,261,0,0,112
05/19/2025 18:15,167,91,164,0,0,88
05/19/2025 18:30,148,91,145,0,0,88
05/19/2025 18:45,65,110,62,0,0,107
05/19/2025 19:00,32,91,29,0,0,88
05/19/2025 19:15,22,102,18,0,0,98
05/19/2025 19:30,11,132,7,0,0,128
05/19/2025 19:45,3,113,1,0,0,111
05/19/2025 20:00,0,100,0,8,0,92
05/19/2025 20:15,0,119,0,5,0,114
05/19/2025 20:30,0,100,6,0,0,106
05/19/2025 20:45,0,102,0,5,0,97
05/19/2025 21:00,0,127,0,5,0,122
05/19/2025 21:15,0,123,0,5,0,118
05/19/2025 21:30,0,110,0,5,0,105
05/19/2025 21:45,0,108,0,5,0,103
05/19/2025 22:00,0,115,0,6,0,109
05/19/2025 22:15,0,98,0,6,0,92
05/19/2025 22:30,0,101,0,5,0,96
05/19/2025 22:45,0,132,0,6,0,126
05/19/2025 23:00,0,117,0,6,0,111
05/19/2025 23:15,0,109,0,5,0,104
05/19/2025 23:30,0,110,0,4,0,106
05/19/2025 23:45,0,95,0,7,0,88
05/20/2025 00:00,0,104,0,4,0,100
05/20/2025 00:15,0,105,0,5,0,100
05/20/2025 00:30,0,116,0,6,0,110
05/20/2025 00:45,0,109,0,5,0,104
05/20/2025 01:00,0,93,0,5,0,88
05/20/2025 01:15,0,106,0,6,0,100
05/20/2025 01:30,0,108,0,6,0,102
05/20/2025 01:45,0,94,0,6,0,88
05/20/2025 02:00,0,98,0,5,0,93
05/20/2025 02:15,0,124,0,6,0,118
05/20/2025 02:30,0,106,0,4,0,102
05/20/2025 02:45,0,108,0,4,0,104
05/20/2025 03:00,0,93,0,5,0,88
05/20/2025 03:15,0,104,0,6,0,98
05/20/2025 03:30,0,114,0,4,0,110
05/20/2025 03:45,0,92,0,5,0,87
05/20/2025 04:00,0,110,0,6,0,104
05/20/2025 04:15,0,115,0,5,0,110
05/20/2025 04:30,0,94,0,6,0,88
05/20/2025 04:45,0,91,0,5,0,86
05/20/2025 05:00,0,121,0,5,0,116
05/20/2025 05:15,0,96,0,4,0,92
05/20/2025 05:30,0,92,0,6,0,86
05/20/2025 05:45,11,110,0,6,0,93
05/20/2025 06:00,39,116,0,7,0,70
05/20/2025 06:15,72,114,0,8,2,36
05/20/2025 06:30,134,92,0,8,50,0
05/20/2025 06:45,159,92,0,10,77,0
05/20/2025 07:00,183,121,0,124,186,0
05/20/2025 07:15,213,93,0,96,216,0
05/20/2025 07:30,345,91,0,95,349,0
05/20/2025 07:45,398,113,0,117,402,0
05/20/2025 08:00,506,108,0,119,517,0
05/20/2025 08:15,504,116,0,122,510,0
05/20/2025 08:30,572,91,0,99,580,0
05/20/2025 08:45,633,92,0,102,643,0
05/20/2025 09:00,719,122,0,127,724,0
05/20/2025 09:15,860,94,0,105,871,0
05/20/2025 09:30,1343,92,0,8,1259,0
05/20/2025 09:45,1394,115,196,0,1083,0
05/20/2025 10:00,1377,111,816,0,450,0
05/20/2025 10:15,897,124,556,0,217,0
05/20/2025 10:30,672,97,479,0,96,0
05/20/2025 10:45,587,100,478,0,9,0
05/20/2025 11:00,537,121,411,0,5,0
05/20/2025 11:15,579,95,482,0,2,0
05/20/2025 11:30,544,96,357,0,91,0
05/20/2025 11:45,476,115,351,0,10,0
05/20/2025 12:00,665,112,521,0,32,0
05/20/2025 12:15,690,115,555,0,20,0
05/20/2025 12:30,416,95,272,0,49,0
05/20/2025 12:45,362,102,230,0,30,0
05/20/2025 13:00,558,113,420,0,25,0
05/20/2025 13:15,539,94,419,0,26,0
05/20/2025 13:30,383,95,258,0,30,0
05/20/2025 13:45,299,112,146,0,41,0
05/20/2025 14:00,309,116,179,0,14,0
05/20/2025 14:15,389,109,259,0,21,0
05/20/2025 14:30,395,93,296,0,6,0
05/20/2025 14:45,371,101,240,0,30,0
05/20/2025 15:00,367,112,248,0,7,0
05/20/2025 15:15,286,92,127,0,67,0
05/20/2025 15:30,237,92,139,0,6,0
05/20/2025 15:45,250,113,134,0,3,0
05/20/2025 16:00,221,113,241,0,1,134
05/20/2025 16:15,184,105,181,0,0,102
05/20/2025 16:30,176,91,173,0,0,88
05/20/2025 16:45,160,106,154,0,0,100
05/20/2025 17:00,218,108,216,0,0,106
05/20/2025 17:15,152,93,148,0,0,89
05/20/2025 17:30,109,94,108,0,0,93
05/20/2025 17:45,65,108,62,0,0,105
05/20/2025 18:00,61,116,57,0,0,112
05/20/2025 18:15,51,103,47,0,0,99
05/20/2025 18:30,31,92,28,0,0,89
05/20/2025 18:45,18,106,16,0,0,104
05/20/2025 19:00,12,105,9,0,0,102
05/20/2025 19:15,8,92,5,0,0,89
05/20/2025 19:30,1,102,0,1,0,100
05/20/2025 19:45,0,112,0,2,0,110
05/20/2025 20:00,0,121,0,6,0,115
05/20/2025 20:15,0,114,0,6,0,108
05/20/2025 20:30,0,111,2,0,0,113
05/20/2025 20:45,0,104,0,6,0,98
05/20/2025 21:00,0,124,0,5,0,119
05/20/2025 21:15,0,182,0,6,0,176
05/20/2025 21:30,0,134,0,4,0,130
05/20/2025 21:45,0,133,0,4,0,129
05/20/2025 22:00,0,112,0,4,0,108
05/20/2025 22:15,0,99,0,6,0,93
05/20/2025 22:30,0,120,0,6,0,114
05/20/2025 22:45,0,96,0,4,0,92
05/20/2025 23:00,0,94,0,5,0,89
05/20/2025 23:15,0,111,0,6,0,105
05/20/2025 23:30,0,98,0,6,0,92
05/20/2025 23:45,0,121,0,5,0,116
05/21/2025 00:00,0,108,0,6,0,102
05/21/2025 00:15,0,92,0,6,0,86
05/21/2025 00:30,0,115,0,5,0,110
05/21/2025 00:45,0,103,0,4,0,99
05/21/2025 01:00,0,98,0,7,0,91
05/21/2025 01:15,0,99,0,6,0,93
05/21/2025 01:30,0,107,0,4,0,103
05/21/2025 01:45,0,103,0,3,0,100
05/21/2025 02:00,0,124,0,6,0,118
05/21/2025 02:15,0,92,0,6,0,86
05/21/2025 02:30,0,103,0,5,0,98
05/21/2025 02:45,0,107,0,7,0,100
05/21/2025 03:00,0,99,0,6,0,93
05/21/2025 03:15,0,91,0,4,0,87
05/21/2025 03:30,0,107,0,7,0,100
05/21/2025 03:45,0,99,0,5,0,94
05/21/2025 04:00,0,100,0,6,0,94
05/21/2025 04:15,0,124,0,4,0,120
05/21/2025 04:30,0,105,0,7,0,98
05/21/2025 04:45,0,92,0,4,0,88
05/21/2025 05:00,0,104,0,5,0,99
05/21/2025 05:15,0,99,0,3,0,96
05/21/2025 05:30,0,91,0,3,0,88
05/21/2025 05:45,14,101,0,5,0,82
05/21/2025 06:00,45,108,0,9,0,54
05/21/2025 06:15,64,91,0,7,0,20
05/21/2025 06:30,99,135,0,6,0,30
05/21/2025 06:45,189,98,0,7,98,0
05/21/2025 07:00,417,96,0,87,408,0
05/21/2025 07:15,653,96,0,36,593,0
05/21/2025 07:30,310,108,0,114,316,0
05/21/2025 07:45,395,91,0,88,392,0
05/21/2025 08:00,165,96,0,103,172,0
05/21/2025 08:15,211,106,0,110,215,0
05/21/2025 08:30,249,106,0,112,255,0
05/21/2025 08:45,246,106,0,114,254,0
05/21/2025 09:00,209,112,0,117,214,0
05/21/2025 09:15,199,91,0,94,202,0
05/21/2025 09:30,174,91,0,95,178,0
05/21/2025 09:45,187,110,0,116,193,0
05/21/2025 10:00,285,95,0,95,285,0
05/21/2025 10:15,417,94,0,96,419,0
05/21/2025 10:30,444,120,0,127,451,0
05/21/2025 10:45,474,95,0,99,478,0
05/21/2025 11:00,479,92,0,99,486,0
05/21/2025 11:15,465,103,0,112,474,0
05/21/2025 11:30,514,110,0,111,515,0
05/21/2025 11:45,501,114,0,125,512,0
05/21/2025 12:00,374,93,0,100,381,0
05/21/2025 12:15,238,93,0,102,247,0
05/21/2025 12:30,180,111,0,118,187,0
05/21/2025 12:45,194,104,0,111,201,0
05/21/2025 13:00,192,90,0,93,195,0
05/21/2025 13:15,267,89,0,63,241,0
05/21/2025 13:30,472,109,327,0,36,0
05/21/2025 13:45,918,98,818,0,2,0
05/21/2025 14:00,306,129,175,0,2,0
05/21/2025 14:15,170,97,19,0,54,0
05/21/2025 14:30,147,105,18,0,24,0
05/21/2025 14:45,146,98,28,0,20,0
05/21/2025 15:00,147,105,40,0,2,0
05/21/2025 15:15,184,91,48,0,45,0
05/21/2025 15:30,299,90,178,0,31,0
05/21/2025 15:45,265,109,132,0,24,0
05/21/2025 16:00,241,93,274,0,0,126
05/21/2025 16:15,309,91,306,0,0,88
05/21/2025 16:30,240,125,237,0,0,122
05/21/2025 16:45,253,108,251,0,0,106
05/21/2025 17:00,207,93,204,0,0,90
05/21/2025 17:15,176,94,174,0,0,92
05/21/2025 17:30,113,110,108,0,0,105
05/21/2025 17:45,133,95,129,0,0,91
05/21/2025 18:00,75,92,72,0,0,89
05/21/2025 18:15,110,109,107,0,0,106
05/21/2025 18:30,39,104,35,0,0,100
05/21/2025 18:45,38,91,35,0,0,88
05/21/2025 19:00,28,109,23,0,0,104
05/21/2025 19:15,4,95,2,0,0,93
05/21/2025 19:30,0,124,0,4,0,120
05/21/2025 19:45,0,98,0,2,0,96
05/21/2025 20:00,0,100,0,7,0,93
05/21/2025 20:15,0,109,0,7,0,102
05/21/2025 20:30,0,123,1,0,0,124
05/21/2025 20:45,0,103,0,5,0,98
05/21/2025 21:00,0,102,0,6,0,96
05/21/2025 21:15,0,118,0,5,0,113
05/21/2025 21:30,0,100,0,6,0,94
05/21/2025 21:45,0,102,0,6,0,96
05/21/2025 22:00,0,119,0,6,0,113
05/21/2025 22:15,0,110,0,5,0,105
05/21/2025 22:30,0,125,0,6,0,119
05/21/2025 22:45,0,95,0,5,0,90
05/21/2025 23:00,0,97,0,5,0,92
05/21/2025 23:15,0,109,0,5,0,104
05/21/2025 23:30,0,95,0,5,0,90
05/21/2025 23:45,0,93,0,6,0,87
05/22/2025 00:00,0,102,0,5,0,97
05/22/2025 00:15,0,105,0,5,0,100
05/22/2025 00:30,0,103,0,6,0,97
05/22/2025 00:45,0,93,0,5,0,88
05/22/2025 01:00,0,112,0,7,0,105
05/22/2025 01:15,0,106,0,5,0,101
05/22/2025 01:30,0,112,0,4,0,108
05/22/2025 01:45,0,93,0,5,0,88
05/22/2025 02:00,0,91,0,5,0,86
05/22/2025 02:15,0,111,0,7,0,104
05/22/2025 02:30,0,106,0,6,0,100
05/22/2025 02:45,0,93,0,5,0,88
05/22/2025 03:00,0,104,0,7,0,97
05/22/2025 03:15,0,106,0,5,0,101
05/22/2025 03:30,0,93,0,5,0,88
05/22/2025 03:45,0,106,0,6,0,100
05/22/2025 04:00,0,124,0,6,0,118
05/22/2025 04:15,0,98,0,4,0,94
05/22/2025 04:30,0,131,0,6,0,125
05/22/2025 04:45,0,97,0,5,0,92
05/22/2025 05:00,0,92,0,5,0,87
05/22/2025 05:15,0,98,0,6,0,92
05/22/2025 05:30,0,104,0,4,0,100
05/22/2025 05:45,0,95,0,6,0,89
05/22/2025 06:00,0,93,0,2,2,93
05/22/2025 06:15,8,112,0,8,0,96
05/22/2025 06:30,34,91,0,5,0,52
05/22/2025 06:45,55,102,0,8,0,39
05/22/2025 07:00,39,101,0,102,41,1
05/22/2025 07:15,38,98,0,103,43,0
05/22/2025 07:30,74,99,0,97,72,0
05/22/2025 07:45,118,116,0,117,119,0
05/22/2025 08:00,75,90,0,98,83,0
05/22/2025 08:15,102,92,0,94,104,0
05/22/2025 08:30,120,103,0,105,122,0
05/22/2025 08:45,123,113,0,118,128,0
05/22/2025 09:00,102,91,0,93,104,0
05/22/2025 09:15,156,95,0,96,157,0
05/22/2025 09:30,199,112,0,115,202,0
05/22/2025 09:45,193,96,0,96,193,0
05/22/2025 10:00,283,94,0,94,283,0
05/22/2025 10:15,359,110,0,112,361,0
05/22/2025 10:30,490,99,0,102,493,0
05/22/2025 10:45,371,108,0,116,379,0
05/22/2025 11:00,210,124,0,126,212,0
05/22/2025 11:15,301,101,0,104,304,0
05/22/2025 11:30,192,90,0,95,197,0
05/22/2025 11:45,118,97,0,101,122,0
05/22/2025 12:00,120,111,0,113,122,0
05/22/2025 12:15,250,93,0,93,250,0
05/22/2025 12:30,315,95,0,96,316,0
05/22/2025 12:45,333,120,0,126,339,0
05/22/2025 13:00,335,98,0,100,337,0
05/22/2025 13:15,299,93,0,96,302,0
05/22/2025 13:30,262,94,0,96,264,0
05/22/2025 13:45,243,111,0,116,248,0
05/22/2025 14:00,171,92,0,99,178,0
05/22/2025 14:15,153,113,0,113,153,0
05/22/2025 14:30,193,112,0,114,195,0
05/22/2025 14:45,191,103,0,110,198,0
05/22/2025 15:00,171,96,0,99,174,0
05/22/2025 15:15,183,111,0,115,187,0
05/22/2025 15:30,180,97,0,105,188,0
05/22/2025 15:45,157,96,0,100,161,0
05/22/2025 16:00,152,97,169,0,4,118
05/22/2025 16:15,126,112,122,0,0,108
05/22/2025 16:30,111,98,109,0,0,96
05/22/2025 16:45,96,101,93,0,0,98
05/22/2025 17:00,100,119,96,0,0,115
05/22/2025 17:15,68,95,66,0,0,93
05/22/2025 17:30,47,94,45,0,0,92
05/22/2025 17:45,30,102,27,0,0,99
05/22/2025 18:00,24,106,22,0,0,104
05/22/2025 18:15,20,116,18,0,0,114
05/22/2025 18:30,13,120,9,0,0,116
05/22/2025 18:45,5,103,2,0,0,100
05/22/2025 19:00,1,113,0,0,0,112
05/22/2025 19:15,0,124,0,6,0,118
05/22/2025 19:30,0,116,0,3,0,113
05/22/2025 19:45,0,119,0,3,0,116
05/22/2025 20:00,0,123,0,0,0,123
05/22/2025 20:15,0,133,5,0,0,138
05/22/2025 20:30,0,115,0,3,0,112
05/22/2025 20:45,0,118,0,2,0,116
05/22/2025 21:00,0,145,0,6,0,139
05/22/2025 21:15,0,118,0,4,2,116
05/22/2025 21:30,0,117,0,5,0,112
05/22/2025 21:45,0,127,0,6,0,121
05/22/2025 22:00,0,133,0,2,0,131
05/22/2025 22:15,0,120,0,4,0,116
05/22/2025 22:30,0,143,0,3,0,140
05/22/2025 22:45,0,115,0,1,1,115
05/22/2025 23:00,0,120,0,2,0,118
05/22/2025 23:15,0,110,0,0,0,110
05/22/2025 23:30,0,123,0,6,1,118
05/22/2025 23:45,0,111,0,3,0,108
05/23/2025 00:00,0,112,0,6,0,106
05/23/2025 00:15,0,125,0,7,0,118
05/23/2025 00:30,0,109,0,3,0,106
05/23/2025 00:45,0,111,0,6,0,105
05/23/2025 01:00,0,118,0,5,0,113
05/23/2025 01:15,0,128,0,4,0,124
05/23/2025 01:30,0,105,0,5,1,101
05/23/2025 01:45,0,104,0,4,0,100
05/23/2025 02:00,0,121,0,3,0,118
05/23/2025 02:15,0,106,0,7,0,99
05/23/2025 02:30,0,101,0,3,0,98
05/23/2025 02:45,0,131,0,5,0,126
05/23/2025 03:00,0,100,0,5,1,96
05/23/2025 03:15,0,113,0,7,0,106
05/23/2025 03:30,0,96,0,0,0,96
05/23/2025 03:45,0,116,0,4,0,112
05/23/2025 04:00,0,97,0,5,0,92
05/23/2025 04:15,0,98,0,1,0,97
05/23/2025 04:30,0,110,0,5,0,105
05/23/2025 04:45,0,100,0,3,0,97
05/23/2025 05:00,0,96,0,5,0,91
05/23/2025 05:15,3,102,1,0,1,101
05/23/2025 05:30,25,116,0,1,0,90
05/23/2025 05:45,54,94,0,7,1,34
05/23/2025 06:00,81,94,0,7,6,12
05/23/2025 06:15,80,103,0,8,1,16
05/23/2025 06:30,118,99,0,7,36,10
05/23/2025 06:45,124,91,0,5,44,6
05/23/2025 07:00,161,93,0,94,162,0
05/23/2025 07:15,238,116,0,118,240,0
05/23/2025 07:30,298,95,0,101,304,0
05/23/2025 07:45,250,118,0,118,250,0
05/23/2025 08:00,218,101,0,105,222,0
05/23/2025 08:15,381,93,0,98,386,0
05/23/2025 08:30,392,92,0,95,395,0
05/23/2025 08:45,599,114,0,115,600,0
05/23/2025 09:00,819,90,0,96,825,0
05/23/2025 09:15,962,95,0,86,953,0
05/23/2025 09:30,773,109,0,126,790,0
05/23/2025 09:45,764,109,0,116,771,0
05/23/2025 10:00,924,94,0,100,930,0
05/23/2025 10:15,762,95,0,108,775,0
05/23/2025 10:30,593,109,0,120,604,0
05/23/2025 10:45,657,98,0,106,665,0
05/23/2025 11:00,633,91,0,98,640,0
05/23/2025 11:15,588,100,0,47,535,0
05/23/2025 11:30,478,115,154,0,209,0
05/23/2025 11:45,685,97,570,0,18,0
05/23/2025 12:00,713,90,595,0,28,0
05/23/2025 12:15,1672,118,1537,0,17,0
05/23/2025 12:30,1754,95,1647,0,12,0
05/23/2025 12:45,1365,124,1213,0,28,0
05/23/2025 13:00,999,107,889,0,3,0
05/23/2025 13:15,796,96,647,0,53,0
05/23/2025 13:30,961,103,852,0,6,0
05/23/2025 13:45,935,124,748,0,63,0
05/23/2025 14:00,798,93,681,0,24,0
05/23/2025 14:15,672,96,550,0,26,0
05/23/2025 14:30,748,105,600,0,43,0
05/23/2025 14:45,750,105,623,0,22,0
05/23/2025 15:00,589,94,474,0,21,0
05/23/2025 15:15,539,95,405,0,39,0
05/23/2025 15:30,427,109,287,0,31,0
05/23/2025 15:45,351,101,238,0,12,0
05/23/2025 16:00,217,93,240,0,2,118
05/23/2025 16:15,138,104,134,0,0,100
05/23/2025 16:30,108,98,105,0,0,95
05/23/2025 16:45,68,108,67,0,0,107
05/23/2025 17:00,57,105,54,0,0,102
05/23/2025 17:15,60,90,58,0,0,88
05/23/2025 17:30,70,88,68,0,0,86
05/23/2025 17:45,110,120,109,0,0,119
05/23/2025 18:00,126,94,122,0,0,90
05/23/2025 18:15,82,89,79,0,0,86
05/23/2025 18:30,56,100,52,0,0,96
05/23/2025 18:45,33,100,31,0,0,98
05/23/2025 19:00,24,93,22,0,0,91
05/23/2025 19:15,15,89,11,0,0,85
05/23/2025 19:30,4,114,0,1,0,109
05/23/2025 19:45,0,97,0,4,0,93
05/23/2025 20:00,0,111,0,3,0,108
05/23/2025 20:15,0,106,3,0,0,109
05/23/2025 20:30,0,121,0,7,0,114
05/23/2025 20:45,0,129,0,7,0,122
05/23/2025 21:00,0,120,0,5,0,115
05/23/2025 21:15,0,99,0,4,1,96
05/23/2025 21:30,0,100,0,6,0,94
05/23/2025 21:45,0,118,0,6,0,112
05/23/2025 22:00,0,115,0,5,0,110
05/23/2025 22:15,0,97,0,5,0,92
05/23/2025 22:30,0,100,0,4,0,96
05/23/2025 22:45,0,109,0,5,0,104
05/23/2025 23:00,0,92,0,6,0,86
05/23/2025 23:15,0,95,0,5,0,90
05/23/2025 23:30,0,110,0,6,0,104
05/23/2025 23:45,0,95,0,4,0,91
05/24/2025 00:00,0,106,0,6,0,100
05/24/2025 00:15,0,97,0,7,0,90
05/24/2025 00:30,0,110,0,4,0,106
05/24/2025 00:45,0,99,0,6,0,93
05/24/2025 01:00,0,121,0,6,0,115
05/24/2025 01:15,0,92,0,5,0,87
05/24/2025 01:30,0,95,0,5,0,90
05/24/2025 01:45,0,96,0,4,0,92
05/24/2025 02:00,0,110,0,5,0,105
05/24/2025 02:15,0,102,0,4,0,98
05/24/2025 02:30,0,92,0,6,0,86
05/24/2025 02:45,0,114,0,4,0,110
05/24/2025 03:00,0,93,0,6,0,87
05/24/2025 03:15,0,94,0,5,0,89
05/24/2025 03:30,0,100,0,6,0,94
05/24/2025 03:45,0,103,0,5,0,98
05/24/2025 04:00,0,96,0,5,0,91
05/24/2025 04:15,0,104,0,6,0,98
05/24/2025 04:30,0,111,0,6,0,105
05/24/2025 04:45,0,94,0,6,0,88
05/24/2025 05:00,0,114,0,6,0,108
05/24/2025 05:15,0,108,6,1,1,114
05/24/2025 05:30,34,91,0,6,0,51
05/24/2025 05:45,86,90,0,7,8,5
05/24/2025 06:00,190,112,0,7,86,1
05/24/2025 06:15,321,100,0,10,231,0
05/24/2025 06:30,446,95,0,7,358,0
05/24/2025 06:45,345,102,0,8,251,0
05/24/2025 07:00,566,106,0,112,572,0
05/24/2025 07:15,857,90,0,98,865,0
05/24/2025 07:30,775,95,0,101,781,0
05/24/2025 07:45,660,115,0,131,676,0
05/24/2025 08:00,514,93,0,102,523,0
05/24/2025 08:15,501,92,0,101,510,0
05/24/2025 08:30,621,107,0,114,628,0
05/24/2025 08:45,885,105,0,98,878,0
05/24/2025 09:00,887,96,0,91,882,0
05/24/2025 09:15,730,123,228,0,379,0
05/24/2025 09:30,835,99,641,0,95,0
05/24/2025 09:45,783,94,681,0,8,0
05/24/2025 10:00,1326,98,1178,0,50,0
05/24/2025 10:15,1031,114,888,0,29,0
05/24/2025 10:30,1352,109,1214,0,29,0
05/24/2025 10:45,885,99,718,0,68,0
05/24/2025 11:00,1392,110,1254,0,28,0
05/24/2025 11:15,1212,102,1063,0,47,0
05/24/2025 11:30,1151,96,1024,0,31,0
05/24/2025 11:45,1621,96,1495,0,30,0
05/24/2025 12:00,672,112,541,0,19,0
05/24/2025 12:15,1178,94,1023,0,61,0
05/24/2025 12:30,667,112,527,0,28,0
05/24/2025 12:45,1138,117,998,0,23,0
05/24/2025 13:00,982,94,868,0,20,0
05/24/2025 13:15,259,93,126,0,40,0
05/24/2025 13:30,491,110,366,0,16,1
05/24/2025 13:45,627,98,488,0,41,0
05/24/2025 14:00,1258,93,1158,0,7,0
05/24/2025 14:15,996,98,831,0,67,0
05/24/2025 14:30,1337,116,1198,0,23,0
05/24/2025 14:45,614,108,504,0,2,0
05/24/2025 15:00,1071,97,958,0,16,0
05/24/2025 15:15,300,110,143,0,47,0
05/24/2025 15:30,900,98,773,0,29,0
05/24/2025 15:45,620,110,488,0,22,0
05/24/2025 16:00,554,108,566,0,2,122
05/24/2025 16:15,1013,96,1009,0,0,92
05/24/2025 16:30,754,93,753,0,0,92
05/24/2025 16:45,566,120,566,0,0,120
05/24/2025 17:00,501,96,502,0,0,97
05/24/2025 17:15,526,91,524,0,0,89
05/24/2025 17:30,404,98,400,0,0,94
05/24/2025 17:45,450,107,447,0,0,104
05/24/2025 18:00,338,92,336,0,0,90
05/24/2025 18:15,313,92,311,0,0,90
05/24/2025 18:30,170,111,166,0,0,107
05/24/2025 18:45,110,99,106,0,0,95
05/24/2025 19:00,76,122,74,0,0,120
05/24/2025 19:15,70,98,68,0,0,96
05/24/2025 19:30,48,94,44,0,0,90
05/24/2025 19:45,13,97,11,0,0,95
05/24/2025 20:00,0,119,0,7,0,112
05/24/2025 20:15,0,98,0,6,0,92
05/24/2025 20:30,0,102,8,0,0,110
05/24/2025 20:45,0,117,0,3,0,114
05/24/2025 21:00,0,113,0,6,0,107
05/24/2025 21:15,0,103,0,4,0,99
05/24/2025 21:30,0,104,0,7,0,97
05/24/2025 21:45,0,116,0,4,0,112
05/24/2025 22:00,0,114,0,4,0,110
05/24/2025 22:15,0,121,0,4,0,117
05/24/2025 22:30,0,92,0,5,0,87
05/24/2025 22:45,0,95,0,7,0,88
05/24/2025 23:00,0,110,0,7,0,103
05/24/2025 23:15,0,107,0,6,0,101
05/24/2025 23:30,0,93,0,5,0,88
05/24/2025 23:45,0,94,0,6,0,88
05/25/2025 00:00,0,116,0,7,0,109
05/25/2025 00:15,0,177,0,3,0,174
05/25/2025 00:30,0,123,0,8,0,115
05/25/2025 00:45,0,124,0,5,0,119
05/25/2025 01:00,0,115,0,5,0,110
05/25/2025 01:15,0,96,0,5,0,91
05/25/2025 01:30,0,106,0,4,0,102
05/25/2025 01:45,0,102,0,5,0,97
05/25/2025 02:00,0,95,0,6,0,89
05/25/2025 02:15,0,100,0,6,0,94
05/25/2025 02:30,0,105,0,5,0,100
05/25/2025 02:45,0,93,0,5,0,88
05/25/2025 03:00,0,95,0,5,0,90
05/25/2025 03:15,0,123,0,6,0,117
05/25/2025 03:30,0,96,0,6,0,90
05/25/2025 03:45,0,122,0,5,0,117
05/25/2025 04:00,0,95,0,6,0,89
05/25/2025 04:15,0,93,0,4,0,89
05/25/2025 04:30,0,99,0,6,0,93
05/25/2025 04:45,0,108,0,6,0,102
05/25/2025 05:00,0,91,0,6,0,85
05/25/2025 05:15,2,105,0,7,0,96
05/25/2025 05:30,27,110,0,7,0,76
05/25/2025 05:45,66,95,0,7,0,22
05/25/2025 06:00,298,93,0,8,213,0
05/25/2025 06:15,446,107,0,9,348,0
05/25/2025 06:30,512,101,0,8,419,0
05/25/2025 06:45,604,94,0,9,519,0
05/25/2025 07:00,706,121,0,125,710,0
05/25/2025 07:15,880,114,0,118,884,0
05/25/2025 07:30,967,93,0,69,943,0
05/25/2025 07:45,1050,90,0,70,1030,0
05/25/2025 08:00,1110,111,0,105,1104,0
05/25/2025 08:15,1229,90,39,0,1100,0
05/25/2025 08:30,1278,96,801,0,381,0
05/25/2025 08:45,1254,110,1042,0,102,0
05/25/2025 09:00,669,103,558,0,8,0
05/25/2025 09:15,670,103,547,0,20,0
05/25/2025 09:30,630,100,481,0,49,0
05/25/2025 09:45,769,110,614,0,45,0
05/25/2025 10:00,670,104,535,0,31,0
05/25/2025 10:15,800,127,650,0,23,0
05/25/2025 10:30,703,98,538,0,67,0
05/25/2025 10:45,717,92,597,0,28,0
05/25/2025 11:00,1106,103,999,0,4,0
05/25/2025 11:15,915,112,745,0,58,0
05/25/2025 11:30,1400,108,1249,0,43,0
05/25/2025 11:45,1258,95,1156,0,7,0
05/25/2025 12:00,1125,117,1006,0,2,0
05/25/2025 12:15,1068,94,906,0,68,0
05/25/2025 12:30,983,98,852,0,33,0
05/25/2025 12:45,447,104,335,0,8,0
05/25/2025 13:00,420,96,319,0,5,0
05/25/2025 13:15,598,118,386,0,94,0
05/25/2025 13:30,579,110,460,0,9,0
05/25/2025 13:45,747,95,648,0,4,0
05/25/2025 14:00,770,99,671,0,0,0
05/25/2025 14:15,557,112,383,0,62,0
05/25/2025 14:30,344,94,214,0,36,0
05/25/2025 14:45,442,91,346,0,5,0
05/25/2025 15:00,442,112,309,0,21,0
05/25/2025 15:15,296,93,183,0,20,0
05/25/2025 15:30,533,102,400,0,31,0
05/25/2025 15:45,433,100,290,0,43,0
05/25/2025 16:00,460,108,473,0,4,125
05/25/2025 16:15,585,118,582,0,0,115
05/25/2025 16:30,685,95,682,0,0,92
05/25/2025 16:45,656,92,653,0,0,89
05/25/2025 17:00,420,95,416,0,0,91
05/25/2025 17:15,365,108,362,0,0,105
05/25/2025 17:30,347,106,343,0,0,102
05/25/2025 17:45,291,91,289,0,0,89
05/25/2025 18:00,185,112,182,0,0,109
05/25/2025 18:15,106,90,104,0,0,88
05/25/2025 18:30,71,92,69,0,0,90
05/25/2025 18:45,138,119,135,0,0,116
05/25/2025 19:00,81,103,76,0,0,98
05/25/2025 19:15,56,90,52,0,0,86
05/25/2025 19:30,22,92,19,0,0,89
05/25/2025 19:45,7,126,4,0,0,123
05/25/2025 20:00,0,99,0,8,0,91
05/25/2025 20:15,0,98,0,6,0,92
05/25/2025 20:30,0,121,0,5,0,116
05/25/2025 20:45,0,101,0,6,0,95
05/25/2025 21:00,0,101,0,7,0,94
05/25/2025 21:15,0,111,13,0,0,124
05/25/2025 21:30,0,130,0,5,0,125
05/25/2025 21:45,0,115,0,6,0,109
05/25/2025 22:00,0,115,0,4,0,111
05/25/2025 22:15,0,103,0,4,0,99
05/25/2025 22:30,0,93,0,5,0,88
05/25/2025 22:45,0,98,0,5,0,93
05/25/2025 23:00,0,108,0,4,0,104
05/25/2025 23:15,0,92,0,3,0,89
05/25/2025 23:30,0,93,0,7,0,86
05/25/2025 23:45,0,124,0,6,0,118
05/26/2025 00:00,0,95,0,5,0,90
05/26/2025 00:15,0,117,0,6,0,111
05/26/2025 00:30,0,104,0,5,0,99
05/26/2025 00:45,0,95,0,4,0,91
05/26/2025 01:00,0,92,0,6,0,86
05/26/2025 01:15,0,112,0,6,0,106
05/26/2025 01:30,0,93,0,5,0,88
05/26/2025 01:45,0,102,0,6,0,96
05/26/2025 02:00,0,110,0,6,0,104
05/26/2025 02:15,0,100,0,4,0,96
05/26/2025 02:30,0,94,0,6,0,88
05/26/2025 02:45,0,98,0,7,0,91
05/26/2025 03:00,0,109,0,5,0,104
05/26/2025 03:15,0,116,0,6,0,110
05/26/2025 03:30,0,100,0,4,0,96
05/26/2025 03:45,0,95,0,4,0,91
05/26/2025 04:00,0,104,0,5,0,99
05/26/2025 04:15,0,110,0,6,0,104
05/26/2025 04:30,0,95,0,6,0,89
05/26/2025 04:45,0,92,0,5,0,87
05/26/2025 05:00,0,111,0,6,1,106
05/26/2025 05:15,1,92,0,8,0,83
05/26/2025 05:30,22,93,0,4,1,68
05/26/2025 05:45,151,101,0,9,70,11
05/26/2025 06:00,334,114,0,5,225,0
05/26/2025 06:15,435,112,0,11,334,0
05/26/2025 06:30,511,103,0,9,417,0
05/26/2025 06:45,595,93,0,8,510,0
05/26/2025 07:00,749,103,0,107,753,0
05/26/2025 07:15,869,111,0,111,869,0
05/26/2025 07:30,950,91,0,95,954,0
05/26/2025 07:45,1024,93,0,99,1030,0
05/26/2025 08:00,1107,115,0,124,1116,0
05/26/2025 08:15,1180,99,181,0,900,0
05/26/2025 08:30,1242,100,856,0,286,0
05/26/2025 08:45,1302,102,1094,0,106,0
05/26/2025 09:00,1353,118,1203,0,32,0
05/26/2025 09:15,1403,117,1246,0,40,0
05/26/2025 09:30,1463,113,1300,0,50,0
05/26/2025 09:45,1549,96,1446,0,7,0
05/26/2025 10:00,1268,90,1133,0,45,0
05/26/2025 10:15,1522,125,1389,0,8,0
05/26/2025 10:30,1652,101,1501,0,50,0
05/26/2025 10:45,1066,95,919,0,52,0
05/26/2025 11:00,1737,110,1618,0,9,0
05/26/2025 11:15,1343,102,1192,0,49,0
05/26/2025 11:30,1955,106,1827,0,22,0
05/26/2025 11:45,1205,127,1053,0,25,0
05/26/2025 12:00,1546,97,1388,0,61,0
05/26/2025 12:15,1446,108,1331,0,7,0
05/26/2025 12:30,1740,101,1613,0,26,0
05/26/2025 12:45,1580,109,1449,0,22,0
05/26/2025 13:00,1840,96,1722,0,22,0
05/26/2025 13:15,1590,96,1464,0,30,0
05/26/2025 13:30,1848,115,1729,0,4,0
05/26/2025 13:45,1826,99,1660,0,67,0
05/26/2025 14:00,1496,122,1367,0,7,0
05/26/2025 14:15,1711,112,1567,0,32,0
05/26/2025 14:30,1632,95,1532,0,5,0
05/26/2025 14:45,1550,98,1407,0,45,0
05/26/2025 15:00,1476,109,1334,0,33,0
05/26/2025 15:15,1325,93,1200,0,32,0
05/26/2025 15:30,1219,94,1099,0,26,0
05/26/2025 15:45,1125,115,984,0,26,0
05/26/2025 16:00,1053,94,1080,0,1,122
05/26/2025 16:15,947,137,943,0,0,133
05/26/2025 16:30,848,98,846,0,0,96
05/26/2025 16:45,776,92,772,0,0,88
05/26/2025 17:00,700,96,695,0,0,91
05/26/2025 17:15,617,108,615,0,0,106
05/26/2025 17:30,523,91,521,0,0,89
05/26/2025 17:45,453,92,450,0,0,89
05/26/2025 18:00,320,111,317,0,0,108
05/26/2025 18:15,150,107,147,0,0,104
05/26/2025 18:30,98,122,95,0,0,119
05/26/2025 18:45,124,93,121,0,0,90
05/26/2025 19:00,111,91,107,0,0,87
05/26/2025 19:15,43,98,40,0,0,95
05/26/2025 19:30,25,102,24,0,0,101
05/26/2025 19:45,8,97,4,0,0,93
05/26/2025 20:00,0,103,0,8,0,95
05/26/2025 20:15,0,118,0,6,0,112
05/26/2025 20:30,0,117,0,4,0,113
05/26/2025 20:45,0,125,0,5,0,120
05/26/2025 21:00,0,102,0,6,0,96
05/26/2025 21:15,0,101,9,0,0,110
05/26/2025 21:30,0,114,0,6,0,108
05/26/2025 21:45,0,104,0,3,0,101
05/26/2025 22:00,0,103,0,7,0,96
05/26/2025 22:15,0,106,0,5,0,101
05/26/2025 22:30,0,116,0,6,0,110
05/26/2025 22:45,0,107,0,5,0,102
05/26/2025 23:00,0,114,0,3,0,111
05/26/2025 23:15,0,92,0,6,0,86
05/26/2025 23:30,0,94,0,5,0,89
05/26/2025 23:45,0,110,0,7,0,103
05/27/2025 00:00,0,95,0,6,0,89
05/27/2025 00:15,0,93,0,3,0,90
05/27/2025 00:30,0,120,0,5,0,115
05/27/2025 00:45,0,98,0,4,0,94
05/27/2025 01:00,0,111,0,5,0,106
05/27/2025 01:15,0,111,0,4,0,107
05/27/2025 01:30,0,93,0,5,0,88
05/27/2025 01:45,0,92,0,5,0,87
05/27/2025 02:00,0,113,0,7,0,106
05/27/2025 02:15,0,92,0,5,0,87
05/27/2025 02:30,0,104,0,5,0,99
05/27/2025 02:45,0,113,0,5,0,108
05/27/2025 03:00,0,93,0,4,0,89
05/27/2025 03:15,0,111,0,5,0,106
05/27/2025 03:30,0,112,0,4,0,108
05/27/2025 03:45,0,93,0,6,0,87
05/27/2025 04:00,0,94,0,5,0,89
05/27/2025 04:15,0,109,0,5,0,104
05/27/2025 04:30,0,105,0,5,0,100
05/27/2025 04:45,0,93,0,7,0,86
05/27/2025 05:00,0,114,0,9,1,106
05/27/2025 05:15,2,91,0,7,0,82
05/27/2025 05:30,22,102,0,6,0,74
05/27/2025 05:45,137,121,0,6,48,26
05/27/2025 06:00,313,93,0,10,230,0
05/27/2025 06:15,421,92,0,8,337,0
05/27/2025 06:30,501,112,0,9,398,0
05/27/2025 06:45,585,107,0,9,487,0
05/27/2025 07:00,736,94,0,98,740,0
05/27/2025 07:15,858,102,0,104,860,0
05/27/2025 07:30,933,101,0,110,942,0
05/27/2025 07:45,1005,97,0,109,1017,0
05/27/2025 08:00,1082,119,0,128,1091,0
05/27/2025 08:15,1154,107,10,0,1037,0
05/27/2025 08:30,1223,98,778,0,347,0
05/27/2025 08:45,1287,113,1035,0,139,0
05/27/2025 09:00,1325,122,1159,0,44,0
05/27/2025 09:15,1381,102,1242,0,37,0
05/27/2025 09:30,1433,97,1311,0,25,0
05/27/2025 09:45,1485,117,1334,0,34,0
05/27/2025 10:00,1541,95,1394,0,52,0
05/27/2025 10:15,1593,125,1459,0,9,0
05/27/2025 10:30,1642,106,1466,0,70,0
05/27/2025 10:45,1696,127,1539,0,30,0
05/27/2025 11:00,1744,103,1635,0,6,0
05/27/2025 11:15,1784,114,1640,0,30,0
05/27/2025 11:30,1801,94,1657,0,50,0
05/27/2025 11:45,1824,98,1696,0,30,0
05/27/2025 12:00,1835,115,1716,0,4,0
05/27/2025 12:15,1829,113,1691,0,25,0
05/27/2025 12:30,1836,115,1695,0,26,0
05/27/2025 12:45,1843,108,1705,0,30,0
05/27/2025 13:00,1827,95,1683,0,49,0
05/27/2025 13:15,1862,114,1739,0,9,0
05/27/2025 13:30,1627,96,1528,0,3,0
05/27/2025 13:45,1452,95,1334,0,23,0
05/27/2025 14:00,1753,116,1554,0,83,0
05/27/2025 14:15,1637,110,1518,0,9,0
05/27/2025 14:30,1540,120,1418,0,2,0
05/27/2025 14:45,1578,109,1465,0,4,0
05/27/2025 15:00,1247,94,1128,0,25,0
05/27/2025 15:15,579,125,374,0,80,0
05/27/2025 15:30,992,110,874,0,8,0
05/27/2025 15:45,715,180,530,0,5,0
05/27/2025 16:00,500,225,515,0,0,240
05/27/2025 16:15,933,102,930,0,0,99
05/27/2025 16:30,819,102,815,0,0,98
05/27/2025 16:45,691,143,688,0,0,140
05/27/2025 17:00,666,142,662,0,0,138
05/27/2025 17:15,563,128,563,0,0,128
05/27/2025 17:30,537,154,534,0,0,151
05/27/2025 17:45,473,104,470,0,0,101
05/27/2025 18:00,358,129,354,0,0,125
05/27/2025 18:15,270,119,266,0,0,115
05/27/2025 18:30,230,97,227,0,0,94
05/27/2025 18:45,161,110,157,0,0,106
05/27/2025 19:00,120,287,109,0,0,276
05/27/2025 19:15,74,399,78,0,0,403
05/27/2025 19:30,40,207,35,0,0,202
05/27/2025 19:45,13,466,2,0,0,455
05/27/2025 20:00,0,421,7,0,0,428
05/27/2025 20:15,0,243,0,8,0,235
05/27/2025 20:30,0,196,0,6,0,190
05/27/2025 20:45,0,468,0,7,0,461
05/27/2025 21:00,0,1559,5,0,0,1564
05/27/2025 21:15,0,1311,9,0,0,1320
05/27/2025 21:30,0,220,3,0,0,223
05/27/2025 21:45,0,193,0,5,0,188
05/27/2025 22:00,0,291,0,0,0,291
05/27/2025 22:15,0,371,0,3,0,368
05/27/2025 22:30,0,363,3,0,0,366
05/27/2025 22:45,0,480,1,0,0,481
05/27/2025 23:00,0,280,0,3,0,277
05/27/2025 23:15,0,124,0,7,0,117
05/27/2025 23:30,0,154,0,4,0,150
05/27/2025 23:45,0,143,0,6,0,137
05/28/2025 00:00,0,125,0,5,0,120
05/28/2025 00:15,0,112,0,5,0,107
05/28/2025 00:30,0,121,0,3,0,118
05/28/2025 00:45,0,152,0,7,0,145
05/28/2025 01:00,0,139,0,4,0,135
05/28/2025 01:15,0,108,0,5,0,103
05/28/2025 01:30,0,110,0,6,0,104
05/28/2025 01:45,0,126,0,7,0,119
05/28/2025 02:00,0,121,0,5,0,116
05/28/2025 02:15,0,141,0,5,0,136
05/28/2025 02:30,0,139,0,4,0,135
05/28/2025 02:45,0,108,0,5,0,103
05/28/2025 03:00,0,110,0,6,0,104
05/28/2025 03:15,0,132,0,6,0,126
05/28/2025 03:30,0,111,0,5,0,106
05/28/2025 03:45,0,140,0,3,0,137
05/28/2025 04:00,0,128,0,101,6,33
05/28/2025 04:15,0,110,0,114,4,0
05/28/2025 04:30,0,121,0,127,6,0
05/28/2025 04:45,0,132,0,137,5,0
05/28/2025 05:00,0,108,0,113,5,0
05/28/2025 05:15,19,130,0,116,5,0
05/28/2025 05:30,64,136,0,76,4,0
05/28/2025 05:45,190,109,0,6,87,0
05/28/2025 06:00,327,108,202,0,200,183
05/28/2025 06:15,311,174,104,0,169,136
05/28/2025 06:30,400,144,201,0,246,191
05/28/2025 06:45,545,145,107,0,389,96
05/28/2025 07:00,645,283,0,275,637,0
05/28/2025 07:15,788,148,0,139,779,0
05/28/2025 07:30,899,141,0,139,897,0
05/28/2025 07:45,913,140,0,135,908,0
05/28/2025 08:00,979,110,0,105,974,0
05/28/2025 08:15,1113,105,0,100,1108,0
05/28/2025 08:30,1193,212,0,210,1191,0
05/28/2025 08:45,1150,148,0,145,1147,0
05/28/2025 09:00,1233,116,0,111,1228,0
05/28/2025 09:15,1360,157,0,153,1356,0
05/28/2025 09:30,1357,167,0,163,1353,0
05/28/2025 09:45,1436,229,0,225,1432,0
05/28/2025 10:00,1378,290,0,230,1318,0
05/28/2025 10:15,1476,275,943,0,258,0
05/28/2025 10:30,1638,316,1309,0,13,0
05/28/2025 10:45,1536,310,1196,0,30,0
05/28/2025 11:00,1656,279,1312,0,65,0
05/28/2025 11:15,1690,467,1165,0,58,0
05/28/2025 11:30,1577,439,1130,0,8,0
05/28/2025 11:45,1463,577,831,0,55,0
05/28/2025 12:00,1497,383,1109,0,5,0
05/28/2025 12:15,1371,245,1098,0,28,0
05/28/2025 12:30,1327,264,1011,0,53,1
05/28/2025 12:45,1309,239,1064,0,6,0
05/28/2025 13:00,1411,239,1146,0,26,0
05/28/2025 13:15,1387,328,1031,0,28,0
05/28/2025 13:30,1366,214,1138,0,14,0
05/28/2025 13:45,1658,344,1262,0,52,0
05/28/2025 14:00,1561,347,1179,0,35,0
05/28/2025 14:15,1421,257,1159,0,5,0
05/28/2025 14:30,1510,306,1174,0,30,0
05/28/2025 14:45,1503,305,1194,0,4,0
05/28/2025 15:00,1451,212,1186,0,53,0
05/28/2025 15:15,1203,205,962,0,36,0
05/28/2025 15:30,1255,276,951,0,28,0
05/28/2025 15:45,939,155,776,0,8,0
05/28/2025 16:00,964,233,982,0,0,251
05/28/2025 16:15,885,256,884,0,0,255
05/28/2025 16:30,711,181,709,0,0,179
05/28/2025 16:45,677,188,676,0,0,187
05/28/2025 17:00,656,297,653,0,0,294
05/28/2025 17:15,459,137,458,0,0,136
05/28/2025 17:30,434,105,432,0,0,103
05/28/2025 17:45,473,134,469,0,0,130
05/28/2025 18:00,373,172,367,0,0,166
05/28/2025 18:15,249,199,248,0,0,198
05/28/2025 18:30,202,100,198,0,0,96
05/28/2025 18:45,151,116,146,0,0,111
05/28/2025 19:00,111,141,108,0,0,138
05/28/2025 19:15,74,339,68,0,0,333
05/28/2025 19:30,41,243,36,0,0,238
05/28/2025 19:45,13,216,10,0,0,213
05/28/2025 20:00,0,180,0,7,0,173
05/28/2025 20:15,0,183,0,4,0,179
05/28/2025 20:30,0,122,0,7,0,115
05/28/2025 20:45,0,117,0,8,0,109
05/28/2025 21:00,0,174,0,6,0,168
05/28/2025 21:15,0,206,7,0,0,213
05/28/2025 21:30,0,228,0,5,0,223
05/28/2025 21:45,0,252,0,2,0,250
05/28/2025 22:00,0,424,8,0,0,432
05/28/2025 22:15,0,364,0,10,0,354
05/28/2025 22:30,0,453,5,0,0,458
05/28/2025 22:45,0,182,0,3,0,179
05/28/2025 23:00,0,113,0,5,0,108
05/28/2025 23:15,0,110,0,6,0,104
05/28/2025 23:30,0,134,0,6,0,128
05/28/2025 23:45,0,148,0,5,0,143
05/29/2025 00:00,0,205,0,3,0,202
05/29/2025 00:15,0,118,0,4,0,114
05/29/2025 00:30,0,119,0,4,0,115
05/29/2025 00:45,0,107,0,3,0,104
05/29/2025 01:00,0,131,0,6,0,125
05/29/2025 01:15,0,122,0,7,0,115
05/29/2025 01:30,0,131,0,5,0,126
05/29/2025 01:45,0,107,0,5,0,102
05/29/2025 02:00,0,117,0,5,0,112
05/29/2025 02:15,0,127,0,5,0,122
05/29/2025 02:30,0,141,0,5,0,136
05/29/2025 02:45,0,196,0,3,0,193
05/29/2025 03:00,0,112,0,7,0,105
05/29/2025 03:15,0,121,0,4,0,117
05/29/2025 03:30,0,125,0,5,0,120
05/29/2025 03:45,0,121,0,5,0,116
05/29/2025 04:00,0,112,0,6,0,106
05/29/2025 04:15,0,208,0,5,0,203
05/29/2025 04:30,0,128,0,6,0,122
05/29/2025 04:45,0,111,0,3,0,108
05/29/2025 05:00,0,142,0,4,0,138
05/29/2025 05:15,0,100,0,6,0,94
05/29/2025 05:30,0,103,0,1,0,102
05/29/2025 05:45,0,137,0,5,0,132
05/29/2025 06:00,60,198,0,5,0,133
05/29/2025 06:15,123,194,0,6,8,73
05/29/2025 06:30,158,170,0,7,16,21
05/29/2025 06:45,258,148,0,5,126,11
05/29/2025 07:00,307,122,0,114,299,0
05/29/2025 07:15,388,168,0,167,387,0
05/29/2025 07:30,388,244,0,242,386,0
05/29/2025 07:45,398,125,0,123,396,0
05/29/2025 08:00,460,260,0,249,449,0
05/29/2025 08:15,751,138,0,109,722,0
05/29/2025 08:30,1307,150,0,123,1280,0
05/29/2025 08:45,1098,211,0,111,998,0
05/29/2025 09:00,899,255,0,242,886,0
05/29/2025 09:15,699,202,0,186,683,0
05/29/2025 09:30,330,194,0,195,331,0
05/29/2025 09:45,300,191,0,190,299,0
05/29/2025 10:00,501,194,0,190,497,0
05/29/2025 10:15,379,215,0,213,377,0
05/29/2025 10:30,684,126,0,111,669,0
05/29/2025 10:45,1006,112,0,107,1001,0
05/29/2025 11:00,953,145,0,131,939,0
05/29/2025 11:15,511,156,0,157,512,0
05/29/2025 11:30,654,225,0,226,655,0
05/29/2025 11:45,700,110,0,109,699,0
05/29/2025 12:00,956,101,454,0,401,0
05/29/2025 12:15,812,119,650,0,43,0
05/29/2025 12:30,792,106,678,0,8,0
05/29/2025 12:45,833,177,597,0,59,0
05/29/2025 13:00,502,180,289,0,33,0
05/29/2025 13:15,668,415,221,0,32,0
05/29/2025 13:30,798,1446,0,703,55,0
05/29/2025 13:45,600,1048,0,479,31,0
05/29/2025 14:00,270,215,38,0,17,0
05/29/2025 14:15,343,184,144,0,15,0
05/29/2025 14:30,922,137,751,0,34,0
05/29/2025 14:45,728,158,494,0,76,0
05/29/2025 15:00,544,134,399,0,11,0
05/29/2025 15:15,533,214,296,0,23,0
05/29/2025 15:30,638,212,414,0,12,0
05/29/2025 15:45,507,109,324,0,74,0
05/29/2025 16:00,445,164,465,0,0,184
05/29/2025 16:15,630,144,628,0,0,142
05/29/2025 16:30,662,152,658,0,0,148
05/29/2025 16:45,553,201,551,0,0,199
05/29/2025 17:00,436,123,431,0,0,118
05/29/2025 17:15,349,115,346,0,0,112
05/29/2025 17:30,308,111,303,0,0,106
05/29/2025 17:45,221,194,217,0,0,190
05/29/2025 18:00,207,201,207,0,0,201
05/29/2025 18:15,160,107,155,0,0,102
05/29/2025 18:30,155,138,151,0,0,134
05/29/2025 18:45,126,138,123,0,0,135
05/29/2025 19:00,80,171,76,0,0,167
05/29/2025 19:15,50,202,44,0,0,196
05/29/2025 19:30,22,186,18,0,0,182
05/29/2025 19:45,6,421,4,0,0,419
05/29/2025 20:00,0,508,0,3,0,505
05/29/2025 20:15,0,605,9,0,0,614
05/29/2025 20:30,0,620,6,0,0,626
05/29/2025 20:45,0,581,4,0,0,585
05/29/2025 21:00,0,574,12,0,0,586
05/29/2025 21:15,0,590,6,0,0,596
05/29/2025 21:30,0,664,0,3,0,661
05/29/2025 21:45,0,616,3,0,0,619
05/29/2025 22:00,0,650,0,3,0,647
05/29/2025 22:15,0,771,4,0,0,775
05/29/2025 22:30,0,776,4,0,0,780
05/29/2025 22:45,1,782,7,0,0,788
05/29/2025 23:00,0,493,3,0,0,496
05/29/2025 23:15,0,467,2,0,0,469
05/29/2025 23:30,0,499,6,0,0,505
05/29/2025 23:45,0,544,0,474,16,86
05/30/2025 00:00,0,492,0,500,8,0
05/30/2025 00:15,0,486,0,486,0,0
05/30/2025 00:30,0,474,0,474,0,0
05/30/2025 00:45,0,453,0,459,6,0
05/30/2025 01:00,0,572,0,576,4,0
05/30/2025 01:15,0,504,0,504,0,0
05/30/2025 01:30,0,480,0,480,0,0
05/30/2025 01:45,0,458,0,460,2,0
05/30/2025 02:00,0,460,0,460,0,0
05/30/2025 02:15,0,584,0,584,0,0
05/30/2025 02:30,0,487,0,487,0,0
05/30/2025 02:45,0,450,0,450,0,0
05/30/2025 03:00,0,456,0,456,0,0
05/30/2025 03:15,0,486,0,486,0,0
05/30/2025 03:30,0,545,0,545,0,0
05/30/2025 03:45,0,520,0,520,0,0
05/30/2025 04:00,0,455,0,455,0,0
05/30/2025 04:15,0,463,0,463,0,0
05/30/2025 04:30,0,489,0,489,0,0
05/30/2025 04:45,0,508,0,508,0,0
05/30/2025 05:00,0,550,0,550,0,0
05/30/2025 05:15,0,447,0,447,0,0
05/30/2025 05:30,7,453,0,448,2,0
05/30/2025 05:45,15,484,0,479,10,0
05/30/2025 06:00,8,477,0,480,11,0
05/30/2025 06:15,10,628,0,628,10,0
05/30/2025 06:30,49,500,0,489,38,0
05/30/2025 06:45,128,520,0,455,63,0
05/30/2025 07:00,161,819,0,799,141,0
05/30/2025 07:15,214,510,0,502,206,0
05/30/2025 07:30,307,568,0,559,298,0
05/30/2025 07:45,392,483,0,480,389,0
05/30/2025 08:00,534,150,0,142,526,0
05/30/2025 08:15,881,148,0,127,860,0
05/30/2025 08:30,1224,115,0,98,1207,0
05/30/2025 08:45,1219,226,0,206,1199,0
05/30/2025 09:00,1185,154,0,135,1166,0
05/30/2025 09:15,1394,116,35,0,1243,0
05/30/2025 09:30,1319,91,0,51,1279,0
05/30/2025 09:45,1246,189,0,42,1099,0
05/30/2025 10:00,994,179,0,81,896,0
05/30/2025 10:15,571,132,0,136,575,0
05/30/2025 10:30,909,224,0,119,804,0
05/30/2025 10:45,1639,257,0,163,1545,0
05/30/2025 11:00,1646,195,82,0,1369,0
05/30/2025 11:15,1295,147,937,0,211,0
05/30/2025 11:30,1221,128,1054,0,39,0
05/30/2025 11:45,447,164,207,0,76,0
05/30/2025 12:00,73,217,0,178,34,0
05/30/2025 12:15,155,129,0,7,33,0
05/30/2025 12:30,416,141,248,0,27,0
05/30/2025 12:45,387,206,162,0,19,0
05/30/2025 13:00,643,261,331,0,51,0
05/30/2025 13:15,875,154,685,0,36,0
05/30/2025 13:30,785,124,655,0,6,0
05/30/2025 13:45,194,163,25,0,6,0
05/30/2025 14:00,800,206,554,0,40,0
05/30/2025 14:15,1348,136,1151,0,61,0
05/30/2025 14:30,1127,117,1007,0,3,0
05/30/2025 14:45,590,243,347,0,0,0
05/30/2025 15:00,861,188,651,0,22,0
05/30/2025 15:15,716,146,534,0,36,0
05/30/2025 15:30,594,258,277,0,59,0
05/30/2025 15:45,949,177,766,0,6,0
05/30/2025 16:00,500,182,505,0,0,187
05/30/2025 16:15,912,289,910,0,0,287
05/30/2025 16:30,931,143,929,0,0,141
05/30/2025 16:45,445,156,443,0,0,154
05/30/2025 17:00,475,321,466,0,0,312
05/30/2025 17:15,330,195,329,0,0,194
05/30/2025 17:30,282,197,279,0,0,194
05/30/2025 17:45,284,419,274,0,0,409
05/30/2025 18:00,225,323,225,0,0,323
05/30/2025 18:15,177,279,170,0,0,272
05/30/2025 18:30,111,457,108,0,0,454
05/30/2025 18:45,66,312,64,0,0,310
05/30/2025 19:00,48,381,45,0,0,378
05/30/2025 19:15,35,564,32,0,0,561
05/30/2025 19:30,47,294,45,0,0,292
05/30/2025 19:45,17,290,13,0,0,286
05/30/2025 20:00,0,332,0,1,0,331
05/30/2025 20:15,0,318,0,1,0,317
05/30/2025 20:30,0,286,0,1,0,285
05/30/2025 20:45,0,277,0,3,0,274
05/30/2025 21:00,0,347,0,1,0,346
05/30/2025 21:15,0,709,0,9,0,700
05/30/2025 21:30,0,1955,4,0,0,1959
05/30/2025 21:45,0,983,11,0,0,994
05/30/2025 22:00,0,654,4,0,0,658
05/30/2025 22:15,0,405,0,1,0,404
05/30/2025 22:30,0,316,3,0,0,319
05/30/2025 22:45,0,263,0,3,0,260
05/30/2025 23:00,0,229,0,1,0,228
05/30/2025 23:15,0,230,0,53,4,181
05/30/2025 23:30,0,249,0,263,14,0
05/30/2025 23:45,0,136,0,141,5,0
05/31/2025 00:00,0,162,0,166,4,0
05/31/2025 00:15,0,293,0,298,5,0
05/31/2025 00:30,0,184,0,188,4,0
05/31/2025 00:45,0,191,0,195,4,0
05/31/2025 01:00,0,236,0,240,4,0
05/31/2025 01:15,0,179,0,180,1,0
05/31/2025 01:30,0,182,0,184,2,0
05/31/2025 01:45,0,115,0,118,3,0
05/31/2025 02:00,0,128,0,132,4,0
05/31/2025 02:15,0,117,0,121,4,0
05/31/2025 02:30,0,193,0,197,4,0
05/31/2025 02:45,0,152,0,154,2,0
05/31/2025 03:00,0,128,0,130,2,0
05/31/2025 03:15,0,297,0,301,4,0
05/31/2025 03:30,0,128,0,131,3,0
05/31/2025 03:45,0,196,0,199,3,0
05/31/2025 04:00,0,139,0,143,4,0
05/31/2025 04:15,0,110,0,114,4,0
05/31/2025 04:30,0,152,0,156,4,0
05/31/2025 04:45,0,204,0,208,4,0
05/31/2025 05:00,0,112,0,118,6,0
05/31/2025 05:15,0,109,0,113,4,0
05/31/2025 05:30,0,115,0,119,4,0
05/31/2025 05:45,0,147,0,149,2,0
05/31/2025 06:00,0,194,0,194,0,0
05/31/2025 06:15,3,235,0,234,2,0
05/31/2025 06:30,40,140,0,130,30,0
05/31/2025 06:45,52,153,0,153,52,0
05/31/2025 07:00,60,219,0,219,60,0
05/31/2025 07:15,43,174,0,183,52,0
05/31/2025 07:30,58,180,0,181,59,0
05/31/2025 07:45,142,181,0,169,130,0
05/31/2025 08:00,128,205,0,212,135,0
05/31/2025 08:15,298,279,0,275,294,0
05/31/2025 08:30,247,312,0,313,248,0
05/31/2025 08:45,154,176,0,172,150,0
05/31/2025 09:00,207,175,0,173,205,0
05/31/2025 09:15,376,274,0,271,373,0
05/31/2025 09:30,394,167,0,170,397,0
05/31/2025 09:45,428,146,0,120,402,0
05/31/2025 10:00,1256,184,54,0,1018,0
05/31/2025 10:15,1209,268,0,45,986,0
05/31/2025 10:30,1526,132,79,0,1315,0
05/31/2025 10:45,664,102,0,48,610,0
05/31/2025 11:00,1404,187,0,53,1270,0
05/31/2025 11:15,896,234,0,153,815,0
05/31/2025 11:30,1852,124,0,37,1765,0
05/31/2025 11:45,995,135,0,15,875,0
05/31/2025 12:00,1181,206,0,116,1091,0
05/31/2025 12:15,1820,164,0,91,1747,0
05/31/2025 12:30,1266,362,0,220,1124,0
05/31/2025 12:45,1094,439,524,0,131,0
05/31/2025 13:00,726,465,227,0,34,0
05/31/2025 13:15,393,543,0,184,34,0
05/31/2025 13:30,262,468,0,263,57,0
05/31/2025 13:45,422,448,0,54,28,0
05/31/2025 14:00,585,433,110,0,42,0
05/31/2025 14:15,461,472,0,12,1,0
05/31/2025 14:30,352,535,0,202,19,0
05/31/2025 14:45,337,436,0,165,66,0
05/31/2025 15:00,415,438,0,52,29,0
05/31/2025 15:15,944,429,515,0,0,0
05/31/2025 15:30,402,548,0,146,0,0
05/31/2025 15:45,698,372,300,0,26,0
05/31/2025 16:00,572,131,594,0,0,153
05/31/2025 16:15,476,262,473,0,0,259
05/31/2025 16:30,547,379,542,0,0,374
05/31/2025 16:45,275,359,274,0,0,358
05/31/2025 17:00,215,348,213,0,0,346
05/31/2025 17:15,249,298,246,0,0,295
05/31/2025 17:30,433,273,430,0,0,270
05/31/2025 17:45,382,213,378,0,0,209
05/31/2025 18:00,290,141,286,0,0,137
05/31/2025 18:15,253,208,250,0,0,205
05/31/2025 18:30,193,129,190,0,0,126
05/31/2025 18:45,82,159,75,0,0,152
05/31/2025 19:00,36,268,34,0,0,266
05/31/2025 19:15,27,138,26,0,0,137
05/31/2025 19:30,14,156,5,0,0,147
05/31/2025 19:45,0,206,0,0,0,206
05/31/2025 20:00,0,169,0,6,0,163
05/31/2025 20:15,0,354,0,1,0,353
05/31/2025 20:30,0,531,9,0,0,540
05/31/2025 20:45,0,299,1,0,0,300
05/31/2025 21:00,0,163,2,0,0,165
05/31/2025 21:15,0,314,0,6,0,308
05/31/2025 21:30,0,438,5,0,0,443
05/31/2025 21:45,0,657,0,4,0,653
05/31/2025 22:00,0,905,3,0,0,908
05/31/2025 22:15,0,1481,6,0,0,1487
05/31/2025 22:30,0,463,8,0,0,471
05/31/2025 22:45,0,192,0,3,0,189
05/31/2025 23:00,0,254,0,5,0,249
05/31/2025 23:15,0,281,1,0,0,282
05/31/2025 23:30,0,121,0,5,0,116
05/31/2025 23:45,0,147,0,7,0,140
