Date/Time,Energy Produced (Wh),Energy Consumed (Wh),Exported to Grid (Wh),Imported from Grid (Wh),Stored in batteries (Wh),Discharged from batteries (Wh)
03/01/2025 00:00,0,497,0,499,2,0
03/01/2025 00:15,0,669,0,669,0,0
03/01/2025 00:30,0,455,0,455,0,0
03/01/2025 00:45,0,128,0,130,2,0
03/01/2025 01:00,0,479,0,481,2,0
03/01/2025 01:15,0,238,0,240,2,0
03/01/2025 01:30,0,161,0,165,4,0
03/01/2025 01:45,0,254,0,258,4,0
03/01/2025 02:00,0,627,0,633,6,0
03/01/2025 02:15,0,405,0,409,4,0
03/01/2025 02:30,0,472,0,477,5,0
03/01/2025 02:45,0,607,0,612,5,0
03/01/2025 03:00,0,597,0,602,5,0
03/01/2025 03:15,0,623,0,626,3,0
03/01/2025 03:30,0,604,0,608,4,0
03/01/2025 03:45,0,591,0,595,4,0
03/01/2025 04:00,0,614,0,618,4,0
03/01/2025 04:15,0,678,0,680,2,0
03/01/2025 04:30,0,542,0,546,4,0
03/01/2025 04:45,0,552,0,556,4,0
03/01/2025 05:00,0,625,0,629,4,0
03/01/2025 05:15,0,662,0,664,2,0
03/01/2025 05:30,0,518,0,520,2,0
03/01/2025 05:45,0,475,0,480,5,0
03/01/2025 06:00,0,394,0,399,5,0
03/01/2025 06:15,0,541,0,544,3,0
03/01/2025 06:30,2,476,0,479,5,0
03/01/2025 06:45,17,415,0,407,9,0
03/01/2025 07:00,38,407,0,396,27,0
03/01/2025 07:15,72,472,0,466,66,0
03/01/2025 07:30,120,789,0,789,120,0
03/01/2025 07:45,108,677,0,683,114,0
03/01/2025 08:00,154,435,0,430,149,0
03/01/2025 08:15,280,463,0,459,276,0
03/01/2025 08:30,321,1029,0,1031,323,0
03/01/2025 08:45,316,1155,0,1163,324,0
03/01/2025 09:00,312,701,0,707,318,0
03/01/2025 09:15,244,925,0,933,252,0
03/01/2025 09:30,222,521,0,524,225,0
03/01/2025 09:45,327,701,0,709,335,0
03/01/2025 10:00,298,406,0,413,305,0
03/01/2025 10:15,411,765,0,768,414,0
03/01/2025 10:30,456,390,0,392,458,0
03/01/2025 10:45,516,211,0,217,522,0
03/01/2025 11:00,389,200,0,202,391,0
03/01/2025 11:15,787,811,0,791,767,0
03/01/2025 11:30,667,1702,0,1684,649,0
03/01/2025 11:45,560,432,0,437,565,0
03/01/2025 12:00,415,449,0,464,430,0
03/01/2025 12:15,223,244,0,247,226,0
03/01/2025 12:30,375,637,0,643,381,0
03/01/2025 12:45,275,580,0,587,282,0
03/01/2025 13:00,183,431,0,440,192,0
03/01/2025 13:15,198,360,0,356,194,0
03/01/2025 13:30,205,199,0,201,207,0
03/01/2025 13:45,427,496,0,497,428,0
03/01/2025 14:00,508,258,0,252,502,0
03/01/2025 14:15,538,141,0,122,519,0
03/01/2025 14:30,528,197,0,170,501,0
03/01/2025 14:45,491,567,0,568,492,0
03/01/2025 15:00,382,145,0,146,383,0
03/01/2025 15:15,496,134,0,135,497,0
03/01/2025 15:30,426,325,0,331,432,0
03/01/2025 15:45,328,239,0,249,338,0
03/01/2025 16:00,191,137,188,0,15,149
03/01/2025 16:15,104,159,100,0,0,155
03/01/2025 16:30,9,137,7,0,0,135
03/01/2025 16:45,0,376,0,13,0,363
03/01/2025 17:00,0,571,0,6,0,565
03/01/2025 17:15,0,595,0,4,0,591
03/01/2025 17:30,0,946,2,0,0,948
03/01/2025 17:45,0,687,0,5,0,682
03/01/2025 18:00,0,818,0,5,0,813
03/01/2025 18:15,0,642,2,0,0,644
03/01/2025 18:30,0,638,0,1,0,637
03/01/2025 18:45,0,627,0,4,0,623
03/01/2025 19:00,0,328,0,1,0,327
03/01/2025 19:15,0,495,0,10,0,485
03/01/2025 19:30,0,866,0,12,0,854
03/01/2025 19:45,0,375,0,1,0,374
03/01/2025 20:00,0,286,0,11,0,275
03/01/2025 20:15,0,306,0,6,0,300
03/01/2025 20:30,0,720,0,207,3,516
03/01/2025 20:45,0,405,0,413,8,0
03/01/2025 21:00,0,274,0,278,4,0
03/01/2025 21:15,0,432,0,432,0,0
03/01/2025 21:30,0,714,0,714,0,0
03/01/2025 21:45,0,265,0,266,1,0
03/01/2025 22:00,0,286,0,286,0,0
03/01/2025 22:15,0,578,0,578,0,0
03/01/2025 22:30,0,651,0,651,0,0
03/01/2025 22:45,0,495,0,495,0,0
03/01/2025 23:00,0,253,0,253,0,0
03/01/2025 23:15,0,606,0,606,0,0
03/01/2025 23:30,0,363,0,363,0,0
03/01/2025 23:45,0,194,0,194,0,0
03/02/2025 00:00,0,712,0,712,0,0
03/02/2025 00:15,0,979,0,980,1,0
03/02/2025 00:30,0,1138,0,1138,0,0
03/02/2025 00:45,0,937,0,937,0,0
03/02/2025 01:00,0,887,0,887,0,0
03/02/2025 01:15,0,979,0,979,0,0
03/02/2025 01:30,0,598,0,600,2,0
03/02/2025 01:45,0,719,0,719,0,0
03/02/2025 02:00,0,623,0,623,0,0
03/02/2025 02:15,0,769,0,771,2,0
03/02/2025 02:30,0,643,0,643,0,0
03/02/2025 02:45,0,576,0,578,2,0
03/02/2025 03:00,0,809,0,809,0,0
03/02/2025 03:15,0,674,0,677,3,0
03/02/2025 03:30,0,676,0,677,1,0
03/02/2025 03:45,0,812,0,813,1,0
03/02/2025 04:00,0,693,0,694,1,0
03/02/2025 04:15,0,916,0,917,1,0
03/02/2025 04:30,0,578,0,581,3,0
03/02/2025 04:45,0,793,0,793,0,0
03/02/2025 05:00,0,602,0,604,2,0
03/02/2025 05:15,0,886,0,886,0,0
03/02/2025 05:30,0,667,0,669,2,0
03/02/2025 05:45,0,674,0,674,0,0
03/02/2025 06:00,0,783,0,787,4,0
03/02/2025 06:15,3,835,0,833,1,0
03/02/2025 06:30,68,1243,0,1233,58,0
03/02/2025 06:45,176,860,0,862,178,0
03/02/2025 07:00,259,801,0,803,261,0
03/02/2025 07:15,275,773,0,779,281,0
03/02/2025 07:30,316,720,0,724,320,0
03/02/2025 07:45,407,940,0,943,410,0
03/02/2025 08:00,458,940,0,947,465,0
03/02/2025 08:15,460,925,0,928,463,0
03/02/2025 08:30,549,817,0,807,539,0
03/02/2025 08:45,627,722,0,649,554,0
03/02/2025 09:00,679,809,0,685,555,0
03/02/2025 09:15,802,1393,0,1146,555,0
03/02/2025 09:30,870,1530,0,1215,555,0
03/02/2025 09:45,939,1270,0,887,556,0
03/02/2025 10:00,1043,859,0,372,556,0
03/02/2025 10:15,1168,930,0,320,558,0
03/02/2025 10:30,1257,810,0,112,559,0
03/02/2025 10:45,1307,779,0,31,559,0
03/02/2025 11:00,1336,962,0,185,559,0
03/02/2025 11:15,1372,835,0,22,559,0
03/02/2025 11:30,1399,796,43,0,560,0
03/02/2025 11:45,1393,725,108,0,560,0
03/02/2025 12:00,1392,836,0,54,610,0
03/02/2025 12:15,1387,558,178,0,651,0
03/02/2025 12:30,1380,1222,0,491,649,0
03/02/2025 12:45,1359,526,200,0,633,0
03/02/2025 13:00,1319,547,169,0,603,0
03/02/2025 13:15,1261,791,0,95,565,0
03/02/2025 13:30,1187,513,157,0,517,0
03/02/2025 13:45,1074,711,0,104,467,0
03/02/2025 14:00,963,745,0,197,415,0
03/02/2025 14:15,836,552,0,71,355,0
03/02/2025 14:30,670,668,0,292,294,0
03/02/2025 14:45,547,573,0,185,159,0
03/02/2025 15:00,439,793,0,386,32,0
03/02/2025 15:15,384,524,0,164,24,0
03/02/2025 15:30,339,562,0,266,43,0
03/02/2025 15:45,280,229,34,0,17,0
03/02/2025 16:00,205,540,174,0,0,509
03/02/2025 16:15,145,672,145,0,0,672
03/02/2025 16:30,116,728,112,0,0,724
03/02/2025 16:45,57,803,55,0,0,801
03/02/2025 17:00,34,604,31,0,0,601
03/02/2025 17:15,14,647,7,0,0,640
03/02/2025 17:30,2,951,0,0,0,949
03/02/2025 17:45,0,689,0,11,0,678
03/02/2025 18:00,0,828,0,10,0,818
03/02/2025 18:15,0,651,10,0,0,661
03/02/2025 18:30,0,588,0,7,0,581
03/02/2025 18:45,0,740,0,2,0,738
03/02/2025 19:00,0,713,0,3,0,710
03/02/2025 19:15,0,1061,0,3,0,1058
03/02/2025 19:30,0,692,4,0,0,696
03/02/2025 19:45,0,748,0,1,0,747
03/02/2025 20:00,0,827,0,59,0,768
03/02/2025 20:15,0,1037,0,1046,9,0
03/02/2025 20:30,0,1369,0,1369,0,0
03/02/2025 20:45,0,1402,0,1402,0,0
03/02/2025 21:00,0,1320,0,1320,0,0
03/02/2025 21:15,0,1199,0,1199,0,0
03/02/2025 21:30,0,783,0,784,1,0
03/02/2025 21:45,0,754,0,754,0,0
03/02/2025 22:00,0,705,0,705,0,0
03/02/2025 22:15,0,383,0,383,0,0
03/02/2025 22:30,0,275,0,275,0,0
03/02/2025 22:45,0,753,0,753,0,0
03/02/2025 23:00,0,208,0,208,0,0
03/02/2025 23:15,0,597,0,597,0,0
03/02/2025 23:30,0,931,0,931,0,0
03/02/2025 23:45,0,423,0,423,0,0
03/03/2025 00:00,0,692,0,692,0,0
03/03/2025 00:15,0,822,0,822,0,0
03/03/2025 00:30,0,863,0,863,0,0
03/03/2025 00:45,0,856,0,856,0,0
03/03/2025 01:00,0,779,0,780,1,0
03/03/2025 01:15,0,826,0,827,1,0
03/03/2025 01:30,0,805,0,806,1,0
03/03/2025 01:45,0,715,0,715,0,0
03/03/2025 02:00,0,831,0,833,2,0
03/03/2025 02:15,0,637,0,638,1,0
03/03/2025 02:30,0,1078,0,1079,1,0
03/03/2025 02:45,0,702,0,703,1,0
03/03/2025 03:00,0,820,0,821,1,0
03/03/2025 03:15,0,749,0,750,1,0
03/03/2025 03:30,0,900,0,900,0,0
03/03/2025 03:45,0,887,0,887,0,0
03/03/2025 04:00,0,955,0,956,1,0
03/03/2025 04:15,0,1162,0,1163,1,0
03/03/2025 04:30,0,658,0,659,1,0
03/03/2025 04:45,0,937,0,937,0,0
03/03/2025 05:00,0,803,0,803,0,0
03/03/2025 05:15,0,964,0,965,1,0
03/03/2025 05:30,0,829,0,829,0,0
03/03/2025 05:45,0,1058,0,1059,1,0
03/03/2025 06:00,0,718,0,719,1,0
03/03/2025 06:15,1,892,0,891,0,0
03/03/2025 06:30,58,1294,0,1285,49,0
03/03/2025 06:45,198,1095,0,1098,201,0
03/03/2025 07:00,273,1071,0,1071,273,0
03/03/2025 07:15,296,1012,0,1012,296,0
03/03/2025 07:30,342,950,0,953,345,0
03/03/2025 07:45,428,832,0,835,431,0
03/03/2025 08:00,476,763,0,767,480,0
03/03/2025 08:15,491,889,0,893,495,0
03/03/2025 08:30,565,1039,0,1024,550,0
03/03/2025 08:45,638,988,0,905,555,0
03/03/2025 09:00,693,1129,0,993,557,0
03/03/2025 09:15,813,1176,0,919,556,0
03/03/2025 09:30,870,1048,0,735,557,0
03/03/2025 09:45,939,1022,0,640,557,0
03/03/2025 10:00,1048,2045,0,1555,558,0
03/03/2025 10:15,1170,2335,0,1722,557,0
03/03/2025 10:30,1251,1551,0,859,559,0
03/03/2025 10:45,1311,868,0,116,559,0
03/03/2025 11:00,1342,848,0,66,560,0
03/03/2025 11:15,1377,764,51,0,562,0
03/03/2025 11:30,1400,886,0,47,561,0
03/03/2025 11:45,1393,993,0,162,562,0
03/03/2025 12:00,1387,733,92,0,562,0
03/03/2025 12:15,1389,753,73,0,563,0
03/03/2025 12:30,1375,938,0,125,562,0
03/03/2025 12:45,1358,692,84,0,582,0
03/03/2025 13:00,1318,687,49,0,582,0
03/03/2025 13:15,1261,849,0,147,559,0
03/03/2025 13:30,1184,748,0,93,529,0
03/03/2025 13:45,1073,532,54,0,487,0
03/03/2025 14:00,963,668,0,143,438,0
03/03/2025 14:15,834,777,0,328,385,0
03/03/2025 14:30,679,637,0,279,321,0
03/03/2025 14:45,552,625,0,262,189,0
03/03/2025 15:00,442,629,0,205,18,0
03/03/2025 15:15,390,699,0,327,18,0
03/03/2025 15:30,343,599,0,293,38,1
03/03/2025 15:45,283,535,0,262,10,0
03/03/2025 16:00,205,566,164,0,0,525
03/03/2025 16:15,149,529,144,0,0,524
03/03/2025 16:30,117,534,112,0,0,529
03/03/2025 16:45,64,553,60,0,0,549
03/03/2025 17:00,48,530,46,0,0,528
03/03/2025 17:15,19,619,18,0,0,618
03/03/2025 17:30,2,1004,0,12,0,990
03/03/2025 17:45,0,834,0,0,0,834
03/03/2025 18:00,0,795,5,0,0,800
03/03/2025 18:15,0,806,0,13,0,793
03/03/2025 18:30,0,494,15,0,0,509
03/03/2025 18:45,0,333,0,14,0,319
03/03/2025 19:00,0,670,0,0,0,670
03/03/2025 19:15,0,227,0,5,0,222
03/03/2025 19:30,0,667,0,14,0,653
03/03/2025 19:45,0,602,0,7,0,595
03/03/2025 20:00,0,737,0,6,0,731
03/03/2025 20:15,0,935,0,3,0,932
03/03/2025 20:30,1,1277,0,321,2,957
03/03/2025 20:45,1,1401,0,1407,7,0
03/03/2025 21:00,1,1187,0,1184,0,2
03/03/2025 21:15,0,996,0,996,0,0
03/03/2025 21:30,0,622,0,622,0,0
03/03/2025 21:45,0,724,0,725,1,0
03/03/2025 22:00,0,300,0,300,0,0
03/03/2025 22:15,0,193,0,193,0,0
03/03/2025 22:30,0,726,0,726,0,0
03/03/2025 22:45,0,192,0,194,2,0
03/03/2025 23:00,0,356,0,356,0,0
03/03/2025 23:15,0,954,0,954,0,0
03/03/2025 23:30,0,684,0,684,0,0
03/03/2025 23:45,0,583,0,583,0,0
03/04/2025 00:00,0,646,0,646,0,0
03/04/2025 00:15,0,638,0,638,0,0
03/04/2025 00:30,0,741,0,741,0,0
03/04/2025 00:45,0,632,0,634,2,0
03/04/2025 01:00,0,720,0,722,2,0
03/04/2025 01:15,0,602,0,602,0,0
03/04/2025 01:30,0,620,0,621,1,0
03/04/2025 01:45,0,777,0,777,0,0
03/04/2025 02:00,0,527,0,530,3,0
03/04/2025 02:15,0,772,0,772,0,0
03/04/2025 02:30,0,555,0,558,3,0
03/04/2025 02:45,0,551,0,552,1,0
03/04/2025 03:00,0,685,0,685,0,0
03/04/2025 03:15,0,633,0,635,2,0
03/04/2025 03:30,0,676,0,677,1,0
03/04/2025 03:45,0,749,0,750,1,0
03/04/2025 04:00,0,592,0,595,3,0
03/04/2025 04:15,0,762,0,764,2,0
03/04/2025 04:30,0,565,0,566,1,0
03/04/2025 04:45,0,529,0,531,2,0
03/04/2025 05:00,0,650,0,652,2,0
03/04/2025 05:15,0,595,0,596,1,0
03/04/2025 05:30,0,654,0,655,1,0
03/04/2025 05:45,0,593,0,595,2,0
03/04/2025 06:00,0,687,0,689,2,0
03/04/2025 06:15,7,797,0,792,2,0
03/04/2025 06:30,73,750,0,742,65,0
03/04/2025 06:45,218,634,0,634,218,0
03/04/2025 07:00,189,627,0,630,192,0
03/04/2025 07:15,297,631,0,634,300,0
03/04/2025 07:30,373,669,0,672,376,0
03/04/2025 07:45,395,684,0,684,395,0
03/04/2025 08:00,514,583,0,586,517,0
03/04/2025 08:15,628,571,0,494,551,0
03/04/2025 08:30,634,586,0,584,632,0
03/04/2025 08:45,788,571,0,572,789,0
03/04/2025 09:00,777,576,0,579,780,0
03/04/2025 09:15,788,585,0,569,772,0
03/04/2025 09:30,864,528,0,550,886,0
03/04/2025 09:45,729,519,0,499,709,0
03/04/2025 10:00,716,562,0,568,722,0
03/04/2025 10:15,678,608,0,622,692,0
03/04/2025 10:30,620,981,0,984,623,0
03/04/2025 10:45,1028,834,0,743,937,0
03/04/2025 11:00,1127,717,0,695,1105,0
03/04/2025 11:15,908,740,0,746,914,0
03/04/2025 11:30,1096,701,0,633,1028,0
03/04/2025 11:45,1432,673,0,228,987,0
03/04/2025 12:00,1084,677,0,480,887,0
03/04/2025 12:15,993,676,0,327,644,0
03/04/2025 12:30,772,664,19,0,89,0
03/04/2025 12:45,951,1003,0,74,22,0
03/04/2025 13:00,979,461,434,0,84,0
03/04/2025 13:15,947,1406,0,462,3,0
03/04/2025 13:30,586,1997,0,1482,71,0
03/04/2025 13:45,502,1185,0,705,22,0
03/04/2025 14:00,722,395,298,0,29,0
03/04/2025 14:15,913,574,320,0,19,0
03/04/2025 14:30,706,713,0,17,10,0
03/04/2025 14:45,464,375,33,0,56,0
03/04/2025 15:00,397,376,13,0,8,0
03/04/2025 15:15,480,407,27,0,46,0
03/04/2025 15:30,568,395,163,0,10,0
03/04/2025 15:45,228,362,0,138,4,0
03/04/2025 16:00,145,359,117,0,0,331
03/04/2025 16:15,182,344,178,0,0,340
03/04/2025 16:30,91,349,89,0,0,347
03/04/2025 16:45,47,369,45,0,0,367
03/04/2025 17:00,20,386,16,0,0,382
03/04/2025 17:15,3,404,0,5,0,396
03/04/2025 17:30,0,929,0,0,0,929
03/04/2025 17:45,0,180,0,0,0,180
03/04/2025 18:00,0,565,0,14,0,551
03/04/2025 18:15,0,602,7,0,0,609
03/04/2025 18:30,0,542,1,0,0,543
03/04/2025 18:45,0,512,4,0,0,516
03/04/2025 19:00,0,160,0,5,0,155
03/04/2025 19:15,0,201,0,4,0,197
03/04/2025 19:30,0,440,0,11,0,429
03/04/2025 19:45,0,420,0,0,0,420
03/04/2025 20:00,0,191,0,6,0,185
03/04/2025 20:15,0,169,0,6,0,163
03/04/2025 20:30,0,381,0,10,0,371
03/04/2025 20:45,0,541,0,5,0,536
03/04/2025 21:00,0,355,0,1,0,354
03/04/2025 21:15,0,804,0,10,0,794
03/04/2025 21:30,0,803,0,4,0,799
03/04/2025 21:45,0,1280,2,0,0,1282
03/04/2025 22:00,0,960,5,0,0,965
03/04/2025 22:15,0,697,0,700,13,10
03/04/2025 22:30,0,553,0,560,7,0
03/04/2025 22:45,0,524,0,524,0,0
03/04/2025 23:00,0,209,0,213,4,0
03/04/2025 23:15,0,312,0,317,5,0
03/04/2025 23:30,0,431,0,432,1,0
03/04/2025 23:45,0,444,0,444,0,0
03/05/2025 00:00,0,258,0,258,0,0
03/05/2025 00:15,0,129,0,129,0,0
03/05/2025 00:30,0,138,0,138,0,0
03/05/2025 00:45,0,542,0,542,0,0
03/05/2025 01:00,0,318,0,319,1,0
03/05/2025 01:15,0,102,0,102,0,0
03/05/2025 01:30,0,120,0,120,0,0
03/05/2025 01:45,0,203,0,206,3,0
03/05/2025 02:00,0,589,0,591,2,0
03/05/2025 02:15,0,421,0,422,1,0
03/05/2025 02:30,0,246,0,249,3,0
03/05/2025 02:45,0,167,0,169,2,0
03/05/2025 03:00,0,530,0,534,4,0
03/05/2025 03:15,0,428,0,431,3,0
03/05/2025 03:30,0,430,0,433,3,0
03/05/2025 03:45,0,566,0,570,4,0
03/05/2025 04:00,0,452,0,453,1,0
03/05/2025 04:15,0,402,0,405,3,0
03/05/2025 04:30,0,390,0,391,1,0
03/05/2025 04:45,0,439,0,444,5,0
03/05/2025 05:00,0,366,0,369,3,0
03/05/2025 05:15,0,325,0,330,5,0
03/05/2025 05:30,0,290,0,292,2,0
03/05/2025 05:45,0,497,0,501,4,0
03/05/2025 06:00,0,367,0,370,3,0
03/05/2025 06:15,3,389,0,389,3,0
03/05/2025 06:30,1,501,0,501,1,0
03/05/2025 06:45,23,507,0,501,17,0
03/05/2025 07:00,42,379,0,373,36,0
03/05/2025 07:15,50,403,0,405,52,0
03/05/2025 07:30,85,434,0,429,80,0
03/05/2025 07:45,132,395,0,397,134,0
03/05/2025 08:00,75,498,0,506,83,0
03/05/2025 08:15,56,370,0,377,63,0
03/05/2025 08:30,67,381,0,380,66,0
03/05/2025 08:45,74,395,0,400,79,0
03/05/2025 09:00,92,440,0,444,96,0
03/05/2025 09:15,134,496,0,494,132,0
03/05/2025 09:30,188,674,0,680,194,0
03/05/2025 09:45,195,650,0,650,195,0
03/05/2025 10:00,314,622,0,623,315,0
03/05/2025 10:15,388,624,0,616,380,0
03/05/2025 10:30,407,651,0,659,415,0
03/05/2025 10:45,455,634,0,630,451,0
03/05/2025 11:00,396,610,0,613,399,0
03/05/2025 11:15,461,444,0,450,467,0
03/05/2025 11:30,752,513,0,510,749,0
03/05/2025 11:45,613,663,0,670,620,0
03/05/2025 12:00,586,568,0,574,592,0
03/05/2025 12:15,313,276,0,284,321,0
03/05/2025 12:30,279,136,0,143,286,0
03/05/2025 12:45,351,350,0,354,355,0
03/05/2025 13:00,333,375,0,385,343,0
03/05/2025 13:15,306,143,0,148,311,0
03/05/2025 13:30,265,123,0,125,267,0
03/05/2025 13:45,296,134,0,138,300,0
03/05/2025 14:00,204,212,0,218,210,0
03/05/2025 14:15,278,336,0,344,286,0
03/05/2025 14:30,237,222,0,230,245,0
03/05/2025 14:45,131,482,0,488,137,0
03/05/2025 15:00,154,421,0,430,163,0
03/05/2025 15:15,161,402,0,408,167,0
03/05/2025 15:30,138,385,0,396,149,0
03/05/2025 15:45,122,372,0,379,129,0
03/05/2025 16:00,125,395,110,0,8,388
03/05/2025 16:15,114,371,111,0,0,368
03/05/2025 16:30,132,377,129,0,0,374
03/05/2025 16:45,164,396,165,0,0,397
03/05/2025 17:00,85,395,87,0,0,397
03/05/2025 17:15,14,109,8,0,0,103
03/05/2025 17:30,0,882,0,5,0,877
03/05/2025 17:45,0,224,1,0,0,225
03/05/2025 18:00,0,229,0,9,0,220
03/05/2025 18:15,0,429,7,0,0,436
03/05/2025 18:30,0,386,0,8,0,378
03/05/2025 18:45,0,208,0,1,0,207
03/05/2025 19:00,0,220,0,9,0,211
03/05/2025 19:15,0,413,0,2,0,411
03/05/2025 19:30,0,316,0,2,0,314
03/05/2025 19:45,0,269,0,1,0,268
03/05/2025 20:00,0,317,0,6,0,311
03/05/2025 20:15,0,787,0,76,2,713
03/05/2025 20:30,0,805,0,819,14,0
03/05/2025 20:45,0,1184,0,1187,3,0
03/05/2025 21:00,0,535,0,535,0,0
03/05/2025 21:15,0,211,0,214,3,0
03/05/2025 21:30,0,196,0,198,2,0
03/05/2025 21:45,0,196,0,196,0,0
03/05/2025 22:00,0,281,0,281,0,0
03/05/2025 22:15,0,465,0,466,1,0
03/05/2025 22:30,0,159,0,161,2,0
03/05/2025 22:45,0,129,0,130,1,0
03/05/2025 23:00,0,321,0,324,3,0
03/05/2025 23:15,0,440,0,441,1,0
03/05/2025 23:30,0,294,0,294,0,0
03/05/2025 23:45,0,187,0,188,1,0
03/06/2025 00:00,0,134,0,134,0,0
03/06/2025 00:15,0,106,0,108,2,0
03/06/2025 00:30,0,103,0,104,1,0
03/06/2025 00:45,0,129,0,129,0,0
03/06/2025 01:00,0,287,0,287,0,0
03/06/2025 01:15,0,292,0,292,0,0
03/06/2025 01:30,0,101,0,102,1,0
03/06/2025 01:45,0,114,0,117,3,0
03/06/2025 02:00,0,108,0,110,2,0
03/06/2025 02:15,0,101,0,103,2,0
03/06/2025 02:30,0,267,0,2385,2118,0
03/06/2025 02:45,0,272,0,2979,2707,0
03/06/2025 03:00,0,111,0,3820,3709,0
03/06/2025 03:15,0,106,0,3781,3675,0
03/06/2025 03:30,0,137,0,2766,2629,0
03/06/2025 03:45,0,111,0,389,278,0
03/06/2025 04:00,0,231,0,341,110,0
03/06/2025 04:15,0,343,0,433,90,0
03/06/2025 04:30,0,108,0,187,79,0
03/06/2025 04:45,0,111,0,117,6,0
03/06/2025 05:00,0,135,0,149,14,0
03/06/2025 05:15,0,187,0,209,22,0
03/06/2025 05:30,0,500,0,503,3,0
03/06/2025 05:45,0,133,0,162,29,0
03/06/2025 06:00,0,121,0,149,28,0
03/06/2025 06:15,0,105,0,142,37,0
03/06/2025 06:30,0,497,0,506,9,0
03/06/2025 06:45,12,457,0,446,1,0
03/06/2025 07:00,37,392,0,356,1,0
03/06/2025 07:15,60,401,0,345,4,0
03/06/2025 07:30,75,430,0,357,2,0
03/06/2025 07:45,72,339,0,270,3,0
03/06/2025 08:00,72,339,0,267,0,0
03/06/2025 08:15,108,550,0,546,104,0
03/06/2025 08:30,134,399,0,269,4,0
03/06/2025 08:45,176,368,0,194,2,0
03/06/2025 09:00,227,191,36,0,0,0
03/06/2025 09:15,315,158,65,0,92,0
03/06/2025 09:30,272,143,120,0,9,0
03/06/2025 09:45,186,379,0,196,3,0
03/06/2025 10:00,237,378,0,143,2,0
03/06/2025 10:15,411,356,0,32,87,0
03/06/2025 10:30,700,370,325,0,5,0
03/06/2025 10:45,649,282,365,0,2,0
03/06/2025 11:00,551,363,187,0,1,0
03/06/2025 11:15,616,121,414,0,81,0
03/06/2025 11:30,349,338,3,0,8,0
03/06/2025 11:45,182,200,0,76,58,0
03/06/2025 12:00,250,116,110,0,24,0
03/06/2025 12:15,413,194,196,0,23,0
03/06/2025 12:30,555,310,208,0,37,0
03/06/2025 12:45,953,216,711,0,26,0
03/06/2025 13:00,993,157,833,0,3,0
03/06/2025 13:15,805,1144,0,410,71,0
03/06/2025 13:30,634,1494,0,883,23,0
03/06/2025 13:45,604,489,93,0,22,0
03/06/2025 14:00,452,136,294,0,22,0
03/06/2025 14:15,548,159,370,0,19,0
03/06/2025 14:30,552,187,323,0,42,0
03/06/2025 14:45,481,475,0,21,27,0
03/06/2025 15:00,375,494,0,139,20,0
03/06/2025 15:15,284,407,0,143,20,0
03/06/2025 15:30,221,364,0,187,44,0
03/06/2025 15:45,123,131,0,13,5,0
03/06/2025 16:00,196,353,0,175,18,0
03/06/2025 16:15,80,347,0,325,58,0
03/06/2025 16:30,35,358,0,346,23,0
03/06/2025 16:45,0,423,0,428,5,0
03/06/2025 17:00,0,409,0,449,40,0
03/06/2025 17:15,0,331,0,377,46,0
03/06/2025 17:30,0,502,0,506,4,0
03/06/2025 17:45,0,188,0,190,2,0
03/06/2025 18:00,0,285,0,333,48,0
03/06/2025 18:15,0,280,0,320,40,0
03/06/2025 18:30,0,312,0,337,25,0
03/06/2025 18:45,0,540,0,543,3,0
03/06/2025 19:00,0,181,0,207,26,0
03/06/2025 19:15,0,355,0,375,20,0
03/06/2025 19:30,0,191,0,233,42,0
03/06/2025 19:45,0,449,0,455,6,0
03/06/2025 20:00,0,557,0,599,42,0
03/06/2025 20:15,0,620,0,644,24,0
03/06/2025 20:30,0,815,0,837,22,0
03/06/2025 20:45,0,401,0,421,20,0
03/06/2025 21:00,0,451,0,481,30,0
03/06/2025 21:15,0,379,0,421,42,0
03/06/2025 21:30,0,240,0,262,22,0
03/06/2025 21:45,0,665,0,691,26,0
03/06/2025 22:00,0,583,0,606,23,0
03/06/2025 22:15,0,408,0,448,40,0
03/06/2025 22:30,0,476,0,481,5,0
03/06/2025 22:45,0,558,0,583,25,0
03/06/2025 23:00,0,360,0,402,42,0
03/06/2025 23:15,0,135,0,157,22,0
03/06/2025 23:30,0,156,0,194,38,0
03/06/2025 23:45,0,343,0,378,35,0
03/07/2025 00:00,0,517,0,538,21,0
03/07/2025 00:15,0,349,0,351,2,0
03/07/2025 00:30,0,125,0,187,62,0
03/07/2025 00:45,0,133,0,153,20,0
03/07/2025 01:00,0,524,0,544,20,0
03/07/2025 01:15,0,346,0,352,6,0
03/07/2025 01:30,0,127,0,169,42,0
03/07/2025 01:45,0,197,0,239,42,0
03/07/2025 02:00,0,640,0,642,2,0
03/07/2025 02:15,0,206,0,226,20,0
03/07/2025 02:30,0,127,0,191,64,0
03/07/2025 02:45,0,472,0,476,4,0
03/07/2025 03:00,0,348,0,384,36,0
03/07/2025 03:15,0,140,0,144,4,0
03/07/2025 03:30,0,471,0,515,44,0
03/07/2025 03:45,0,534,0,554,20,0
03/07/2025 04:00,0,634,0,652,18,0
03/07/2025 04:15,0,623,0,666,43,0
03/07/2025 04:30,0,556,0,557,1,0
03/07/2025 04:45,0,645,0,667,22,0
03/07/2025 05:00,0,502,0,543,41,0
03/07/2025 05:15,0,707,0,761,54,0
03/07/2025 05:30,0,581,0,584,3,0
03/07/2025 05:45,0,515,0,561,46,0
03/07/2025 06:00,0,614,0,631,17,0
03/07/2025 06:15,6,517,0,547,36,0
03/07/2025 06:30,125,682,0,582,25,0
03/07/2025 06:45,260,626,0,403,37,0
03/07/2025 07:00,333,661,0,346,18,0
03/07/2025 07:15,395,664,0,273,4,0
03/07/2025 07:30,431,605,0,213,39,0
03/07/2025 07:45,501,598,0,130,33,0
03/07/2025 08:00,536,626,0,90,0,0
03/07/2025 08:15,581,751,0,184,14,0
03/07/2025 08:30,608,850,0,254,12,0
03/07/2025 08:45,670,829,0,212,53,0
03/07/2025 09:00,776,837,0,63,2,0
03/07/2025 09:15,848,829,0,18,37,0
03/07/2025 09:30,905,835,45,0,25,0
03/07/2025 09:45,1005,766,207,0,32,0
03/07/2025 10:00,1141,596,541,0,4,0
03/07/2025 10:15,1221,792,396,0,33,0
03/07/2025 10:30,1307,497,801,0,9,0
03/07/2025 10:45,1354,190,1108,0,56,0
03/07/2025 11:00,1389,618,749,0,22,0
03/07/2025 11:15,1423,738,659,0,26,0
03/07/2025 11:30,1433,575,844,0,14,0
03/07/2025 11:45,1436,474,925,0,37,0
03/07/2025 12:00,1453,490,929,0,34,0
03/07/2025 12:15,1455,731,697,0,27,0
03/07/2025 12:30,1166,283,877,0,6,0
03/07/2025 12:45,1004,270,665,0,70,1
03/07/2025 13:00,966,302,660,0,4,0
03/07/2025 13:15,1095,347,746,0,2,0
03/07/2025 13:30,638,143,437,0,58,0
03/07/2025 13:45,970,250,699,0,21,0
03/07/2025 14:00,1093,662,424,0,7,0
03/07/2025 14:15,520,481,0,3,42,0
03/07/2025 14:30,243,502,0,281,22,0
03/07/2025 14:45,319,703,0,402,18,0
03/07/2025 15:00,275,540,0,291,26,0
03/07/2025 15:15,583,449,102,0,32,0
03/07/2025 15:30,512,435,64,0,13,0
03/07/2025 15:45,315,438,0,128,5,0
03/07/2025 16:00,171,414,0,295,52,0
03/07/2025 16:15,226,394,0,190,22,0
03/07/2025 16:30,222,431,0,209,0,0
03/07/2025 16:45,86,535,0,483,34,0
03/07/2025 17:00,60,552,0,534,42,0
03/07/2025 17:15,45,570,0,532,7,0
03/07/2025 17:30,10,906,0,913,17,0
03/07/2025 17:45,0,616,0,658,42,0
03/07/2025 18:00,0,689,0,725,36,0
03/07/2025 18:15,0,227,0,248,21,0
03/07/2025 18:30,0,685,0,686,1,0
03/07/2025 18:45,0,628,0,682,54,0
03/07/2025 19:00,0,628,0,645,17,0
03/07/2025 19:15,0,499,0,432,1,68
03/07/2025 19:30,0,184,0,5,0,179
03/07/2025 19:45,0,557,0,17,0,540
03/07/2025 20:00,0,487,0,2,0,485
03/07/2025 20:15,0,195,0,5,0,190
03/07/2025 20:30,0,541,0,15,0,526
03/07/2025 20:45,0,403,2,0,0,405
03/07/2025 21:00,0,212,0,4,0,208
03/07/2025 21:15,0,700,0,9,0,691
03/07/2025 21:30,0,589,0,1,0,588
03/07/2025 21:45,0,657,0,5,0,652
03/07/2025 22:00,0,446,2,0,0,448
03/07/2025 22:15,0,242,0,5,0,237
03/07/2025 22:30,0,557,0,11,0,546
03/07/2025 22:45,0,557,2,0,0,559
03/07/2025 23:00,0,207,0,2,0,205
03/07/2025 23:15,0,424,0,14,0,410
03/07/2025 23:30,0,616,0,6,0,610
03/07/2025 23:45,0,761,1,0,0,762
03/08/2025 00:00,0,547,0,3,0,544
03/08/2025 00:15,0,142,0,5,0,137
03/08/2025 00:30,0,300,0,11,0,289
03/08/2025 00:45,0,662,0,0,0,662
03/08/2025 01:00,0,626,0,3,0,623
03/08/2025 01:15,0,662,0,1,0,661
03/08/2025 01:30,0,542,0,0,0,542
03/08/2025 01:45,0,559,0,258,5,306
03/08/2025 02:00,0,575,0,585,10,0
03/08/2025 02:15,0,576,0,581,5,0
03/08/2025 02:30,0,699,0,699,0,0
03/08/2025 02:45,0,528,0,530,2,0
03/08/2025 03:00,0,580,0,581,1,0
03/08/2025 03:15,0,620,0,622,2,0
03/08/2025 03:30,0,577,0,579,2,0
03/08/2025 03:45,0,670,0,674,4,0
03/08/2025 04:00,0,518,0,520,2,0
03/08/2025 04:15,0,547,0,549,2,0
03/08/2025 04:30,0,605,0,606,1,0
03/08/2025 04:45,0,342,0,343,1,0
03/08/2025 05:00,0,458,0,463,5,0
03/08/2025 05:15,0,659,0,662,3,0
03/08/2025 05:30,0,304,0,307,3,0
03/08/2025 05:45,0,324,0,325,1,0
03/08/2025 06:00,0,471,0,474,3,0
03/08/2025 06:15,13,285,0,280,8,0
03/08/2025 06:30,146,897,0,839,88,0
03/08/2025 06:45,269,777,0,528,20,0
03/08/2025 07:00,344,661,0,337,20,0
03/08/2025 07:15,409,593,0,213,29,0
03/08/2025 07:30,446,568,0,155,33,0
03/08/2025 07:45,508,571,0,87,24,0
03/08/2025 08:00,548,1262,0,778,64,0
03/08/2025 08:15,595,1238,0,667,24,0
03/08/2025 08:30,615,1055,0,486,46,0
03/08/2025 08:45,689,816,0,156,29,0
03/08/2025 09:00,770,615,100,0,55,0
03/08/2025 09:15,907,831,42,0,34,0
03/08/2025 09:30,807,579,0,713,941,0
03/08/2025 09:45,1103,762,0,787,1128,0
03/08/2025 10:00,950,688,0,939,1201,0
03/08/2025 10:15,670,700,0,1305,1275,0
03/08/2025 10:30,868,760,0,1227,1335,0
03/08/2025 10:45,1648,735,0,476,1389,0
03/08/2025 11:00,1158,995,0,1196,1359,0
03/08/2025 11:15,1400,729,0,458,1129,0
03/08/2025 11:30,984,1730,0,1492,746,0
03/08/2025 11:45,1008,946,0,650,712,0
03/08/2025 12:00,1180,449,0,181,912,0
03/08/2025 12:15,808,415,0,301,694,0
03/08/2025 12:30,1124,854,0,551,821,0
03/08/2025 12:45,868,473,0,258,653,0
03/08/2025 13:00,1093,740,0,257,610,0
03/08/2025 13:15,980,832,0,120,268,0
03/08/2025 13:30,1046,621,363,0,62,0
03/08/2025 13:45,1201,647,554,0,0,0
03/08/2025 14:00,984,900,66,0,18,0
03/08/2025 14:15,784,503,225,0,56,0
03/08/2025 14:30,845,361,462,0,22,0
03/08/2025 14:45,392,726,0,383,49,0
03/08/2025 15:00,653,436,205,0,12,0
03/08/2025 15:15,524,211,303,0,10,0
03/08/2025 15:30,356,159,135,0,62,0
03/08/2025 15:45,317,608,0,301,10,0
03/08/2025 16:00,210,444,211,0,2,447
03/08/2025 16:15,160,711,164,0,0,715
03/08/2025 16:30,137,780,124,0,0,767
03/08/2025 16:45,76,769,82,0,0,775
03/08/2025 17:00,44,540,41,0,0,537
03/08/2025 17:15,23,589,19,0,0,585
03/08/2025 17:30,6,860,2,0,0,856
03/08/2025 17:45,0,644,0,5,0,639
03/08/2025 18:00,0,680,0,4,0,676
03/08/2025 18:15,0,585,1,0,0,586
03/08/2025 18:30,0,616,0,2,0,614
03/08/2025 18:45,0,585,0,5,0,580
03/08/2025 19:00,0,683,0,4,0,679
03/08/2025 19:15,0,688,0,2,0,686
03/08/2025 19:30,0,612,0,4,0,608
03/08/2025 19:45,0,668,0,7,0,661
03/08/2025 20:00,0,618,1,0,0,619
03/08/2025 20:15,0,488,0,2,0,486
03/08/2025 20:30,0,831,0,0,0,831
03/08/2025 20:45,0,1075,0,1005,10,80
03/08/2025 21:00,0,412,0,416,4,0
03/08/2025 21:15,0,1406,0,1406,0,0
03/08/2025 21:30,0,1983,0,1983,0,0
03/08/2025 21:45,0,1150,0,1151,1,0
03/08/2025 22:00,0,304,0,304,0,0
03/08/2025 22:15,0,676,0,676,0,0
03/08/2025 22:30,0,188,0,189,1,0
03/08/2025 22:45,0,276,0,276,0,0
03/08/2025 23:00,0,613,0,613,0,0
03/08/2025 23:15,0,170,0,170,0,0
03/08/2025 23:30,0,262,0,262,0,0
03/08/2025 23:45,0,704,0,704,0,0
03/09/2025 00:00,0,655,0,655,0,0
03/09/2025 00:15,0,190,0,190,0,0
03/09/2025 00:30,0,611,0,613,2,0
03/09/2025 00:45,0,218,0,222,4,0
03/09/2025 01:00,0,399,0,403,4,0
03/09/2025 01:15,0,833,0,837,4,0
03/09/2025 01:30,0,593,0,595,2,0
03/09/2025 01:45,0,668,0,668,0,0
03/09/2025 03:00,0,534,0,538,4,0
03/09/2025 03:15,0,510,0,512,2,0
03/09/2025 03:30,0,760,0,762,2,0
03/09/2025 03:45,0,535,0,535,0,0
03/09/2025 04:00,0,537,0,539,2,0
03/09/2025 04:15,0,648,0,650,2,0
03/09/2025 04:30,0,564,0,564,0,0
03/09/2025 04:45,0,833,0,835,2,0
03/09/2025 05:00,0,569,0,575,6,0
03/09/2025 05:15,0,533,0,537,4,0
03/09/2025 05:30,0,676,0,680,4,0
03/09/2025 05:45,0,534,0,536,2,0
03/09/2025 06:00,0,653,0,654,1,0
03/09/2025 06:15,0,618,0,620,2,0
03/09/2025 06:30,0,506,0,507,1,0
03/09/2025 06:45,0,655,0,657,2,0
03/09/2025 07:00,0,547,0,551,4,0
03/09/2025 07:15,28,558,0,548,18,0
03/09/2025 07:30,162,630,0,629,161,0
03/09/2025 07:45,277,589,0,595,283,0
03/09/2025 08:00,354,909,0,912,357,0
03/09/2025 08:15,428,1242,0,1246,432,0
03/09/2025 08:30,469,1336,0,1341,474,0
03/09/2025 08:45,521,825,0,826,522,0
03/09/2025 09:00,564,968,0,972,568,0
03/09/2025 09:15,606,777,0,776,605,0
03/09/2025 09:30,615,651,0,656,620,0
03/09/2025 09:45,715,819,0,820,716,0
03/09/2025 10:00,524,525,0,530,529,0
03/09/2025 10:15,791,834,0,840,797,0
03/09/2025 10:30,854,542,0,548,860,0
03/09/2025 10:45,1025,913,0,908,1020,0
03/09/2025 11:00,1149,554,0,498,1093,0
03/09/2025 11:15,1214,541,0,443,1116,0
03/09/2025 11:30,1260,555,0,436,1141,0
03/09/2025 11:45,1336,734,0,499,1101,0
03/09/2025 12:00,1420,568,0,228,1080,0
03/09/2025 12:15,1455,559,0,55,951,0
03/09/2025 12:30,1419,964,0,311,766,0
03/09/2025 12:45,1409,604,275,0,530,0
03/09/2025 13:00,1480,239,1165,0,76,0
03/09/2025 13:15,1425,541,878,0,6,0
03/09/2025 13:30,842,186,594,0,62,0
03/09/2025 13:45,806,336,387,0,83,0
03/09/2025 14:00,1424,158,1262,0,4,0
03/09/2025 14:15,1084,141,888,0,55,0
03/09/2025 14:30,1101,548,525,0,28,0
03/09/2025 14:45,718,650,56,0,12,0
03/09/2025 15:00,1020,390,590,0,40,0
03/09/2025 15:15,996,397,560,0,39,0
03/09/2025 15:30,868,612,219,0,37,0
03/09/2025 15:45,613,464,136,0,13,0
03/09/2025 16:00,514,438,512,0,0,436
03/09/2025 16:15,449,537,446,0,0,534
03/09/2025 16:30,381,386,381,0,0,386
03/09/2025 16:45,277,129,274,0,0,126
03/09/2025 17:00,261,131,257,0,0,127
03/09/2025 17:15,190,179,182,0,0,171
03/09/2025 17:30,137,550,128,0,0,541
03/09/2025 17:45,97,801,97,0,0,801
03/09/2025 18:00,80,441,77,0,0,438
03/09/2025 18:15,25,640,21,0,0,636
03/09/2025 18:30,6,436,4,0,0,434
03/09/2025 18:45,0,548,0,5,0,543
03/09/2025 19:00,0,443,0,4,0,439
03/09/2025 19:15,0,1017,0,4,0,1013
03/09/2025 19:30,0,735,0,3,0,732
03/09/2025 19:45,0,326,0,3,0,323
03/09/2025 20:00,0,380,0,4,0,376
03/09/2025 20:15,0,632,0,10,0,622
03/09/2025 20:30,0,971,0,6,0,965
03/09/2025 20:45,0,682,0,12,0,670
03/09/2025 21:00,0,1027,0,4,0,1023
03/09/2025 21:15,0,1597,0,533,4,1068
03/09/2025 21:30,0,1973,0,1982,9,0
03/09/2025 21:45,0,1057,0,1058,1,0
03/09/2025 22:00,0,426,0,426,0,0
03/09/2025 22:15,0,595,0,595,0,0
03/09/2025 22:30,0,652,0,653,1,0
03/09/2025 22:45,0,210,0,212,2,0
03/09/2025 23:00,0,174,0,174,0,0
03/09/2025 23:15,0,456,0,456,0,0
03/09/2025 23:30,0,465,0,467,2,0
03/09/2025 23:45,0,147,0,149,2,0
03/10/2025 00:00,0,172,0,172,0,0
03/10/2025 00:15,0,626,0,626,0,0
03/10/2025 00:30,0,267,0,267,0,0
03/10/2025 00:45,0,170,0,170,0,0
03/10/2025 01:00,0,420,0,420,0,0
03/10/2025 01:15,0,708,0,708,0,0
03/10/2025 01:30,0,541,0,541,0,0
03/10/2025 01:45,0,566,0,566,0,0
03/10/2025 02:00,0,623,0,625,2,0
03/10/2025 02:15,0,573,0,573,0,0
03/10/2025 02:30,0,654,0,656,2,0
03/10/2025 02:45,0,607,0,609,2,0
03/10/2025 03:00,0,572,0,574,2,0
03/10/2025 03:15,0,659,0,661,2,0
03/10/2025 03:30,0,608,0,610,2,0
03/10/2025 03:45,0,541,0,541,0,0
03/10/2025 04:00,0,641,0,644,3,0
03/10/2025 04:15,0,564,0,565,1,0
03/10/2025 04:30,0,563,0,567,4,0
03/10/2025 04:45,0,452,0,452,0,0
03/10/2025 05:00,0,405,0,407,2,0
03/10/2025 05:15,0,189,0,193,4,0
03/10/2025 05:30,0,596,0,598,2,0
03/10/2025 05:45,0,227,0,229,2,0
03/10/2025 06:00,0,136,0,138,2,0
03/10/2025 06:15,0,532,0,534,2,0
03/10/2025 06:30,0,784,0,788,4,0
03/10/2025 06:45,0,691,0,693,2,0
03/10/2025 07:00,0,783,0,788,5,0
03/10/2025 07:15,27,689,0,680,18,0
03/10/2025 07:30,160,630,0,625,155,0
03/10/2025 07:45,271,582,0,580,269,0
03/10/2025 08:00,353,540,0,545,358,0
03/10/2025 08:15,433,585,0,588,436,0
03/10/2025 08:30,494,758,0,758,494,0
03/10/2025 08:45,521,545,0,550,526,0
03/10/2025 09:00,574,1788,0,1791,577,0
03/10/2025 09:15,606,1465,0,1478,619,0
03/10/2025 09:30,607,1021,0,1025,611,0
03/10/2025 09:45,687,437,0,442,692,0
03/10/2025 10:00,773,419,0,422,776,0
03/10/2025 10:15,832,1099,0,1101,834,0
03/10/2025 10:30,893,868,0,870,895,0
03/10/2025 10:45,1012,391,0,393,1014,0
03/10/2025 11:00,1134,230,0,232,1136,0
03/10/2025 11:15,1210,1484,0,1464,1190,0
03/10/2025 11:30,1303,250,0,256,1309,0
03/10/2025 11:45,1328,280,0,243,1291,0
03/10/2025 12:00,1296,148,0,45,1193,0
03/10/2025 12:15,1168,135,39,0,994,0
03/10/2025 12:30,1008,180,484,0,344,0
03/10/2025 12:45,1100,312,754,0,34,0
03/10/2025 13:00,1354,145,1137,0,72,0
03/10/2025 13:15,1244,152,1060,0,32,0
03/10/2025 13:30,1163,285,814,0,64,0
03/10/2025 13:45,1275,269,975,0,31,0
03/10/2025 14:00,1296,128,1166,0,2,0
03/10/2025 14:15,1099,126,877,0,96,0
03/10/2025 14:30,1174,288,879,0,7,0
03/10/2025 14:45,1005,147,831,0,27,0
03/10/2025 15:00,891,148,675,0,68,0
03/10/2025 15:15,829,317,508,0,4,0
03/10/2025 15:30,745,477,240,0,28,0
03/10/2025 15:45,632,362,250,0,20,0
03/10/2025 16:00,509,234,491,0,18,234
03/10/2025 16:15,437,153,436,0,0,152
03/10/2025 16:30,376,170,371,0,0,165
03/10/2025 16:45,306,170,302,0,0,166
03/10/2025 17:00,207,144,204,0,0,141
03/10/2025 17:15,154,137,148,0,0,131
03/10/2025 17:30,120,564,110,0,0,554
03/10/2025 17:45,71,256,76,0,0,261
03/10/2025 18:00,44,246,34,0,0,236
03/10/2025 18:15,27,379,29,0,0,381
03/10/2025 18:30,9,143,4,0,0,138
03/10/2025 18:45,0,151,0,4,0,147
03/10/2025 19:00,0,221,1,0,0,222
03/10/2025 19:15,0,335,1,0,0,336
03/10/2025 19:30,0,670,0,4,0,666
03/10/2025 19:45,0,610,0,6,0,604
03/10/2025 20:00,0,929,0,10,0,919
03/10/2025 20:15,0,1123,0,0,0,1123
03/10/2025 20:30,0,1698,1,0,0,1699
03/10/2025 20:45,0,1541,9,0,0,1550
03/10/2025 21:00,0,330,3,0,0,333
03/10/2025 21:15,0,249,0,7,0,242
03/10/2025 21:30,0,565,0,7,0,558
03/10/2025 21:45,0,447,2,0,0,449
03/10/2025 22:00,0,364,0,5,0,359
03/10/2025 22:15,0,408,0,5,0,403
03/10/2025 22:30,0,397,0,310,8,95
03/10/2025 22:45,0,605,0,611,6,0
03/10/2025 23:00,0,350,0,351,1,0
03/10/2025 23:15,0,350,0,351,1,0
03/10/2025 23:30,0,108,0,108,0,0
03/10/2025 23:45,0,112,0,112,0,0
03/11/2025 00:00,0,291,0,291,0,0
03/11/2025 00:15,0,505,0,505,0,0
03/11/2025 00:30,0,132,0,132,0,0
03/11/2025 00:45,0,457,0,457,0,0
03/11/2025 01:00,0,509,0,511,2,0
03/11/2025 01:15,0,534,0,536,2,0
03/11/2025 01:30,0,148,0,148,0,0
03/11/2025 01:45,0,109,0,109,0,0
03/11/2025 02:00,0,175,0,175,0,0
03/11/2025 02:15,0,620,0,624,4,0
03/11/2025 02:30,0,312,0,314,2,0
03/11/2025 02:45,0,500,0,500,0,0
03/11/2025 03:00,0,279,0,279,0,0
03/11/2025 03:15,0,470,0,470,0,0
03/11/2025 03:30,0,116,0,118,2,0
03/11/2025 03:45,0,113,0,113,0,0
03/11/2025 04:00,0,630,0,630,0,0
03/11/2025 04:15,0,455,0,459,4,0
03/11/2025 04:30,0,108,0,111,3,0
03/11/2025 04:45,0,522,0,525,3,0
03/11/2025 05:00,0,633,0,637,4,0
03/11/2025 05:15,0,560,0,564,4,0
03/11/2025 05:30,0,717,0,719,2,0
03/11/2025 05:45,0,553,0,557,4,0
03/11/2025 06:00,0,538,0,540,2,0
03/11/2025 06:15,0,697,0,699,2,0
03/11/2025 06:30,0,583,0,583,0,0
03/11/2025 06:45,0,580,0,582,2,0
03/11/2025 07:00,2,520,0,522,4,0
03/11/2025 07:15,42,529,0,519,32,0
03/11/2025 07:30,166,532,0,532,166,0
03/11/2025 07:45,266,505,0,503,264,0
03/11/2025 08:00,349,694,0,697,352,0
03/11/2025 08:15,434,558,0,564,440,0
03/11/2025 08:30,496,532,0,537,501,0
03/11/2025 08:45,515,538,0,543,520,0
03/11/2025 09:00,572,498,0,498,572,0
03/11/2025 09:15,603,405,0,410,608,0
03/11/2025 09:30,611,382,0,387,616,0
03/11/2025 09:45,687,405,0,415,697,0
03/11/2025 10:00,759,347,0,357,769,0
03/11/2025 10:15,819,188,0,197,828,0
03/11/2025 10:30,880,97,0,105,888,0
03/11/2025 10:45,1002,118,0,126,1010,0
03/11/2025 11:00,1119,91,0,94,1122,0
03/11/2025 11:15,1197,122,0,130,1205,0
03/11/2025 11:30,1283,106,0,111,1288,0
03/11/2025 11:45,1330,96,0,101,1335,0
03/11/2025 12:00,1363,95,0,30,1298,0
03/11/2025 12:15,1374,118,399,0,857,0
03/11/2025 12:30,1379,347,820,0,212,0
03/11/2025 12:45,1391,437,927,0,27,0
03/11/2025 13:00,1401,360,967,0,74,0
03/11/2025 13:15,1392,339,977,0,76,0
03/11/2025 13:30,1378,101,1249,0,28,0
03/11/2025 13:45,1355,135,1178,0,42,0
03/11/2025 14:00,1315,117,1164,0,34,0
03/11/2025 14:15,1261,108,1126,0,27,0
03/11/2025 14:30,1189,126,1015,0,48,0
03/11/2025 14:45,1096,103,961,0,32,0
03/11/2025 15:00,1001,99,862,0,40,0
03/11/2025 15:15,870,99,723,0,48,0
03/11/2025 15:30,732,116,587,0,29,0
03/11/2025 15:45,602,97,480,0,25,0
03/11/2025 16:00,513,119,530,0,0,136
03/11/2025 16:15,441,108,439,0,0,106
03/11/2025 16:30,385,101,382,0,0,98
03/11/2025 16:45,313,99,310,0,0,96
03/11/2025 17:00,212,122,207,0,0,117
03/11/2025 17:15,160,126,156,0,0,122
03/11/2025 17:30,127,489,114,0,0,476
03/11/2025 17:45,79,220,79,0,0,220
03/11/2025 18:00,50,147,44,0,0,141
03/11/2025 18:15,31,417,30,0,0,416
03/11/2025 18:30,8,117,5,0,0,114
03/11/2025 18:45,0,154,0,5,0,149
03/11/2025 19:00,0,183,0,6,0,177
03/11/2025 19:15,0,205,3,0,0,208
03/11/2025 19:30,0,202,0,5,0,197
03/11/2025 19:45,0,178,0,8,0,170
03/11/2025 20:00,0,534,0,8,0,526
03/11/2025 20:15,0,875,0,9,0,866
03/11/2025 20:30,0,2113,0,4,0,2109
03/11/2025 20:45,1,1706,6,0,0,1711
03/11/2025 21:00,0,585,2,0,0,587
03/11/2025 21:15,0,454,1,0,0,455
03/11/2025 21:30,0,531,1,0,0,532
03/11/2025 21:45,0,514,1,0,0,515
03/11/2025 22:00,0,338,0,5,0,333
03/11/2025 22:15,0,432,0,4,0,428
03/11/2025 22:30,0,601,0,9,0,592
03/11/2025 22:45,0,197,0,4,0,193
03/11/2025 23:00,0,123,0,5,0,118
03/11/2025 23:15,0,262,0,9,0,253
03/11/2025 23:30,0,509,0,490,12,31
03/11/2025 23:45,0,346,0,346,0,0
03/12/2025 00:00,0,138,0,138,0,0
03/12/2025 00:15,0,330,0,330,0,0
03/12/2025 00:30,0,155,0,159,4,0
03/12/2025 00:45,0,106,0,109,3,0
03/12/2025 01:00,0,113,0,118,5,0
03/12/2025 01:15,0,113,0,117,4,0
03/12/2025 01:30,0,102,0,106,4,0
03/12/2025 01:45,0,401,0,405,4,0
03/12/2025 02:00,0,381,0,385,4,0
03/12/2025 02:15,0,98,0,104,6,0
03/12/2025 02:30,0,97,0,101,4,0
03/12/2025 02:45,0,113,0,117,4,0
03/12/2025 03:00,0,109,0,114,5,0
03/12/2025 03:15,0,410,0,415,5,0
03/12/2025 03:30,0,217,0,220,3,0
03/12/2025 03:45,0,429,0,434,5,0
03/12/2025 04:00,0,175,0,179,4,0
03/12/2025 04:15,0,139,0,144,5,0
03/12/2025 04:30,0,365,0,370,5,0
03/12/2025 04:45,0,112,0,116,4,0
03/12/2025 05:00,0,95,0,100,5,0
03/12/2025 05:15,0,114,0,119,5,0
03/12/2025 05:30,0,420,0,423,3,0
03/12/2025 05:45,0,494,0,499,5,0
03/12/2025 06:00,0,97,0,101,4,0
03/12/2025 06:15,0,105,0,109,4,0
03/12/2025 06:30,0,564,0,568,4,0
03/12/2025 06:45,0,500,0,505,5,0
03/12/2025 07:00,8,379,0,377,6,0
03/12/2025 07:15,48,410,0,402,40,0
03/12/2025 07:30,93,601,0,604,96,0
03/12/2025 07:45,146,393,0,389,142,0
03/12/2025 08:00,219,408,0,407,218,0
03/12/2025 08:15,263,486,0,491,268,0
03/12/2025 08:30,318,448,0,453,323,0
03/12/2025 08:45,409,406,0,413,416,0
03/12/2025 09:00,387,514,0,523,396,0
03/12/2025 09:15,544,485,0,484,543,0
03/12/2025 09:30,583,419,0,434,598,0
03/12/2025 09:45,693,347,0,354,700,0
03/12/2025 10:00,798,121,0,127,804,0
03/12/2025 10:15,873,142,0,149,880,0
03/12/2025 10:30,969,346,0,356,979,0
03/12/2025 10:45,1072,663,0,669,1078,0
03/12/2025 11:00,1171,438,0,440,1173,0
03/12/2025 11:15,1272,132,0,136,1276,0
03/12/2025 11:30,1355,129,0,132,1358,0
03/12/2025 11:45,1360,131,0,137,1366,0
03/12/2025 12:00,1442,223,0,204,1423,0
03/12/2025 12:15,1455,523,0,160,1092,0
03/12/2025 12:30,1447,370,827,0,250,0
03/12/2025 12:45,1521,166,1301,0,54,0
03/12/2025 13:00,1363,229,1077,0,57,0
03/12/2025 13:15,1498,138,1283,0,77,0
03/12/2025 13:30,1438,138,1271,0,29,0
03/12/2025 13:45,1408,141,1229,0,38,0
03/12/2025 14:00,1274,446,780,0,48,0
03/12/2025 14:15,1202,459,718,0,25,0
03/12/2025 14:30,1167,117,1029,0,21,0
03/12/2025 14:45,1024,128,851,0,45,0
03/12/2025 15:00,908,122,738,0,48,0
03/12/2025 15:15,861,139,716,0,6,0
03/12/2025 15:30,796,192,516,0,88,0
03/12/2025 15:45,700,568,124,0,8,0
03/12/2025 16:00,586,350,594,0,0,358
03/12/2025 16:15,517,139,517,0,0,139
03/12/2025 16:30,459,115,458,0,0,114
03/12/2025 16:45,368,137,365,0,0,134
03/12/2025 17:00,277,105,274,0,0,102
03/12/2025 17:15,259,396,249,0,0,386
03/12/2025 17:30,172,784,176,0,0,788
03/12/2025 17:45,142,439,143,0,0,440
03/12/2025 18:00,72,466,64,0,0,458
03/12/2025 18:15,34,384,35,0,0,385
03/12/2025 18:30,7,191,4,0,0,188
03/12/2025 18:45,0,580,0,14,0,566
03/12/2025 19:00,0,666,3,0,0,669
03/12/2025 19:15,0,622,0,4,0,618
03/12/2025 19:30,0,529,0,0,0,529
03/12/2025 19:45,0,163,0,4,0,159
03/12/2025 20:00,0,435,0,5,0,430
03/12/2025 20:15,0,935,0,6,0,929
03/12/2025 20:30,0,669,1,0,0,670
03/12/2025 20:45,0,1034,0,1,0,1033
03/12/2025 21:00,0,504,0,2,0,502
03/12/2025 21:15,0,445,0,1,0,444
03/12/2025 21:30,0,470,0,7,0,463
03/12/2025 21:45,0,663,0,5,0,658
03/12/2025 22:00,0,348,0,1,0,347
03/12/2025 22:15,0,656,0,2,0,654
03/12/2025 22:30,0,878,0,811,11,78
03/12/2025 22:45,0,332,0,340,8,0
03/12/2025 23:00,0,527,0,533,6,0
03/12/2025 23:15,0,137,0,139,2,0
03/12/2025 23:30,0,147,0,147,0,0
03/12/2025 23:45,0,122,0,122,0,0
03/13/2025 00:00,0,377,0,379,2,0
03/13/2025 00:15,0,439,0,439,0,0
03/13/2025 00:30,0,544,0,545,1,0
03/13/2025 00:45,0,364,0,364,0,0
03/13/2025 01:00,0,254,0,255,1,0
03/13/2025 01:15,0,593,0,596,3,0
03/13/2025 01:30,0,127,0,130,3,0
03/13/2025 01:45,0,102,0,105,3,0
03/13/2025 02:00,0,229,0,229,0,0
03/13/2025 02:15,0,712,0,714,2,0
03/13/2025 02:30,0,286,0,286,0,0
03/13/2025 02:45,0,102,0,103,1,0
03/13/2025 03:00,0,211,0,212,1,0
03/13/2025 03:15,0,622,0,624,2,0
03/13/2025 03:30,0,132,0,135,3,0
03/13/2025 03:45,0,511,0,514,3,0
03/13/2025 04:00,0,542,0,545,3,0
03/13/2025 04:15,0,241,0,242,1,0
03/13/2025 04:30,0,99,0,101,2,0
03/13/2025 04:45,0,171,0,175,4,0
03/13/2025 05:00,0,717,0,721,4,0
03/13/2025 05:15,0,468,0,472,4,0
03/13/2025 05:30,0,101,0,105,4,0
03/13/2025 05:45,0,288,0,292,4,0
03/13/2025 06:00,0,624,0,626,2,0
03/13/2025 06:15,0,514,0,516,2,0
03/13/2025 06:30,0,678,0,680,2,0
03/13/2025 06:45,0,645,0,648,3,0
03/13/2025 07:00,0,569,0,573,4,0
03/13/2025 07:15,22,559,0,551,14,0
03/13/2025 07:30,57,541,0,538,54,0
03/13/2025 07:45,118,549,0,544,113,0
03/13/2025 08:00,147,544,0,552,155,0
03/13/2025 08:15,197,528,0,528,197,0
03/13/2025 08:30,294,627,0,631,298,0
03/13/2025 08:45,334,586,0,587,335,0
03/13/2025 09:00,556,556,0,555,555,0
03/13/2025 09:15,621,558,0,541,604,0
03/13/2025 09:30,695,694,0,702,703,0
03/13/2025 09:45,765,469,0,476,772,0
03/13/2025 10:00,798,200,0,203,801,0
03/13/2025 10:15,923,138,0,141,926,0
03/13/2025 10:30,1020,110,0,117,1027,0
03/13/2025 10:45,1044,115,0,115,1044,0
03/13/2025 11:00,1204,119,0,107,1192,0
03/13/2025 11:15,1312,125,0,122,1309,0
03/13/2025 11:30,1492,212,0,197,1477,0
03/13/2025 11:45,1591,709,0,601,1483,0
03/13/2025 12:00,1623,528,0,189,1284,0
03/13/2025 12:15,1552,136,492,0,924,0
03/13/2025 12:30,1457,118,1026,0,313,0
03/13/2025 12:45,1455,131,1275,0,49,0
03/13/2025 13:00,1175,311,808,0,56,0
03/13/2025 13:15,1016,229,711,0,76,0
03/13/2025 13:30,872,581,225,0,66,0
03/13/2025 13:45,936,446,480,0,10,0
03/13/2025 14:00,954,378,550,0,26,0
03/13/2025 14:15,921,719,139,0,63,0
03/13/2025 14:30,886,540,333,0,13,0
03/13/2025 14:45,1233,193,1001,0,39,0
03/13/2025 15:00,1091,167,897,0,27,0
03/13/2025 15:15,980,111,829,0,40,0
03/13/2025 15:30,835,149,658,0,28,0
03/13/2025 15:45,662,103,537,0,22,0
03/13/2025 16:00,534,130,558,0,0,154
03/13/2025 16:15,627,121,625,0,0,119
03/13/2025 16:30,433,98,430,0,0,95
03/13/2025 16:45,357,121,354,0,0,118
03/13/2025 17:00,274,528,262,0,0,516
03/13/2025 17:15,208,530,212,0,0,534
03/13/2025 17:30,170,774,163,0,0,767
03/13/2025 17:45,114,222,117,0,0,225
03/13/2025 18:00,82,283,69,0,0,270
03/13/2025 18:15,43,419,46,0,0,422
03/13/2025 18:30,10,314,0,2,0,302
03/13/2025 18:45,0,742,0,5,0,737
03/13/2025 19:00,0,654,8,0,0,662
03/13/2025 19:15,0,689,0,4,0,685
03/13/2025 19:30,0,603,0,4,0,599
03/13/2025 19:45,0,614,0,4,0,610
03/13/2025 20:00,0,619,0,1,0,618
03/13/2025 20:15,0,699,0,10,0,689
03/13/2025 20:30,0,857,2,0,0,859
03/13/2025 20:45,0,604,0,5,0,599
03/13/2025 21:00,0,857,4,0,0,861
03/13/2025 21:15,0,493,2,0,0,495
03/13/2025 21:30,0,900,0,4,0,896
03/13/2025 21:45,0,276,0,4,0,272
03/13/2025 22:00,0,200,0,48,2,154
03/13/2025 22:15,0,463,0,465,2,0
03/13/2025 22:30,0,1018,0,1018,0,0
03/13/2025 22:45,0,797,0,797,0,0
03/13/2025 23:00,0,267,0,267,0,0
03/13/2025 23:15,0,216,0,216,0,0
03/13/2025 23:30,0,486,0,486,0,0
03/13/2025 23:45,0,154,0,154,0,0
03/14/2025 00:00,0,123,0,123,0,0
03/14/2025 00:15,0,555,0,559,4,0
03/14/2025 00:30,0,225,0,227,2,0
03/14/2025 00:45,0,317,0,317,0,0
03/14/2025 01:00,0,632,0,632,0,0
03/14/2025 01:15,0,288,0,288,0,0
03/14/2025 01:30,0,132,0,132,0,0
03/14/2025 01:45,0,190,0,190,0,0
03/14/2025 02:00,0,590,0,592,2,0
03/14/2025 02:15,0,295,0,295,0,0
03/14/2025 02:30,0,612,0,612,0,0
03/14/2025 02:45,0,532,0,532,0,0
03/14/2025 03:00,0,160,0,160,0,0
03/14/2025 03:15,0,112,0,114,2,0
03/14/2025 03:30,0,538,0,538,0,0
03/14/2025 03:45,0,496,0,498,2,0
03/14/2025 04:00,0,549,0,551,2,0
03/14/2025 04:15,0,412,0,412,0,0
03/14/2025 04:30,0,605,0,605,0,0
03/14/2025 04:45,0,530,0,532,2,0
03/14/2025 05:00,0,674,0,675,1,0
03/14/2025 05:15,0,602,0,605,3,0
03/14/2025 05:30,0,562,0,564,2,0
03/14/2025 05:45,0,595,0,597,2,0
03/14/2025 06:00,0,483,0,487,4,0
03/14/2025 06:15,0,115,0,117,2,0
03/14/2025 06:30,0,596,0,598,2,0
03/14/2025 06:45,0,636,0,636,0,0
03/14/2025 07:00,0,543,0,545,2,0
03/14/2025 07:15,12,597,0,593,8,0
03/14/2025 07:30,62,554,0,546,54,0
03/14/2025 07:45,121,518,0,514,117,0
03/14/2025 08:00,180,516,0,523,187,0
03/14/2025 08:15,269,528,0,529,270,0
03/14/2025 08:30,487,542,0,546,491,0
03/14/2025 08:45,508,673,0,679,514,0
03/14/2025 09:00,577,590,0,596,583,0
03/14/2025 09:15,653,568,0,574,659,0
03/14/2025 09:30,671,620,0,625,676,0
03/14/2025 09:45,756,939,0,943,760,0
03/14/2025 10:00,815,497,0,503,821,0
03/14/2025 10:15,846,157,0,162,851,0
03/14/2025 10:30,975,185,0,194,984,0
03/14/2025 10:45,1089,436,0,438,1091,0
03/14/2025 11:00,1156,477,0,489,1168,0
03/14/2025 11:15,1239,230,0,235,1244,0
03/14/2025 11:30,1316,124,0,133,1325,0
03/14/2025 11:45,1364,95,0,99,1368,0
03/14/2025 12:00,1375,525,0,368,1218,0
03/14/2025 12:15,1389,714,0,232,907,0
03/14/2025 12:30,1406,1697,0,599,308,0
03/14/2025 12:45,1423,2096,0,692,19,0
03/14/2025 13:00,1425,966,393,0,66,0
03/14/2025 13:15,1415,515,827,0,73,0
03/14/2025 13:30,1393,500,865,0,28,0
03/14/2025 13:45,1369,484,867,0,18,0
03/14/2025 14:00,1333,435,831,0,67,0
03/14/2025 14:15,1273,227,1027,0,19,0
03/14/2025 14:30,1199,443,735,0,21,0
03/14/2025 14:45,1107,359,700,0,48,0
03/14/2025 15:00,1016,153,822,0,41,0
03/14/2025 15:15,892,389,499,0,4,0
03/14/2025 15:30,763,229,439,0,95,0
03/14/2025 15:45,644,136,501,0,7,0
03/14/2025 16:00,546,127,568,0,0,149
03/14/2025 16:15,472,409,460,0,0,397
03/14/2025 16:30,408,487,406,0,0,485
03/14/2025 16:45,338,239,338,0,0,239
03/14/2025 17:00,245,348,243,0,0,346
03/14/2025 17:15,184,108,178,0,0,102
03/14/2025 17:30,144,467,132,0,0,455
03/14/2025 17:45,88,360,92,0,0,364
03/14/2025 18:00,62,123,61,0,0,122
03/14/2025 18:15,42,461,30,0,0,449
03/14/2025 18:30,15,413,19,0,0,417
03/14/2025 18:45,0,381,0,9,0,372
03/14/2025 19:00,0,190,9,0,0,199
03/14/2025 19:15,0,175,0,3,0,172
03/14/2025 19:30,0,138,0,4,0,134
03/14/2025 19:45,0,145,0,4,0,141
03/14/2025 20:00,0,364,0,8,0,356
03/14/2025 20:15,0,689,0,1,0,688
03/14/2025 20:30,0,795,7,0,0,802
03/14/2025 20:45,0,938,5,0,0,943
03/14/2025 21:00,0,390,1,0,0,391
03/14/2025 21:15,0,416,1,0,0,417
03/14/2025 21:30,0,438,10,0,0,448
03/14/2025 21:45,0,373,0,0,0,373
03/14/2025 22:00,0,393,0,5,0,388
03/14/2025 22:15,0,555,0,1,0,554
03/14/2025 22:30,0,194,0,5,0,189
03/14/2025 22:45,0,144,0,7,0,137
03/14/2025 23:00,0,156,0,4,0,152
03/14/2025 23:15,0,412,0,10,0,402
03/14/2025 23:30,0,518,0,3,0,515
03/14/2025 23:45,0,132,0,6,0,126
03/15/2025 00:00,0,117,0,4,0,113
03/15/2025 00:15,0,298,0,10,0,288
03/15/2025 00:30,0,515,0,325,8,198
03/15/2025 00:45,0,129,0,138,9,0
03/15/2025 01:00,0,143,0,143,0,0
03/15/2025 01:15,0,351,0,351,0,0
03/15/2025 01:30,0,459,0,460,1,0
03/15/2025 01:45,0,122,0,122,0,0
03/15/2025 02:00,0,125,0,125,0,0
03/15/2025 02:15,0,511,0,511,0,0
03/15/2025 02:30,0,303,0,304,1,0
03/15/2025 02:45,0,118,0,120,2,0
03/15/2025 03:00,0,221,0,221,0,0
03/15/2025 03:15,0,642,0,645,3,0
03/15/2025 03:30,0,144,0,148,4,0
03/15/2025 03:45,0,108,0,110,2,0
03/15/2025 04:00,0,627,0,628,1,0
03/15/2025 04:15,0,587,0,590,3,0
03/15/2025 04:30,0,554,0,555,1,0
03/15/2025 04:45,0,579,0,580,1,0
03/15/2025 05:00,0,542,0,547,5,0
03/15/2025 05:15,0,568,0,571,3,0
03/15/2025 05:30,0,587,0,590,3,0
03/15/2025 05:45,0,541,0,544,3,0
03/15/2025 06:00,0,540,0,544,4,0
03/15/2025 06:15,0,570,0,571,1,0
03/15/2025 06:30,0,687,0,689,2,0
03/15/2025 06:45,0,587,0,589,2,0
03/15/2025 07:00,0,591,0,592,1,0
03/15/2025 07:15,16,630,0,622,8,0
03/15/2025 07:30,46,650,0,644,40,0
03/15/2025 07:45,56,882,0,888,62,0
03/15/2025 08:00,56,719,0,727,64,0
03/15/2025 08:15,92,679,0,677,90,0
03/15/2025 08:30,141,574,0,578,145,0
03/15/2025 08:45,146,484,0,487,149,0
03/15/2025 09:00,166,259,0,264,171,0
03/15/2025 09:15,197,121,0,121,197,0
03/15/2025 09:30,244,128,0,134,250,0
03/15/2025 09:45,302,131,0,132,303,0
03/15/2025 10:00,399,139,0,140,400,0
03/15/2025 10:15,456,310,0,314,460,0
03/15/2025 10:30,527,569,0,571,529,0
03/15/2025 10:45,902,444,0,401,859,0
03/15/2025 11:00,1204,419,0,275,1060,0
03/15/2025 11:15,1268,345,0,285,1208,0
03/15/2025 11:30,1327,197,0,187,1317,0
03/15/2025 11:45,1378,332,0,336,1382,0
03/15/2025 12:00,1391,288,0,292,1395,0
03/15/2025 12:15,1408,110,0,120,1418,0
03/15/2025 12:30,1428,430,0,443,1441,0
03/15/2025 12:45,1434,453,0,438,1419,0
03/15/2025 13:00,1437,182,326,0,929,0
03/15/2025 13:15,1419,775,519,0,125,0
03/15/2025 13:30,1403,695,650,0,58,0
03/15/2025 13:45,1373,450,847,0,76,0
03/15/2025 14:00,1285,151,1104,0,30,0
03/15/2025 14:15,1263,161,1054,0,48,0
03/15/2025 14:30,1182,175,957,0,50,0
03/15/2025 14:45,1121,139,955,0,27,0
03/15/2025 15:00,1007,154,781,0,72,0
03/15/2025 15:15,893,130,735,0,28,0
03/15/2025 15:30,760,161,573,0,26,0
03/15/2025 15:45,644,121,491,0,32,0
03/15/2025 16:00,555,101,576,0,0,122
03/15/2025 16:15,475,96,473,0,0,94
03/15/2025 16:30,390,125,388,0,0,123
03/15/2025 16:45,322,128,320,0,0,126
03/15/2025 17:00,196,112,192,0,0,108
03/15/2025 17:15,183,178,177,0,0,172
03/15/2025 17:30,158,462,149,0,0,453
03/15/2025 17:45,118,385,121,0,0,388
03/15/2025 18:00,69,246,71,0,0,248
03/15/2025 18:15,34,445,32,0,0,443
03/15/2025 18:30,5,124,2,0,0,121
03/15/2025 18:45,0,128,0,4,0,124
03/15/2025 19:00,0,164,2,0,0,166
03/15/2025 19:15,0,393,0,6,0,387
03/15/2025 19:30,0,572,0,4,0,568
03/15/2025 19:45,0,433,0,1,0,432
03/15/2025 20:00,0,189,0,4,0,185
03/15/2025 20:15,0,256,0,5,0,251
03/15/2025 20:30,0,483,0,3,0,480
03/15/2025 20:45,0,689,0,0,0,689
03/15/2025 21:00,0,534,0,1,0,533
03/15/2025 21:15,0,343,0,0,0,343
03/15/2025 21:30,0,193,0,7,0,186
03/15/2025 21:45,0,213,0,4,0,209
03/15/2025 22:00,0,222,0,2,0,220
03/15/2025 22:15,0,203,0,3,0,200
03/15/2025 22:30,0,350,0,5,0,345
03/15/2025 22:45,0,337,0,1,0,336
03/15/2025 23:00,0,129,0,6,0,123
03/15/2025 23:15,0,131,0,4,0,127
03/15/2025 23:30,0,114,0,4,0,110
03/15/2025 23:45,0,145,0,6,0,139
03/16/2025 00:00,0,511,0,7,0,504
03/16/2025 00:15,0,171,0,3,0,168
03/16/2025 00:30,0,125,0,5,1,121
03/16/2025 00:45,0,117,0,6,0,111
03/16/2025 01:00,0,116,0,6,0,110
03/16/2025 01:15,0,405,0,12,0,393
03/16/2025 01:30,0,290,0,4,0,286
03/16/2025 01:45,0,131,0,4,0,127
03/16/2025 02:00,0,101,0,5,0,96
03/16/2025 02:15,0,100,0,4,0,96
03/16/2025 02:30,0,428,0,9,0,419
03/16/2025 02:45,0,196,0,3,0,193
03/16/2025 03:00,0,99,0,6,0,93
03/16/2025 03:15,0,102,0,3,1,100
03/16/2025 03:30,0,157,0,7,0,150
03/16/2025 03:45,0,482,0,290,6,198
03/16/2025 04:00,0,99,0,109,10,0
03/16/2025 04:15,0,101,0,102,1,0
03/16/2025 04:30,0,116,0,117,1,0
03/16/2025 04:45,0,343,0,343,0,0
03/16/2025 05:00,0,402,0,404,2,0
03/16/2025 05:15,0,130,0,130,0,0
03/16/2025 05:30,0,131,0,132,1,0
03/16/2025 05:45,0,158,0,159,1,0
03/16/2025 06:00,0,457,0,459,2,0
03/16/2025 06:15,0,113,0,113,0,0
03/16/2025 06:30,0,410,0,412,2,0
03/16/2025 06:45,0,361,0,361,0,0
03/16/2025 07:00,0,365,0,369,4,0
03/16/2025 07:15,0,414,0,415,1,0
03/16/2025 07:30,27,393,0,387,21,0
03/16/2025 07:45,66,457,0,460,69,0
03/16/2025 08:00,89,632,0,635,92,0
03/16/2025 08:15,123,430,0,429,122,0
03/16/2025 08:30,166,122,0,123,167,0
03/16/2025 08:45,185,260,0,265,190,0
03/16/2025 09:00,192,749,0,749,192,0
03/16/2025 09:15,189,472,0,472,189,0
03/16/2025 09:30,264,304,0,304,264,0
03/16/2025 09:45,336,210,0,214,340,0
03/16/2025 10:00,315,117,0,120,318,0
03/16/2025 10:15,331,110,0,114,335,0
03/16/2025 10:30,336,119,0,121,338,0
03/16/2025 10:45,386,164,0,167,389,0
03/16/2025 11:00,303,105,0,111,309,0
03/16/2025 11:15,424,100,0,108,432,0
03/16/2025 11:30,512,106,0,109,515,0
03/16/2025 11:45,886,160,0,157,883,0
03/16/2025 12:00,574,256,0,269,587,0
03/16/2025 12:15,972,242,0,177,907,0
03/16/2025 12:30,841,455,0,382,768,0
03/16/2025 12:45,662,245,0,223,640,0
03/16/2025 13:00,657,109,0,103,651,0
03/16/2025 13:15,941,155,0,56,842,0
03/16/2025 13:30,973,163,0,54,864,0
03/16/2025 13:45,921,302,0,215,834,0
03/16/2025 14:00,799,367,0,332,764,0
03/16/2025 14:15,638,336,0,324,626,0
03/16/2025 14:30,624,390,0,368,602,0
03/16/2025 14:45,540,147,0,143,536,0
03/16/2025 15:00,512,170,0,169,511,0
03/16/2025 15:15,680,166,0,157,671,0
03/16/2025 15:30,480,131,0,134,483,0
03/16/2025 15:45,433,122,138,0,173,0
03/16/2025 16:00,446,117,467,0,0,138
03/16/2025 16:15,383,141,379,0,0,137
03/16/2025 16:30,264,138,262,0,0,136
03/16/2025 16:45,243,136,241,0,0,134
03/16/2025 17:00,162,111,158,0,0,107
03/16/2025 17:15,91,151,84,0,0,144
03/16/2025 17:30,96,439,91,0,0,434
03/16/2025 17:45,52,223,50,0,0,221
03/16/2025 18:00,33,121,32,0,0,120
03/16/2025 18:15,33,118,29,0,0,114
03/16/2025 18:30,4,119,1,0,0,116
03/16/2025 18:45,0,396,0,7,0,389
03/16/2025 19:00,0,192,0,3,0,189
03/16/2025 19:15,0,177,5,0,0,182
03/16/2025 19:30,0,158,0,4,0,154
03/16/2025 19:45,0,166,0,2,0,164
03/16/2025 20:00,0,340,0,13,0,327
03/16/2025 20:15,0,493,0,2,0,491
03/16/2025 20:30,0,1253,0,8,0,1245
03/16/2025 20:45,0,2002,0,2,0,2000
03/16/2025 21:00,0,1205,11,0,0,1216
03/16/2025 21:15,0,217,0,5,0,212
03/16/2025 21:30,0,183,0,4,0,179
03/16/2025 21:45,0,180,0,5,0,175
03/16/2025 22:00,0,188,0,6,0,182
03/16/2025 22:15,0,207,0,5,0,202
03/16/2025 22:30,0,169,0,5,0,164
03/16/2025 22:45,0,150,0,5,0,145
03/16/2025 23:00,0,127,0,5,0,122
03/16/2025 23:15,0,107,0,4,0,103
03/16/2025 23:30,0,121,0,7,0,114
03/16/2025 23:45,0,115,0,7,0,108
03/17/2025 00:00,0,128,0,5,0,123
03/17/2025 00:15,0,112,0,4,0,108
03/17/2025 00:30,0,98,0,5,0,93
03/17/2025 00:45,0,98,0,4,0,94
03/17/2025 01:00,0,123,0,5,0,118
03/17/2025 01:15,0,102,0,4,0,98
03/17/2025 01:30,0,127,0,5,0,122
03/17/2025 01:45,0,103,0,5,0,98
03/17/2025 02:00,0,96,0,4,0,92
03/17/2025 02:15,0,100,0,6,0,94
03/17/2025 02:30,0,128,0,4,0,124
03/17/2025 02:45,0,101,0,5,0,96
03/17/2025 03:00,0,123,0,5,0,118
03/17/2025 03:15,0,111,0,5,0,106
03/17/2025 03:30,0,99,0,6,0,93
03/17/2025 03:45,0,123,0,4,0,119
03/17/2025 04:00,0,126,0,13,0,113
03/17/2025 04:15,0,117,0,123,6,0
03/17/2025 04:30,0,119,0,123,4,0
03/17/2025 04:45,0,134,0,138,4,0
03/17/2025 05:00,0,104,0,110,6,0
03/17/2025 05:15,0,106,0,110,4,0
03/17/2025 05:30,0,107,0,111,4,0
03/17/2025 05:45,0,132,0,136,4,0
03/17/2025 06:00,0,109,0,113,4,0
03/17/2025 06:15,0,123,0,129,6,0
03/17/2025 06:30,0,130,0,134,4,0
03/17/2025 06:45,0,109,0,115,6,0
03/17/2025 07:00,0,130,0,134,4,0
03/17/2025 07:15,0,182,0,186,4,0
03/17/2025 07:30,0,164,0,166,2,0
03/17/2025 07:45,0,113,0,115,2,0
03/17/2025 08:00,6,125,0,124,5,0
03/17/2025 08:15,28,101,0,94,21,0
03/17/2025 08:30,42,103,0,95,34,0
03/17/2025 08:45,67,125,0,124,66,0
03/17/2025 09:00,107,152,0,153,108,0
03/17/2025 09:15,72,129,0,137,80,0
03/17/2025 09:30,75,147,0,146,74,0
03/17/2025 09:45,142,146,0,151,147,0
03/17/2025 10:00,80,120,0,127,87,0
03/17/2025 10:15,84,116,0,117,85,0
03/17/2025 10:30,143,133,0,128,138,0
03/17/2025 10:45,297,134,0,134,297,0
03/17/2025 11:00,426,114,0,118,430,0
03/17/2025 11:15,332,133,0,140,339,0
03/17/2025 11:30,343,136,0,146,353,0
03/17/2025 11:45,359,106,0,108,361,0
03/17/2025 12:00,460,94,0,93,459,0
03/17/2025 12:15,451,103,0,104,452,0
03/17/2025 12:30,450,121,0,126,455,0
03/17/2025 12:45,495,99,0,96,492,0
03/17/2025 13:00,419,108,0,116,427,0
03/17/2025 13:15,126,127,0,129,128,0
03/17/2025 13:30,123,97,0,91,117,0
03/17/2025 13:45,194,94,0,92,192,0
03/17/2025 14:00,330,98,0,90,322,0
03/17/2025 14:15,383,121,0,122,384,0
03/17/2025 14:30,299,93,0,98,304,0
03/17/2025 14:45,280,109,0,110,281,0
03/17/2025 15:00,241,126,0,124,239,0
03/17/2025 15:15,273,96,0,103,280,0
03/17/2025 15:30,194,96,0,91,189,0
03/17/2025 15:45,325,133,0,136,328,0
03/17/2025 16:00,127,165,135,0,8,181
03/17/2025 16:15,30,132,28,0,0,130
03/17/2025 16:30,19,146,13,0,0,140
03/17/2025 16:45,26,163,23,0,0,160
03/17/2025 17:00,80,117,80,0,0,117
03/17/2025 17:15,21,135,18,0,0,132
03/17/2025 17:30,7,326,0,8,0,311
03/17/2025 17:45,5,569,9,0,0,573
03/17/2025 18:00,9,153,4,0,0,148
03/17/2025 18:15,0,174,0,3,0,171
03/17/2025 18:30,0,298,0,10,0,288
03/17/2025 18:45,0,451,0,4,0,447
03/17/2025 19:00,0,187,4,0,0,191
03/17/2025 19:15,0,229,0,3,0,226
03/17/2025 19:30,0,211,0,4,0,207
03/17/2025 19:45,0,303,0,10,0,293
03/17/2025 20:00,0,781,0,9,0,772
03/17/2025 20:15,0,453,0,91,2,364
03/17/2025 20:30,0,1408,0,1414,6,0
03/17/2025 20:45,0,1754,0,1754,0,0
03/17/2025 21:00,0,873,0,874,1,0
03/17/2025 21:15,0,482,0,483,1,0
03/17/2025 21:30,0,232,0,232,0,0
03/17/2025 21:45,0,216,0,216,0,0
03/17/2025 22:00,0,258,0,258,0,0
03/17/2025 22:15,0,853,0,853,0,0
03/17/2025 22:30,0,507,0,507,0,0
03/17/2025 22:45,0,420,0,420,0,0
03/17/2025 23:00,0,204,0,204,0,0
03/17/2025 23:15,0,550,0,550,0,0
03/17/2025 23:30,0,165,0,165,0,0
03/17/2025 23:45,0,122,0,122,0,0
03/18/2025 00:00,0,116,0,118,2,0
03/18/2025 00:15,0,410,0,410,0,0
03/18/2025 00:30,0,298,0,298,0,0
03/18/2025 00:45,0,120,0,122,2,0
03/18/2025 01:00,0,138,0,139,1,0
03/18/2025 01:15,0,507,0,508,1,0
03/18/2025 01:30,0,237,0,237,0,0
03/18/2025 01:45,0,99,0,101,2,0
03/18/2025 02:00,0,175,0,177,2,0
03/18/2025 02:15,0,540,0,541,1,0
03/18/2025 02:30,0,102,0,103,1,0
03/18/2025 02:45,0,108,0,110,2,0
03/18/2025 03:00,0,371,0,375,4,0
03/18/2025 03:15,0,402,0,403,1,0
03/18/2025 03:30,0,128,0,129,1,0
03/18/2025 03:45,0,218,0,220,2,0
03/18/2025 04:00,0,631,0,631,0,0
03/18/2025 04:15,0,213,0,216,3,0
03/18/2025 04:30,0,99,0,101,2,0
03/18/2025 04:45,0,468,0,472,4,0
03/18/2025 05:00,0,222,0,227,5,0
03/18/2025 05:15,0,142,0,146,4,0
03/18/2025 05:30,0,402,0,404,2,0
03/18/2025 05:45,0,351,0,353,2,0
03/18/2025 06:00,0,119,0,121,2,0
03/18/2025 06:15,0,334,0,338,4,0
03/18/2025 06:30,0,772,0,775,3,0
03/18/2025 06:45,0,646,0,648,2,0
03/18/2025 07:00,0,549,0,553,4,0
03/18/2025 07:15,36,578,0,572,30,0
03/18/2025 07:30,92,656,0,654,90,0
03/18/2025 07:45,187,505,0,506,188,0
03/18/2025 08:00,233,527,0,527,233,0
03/18/2025 08:15,293,514,0,518,297,0
03/18/2025 08:30,467,539,0,539,467,0
03/18/2025 08:45,506,562,0,565,509,0
03/18/2025 09:00,538,538,0,547,547,0
03/18/2025 09:15,594,546,0,551,599,0
03/18/2025 09:30,655,498,0,505,662,0
03/18/2025 09:45,684,122,0,130,692,0
03/18/2025 10:00,790,99,0,107,798,0
03/18/2025 10:15,823,109,0,120,834,0
03/18/2025 10:30,861,122,0,131,870,0
03/18/2025 10:45,967,93,0,74,948,0
03/18/2025 11:00,1240,90,0,93,1243,0
03/18/2025 11:15,1059,96,0,87,1050,0
03/18/2025 11:30,1279,369,0,368,1278,0
03/18/2025 11:45,1151,460,0,400,1091,0
03/18/2025 12:00,1080,378,0,388,1090,0
03/18/2025 12:15,1129,410,0,141,860,0
03/18/2025 12:30,1267,279,525,0,463,0
03/18/2025 12:45,1015,104,732,0,179,0
03/18/2025 13:00,1280,97,1111,0,72,0
03/18/2025 13:15,1222,121,1077,0,24,0
03/18/2025 13:30,1277,119,1117,0,41,0
03/18/2025 13:45,1275,96,1151,0,28,0
03/18/2025 14:00,1045,117,891,0,37,0
03/18/2025 14:15,1044,117,902,0,25,0
03/18/2025 14:30,898,96,800,0,2,0
03/18/2025 14:45,689,95,547,0,47,0
03/18/2025 15:00,866,103,760,0,3,0
03/18/2025 15:15,671,300,345,0,26,0
03/18/2025 15:30,622,474,140,0,8,0
03/18/2025 15:45,604,370,223,0,11,0
03/18/2025 16:00,499,466,507,0,1,475
03/18/2025 16:15,482,347,482,0,0,347
03/18/2025 16:30,493,358,491,0,0,356
03/18/2025 16:45,478,363,474,0,0,359
03/18/2025 17:00,377,379,373,0,0,375
03/18/2025 17:15,338,377,336,0,0,375
03/18/2025 17:30,255,489,251,0,0,485
03/18/2025 17:45,218,148,216,0,0,146
03/18/2025 18:00,162,363,151,0,0,352
03/18/2025 18:15,99,233,101,0,0,235
03/18/2025 18:30,57,115,54,0,0,112
03/18/2025 18:45,12,157,8,0,0,153
03/18/2025 19:00,0,646,0,18,0,628
03/18/2025 19:15,0,261,4,0,0,265
03/18/2025 19:30,0,147,0,1,0,146
03/18/2025 19:45,0,139,0,1,0,138
03/18/2025 20:00,0,162,7,0,0,169
03/18/2025 20:15,0,420,0,11,0,409
03/18/2025 20:30,0,609,1,0,0,610
03/18/2025 20:45,0,1143,0,0,0,1143
03/18/2025 21:00,0,1640,0,1,0,1639
03/18/2025 21:15,0,922,6,0,0,928
03/18/2025 21:30,0,710,0,2,0,708
03/18/2025 21:45,0,797,2,0,0,799
03/18/2025 22:00,0,190,0,4,0,186
03/18/2025 22:15,0,168,0,9,0,159
03/18/2025 22:30,0,577,0,95,1,483
03/18/2025 22:45,0,651,0,664,13,0
03/18/2025 23:00,0,198,0,204,6,0
03/18/2025 23:15,0,110,0,110,0,0
03/18/2025 23:30,0,136,0,136,0,0
03/18/2025 23:45,0,460,0,460,0,0
03/19/2025 00:00,0,306,0,306,0,0
03/19/2025 00:15,0,114,0,114,0,0
03/19/2025 00:30,0,126,0,126,0,0
03/19/2025 00:45,0,539,0,539,0,0
03/19/2025 01:00,0,279,0,280,1,0
03/19/2025 01:15,0,104,0,104,0,0
03/19/2025 01:30,0,177,0,180,3,0
03/19/2025 01:45,0,557,0,561,4,0
03/19/2025 02:00,0,142,0,145,3,0
03/19/2025 02:15,0,107,0,111,4,0
03/19/2025 02:30,0,511,0,512,1,0
03/19/2025 02:45,0,458,0,460,2,0
03/19/2025 03:00,0,442,0,444,2,0
03/19/2025 03:15,0,561,0,564,3,0
03/19/2025 03:30,0,541,0,544,3,0
03/19/2025 03:45,0,529,0,533,4,0
03/19/2025 04:00,0,608,0,608,0,0
03/19/2025 04:15,0,538,0,542,4,0
03/19/2025 04:30,0,534,0,536,2,0
03/19/2025 04:45,0,562,0,566,4,0
03/19/2025 05:00,0,555,0,557,2,0
03/19/2025 05:15,0,539,0,543,4,0
03/19/2025 05:30,0,570,0,573,3,0
03/19/2025 05:45,0,544,0,547,3,0
03/19/2025 06:00,0,553,0,555,2,0
03/19/2025 06:15,0,571,0,573,2,0
03/19/2025 06:30,0,700,0,703,3,0
03/19/2025 06:45,0,664,0,668,4,0
03/19/2025 07:00,37,621,0,610,26,0
03/19/2025 07:15,170,618,0,623,175,0
03/19/2025 07:30,267,530,0,524,261,0
03/19/2025 07:45,379,529,0,537,387,0
03/19/2025 08:00,491,513,0,518,496,0
03/19/2025 08:15,575,516,0,520,579,0
03/19/2025 08:30,620,529,0,531,622,0
03/19/2025 08:45,650,510,0,515,655,0
03/19/2025 09:00,679,434,0,435,680,0
03/19/2025 09:15,706,455,0,463,714,0
03/19/2025 09:30,743,410,0,414,747,0
03/19/2025 09:45,798,383,0,390,805,0
03/19/2025 10:00,845,163,0,175,857,0
03/19/2025 10:15,937,120,0,124,941,0
03/19/2025 10:30,1043,108,0,115,1050,0
03/19/2025 10:45,1151,91,0,103,1163,0
03/19/2025 11:00,1239,90,0,98,1247,0
03/19/2025 11:15,1318,305,0,312,1325,0
03/19/2025 11:30,1368,490,0,412,1290,0
03/19/2025 11:45,1424,351,82,0,991,0
03/19/2025 12:00,1442,294,610,0,538,0
03/19/2025 12:15,1462,97,1331,0,34,0
03/19/2025 12:30,1476,97,1361,0,18,0
03/19/2025 12:45,1488,112,1321,0,55,0
03/19/2025 13:00,1493,126,1319,0,48,0
03/19/2025 13:15,1477,98,1354,0,25,0
03/19/2025 13:30,1453,98,1311,0,44,0
03/19/2025 13:45,1434,101,1289,0,44,0
03/19/2025 14:00,1406,117,1240,0,49,0
03/19/2025 14:15,1347,109,1234,0,4,0
03/19/2025 14:30,1283,127,1155,0,1,0
03/19/2025 14:45,1208,98,1061,0,49,0
03/19/2025 15:00,1087,98,937,0,52,0
03/19/2025 15:15,978,143,831,0,4,0
03/19/2025 15:30,838,539,253,0,46,0
03/19/2025 15:45,719,489,190,0,40,0
03/19/2025 16:00,618,368,631,0,0,381
03/19/2025 16:15,542,102,541,0,0,101
03/19/2025 16:30,454,97,452,0,0,95
03/19/2025 16:45,505,106,501,0,0,102
03/19/2025 17:00,321,147,318,0,0,144
03/19/2025 17:15,188,145,183,0,0,140
03/19/2025 17:30,144,412,134,0,0,402
03/19/2025 17:45,95,549,100,0,0,554
03/19/2025 18:00,51,108,50,0,0,107
03/19/2025 18:15,22,485,11,0,0,474
03/19/2025 18:30,0,177,2,0,0,179
03/19/2025 18:45,0,124,0,4,0,120
03/19/2025 19:00,0,254,0,9,0,245
03/19/2025 19:15,0,578,0,0,0,578
03/19/2025 19:30,0,174,0,4,0,170
03/19/2025 19:45,0,530,0,10,0,520
03/19/2025 20:00,0,574,5,0,0,579
03/19/2025 20:15,0,671,0,0,0,671
03/19/2025 20:30,0,758,0,0,0,758
03/19/2025 20:45,0,458,2,0,0,460
03/19/2025 21:00,0,532,1,0,0,533
03/19/2025 21:15,0,377,0,4,0,373
03/19/2025 21:30,0,531,6,0,0,537
03/19/2025 21:45,0,431,0,15,0,416
03/19/2025 22:00,0,524,0,2,0,522
03/19/2025 22:15,0,223,0,3,0,220
03/19/2025 22:30,0,467,0,7,0,460
03/19/2025 22:45,0,534,0,2,0,532
03/19/2025 23:00,0,207,0,10,0,197
03/19/2025 23:15,0,410,0,6,0,404
03/19/2025 23:30,0,166,0,7,0,159
03/19/2025 23:45,0,167,0,5,0,162
03/20/2025 00:00,0,177,0,7,0,170
03/20/2025 00:15,0,587,0,80,2,509
03/20/2025 00:30,0,162,0,174,12,0
03/20/2025 00:45,0,105,0,109,4,0
03/20/2025 01:00,0,128,0,130,2,0
03/20/2025 01:15,0,622,0,625,3,0
03/20/2025 01:30,0,146,0,149,3,0
03/20/2025 01:45,0,126,0,128,2,0
03/20/2025 02:00,0,129,0,131,2,0
03/20/2025 02:15,0,584,0,587,3,0
03/20/2025 02:30,0,156,0,161,5,0
03/20/2025 02:45,0,120,0,122,2,0
03/20/2025 03:00,0,114,0,118,4,0
03/20/2025 03:15,0,422,0,426,4,0
03/20/2025 03:30,0,336,0,340,4,0
03/20/2025 03:45,0,195,0,199,4,0
03/20/2025 04:00,0,545,0,547,2,0
03/20/2025 04:15,0,426,0,431,5,0
03/20/2025 04:30,0,227,0,228,1,0
03/20/2025 04:45,0,214,0,216,2,0
03/20/2025 05:00,0,559,0,563,4,0
03/20/2025 05:15,0,529,0,533,4,0
03/20/2025 05:30,0,565,0,567,2,0
03/20/2025 05:45,0,594,0,595,1,0
03/20/2025 06:00,0,560,0,563,3,0
03/20/2025 06:15,0,531,0,534,3,0
03/20/2025 06:30,0,631,0,634,3,0
03/20/2025 06:45,0,602,0,606,4,0
03/20/2025 07:00,0,582,0,586,4,0
03/20/2025 07:15,0,611,0,615,4,0
03/20/2025 07:30,29,607,0,597,19,0
03/20/2025 07:45,58,547,0,538,49,0
03/20/2025 08:00,90,549,0,552,93,0
03/20/2025 08:15,102,629,0,633,106,0
03/20/2025 08:30,123,537,0,534,120,0
03/20/2025 08:45,168,510,0,518,176,0
03/20/2025 09:00,177,368,0,377,186,0
03/20/2025 09:15,248,116,0,117,249,0
03/20/2025 09:30,335,115,0,110,330,0
03/20/2025 09:45,337,113,0,119,343,0
03/20/2025 10:00,362,93,0,95,364,0
03/20/2025 10:15,382,92,0,98,388,0
03/20/2025 10:30,532,220,0,218,530,0
03/20/2025 10:45,478,552,0,560,486,0
03/20/2025 11:00,468,396,0,398,470,0
03/20/2025 11:15,655,414,0,417,658,0
03/20/2025 11:30,668,388,0,396,676,0
03/20/2025 11:45,827,366,0,373,834,0
03/20/2025 12:00,866,371,0,377,872,0
03/20/2025 12:15,846,390,0,403,859,0
03/20/2025 12:30,940,359,0,366,947,0
03/20/2025 12:45,978,368,0,371,981,0
03/20/2025 13:00,1267,261,0,218,1224,0
03/20/2025 13:15,1488,91,0,19,1416,0
03/20/2025 13:30,1473,97,22,0,1354,0
03/20/2025 13:45,1342,111,41,0,1190,0
03/20/2025 14:00,1425,116,775,0,534,0
03/20/2025 14:15,1359,102,1111,0,146,0
03/20/2025 14:30,999,126,864,0,9,0
03/20/2025 14:45,748,95,572,0,81,0
03/20/2025 15:00,584,325,227,0,32,0
03/20/2025 15:15,514,476,35,0,3,0
03/20/2025 15:30,471,480,0,47,38,0
03/20/2025 15:45,338,326,0,72,84,0
03/20/2025 16:00,325,117,345,0,0,137
03/20/2025 16:15,350,111,347,0,0,108
03/20/2025 16:30,341,96,338,0,0,93
03/20/2025 16:45,268,93,265,0,0,90
03/20/2025 17:00,241,108,237,0,0,104
03/20/2025 17:15,106,107,103,0,0,104
03/20/2025 17:30,135,457,120,0,0,442
03/20/2025 17:45,130,497,133,0,0,500
03/20/2025 18:00,69,152,64,0,0,147
03/20/2025 18:15,24,432,19,0,0,427
03/20/2025 18:30,3,137,4,0,0,138
03/20/2025 18:45,0,144,0,4,0,140
03/20/2025 19:00,0,160,0,4,0,156
03/20/2025 19:15,0,484,0,0,0,484
03/20/2025 19:30,0,215,0,1,0,214
03/20/2025 19:45,0,148,0,3,0,145
03/20/2025 20:00,0,214,0,9,0,205
03/20/2025 20:15,0,206,0,5,0,201
03/20/2025 20:30,0,1456,0,0,0,1456
03/20/2025 20:45,0,1406,8,0,0,1414
03/20/2025 21:00,0,584,0,8,0,576
03/20/2025 21:15,0,212,0,3,0,209
03/20/2025 21:30,0,225,0,5,0,220
03/20/2025 21:45,0,209,0,5,0,204
03/20/2025 22:00,0,185,0,8,0,177
03/20/2025 22:15,0,182,0,7,0,175
03/20/2025 22:30,0,409,0,13,0,396
03/20/2025 22:45,0,316,1,0,0,317
03/20/2025 23:00,0,356,0,0,0,356
03/20/2025 23:15,0,282,0,4,0,278
03/20/2025 23:30,0,414,0,0,0,414
03/20/2025 23:45,0,113,0,5,0,108
03/21/2025 00:00,0,165,0,7,0,158
03/21/2025 00:15,0,449,0,5,0,444
03/21/2025 00:30,0,101,0,5,0,96
03/21/2025 00:45,0,103,0,5,0,98
03/21/2025 01:00,0,122,0,3,0,119
03/21/2025 01:15,0,101,0,8,0,93
03/21/2025 01:30,0,435,0,10,0,425
03/21/2025 01:45,0,228,0,2,0,226
03/21/2025 02:00,0,98,0,5,0,93
03/21/2025 02:15,0,99,0,58,2,43
03/21/2025 02:30,0,118,0,120,2,0
03/21/2025 02:45,0,214,0,214,0,0
03/21/2025 03:00,0,427,0,431,4,0
03/21/2025 03:15,0,129,0,131,2,0
03/21/2025 03:30,0,125,0,127,2,0
03/21/2025 03:45,0,99,0,101,2,0
03/21/2025 04:00,0,134,0,136,2,0
03/21/2025 04:15,0,541,0,543,2,0
03/21/2025 04:30,0,102,0,104,2,0
03/21/2025 04:45,0,104,0,104,0,0
03/21/2025 05:00,0,123,0,125,2,0
03/21/2025 05:15,0,396,0,398,2,0
03/21/2025 05:30,0,269,0,270,1,0
03/21/2025 05:45,0,106,0,109,3,0
03/21/2025 06:00,0,403,0,403,0,0
03/21/2025 06:15,0,437,0,439,2,0
03/21/2025 06:30,0,536,0,538,2,0
03/21/2025 06:45,0,500,0,502,2,0
03/21/2025 07:00,10,427,0,425,8,0
03/21/2025 07:15,61,413,0,412,60,0
03/21/2025 07:30,20,481,0,491,30,0
03/21/2025 07:45,34,403,0,401,32,0
03/21/2025 08:00,40,395,0,396,41,0
03/21/2025 08:15,10,365,0,376,21,0
03/21/2025 08:30,24,409,0,402,17,0
03/21/2025 08:45,79,403,0,398,74,0
03/21/2025 09:00,157,404,0,402,155,0
03/21/2025 09:15,378,401,0,401,378,0
03/21/2025 09:30,438,423,0,435,450,0
03/21/2025 09:45,412,399,0,404,417,0
03/21/2025 10:00,635,136,0,139,638,0
03/21/2025 10:15,796,144,0,91,743,0
03/21/2025 10:30,789,111,0,73,751,0
03/21/2025 10:45,884,107,0,86,863,0
03/21/2025 11:00,961,122,0,35,874,0
03/21/2025 11:15,1137,338,0,223,1022,0
03/21/2025 11:30,868,536,0,504,836,0
03/21/2025 11:45,1474,395,0,153,1232,0
03/21/2025 12:00,1527,365,0,124,1286,0
03/21/2025 12:15,831,135,0,112,808,0
03/21/2025 12:30,567,94,0,110,583,0
03/21/2025 12:45,701,116,0,127,712,0
03/21/2025 13:00,866,96,0,90,860,0
03/21/2025 13:15,907,117,0,122,912,0
03/21/2025 13:30,1057,101,0,69,1025,0
03/21/2025 13:45,878,97,270,0,511,0
03/21/2025 14:00,875,148,631,0,96,0
03/21/2025 14:15,822,572,198,0,52,0
03/21/2025 14:30,766,455,281,0,30,0
03/21/2025 14:45,767,404,297,0,66,0
03/21/2025 15:00,1345,462,859,0,24,0
03/21/2025 15:15,1248,429,757,0,62,0
03/21/2025 15:30,1027,402,601,0,24,0
03/21/2025 15:45,803,445,304,0,54,0
03/21/2025 16:00,700,469,699,0,0,468
03/21/2025 16:15,425,422,425,0,0,422
03/21/2025 16:30,527,413,523,0,0,409
03/21/2025 16:45,443,472,442,0,0,471
03/21/2025 17:00,309,492,306,0,0,489
03/21/2025 17:15,218,361,218,0,0,361
03/21/2025 17:30,194,621,191,0,0,618
03/21/2025 17:45,141,269,143,0,0,271
03/21/2025 18:00,74,483,67,0,0,476
03/21/2025 18:15,50,199,51,0,0,200
03/21/2025 18:30,27,452,17,0,0,442
03/21/2025 18:45,9,474,5,0,0,470
03/21/2025 19:00,0,412,0,1,0,411
03/21/2025 19:15,0,370,0,4,0,366
03/21/2025 19:30,0,495,0,0,0,495
03/21/2025 19:45,0,461,0,3,0,458
03/21/2025 20:00,0,499,0,5,0,494
03/21/2025 20:15,0,181,0,1,0,180
03/21/2025 20:30,0,199,0,6,0,193
03/21/2025 20:45,0,413,0,7,0,406
03/21/2025 21:00,0,538,0,4,0,534
03/21/2025 21:15,0,217,0,8,0,209
03/21/2025 21:30,0,272,0,6,0,266
03/21/2025 21:45,0,633,0,9,0,624
03/21/2025 22:00,0,287,0,4,0,283
03/21/2025 22:15,0,171,0,6,0,165
03/21/2025 22:30,0,291,0,8,0,283
03/21/2025 22:45,0,587,0,5,0,582
03/21/2025 23:00,0,327,0,2,1,326
03/21/2025 23:15,0,107,0,5,0,102
03/21/2025 23:30,0,479,0,8,0,471
03/21/2025 23:45,0,123,0,56,5,72
03/22/2025 00:00,0,128,0,134,6,0
03/22/2025 00:15,0,406,0,408,2,0
03/22/2025 00:30,0,622,0,624,2,0
03/22/2025 00:45,0,251,0,253,2,0
03/22/2025 01:00,0,117,0,117,0,0
03/22/2025 01:15,0,505,0,505,0,0
03/22/2025 01:30,0,315,0,317,2,0
03/22/2025 01:45,0,583,0,583,0,0
03/22/2025 02:00,0,612,0,614,2,0
03/22/2025 02:15,0,543,0,543,0,0
03/22/2025 02:30,0,559,0,559,0,0
03/22/2025 02:45,0,480,0,482,2,0
03/22/2025 03:00,0,102,0,104,2,0
03/22/2025 03:15,0,112,0,112,0,0
03/22/2025 03:30,0,614,0,616,2,0
03/22/2025 03:45,0,151,0,153,2,0
03/22/2025 04:00,0,200,0,202,2,0
03/22/2025 04:15,0,627,0,629,2,0
03/22/2025 04:30,0,542,0,544,2,0
03/22/2025 04:45,0,570,0,571,1,0
03/22/2025 05:00,0,564,0,567,3,0
03/22/2025 05:15,0,555,0,561,6,0
03/22/2025 05:30,0,617,0,619,2,0
03/22/2025 05:45,0,617,0,619,2,0
03/22/2025 06:00,0,597,0,601,4,0
03/22/2025 06:15,0,627,0,629,2,0
03/22/2025 06:30,0,553,0,557,4,0
03/22/2025 06:45,13,518,0,511,6,0
03/22/2025 07:00,99,518,0,508,89,0
03/22/2025 07:15,208,562,0,564,210,0
03/22/2025 07:30,271,757,0,755,269,0
03/22/2025 07:45,211,767,0,770,214,0
03/22/2025 08:00,449,565,0,568,452,0
03/22/2025 08:15,481,550,0,552,483,0
03/22/2025 08:30,546,541,0,543,548,0
03/22/2025 08:45,793,539,0,547,801,0
03/22/2025 09:00,676,643,0,651,684,0
03/22/2025 09:15,755,1140,0,1143,758,0
03/22/2025 09:30,793,1093,0,1100,800,0
03/22/2025 09:45,863,798,0,802,867,0
03/22/2025 10:00,911,614,0,620,917,0
03/22/2025 10:15,1015,386,0,389,1018,0
03/22/2025 10:30,1132,166,0,170,1136,0
03/22/2025 10:45,1228,124,0,125,1229,0
03/22/2025 11:00,1340,205,0,207,1342,0
03/22/2025 11:15,1144,318,0,324,1150,0
03/22/2025 11:30,1450,105,74,0,1271,0
03/22/2025 11:45,1472,423,93,0,956,0
03/22/2025 12:00,1444,129,1017,0,298,0
03/22/2025 12:15,1490,112,1348,0,30,0
03/22/2025 12:30,1496,560,880,0,56,0
03/22/2025 12:45,1535,373,1118,0,44,0
03/22/2025 13:00,1512,382,1072,0,58,0
03/22/2025 13:15,1388,380,941,0,67,0
03/22/2025 13:30,1595,131,1434,0,30,0
03/22/2025 13:45,1428,113,1278,0,37,0
03/22/2025 14:00,1433,377,988,0,68,0
03/22/2025 14:15,1271,337,927,0,7,0
03/22/2025 14:30,1156,173,966,0,17,0
03/22/2025 14:45,1284,165,1044,0,75,0
03/22/2025 15:00,1139,128,987,0,24,0
03/22/2025 15:15,867,170,641,0,56,0
03/22/2025 15:30,941,316,603,0,22,0
03/22/2025 15:45,738,103,629,0,6,0
03/22/2025 16:00,396,103,425,0,1,133
03/22/2025 16:15,481,115,479,0,0,113
03/22/2025 16:30,516,123,514,0,0,121
03/22/2025 16:45,374,95,372,0,0,93
03/22/2025 17:00,242,95,238,0,0,91
03/22/2025 17:15,275,125,269,0,0,119
03/22/2025 17:30,293,496,284,0,0,487
03/22/2025 17:45,288,314,288,0,0,314
03/22/2025 18:00,119,259,119,0,0,259
03/22/2025 18:15,65,401,64,0,0,400
03/22/2025 18:30,34,123,30,0,0,119
03/22/2025 18:45,4,140,1,0,0,137
03/22/2025 19:00,0,155,0,4,0,151
03/22/2025 19:15,0,152,0,3,0,149
03/22/2025 19:30,0,344,0,10,0,334
03/22/2025 19:45,0,622,1,0,0,623
03/22/2025 20:00,0,253,0,2,0,251
03/22/2025 20:15,0,272,0,6,0,266
03/22/2025 20:30,0,417,7,0,0,424
03/22/2025 20:45,0,596,0,7,0,589
03/22/2025 21:00,0,1262,4,0,0,1266
03/22/2025 21:15,0,1638,0,3,0,1635
03/22/2025 21:30,0,937,2,0,0,939
03/22/2025 21:45,0,165,0,6,0,159
03/22/2025 22:00,0,148,0,5,0,143
03/22/2025 22:15,0,151,0,6,0,145
03/22/2025 22:30,0,451,0,4,0,447
03/22/2025 22:45,0,315,2,0,0,317
03/22/2025 23:00,0,103,0,6,0,97
03/22/2025 23:15,0,100,0,3,0,97
03/22/2025 23:30,0,131,0,5,0,126
03/22/2025 23:45,0,585,0,8,0,577
03/23/2025 00:00,0,261,0,0,0,261
03/23/2025 00:15,0,129,0,6,0,123
03/23/2025 00:30,0,146,0,8,0,138
03/23/2025 00:45,0,204,0,10,0,194
03/23/2025 01:00,0,516,0,357,7,166
03/23/2025 01:15,0,345,0,353,8,0
03/23/2025 01:30,0,119,0,122,3,0
03/23/2025 01:45,0,126,0,130,4,0
03/23/2025 02:00,0,397,0,400,3,0
03/23/2025 02:15,0,489,0,492,3,0
03/23/2025 02:30,0,109,0,113,4,0
03/23/2025 02:45,0,129,0,133,4,0
03/23/2025 03:00,0,394,0,396,2,0
03/23/2025 03:15,0,448,0,451,3,0
03/23/2025 03:30,0,134,0,135,1,0
03/23/2025 03:45,0,228,0,232,4,0
03/23/2025 04:00,0,627,0,629,2,0
03/23/2025 04:15,0,157,0,161,4,0
03/23/2025 04:30,0,349,0,351,2,0
03/23/2025 04:45,0,660,0,663,3,0
03/23/2025 05:00,0,538,0,542,4,0
03/23/2025 05:15,0,548,0,552,4,0
03/23/2025 05:30,0,647,0,650,3,0
03/23/2025 05:45,0,522,0,523,1,0
03/23/2025 06:00,0,590,0,593,3,0
03/23/2025 06:15,0,558,0,558,0,0
03/23/2025 06:30,0,514,0,517,3,0
03/23/2025 06:45,9,663,0,657,3,0
03/23/2025 07:00,104,625,0,615,94,0
03/23/2025 07:15,241,631,0,626,236,0
03/23/2025 07:30,360,935,0,937,362,0
03/23/2025 07:45,481,893,0,894,482,0
03/23/2025 08:00,606,702,0,701,605,0
03/23/2025 08:15,677,646,0,651,682,0
03/23/2025 08:30,716,738,0,742,720,0
03/23/2025 08:45,757,1181,0,1186,762,0
03/23/2025 09:00,793,1166,0,1173,800,0
03/23/2025 09:15,824,1106,0,1116,834,0
03/23/2025 09:30,849,675,0,683,857,0
03/23/2025 09:45,940,715,0,725,950,0
03/23/2025 10:00,1059,747,0,708,1020,0
03/23/2025 10:15,1061,524,0,501,1038,0
03/23/2025 10:30,1259,580,0,476,1155,0
03/23/2025 10:45,1336,560,0,363,1139,0
03/23/2025 11:00,1411,529,0,217,1099,0
03/23/2025 11:15,1463,580,0,84,967,0
03/23/2025 11:30,1518,134,591,0,793,0
03/23/2025 11:45,1574,168,825,0,581,0
03/23/2025 12:00,1590,352,918,0,320,0
03/23/2025 12:15,1598,358,1220,0,20,0
03/23/2025 12:30,1615,681,911,0,23,0
03/23/2025 12:45,1622,401,1172,0,49,0
03/23/2025 13:00,1633,361,1230,0,42,0
03/23/2025 13:15,1615,674,892,0,49,0
03/23/2025 13:30,1576,694,861,0,21,0
03/23/2025 13:45,1544,577,921,0,46,0
03/23/2025 14:00,1506,260,1206,0,40,0
03/23/2025 14:15,1447,485,935,0,27,0
03/23/2025 14:30,1406,415,944,0,47,0
03/23/2025 14:45,1306,754,520,0,32,0
03/23/2025 15:00,1179,405,726,0,48,0
03/23/2025 15:15,1048,423,623,0,2,0
03/23/2025 15:30,920,293,593,0,34,0
03/23/2025 15:45,801,238,525,0,38,0
03/23/2025 16:00,703,453,712,0,0,462
03/23/2025 16:15,610,499,607,0,0,496
03/23/2025 16:30,529,380,529,0,0,380
03/23/2025 16:45,459,252,457,0,0,250
03/23/2025 17:00,312,390,311,0,0,389
03/23/2025 17:15,218,125,215,0,0,122
03/23/2025 17:30,194,568,177,0,0,551
03/23/2025 17:45,154,379,154,0,0,379
03/23/2025 18:00,91,261,86,0,0,256
03/23/2025 18:15,52,494,57,0,0,499
03/23/2025 18:30,24,124,20,0,0,120
03/23/2025 18:45,7,248,0,3,0,238
03/23/2025 19:00,0,611,0,4,0,607
03/23/2025 19:15,0,456,0,3,0,453
03/23/2025 19:30,0,569,0,0,0,569
03/23/2025 19:45,0,326,5,0,0,331
03/23/2025 20:00,0,660,0,3,0,657
03/23/2025 20:15,0,211,0,6,0,205
03/23/2025 20:30,0,173,0,7,0,166
03/23/2025 20:45,0,180,0,6,0,174
03/23/2025 21:00,0,2046,0,11,0,2035
03/23/2025 21:15,0,1760,8,0,0,1768
03/23/2025 21:30,0,939,0,3,0,936
03/23/2025 21:45,0,919,0,690,11,240
03/23/2025 22:00,0,956,0,962,6,0
03/23/2025 22:15,0,692,0,692,0,0
03/23/2025 22:30,0,537,0,537,0,0
03/23/2025 22:45,0,1250,0,1250,0,0
03/23/2025 23:00,0,864,0,864,0,0
03/23/2025 23:15,0,708,0,708,0,0
03/23/2025 23:30,0,793,0,793,0,0
03/23/2025 23:45,0,733,0,733,0,0
03/24/2025 00:00,0,432,0,432,0,0
03/24/2025 00:15,0,413,0,413,0,0
03/24/2025 00:30,0,909,0,909,0,0
03/24/2025 00:45,0,807,0,807,0,0
03/24/2025 01:00,0,495,0,495,0,0
03/24/2025 01:15,0,716,0,716,0,0
03/24/2025 01:30,0,636,0,636,0,0
03/24/2025 01:45,0,408,0,408,0,0
03/24/2025 02:00,0,825,0,825,0,0
03/24/2025 02:15,0,762,0,762,0,0
03/24/2025 02:30,0,915,0,915,0,0
03/24/2025 02:45,0,985,0,985,0,0
03/24/2025 03:00,0,831,0,831,0,0
03/24/2025 03:15,0,913,0,913,0,0
03/24/2025 03:30,0,939,0,939,0,0
03/24/2025 03:45,0,811,0,811,0,0
03/24/2025 04:00,0,886,0,886,0,0
03/24/2025 04:15,0,846,0,847,1,0
03/24/2025 04:30,0,821,0,821,0,0
03/24/2025 04:45,0,1001,0,1001,0,0
03/24/2025 05:00,0,829,0,829,0,0
03/24/2025 05:15,0,533,0,533,0,0
03/24/2025 05:30,0,746,0,746,0,0
03/24/2025 05:45,0,735,0,735,0,0
03/24/2025 06:00,0,690,0,690,0,0
03/24/2025 06:15,0,721,0,721,0,0
03/24/2025 06:30,0,1049,0,1049,0,0
03/24/2025 06:45,0,652,0,656,4,0
03/24/2025 07:00,0,538,0,542,4,0
03/24/2025 07:15,11,566,0,562,7,0
03/24/2025 07:30,33,558,0,552,27,0
03/24/2025 07:45,25,561,0,562,26,0
03/24/2025 08:00,32,524,0,522,30,0
03/24/2025 08:15,30,530,0,529,29,0
03/24/2025 08:30,52,516,0,515,51,0
03/24/2025 08:45,36,536,0,542,42,0
03/24/2025 09:00,60,533,0,527,54,0
03/24/2025 09:15,101,542,0,541,100,0
03/24/2025 09:30,88,548,0,556,96,0
03/24/2025 09:45,84,657,0,663,90,0
03/24/2025 10:00,76,533,0,541,84,0
03/24/2025 10:15,71,557,0,557,71,0
03/24/2025 10:30,101,533,0,538,106,0
03/24/2025 10:45,121,531,0,533,123,0
03/24/2025 11:00,110,535,0,538,113,0
03/24/2025 11:15,143,560,0,561,144,0
03/24/2025 11:30,111,546,0,551,116,0
03/24/2025 11:45,133,537,0,536,132,0
03/24/2025 12:00,119,547,0,548,120,0
03/24/2025 12:15,119,529,0,534,124,0
03/24/2025 12:30,103,518,0,521,106,0
03/24/2025 12:45,124,552,0,553,125,0
03/24/2025 13:00,111,553,0,552,110,0
03/24/2025 13:15,101,332,0,334,103,0
03/24/2025 13:30,94,94,0,100,100,0
03/24/2025 13:45,83,126,0,132,89,0
03/24/2025 14:00,104,107,0,108,105,0
03/24/2025 14:15,69,99,0,105,75,0
03/24/2025 14:30,72,288,0,291,75,0
03/24/2025 14:45,82,528,0,532,86,0
03/24/2025 15:00,72,585,0,591,78,0
03/24/2025 15:15,54,451,0,455,58,0
03/24/2025 15:30,41,496,0,503,48,0
03/24/2025 15:45,38,426,0,430,42,0
03/24/2025 16:00,36,385,41,0,1,391
03/24/2025 16:15,42,445,38,0,0,441
03/24/2025 16:30,38,555,36,0,0,553
03/24/2025 16:45,27,538,0,432,9,88
03/24/2025 17:00,25,565,0,546,6,0
03/24/2025 17:15,24,571,0,551,4,0
03/24/2025 17:30,15,803,0,792,4,0
03/24/2025 17:45,11,556,0,551,6,0
03/24/2025 18:00,5,635,0,632,2,0
03/24/2025 18:15,0,578,0,580,2,0
03/24/2025 18:30,0,583,0,586,3,0
03/24/2025 18:45,0,546,0,550,4,0
03/24/2025 19:00,0,787,0,788,1,0
03/24/2025 19:15,0,245,0,245,0,0
03/24/2025 19:30,0,189,0,189,0,0
03/24/2025 19:45,0,608,0,608,0,0
03/24/2025 20:00,0,433,0,433,0,0
03/24/2025 20:15,0,1062,0,1062,0,0
03/24/2025 20:30,0,950,0,950,0,0
03/24/2025 20:45,0,1308,0,1310,2,0
03/24/2025 21:00,0,1746,0,1750,4,0
03/24/2025 21:15,0,967,0,971,4,0
03/24/2025 21:30,0,167,0,167,0,0
03/24/2025 21:45,0,543,0,545,2,0
03/24/2025 22:00,0,299,0,299,0,0
03/24/2025 22:15,0,139,0,141,2,0
03/24/2025 22:30,0,573,0,573,0,0
03/24/2025 22:45,0,156,0,156,0,0
03/24/2025 23:00,0,128,0,128,0,0
03/24/2025 23:15,0,515,0,515,0,0
03/24/2025 23:30,0,279,0,279,0,0
03/24/2025 23:45,0,121,0,121,0,0
03/25/2025 00:00,0,268,0,270,2,0
03/25/2025 00:15,0,623,0,623,0,0
03/25/2025 00:30,0,270,0,270,0,0
03/25/2025 00:45,0,127,0,127,0,0
03/25/2025 01:00,0,655,0,655,0,0
03/25/2025 01:15,0,531,0,531,0,0
03/25/2025 01:30,0,519,0,521,2,0
03/25/2025 01:45,0,595,0,596,1,0
03/25/2025 02:00,0,527,0,527,0,0
03/25/2025 02:15,0,594,0,594,0,0
03/25/2025 02:30,0,577,0,577,0,0
03/25/2025 02:45,0,567,0,567,0,0
03/25/2025 03:00,0,576,0,577,1,0
03/25/2025 03:15,0,587,0,587,0,0
03/25/2025 03:30,0,140,0,142,2,0
03/25/2025 03:45,0,121,0,121,0,0
03/25/2025 04:00,0,347,0,349,2,0
03/25/2025 04:15,0,602,0,602,0,0
03/25/2025 04:30,0,543,0,544,1,0
03/25/2025 04:45,0,559,0,560,1,0
03/25/2025 05:00,0,563,0,567,4,0
03/25/2025 05:15,0,643,0,647,4,0
03/25/2025 05:30,0,574,0,575,1,0
03/25/2025 05:45,0,578,0,581,3,0
03/25/2025 06:00,0,541,0,541,0,0
03/25/2025 06:15,0,546,0,548,2,0
03/25/2025 06:30,0,705,0,706,1,0
03/25/2025 06:45,4,612,0,609,1,0
03/25/2025 07:00,45,601,0,593,37,0
03/25/2025 07:15,94,557,0,554,91,0
03/25/2025 07:30,218,546,0,547,219,0
03/25/2025 07:45,320,516,0,513,317,0
03/25/2025 08:00,459,514,0,519,464,0
03/25/2025 08:15,617,528,0,530,619,0
03/25/2025 08:30,754,554,0,563,763,0
03/25/2025 08:45,758,505,0,506,759,0
03/25/2025 09:00,801,414,0,417,804,0
03/25/2025 09:15,740,499,0,506,747,0
03/25/2025 09:30,693,398,0,403,698,0
03/25/2025 09:45,799,383,0,382,798,0
03/25/2025 10:00,944,383,0,388,949,0
03/25/2025 10:15,815,383,0,367,799,0
03/25/2025 10:30,981,392,0,308,897,0
03/25/2025 10:45,874,106,0,28,796,0
03/25/2025 11:00,947,117,2,0,828,0
03/25/2025 11:15,1239,94,86,0,1059,0
03/25/2025 11:30,896,204,0,103,795,0
03/25/2025 11:45,1570,507,0,202,1265,0
03/25/2025 12:00,877,370,0,244,751,0
03/25/2025 12:15,1294,341,19,0,934,0
03/25/2025 12:30,1116,346,159,0,611,0
03/25/2025 12:45,1197,109,1028,0,60,0
03/25/2025 13:00,1536,119,1345,0,72,0
03/25/2025 13:15,1359,110,1170,0,79,0
03/25/2025 13:30,848,113,703,0,32,0
03/25/2025 13:45,982,98,835,0,49,0
03/25/2025 14:00,1368,95,1227,0,46,0
03/25/2025 14:15,855,109,703,0,43,0
03/25/2025 14:30,544,127,343,0,74,0
03/25/2025 14:45,569,97,462,0,10,0
03/25/2025 15:00,544,96,400,0,48,0
03/25/2025 15:15,584,372,159,0,53,0
03/25/2025 15:30,538,493,37,0,8,0
03/25/2025 15:45,472,378,29,0,65,0
03/25/2025 16:00,457,392,462,0,0,397
03/25/2025 16:15,585,340,585,0,0,340
03/25/2025 16:30,377,339,375,0,0,337
03/25/2025 16:45,516,452,507,0,0,443
03/25/2025 17:00,328,361,325,0,0,358
03/25/2025 17:15,280,151,279,0,0,150
03/25/2025 17:30,198,561,188,0,0,551
03/25/2025 17:45,162,198,166,0,0,202
03/25/2025 18:00,110,125,106,0,0,121
03/25/2025 18:15,71,456,67,0,0,452
03/25/2025 18:30,36,115,33,0,0,112
03/25/2025 18:45,14,127,7,0,0,120
03/25/2025 19:00,0,426,0,9,0,417
03/25/2025 19:15,0,622,0,5,0,617
03/25/2025 19:30,0,250,0,5,0,245
03/25/2025 19:45,0,436,3,0,0,439
03/25/2025 20:00,0,523,0,3,0,520
03/25/2025 20:15,0,886,8,0,0,894
03/25/2025 20:30,0,478,5,0,0,483
03/25/2025 20:45,0,429,1,0,0,430
03/25/2025 21:00,0,155,0,5,0,150
03/25/2025 21:15,0,263,0,10,0,253
03/25/2025 21:30,0,578,3,0,0,581
03/25/2025 21:45,0,191,0,2,0,189
03/25/2025 22:00,0,458,2,0,0,460
03/25/2025 22:15,0,446,2,0,0,448
03/25/2025 22:30,0,625,0,7,0,618
03/25/2025 22:45,0,831,0,1,0,830
03/25/2025 23:00,0,417,1,0,0,418
03/25/2025 23:15,0,423,1,0,0,424
03/25/2025 23:30,0,458,0,394,12,76
03/25/2025 23:45,0,889,0,894,5,0
03/26/2025 00:00,0,444,0,444,0,0
03/26/2025 00:15,0,415,0,415,0,0
03/26/2025 00:30,0,440,0,440,0,0
03/26/2025 00:45,0,917,0,917,0,0
03/26/2025 01:00,0,461,0,461,0,0
03/26/2025 01:15,0,420,0,420,0,0
03/26/2025 01:30,0,512,0,512,0,0
03/26/2025 01:45,0,839,0,839,0,0
03/26/2025 02:00,0,411,0,411,0,0
03/26/2025 02:15,0,418,0,418,0,0
03/26/2025 02:30,0,766,0,766,0,0
03/26/2025 02:45,0,895,0,896,1,0
03/26/2025 03:00,0,785,0,785,0,0
03/26/2025 03:15,0,860,0,860,0,0
03/26/2025 03:30,0,826,0,826,0,0
03/26/2025 03:45,0,837,0,837,0,0
03/26/2025 04:00,0,912,0,912,0,0
03/26/2025 04:15,0,823,0,823,0,0
03/26/2025 04:30,0,833,0,833,0,0
03/26/2025 04:45,0,857,0,857,0,0
03/26/2025 05:00,0,845,0,845,0,0
03/26/2025 05:15,0,880,0,880,0,0
03/26/2025 05:30,0,869,0,869,0,0
03/26/2025 05:45,0,840,0,840,0,0
03/26/2025 06:00,0,510,0,510,0,0
03/26/2025 06:15,0,870,0,870,0,0
03/26/2025 06:30,0,833,0,833,0,0
03/26/2025 06:45,0,935,0,935,0,0
03/26/2025 07:00,28,924,0,914,18,0
03/26/2025 07:15,189,886,0,877,180,0
03/26/2025 07:30,237,936,0,942,243,0
03/26/2025 07:45,134,578,0,584,140,0
03/26/2025 08:00,282,576,0,575,281,0
03/26/2025 08:15,260,520,0,525,265,0
03/26/2025 08:30,298,519,0,523,302,0
03/26/2025 08:45,269,532,0,540,277,0
03/26/2025 09:00,222,489,0,497,230,0
03/26/2025 09:15,176,394,0,402,184,0
03/26/2025 09:30,288,104,0,105,289,0
03/26/2025 09:45,586,97,0,97,586,0
03/26/2025 10:00,1086,105,0,91,1072,0
03/26/2025 10:15,891,481,0,486,896,0
03/26/2025 10:30,709,445,0,455,719,0
03/26/2025 10:45,743,372,0,376,747,0
03/26/2025 11:00,714,382,0,392,724,0
03/26/2025 11:15,934,390,0,392,936,0
03/26/2025 11:30,890,455,0,463,898,0
03/26/2025 11:45,1003,432,0,438,1009,0
03/26/2025 12:00,1026,384,0,395,1037,0
03/26/2025 12:15,898,373,0,379,904,0
03/26/2025 12:30,1000,375,0,376,1001,0
03/26/2025 12:45,1014,389,0,392,1017,0
03/26/2025 13:00,920,231,0,224,913,0
03/26/2025 13:15,954,97,169,0,688,0
03/26/2025 13:30,1015,95,743,0,177,0
03/26/2025 13:45,1281,101,1107,0,73,0
03/26/2025 14:00,1098,143,893,0,62,0
03/26/2025 14:15,1371,278,1059,0,34,0
03/26/2025 14:30,1247,454,743,0,50,0
03/26/2025 14:45,1001,377,570,0,54,0
03/26/2025 15:00,791,359,424,0,8,0
03/26/2025 15:15,936,290,603,0,43,0
03/26/2025 15:30,573,104,468,0,1,0
03/26/2025 15:45,1110,123,970,0,17,0
03/26/2025 16:00,606,100,594,0,3,91
03/26/2025 16:15,404,102,398,0,0,96
03/26/2025 16:30,304,116,302,0,0,114
03/26/2025 16:45,332,92,326,0,0,86
03/26/2025 17:00,382,246,370,0,0,234
03/26/2025 17:15,337,516,332,0,0,511
03/26/2025 17:30,201,580,199,0,0,578
03/26/2025 17:45,122,534,120,0,0,532
03/26/2025 18:00,103,645,98,0,0,640
03/26/2025 18:15,56,391,59,0,0,394
03/26/2025 18:30,26,516,21,0,0,511
03/26/2025 18:45,4,399,3,0,0,398
03/26/2025 19:00,0,484,0,3,0,481
03/26/2025 19:15,0,619,0,6,0,613
03/26/2025 19:30,0,420,4,0,0,424
03/26/2025 19:45,0,197,7,0,0,204
03/26/2025 20:00,0,171,0,6,0,165
03/26/2025 20:15,0,527,0,2,0,525
03/26/2025 20:30,0,636,3,0,0,639
03/26/2025 20:45,0,598,1,0,0,599
03/26/2025 21:00,0,857,0,6,0,851
03/26/2025 21:15,0,832,0,1,0,831
03/26/2025 21:30,0,251,4,0,0,255
03/26/2025 21:45,0,246,0,1,0,245
03/26/2025 22:00,0,527,0,3,0,524
03/26/2025 22:15,0,508,2,0,0,510
03/26/2025 22:30,0,872,0,5,0,867
03/26/2025 22:45,0,601,0,302,8,307
03/26/2025 23:00,0,422,0,430,8,0
03/26/2025 23:15,0,403,0,403,0,0
03/26/2025 23:30,0,620,0,620,0,0
03/26/2025 23:45,0,649,0,649,0,0
03/27/2025 00:00,0,428,0,428,0,0
03/27/2025 00:15,0,403,0,403,0,0
03/27/2025 00:30,0,626,0,626,0,0
03/27/2025 00:45,0,692,0,692,0,0
03/27/2025 01:00,0,434,0,434,0,0
03/27/2025 01:15,0,465,0,465,0,0
03/27/2025 01:30,0,986,0,986,0,0
03/27/2025 01:45,0,583,0,583,0,0
03/27/2025 02:00,0,627,0,627,0,0
03/27/2025 02:15,0,817,0,817,0,0
03/27/2025 02:30,0,867,0,867,0,0
03/27/2025 02:45,0,837,0,837,0,0
03/27/2025 03:00,0,861,0,861,0,0
03/27/2025 03:15,0,884,0,884,0,0
03/27/2025 03:30,0,835,0,835,0,0
03/27/2025 03:45,0,832,0,832,0,0
03/27/2025 04:00,0,962,0,963,1,0
03/27/2025 04:15,0,830,0,830,0,0
03/27/2025 04:30,0,816,0,816,0,0
03/27/2025 04:45,0,886,0,886,0,0
03/27/2025 05:00,0,836,0,836,0,0
03/27/2025 05:15,0,831,0,831,0,0
03/27/2025 05:30,0,882,0,882,0,0
03/27/2025 05:45,0,818,0,818,0,0
03/27/2025 06:00,0,804,0,804,0,0
03/27/2025 06:15,0,845,0,845,0,0
03/27/2025 06:30,0,861,0,861,0,0
03/27/2025 06:45,38,850,0,839,27,0
03/27/2025 07:00,170,824,0,818,164,0
03/27/2025 07:15,268,863,0,862,267,0
03/27/2025 07:30,397,806,0,801,392,0
03/27/2025 07:45,507,600,0,598,505,0
03/27/2025 08:00,627,718,0,719,628,0
03/27/2025 08:15,682,527,0,531,686,0
03/27/2025 08:30,726,579,0,584,731,0
03/27/2025 08:45,767,641,0,648,774,0
03/27/2025 09:00,798,706,0,711,803,0
03/27/2025 09:15,825,574,0,583,834,0
03/27/2025 09:30,808,654,0,645,799,0
03/27/2025 09:45,606,559,0,516,563,0
03/27/2025 10:00,978,487,0,415,906,0
03/27/2025 10:15,893,113,0,32,812,0
03/27/2025 10:30,1014,140,0,17,891,0
03/27/2025 10:45,1057,136,15,0,906,0
03/27/2025 11:00,991,245,0,58,804,0
03/27/2025 11:15,944,313,0,165,796,0
03/27/2025 11:30,1075,679,0,499,895,0
03/27/2025 11:45,763,508,0,481,736,0
03/27/2025 12:00,1090,310,0,80,860,0
03/27/2025 12:15,864,386,0,198,676,0
03/27/2025 12:30,1208,1492,0,467,183,0
03/27/2025 12:45,1400,1513,0,161,48,0
03/27/2025 13:00,896,514,328,0,54,0
03/27/2025 13:15,1161,315,775,0,71,0
03/27/2025 13:30,1020,566,449,0,5,0
03/27/2025 13:45,1441,364,1003,0,74,0
03/27/2025 14:00,1027,130,875,0,22,0
03/27/2025 14:15,831,136,631,0,64,0
03/27/2025 14:30,972,110,854,0,8,0
03/27/2025 14:45,676,127,521,0,28,0
03/27/2025 15:00,828,470,286,0,72,0
03/27/2025 15:15,889,484,399,0,6,0
03/27/2025 15:30,787,390,368,0,29,0
03/27/2025 15:45,536,416,69,0,51,0
03/27/2025 16:00,746,389,735,0,6,384
03/27/2025 16:15,683,385,680,0,0,382
03/27/2025 16:30,530,385,527,0,0,382
03/27/2025 16:45,621,396,621,0,0,396
03/27/2025 17:00,288,369,284,0,0,365
03/27/2025 17:15,336,256,336,0,0,256
03/27/2025 17:30,283,541,273,0,0,531
03/27/2025 17:45,168,131,170,0,0,133
03/27/2025 18:00,102,242,90,0,0,230
03/27/2025 18:15,60,481,55,0,0,476
03/27/2025 18:30,33,224,28,0,0,219
03/27/2025 18:45,14,362,3,0,0,351
03/27/2025 19:00,1,504,4,0,0,507
03/27/2025 19:15,0,634,0,5,0,629
03/27/2025 19:30,0,392,10,0,0,402
03/27/2025 19:45,0,363,0,5,0,358
03/27/2025 20:00,0,712,0,7,0,705
03/27/2025 20:15,0,924,0,4,0,920
03/27/2025 20:30,0,813,0,9,0,804
03/27/2025 20:45,0,1095,0,4,0,1091
03/27/2025 21:00,0,890,0,7,0,883
03/27/2025 21:15,0,489,3,0,0,492
03/27/2025 21:30,0,145,0,9,0,136
03/27/2025 21:45,0,147,0,5,0,142
03/27/2025 22:00,0,615,0,5,0,610
03/27/2025 22:15,0,817,0,408,8,417
03/27/2025 22:30,0,412,0,420,8,0
03/27/2025 22:45,0,408,0,410,2,0
03/27/2025 23:00,0,468,0,468,0,0
03/27/2025 23:15,0,866,0,866,0,0
03/27/2025 23:30,0,459,0,459,0,0
03/27/2025 23:45,0,408,0,408,0,0
03/28/2025 00:00,0,550,0,550,0,0
03/28/2025 00:15,0,835,0,835,0,0
03/28/2025 00:30,0,409,0,409,0,0
03/28/2025 00:45,0,415,0,415,0,0
03/28/2025 01:00,0,573,0,573,0,0
03/28/2025 01:15,0,989,0,989,0,0
03/28/2025 01:30,0,837,0,837,0,0
03/28/2025 01:45,0,832,0,832,0,0
03/28/2025 02:00,0,912,0,912,0,0
03/28/2025 02:15,0,810,0,810,0,0
03/28/2025 02:30,0,830,0,830,0,0
03/28/2025 02:45,0,894,0,894,0,0
03/28/2025 03:00,0,849,0,849,0,0
03/28/2025 03:15,0,886,0,886,0,0
03/28/2025 03:30,0,871,0,871,0,0
03/28/2025 03:45,0,852,0,852,0,0
03/28/2025 04:00,0,860,0,860,0,0
03/28/2025 04:15,0,858,0,858,0,0
03/28/2025 04:30,0,850,0,850,0,0
03/28/2025 04:45,0,832,0,832,0,0
03/28/2025 05:00,0,857,0,857,0,0
03/28/2025 05:15,0,966,0,966,0,0
03/28/2025 05:30,0,852,0,852,0,0
03/28/2025 05:45,0,852,0,852,0,0
03/28/2025 06:00,0,858,0,858,0,0
03/28/2025 06:15,0,885,0,885,0,0
03/28/2025 06:30,5,873,0,868,0,0
03/28/2025 06:45,35,823,0,818,30,0
03/28/2025 07:00,68,833,0,830,65,0
03/28/2025 07:15,111,877,0,876,110,0
03/28/2025 07:30,168,805,0,802,165,0
03/28/2025 07:45,347,591,0,590,346,0
03/28/2025 08:00,486,584,0,587,489,0
03/28/2025 08:15,601,400,0,402,603,0
03/28/2025 08:30,645,375,0,378,648,0
03/28/2025 08:45,773,405,0,411,779,0
03/28/2025 09:00,800,553,0,555,802,0
03/28/2025 09:15,831,178,0,186,839,0
03/28/2025 09:30,866,131,0,137,872,0
03/28/2025 09:45,923,129,0,134,928,0
03/28/2025 10:00,1007,133,0,135,1009,0
03/28/2025 10:15,1049,134,0,102,1017,0
03/28/2025 10:30,881,133,0,93,841,0
03/28/2025 10:45,1298,157,0,52,1193,0
03/28/2025 11:00,1273,127,0,121,1267,0
03/28/2025 11:15,1227,123,0,126,1230,0
03/28/2025 11:30,1154,122,0,128,1160,0
03/28/2025 11:45,1126,142,0,8,992,0
03/28/2025 12:00,1105,144,809,0,152,0
03/28/2025 12:15,1081,268,707,0,106,0
03/28/2025 12:30,1208,758,440,0,10,0
03/28/2025 12:45,1340,721,544,0,75,0
03/28/2025 13:00,1555,458,1071,0,26,0
03/28/2025 13:15,1563,369,1124,0,70,0
03/28/2025 13:30,1468,336,1127,0,5,0
03/28/2025 13:45,1399,98,1251,0,50,0
03/28/2025 14:00,1420,99,1273,0,48,0
03/28/2025 14:15,1394,121,1243,0,30,0
03/28/2025 14:30,1315,132,1157,0,26,0
03/28/2025 14:45,1325,101,1154,0,70,0
03/28/2025 15:00,1200,104,1089,0,7,0
03/28/2025 15:15,1058,103,914,0,41,0
03/28/2025 15:30,959,130,788,0,41,0
03/28/2025 15:45,1025,111,909,0,5,0
03/28/2025 16:00,806,124,805,0,12,135
03/28/2025 16:15,651,96,647,0,0,92
03/28/2025 16:30,596,106,594,0,0,104
03/28/2025 16:45,555,99,553,0,0,97
03/28/2025 17:00,329,127,326,0,0,124
03/28/2025 17:15,240,124,235,0,0,119
03/28/2025 17:30,167,460,151,0,1,445
03/28/2025 17:45,87,442,90,0,0,445
03/28/2025 18:00,37,339,33,0,0,335
03/28/2025 18:15,17,414,16,0,0,413
03/28/2025 18:30,6,133,5,0,0,132
03/28/2025 18:45,0,193,0,9,0,184
03/28/2025 19:00,0,217,0,3,0,214
03/28/2025 19:15,0,264,0,7,0,257
03/28/2025 19:30,0,365,0,5,0,360
03/28/2025 19:45,0,337,4,0,0,341
03/28/2025 20:00,0,380,0,5,0,375
03/28/2025 20:15,0,679,0,5,0,674
03/28/2025 20:30,0,856,0,4,0,852
03/28/2025 20:45,0,743,2,0,0,745
03/28/2025 21:00,0,564,3,0,0,567
03/28/2025 21:15,0,294,0,3,0,291
03/28/2025 21:30,0,479,0,11,0,468
03/28/2025 21:45,0,319,0,0,0,319
03/28/2025 22:00,0,193,0,4,0,189
03/28/2025 22:15,0,187,0,6,0,181
03/28/2025 22:30,0,171,0,6,0,165
03/28/2025 22:45,0,140,0,5,0,135
03/28/2025 23:00,0,166,0,9,0,157
03/28/2025 23:15,0,432,0,2,0,430
03/28/2025 23:30,0,115,0,7,0,108
03/28/2025 23:45,0,113,0,4,0,109
03/29/2025 00:00,0,105,0,5,0,100
03/29/2025 00:15,0,104,0,4,0,100
03/29/2025 00:30,0,125,0,7,0,118
03/29/2025 00:45,0,443,0,7,0,436
03/29/2025 01:00,0,146,0,5,0,141
03/29/2025 01:15,0,102,0,6,0,96
03/29/2025 01:30,0,97,0,6,0,91
03/29/2025 01:45,0,124,0,6,0,118
03/29/2025 02:00,0,97,0,5,0,92
03/29/2025 02:15,0,224,0,10,0,214
03/29/2025 02:30,0,365,0,2,0,363
03/29/2025 02:45,0,127,0,6,0,121
03/29/2025 03:00,0,117,0,5,0,112
03/29/2025 03:15,0,100,0,72,4,32
03/29/2025 03:30,0,108,0,114,6,0
03/29/2025 03:45,0,477,0,482,5,0
03/29/2025 04:00,0,180,0,184,4,0
03/29/2025 04:15,0,97,0,102,5,0
03/29/2025 04:30,0,97,0,103,6,0
03/29/2025 04:45,0,97,0,103,6,0
03/29/2025 05:00,0,464,0,470,6,0
03/29/2025 05:15,0,551,0,558,7,0
03/29/2025 05:30,0,455,0,460,5,0
03/29/2025 05:45,0,389,0,394,5,0
03/29/2025 06:00,0,498,0,503,5,0
03/29/2025 06:15,0,550,0,554,4,0
03/29/2025 06:30,0,584,0,588,4,0
03/29/2025 06:45,0,599,0,604,5,0
03/29/2025 07:00,8,544,0,545,9,0
03/29/2025 07:15,60,536,0,534,58,0
03/29/2025 07:30,140,648,0,645,137,0
03/29/2025 07:45,100,619,0,629,110,0
03/29/2025 08:00,49,660,0,668,57,0
03/29/2025 08:15,51,795,0,798,54,0
03/29/2025 08:30,71,883,0,882,70,0
03/29/2025 08:45,83,927,0,930,86,0
03/29/2025 09:00,92,759,0,768,101,0
03/29/2025 09:15,70,459,0,465,76,0
03/29/2025 09:30,88,458,0,453,83,0
03/29/2025 09:45,76,147,0,150,79,0
03/29/2025 10:00,92,150,0,148,90,0
03/29/2025 10:15,145,147,0,150,148,0
03/29/2025 10:30,108,550,0,556,114,0
03/29/2025 10:45,94,209,0,211,96,0
03/29/2025 11:00,102,666,0,666,102,0
03/29/2025 11:15,159,632,0,636,163,0
03/29/2025 11:30,192,530,0,532,194,0
03/29/2025 11:45,135,610,0,612,137,0
03/29/2025 12:00,205,663,0,668,210,0
03/29/2025 12:15,183,336,0,337,184,0
03/29/2025 12:30,244,778,0,783,249,0
03/29/2025 12:45,185,224,0,221,182,0
03/29/2025 13:00,259,734,0,738,263,0
03/29/2025 13:15,161,932,0,934,163,0
03/29/2025 13:30,163,445,0,448,166,0
03/29/2025 13:45,222,167,0,172,227,0
03/29/2025 14:00,197,405,0,408,200,0
03/29/2025 14:15,156,690,0,694,160,0
03/29/2025 14:30,251,771,0,769,249,0
03/29/2025 14:45,238,556,0,557,239,0
03/29/2025 15:00,129,652,0,659,136,0
03/29/2025 15:15,110,672,0,674,112,0
03/29/2025 15:30,123,517,0,520,126,0
03/29/2025 15:45,126,575,0,581,132,0
03/29/2025 16:00,108,519,95,0,5,511
03/29/2025 16:15,92,581,86,0,0,575
03/29/2025 16:30,84,530,84,0,0,530
03/29/2025 16:45,77,528,73,0,0,524
03/29/2025 17:00,41,612,37,0,0,608
03/29/2025 17:15,50,209,48,0,0,207
03/29/2025 17:30,40,531,27,0,0,518
03/29/2025 17:45,30,694,0,660,10,14
03/29/2025 18:00,16,274,0,261,3,0
03/29/2025 18:15,16,614,0,599,1,0
03/29/2025 18:30,10,592,0,582,0,0
03/29/2025 18:45,0,551,0,552,1,0
03/29/2025 19:00,0,604,0,605,1,0
03/29/2025 19:15,0,609,0,612,3,0
03/29/2025 19:30,0,652,0,652,0,0
03/29/2025 19:45,0,375,0,376,1,0
03/29/2025 20:00,0,502,0,502,0,0
03/29/2025 20:15,0,678,0,678,0,0
03/29/2025 20:30,1,847,0,844,0,2
03/29/2025 20:45,0,2069,0,2069,0,0
03/29/2025 21:00,0,1927,0,1927,0,0
03/29/2025 21:15,0,987,0,987,0,0
03/29/2025 21:30,0,235,0,235,0,0
03/29/2025 21:45,0,947,0,947,0,0
03/29/2025 22:00,0,564,0,564,0,0
03/29/2025 22:15,0,198,0,198,0,0
03/29/2025 22:30,0,365,0,365,0,0
03/29/2025 22:45,0,642,0,642,0,0
03/29/2025 23:00,0,603,0,603,0,0
03/29/2025 23:15,0,389,0,389,0,0
03/29/2025 23:30,0,420,0,420,0,0
03/29/2025 23:45,0,458,0,460,2,0
03/30/2025 00:00,0,125,0,125,0,0
03/30/2025 00:15,0,153,0,153,0,0
03/30/2025 00:30,0,567,0,568,1,0
03/30/2025 00:45,0,453,0,454,1,0
03/30/2025 01:00,0,484,0,484,0,0
03/30/2025 01:15,0,270,0,272,2,0
03/30/2025 01:30,0,472,0,474,2,0
03/30/2025 01:45,0,123,0,125,2,0
03/30/2025 02:00,0,142,0,143,1,0
03/30/2025 02:15,0,586,0,589,3,0
03/30/2025 02:30,0,618,0,621,3,0
03/30/2025 02:45,0,544,0,547,3,0
03/30/2025 03:00,0,594,0,598,4,0
03/30/2025 03:15,0,516,0,520,4,0
03/30/2025 03:30,0,519,0,522,3,0
03/30/2025 03:45,0,686,0,689,3,0
03/30/2025 04:00,0,504,0,507,3,0
03/30/2025 04:15,0,518,0,519,1,0
03/30/2025 04:30,0,586,0,590,4,0
03/30/2025 04:45,0,302,0,305,3,0
03/30/2025 05:00,0,124,0,129,5,0
03/30/2025 05:15,0,616,0,621,5,0
03/30/2025 05:30,0,525,0,527,2,0
03/30/2025 05:45,0,135,0,138,3,0
03/30/2025 06:00,0,453,0,458,5,0
03/30/2025 06:15,0,477,0,481,4,0
03/30/2025 06:30,0,606,0,609,3,0
03/30/2025 06:45,0,727,0,730,3,0
03/30/2025 07:00,0,567,0,568,1,0
03/30/2025 07:15,0,538,0,541,3,0
03/30/2025 07:30,1,691,0,691,1,0
03/30/2025 07:45,3,743,0,743,3,0
03/30/2025 08:00,46,666,0,657,37,0
03/30/2025 08:15,53,596,0,596,53,0
03/30/2025 08:30,60,577,0,581,64,0
03/30/2025 08:45,82,561,0,561,82,0
03/30/2025 09:00,133,545,0,542,130,0
03/30/2025 09:15,159,538,0,544,165,0
03/30/2025 09:30,185,552,0,556,189,0
03/30/2025 09:45,239,611,0,612,240,0
03/30/2025 10:00,234,689,0,695,240,0
03/30/2025 10:15,310,555,0,552,307,0
03/30/2025 10:30,381,453,0,457,385,0
03/30/2025 10:45,420,545,0,546,421,0
03/30/2025 11:00,354,685,0,690,359,0
03/30/2025 11:15,418,627,0,632,423,0
03/30/2025 11:30,468,651,0,652,469,0
03/30/2025 11:45,704,842,0,843,705,0
03/30/2025 12:00,666,492,0,493,667,0
03/30/2025 12:15,612,273,0,277,616,0
03/30/2025 12:30,551,607,0,612,556,0
03/30/2025 12:45,613,404,0,405,614,0
03/30/2025 13:00,376,274,0,282,384,0
03/30/2025 13:15,460,640,0,638,458,0
03/30/2025 13:30,533,455,0,461,539,0
03/30/2025 13:45,529,889,0,887,527,0
03/30/2025 14:00,545,426,0,434,553,0
03/30/2025 14:15,517,472,0,476,521,0
03/30/2025 14:30,579,529,0,534,584,0
03/30/2025 14:45,442,376,0,384,450,0
03/30/2025 15:00,405,309,0,313,409,0
03/30/2025 15:15,346,249,0,256,353,0
03/30/2025 15:30,354,723,0,727,358,0
03/30/2025 15:45,322,655,0,657,324,0
03/30/2025 16:00,290,172,286,0,14,182
03/30/2025 16:15,244,134,241,0,0,131
03/30/2025 16:30,213,102,209,0,0,98
03/30/2025 16:45,154,213,144,0,0,203
03/30/2025 17:00,116,623,111,0,0,618
03/30/2025 17:15,78,432,78,0,0,432
03/30/2025 17:30,49,591,30,0,0,572
03/30/2025 17:45,39,291,39,0,0,291
03/30/2025 18:00,22,466,8,0,0,452
03/30/2025 18:15,16,519,16,0,0,519
03/30/2025 18:30,4,569,0,0,0,565
03/30/2025 18:45,0,435,0,3,0,432
03/30/2025 19:00,0,626,0,2,0,624
03/30/2025 19:15,0,467,6,0,0,473
03/30/2025 19:30,0,240,0,4,0,236
03/30/2025 19:45,0,179,0,4,0,175
03/30/2025 20:00,0,694,0,2,0,692
03/30/2025 20:15,0,949,1,0,0,950
03/30/2025 20:30,0,1415,0,266,2,1151
03/30/2025 20:45,0,2415,0,2428,13,0
03/30/2025 21:00,1,2145,0,2146,2,0
03/30/2025 21:15,1,1255,0,1254,0,0
03/30/2025 21:30,1,1295,0,1293,0,1
03/30/2025 21:45,0,784,0,784,0,0
03/30/2025 22:00,0,364,0,364,0,0
03/30/2025 22:15,0,340,0,342,2,0
03/30/2025 22:30,0,357,0,357,0,0
03/30/2025 22:45,0,594,0,595,1,0
03/30/2025 23:00,0,514,0,514,0,0
03/30/2025 23:15,0,275,0,275,0,0
03/30/2025 23:30,0,289,0,289,0,0
03/30/2025 23:45,0,298,0,298,0,0
03/31/2025 00:00,0,319,0,319,0,0
03/31/2025 00:15,0,538,0,539,1,0
03/31/2025 00:30,0,163,0,167,4,0
03/31/2025 00:45,0,105,0,108,3,0
03/31/2025 01:00,0,117,0,118,1,0
03/31/2025 01:15,0,125,0,125,0,0
03/31/2025 01:30,0,477,0,481,4,0
03/31/2025 01:45,0,223,0,227,4,0
03/31/2025 02:00,0,108,0,112,4,0
03/31/2025 02:15,0,101,0,106,5,0
03/31/2025 02:30,0,248,0,253,5,0
03/31/2025 02:45,0,461,0,465,4,0
03/31/2025 03:00,0,109,0,113,4,0
03/31/2025 03:15,0,99,0,102,3,0
03/31/2025 03:30,0,100,0,103,3,0
03/31/2025 03:45,0,450,0,454,4,0
03/31/2025 04:00,0,277,0,281,4,0
03/31/2025 04:15,0,100,0,104,4,0
03/31/2025 04:30,0,131,0,137,6,0
03/31/2025 04:45,0,548,0,552,4,0
03/31/2025 05:00,0,416,0,419,3,0
03/31/2025 05:15,0,459,0,464,5,0
03/31/2025 05:30,0,363,0,367,4,0
03/31/2025 05:45,0,434,0,438,4,0
03/31/2025 06:00,0,387,0,391,4,0
03/31/2025 06:15,0,237,0,241,4,0
03/31/2025 06:30,0,496,0,498,2,0
03/31/2025 06:45,0,525,0,527,2,0
03/31/2025 07:00,0,464,0,467,3,0
03/31/2025 07:15,31,461,0,457,27,0
03/31/2025 07:30,64,571,0,574,67,0
03/31/2025 07:45,82,445,0,449,86,0
03/31/2025 08:00,117,526,0,520,111,0
03/31/2025 08:15,118,447,0,451,122,0
03/31/2025 08:30,139,578,0,581,142,0
03/31/2025 08:45,206,514,0,513,205,0
03/31/2025 09:00,253,442,0,448,259,0
03/31/2025 09:15,231,339,0,342,234,0
03/31/2025 09:30,308,122,0,122,308,0
03/31/2025 09:45,315,170,0,171,316,0
03/31/2025 10:00,345,156,0,158,347,0
03/31/2025 10:15,404,159,0,159,404,0
03/31/2025 10:30,523,308,0,305,520,0
03/31/2025 10:45,535,551,0,554,538,0
03/31/2025 11:00,619,404,0,406,621,0
03/31/2025 11:15,836,406,0,387,817,0
03/31/2025 11:30,910,152,0,113,871,0
03/31/2025 11:45,570,163,0,167,574,0
03/31/2025 12:00,709,182,0,182,709,0
03/31/2025 12:15,1108,223,0,118,1003,0
03/31/2025 12:30,919,1450,0,1385,854,0
03/31/2025 12:45,542,1433,0,1438,547,0
03/31/2025 13:00,488,468,0,471,491,0
03/31/2025 13:15,372,308,0,314,378,0
03/31/2025 13:30,328,673,0,669,324,0
03/31/2025 13:45,326,386,0,388,328,0
03/31/2025 14:00,259,180,0,182,261,0
03/31/2025 14:15,155,120,0,117,152,0
03/31/2025 14:30,140,115,0,119,144,0
03/31/2025 14:45,156,120,0,116,152,0
03/31/2025 15:00,218,99,0,99,218,0
03/31/2025 15:15,218,101,0,99,216,0
03/31/2025 15:30,153,141,0,143,155,0
03/31/2025 15:45,122,124,0,126,124,0
03/31/2025 16:00,98,109,111,0,4,126
03/31/2025 16:15,149,98,146,0,0,95
03/31/2025 16:30,136,121,131,0,0,116
03/31/2025 16:45,132,123,128,0,0,119
03/31/2025 17:00,81,108,77,0,0,104
03/31/2025 17:15,76,126,72,0,0,122
03/31/2025 17:30,84,430,72,0,0,418
03/31/2025 17:45,108,230,106,0,0,228
03/31/2025 18:00,82,112,78,0,0,108
03/31/2025 18:15,63,182,57,0,0,176
03/31/2025 18:30,39,407,38,0,0,406
03/31/2025 18:45,17,121,14,0,0,118
03/31/2025 19:00,2,207,0,2,0,203
03/31/2025 19:15,0,227,0,4,0,223
03/31/2025 19:30,0,197,0,2,0,195
03/31/2025 19:45,0,188,3,0,0,191
03/31/2025 20:00,0,944,0,6,0,938
03/31/2025 20:15,2,1051,0,2,0,1047
03/31/2025 20:30,0,938,0,1,0,937
03/31/2025 20:45,0,1029,2,0,0,1031
03/31/2025 21:00,0,700,6,0,0,706
03/31/2025 21:15,0,521,14,0,0,535
03/31/2025 21:30,0,374,0,0,0,374
03/31/2025 21:45,0,332,0,2,0,330
03/31/2025 22:00,0,354,0,4,0,350
03/31/2025 22:15,0,323,0,337,18,4
03/31/2025 22:30,0,279,0,286,7,0
03/31/2025 22:45,0,283,0,284,1,0
03/31/2025 23:00,0,299,0,299,0,0
03/31/2025 23:15,0,293,0,293,0,0
03/31/2025 23:30,0,284,0,284,0,0
03/31/2025 23:45,0,560,0,560,0,0
