Date/Time,Energy Produced (Wh),Energy Consumed (Wh),Exported to Grid (Wh),Imported from Grid (Wh),Stored in batteries (Wh),Discharged from batteries (Wh)
09/01/2025 00:00,0,139,0,145,6,0
09/01/2025 00:15,0,123,0,129,6,0
09/01/2025 00:30,0,118,0,125,7,0
09/01/2025 00:45,0,110,0,117,7,0
09/01/2025 01:00,0,122,0,127,5,0
09/01/2025 01:15,0,119,0,125,6,0
09/01/2025 01:30,0,131,0,137,6,0
09/01/2025 01:45,0,100,0,106,6,0
09/01/2025 02:00,0,102,0,107,5,0
09/01/2025 02:15,0,116,0,122,6,0
09/01/2025 02:30,0,133,0,139,6,0
09/01/2025 02:45,0,114,0,120,6,0
09/01/2025 03:00,0,101,0,107,6,0
09/01/2025 03:15,0,111,0,117,6,0
09/01/2025 03:30,0,181,0,186,5,0
09/01/2025 03:45,0,260,0,267,7,0
09/01/2025 04:00,0,255,0,260,5,0
09/01/2025 04:15,0,106,0,112,6,0
09/01/2025 04:30,0,103,0,109,6,0
09/01/2025 04:45,0,128,0,134,6,0
09/01/2025 05:00,0,127,0,133,6,0
09/01/2025 05:15,0,125,0,131,6,0
09/01/2025 05:30,0,120,0,126,6,0
09/01/2025 05:45,0,103,0,109,6,0
09/01/2025 06:00,0,100,0,106,6,0
09/01/2025 06:15,21,128,0,123,16,0
09/01/2025 06:30,132,123,0,114,123,0
09/01/2025 06:45,254,142,0,41,153,0
09/01/2025 07:00,347,122,0,120,345,0
09/01/2025 07:15,324,116,0,125,333,0
09/01/2025 07:30,352,118,0,123,357,0
09/01/2025 07:45,412,310,0,306,408,0
09/01/2025 08:00,485,241,0,231,475,0
09/01/2025 08:15,637,242,0,239,634,0
09/01/2025 08:30,796,231,0,213,778,0
09/01/2025 08:45,769,274,0,269,764,0
09/01/2025 09:00,826,174,0,173,825,0
09/01/2025 09:15,952,199,0,199,952,0
09/01/2025 09:30,939,230,0,231,940,0
09/01/2025 09:45,777,379,0,357,755,0
09/01/2025 10:00,906,1486,0,1479,899,0
09/01/2025 10:15,985,849,0,852,988,0
09/01/2025 10:30,922,185,0,187,924,0
09/01/2025 10:45,885,153,0,145,877,0
09/01/2025 11:00,1266,142,0,134,1258,0
09/01/2025 11:15,1297,151,0,153,1299,0
09/01/2025 11:30,1399,160,182,0,1057,0
09/01/2025 11:45,1577,946,513,0,118,0
09/01/2025 12:00,1492,1590,0,215,117,0
09/01/2025 12:15,1412,1562,0,224,74,0
09/01/2025 12:30,1386,1560,0,174,0,0
09/01/2025 12:45,1025,219,788,0,18,0
09/01/2025 13:00,1023,141,813,0,69,0
09/01/2025 13:15,1046,178,850,0,18,0
09/01/2025 13:30,777,187,590,0,0,0
09/01/2025 13:45,885,454,411,0,20,0
09/01/2025 14:00,877,342,893,0,0,358
09/01/2025 14:15,715,182,711,0,0,178
09/01/2025 14:30,759,147,759,0,0,147
09/01/2025 14:45,816,140,811,0,0,135
09/01/2025 15:00,781,167,776,0,0,162
09/01/2025 15:15,681,170,677,0,0,166
09/01/2025 15:30,533,277,526,0,0,270
09/01/2025 15:45,526,320,525,0,0,319
09/01/2025 16:00,456,176,451,0,0,171
09/01/2025 16:15,424,152,420,0,0,148
09/01/2025 16:30,353,138,350,0,0,135
09/01/2025 16:45,381,142,375,0,0,136
09/01/2025 17:00,328,169,324,0,0,165
09/01/2025 17:15,335,168,329,0,0,162
09/01/2025 17:30,211,148,209,0,0,146
09/01/2025 17:45,210,198,204,0,0,192
09/01/2025 18:00,165,205,159,0,0,199
09/01/2025 18:15,84,251,82,0,0,249
09/01/2025 18:30,48,459,36,0,0,447
09/01/2025 18:45,22,606,19,0,0,603
09/01/2025 19:00,6,494,1,0,0,489
09/01/2025 19:15,0,390,0,1,0,389
09/01/2025 19:30,0,290,0,9,0,281
09/01/2025 19:45,0,325,0,3,0,322
09/01/2025 20:00,0,323,3,0,0,326
09/01/2025 20:15,0,269,2,0,0,271
09/01/2025 20:30,0,275,2,0,0,277
09/01/2025 20:45,0,470,5,0,0,475
09/01/2025 21:00,0,333,0,2,0,331
09/01/2025 21:15,0,567,0,12,0,555
09/01/2025 21:30,0,561,0,3,0,558
09/01/2025 21:45,0,292,0,6,0,286
09/01/2025 22:00,0,490,5,0,0,495
09/01/2025 22:15,0,485,0,4,0,481
09/01/2025 22:30,0,552,0,6,0,546
09/01/2025 22:45,0,314,0,4,0,310
09/01/2025 23:00,0,151,1,0,0,152
09/01/2025 23:15,0,203,0,6,0,197
09/01/2025 23:30,0,187,0,6,0,181
09/01/2025 23:45,0,164,7,0,0,171
09/02/2025 00:00,0,155,0,5,0,150
09/02/2025 00:15,0,196,0,149,6,53
09/02/2025 00:30,0,189,0,195,6,0
09/02/2025 00:45,0,161,0,167,6,0
09/02/2025 01:00,0,167,0,173,6,0
09/02/2025 01:15,0,143,0,151,8,0
09/02/2025 01:30,0,135,0,141,6,0
09/02/2025 01:45,0,140,0,146,6,0
09/02/2025 02:00,0,158,0,164,6,0
09/02/2025 02:15,0,186,0,192,6,0
09/02/2025 02:30,0,295,0,301,6,0
09/02/2025 02:45,0,135,0,141,6,0
09/02/2025 03:00,0,134,0,141,7,0
09/02/2025 03:15,0,156,0,162,6,0
09/02/2025 03:30,0,169,0,176,7,0
09/02/2025 03:45,0,157,0,163,6,0
09/02/2025 04:00,0,139,0,145,6,0
09/02/2025 04:15,0,144,0,151,7,0
09/02/2025 04:30,0,155,0,161,6,0
09/02/2025 04:45,0,149,0,156,7,0
09/02/2025 05:00,0,174,0,179,5,0
09/02/2025 05:15,0,136,0,143,7,0
09/02/2025 05:30,0,135,0,141,6,0
09/02/2025 05:45,0,144,0,150,6,0
09/02/2025 06:00,0,151,0,158,7,0
09/02/2025 06:15,6,155,0,154,5,0
09/02/2025 06:30,99,167,0,151,83,0
09/02/2025 06:45,218,133,0,7,92,0
09/02/2025 07:00,108,136,0,135,107,0
09/02/2025 07:15,131,163,0,160,128,0
09/02/2025 07:30,334,153,0,148,329,0
09/02/2025 07:45,425,167,0,167,425,0
09/02/2025 08:00,579,154,0,151,576,0
09/02/2025 08:15,793,169,0,167,791,0
09/02/2025 08:30,815,362,0,360,813,0
09/02/2025 08:45,833,314,0,310,829,0
09/02/2025 09:00,868,304,0,303,867,0
09/02/2025 09:15,911,423,0,423,911,0
09/02/2025 09:30,980,339,0,335,976,0
09/02/2025 09:45,1069,294,0,289,1064,0
09/02/2025 10:00,1141,308,0,303,1136,0
09/02/2025 10:15,1223,291,0,285,1217,0
09/02/2025 10:30,1307,174,0,164,1297,0
09/02/2025 10:45,1380,176,0,172,1376,0
09/02/2025 11:00,1442,232,0,243,1453,0
09/02/2025 11:15,1490,233,614,0,643,0
09/02/2025 11:30,1522,230,1206,0,86,0
09/02/2025 11:45,1553,281,1195,0,77,0
09/02/2025 12:00,1550,1614,0,112,48,0
09/02/2025 12:15,1564,1097,433,0,34,0
09/02/2025 12:30,1570,211,1349,0,10,0
09/02/2025 12:45,1574,175,1363,0,36,0
09/02/2025 13:00,1576,179,1356,0,41,0
09/02/2025 13:15,1555,190,1355,0,10,0
09/02/2025 13:30,1519,173,1328,0,18,0
09/02/2025 13:45,1493,177,1274,0,42,0
09/02/2025 14:00,1441,185,1432,0,3,179
09/02/2025 14:15,1343,197,1337,0,0,191
09/02/2025 14:30,1217,195,1215,0,0,193
09/02/2025 14:45,1111,209,1105,0,0,203
09/02/2025 15:00,1024,197,1022,0,0,195
09/02/2025 15:15,946,195,944,0,0,193
09/02/2025 15:30,847,183,842,0,0,178
09/02/2025 15:45,749,190,745,0,0,186
09/02/2025 16:00,686,200,683,0,0,197
09/02/2025 16:15,633,178,631,0,0,176
09/02/2025 16:30,519,179,517,0,0,177
09/02/2025 16:45,399,189,395,0,0,185
09/02/2025 17:00,239,146,235,0,0,142
09/02/2025 17:15,170,178,163,0,0,171
09/02/2025 17:30,127,163,124,0,0,160
09/02/2025 17:45,107,177,102,0,0,172
09/02/2025 18:00,106,192,113,0,0,199
09/02/2025 18:15,58,190,55,0,0,187
09/02/2025 18:30,39,204,35,0,0,200
09/02/2025 18:45,24,402,18,0,0,396
09/02/2025 19:00,6,366,4,0,0,364
09/02/2025 19:15,0,393,0,7,0,386
09/02/2025 19:30,0,405,0,7,0,398
09/02/2025 19:45,0,284,0,6,0,278
09/02/2025 20:00,0,444,4,0,0,448
09/02/2025 20:15,0,356,0,3,0,353
09/02/2025 20:30,0,295,0,8,0,287
09/02/2025 20:45,0,241,0,3,0,238
09/02/2025 21:00,0,532,0,8,0,524
09/02/2025 21:15,0,444,0,1,0,443
09/02/2025 21:30,0,527,0,5,0,522
09/02/2025 21:45,0,319,0,6,0,313
09/02/2025 22:00,0,265,0,4,0,261
09/02/2025 22:15,0,225,0,5,0,220
09/02/2025 22:30,0,273,0,8,0,265
09/02/2025 22:45,0,343,0,2,0,341
09/02/2025 23:00,0,378,0,5,0,373
09/02/2025 23:15,0,317,0,0,0,317
09/02/2025 23:30,0,253,0,7,0,246
09/02/2025 23:45,0,174,0,4,0,170
09/03/2025 00:00,0,147,0,5,0,142
09/03/2025 00:15,0,264,0,8,0,256
09/03/2025 00:30,0,212,0,2,0,210
09/03/2025 00:45,0,172,0,7,0,165
09/03/2025 01:00,0,148,0,5,0,143
09/03/2025 01:15,0,138,0,9,0,129
09/03/2025 01:30,0,125,0,48,3,80
09/03/2025 01:45,0,134,0,142,8,0
09/03/2025 02:00,0,139,0,145,6,0
09/03/2025 02:15,0,234,0,240,6,0
09/03/2025 02:30,0,181,0,189,8,0
09/03/2025 02:45,0,136,0,142,6,0
09/03/2025 03:00,0,114,0,120,6,0
09/03/2025 03:15,0,132,0,138,6,0
09/03/2025 03:30,0,101,0,109,8,0
09/03/2025 03:45,0,103,0,109,6,0
09/03/2025 04:00,0,123,0,129,6,0
09/03/2025 04:15,0,135,0,141,6,0
09/03/2025 04:30,0,115,0,121,6,0
09/03/2025 04:45,0,110,0,116,6,0
09/03/2025 05:00,0,119,0,125,6,0
09/03/2025 05:15,0,120,0,127,7,0
09/03/2025 05:30,0,126,0,132,6,0
09/03/2025 05:45,0,126,0,133,7,0
09/03/2025 06:00,0,140,0,146,6,0
09/03/2025 06:15,3,140,0,143,6,0
09/03/2025 06:30,62,166,0,133,29,0
09/03/2025 06:45,146,136,0,31,41,0
09/03/2025 07:00,128,166,0,162,124,0
09/03/2025 07:15,162,401,0,399,160,0
09/03/2025 07:30,254,340,0,337,251,0
09/03/2025 07:45,477,243,0,238,472,0
09/03/2025 08:00,707,117,0,116,706,0
09/03/2025 08:15,752,152,0,146,746,0
09/03/2025 08:30,786,163,0,162,785,0
09/03/2025 08:45,808,114,0,113,807,0
09/03/2025 09:00,850,133,0,134,851,0
09/03/2025 09:15,887,195,0,194,886,0
09/03/2025 09:30,961,127,0,121,955,0
09/03/2025 09:45,1060,114,0,104,1050,0
09/03/2025 10:00,1137,151,0,148,1134,0
09/03/2025 10:15,1221,139,0,138,1220,0
09/03/2025 10:30,1300,116,0,112,1296,0
09/03/2025 10:45,1358,118,0,116,1356,0
09/03/2025 11:00,1425,109,0,121,1437,0
09/03/2025 11:15,1474,213,824,0,437,0
09/03/2025 11:30,1497,366,921,0,210,0
09/03/2025 11:45,1534,310,1041,0,183,0
09/03/2025 12:00,1560,298,1196,0,66,0
09/03/2025 12:15,1595,135,1408,0,52,0
09/03/2025 12:30,1617,150,1418,0,49,0
09/03/2025 12:45,1626,125,1473,0,28,0
09/03/2025 13:00,1687,110,1571,0,6,0
09/03/2025 13:15,1637,246,1359,0,32,0
09/03/2025 13:30,1402,316,1067,0,19,0
09/03/2025 13:45,1661,319,1289,0,53,0
09/03/2025 14:00,1597,343,1585,0,2,333
09/03/2025 14:15,553,409,547,0,0,403
09/03/2025 14:30,380,316,381,0,0,317
09/03/2025 14:45,239,285,238,0,0,284
09/03/2025 15:00,419,141,414,0,0,136
09/03/2025 15:15,436,120,432,0,0,116
09/03/2025 15:30,655,131,650,0,0,126
09/03/2025 15:45,366,195,357,0,0,186
09/03/2025 16:00,698,324,695,0,0,321
09/03/2025 16:15,604,328,601,0,0,325
09/03/2025 16:30,502,320,498,0,0,316
09/03/2025 16:45,383,296,380,0,0,293
09/03/2025 17:00,229,129,228,0,0,128
09/03/2025 17:15,146,131,141,0,0,126
09/03/2025 17:30,135,144,131,0,0,140
09/03/2025 17:45,116,312,114,0,0,310
09/03/2025 18:00,104,397,104,0,0,397
09/03/2025 18:15,57,344,51,0,0,338
09/03/2025 18:30,39,548,51,0,0,560
09/03/2025 18:45,22,374,22,0,0,374
09/03/2025 19:00,5,420,1,0,0,416
09/03/2025 19:15,0,198,0,4,0,194
09/03/2025 19:30,0,224,8,0,0,232
09/03/2025 19:45,0,289,0,8,0,281
09/03/2025 20:00,0,651,0,0,0,651
09/03/2025 20:15,0,2150,14,0,0,2164
09/03/2025 20:30,0,1645,33,0,0,1678
09/03/2025 20:45,0,368,0,5,0,363
09/03/2025 21:00,0,384,0,3,0,381
09/03/2025 21:15,0,423,0,85,2,340
09/03/2025 21:30,0,688,0,706,18,0
09/03/2025 21:45,0,408,0,414,6,0
09/03/2025 22:00,0,303,0,309,6,0
09/03/2025 22:15,0,322,0,326,4,0
09/03/2025 22:30,0,255,0,261,6,0
09/03/2025 22:45,0,489,0,495,6,0
09/03/2025 23:00,0,201,0,203,2,0
09/03/2025 23:15,0,289,0,293,4,0
09/03/2025 23:30,0,317,0,320,3,0
09/03/2025 23:45,0,346,0,349,3,0
09/04/2025 00:00,0,303,0,309,6,0
09/04/2025 00:15,0,150,0,155,5,0
09/04/2025 00:30,0,159,0,165,6,0
09/04/2025 00:45,0,147,0,152,5,0
09/04/2025 01:00,0,170,0,176,6,0
09/04/2025 01:15,0,156,0,161,5,0
09/04/2025 01:30,0,138,0,145,7,0
09/04/2025 01:45,0,164,0,170,6,0
09/04/2025 02:00,0,155,0,161,6,0
09/04/2025 02:15,0,161,0,167,6,0
09/04/2025 02:30,0,164,0,170,6,0
09/04/2025 02:45,0,137,0,143,6,0
09/04/2025 03:00,0,139,0,145,6,0
09/04/2025 03:15,0,164,0,171,7,0
09/04/2025 03:30,0,148,0,154,6,0
09/04/2025 03:45,0,173,0,179,6,0
09/04/2025 04:00,0,149,0,156,7,0
09/04/2025 04:15,0,150,0,156,6,0
09/04/2025 04:30,0,150,0,157,7,0
09/04/2025 04:45,0,152,0,158,6,0
09/04/2025 05:00,0,217,0,223,6,0
09/04/2025 05:15,0,342,0,348,6,0
09/04/2025 05:30,0,188,0,194,6,0
09/04/2025 05:45,0,137,0,143,6,0
09/04/2025 06:00,0,158,0,164,6,0
09/04/2025 06:15,2,138,0,142,6,0
09/04/2025 06:30,83,168,0,157,72,0
09/04/2025 06:45,196,257,0,249,188,0
09/04/2025 07:00,275,183,0,172,264,0
09/04/2025 07:15,386,277,0,270,379,0
09/04/2025 07:30,484,272,0,264,476,0
09/04/2025 07:45,619,202,0,194,611,0
09/04/2025 08:00,693,181,0,179,691,0
09/04/2025 08:15,741,208,0,201,734,0
09/04/2025 08:30,783,135,0,135,783,0
09/04/2025 08:45,801,171,0,162,792,0
09/04/2025 09:00,839,154,0,148,833,0
09/04/2025 09:15,870,174,0,171,867,0
09/04/2025 09:30,941,165,0,158,934,0
09/04/2025 09:45,1053,153,0,145,1045,0
09/04/2025 10:00,1131,150,0,132,1113,0
09/04/2025 10:15,1216,165,0,159,1210,0
09/04/2025 10:30,1293,145,0,144,1292,0
09/04/2025 10:45,1354,173,0,169,1350,0
09/04/2025 11:00,1412,143,0,130,1399,0
09/04/2025 11:15,1336,141,912,0,283,0
09/04/2025 11:30,1339,344,948,0,47,0
09/04/2025 11:45,1488,382,1051,0,55,0
09/04/2025 12:00,1597,347,1248,0,2,0
09/04/2025 12:15,1547,326,1140,0,81,0
09/04/2025 12:30,1617,141,1469,0,7,0
09/04/2025 12:45,1358,140,1218,0,0,0
09/04/2025 13:00,1588,163,1372,0,53,0
09/04/2025 13:15,889,145,720,0,24,0
09/04/2025 13:30,727,317,408,0,2,0
09/04/2025 13:45,1479,335,1106,0,38,0
09/04/2025 14:00,1310,346,1322,0,0,358
09/04/2025 14:15,918,346,912,0,0,340
09/04/2025 14:30,636,346,633,0,0,343
09/04/2025 14:45,895,378,892,0,0,375
09/04/2025 15:00,1220,236,1223,0,0,239
09/04/2025 15:15,912,104,910,0,0,102
09/04/2025 15:30,760,108,755,0,0,103
09/04/2025 15:45,605,124,601,0,0,120
09/04/2025 16:00,369,293,360,0,0,284
09/04/2025 16:15,626,331,626,0,0,331
09/04/2025 16:30,182,301,179,0,0,298
09/04/2025 16:45,253,295,248,0,0,290
09/04/2025 17:00,247,322,245,0,0,320
09/04/2025 17:15,114,235,114,0,0,235
09/04/2025 17:30,110,152,106,0,0,148
09/04/2025 17:45,92,143,88,0,0,139
09/04/2025 18:00,93,153,89,0,0,149
09/04/2025 18:15,50,221,40,0,0,211
09/04/2025 18:30,34,568,30,0,0,564
09/04/2025 18:45,11,462,10,0,0,461
09/04/2025 19:00,0,373,13,0,0,386
09/04/2025 19:15,0,376,0,3,0,373
09/04/2025 19:30,0,348,5,0,0,353
09/04/2025 19:45,0,348,0,5,0,343
09/04/2025 20:00,0,377,11,0,0,388
09/04/2025 20:15,0,632,0,3,0,629
09/04/2025 20:30,0,496,9,0,0,505
09/04/2025 20:45,0,541,0,1,0,540
09/04/2025 21:00,0,389,0,8,0,381
09/04/2025 21:15,0,450,0,2,0,448
09/04/2025 21:30,0,378,0,7,0,371
09/04/2025 21:45,0,298,3,0,0,301
09/04/2025 22:00,0,265,0,2,0,263
09/04/2025 22:15,0,313,0,3,0,310
09/04/2025 22:30,0,365,0,4,0,361
09/04/2025 22:45,0,309,2,0,0,311
09/04/2025 23:00,0,307,0,65,4,246
09/04/2025 23:15,0,125,0,138,13,0
09/04/2025 23:30,0,106,0,112,6,0
09/04/2025 23:45,0,260,0,266,6,0
09/05/2025 00:00,0,150,0,156,6,0
09/05/2025 00:15,0,120,0,127,7,0
09/05/2025 00:30,0,137,0,142,5,0
09/05/2025 00:45,0,108,0,115,7,0
09/05/2025 01:00,0,122,0,128,6,0
09/05/2025 01:15,0,136,0,141,5,0
09/05/2025 01:30,0,117,0,124,7,0
09/05/2025 01:45,0,251,0,258,7,0
09/05/2025 02:00,0,130,0,136,6,0
09/05/2025 02:15,0,102,0,109,7,0
09/05/2025 02:30,0,158,0,165,7,0
09/05/2025 02:45,0,282,0,288,6,0
09/05/2025 03:00,0,139,0,145,6,0
09/05/2025 03:15,0,137,0,143,6,0
09/05/2025 03:30,0,100,0,107,7,0
09/05/2025 03:45,0,99,0,106,7,0
09/05/2025 04:00,0,125,0,131,6,0
09/05/2025 04:15,0,112,0,118,6,0
09/05/2025 04:30,0,134,0,140,6,0
09/05/2025 04:45,0,109,0,117,8,0
09/05/2025 05:00,0,102,0,108,6,0
09/05/2025 05:15,0,112,0,120,8,0
09/05/2025 05:30,0,115,0,123,8,0
09/05/2025 05:45,0,141,0,147,6,0
09/05/2025 06:00,0,117,0,124,7,0
09/05/2025 06:15,0,103,0,110,7,0
09/05/2025 06:30,0,171,0,179,8,0
09/05/2025 06:45,23,290,0,287,20,0
09/05/2025 07:00,79,164,0,156,71,0
09/05/2025 07:15,85,149,0,146,82,0
09/05/2025 07:30,306,204,0,181,283,0
09/05/2025 07:45,599,188,0,165,576,0
09/05/2025 08:00,213,135,0,140,218,0
09/05/2025 08:15,269,134,0,133,268,0
09/05/2025 08:30,278,238,0,235,275,0
09/05/2025 08:45,223,305,0,311,229,0
09/05/2025 09:00,227,311,0,307,223,0
09/05/2025 09:15,295,313,0,308,290,0
09/05/2025 09:30,322,407,0,406,321,0
09/05/2025 09:45,424,331,0,328,421,0
09/05/2025 10:00,480,222,0,219,477,0
09/05/2025 10:15,673,223,0,222,672,0
09/05/2025 10:30,754,199,0,194,749,0
09/05/2025 10:45,665,330,0,331,666,0
09/05/2025 11:00,668,195,0,193,666,0
09/05/2025 11:15,604,194,0,196,606,0
09/05/2025 11:30,395,197,0,203,401,0
09/05/2025 11:45,603,176,0,170,597,0
09/05/2025 12:00,628,174,0,139,593,0
09/05/2025 12:15,1027,185,0,10,852,0
09/05/2025 12:30,1102,267,0,56,891,0
09/05/2025 12:45,1318,532,0,353,1139,0
09/05/2025 13:00,795,528,0,418,685,0
09/05/2025 13:15,1116,311,0,529,1334,0
09/05/2025 13:30,1101,305,0,855,1651,0
09/05/2025 13:45,1077,154,710,0,213,0
09/05/2025 14:00,696,160,681,0,7,152
09/05/2025 14:15,622,164,619,0,0,161
09/05/2025 14:30,1127,143,1123,0,0,139
09/05/2025 14:45,1022,147,1018,0,0,143
09/05/2025 15:00,644,251,637,0,0,244
09/05/2025 15:15,757,415,754,0,0,412
09/05/2025 15:30,948,389,948,0,0,389
09/05/2025 15:45,528,331,525,0,0,328
09/05/2025 16:00,469,355,465,0,0,351
09/05/2025 16:15,566,257,565,0,0,256
09/05/2025 16:30,435,168,431,0,0,164
09/05/2025 16:45,371,146,367,0,0,142
09/05/2025 17:00,208,138,203,0,0,133
09/05/2025 17:15,170,318,158,0,0,306
09/05/2025 17:30,155,423,157,0,0,425
09/05/2025 17:45,94,440,90,0,0,436
09/05/2025 18:00,67,362,63,0,0,358
09/05/2025 18:15,60,404,52,0,0,396
09/05/2025 18:30,48,531,50,0,0,533
09/05/2025 18:45,31,410,31,0,0,410
09/05/2025 19:00,8,343,0,21,8,322
09/05/2025 19:15,0,332,0,4,0,328
09/05/2025 19:30,0,247,0,9,0,238
09/05/2025 19:45,0,442,0,3,0,439
09/05/2025 20:00,0,843,6,0,0,849
09/05/2025 20:15,0,888,19,0,0,907
09/05/2025 20:30,0,549,47,0,0,596
09/05/2025 20:45,0,279,0,4,0,275
09/05/2025 21:00,0,544,20,0,0,564
09/05/2025 21:15,0,575,20,0,0,595
09/05/2025 21:30,0,419,0,2,0,417
09/05/2025 21:45,0,703,0,139,18,582
09/05/2025 22:00,0,556,0,575,19,0
09/05/2025 22:15,0,501,0,508,7,0
09/05/2025 22:30,0,238,0,244,6,0
09/05/2025 22:45,0,238,0,244,6,0
09/05/2025 23:00,0,336,0,342,6,0
09/05/2025 23:15,0,362,0,365,3,0
09/05/2025 23:30,0,304,0,307,3,0
09/05/2025 23:45,0,216,0,222,6,0
09/06/2025 00:00,0,344,0,350,6,0
09/06/2025 00:15,0,337,0,343,6,0
09/06/2025 00:30,0,171,0,177,6,0
09/06/2025 00:45,0,166,0,172,6,0
09/06/2025 01:00,0,135,0,142,7,0
09/06/2025 01:15,0,146,0,153,7,0
09/06/2025 01:30,0,287,0,293,6,0
09/06/2025 01:45,0,317,0,323,6,0
09/06/2025 02:00,0,163,0,289,126,0
09/06/2025 02:15,0,139,0,156,17,0
09/06/2025 02:30,0,175,0,186,11,0
09/06/2025 02:45,0,354,0,360,6,0
09/06/2025 03:00,0,367,0,373,6,0
09/06/2025 03:15,0,141,0,148,7,0
09/06/2025 03:30,0,146,0,152,6,0
09/06/2025 03:45,0,151,0,273,122,0
09/06/2025 04:00,0,141,0,159,18,0
09/06/2025 04:15,0,153,0,163,10,0
09/06/2025 04:30,0,119,0,127,8,0
09/06/2025 04:45,0,103,0,109,6,0
09/06/2025 05:00,0,275,0,282,7,0
09/06/2025 05:15,0,163,0,169,6,0
09/06/2025 05:30,0,136,0,258,122,0
09/06/2025 05:45,0,128,0,142,14,0
09/06/2025 06:00,0,99,0,107,8,0
09/06/2025 06:15,0,144,0,150,6,0
09/06/2025 06:30,17,348,0,337,6,0
09/06/2025 06:45,71,357,0,292,6,0
09/06/2025 07:00,120,377,0,373,116,0
09/06/2025 07:15,177,271,0,270,176,0
09/06/2025 07:30,222,315,0,318,225,0
09/06/2025 07:45,275,253,0,247,269,0
09/06/2025 08:00,335,157,0,161,339,0
09/06/2025 08:15,404,153,0,152,403,0
09/06/2025 08:30,486,147,0,148,487,0
09/06/2025 08:45,580,169,0,165,576,0
09/06/2025 09:00,675,271,0,291,695,0
09/06/2025 09:15,739,151,0,181,769,0
09/06/2025 09:30,724,1121,0,1130,733,0
09/06/2025 09:45,884,1569,0,1599,914,0
09/06/2025 10:00,948,400,0,395,943,0
09/06/2025 10:15,1016,325,0,318,1009,0
09/06/2025 10:30,1073,423,0,412,1062,0
09/06/2025 10:45,1078,351,0,304,1031,0
09/06/2025 11:00,1210,429,0,382,1163,0
09/06/2025 11:15,1254,290,0,235,1199,0
09/06/2025 11:30,1274,481,0,418,1211,0
09/06/2025 11:45,1320,207,0,190,1303,0
09/06/2025 12:00,1340,533,372,0,435,0
09/06/2025 12:15,1333,1748,0,494,79,0
09/06/2025 12:30,1372,1534,0,277,115,0
09/06/2025 12:45,745,1456,0,722,11,0
09/06/2025 13:00,758,1431,0,687,14,0
09/06/2025 13:15,1138,1534,0,486,90,0
09/06/2025 13:30,1459,1538,0,79,0,0
09/06/2025 13:45,1121,1576,0,456,1,0
09/06/2025 14:00,849,493,824,0,0,468
09/06/2025 14:15,830,511,824,0,0,505
09/06/2025 14:30,897,472,902,0,0,477
09/06/2025 14:45,974,402,970,0,0,398
09/06/2025 15:00,900,394,905,0,0,399
09/06/2025 15:15,857,427,0,55,831,346
09/06/2025 15:30,520,463,518,0,0,461
09/06/2025 15:45,243,445,243,0,0,445
09/06/2025 16:00,206,164,205,0,0,163
09/06/2025 16:15,150,164,145,0,0,159
09/06/2025 16:30,65,372,59,0,0,366
09/06/2025 16:45,6,349,0,1,0,342
09/06/2025 17:00,0,427,0,6,0,421
09/06/2025 17:15,0,820,0,508,448,760
09/06/2025 17:30,0,403,10,0,0,413
09/06/2025 17:45,0,401,2,0,0,403
09/06/2025 18:00,0,318,2,0,0,320
09/06/2025 18:15,0,244,0,11,0,233
09/06/2025 18:30,0,539,0,7,0,532
09/06/2025 18:45,0,454,0,1,0,453
09/06/2025 19:00,0,480,0,1,0,479
09/06/2025 19:15,0,411,6,0,0,417
09/06/2025 19:30,0,412,0,4,0,408
09/06/2025 19:45,0,325,0,4,0,321
09/06/2025 20:00,0,457,6,0,0,463
09/06/2025 20:15,0,736,5,0,0,741
09/06/2025 20:30,0,691,0,10,0,681
09/06/2025 20:45,0,711,22,0,0,733
09/06/2025 21:00,0,285,0,0,0,285
09/06/2025 21:15,0,442,0,6,0,436
09/06/2025 21:30,0,737,0,468,12,281
09/06/2025 21:45,0,608,0,623,15,0
09/06/2025 22:00,0,185,0,193,8,0
09/06/2025 22:15,0,195,0,205,10,0
09/06/2025 22:30,0,162,0,170,8,0
09/06/2025 22:45,0,208,0,216,8,0
09/06/2025 23:00,0,388,0,396,8,0
09/06/2025 23:15,0,369,0,375,6,0
09/06/2025 23:30,0,279,0,287,8,0
09/06/2025 23:45,0,239,0,247,8,0
09/07/2025 00:00,0,339,0,346,7,0
09/07/2025 00:15,0,157,0,166,9,0
09/07/2025 00:30,0,145,0,153,8,0
09/07/2025 00:45,0,257,0,265,8,0
09/07/2025 01:00,0,210,0,219,9,0
09/07/2025 01:15,0,291,0,300,9,0
09/07/2025 01:30,0,155,0,164,9,0
09/07/2025 01:45,0,145,0,153,8,0
09/07/2025 02:00,0,172,0,180,8,0
09/07/2025 02:15,0,147,0,155,8,0
09/07/2025 02:30,0,140,0,148,8,0
09/07/2025 02:45,0,156,0,164,8,0
09/07/2025 03:00,0,145,0,154,9,0
09/07/2025 03:15,0,259,0,267,8,0
09/07/2025 03:30,0,234,0,242,8,0
09/07/2025 03:45,0,227,0,235,8,0
09/07/2025 04:00,0,158,0,165,7,0
09/07/2025 04:15,0,158,0,166,8,0
09/07/2025 04:30,0,167,0,174,7,0
09/07/2025 04:45,0,137,0,145,8,0
09/07/2025 05:00,0,139,0,147,8,0
09/07/2025 05:15,0,159,0,167,8,0
09/07/2025 05:30,0,148,0,155,7,0
09/07/2025 05:45,0,257,0,264,7,0
09/07/2025 06:00,0,142,0,149,7,0
09/07/2025 06:15,0,139,0,146,7,0
09/07/2025 06:30,0,163,0,169,6,0
09/07/2025 06:45,0,135,0,142,7,0
09/07/2025 07:00,0,217,0,224,7,0
09/07/2025 07:15,0,114,0,122,8,0
09/07/2025 07:30,0,132,0,139,7,0
09/07/2025 07:45,4,456,0,456,4,0
09/07/2025 08:00,19,412,0,407,14,0
09/07/2025 08:15,48,564,0,558,42,0
09/07/2025 08:30,48,300,0,298,46,0
09/07/2025 08:45,55,267,0,263,51,0
09/07/2025 09:00,96,287,0,285,94,0
09/07/2025 09:15,151,193,0,191,149,0
09/07/2025 09:30,98,220,0,221,99,0
09/07/2025 09:45,104,289,0,288,103,0
09/07/2025 10:00,105,311,0,312,106,0
09/07/2025 10:15,97,196,0,195,96,0
09/07/2025 10:30,133,179,0,177,131,0
09/07/2025 10:45,242,181,0,175,236,0
09/07/2025 11:00,293,178,0,172,287,0
09/07/2025 11:15,459,251,0,244,452,0
09/07/2025 11:30,347,157,0,154,344,0
09/07/2025 11:45,357,171,0,166,352,0
09/07/2025 12:00,347,142,0,139,344,0
09/07/2025 12:15,403,141,0,129,391,0
09/07/2025 12:30,288,162,0,167,293,0
09/07/2025 12:45,161,155,0,156,162,0
09/07/2025 13:00,178,194,0,3166,3150,0
09/07/2025 13:15,250,184,0,3643,3709,0
09/07/2025 13:30,208,253,0,3596,3551,0
09/07/2025 13:45,172,239,0,1311,1244,0
09/07/2025 14:00,196,286,180,0,9,279
09/07/2025 14:15,146,232,146,0,0,232
09/07/2025 14:30,125,216,120,0,0,211
09/07/2025 14:45,141,269,137,0,0,265
09/07/2025 15:00,143,273,138,0,0,268
09/07/2025 15:15,247,257,244,0,0,254
09/07/2025 15:30,144,329,142,0,0,327
09/07/2025 15:45,78,168,77,0,0,167
09/07/2025 16:00,171,165,165,0,0,159
09/07/2025 16:15,200,285,195,0,0,280
09/07/2025 16:30,293,227,291,0,0,225
09/07/2025 16:45,230,307,226,0,0,303
09/07/2025 17:00,180,403,176,0,0,399
09/07/2025 17:15,290,279,293,0,0,282
09/07/2025 17:30,213,189,212,0,0,188
09/07/2025 17:45,106,171,103,0,0,168
09/07/2025 18:00,74,460,70,0,0,456
09/07/2025 18:15,40,232,41,0,0,233
09/07/2025 18:30,16,569,36,0,0,589
09/07/2025 18:45,25,380,23,0,0,378
09/07/2025 19:00,6,234,0,10,11,229
09/07/2025 19:15,0,319,5,0,0,324
09/07/2025 19:30,0,430,13,0,0,443
09/07/2025 19:45,0,463,10,0,0,473
09/07/2025 20:00,0,244,0,5,0,239
09/07/2025 20:15,0,392,1,0,0,393
09/07/2025 20:30,0,635,0,0,0,635
09/07/2025 20:45,0,703,0,12,0,691
09/07/2025 21:00,0,600,0,7,0,593
09/07/2025 21:15,0,244,7,0,0,251
09/07/2025 21:30,0,250,0,2,0,248
09/07/2025 21:45,0,260,0,7,0,253
09/07/2025 22:00,0,372,1,0,0,373
09/07/2025 22:15,0,304,0,4,0,300
09/07/2025 22:30,0,283,0,63,4,224
09/07/2025 22:45,0,300,0,311,11,0
09/07/2025 23:00,0,245,0,252,7,0
09/07/2025 23:15,0,158,0,165,7,0
09/07/2025 23:30,0,214,0,221,7,0
09/07/2025 23:45,0,159,0,164,5,0
09/08/2025 00:00,0,255,0,259,4,0
09/08/2025 00:15,0,349,0,354,5,0
09/08/2025 00:30,0,354,0,360,6,0
09/08/2025 00:45,0,230,0,236,6,0
09/08/2025 01:00,0,144,0,150,6,0
09/08/2025 01:15,0,168,0,175,7,0
09/08/2025 01:30,0,145,0,151,6,0
09/08/2025 01:45,0,141,0,147,6,0
09/08/2025 02:00,0,162,0,168,6,0
09/08/2025 02:15,0,141,0,147,6,0
09/08/2025 02:30,0,167,0,173,6,0
09/08/2025 02:45,0,152,0,158,6,0
09/08/2025 03:00,0,132,0,138,6,0
09/08/2025 03:15,0,154,0,160,6,0
09/08/2025 03:30,0,139,0,146,7,0
09/08/2025 03:45,0,158,0,165,7,0
09/08/2025 04:00,0,163,0,169,6,0
09/08/2025 04:15,0,135,0,142,7,0
09/08/2025 04:30,0,145,0,152,7,0
09/08/2025 04:45,0,146,0,152,6,0
09/08/2025 05:00,0,150,0,156,6,0
09/08/2025 05:15,0,160,0,166,6,0
09/08/2025 05:30,0,133,0,139,6,0
09/08/2025 05:45,0,137,0,143,6,0
09/08/2025 06:00,0,150,0,156,6,0
09/08/2025 06:15,0,146,0,152,6,0
09/08/2025 06:30,30,163,0,153,20,0
09/08/2025 06:45,60,145,0,141,56,0
09/08/2025 07:00,71,145,0,153,79,0
09/08/2025 07:15,105,164,0,170,111,0
09/08/2025 07:30,147,192,0,197,152,0
09/08/2025 07:45,235,259,0,255,231,0
09/08/2025 08:00,329,255,0,256,330,0
09/08/2025 08:15,470,140,0,137,467,0
09/08/2025 08:30,675,220,0,218,673,0
09/08/2025 08:45,792,285,0,289,796,0
09/08/2025 09:00,738,209,0,216,745,0
09/08/2025 09:15,738,219,0,219,738,0
09/08/2025 09:30,810,195,0,194,809,0
09/08/2025 09:45,988,218,0,215,985,0
09/08/2025 10:00,953,309,0,306,950,0
09/08/2025 10:15,1052,223,0,219,1048,0
09/08/2025 10:30,1046,238,0,234,1042,0
09/08/2025 10:45,1145,219,0,207,1133,0
09/08/2025 11:00,1185,153,0,138,1170,0
09/08/2025 11:15,1190,184,0,181,1187,0
09/08/2025 11:30,1016,169,0,160,1007,0
09/08/2025 11:45,1196,184,46,0,966,0
09/08/2025 12:00,1185,166,800,0,219,0
09/08/2025 12:15,1226,145,883,0,198,0
09/08/2025 12:30,1211,281,804,0,126,0
09/08/2025 12:45,1112,190,825,0,97,0
09/08/2025 13:00,1174,153,929,0,92,0
09/08/2025 13:15,1223,147,1062,0,14,0
09/08/2025 13:30,1106,169,937,0,0,0
09/08/2025 13:45,1212,158,995,0,59,0
09/08/2025 14:00,1025,346,1004,0,2,327
09/08/2025 14:15,1189,181,1188,0,0,180
09/08/2025 14:30,1045,160,1043,0,0,158
09/08/2025 14:45,943,149,939,0,0,145
09/08/2025 15:00,799,178,796,0,0,175
09/08/2025 15:15,780,164,776,0,0,160
09/08/2025 15:30,733,113,731,0,0,111
09/08/2025 15:45,686,106,682,0,0,102
09/08/2025 16:00,598,130,595,0,0,127
09/08/2025 16:15,525,149,519,0,0,143
09/08/2025 16:30,519,145,516,0,0,142
09/08/2025 16:45,399,113,396,0,0,110
09/08/2025 17:00,351,139,347,0,0,135
09/08/2025 17:15,309,383,308,0,0,382
09/08/2025 17:30,269,260,264,0,0,255
09/08/2025 17:45,230,123,226,0,0,119
09/08/2025 18:00,138,132,133,0,0,127
09/08/2025 18:15,63,145,61,0,0,143
09/08/2025 18:30,32,128,27,0,0,123
09/08/2025 18:45,14,126,9,0,0,121
09/08/2025 19:00,0,286,0,4,0,282
09/08/2025 19:15,0,469,14,0,0,483
09/08/2025 19:30,0,301,5,0,0,306
09/08/2025 19:45,0,1536,23,0,0,1559
09/08/2025 20:00,0,1558,0,8,0,1550
09/08/2025 20:15,0,419,3,0,0,422
09/08/2025 20:30,0,257,0,6,0,251
09/08/2025 20:45,0,288,10,0,0,298
09/08/2025 21:00,0,245,0,5,0,240
09/08/2025 21:15,0,253,5,0,0,258
09/08/2025 21:30,0,247,0,1,0,246
09/08/2025 21:45,0,250,1,0,0,251
09/08/2025 22:00,0,290,0,5,0,285
09/08/2025 22:15,0,459,0,3,0,456
09/08/2025 22:30,0,347,6,0,0,353
09/08/2025 22:45,0,446,9,0,0,455
09/08/2025 23:00,0,159,0,5,0,154
09/08/2025 23:15,0,196,0,6,0,190
09/08/2025 23:30,0,157,2,0,0,159
09/08/2025 23:45,0,142,0,5,0,137
09/09/2025 00:00,0,144,0,8,0,136
09/09/2025 00:15,0,171,0,153,10,28
09/09/2025 00:30,0,154,0,162,8,0
09/09/2025 00:45,0,159,0,165,6,0
09/09/2025 01:00,0,137,0,145,8,0
09/09/2025 01:15,0,150,0,158,8,0
09/09/2025 01:30,0,154,0,162,8,0
09/09/2025 01:45,0,147,0,154,7,0
09/09/2025 02:00,0,167,0,175,8,0
09/09/2025 02:15,0,143,0,151,8,0
09/09/2025 02:30,0,135,0,142,7,0
09/09/2025 02:45,0,140,0,147,7,0
09/09/2025 03:00,0,160,0,168,8,0
09/09/2025 03:15,0,162,0,168,6,0
09/09/2025 03:30,0,160,0,167,7,0
09/09/2025 03:45,0,136,0,143,7,0
09/09/2025 04:00,0,137,0,143,6,0
09/09/2025 04:15,0,150,0,158,8,0
09/09/2025 04:30,0,148,0,154,6,0
09/09/2025 04:45,0,155,0,163,8,0
09/09/2025 05:00,0,163,0,169,6,0
09/09/2025 05:15,0,152,0,158,6,0
09/09/2025 05:30,0,133,0,141,8,0
09/09/2025 05:45,0,153,0,158,5,0
09/09/2025 06:00,0,144,0,150,6,0
09/09/2025 06:15,1,153,0,158,6,0
09/09/2025 06:30,65,166,0,157,56,0
09/09/2025 06:45,163,144,0,64,83,0
09/09/2025 07:00,251,145,0,141,247,0
09/09/2025 07:15,360,271,0,265,354,0
09/09/2025 07:30,445,185,0,184,444,0
09/09/2025 07:45,555,190,0,196,561,0
09/09/2025 08:00,646,215,0,215,646,0
09/09/2025 08:15,696,189,0,194,701,0
09/09/2025 08:30,749,235,0,231,745,0
09/09/2025 08:45,803,297,0,301,807,0
09/09/2025 09:00,795,218,0,216,793,0
09/09/2025 09:15,821,224,0,219,816,0
09/09/2025 09:30,879,181,0,177,875,0
09/09/2025 09:45,979,165,0,157,971,0
09/09/2025 10:00,1054,157,0,141,1038,0
09/09/2025 10:15,1206,164,0,155,1197,0
09/09/2025 10:30,1289,163,0,162,1288,0
09/09/2025 10:45,1358,157,0,146,1347,0
09/09/2025 11:00,1426,107,0,118,1437,0
09/09/2025 11:15,1462,138,777,0,547,0
09/09/2025 11:30,1510,129,1204,0,177,0
09/09/2025 11:45,1528,135,1273,0,120,0
09/09/2025 12:00,1533,129,1356,0,48,0
09/09/2025 12:15,1544,114,1424,0,6,0
09/09/2025 12:30,1561,112,1443,0,6,0
09/09/2025 12:45,1572,135,1414,0,23,0
09/09/2025 13:00,1564,126,1417,0,21,0
09/09/2025 13:15,1527,339,1182,0,6,0
09/09/2025 13:30,1501,108,1371,0,22,0
09/09/2025 13:45,1475,100,1355,0,20,0
09/09/2025 14:00,1404,121,1419,0,0,136
09/09/2025 14:15,1303,136,1301,0,0,134
09/09/2025 14:30,1188,113,1185,0,0,110
09/09/2025 14:45,1069,107,1067,0,0,105
09/09/2025 15:00,984,136,981,0,0,133
09/09/2025 15:15,870,119,866,0,0,115
09/09/2025 15:30,768,138,766,0,0,136
09/09/2025 15:45,654,110,650,0,0,106
09/09/2025 16:00,587,100,581,0,0,94
09/09/2025 16:15,538,102,533,0,0,97
09/09/2025 16:30,477,134,476,0,0,133
09/09/2025 16:45,285,137,281,0,0,133
09/09/2025 17:00,194,133,188,0,0,127
09/09/2025 17:15,192,113,187,0,0,108
09/09/2025 17:30,208,110,204,0,0,106
09/09/2025 17:45,177,120,173,0,0,116
09/09/2025 18:00,110,133,107,0,0,130
09/09/2025 18:15,96,138,93,0,0,135
09/09/2025 18:30,60,117,54,0,0,111
09/09/2025 18:45,16,301,9,0,0,294
09/09/2025 19:00,0,300,9,0,0,309
09/09/2025 19:15,0,348,0,6,0,342
09/09/2025 19:30,0,216,1,0,0,217
09/09/2025 19:45,0,332,0,4,0,328
09/09/2025 20:00,0,356,3,0,0,359
09/09/2025 20:15,0,430,1,0,0,431
09/09/2025 20:30,0,510,2,0,0,512
09/09/2025 20:45,0,333,0,2,0,331
09/09/2025 21:00,0,227,0,3,0,224
09/09/2025 21:15,0,416,0,2,0,414
09/09/2025 21:30,0,519,0,7,0,512
09/09/2025 21:45,0,723,0,5,0,718
09/09/2025 22:00,0,472,0,6,0,466
09/09/2025 22:15,0,218,9,0,0,227
09/09/2025 22:30,0,199,2,0,0,201
09/09/2025 22:45,0,180,0,3,0,177
09/09/2025 23:00,0,158,0,2,0,156
09/09/2025 23:15,0,179,2,0,0,181
09/09/2025 23:30,0,203,3,0,0,206
09/09/2025 23:45,0,171,0,0,0,171
09/10/2025 00:00,0,149,0,1,0,148
09/10/2025 00:15,0,148,0,6,0,142
09/10/2025 00:30,0,171,0,4,0,167
09/10/2025 00:45,0,160,2,0,0,162
09/10/2025 01:00,0,137,0,3,0,134
09/10/2025 01:15,0,139,0,5,0,134
09/10/2025 01:30,0,173,7,0,0,180
09/10/2025 01:45,0,167,0,2,0,165
09/10/2025 02:00,0,141,0,5,0,136
09/10/2025 02:15,0,136,0,7,0,129
09/10/2025 02:30,0,145,0,7,0,138
09/10/2025 02:45,0,156,0,1,0,155
09/10/2025 03:00,0,155,1,0,0,156
09/10/2025 03:15,0,163,0,4,0,159
09/10/2025 03:30,0,144,0,3,0,141
09/10/2025 03:45,0,135,0,6,0,129
09/10/2025 04:00,0,156,0,136,8,28
09/10/2025 04:15,0,167,0,173,6,0
09/10/2025 04:30,0,140,0,147,7,0
09/10/2025 04:45,0,144,0,151,7,0
09/10/2025 05:00,0,154,0,161,7,0
09/10/2025 05:15,0,140,0,147,7,0
09/10/2025 05:30,0,158,0,165,7,0
09/10/2025 05:45,0,163,0,169,6,0
09/10/2025 06:00,0,137,0,144,7,0
09/10/2025 06:15,0,133,0,140,7,0
09/10/2025 06:30,1,151,0,156,6,0
09/10/2025 06:45,34,160,0,132,6,0
09/10/2025 07:00,85,160,0,158,83,0
09/10/2025 07:15,105,369,0,372,108,0
09/10/2025 07:30,87,298,0,308,97,0
09/10/2025 07:45,107,255,0,259,111,0
09/10/2025 08:00,152,258,0,261,155,0
09/10/2025 08:15,181,270,0,269,180,0
09/10/2025 08:30,253,255,0,252,250,0
09/10/2025 08:45,340,245,0,249,344,0
09/10/2025 09:00,487,245,0,244,486,0
09/10/2025 09:15,708,177,0,173,704,0
09/10/2025 09:30,727,171,0,170,726,0
09/10/2025 09:45,767,275,0,276,768,0
09/10/2025 10:00,787,155,0,148,780,0
09/10/2025 10:15,523,137,0,146,532,0
09/10/2025 10:30,390,149,0,150,391,0
09/10/2025 10:45,407,264,0,262,405,0
09/10/2025 11:00,532,159,0,157,530,0
09/10/2025 11:15,491,165,0,169,495,0
09/10/2025 11:30,460,144,0,147,463,0
09/10/2025 11:45,585,132,0,127,580,0
09/10/2025 12:00,723,136,0,119,706,0
09/10/2025 12:15,820,158,0,130,792,0
09/10/2025 12:30,862,139,0,136,859,0
09/10/2025 12:45,1080,162,0,119,1037,0
09/10/2025 13:00,1620,146,0,1136,2610,0
09/10/2025 13:15,888,134,342,0,412,0
09/10/2025 13:30,1089,137,740,0,212,0
09/10/2025 13:45,1395,162,1073,0,160,0
09/10/2025 14:00,1419,147,1404,0,5,137
09/10/2025 14:15,1108,167,1104,0,0,163
09/10/2025 14:30,1041,142,1038,0,0,139
09/10/2025 14:45,858,169,854,0,0,165
09/10/2025 15:00,647,258,644,0,0,255
09/10/2025 15:15,721,186,719,0,0,184
09/10/2025 15:30,685,148,682,0,0,145
09/10/2025 15:45,619,159,618,0,0,158
09/10/2025 16:00,379,133,376,0,0,130
09/10/2025 16:15,495,134,490,0,0,129
09/10/2025 16:30,385,144,381,0,0,140
09/10/2025 16:45,367,161,365,0,0,159
09/10/2025 17:00,320,155,316,0,0,151
09/10/2025 17:15,247,148,246,0,0,147
09/10/2025 17:30,157,142,150,0,0,135
09/10/2025 17:45,194,268,190,0,0,264
09/10/2025 18:00,143,242,140,0,0,239
09/10/2025 18:15,126,203,122,0,0,199
09/10/2025 18:30,76,160,71,0,0,155
09/10/2025 18:45,29,263,23,0,0,257
09/10/2025 19:00,4,363,0,15,8,352
09/10/2025 19:15,0,335,10,0,0,345
09/10/2025 19:30,0,239,0,3,0,236
09/10/2025 19:45,0,1146,0,14,1,1133
09/10/2025 20:00,0,506,10,0,0,516
09/10/2025 20:15,0,229,2,0,0,231
09/10/2025 20:30,0,333,0,3,0,330
09/10/2025 20:45,0,229,8,0,0,237
09/10/2025 21:00,0,203,0,6,0,197
09/10/2025 21:15,0,219,0,5,0,214
09/10/2025 21:30,0,226,0,3,0,223
09/10/2025 21:45,0,254,3,0,0,257
09/10/2025 22:00,0,327,0,1,0,326
09/10/2025 22:15,0,475,0,1,0,474
09/10/2025 22:30,0,450,9,0,0,459
09/10/2025 22:45,0,607,0,5,0,602
09/10/2025 23:00,0,417,14,14,14,431
09/10/2025 23:15,0,309,0,8,0,301
09/10/2025 23:30,0,293,0,6,0,287
09/10/2025 23:45,0,190,1,0,0,191
09/11/2025 00:00,0,177,0,7,0,170
09/11/2025 00:15,0,169,0,3,0,166
09/11/2025 00:30,0,149,0,4,0,145
09/11/2025 00:45,0,139,0,113,32,58
09/11/2025 01:00,0,156,0,166,10,0
09/11/2025 01:15,0,169,0,175,6,0
09/11/2025 01:30,0,140,0,148,8,0
09/11/2025 01:45,0,151,0,157,6,0
09/11/2025 02:00,0,148,0,154,6,0
09/11/2025 02:15,0,145,0,153,8,0
09/11/2025 02:30,0,159,0,165,6,0
09/11/2025 02:45,0,159,0,165,6,0
09/11/2025 03:00,0,133,0,141,8,0
09/11/2025 03:15,0,136,0,142,6,0
09/11/2025 03:30,0,152,0,158,6,0
09/11/2025 03:45,0,150,0,157,7,0
09/11/2025 04:00,0,159,0,166,7,0
09/11/2025 04:15,0,159,0,165,6,0
09/11/2025 04:30,0,136,0,142,6,0
09/11/2025 04:45,0,134,0,141,7,0
09/11/2025 05:00,0,158,0,263,105,0
09/11/2025 05:15,0,161,0,172,11,0
09/11/2025 05:30,0,136,0,142,6,0
09/11/2025 05:45,0,154,0,160,6,0
09/11/2025 06:00,0,149,0,155,6,0
09/11/2025 06:15,0,136,0,142,6,0
09/11/2025 06:30,38,155,0,225,108,0
09/11/2025 06:45,138,172,0,48,14,0
09/11/2025 07:00,228,154,0,139,213,0
09/11/2025 07:15,331,311,0,305,325,0
09/11/2025 07:30,432,292,0,287,427,0
09/11/2025 07:45,543,268,0,272,547,0
09/11/2025 08:00,625,256,0,258,627,0
09/11/2025 08:15,675,224,0,220,671,0
09/11/2025 08:30,689,145,0,148,692,0
09/11/2025 08:45,740,236,0,238,742,0
09/11/2025 09:00,762,188,0,198,772,0
09/11/2025 09:15,796,168,0,181,809,0
09/11/2025 09:30,852,142,0,142,852,0
09/11/2025 09:45,912,243,0,248,917,0
09/11/2025 10:00,1048,150,0,173,1071,0
09/11/2025 10:15,1163,154,0,159,1168,0
09/11/2025 10:30,1254,160,0,189,1283,0
09/11/2025 10:45,1319,162,0,161,1318,0
09/11/2025 11:00,1380,130,0,140,1390,0
09/11/2025 11:15,1423,136,549,0,738,0
09/11/2025 11:30,1489,160,1170,0,159,0
09/11/2025 11:45,1499,158,1146,0,195,0
09/11/2025 12:00,1493,163,1219,0,111,0
09/11/2025 12:15,1465,151,1261,0,53,0
09/11/2025 12:30,1462,133,1280,0,49,0
09/11/2025 12:45,1517,141,1376,0,0,0
09/11/2025 13:00,1506,162,1333,0,11,0
09/11/2025 13:15,1464,182,1259,0,23,0
09/11/2025 13:30,1364,138,1190,0,36,0
09/11/2025 13:45,1389,141,1218,0,30,0
09/11/2025 14:00,1301,146,1306,0,2,153
09/11/2025 14:15,1215,157,1212,0,0,154
09/11/2025 14:30,1078,155,1075,0,0,152
09/11/2025 14:45,957,161,951,0,0,155
09/11/2025 15:00,885,139,879,0,0,133
09/11/2025 15:15,839,144,837,0,0,142
09/11/2025 15:30,689,150,685,0,0,146
09/11/2025 15:45,645,169,642,0,0,166
09/11/2025 16:00,523,140,519,0,0,136
09/11/2025 16:15,469,137,468,0,0,136
09/11/2025 16:30,367,161,362,0,0,156
09/11/2025 16:45,274,138,273,0,0,137
09/11/2025 17:00,149,158,144,0,0,153
09/11/2025 17:15,116,162,111,0,0,157
09/11/2025 17:30,131,132,127,0,0,128
09/11/2025 17:45,102,185,98,0,0,181
09/11/2025 18:00,56,158,53,0,0,155
09/11/2025 18:15,54,155,50,0,0,151
09/11/2025 18:30,44,243,39,0,0,238
09/11/2025 18:45,17,182,13,0,0,178
09/11/2025 19:00,2,346,5,8,10,351
09/11/2025 19:15,0,350,0,2,0,348
09/11/2025 19:30,0,272,15,0,0,287
09/11/2025 19:45,0,192,0,3,0,189
09/11/2025 20:00,0,1102,29,0,0,1131
09/11/2025 20:15,0,1591,0,8,0,1583
09/11/2025 20:30,0,1408,0,2,0,1406
09/11/2025 20:45,0,434,0,2,0,432
09/11/2025 21:00,0,559,0,2,0,557
09/11/2025 21:15,0,571,29,0,0,600
09/11/2025 21:30,0,393,2,0,0,395
09/11/2025 21:45,0,533,20,0,0,553
09/11/2025 22:00,0,424,11,0,0,435
09/11/2025 22:15,0,547,0,0,0,547
09/11/2025 22:30,0,512,0,307,28,233
09/11/2025 22:45,0,359,0,374,15,0
09/11/2025 23:00,0,288,0,296,8,0
09/11/2025 23:15,0,257,0,263,7,1
09/11/2025 23:30,0,261,0,268,7,0
09/11/2025 23:45,0,167,0,174,7,0
09/12/2025 00:00,0,157,0,163,6,0
09/12/2025 00:15,0,171,0,176,5,0
09/12/2025 00:30,0,152,0,159,7,0
09/12/2025 00:45,0,140,0,147,7,0
09/12/2025 01:00,0,154,0,161,7,0
09/12/2025 01:15,0,167,0,174,7,0
09/12/2025 01:30,0,148,0,154,6,0
09/12/2025 01:45,0,144,0,150,6,0
09/12/2025 02:00,0,155,0,161,6,0
09/12/2025 02:15,0,165,0,171,6,0
09/12/2025 02:30,0,169,0,300,131,0
09/12/2025 02:45,0,230,0,244,14,0
09/12/2025 03:00,0,170,0,178,8,0
09/12/2025 03:15,0,166,0,173,7,0
09/12/2025 03:30,0,174,0,181,7,0
09/12/2025 03:45,0,134,0,140,6,0
09/12/2025 04:00,0,147,0,153,6,0
09/12/2025 04:15,0,166,0,172,6,0
09/12/2025 04:30,0,157,0,286,129,0
09/12/2025 04:45,0,136,0,148,12,0
09/12/2025 05:00,0,147,0,155,8,0
09/12/2025 05:15,0,175,0,181,6,0
09/12/2025 05:30,0,164,0,171,7,0
09/12/2025 05:45,0,133,0,140,7,0
09/12/2025 06:00,0,136,0,142,6,0
09/12/2025 06:15,0,158,0,284,126,0
09/12/2025 06:30,24,149,0,140,15,0
09/12/2025 06:45,123,173,0,60,10,0
09/12/2025 07:00,223,160,0,148,211,0
09/12/2025 07:15,334,138,0,132,328,0
09/12/2025 07:30,436,246,0,248,438,0
09/12/2025 07:45,550,183,0,194,561,0
09/12/2025 08:00,631,279,0,297,649,0
09/12/2025 08:15,679,269,0,292,702,0
09/12/2025 08:30,715,302,0,313,726,0
09/12/2025 08:45,749,335,0,346,760,0
09/12/2025 09:00,764,250,0,247,761,0
09/12/2025 09:15,802,181,0,187,808,0
09/12/2025 09:30,858,289,0,292,861,0
09/12/2025 09:45,939,351,0,347,935,0
09/12/2025 10:00,1056,202,0,205,1059,0
09/12/2025 10:15,1200,231,0,254,1223,0
09/12/2025 10:30,1123,204,0,192,1111,0
09/12/2025 10:45,1316,227,0,258,1347,0
09/12/2025 11:00,1376,122,0,163,1417,0
09/12/2025 11:15,1463,156,469,0,838,0
09/12/2025 11:30,1571,150,1225,0,196,0
09/12/2025 11:45,1520,385,1042,0,93,0
09/12/2025 12:00,1422,1317,52,0,53,0
09/12/2025 12:15,1532,1469,22,0,41,0
09/12/2025 12:30,1538,1449,32,0,57,0
09/12/2025 12:45,1545,1400,145,0,0,0
09/12/2025 13:00,1555,1370,181,0,4,0
09/12/2025 13:15,1506,1383,89,0,34,0
09/12/2025 13:30,1493,1309,171,0,13,0
09/12/2025 13:45,1274,1335,0,64,3,0
09/12/2025 14:00,1254,149,1242,0,0,137
09/12/2025 14:15,1249,124,1246,0,0,121
09/12/2025 14:30,1121,137,1120,0,0,136
09/12/2025 14:45,1025,150,1022,0,0,147
09/12/2025 15:00,907,125,902,0,0,120
09/12/2025 15:15,800,122,796,0,0,118
09/12/2025 15:30,702,130,699,0,0,127
09/12/2025 15:45,579,234,572,0,0,227
09/12/2025 16:00,505,232,502,0,0,229
09/12/2025 16:15,442,122,438,0,0,118
09/12/2025 16:30,362,115,360,0,0,113
09/12/2025 16:45,219,131,215,0,0,127
09/12/2025 17:00,121,127,118,0,0,124
09/12/2025 17:15,99,114,94,0,0,109
09/12/2025 17:30,103,417,94,0,0,408
09/12/2025 17:45,86,241,89,0,0,244
09/12/2025 18:00,54,149,52,0,0,147
09/12/2025 18:15,40,124,36,0,0,120
09/12/2025 18:30,21,279,16,0,0,274
09/12/2025 18:45,5,327,0,1,0,321
09/12/2025 19:00,0,331,2,8,8,333
09/12/2025 19:15,0,217,0,3,0,214
09/12/2025 19:30,0,269,0,0,0,269
09/12/2025 19:45,0,449,21,0,0,470
09/12/2025 20:00,0,321,0,2,0,319
09/12/2025 20:15,0,493,11,0,0,504
09/12/2025 20:30,0,370,6,0,0,376
09/12/2025 20:45,0,288,0,4,0,284
09/12/2025 21:00,0,185,0,7,0,178
09/12/2025 21:15,0,364,0,3,0,361
09/12/2025 21:30,0,497,7,0,0,504
09/12/2025 21:45,0,504,31,0,0,535
09/12/2025 22:00,0,430,14,0,0,444
09/12/2025 22:15,0,292,0,5,0,287
09/12/2025 22:30,0,190,2,0,0,192
09/12/2025 22:45,0,286,0,4,0,282
09/12/2025 23:00,0,353,0,4,0,349
09/12/2025 23:15,0,192,0,6,0,186
09/12/2025 23:30,0,158,0,3,0,155
09/12/2025 23:45,0,148,3,0,0,151
09/13/2025 00:00,0,160,4,0,0,164
09/13/2025 00:15,0,143,0,1,0,142
09/13/2025 00:30,0,162,0,6,0,156
09/13/2025 00:45,0,155,0,2,0,153
09/13/2025 01:00,0,137,0,5,0,132
09/13/2025 01:15,0,143,0,2,0,141
09/13/2025 01:30,0,163,5,0,0,168
09/13/2025 01:45,0,147,0,9,0,138
09/13/2025 02:00,0,166,0,0,0,166
09/13/2025 02:15,0,137,1,0,0,138
09/13/2025 02:30,0,135,0,11,0,124
09/13/2025 02:45,0,148,60,89,89,208
09/13/2025 03:00,0,168,0,184,16,0
09/13/2025 03:15,0,146,0,155,9,0
09/13/2025 03:30,0,133,0,140,7,0
09/13/2025 03:45,0,142,0,148,6,0
09/13/2025 04:00,0,155,0,161,6,0
09/13/2025 04:15,0,150,0,156,6,0
09/13/2025 04:30,0,163,0,169,6,0
09/13/2025 04:45,0,137,0,143,6,0
09/13/2025 05:00,0,136,0,142,6,0
09/13/2025 05:15,0,152,0,159,7,0
09/13/2025 05:30,0,148,0,154,6,0
09/13/2025 05:45,0,160,0,167,7,0
09/13/2025 06:00,0,142,0,148,6,0
09/13/2025 06:15,0,134,0,140,6,0
09/13/2025 06:30,18,136,0,122,4,0
09/13/2025 06:45,117,171,0,156,102,0
09/13/2025 07:00,219,162,0,152,209,0
09/13/2025 07:15,331,149,0,145,327,0
09/13/2025 07:30,434,214,0,211,431,0
09/13/2025 07:45,551,293,0,305,563,0
09/13/2025 08:00,634,293,0,302,643,0
09/13/2025 08:15,654,297,0,304,661,0
09/13/2025 08:30,702,258,0,276,720,0
09/13/2025 08:45,748,250,0,271,769,0
09/13/2025 09:00,714,191,0,194,717,0
09/13/2025 09:15,759,253,0,272,778,0
09/13/2025 09:30,820,187,0,203,836,0
09/13/2025 09:45,880,133,0,131,878,0
09/13/2025 10:00,1019,154,0,153,1018,0
09/13/2025 10:15,1131,169,0,163,1125,0
09/13/2025 10:30,1223,146,0,167,1244,0
09/13/2025 10:45,1293,210,0,220,1303,0
09/13/2025 11:00,1337,154,0,174,1357,0
09/13/2025 11:15,1388,176,8,0,1204,0
09/13/2025 11:30,1442,163,1103,0,176,0
09/13/2025 11:45,1416,137,1129,0,150,0
09/13/2025 12:00,1282,136,1072,0,74,0
09/13/2025 12:15,1518,158,1356,0,4,0
09/13/2025 12:30,1366,118,1218,0,30,0
09/13/2025 12:45,1356,133,1179,0,44,0
09/13/2025 13:00,1101,275,814,0,12,0
09/13/2025 13:15,1367,278,1089,0,0,0
09/13/2025 13:30,1465,439,961,0,65,0
09/13/2025 13:45,1336,664,654,0,18,0
09/13/2025 14:00,647,224,657,0,1,235
09/13/2025 14:15,681,99,677,0,0,95
09/13/2025 14:30,453,311,449,0,0,307
09/13/2025 14:45,394,275,396,0,0,277
09/13/2025 15:00,217,167,214,0,0,164
09/13/2025 15:15,480,104,476,0,0,100
09/13/2025 15:30,628,106,625,0,0,103
09/13/2025 15:45,243,299,235,0,0,291
09/13/2025 16:00,413,161,413,0,0,161
09/13/2025 16:15,332,122,330,0,0,120
09/13/2025 16:30,180,133,178,0,0,131
09/13/2025 16:45,108,172,105,0,0,169
09/13/2025 17:00,137,294,129,0,0,286
09/13/2025 17:15,53,359,55,0,0,361
09/13/2025 17:30,9,171,4,0,0,166
09/13/2025 17:45,0,269,0,10,0,259
09/13/2025 18:00,3,425,1,0,0,423
09/13/2025 18:15,17,231,14,0,0,228
09/13/2025 18:30,6,199,0,0,0,193
09/13/2025 18:45,0,177,0,3,0,174
09/13/2025 19:00,0,271,4,9,9,275
09/13/2025 19:15,0,860,19,0,0,879
09/13/2025 19:30,0,617,16,0,0,633
09/13/2025 19:45,0,1433,0,7,0,1426
09/13/2025 20:00,0,1598,8,0,0,1606
09/13/2025 20:15,0,403,0,5,0,398
09/13/2025 20:30,0,424,0,4,0,420
09/13/2025 20:45,0,263,0,3,0,260
09/13/2025 21:00,0,296,0,0,0,296
09/13/2025 21:15,0,387,11,0,0,398
09/13/2025 21:30,0,310,0,5,0,305
09/13/2025 21:45,0,216,0,5,0,211
09/13/2025 22:00,0,352,0,7,0,345
09/13/2025 22:15,0,309,9,0,0,318
09/13/2025 22:30,0,312,0,246,43,109
09/13/2025 22:45,0,298,0,311,13,0
09/13/2025 23:00,0,149,0,157,8,0
09/13/2025 23:15,0,120,0,126,6,0
09/13/2025 23:30,0,113,0,119,6,0
09/13/2025 23:45,0,218,0,224,6,0
09/14/2025 00:00,0,189,0,195,6,0
09/14/2025 00:15,0,109,0,115,6,0
09/14/2025 00:30,0,162,0,170,8,0
09/14/2025 00:45,0,260,0,268,8,0
09/14/2025 01:00,0,113,0,121,8,0
09/14/2025 01:15,0,104,0,110,6,0
09/14/2025 01:30,0,185,0,192,7,0
09/14/2025 01:45,0,299,0,306,7,0
09/14/2025 02:00,0,167,0,175,8,0
09/14/2025 02:15,0,123,0,129,6,0
09/14/2025 02:30,0,102,0,110,8,0
09/14/2025 02:45,0,111,0,250,139,0
09/14/2025 03:00,0,126,0,138,12,0
09/14/2025 03:15,0,126,0,133,7,0
09/14/2025 03:30,0,117,0,125,8,0
09/14/2025 03:45,0,104,0,111,7,0
09/14/2025 04:00,0,108,0,115,7,0
09/14/2025 04:15,0,134,0,142,8,0
09/14/2025 04:30,0,111,0,118,7,0
09/14/2025 04:45,0,110,0,238,128,0
09/14/2025 05:00,0,118,0,140,22,0
09/14/2025 05:15,0,177,0,188,11,0
09/14/2025 05:30,0,248,0,255,7,0
09/14/2025 05:45,0,218,0,225,7,0
09/14/2025 06:00,0,101,0,108,7,0
09/14/2025 06:15,0,104,0,112,8,0
09/14/2025 06:30,13,123,0,116,6,0
09/14/2025 06:45,72,122,0,56,6,0
09/14/2025 07:00,158,152,0,142,148,0
09/14/2025 07:15,259,200,0,192,251,0
09/14/2025 07:30,385,134,0,139,390,0
09/14/2025 07:45,489,140,0,147,496,0
09/14/2025 08:00,580,146,0,163,597,0
09/14/2025 08:15,324,111,0,117,330,0
09/14/2025 08:30,261,107,0,109,263,0
09/14/2025 08:45,354,120,0,130,364,0
09/14/2025 09:00,696,111,0,113,698,0
09/14/2025 09:15,742,130,0,140,752,0
09/14/2025 09:30,806,169,0,170,807,0
09/14/2025 09:45,920,179,0,184,925,0
09/14/2025 10:00,790,143,0,151,798,0
09/14/2025 10:15,1015,134,0,145,1026,0
09/14/2025 10:30,894,124,0,139,909,0
09/14/2025 10:45,1091,96,0,103,1098,0
09/14/2025 11:00,1184,114,0,134,1204,0
09/14/2025 11:15,1314,199,0,203,1318,0
09/14/2025 11:30,1426,194,0,193,1425,0
09/14/2025 11:45,1377,491,0,411,1297,0
09/14/2025 12:00,991,248,632,0,111,0
09/14/2025 12:15,987,206,714,0,67,0
09/14/2025 12:30,1398,1271,97,0,30,0
09/14/2025 12:45,689,1402,0,714,1,0
09/14/2025 13:00,1311,1519,0,275,67,0
09/14/2025 13:15,914,1386,0,499,27,0
09/14/2025 13:30,933,1308,0,378,3,0
09/14/2025 13:45,709,1443,0,785,51,0
09/14/2025 14:00,1128,606,1114,0,0,592
09/14/2025 14:15,1062,648,1072,0,0,658
09/14/2025 14:30,511,431,513,0,0,433
09/14/2025 14:45,885,424,880,0,0,419
09/14/2025 15:00,475,385,470,0,0,380
09/14/2025 15:15,362,300,361,0,0,299
09/14/2025 15:30,321,400,311,0,0,390
09/14/2025 15:45,337,254,334,0,0,251
09/14/2025 16:00,437,143,433,0,0,139
09/14/2025 16:15,240,160,234,0,0,154
09/14/2025 16:30,403,173,399,0,0,169
09/14/2025 16:45,241,151,237,0,0,147
09/14/2025 17:00,129,137,124,0,0,132
09/14/2025 17:15,105,226,102,0,0,223
09/14/2025 17:30,104,174,101,0,0,171
09/14/2025 17:45,71,170,64,0,0,163
09/14/2025 18:00,41,359,41,0,0,359
09/14/2025 18:15,31,453,34,0,0,456
09/14/2025 18:30,18,491,17,0,0,490
09/14/2025 18:45,2,392,0,3,0,387
09/14/2025 19:00,0,258,1,9,9,259
09/14/2025 19:15,0,519,20,0,0,539
09/14/2025 19:30,0,445,33,0,0,478
09/14/2025 19:45,0,545,0,11,0,534
09/14/2025 20:00,0,1598,1,0,0,1599
09/14/2025 20:15,0,759,9,0,0,768
09/14/2025 20:30,0,529,23,0,0,552
09/14/2025 20:45,0,625,22,0,0,647
09/14/2025 21:00,0,351,12,0,0,363
09/14/2025 21:15,0,324,0,324,34,34
09/14/2025 21:30,0,354,0,365,11,0
09/14/2025 21:45,0,343,0,349,6,0
09/14/2025 22:00,0,527,0,531,4,0
09/14/2025 22:15,0,492,0,497,5,0
09/14/2025 22:30,0,438,0,439,1,0
09/14/2025 22:45,0,325,0,331,6,0
09/14/2025 23:00,0,333,0,338,5,0
09/14/2025 23:15,0,284,0,290,6,0
09/14/2025 23:30,0,156,0,163,7,0
09/14/2025 23:45,0,168,0,174,6,0
09/15/2025 00:00,0,153,0,159,6,0
09/15/2025 00:15,0,169,0,175,6,0
09/15/2025 00:30,0,156,0,162,6,0
09/15/2025 00:45,0,169,0,174,5,0
09/15/2025 01:00,0,143,0,150,7,0
09/15/2025 01:15,0,139,0,278,139,0
09/15/2025 01:30,0,162,0,174,12,0
09/15/2025 01:45,0,165,0,171,6,0
09/15/2025 02:00,0,135,0,142,7,0
09/15/2025 02:15,0,136,0,142,6,0
09/15/2025 02:30,0,162,0,169,7,0
09/15/2025 02:45,0,165,0,171,6,0
09/15/2025 03:00,0,135,0,142,7,0
09/15/2025 03:15,0,136,0,268,132,0
09/15/2025 03:30,0,160,0,172,12,0
09/15/2025 03:45,0,167,0,173,6,0
09/15/2025 04:00,0,138,0,144,6,0
09/15/2025 04:15,0,136,0,142,6,0
09/15/2025 04:30,0,151,0,158,7,0
09/15/2025 04:45,0,167,0,174,7,0
09/15/2025 05:00,0,146,0,154,8,0
09/15/2025 05:15,0,135,0,262,127,0
09/15/2025 05:30,0,144,0,158,14,0
09/15/2025 05:45,0,169,0,176,7,0
09/15/2025 06:00,0,153,0,160,7,0
09/15/2025 06:15,0,135,0,141,6,0
09/15/2025 06:30,8,165,0,164,7,0
09/15/2025 06:45,92,173,0,86,5,0
09/15/2025 07:00,223,200,0,191,214,0
09/15/2025 07:15,328,263,0,264,329,0
09/15/2025 07:30,331,332,0,341,340,0
09/15/2025 07:45,338,150,0,151,339,0
09/15/2025 08:00,473,156,0,156,473,0
09/15/2025 08:15,629,171,0,175,633,0
09/15/2025 08:30,295,174,0,185,306,0
09/15/2025 08:45,244,250,0,252,246,0
09/15/2025 09:00,232,264,0,268,236,0
09/15/2025 09:15,349,239,0,236,346,0
09/15/2025 09:30,442,224,0,229,447,0
09/15/2025 09:45,588,222,0,227,593,0
09/15/2025 10:00,661,237,0,254,678,0
09/15/2025 10:15,785,221,0,225,789,0
09/15/2025 10:30,828,222,0,257,863,0
09/15/2025 10:45,939,200,0,210,949,0
09/15/2025 11:00,1062,290,0,307,1079,0
09/15/2025 11:15,986,300,0,307,993,0
09/15/2025 11:30,964,714,0,718,968,0
09/15/2025 11:45,1019,743,0,745,1021,0
09/15/2025 12:00,1214,163,0,183,1234,0
09/15/2025 12:15,1066,166,0,181,1081,0
09/15/2025 12:30,1034,157,53,0,824,0
09/15/2025 12:45,1261,213,839,0,209,0
09/15/2025 13:00,746,468,130,0,148,0
09/15/2025 13:15,1188,1337,0,203,54,0
09/15/2025 13:30,1014,1335,0,333,12,0
09/15/2025 13:45,1083,1364,0,336,55,0
09/15/2025 14:00,1402,167,1373,0,2,140
09/15/2025 14:15,1010,143,1006,0,0,139
09/15/2025 14:30,1080,188,1080,0,0,188
09/15/2025 14:45,997,164,994,0,0,161
09/15/2025 15:00,869,193,867,0,0,191
09/15/2025 15:15,756,275,750,0,0,269
09/15/2025 15:30,639,229,640,0,0,230
09/15/2025 15:45,541,160,536,0,0,155
09/15/2025 16:00,454,172,450,0,0,168
09/15/2025 16:15,402,176,397,0,0,171
09/15/2025 16:30,321,162,321,0,0,162
09/15/2025 16:45,179,134,177,0,0,132
09/15/2025 17:00,104,132,100,0,0,128
09/15/2025 17:15,91,149,86,0,0,144
09/15/2025 17:30,89,160,86,0,0,157
09/15/2025 17:45,63,307,59,0,0,303
09/15/2025 18:00,47,292,43,0,0,288
09/15/2025 18:15,32,166,30,0,0,164
09/15/2025 18:30,16,153,14,0,0,151
09/15/2025 18:45,1,386,0,8,0,377
09/15/2025 19:00,0,361,6,9,9,367
09/15/2025 19:15,0,330,1,0,0,331
09/15/2025 19:30,0,216,4,0,0,220
09/15/2025 19:45,0,181,0,0,0,181
09/15/2025 20:00,0,296,0,3,0,293
09/15/2025 20:15,0,413,1,0,0,414
09/15/2025 20:30,0,491,7,0,0,498
09/15/2025 20:45,0,413,0,5,0,408
09/15/2025 21:00,0,347,0,2,0,345
09/15/2025 21:15,0,555,4,0,0,559
09/15/2025 21:30,0,484,0,4,0,480
09/15/2025 21:45,0,641,1,0,0,642
09/15/2025 22:00,0,324,13,0,0,337
09/15/2025 22:15,0,352,0,2,0,350
09/15/2025 22:30,0,218,1,0,0,219
09/15/2025 22:45,0,247,0,8,0,239
09/15/2025 23:00,0,329,2,0,0,331
09/15/2025 23:15,0,216,0,6,0,210
09/15/2025 23:30,0,171,0,2,0,169
09/15/2025 23:45,0,151,0,6,0,145
09/16/2025 00:00,0,137,0,5,0,132
09/16/2025 00:15,0,152,0,6,0,146
09/16/2025 00:30,0,150,0,1,0,149
09/16/2025 00:45,0,163,0,3,0,160
09/16/2025 01:00,0,157,0,5,0,152
09/16/2025 01:15,0,191,0,11,0,180
09/16/2025 01:30,0,242,0,16,6,232
09/16/2025 01:45,0,161,0,158,42,45
09/16/2025 02:00,0,146,0,156,10,0
09/16/2025 02:15,0,169,0,174,5,0
09/16/2025 02:30,0,137,0,142,5,0
09/16/2025 02:45,0,154,0,160,6,0
09/16/2025 03:00,0,253,0,260,7,0
09/16/2025 03:15,0,289,0,295,6,0
09/16/2025 03:30,0,186,0,191,5,0
09/16/2025 03:45,0,151,0,157,6,0
09/16/2025 04:00,0,136,0,142,6,0
09/16/2025 04:15,0,136,0,142,6,0
09/16/2025 04:30,0,157,0,163,6,0
09/16/2025 04:45,0,147,0,153,6,0
09/16/2025 05:00,0,167,0,173,6,0
09/16/2025 05:15,0,141,0,147,6,0
09/16/2025 05:30,0,136,0,259,123,0
09/16/2025 05:45,0,152,0,163,11,0
09/16/2025 06:00,0,147,0,152,5,0
09/16/2025 06:15,0,156,0,160,4,0
09/16/2025 06:30,0,227,0,233,6,0
09/16/2025 06:45,17,233,0,221,5,0
09/16/2025 07:00,60,172,0,166,54,0
09/16/2025 07:15,101,339,0,338,100,0
09/16/2025 07:30,112,348,0,341,105,0
09/16/2025 07:45,186,277,0,275,184,0
09/16/2025 08:00,238,215,0,210,233,0
09/16/2025 08:15,296,217,0,220,299,0
09/16/2025 08:30,276,380,0,386,282,0
09/16/2025 08:45,423,366,0,360,417,0
09/16/2025 09:00,899,216,0,230,913,0
09/16/2025 09:15,675,227,0,236,684,0
09/16/2025 09:30,804,252,0,269,821,0
09/16/2025 09:45,835,1078,0,1071,828,0
09/16/2025 10:00,890,1432,0,1438,896,0
09/16/2025 10:15,1171,352,0,374,1193,0
09/16/2025 10:30,611,163,0,177,625,0
09/16/2025 10:45,586,159,0,158,585,0
09/16/2025 11:00,1338,175,0,171,1334,0
09/16/2025 11:15,1407,176,0,187,1418,0
09/16/2025 11:30,1268,224,0,224,1268,0
09/16/2025 11:45,1568,354,0,360,1574,0
09/16/2025 12:00,1563,283,74,0,1206,0
09/16/2025 12:15,956,209,624,0,123,0
09/16/2025 12:30,803,168,567,0,68,0
09/16/2025 12:45,807,168,639,0,0,0
09/16/2025 13:00,1386,150,1166,0,70,0
09/16/2025 13:15,1593,149,1402,0,42,0
09/16/2025 13:30,1576,174,1399,0,3,0
09/16/2025 13:45,1456,212,1212,0,32,0
09/16/2025 14:00,1305,172,1318,0,0,185
09/16/2025 14:15,912,171,908,0,0,167
09/16/2025 14:30,622,193,619,0,0,190
09/16/2025 14:45,582,374,578,0,0,370
09/16/2025 15:00,506,164,505,0,0,163
09/16/2025 15:15,489,163,483,0,0,157
09/16/2025 15:30,510,172,507,0,0,169
09/16/2025 15:45,616,192,613,0,0,189
09/16/2025 16:00,567,164,563,0,0,160
09/16/2025 16:15,553,140,549,0,0,136
09/16/2025 16:30,483,143,477,0,0,137
09/16/2025 16:45,321,168,316,0,0,163
09/16/2025 17:00,234,160,232,0,0,158
09/16/2025 17:15,194,145,191,0,0,142
09/16/2025 17:30,168,150,165,0,0,147
09/16/2025 17:45,136,171,132,0,0,167
09/16/2025 18:00,94,182,89,0,0,177
09/16/2025 18:15,54,176,52,0,0,174
09/16/2025 18:30,20,165,18,0,0,163
09/16/2025 18:45,0,381,3,0,0,384
09/16/2025 19:00,0,376,1,9,9,377
09/16/2025 19:15,0,243,0,5,0,238
09/16/2025 19:30,0,418,0,0,0,418
09/16/2025 19:45,0,273,6,0,0,279
09/16/2025 20:00,0,377,0,7,0,370
09/16/2025 20:15,0,325,1,0,0,326
09/16/2025 20:30,0,568,1,0,0,569
09/16/2025 20:45,0,463,9,0,0,472
09/16/2025 21:00,0,490,5,0,0,495
09/16/2025 21:15,0,431,1,0,0,432
09/16/2025 21:30,0,517,8,0,0,525
09/16/2025 21:45,0,273,1,0,0,274
09/16/2025 22:00,0,378,21,0,0,399
09/16/2025 22:15,0,153,0,2,0,151
09/16/2025 22:30,0,149,0,0,0,149
09/16/2025 22:45,0,168,0,5,0,163
09/16/2025 23:00,0,157,7,0,0,164
09/16/2025 23:15,0,140,0,5,0,135
09/16/2025 23:30,0,149,0,1,0,148
09/16/2025 23:45,0,162,0,6,0,156
09/17/2025 00:00,0,160,0,8,0,152
09/17/2025 00:15,0,165,5,0,0,170
09/17/2025 00:30,0,136,0,2,0,134
09/17/2025 00:45,0,138,0,7,0,131
09/17/2025 01:00,0,167,0,3,0,164
09/17/2025 01:15,0,169,0,2,0,167
09/17/2025 01:30,0,137,0,3,0,134
09/17/2025 01:45,0,137,0,5,0,132
09/17/2025 02:00,0,160,0,4,0,156
09/17/2025 02:15,0,171,2,0,0,173
09/17/2025 02:30,0,167,0,61,36,142
09/17/2025 02:45,0,152,0,166,14,0
09/17/2025 03:00,0,134,0,141,7,0
09/17/2025 03:15,0,141,0,147,6,0
09/17/2025 03:30,0,157,0,163,6,0
09/17/2025 03:45,0,149,0,155,6,0
09/17/2025 04:00,0,165,0,170,5,0
09/17/2025 04:15,0,137,0,142,5,0
09/17/2025 04:30,0,134,0,142,8,0
09/17/2025 04:45,0,157,0,161,4,0
09/17/2025 05:00,0,148,0,154,6,0
09/17/2025 05:15,0,164,0,170,6,0
09/17/2025 05:30,0,149,0,155,6,0
09/17/2025 05:45,0,137,0,141,4,0
09/17/2025 06:00,0,133,0,139,6,0
09/17/2025 06:15,0,160,0,170,10,0
09/17/2025 06:30,2,149,0,245,98,0
09/17/2025 06:45,36,186,0,156,6,0
09/17/2025 07:00,64,249,0,247,62,0
09/17/2025 07:15,102,275,0,276,103,0
09/17/2025 07:30,186,344,0,344,186,0
09/17/2025 07:45,310,526,0,535,319,0
09/17/2025 08:00,271,293,0,295,273,0
09/17/2025 08:15,307,183,0,183,307,0
09/17/2025 08:30,415,264,0,262,413,0
09/17/2025 08:45,385,283,0,283,385,0
09/17/2025 09:00,828,291,0,295,832,0
09/17/2025 09:15,826,217,0,222,831,0
09/17/2025 09:30,851,172,0,191,870,0
09/17/2025 09:45,617,197,0,199,619,0
09/17/2025 10:00,1101,189,0,196,1108,0
09/17/2025 10:15,1180,222,0,257,1215,0
09/17/2025 10:30,1087,248,0,241,1080,0
09/17/2025 10:45,773,230,0,253,796,0
09/17/2025 11:00,810,253,0,271,828,0
09/17/2025 11:15,1158,380,0,389,1167,0
09/17/2025 11:30,1346,248,0,288,1386,0
09/17/2025 11:45,1324,197,0,211,1338,0
09/17/2025 12:00,1471,468,277,0,726,0
09/17/2025 12:15,1155,324,674,0,157,0
09/17/2025 12:30,1542,305,1111,0,126,0
09/17/2025 12:45,1486,719,684,0,83,0
09/17/2025 13:00,1468,1385,55,0,28,0
09/17/2025 13:15,1428,1356,50,0,22,0
09/17/2025 13:30,1403,1369,0,4,38,0
09/17/2025 13:45,1179,1377,0,243,45,0
09/17/2025 14:00,1331,182,1302,0,3,156
09/17/2025 14:15,1096,164,1093,0,0,161
09/17/2025 14:30,778,178,772,0,0,172
09/17/2025 14:45,707,210,704,0,0,207
09/17/2025 15:00,749,194,747,0,0,192
09/17/2025 15:15,611,162,609,0,0,160
09/17/2025 15:30,546,177,540,0,0,171
09/17/2025 15:45,459,191,455,0,0,187
09/17/2025 16:00,522,185,519,0,0,182
09/17/2025 16:15,385,156,381,0,0,152
09/17/2025 16:30,369,145,365,0,0,141
09/17/2025 16:45,265,157,260,0,0,152
09/17/2025 17:00,172,167,169,0,0,164
09/17/2025 17:15,117,177,108,0,0,168
09/17/2025 17:30,82,209,79,0,0,206
09/17/2025 17:45,79,414,78,0,0,413
09/17/2025 18:00,86,203,83,0,0,200
09/17/2025 18:15,47,206,43,0,0,202
09/17/2025 18:30,16,175,12,0,0,171
09/17/2025 18:45,1,301,0,7,0,293
09/17/2025 19:00,0,487,3,13,13,490
09/17/2025 19:15,0,616,15,0,0,631
09/17/2025 19:30,0,348,9,0,0,357
09/17/2025 19:45,0,1235,0,4,0,1231
09/17/2025 20:00,0,1833,41,0,0,1874
09/17/2025 20:15,0,1656,19,0,0,1675
09/17/2025 20:30,0,757,18,0,0,775
09/17/2025 20:45,0,547,0,5,0,542
09/17/2025 21:00,0,417,3,0,0,420
09/17/2025 21:15,0,231,0,9,0,222
09/17/2025 21:30,0,260,0,86,62,236
09/17/2025 21:45,0,300,0,317,17,0
09/17/2025 22:00,0,548,0,556,8,0
09/17/2025 22:15,0,539,0,545,6,0
09/17/2025 22:30,0,413,0,419,6,0
09/17/2025 22:45,0,277,0,283,6,0
09/17/2025 23:00,0,331,0,336,5,0
09/17/2025 23:15,0,335,0,339,4,0
09/17/2025 23:30,0,287,0,293,6,0
09/17/2025 23:45,0,144,0,150,6,0
09/18/2025 00:00,0,154,0,160,6,0
09/18/2025 00:15,0,151,0,159,8,0
09/18/2025 00:30,0,138,0,144,6,0
09/18/2025 00:45,0,166,0,172,6,0
09/18/2025 01:00,0,149,0,154,5,0
09/18/2025 01:15,0,135,0,142,7,0
09/18/2025 01:30,0,138,0,275,137,0
09/18/2025 01:45,0,185,0,197,12,0
09/18/2025 02:00,0,158,0,165,7,0
09/18/2025 02:15,0,136,0,142,6,0
09/18/2025 02:30,0,142,0,148,6,0
09/18/2025 02:45,0,159,0,165,6,0
09/18/2025 03:00,0,142,0,148,6,0
09/18/2025 03:15,0,168,0,174,6,0
09/18/2025 03:30,0,144,0,277,133,0
09/18/2025 03:45,0,138,0,153,15,0
09/18/2025 04:00,0,145,0,153,8,0
09/18/2025 04:15,0,164,0,171,7,0
09/18/2025 04:30,0,157,0,163,6,0
09/18/2025 04:45,0,135,0,141,6,0
09/18/2025 05:00,0,148,0,154,6,0
09/18/2025 05:15,0,259,0,265,6,0
09/18/2025 05:30,0,143,0,149,6,0
09/18/2025 05:45,0,166,0,293,127,0
09/18/2025 06:00,0,146,0,160,14,0
09/18/2025 06:15,0,153,0,160,7,0
09/18/2025 06:30,0,203,0,208,5,0
09/18/2025 06:45,2,190,0,193,5,0
09/18/2025 07:00,63,246,0,240,57,0
09/18/2025 07:15,102,296,0,295,101,0
09/18/2025 07:30,161,298,0,297,160,0
09/18/2025 07:45,144,183,0,184,145,0
09/18/2025 08:00,122,263,0,268,127,0
09/18/2025 08:15,235,312,0,311,234,0
09/18/2025 08:30,404,318,0,324,410,0
09/18/2025 08:45,471,314,0,317,474,0
09/18/2025 09:00,368,244,0,252,376,0
09/18/2025 09:15,341,164,0,169,346,0
09/18/2025 09:30,570,174,0,176,572,0
09/18/2025 09:45,320,233,0,244,331,0
09/18/2025 10:00,190,231,0,237,196,0
09/18/2025 10:15,471,195,0,193,469,0
09/18/2025 10:30,722,174,0,198,746,0
09/18/2025 10:45,479,234,0,245,490,0
09/18/2025 11:00,479,157,0,165,487,0
09/18/2025 11:15,525,141,0,153,537,0
09/18/2025 11:30,734,136,0,130,728,0
09/18/2025 11:45,671,273,0,286,684,0
09/18/2025 12:00,494,181,0,186,499,0
09/18/2025 12:15,713,148,0,151,716,0
09/18/2025 12:30,870,134,0,149,885,0
09/18/2025 12:45,970,227,0,245,988,0
09/18/2025 13:00,920,137,0,149,932,0
09/18/2025 13:15,1003,107,0,120,1016,0
09/18/2025 13:30,1461,137,0,137,1461,0
09/18/2025 13:45,605,141,0,156,620,0
09/18/2025 14:00,615,118,610,0,22,135
09/18/2025 14:15,783,112,779,0,0,108
09/18/2025 14:30,1124,146,1119,0,0,141
09/18/2025 14:45,967,236,965,0,0,234
09/18/2025 15:00,801,117,797,0,0,113
09/18/2025 15:15,696,120,696,0,0,120
09/18/2025 15:30,567,145,563,0,0,141
09/18/2025 15:45,480,131,478,0,0,129
09/18/2025 16:00,405,128,403,0,0,126
09/18/2025 16:15,358,106,355,0,0,103
09/18/2025 16:30,285,114,281,0,0,110
09/18/2025 16:45,132,200,128,0,0,196
09/18/2025 17:00,86,162,84,0,0,160
09/18/2025 17:15,73,137,66,0,0,130
09/18/2025 17:30,66,126,65,0,0,125
09/18/2025 17:45,49,124,44,0,0,119
09/18/2025 18:00,38,350,31,0,0,343
09/18/2025 18:15,23,272,23,0,0,272
09/18/2025 18:30,7,247,2,0,0,242
09/18/2025 18:45,0,144,0,3,0,141
09/18/2025 19:00,0,368,10,22,22,378
09/18/2025 19:15,0,401,2,0,0,403
09/18/2025 19:30,0,402,0,2,0,400
09/18/2025 19:45,0,443,5,0,0,448
09/18/2025 20:00,0,340,14,0,0,354
09/18/2025 20:15,0,236,5,0,0,241
09/18/2025 20:30,0,232,1,0,0,233
09/18/2025 20:45,0,477,6,0,0,483
09/18/2025 21:00,0,340,12,0,0,352
09/18/2025 21:15,0,360,18,0,0,378
09/18/2025 21:30,0,455,5,0,0,460
09/18/2025 21:45,0,452,9,0,0,461
09/18/2025 22:00,0,385,0,4,0,381
09/18/2025 22:15,0,323,1,0,0,324
09/18/2025 22:30,0,368,8,0,0,376
09/18/2025 22:45,0,351,10,0,0,361
09/18/2025 23:00,0,330,10,0,0,340
09/18/2025 23:15,0,171,0,5,0,166
09/18/2025 23:30,0,291,16,0,0,307
09/18/2025 23:45,0,311,2,0,0,313
09/19/2025 00:00,0,111,0,4,0,107
09/19/2025 00:15,0,142,0,2,0,140
09/19/2025 00:30,0,184,0,1,0,183
09/19/2025 00:45,0,121,0,6,0,115
09/19/2025 01:00,0,101,0,4,0,97
09/19/2025 01:15,0,113,29,56,56,142
09/19/2025 01:30,0,127,0,145,18,0
09/19/2025 01:45,0,117,0,125,8,0
09/19/2025 02:00,0,111,0,119,8,0
09/19/2025 02:15,0,102,0,108,6,0
09/19/2025 02:30,0,141,0,149,8,0
09/19/2025 02:45,0,196,0,202,6,0
09/19/2025 03:00,0,101,0,107,6,0
09/19/2025 03:15,0,101,0,108,7,0
09/19/2025 03:30,0,125,0,132,7,0
09/19/2025 03:45,0,115,0,121,6,0
09/19/2025 04:00,0,120,0,127,7,0
09/19/2025 04:15,0,103,0,109,6,0
09/19/2025 04:30,0,102,0,110,8,0
09/19/2025 04:45,0,135,0,141,6,0
09/19/2025 05:00,0,120,0,127,7,0
09/19/2025 05:15,0,102,0,227,125,0
09/19/2025 05:30,0,111,0,124,13,0
09/19/2025 05:45,0,142,0,150,8,0
09/19/2025 06:00,0,163,0,169,6,0
09/19/2025 06:15,0,113,0,119,6,0
09/19/2025 06:30,0,105,0,111,6,0
09/19/2025 06:45,42,241,0,205,6,0
09/19/2025 07:00,177,249,0,238,166,0
09/19/2025 07:15,275,258,0,254,271,0
09/19/2025 07:30,376,399,0,395,372,0
09/19/2025 07:45,485,365,0,362,482,0
09/19/2025 08:00,553,258,0,261,556,0
09/19/2025 08:15,589,228,0,241,602,0
09/19/2025 08:30,619,124,0,132,627,0
09/19/2025 08:45,654,134,0,143,663,0
09/19/2025 09:00,688,170,0,191,709,0
09/19/2025 09:15,710,126,0,148,732,0
09/19/2025 09:30,730,123,0,131,738,0
09/19/2025 09:45,766,140,0,168,794,0
09/19/2025 10:00,875,143,0,152,884,0
09/19/2025 10:15,988,286,0,311,1013,0
09/19/2025 10:30,1146,134,0,166,1178,0
09/19/2025 10:45,1074,166,0,196,1104,0
09/19/2025 11:00,1325,187,0,197,1335,0
09/19/2025 11:15,1232,166,0,170,1236,0
09/19/2025 11:30,1178,148,0,150,1180,0
09/19/2025 11:45,1305,186,723,0,396,0
09/19/2025 12:00,1499,379,937,0,183,0
09/19/2025 12:15,1303,1598,0,369,74,0
09/19/2025 12:30,1400,1387,0,1,14,0
09/19/2025 12:45,1466,1329,109,0,28,0
09/19/2025 13:00,1429,1312,48,0,69,0
09/19/2025 13:15,1381,1630,0,267,18,0
09/19/2025 13:30,1410,1586,0,202,26,0
09/19/2025 13:45,1057,1307,0,272,22,0
09/19/2025 14:00,908,157,912,0,0,161
09/19/2025 14:15,1151,166,1150,0,0,165
09/19/2025 14:30,1011,133,1007,0,0,129
09/19/2025 14:45,947,127,943,0,0,123
09/19/2025 15:00,827,155,823,0,0,151
09/19/2025 15:15,734,234,732,0,0,232
09/19/2025 15:30,608,127,605,0,0,124
09/19/2025 15:45,514,160,510,0,0,156
09/19/2025 16:00,414,269,410,0,0,265
09/19/2025 16:15,357,150,353,0,0,146
09/19/2025 16:30,268,352,267,0,0,351
09/19/2025 16:45,120,315,114,0,0,309
09/19/2025 17:00,83,342,84,0,0,343
09/19/2025 17:15,71,190,65,0,0,184
09/19/2025 17:30,64,215,61,0,0,212
09/19/2025 17:45,46,173,41,0,0,168
09/19/2025 18:00,34,360,30,0,0,356
09/19/2025 18:15,22,326,17,0,0,321
09/19/2025 18:30,4,384,3,0,0,383
09/19/2025 18:45,0,227,0,1,0,226
09/19/2025 19:00,0,191,0,12,12,191
09/19/2025 19:15,0,305,2,0,0,307
09/19/2025 19:30,0,408,2,0,0,410
09/19/2025 19:45,0,513,4,0,0,517
09/19/2025 20:00,0,569,6,0,0,575
09/19/2025 20:15,0,435,0,1,0,434
09/19/2025 20:30,0,627,0,6,0,621
09/19/2025 20:45,0,268,1,0,0,269
09/19/2025 21:00,0,201,7,0,0,208
09/19/2025 21:15,0,200,2,0,0,202
09/19/2025 21:30,0,286,0,4,0,282
09/19/2025 21:45,0,386,6,0,0,392
09/19/2025 22:00,0,411,7,0,0,418
09/19/2025 22:15,0,363,0,5,0,358
09/19/2025 22:30,0,493,18,0,0,511
09/19/2025 22:45,0,440,4,0,0,444
09/19/2025 23:00,0,412,0,3,0,409
09/19/2025 23:15,0,211,2,0,0,213
09/19/2025 23:30,0,129,0,2,0,127
09/19/2025 23:45,0,177,0,3,0,174
09/20/2025 00:00,0,300,0,5,0,295
09/20/2025 00:15,0,367,0,345,32,54
09/20/2025 00:30,0,296,0,308,12,0
09/20/2025 00:45,0,120,0,126,6,0
09/20/2025 01:00,0,101,0,107,6,0
09/20/2025 01:15,0,108,0,114,6,0
09/20/2025 01:30,0,134,0,142,8,0
09/20/2025 01:45,0,114,0,121,7,0
09/20/2025 02:00,0,102,0,109,7,0
09/20/2025 02:15,0,120,0,126,6,0
09/20/2025 02:30,0,123,0,128,5,0
09/20/2025 02:45,0,125,0,132,7,0
09/20/2025 03:00,0,109,0,115,6,0
09/20/2025 03:15,0,101,0,107,6,0
09/20/2025 03:30,0,144,0,149,5,0
09/20/2025 03:45,0,128,0,256,128,0
09/20/2025 04:00,0,103,0,115,12,0
09/20/2025 04:15,0,101,0,108,7,0
09/20/2025 04:30,0,132,0,138,6,0
09/20/2025 04:45,0,112,0,119,7,0
09/20/2025 05:00,0,127,0,133,6,0
09/20/2025 05:15,0,101,0,108,7,0
09/20/2025 05:30,0,103,0,109,6,0
09/20/2025 05:45,0,131,0,267,136,0
09/20/2025 06:00,0,120,0,132,12,0
09/20/2025 06:15,0,99,0,106,7,0
09/20/2025 06:30,1,108,0,114,7,0
09/20/2025 06:45,41,127,0,92,6,0
09/20/2025 07:00,203,130,0,116,189,0
09/20/2025 07:15,303,129,0,126,300,0
09/20/2025 07:30,406,111,0,114,409,0
09/20/2025 07:45,527,118,0,123,532,0
09/20/2025 08:00,593,181,0,183,595,0
09/20/2025 08:15,632,265,0,266,633,0
09/20/2025 08:30,657,162,0,176,671,0
09/20/2025 08:45,701,142,0,156,715,0
09/20/2025 09:00,724,133,0,134,725,0
09/20/2025 09:15,735,198,0,208,745,0
09/20/2025 09:30,761,116,0,132,777,0
09/20/2025 09:45,797,223,0,230,804,0
09/20/2025 10:00,867,252,0,257,872,0
09/20/2025 10:15,1042,174,0,166,1034,0
09/20/2025 10:30,1156,200,0,225,1181,0
09/20/2025 10:45,1234,155,0,189,1268,0
09/20/2025 11:00,1321,141,0,152,1332,0
09/20/2025 11:15,1373,127,0,151,1397,0
09/20/2025 11:30,1432,101,886,0,445,0
09/20/2025 11:45,1439,126,1109,0,204,0
09/20/2025 12:00,1457,134,1158,0,165,0
09/20/2025 12:15,1463,108,1220,0,135,0
09/20/2025 12:30,1484,101,1331,0,52,0
09/20/2025 12:45,1476,127,1333,0,16,0
09/20/2025 13:00,1446,252,1133,0,61,0
09/20/2025 13:15,1427,1506,0,123,44,0
09/20/2025 13:30,1400,1609,0,221,12,0
09/20/2025 13:45,1317,1345,0,48,20,0
09/20/2025 14:00,1236,176,1240,0,1,181
09/20/2025 14:15,1143,174,1142,0,0,173
09/20/2025 14:30,969,277,963,0,0,271
09/20/2025 14:45,926,303,929,0,0,306
09/20/2025 15:00,805,186,806,0,0,187
09/20/2025 15:15,687,187,687,0,0,187
09/20/2025 15:30,552,177,552,0,0,177
09/20/2025 15:45,473,165,465,0,0,157
09/20/2025 16:00,400,224,390,0,0,214
09/20/2025 16:15,350,107,348,0,0,105
09/20/2025 16:30,266,102,263,0,0,99
09/20/2025 16:45,122,127,120,0,0,125
09/20/2025 17:00,87,121,85,0,0,119
09/20/2025 17:15,77,223,68,0,0,214
09/20/2025 17:30,66,363,65,0,0,362
09/20/2025 17:45,50,152,45,0,0,147
09/20/2025 18:00,32,133,30,0,0,131
09/20/2025 18:15,19,128,17,0,0,126
09/20/2025 18:30,3,134,0,0,0,131
09/20/2025 18:45,0,134,0,2,0,132
09/20/2025 19:00,0,186,0,14,13,185
09/20/2025 19:15,0,186,0,1,0,185
09/20/2025 19:30,0,735,0,3,0,732
09/20/2025 19:45,0,1679,18,0,0,1697
09/20/2025 20:00,0,1546,5,0,0,1551
09/20/2025 20:15,0,341,0,0,0,341
09/20/2025 20:30,0,474,12,0,0,486
09/20/2025 20:45,0,385,22,0,0,407
09/20/2025 21:00,0,531,9,0,0,540
09/20/2025 21:15,0,222,0,6,0,216
09/20/2025 21:30,0,199,0,3,0,196
09/20/2025 21:45,0,208,0,4,0,204
09/20/2025 22:00,0,429,0,11,0,418
09/20/2025 22:15,0,508,0,3,0,505
09/20/2025 22:30,0,316,17,0,0,333
09/20/2025 22:45,0,285,10,0,0,295
09/20/2025 23:00,0,195,0,50,30,175
09/20/2025 23:15,0,231,0,247,16,0
09/20/2025 23:30,0,226,0,232,6,0
09/20/2025 23:45,0,111,0,117,6,0
09/21/2025 00:00,0,118,0,124,6,0
09/21/2025 00:15,0,141,0,147,6,0
09/21/2025 00:30,0,121,0,127,6,0
09/21/2025 00:45,0,103,0,111,8,0
09/21/2025 01:00,0,110,0,118,8,0
09/21/2025 01:15,0,122,0,128,6,0
09/21/2025 01:30,0,123,0,130,7,0
09/21/2025 01:45,0,122,0,128,6,0
09/21/2025 02:00,0,105,0,111,6,0
09/21/2025 02:15,0,103,0,109,6,0
09/21/2025 02:30,0,129,0,136,7,0
09/21/2025 02:45,0,118,0,124,6,0
09/21/2025 03:00,0,126,0,132,6,0
09/21/2025 03:15,0,103,0,201,98,0
09/21/2025 03:30,0,104,0,115,11,0
09/21/2025 03:45,0,132,0,138,6,0
09/21/2025 04:00,0,116,0,122,6,0
09/21/2025 04:15,0,125,0,132,7,0
09/21/2025 04:30,0,104,0,111,7,0
09/21/2025 04:45,0,119,0,223,104,0
09/21/2025 05:00,0,130,0,140,10,0
09/21/2025 05:15,0,115,0,121,6,0
09/21/2025 05:30,0,128,0,135,7,0
09/21/2025 05:45,0,102,0,108,6,0
09/21/2025 06:00,0,104,0,109,5,0
09/21/2025 06:15,0,119,0,214,95,0
09/21/2025 06:30,5,134,0,139,10,0
09/21/2025 06:45,53,111,0,64,6,0
09/21/2025 07:00,213,109,0,101,205,0
09/21/2025 07:15,313,181,0,173,305,0
09/21/2025 07:30,418,198,0,199,419,0
09/21/2025 07:45,537,296,0,301,542,0
09/21/2025 08:00,594,225,0,221,590,0
09/21/2025 08:15,565,114,0,118,569,0
09/21/2025 08:30,652,104,0,115,663,0
09/21/2025 08:45,632,135,0,159,656,0
09/21/2025 09:00,704,137,0,165,732,0
09/21/2025 09:15,738,235,0,255,758,0
09/21/2025 09:30,759,190,0,199,768,0
09/21/2025 09:45,811,151,0,149,809,0
09/21/2025 10:00,874,146,0,155,883,0
09/21/2025 10:15,1040,149,0,161,1052,0
09/21/2025 10:30,1098,122,0,119,1095,0
09/21/2025 10:45,1205,114,0,117,1208,0
09/21/2025 11:00,1234,140,0,158,1252,0
09/21/2025 11:15,1142,138,0,138,1142,0
09/21/2025 11:30,977,100,0,123,1000,0
09/21/2025 11:45,1047,101,585,0,361,0
09/21/2025 12:00,1274,129,1016,0,129,0
09/21/2025 12:15,1367,110,1184,0,73,0
09/21/2025 12:30,1073,131,928,0,14,0
09/21/2025 12:45,930,142,775,0,13,0
09/21/2025 13:00,1223,1297,0,124,50,0
09/21/2025 13:15,1052,1303,0,282,31,0
09/21/2025 13:30,1068,1332,0,275,11,0
09/21/2025 13:45,1263,1350,0,111,24,0
09/21/2025 14:00,993,174,1003,0,2,186
09/21/2025 14:15,930,197,930,0,0,197
09/21/2025 14:30,1083,200,1082,0,0,199
09/21/2025 14:45,886,171,884,0,0,169
09/21/2025 15:00,617,192,617,0,0,192
09/21/2025 15:15,773,336,767,0,0,330
09/21/2025 15:30,590,340,588,0,0,338
09/21/2025 15:45,489,176,485,0,0,172
09/21/2025 16:00,448,144,444,0,0,140
09/21/2025 16:15,374,135,370,0,0,131
09/21/2025 16:30,343,161,338,0,0,156
09/21/2025 16:45,224,162,223,0,0,161
09/21/2025 17:00,193,132,191,0,0,130
09/21/2025 17:15,188,338,185,0,0,335
09/21/2025 17:30,144,291,148,0,0,295
09/21/2025 17:45,104,480,106,0,0,482
09/21/2025 18:00,67,182,64,0,0,179
09/21/2025 18:15,32,207,28,0,0,203
09/21/2025 18:30,6,193,3,0,0,190
09/21/2025 18:45,0,185,0,1,0,184
09/21/2025 19:00,0,162,2,14,14,164
09/21/2025 19:15,0,187,0,6,0,181
09/21/2025 19:30,0,488,0,1,0,487
09/21/2025 19:45,0,325,7,0,0,332
09/21/2025 20:00,0,523,17,0,0,540
09/21/2025 20:15,0,267,15,0,0,282
09/21/2025 20:30,0,203,1,0,0,204
09/21/2025 20:45,0,218,0,0,0,218
09/21/2025 21:00,0,213,4,0,0,217
09/21/2025 21:15,0,230,1,0,0,231
09/21/2025 21:30,0,209,0,1,0,208
09/21/2025 21:45,0,198,0,4,0,194
09/21/2025 22:00,0,203,0,1,0,202
09/21/2025 22:15,0,229,0,4,0,225
09/21/2025 22:30,0,215,9,0,0,224
09/21/2025 22:45,0,209,0,3,0,206
09/21/2025 23:00,0,154,0,3,0,151
09/21/2025 23:15,0,150,0,1,0,149
09/21/2025 23:30,0,171,0,5,0,166
09/21/2025 23:45,0,148,0,2,0,146
09/22/2025 00:00,0,168,4,0,0,172
09/22/2025 00:15,0,158,0,3,0,155
09/22/2025 00:30,0,141,0,7,0,134
09/22/2025 00:45,0,139,0,2,0,137
09/22/2025 01:00,0,164,0,5,0,159
09/22/2025 01:15,0,143,0,5,0,138
09/22/2025 01:30,0,186,1,0,0,187
09/22/2025 01:45,0,124,0,4,0,120
09/22/2025 02:00,0,103,0,4,0,99
09/22/2025 02:15,0,112,0,5,0,107
09/22/2025 02:30,0,118,0,1,0,117
09/22/2025 02:45,0,107,0,5,0,102
09/22/2025 03:00,0,136,0,7,0,129
09/22/2025 03:15,0,107,0,4,0,103
09/22/2025 03:30,0,103,0,3,0,100
09/22/2025 03:45,0,112,0,1,0,111
09/22/2025 04:00,0,118,0,3,0,115
09/22/2025 04:15,0,106,0,6,0,100
09/22/2025 04:30,0,133,0,118,43,58
09/22/2025 04:45,0,109,0,120,11,0
09/22/2025 05:00,0,103,0,109,6,0
09/22/2025 05:15,0,110,0,116,6,0
09/22/2025 05:30,0,116,0,123,7,0
09/22/2025 05:45,0,103,0,108,5,0
09/22/2025 06:00,0,126,0,132,6,0
09/22/2025 06:15,0,117,0,123,6,0
09/22/2025 06:30,7,124,0,123,6,0
09/22/2025 06:45,60,221,0,166,5,0
09/22/2025 07:00,201,271,0,261,191,0
09/22/2025 07:15,183,267,0,267,183,0
09/22/2025 07:30,252,258,0,259,253,0
09/22/2025 07:45,419,216,0,216,419,0
09/22/2025 08:00,519,217,0,234,536,0
09/22/2025 08:15,550,1317,0,1349,582,0
09/22/2025 08:30,597,1479,0,1484,602,0
09/22/2025 08:45,690,516,0,521,695,0
09/22/2025 09:00,612,1118,0,1126,620,0
09/22/2025 09:15,582,226,0,235,591,0
09/22/2025 09:30,591,186,0,185,590,0
09/22/2025 09:45,759,220,0,223,762,0
09/22/2025 10:00,784,145,0,163,802,0
09/22/2025 10:15,1001,639,0,648,1010,0
09/22/2025 10:30,719,1309,0,1309,719,0
09/22/2025 10:45,1249,358,0,352,1243,0
09/22/2025 11:00,581,253,0,268,596,0
09/22/2025 11:15,938,257,0,263,944,0
09/22/2025 11:30,1236,296,0,305,1245,0
09/22/2025 11:45,1013,260,0,274,1027,0
09/22/2025 12:00,1248,324,0,231,1155,0
09/22/2025 12:15,1438,574,500,0,364,0
09/22/2025 12:30,1427,1427,0,162,162,0
09/22/2025 12:45,1424,1350,65,0,9,0
09/22/2025 13:00,1408,1054,340,0,14,0
09/22/2025 13:15,1382,135,1171,0,76,0
09/22/2025 13:30,1309,160,1127,0,22,0
09/22/2025 13:45,1256,166,1080,0,10,0
09/22/2025 14:00,1156,243,1132,0,5,224
09/22/2025 14:15,1073,332,1069,0,0,328
09/22/2025 14:30,971,239,971,0,0,239
09/22/2025 14:45,871,167,868,0,0,164
09/22/2025 15:00,758,171,758,0,0,171
09/22/2025 15:15,603,146,599,0,0,142
09/22/2025 15:30,485,133,483,0,0,131
09/22/2025 15:45,433,132,430,0,0,129
09/22/2025 16:00,375,139,373,0,0,137
09/22/2025 16:15,323,160,316,0,0,153
09/22/2025 16:30,223,142,222,0,0,141
09/22/2025 16:45,127,117,122,0,0,112
09/22/2025 17:00,94,101,90,0,0,97
09/22/2025 17:15,79,126,77,0,0,124
09/22/2025 17:30,99,172,93,0,0,166
09/22/2025 17:45,106,365,102,0,0,361
09/22/2025 18:00,90,170,90,0,0,170
09/22/2025 18:15,45,199,41,0,0,195
09/22/2025 18:30,3,256,0,1,0,252
09/22/2025 18:45,0,272,0,2,0,270
09/22/2025 19:00,0,169,1,11,11,170
09/22/2025 19:15,0,249,0,9,0,240
09/22/2025 19:30,0,362,6,0,0,368
09/22/2025 19:45,0,326,0,0,0,326
09/22/2025 20:00,0,197,2,0,0,199
09/22/2025 20:15,0,235,2,0,0,237
09/22/2025 20:30,0,181,0,0,0,181
09/22/2025 20:45,0,226,0,3,0,223
09/22/2025 21:00,0,382,6,0,0,388
09/22/2025 21:15,0,212,0,3,0,209
09/22/2025 21:30,0,531,7,0,0,538
09/22/2025 21:45,0,330,5,0,0,335
09/22/2025 22:00,0,576,10,0,0,586
09/22/2025 22:15,0,384,0,4,0,380
09/22/2025 22:30,0,233,0,5,0,228
09/22/2025 22:45,0,174,0,1,0,173
09/22/2025 23:00,0,135,0,0,0,135
09/22/2025 23:15,0,121,0,1,0,120
09/22/2025 23:30,0,129,0,2,0,127
09/22/2025 23:45,0,102,0,2,0,100
09/23/2025 00:00,0,104,0,5,0,99
09/23/2025 00:15,0,130,0,4,0,126
09/23/2025 00:30,0,121,0,1,0,120
09/23/2025 00:45,0,124,0,3,0,121
09/23/2025 01:00,0,107,0,3,0,104
09/23/2025 01:15,0,100,0,3,0,97
09/23/2025 01:30,0,126,0,0,0,126
09/23/2025 01:45,0,131,0,6,0,125
09/23/2025 02:00,0,118,0,6,0,112
09/23/2025 02:15,0,107,0,4,0,103
09/23/2025 02:30,0,109,0,5,0,104
09/23/2025 02:45,0,117,2,0,0,119
09/23/2025 03:00,0,112,0,1,0,111
09/23/2025 03:15,0,134,3,0,0,137
09/23/2025 03:30,0,107,1,0,0,108
09/23/2025 03:45,0,101,0,2,0,99
09/23/2025 04:00,0,117,0,5,0,112
09/23/2025 04:15,0,115,0,4,0,111
09/23/2025 04:30,0,121,0,1,0,120
09/23/2025 04:45,0,127,0,6,0,121
09/23/2025 05:00,0,104,32,53,53,136
09/23/2025 05:15,0,102,0,116,14,0
09/23/2025 05:30,0,125,0,133,8,0
09/23/2025 05:45,0,106,0,114,8,0
09/23/2025 06:00,0,139,0,143,4,0
09/23/2025 06:15,0,116,0,122,6,0
09/23/2025 06:30,0,102,0,108,6,0
09/23/2025 06:45,26,152,0,130,4,0
09/23/2025 07:00,113,239,0,237,111,0
09/23/2025 07:15,202,239,0,234,197,0
09/23/2025 07:30,306,263,0,259,302,0
09/23/2025 07:45,406,264,0,268,410,0
09/23/2025 08:00,466,266,0,264,464,0
09/23/2025 08:15,520,325,0,330,525,0
09/23/2025 08:30,561,141,0,167,587,0
09/23/2025 08:45,603,142,0,148,609,0
09/23/2025 09:00,604,175,0,182,611,0
09/23/2025 09:15,645,150,0,159,654,0
09/23/2025 09:30,686,135,0,129,680,0
09/23/2025 09:45,722,170,0,169,721,0
09/23/2025 10:00,776,154,0,165,787,0
09/23/2025 10:15,907,247,0,246,906,0
09/23/2025 10:30,993,131,0,139,1001,0
09/23/2025 10:45,1084,148,0,155,1091,0
09/23/2025 11:00,1095,124,0,135,1106,0
09/23/2025 11:15,1181,137,0,138,1182,0
09/23/2025 11:30,945,116,0,146,975,0
09/23/2025 11:45,939,103,0,99,935,0
09/23/2025 12:00,1121,140,0,126,1107,0
09/23/2025 12:15,945,147,638,0,160,0
09/23/2025 12:30,1159,112,1006,0,41,0
09/23/2025 12:45,833,113,647,0,73,0
09/23/2025 13:00,836,127,670,0,39,0
09/23/2025 13:15,543,298,179,0,66,0
09/23/2025 13:30,733,114,617,0,2,0
09/23/2025 13:45,767,250,509,0,8,0
09/23/2025 14:00,744,137,756,0,0,149
09/23/2025 14:15,283,244,281,0,0,242
09/23/2025 14:30,385,128,384,0,0,127
09/23/2025 14:45,420,108,418,0,0,106
09/23/2025 15:00,389,135,387,0,0,133
09/23/2025 15:15,262,259,260,0,0,257
09/23/2025 15:30,477,121,474,0,0,118
09/23/2025 15:45,293,137,288,0,0,132
09/23/2025 16:00,359,123,358,0,0,122
09/23/2025 16:15,373,102,372,0,0,101
09/23/2025 16:30,326,100,323,0,0,97
09/23/2025 16:45,94,131,89,0,0,126
09/23/2025 17:00,137,439,133,0,0,435
09/23/2025 17:15,48,472,65,0,0,489
09/23/2025 17:30,21,139,19,0,0,137
09/23/2025 17:45,13,138,8,0,0,133
09/23/2025 18:00,5,172,0,1,0,166
09/23/2025 18:15,0,285,0,8,0,277
09/23/2025 18:30,0,281,0,3,0,278
09/23/2025 18:45,0,486,3,0,0,489
09/23/2025 19:00,0,379,13,16,16,392
09/23/2025 19:15,0,351,7,0,0,358
09/23/2025 19:30,0,604,0,2,0,602
09/23/2025 19:45,0,1673,15,0,0,1688
09/23/2025 20:00,0,1704,17,0,0,1721
09/23/2025 20:15,0,1160,0,1,0,1159
09/23/2025 20:30,0,631,27,0,0,658
09/23/2025 20:45,0,381,21,0,0,402
09/23/2025 21:00,0,588,16,0,0,604
09/23/2025 21:15,0,464,5,0,0,469
09/23/2025 21:30,0,193,0,150,60,103
09/23/2025 21:45,0,175,0,190,15,0
09/23/2025 22:00,0,444,0,450,6,0
09/23/2025 22:15,0,411,0,417,6,0
09/23/2025 22:30,0,460,0,467,7,0
09/23/2025 22:45,0,372,0,377,5,0
09/23/2025 23:00,0,310,0,316,6,0
09/23/2025 23:15,0,235,0,241,6,0
09/23/2025 23:30,0,391,0,399,8,0
09/23/2025 23:45,0,390,0,396,6,0
09/24/2025 00:00,0,411,0,417,6,0
09/24/2025 00:15,0,366,0,370,4,0
09/24/2025 00:30,0,284,0,290,6,0
09/24/2025 00:45,0,147,0,155,8,0
09/24/2025 01:00,0,152,0,157,5,0
09/24/2025 01:15,0,163,0,168,5,0
09/24/2025 01:30,0,253,0,379,126,0
09/24/2025 01:45,0,474,0,490,16,0
09/24/2025 02:00,0,348,0,357,9,0
09/24/2025 02:15,0,174,0,181,7,0
09/24/2025 02:30,0,164,0,171,7,0
09/24/2025 02:45,0,146,0,152,6,0
09/24/2025 03:00,0,178,0,184,6,0
09/24/2025 03:15,0,208,0,214,6,0
09/24/2025 03:30,0,143,0,149,6,0
09/24/2025 03:45,0,180,0,311,131,0
09/24/2025 04:00,0,262,0,273,11,0
09/24/2025 04:15,0,321,0,328,7,0
09/24/2025 04:30,0,252,0,258,6,0
09/24/2025 04:45,0,324,0,330,6,0
09/24/2025 05:00,0,187,0,194,7,0
09/24/2025 05:15,0,155,0,162,7,0
09/24/2025 05:30,0,137,0,144,7,0
09/24/2025 05:45,0,138,0,145,7,0
09/24/2025 06:00,0,195,0,326,131,0
09/24/2025 06:15,0,204,0,218,14,0
09/24/2025 06:30,0,166,0,173,7,0
09/24/2025 06:45,0,245,0,251,6,0
09/24/2025 07:00,12,233,0,233,12,0
09/24/2025 07:15,48,289,0,286,45,0
09/24/2025 07:30,82,421,0,414,75,0
09/24/2025 07:45,60,306,0,306,60,0
09/24/2025 08:00,82,361,0,351,72,0
09/24/2025 08:15,149,199,0,193,143,0
09/24/2025 08:30,153,149,0,153,157,0
09/24/2025 08:45,121,151,0,151,121,0
09/24/2025 09:00,104,254,0,252,102,0
09/24/2025 09:15,96,277,0,278,97,0
09/24/2025 09:30,174,116,0,113,171,0
09/24/2025 09:45,201,127,0,129,203,0
09/24/2025 10:00,377,163,0,163,377,0
09/24/2025 10:15,360,203,0,207,364,0
09/24/2025 10:30,267,115,0,116,268,0
09/24/2025 10:45,245,111,0,110,244,0
09/24/2025 11:00,352,106,0,113,359,0
09/24/2025 11:15,243,189,0,196,250,0
09/24/2025 11:30,316,161,0,166,321,0
09/24/2025 11:45,256,129,0,136,263,0
09/24/2025 12:00,404,96,0,95,403,0
09/24/2025 12:15,424,98,0,112,438,0
09/24/2025 12:30,234,119,0,131,246,0
09/24/2025 12:45,143,126,0,132,149,0
09/24/2025 13:00,135,297,0,292,130,0
09/24/2025 13:15,150,107,0,108,151,0
09/24/2025 13:30,147,96,0,93,144,0
09/24/2025 13:45,127,106,0,111,132,0
09/24/2025 14:00,109,200,114,0,7,212
09/24/2025 14:15,89,120,90,0,0,121
09/24/2025 14:30,93,179,89,0,0,175
09/24/2025 14:45,96,196,91,0,0,191
09/24/2025 15:00,84,206,80,0,0,202
09/24/2025 15:15,81,148,82,0,0,149
09/24/2025 15:30,103,192,99,0,0,188
09/24/2025 15:45,78,129,76,0,0,127
09/24/2025 16:00,71,102,70,0,0,101
09/24/2025 16:15,55,96,50,0,0,91
09/24/2025 16:30,34,114,27,0,0,107
09/24/2025 16:45,27,175,21,0,0,169
09/24/2025 17:00,17,268,15,0,0,266
09/24/2025 17:15,13,117,8,0,0,112
09/24/2025 17:30,13,132,8,0,0,127
09/24/2025 17:45,11,172,6,0,0,167
09/24/2025 18:00,3,150,0,3,0,144
09/24/2025 18:15,0,168,0,1,0,167
09/24/2025 18:30,0,258,0,2,0,256
09/24/2025 18:45,0,142,0,4,0,138
09/24/2025 19:00,0,280,15,18,18,295
09/24/2025 19:15,0,636,0,376,22,282
09/24/2025 19:30,0,454,0,467,13,0
09/24/2025 19:45,0,289,0,296,7,0
09/24/2025 20:00,0,356,0,360,4,0
09/24/2025 20:15,0,272,0,276,4,0
09/24/2025 20:30,0,336,0,343,7,0
09/24/2025 20:45,0,586,0,587,1,0
09/24/2025 21:00,0,489,0,493,4,0
09/24/2025 21:15,0,412,0,419,7,0
09/24/2025 21:30,0,428,0,435,7,0
09/24/2025 21:45,0,588,0,592,4,0
09/24/2025 22:00,0,427,0,432,5,0
09/24/2025 22:15,0,605,0,609,4,0
09/24/2025 22:30,0,378,0,497,119,0
09/24/2025 22:45,0,305,0,319,15,1
09/24/2025 23:00,0,346,0,355,9,0
09/24/2025 23:15,0,291,0,297,6,0
09/24/2025 23:30,0,122,0,127,5,0
09/24/2025 23:45,0,136,0,142,6,0
09/25/2025 00:00,0,114,0,120,6,0
09/25/2025 00:15,0,104,0,110,6,0
09/25/2025 00:30,0,121,0,251,130,0
09/25/2025 00:45,0,284,0,298,14,0
09/25/2025 01:00,0,306,0,315,9,0
09/25/2025 01:15,0,149,0,157,8,0
09/25/2025 01:30,0,100,0,108,8,0
09/25/2025 01:45,0,120,0,127,7,0
09/25/2025 02:00,0,197,0,204,7,0
09/25/2025 02:15,0,123,0,131,8,0
09/25/2025 02:30,0,240,0,359,119,0
09/25/2025 02:45,0,147,0,163,16,0
09/25/2025 03:00,0,103,0,113,10,0
09/25/2025 03:15,0,105,0,113,8,0
09/25/2025 03:30,0,305,0,311,6,0
09/25/2025 03:45,0,267,0,275,8,0
09/25/2025 04:00,0,204,0,211,7,0
09/25/2025 04:15,0,109,0,116,7,0
09/25/2025 04:30,0,101,0,230,129,0
09/25/2025 04:45,0,115,0,131,16,0
09/25/2025 05:00,0,170,0,178,8,0
09/25/2025 05:15,0,120,0,127,7,0
09/25/2025 05:30,0,130,0,137,7,0
09/25/2025 05:45,0,105,0,113,8,0
09/25/2025 06:00,0,168,0,176,8,0
09/25/2025 06:15,0,170,0,177,7,0
09/25/2025 06:30,0,175,0,310,135,0
09/25/2025 06:45,0,289,0,303,14,0
09/25/2025 07:00,0,175,0,183,8,0
09/25/2025 07:15,0,249,0,257,8,0
09/25/2025 07:30,1,278,0,285,8,0
09/25/2025 07:45,26,313,0,304,17,0
09/25/2025 08:00,41,221,0,216,36,0
09/25/2025 08:15,62,156,0,155,61,0
09/25/2025 08:30,57,112,0,115,60,0
09/25/2025 08:45,75,131,0,129,73,0
09/25/2025 09:00,70,259,0,258,69,0
09/25/2025 09:15,82,389,0,397,90,0
09/25/2025 09:30,105,110,0,110,105,0
09/25/2025 09:45,111,118,0,120,113,0
09/25/2025 10:00,110,237,0,239,112,0
09/25/2025 10:15,259,129,0,131,261,0
09/25/2025 10:30,238,122,0,126,242,0
09/25/2025 10:45,244,128,0,129,245,0
09/25/2025 11:00,291,138,0,146,299,0
09/25/2025 11:15,203,201,0,201,203,0
09/25/2025 11:30,292,203,0,210,299,0
09/25/2025 11:45,357,112,0,114,359,0
09/25/2025 12:00,316,124,0,124,316,0
09/25/2025 12:15,474,123,0,129,480,0
09/25/2025 12:30,367,193,0,194,368,0
09/25/2025 12:45,326,137,0,150,339,0
09/25/2025 13:00,206,114,0,3469,3561,0
09/25/2025 13:15,157,88,0,3682,3751,0
09/25/2025 13:30,195,115,0,3286,3366,0
09/25/2025 13:45,100,221,0,461,340,0
09/25/2025 14:00,215,148,196,0,9,138
09/25/2025 14:15,165,98,160,0,0,93
09/25/2025 14:30,114,120,113,0,0,119
09/25/2025 14:45,142,100,143,0,0,101
09/25/2025 15:00,230,130,227,0,0,127
09/25/2025 15:15,166,110,161,0,0,105
09/25/2025 15:30,64,98,61,0,0,95
09/25/2025 15:45,38,106,35,0,0,103
09/25/2025 16:00,38,164,35,0,0,161
09/25/2025 16:15,84,271,86,0,0,273
09/25/2025 16:30,68,160,63,0,0,155
09/25/2025 16:45,78,210,80,0,0,212
09/25/2025 17:00,55,159,52,0,0,156
09/25/2025 17:15,33,125,31,0,0,123
09/25/2025 17:30,23,147,17,0,0,141
09/25/2025 17:45,6,263,0,2,0,255
09/25/2025 18:00,8,314,3,0,0,309
09/25/2025 18:15,0,159,0,3,0,156
09/25/2025 18:30,0,151,0,4,0,147
09/25/2025 18:45,0,143,0,4,0,139
09/25/2025 19:00,0,210,4,17,17,214
09/25/2025 19:15,0,311,17,0,0,328
09/25/2025 19:30,0,318,16,0,0,334
09/25/2025 19:45,0,271,10,0,0,281
09/25/2025 20:00,0,439,43,0,0,482
09/25/2025 20:15,0,353,4,0,0,357
09/25/2025 20:30,0,217,8,0,0,225
09/25/2025 20:45,0,211,13,0,0,224
09/25/2025 21:00,0,187,6,0,0,193
09/25/2025 21:15,0,247,0,2,0,245
09/25/2025 21:30,0,212,0,4,0,208
09/25/2025 21:45,0,206,0,4,0,202
09/25/2025 22:00,0,359,19,0,0,378
09/25/2025 22:15,0,335,0,7,0,328
09/25/2025 22:30,0,697,18,0,0,715
09/25/2025 22:45,0,440,41,0,0,481
09/25/2025 23:00,0,276,1,0,0,277
09/25/2025 23:15,0,319,0,5,0,314
09/25/2025 23:30,0,375,9,0,0,384
09/25/2025 23:45,0,329,24,0,0,353
09/26/2025 00:00,0,442,8,16,16,450
09/26/2025 00:15,0,127,0,131,47,43
09/26/2025 00:30,0,105,0,116,11,0
09/26/2025 00:45,0,111,0,119,8,0
09/26/2025 01:00,0,316,0,322,6,0
09/26/2025 01:15,0,281,0,290,9,0
09/26/2025 01:30,0,354,0,362,8,0
09/26/2025 01:45,0,266,0,274,8,0
09/26/2025 02:00,0,102,0,110,8,0
09/26/2025 02:15,0,141,0,149,8,0
09/26/2025 02:30,0,243,0,250,7,0
09/26/2025 02:45,0,149,0,157,8,0
09/26/2025 03:00,0,112,0,119,7,0
09/26/2025 03:15,0,108,0,116,8,0
09/26/2025 03:30,0,122,0,130,8,0
09/26/2025 03:45,0,145,0,153,8,0
09/26/2025 04:00,0,259,0,267,8,0
09/26/2025 04:15,0,333,0,459,126,0
09/26/2025 04:30,0,254,0,269,15,0
09/26/2025 04:45,0,226,0,235,9,0
09/26/2025 05:00,0,117,0,125,8,0
09/26/2025 05:15,0,133,0,139,6,0
09/26/2025 05:30,0,99,0,107,8,0
09/26/2025 05:45,0,101,0,109,8,0
09/26/2025 06:00,0,191,0,197,6,0
09/26/2025 06:15,0,115,0,123,8,0
09/26/2025 06:30,0,144,0,277,133,0
09/26/2025 06:45,15,173,0,168,10,0
09/26/2025 07:00,123,287,0,285,121,0
09/26/2025 07:15,141,296,0,294,139,0
09/26/2025 07:30,177,272,0,272,177,0
09/26/2025 07:45,205,255,0,254,204,0
09/26/2025 08:00,329,199,0,202,332,0
09/26/2025 08:15,450,127,0,131,454,0
09/26/2025 08:30,798,158,0,168,808,0
09/26/2025 08:45,434,134,0,139,439,0
09/26/2025 09:00,636,142,0,148,642,0
09/26/2025 09:15,743,251,0,268,760,0
09/26/2025 09:30,811,269,0,284,826,0
09/26/2025 09:45,804,184,0,195,815,0
09/26/2025 10:00,908,134,0,138,912,0
09/26/2025 10:15,934,132,0,143,945,0
09/26/2025 10:30,1032,276,0,281,1037,0
09/26/2025 10:45,1039,135,0,141,1045,0
09/26/2025 11:00,1182,113,0,134,1203,0
09/26/2025 11:15,1069,276,0,281,1074,0
09/26/2025 11:30,1390,216,0,108,1282,0
09/26/2025 11:45,1094,128,668,0,298,0
09/26/2025 12:00,1264,136,941,0,187,0
09/26/2025 12:15,1128,115,863,0,150,0
09/26/2025 12:30,1098,194,791,0,113,0
09/26/2025 12:45,894,120,708,0,66,0
09/26/2025 13:00,918,124,774,0,20,0
09/26/2025 13:15,963,132,829,0,2,0
09/26/2025 13:30,681,116,528,0,37,0
09/26/2025 13:45,1244,279,949,0,16,0
09/26/2025 14:00,905,179,879,0,0,153
09/26/2025 14:15,1101,132,1099,0,0,130
09/26/2025 14:30,939,115,939,0,0,115
09/26/2025 14:45,852,130,848,0,0,126
09/26/2025 15:00,742,155,738,0,0,151
09/26/2025 15:15,541,150,540,0,0,149
09/26/2025 15:30,477,123,476,0,0,122
09/26/2025 15:45,325,132,321,0,0,128
09/26/2025 16:00,209,133,201,0,0,125
09/26/2025 16:15,219,219,214,0,0,214
09/26/2025 16:30,203,446,200,0,0,443
09/26/2025 16:45,99,362,100,0,0,363
09/26/2025 17:00,92,333,95,0,0,336
09/26/2025 17:15,62,190,63,0,0,191
09/26/2025 17:30,50,153,45,0,0,148
09/26/2025 17:45,35,177,27,0,0,169
09/26/2025 18:00,21,386,22,0,0,387
09/26/2025 18:15,7,468,0,0,0,461
09/26/2025 18:30,0,326,0,1,0,325
09/26/2025 18:45,0,339,0,1,0,338
09/26/2025 19:00,0,395,1,7,7,396
09/26/2025 19:15,0,246,3,0,0,249
09/26/2025 19:30,0,164,9,0,0,173
09/26/2025 19:45,0,322,0,0,0,322
09/26/2025 20:00,0,797,0,5,0,792
09/26/2025 20:15,0,1670,0,7,0,1663
09/26/2025 20:30,0,1758,35,0,0,1793
09/26/2025 20:45,0,333,9,0,0,342
09/26/2025 21:00,0,181,5,0,0,186
09/26/2025 21:15,0,176,0,5,0,171
09/26/2025 21:30,0,322,0,6,0,316
09/26/2025 21:45,0,366,1,0,0,367
09/26/2025 22:00,0,502,0,482,21,41
09/26/2025 22:15,0,394,0,404,10,0
09/26/2025 22:30,0,462,0,468,6,0
09/26/2025 22:45,0,514,0,522,8,0
09/26/2025 23:00,0,517,0,525,8,0
09/26/2025 23:15,0,404,0,409,6,1
09/26/2025 23:30,0,527,0,533,6,0
09/26/2025 23:45,0,282,0,288,6,0
09/27/2025 00:00,0,146,0,150,4,0
09/27/2025 00:15,0,231,0,237,6,0
09/27/2025 00:30,0,296,0,301,5,0
09/27/2025 00:45,0,167,0,173,6,0
09/27/2025 01:00,0,218,0,224,6,0
09/27/2025 01:15,0,210,0,216,6,0
09/27/2025 01:30,0,135,0,141,6,0
09/27/2025 01:45,0,138,0,144,6,0
09/27/2025 02:00,0,215,0,222,7,0
09/27/2025 02:15,0,112,0,237,125,0
09/27/2025 02:30,0,176,0,194,18,0
09/27/2025 02:45,0,123,0,133,10,0
09/27/2025 03:00,0,143,0,149,6,0
09/27/2025 03:15,0,214,0,222,8,0
09/27/2025 03:30,0,103,0,110,7,0
09/27/2025 03:45,0,124,0,131,7,0
09/27/2025 04:00,0,187,0,194,7,0
09/27/2025 04:15,0,129,0,135,6,0
09/27/2025 04:30,0,129,0,247,118,0
09/27/2025 04:45,0,340,0,354,14,0
09/27/2025 05:00,0,120,0,128,8,0
09/27/2025 05:15,0,135,0,142,7,0
09/27/2025 05:30,0,113,0,120,7,0
09/27/2025 05:45,0,134,0,141,7,0
09/27/2025 06:00,0,180,0,186,6,0
09/27/2025 06:15,0,119,0,245,126,0
09/27/2025 06:30,0,225,0,239,14,0
09/27/2025 06:45,8,121,0,121,8,0
09/27/2025 07:00,110,135,0,126,101,0
09/27/2025 07:15,210,132,0,126,204,0
09/27/2025 07:30,309,111,0,110,308,0
09/27/2025 07:45,394,404,0,409,399,0
09/27/2025 08:00,475,195,0,197,477,0
09/27/2025 08:15,509,177,0,178,510,0
09/27/2025 08:30,545,168,0,172,549,0
09/27/2025 08:45,581,304,0,332,609,0
09/27/2025 09:00,516,420,0,423,519,0
09/27/2025 09:15,528,330,0,330,528,0
09/27/2025 09:30,637,401,0,407,643,0
09/27/2025 09:45,726,113,0,120,733,0
09/27/2025 10:00,755,105,0,107,757,0
09/27/2025 10:15,809,210,0,214,813,0
09/27/2025 10:30,993,117,0,117,993,0
09/27/2025 10:45,1035,232,0,235,1038,0
09/27/2025 11:00,1167,239,0,239,1167,0
09/27/2025 11:15,1244,115,0,129,1258,0
09/27/2025 11:30,1330,217,0,232,1345,0
09/27/2025 11:45,1314,154,76,0,1084,0
09/27/2025 12:00,1421,212,1012,0,197,0
09/27/2025 12:15,1276,121,1015,0,140,0
09/27/2025 12:30,1497,106,1332,0,59,0
09/27/2025 12:45,1374,356,980,0,38,0
09/27/2025 13:00,546,303,242,0,1,0
09/27/2025 13:15,311,313,0,34,32,0
09/27/2025 13:30,460,401,46,0,13,0
09/27/2025 13:45,877,481,392,0,4,0
09/27/2025 14:00,837,243,805,0,0,211
09/27/2025 14:15,560,176,558,0,0,174
09/27/2025 14:30,969,374,966,0,0,371
09/27/2025 14:45,779,292,782,0,0,295
09/27/2025 15:00,752,239,748,0,0,235
09/27/2025 15:15,523,260,525,0,0,262
09/27/2025 15:30,468,470,468,0,0,470
09/27/2025 15:45,429,495,435,0,0,501
09/27/2025 16:00,373,216,370,0,0,213
09/27/2025 16:15,332,141,332,0,0,141
09/27/2025 16:30,306,147,304,0,0,145
09/27/2025 16:45,238,130,233,0,0,125
09/27/2025 17:00,209,212,202,0,0,205
09/27/2025 17:15,164,138,163,0,0,137
09/27/2025 17:30,111,239,114,0,0,242
09/27/2025 17:45,48,394,42,0,0,388
09/27/2025 18:00,24,365,24,0,0,365
09/27/2025 18:15,3,345,1,0,0,343
09/27/2025 18:30,0,336,0,0,0,336
09/27/2025 18:45,0,214,3,0,0,217
09/27/2025 19:00,0,472,6,22,22,478
09/27/2025 19:15,0,417,2,0,0,419
09/27/2025 19:30,0,337,17,0,0,354
09/27/2025 19:45,0,353,17,0,0,370
09/27/2025 20:00,0,442,39,0,0,481
09/27/2025 20:15,0,236,0,0,0,236
09/27/2025 20:30,0,239,0,2,0,237
09/27/2025 20:45,0,265,0,7,0,258
09/27/2025 21:00,0,258,0,7,0,251
09/27/2025 21:15,0,288,0,6,0,282
09/27/2025 21:30,0,721,8,0,0,729
09/27/2025 21:45,0,426,18,0,0,444
09/27/2025 22:00,0,699,0,2,0,697
09/27/2025 22:15,0,387,14,0,0,401
09/27/2025 22:30,0,371,0,6,0,365
09/27/2025 22:45,0,498,0,445,24,77
09/27/2025 23:00,0,232,0,243,11,0
09/27/2025 23:15,0,193,0,200,7,0
09/27/2025 23:30,0,381,0,387,6,0
09/27/2025 23:45,0,431,0,437,6,0
09/28/2025 00:00,0,364,0,370,6,0
09/28/2025 00:15,0,388,0,393,5,0
09/28/2025 00:30,0,290,0,297,7,0
09/28/2025 00:45,0,151,0,157,6,0
09/28/2025 01:00,0,139,0,145,6,0
09/28/2025 01:15,0,145,0,152,7,0
09/28/2025 01:30,0,355,0,362,7,0
09/28/2025 01:45,0,249,0,255,6,0
09/28/2025 02:00,0,223,0,229,6,0
09/28/2025 02:15,0,295,0,301,6,0
09/28/2025 02:30,0,312,0,319,7,0
09/28/2025 02:45,0,181,0,187,6,0
09/28/2025 03:00,0,200,0,206,6,0
09/28/2025 03:15,0,194,0,322,128,0
09/28/2025 03:30,0,142,0,158,16,0
09/28/2025 03:45,0,159,0,167,8,0
09/28/2025 04:00,0,153,0,161,8,0
09/28/2025 04:15,0,166,0,173,7,0
09/28/2025 04:30,0,158,0,165,7,0
09/28/2025 04:45,0,163,0,170,7,0
09/28/2025 05:00,0,123,0,130,7,0
09/28/2025 05:15,0,209,0,256,47,0
09/28/2025 05:30,0,209,0,256,47,0
09/28/2025 05:45,0,209,0,256,47,0
09/28/2025 06:00,0,363,0,374,11,0
09/28/2025 06:15,0,160,0,168,8,0
09/28/2025 06:30,0,117,0,124,7,0
09/28/2025 06:45,0,136,0,143,7,0
09/28/2025 07:00,17,119,0,115,13,0
09/28/2025 07:15,51,119,0,108,40,0
09/28/2025 07:30,88,134,0,131,85,0
09/28/2025 07:45,144,144,0,138,138,0
09/28/2025 08:00,164,489,0,492,167,0
09/28/2025 08:15,218,185,0,184,217,0
09/28/2025 08:30,279,172,0,169,276,0
09/28/2025 08:45,304,249,0,250,305,0
09/28/2025 09:00,320,179,0,177,318,0
09/28/2025 09:15,430,156,0,154,428,0
09/28/2025 09:30,404,157,0,168,415,0
09/28/2025 09:45,481,326,0,326,481,0
09/28/2025 10:00,753,210,0,211,754,0
09/28/2025 10:15,812,311,0,337,838,0
09/28/2025 10:30,993,121,0,114,986,0
09/28/2025 10:45,1097,140,0,135,1092,0
09/28/2025 11:00,1175,135,0,135,1175,0
09/28/2025 11:15,1236,108,0,104,1232,0
09/28/2025 11:30,1286,127,0,178,1337,0
09/28/2025 11:45,1292,176,0,197,1313,0
09/28/2025 12:00,1307,114,0,111,1304,0
09/28/2025 12:15,1319,152,0,132,1299,0
09/28/2025 12:30,1332,225,765,0,342,0
09/28/2025 12:45,1331,350,829,0,152,0
09/28/2025 13:00,1315,1550,0,256,21,0
09/28/2025 13:15,1288,1603,0,316,1,0
09/28/2025 13:30,1238,1630,0,409,17,0
09/28/2025 13:45,1143,1552,0,427,18,0
09/28/2025 14:00,1052,362,971,0,2,283
09/28/2025 14:15,992,381,986,0,0,375
09/28/2025 14:30,863,807,857,0,0,801
09/28/2025 14:45,780,310,775,0,0,305
09/28/2025 15:00,658,479,659,0,0,480
09/28/2025 15:15,521,527,515,0,0,521
09/28/2025 15:30,436,356,435,0,0,355
09/28/2025 15:45,376,311,374,0,0,309
09/28/2025 16:00,321,110,318,0,0,107
09/28/2025 16:15,272,133,268,0,0,129
09/28/2025 16:30,184,133,180,0,0,129
09/28/2025 16:45,101,274,96,0,0,269
09/28/2025 17:00,85,143,83,0,0,141
09/28/2025 17:15,70,482,58,0,0,470
09/28/2025 17:30,54,442,54,0,0,442
09/28/2025 17:45,40,327,36,0,0,323
09/28/2025 18:00,25,434,24,0,0,433
09/28/2025 18:15,6,503,11,0,0,508
09/28/2025 18:30,0,551,0,5,0,546
09/28/2025 18:45,0,320,0,6,0,314
09/28/2025 19:00,0,670,16,8,8,686
09/28/2025 19:15,0,731,45,0,0,776
09/28/2025 19:30,0,750,23,0,0,773
09/28/2025 19:45,0,1621,0,3,0,1618
09/28/2025 20:00,0,1968,0,1046,10,932
09/28/2025 20:15,0,750,0,766,16,0
09/28/2025 20:30,0,602,0,606,4,0
09/28/2025 20:45,0,474,0,478,4,0
09/28/2025 21:00,0,403,0,409,6,0
09/28/2025 21:15,0,285,0,291,6,0
09/28/2025 21:30,0,467,0,471,4,0
09/28/2025 21:45,0,527,0,531,4,0
09/28/2025 22:00,0,605,0,611,6,0
09/28/2025 22:15,0,503,0,509,6,0
09/28/2025 22:30,0,432,0,438,6,0
09/28/2025 22:45,0,256,0,264,8,0
09/28/2025 23:00,0,183,0,189,6,0
09/28/2025 23:15,0,364,0,369,5,0
09/28/2025 23:30,0,570,0,573,3,0
09/28/2025 23:45,0,426,0,432,6,0
09/29/2025 00:00,0,355,0,361,6,0
09/29/2025 00:15,0,407,0,538,131,0
09/29/2025 00:30,0,232,0,244,12,0
09/29/2025 00:45,0,141,0,146,6,1
09/29/2025 01:00,0,167,0,173,6,0
09/29/2025 01:15,0,170,0,175,5,0
09/29/2025 01:30,0,149,0,155,6,0
09/29/2025 01:45,0,135,0,140,5,0
09/29/2025 02:00,0,309,0,315,6,0
09/29/2025 02:15,0,170,0,297,127,0
09/29/2025 02:30,0,182,0,194,12,0
09/29/2025 02:45,0,334,0,341,7,0
09/29/2025 03:00,0,222,0,228,6,0
09/29/2025 03:15,0,178,0,184,6,0
09/29/2025 03:30,0,162,0,169,7,0
09/29/2025 03:45,0,146,0,152,6,0
09/29/2025 04:00,0,174,0,294,120,0
09/29/2025 04:15,0,142,0,157,15,0
09/29/2025 04:30,0,137,0,145,8,0
09/29/2025 04:45,0,154,0,160,6,0
09/29/2025 05:00,0,148,0,154,6,0
09/29/2025 05:15,0,162,0,168,6,0
09/29/2025 05:30,0,154,0,160,6,0
09/29/2025 05:45,0,136,0,252,116,0
09/29/2025 06:00,0,142,0,154,12,0
09/29/2025 06:15,0,161,0,169,8,0
09/29/2025 06:30,0,151,0,157,6,0
09/29/2025 06:45,2,260,0,263,5,0
09/29/2025 07:00,90,203,0,191,78,0
09/29/2025 07:15,218,239,0,238,217,0
09/29/2025 07:30,319,237,0,238,320,0
09/29/2025 07:45,402,291,0,283,394,0
09/29/2025 08:00,472,263,0,254,463,0
09/29/2025 08:15,488,136,0,148,500,0
09/29/2025 08:30,453,151,0,159,461,0
09/29/2025 08:45,535,213,0,253,575,0
09/29/2025 09:00,491,254,0,254,491,0
09/29/2025 09:15,516,188,0,187,515,0
09/29/2025 09:30,628,171,0,162,619,0
09/29/2025 09:45,710,236,0,235,709,0
09/29/2025 10:00,738,171,0,178,745,0
09/29/2025 10:15,786,159,0,168,795,0
09/29/2025 10:30,961,178,0,179,962,0
09/29/2025 10:45,1107,176,0,199,1130,0
09/29/2025 11:00,1179,157,0,147,1169,0
09/29/2025 11:15,1251,160,0,155,1246,0
09/29/2025 11:30,1318,174,0,174,1318,0
09/29/2025 11:45,880,155,0,160,885,0
09/29/2025 12:00,891,174,0,224,941,0
09/29/2025 12:15,794,147,299,0,348,0
09/29/2025 12:30,1012,142,761,0,109,0
09/29/2025 12:45,1215,152,1063,0,0,0
09/29/2025 13:00,1134,153,981,0,0,0
09/29/2025 13:15,1087,167,902,0,18,0
09/29/2025 13:30,1163,164,976,0,23,0
09/29/2025 13:45,1193,138,1054,0,1,0
09/29/2025 14:00,1027,145,1041,0,0,159
09/29/2025 14:15,914,159,914,0,0,159
09/29/2025 14:30,844,160,842,0,0,158
09/29/2025 14:45,840,161,842,0,0,163
09/29/2025 15:00,668,137,663,0,0,132
09/29/2025 15:15,506,136,504,0,0,134
09/29/2025 15:30,394,163,386,0,0,155
09/29/2025 15:45,286,147,279,0,0,140
09/29/2025 16:00,363,171,359,0,0,167
09/29/2025 16:15,345,135,340,0,0,130
09/29/2025 16:30,236,135,228,0,0,127
09/29/2025 16:45,189,160,185,0,0,156
09/29/2025 17:00,201,213,197,0,0,209
09/29/2025 17:15,161,167,155,0,0,161
09/29/2025 17:30,110,212,104,0,0,206
09/29/2025 17:45,55,173,52,0,0,170
09/29/2025 18:00,27,511,19,0,0,503
09/29/2025 18:15,2,472,16,0,0,486
09/29/2025 18:30,0,374,0,6,0,368
09/29/2025 18:45,0,362,2,0,0,364
09/29/2025 19:00,0,422,19,12,12,441
09/29/2025 19:15,0,389,10,0,0,399
09/29/2025 19:30,0,419,0,6,0,413
09/29/2025 19:45,0,323,0,0,0,323
09/29/2025 20:00,0,204,0,6,0,198
09/29/2025 20:15,0,226,0,9,0,217
09/29/2025 20:30,0,391,0,4,0,387
09/29/2025 20:45,0,507,1,0,0,508
09/29/2025 21:00,0,392,26,0,0,418
09/29/2025 21:15,0,443,0,6,0,437
09/29/2025 21:30,0,223,0,3,0,220
09/29/2025 21:45,0,220,3,0,0,223
09/29/2025 22:00,0,525,0,6,0,519
09/29/2025 22:15,0,529,2,0,0,531
09/29/2025 22:30,0,473,0,0,0,473
09/29/2025 22:45,0,325,3,0,0,328
09/29/2025 23:00,0,256,13,0,0,269
09/29/2025 23:15,0,202,3,0,0,205
09/29/2025 23:30,0,179,2,0,0,181
09/29/2025 23:45,0,129,0,5,0,124
09/30/2025 00:00,0,184,0,9,0,175
09/30/2025 00:15,0,247,0,0,0,247
09/30/2025 00:30,0,107,0,5,0,102
09/30/2025 00:45,0,128,1,0,0,129
09/30/2025 01:00,0,137,0,101,47,83
09/30/2025 01:15,0,105,0,119,14,0
09/30/2025 01:30,0,205,0,213,8,0
09/30/2025 01:45,0,306,0,314,8,0
09/30/2025 02:00,0,143,0,149,6,0
09/30/2025 02:15,0,136,0,144,8,0
09/30/2025 02:30,0,112,0,118,6,0
09/30/2025 02:45,0,101,0,109,8,0
09/30/2025 03:00,0,123,0,129,6,0
09/30/2025 03:15,0,133,0,140,7,0
09/30/2025 03:30,0,117,0,124,7,0
09/30/2025 03:45,0,103,0,109,6,0
09/30/2025 04:00,0,218,0,226,8,0
09/30/2025 04:15,0,153,0,160,7,0
09/30/2025 04:30,0,117,0,124,7,0
09/30/2025 04:45,0,196,0,203,7,0
09/30/2025 05:00,0,216,0,223,7,0
09/30/2025 05:15,0,230,0,355,125,0
09/30/2025 05:30,0,128,0,142,14,0
09/30/2025 05:45,0,110,0,118,8,0
09/30/2025 06:00,0,134,0,140,6,0
09/30/2025 06:15,0,108,0,114,6,0
09/30/2025 06:30,0,109,0,115,6,0
09/30/2025 06:45,6,130,0,132,8,0
09/30/2025 07:00,61,143,0,132,50,0
09/30/2025 07:15,110,246,0,249,113,0
09/30/2025 07:30,165,214,0,206,157,0
09/30/2025 07:45,235,222,0,217,230,0
09/30/2025 08:00,304,189,0,186,301,0
09/30/2025 08:15,338,127,0,129,340,0
09/30/2025 08:30,301,229,0,236,308,0
09/30/2025 08:45,419,112,0,112,419,0
09/30/2025 09:00,526,110,0,133,549,0
09/30/2025 09:15,659,142,0,170,687,0
09/30/2025 09:30,672,150,0,170,692,0
09/30/2025 09:45,711,215,0,219,715,0
09/30/2025 10:00,691,110,0,118,699,0
09/30/2025 10:15,736,110,0,118,744,0
09/30/2025 10:30,825,116,0,115,824,0
09/30/2025 10:45,1040,116,0,124,1048,0
09/30/2025 11:00,1092,132,0,132,1092,0
09/30/2025 11:15,1148,118,0,123,1153,0
09/30/2025 11:30,1051,109,0,130,1072,0
09/30/2025 11:45,1141,110,0,136,1167,0
09/30/2025 12:00,1178,120,0,149,1207,0
09/30/2025 12:15,1178,122,0,131,1187,0
09/30/2025 12:30,1255,129,897,0,229,0
09/30/2025 12:45,1180,105,910,0,165,0
09/30/2025 13:00,1218,103,1010,0,105,0
09/30/2025 13:15,1134,137,972,0,25,0
09/30/2025 13:30,1171,119,1046,0,6,0
09/30/2025 13:45,1017,131,870,0,16,0
09/30/2025 14:00,1032,105,1047,0,0,120
09/30/2025 14:15,976,104,974,0,0,102
09/30/2025 14:30,844,126,840,0,0,122
09/30/2025 14:45,789,136,784,0,0,131
09/30/2025 15:00,647,100,647,0,0,100
09/30/2025 15:15,535,104,530,0,0,99
09/30/2025 15:30,437,130,432,0,0,125
09/30/2025 15:45,369,107,367,0,0,105
09/30/2025 16:00,338,136,333,0,0,131
09/30/2025 16:15,300,110,295,0,0,105
09/30/2025 16:30,204,104,202,0,0,102
09/30/2025 16:45,123,113,121,0,0,111
09/30/2025 17:00,94,125,90,0,0,121
09/30/2025 17:15,75,118,74,0,0,117
09/30/2025 17:30,55,115,51,0,0,111
09/30/2025 17:45,44,141,38,0,0,135
09/30/2025 18:00,27,356,17,0,0,346
09/30/2025 18:15,5,332,12,0,0,339
09/30/2025 18:30,0,186,0,3,0,183
09/30/2025 18:45,0,177,0,2,0,175
09/30/2025 19:00,0,291,1,14,14,292
09/30/2025 19:15,0,243,11,0,0,254
09/30/2025 19:30,0,263,13,0,0,276
09/30/2025 19:45,0,315,0,1,0,314
09/30/2025 20:00,0,356,0,2,0,354
09/30/2025 20:15,0,215,0,4,0,211
09/30/2025 20:30,0,1088,11,0,0,1099
09/30/2025 20:45,0,1285,23,0,0,1308
09/30/2025 21:00,0,306,4,0,0,310
09/30/2025 21:15,0,510,19,0,0,529
09/30/2025 21:30,0,384,12,0,0,396
09/30/2025 21:45,0,587,0,6,0,581
09/30/2025 22:00,0,575,5,0,0,580
09/30/2025 22:15,0,467,0,7,0,460
09/30/2025 22:30,0,287,0,2,0,285
09/30/2025 22:45,0,230,0,3,0,227
09/30/2025 23:00,0,254,0,6,0,248
09/30/2025 23:15,0,228,0,1,0,227
09/30/2025 23:30,0,133,0,4,0,129
09/30/2025 23:45,0,216,2,0,0,218
