Date/Time,Energy Produced (Wh),Energy Consumed (Wh),Exported to Grid (Wh),Imported from Grid (Wh),Stored in batteries (Wh),Discharged from batteries (Wh)
01/01/2025 00:00,0,95,0,134,39,0
01/01/2025 00:15,0,333,0,355,22,0
01/01/2025 00:30,0,394,0,420,26,0
01/01/2025 00:45,0,99,0,142,43,0
01/01/2025 01:00,0,100,0,121,21,0
01/01/2025 01:15,0,403,0,420,17,0
01/01/2025 01:30,0,315,0,369,54,0
01/01/2025 01:45,0,423,0,427,4,0
01/01/2025 02:00,0,296,0,318,22,0
01/01/2025 02:15,0,421,0,469,48,0
01/01/2025 02:30,0,80,0,86,6,0
01/01/2025 02:45,0,98,0,112,14,0
01/01/2025 03:00,0,379,0,423,44,0
01/01/2025 03:15,0,290,0,322,32,0
01/01/2025 03:30,0,86,0,110,24,0
01/01/2025 03:45,0,90,0,116,26,0
01/01/2025 04:00,0,426,0,478,52,0
01/01/2025 04:15,0,468,0,474,6,0
01/01/2025 04:30,0,367,0,391,24,0
01/01/2025 04:45,0,373,0,383,10,0
01/01/2025 05:00,0,406,0,482,76,0
01/01/2025 05:15,0,236,0,250,14,0
01/01/2025 05:30,0,86,0,91,5,0
01/01/2025 05:45,0,423,0,432,9,0
01/01/2025 06:00,0,78,0,118,40,0
01/01/2025 06:15,0,86,0,97,11,0
01/01/2025 06:30,0,645,0,676,31,0
01/01/2025 06:45,0,659,0,687,28,0
01/01/2025 07:00,0,672,0,712,40,0
01/01/2025 07:15,0,486,0,491,5,0
01/01/2025 07:30,0,557,0,604,47,0
01/01/2025 07:45,0,410,0,430,20,0
01/01/2025 08:00,0,380,0,400,20,0
01/01/2025 08:15,0,529,0,559,30,0
01/01/2025 08:30,12,415,0,429,26,0
01/01/2025 08:45,14,306,0,298,6,0
01/01/2025 09:00,21,310,0,333,44,0
01/01/2025 09:15,62,398,0,388,52,0
01/01/2025 09:30,123,228,0,111,6,0
01/01/2025 09:45,230,452,0,248,26,0
01/01/2025 10:00,414,418,0,50,46,0
01/01/2025 10:15,426,441,0,36,21,0
01/01/2025 10:30,439,362,40,0,37,0
01/01/2025 10:45,286,336,0,75,25,0
01/01/2025 11:00,171,458,0,311,24,0
01/01/2025 11:15,160,366,0,225,19,0
01/01/2025 11:30,128,235,0,148,41,0
01/01/2025 11:45,112,357,0,267,22,0
01/01/2025 12:00,136,413,0,296,19,0
01/01/2025 12:15,127,422,0,325,30,0
01/01/2025 12:30,191,233,0,88,46,0
01/01/2025 12:45,154,103,26,0,25,0
01/01/2025 13:00,143,111,29,0,3,0
01/01/2025 13:15,129,186,0,96,39,0
01/01/2025 13:30,116,308,0,214,22,0
01/01/2025 13:45,117,682,0,573,8,0
01/01/2025 14:00,154,423,0,275,6,0
01/01/2025 14:15,309,349,0,85,45,0
01/01/2025 14:30,264,339,0,106,31,0
01/01/2025 14:45,192,355,0,170,7,0
01/01/2025 15:00,146,119,0,28,55,0
01/01/2025 15:15,71,134,0,88,25,0
01/01/2025 15:30,37,110,0,76,3,0
01/01/2025 15:45,26,217,0,247,56,0
01/01/2025 16:00,2,395,0,421,28,0
01/01/2025 16:15,0,762,0,769,7,0
01/01/2025 16:30,0,292,0,347,55,0
01/01/2025 16:45,0,566,0,578,12,0
01/01/2025 17:00,0,276,0,318,42,0
01/01/2025 17:15,0,138,0,165,27,0
01/01/2025 17:30,0,151,0,192,41,0
01/01/2025 17:45,0,159,0,184,25,0
01/01/2025 18:00,0,368,0,371,3,0
01/01/2025 18:15,0,637,0,692,56,1
01/01/2025 18:30,0,750,0,754,4,0
01/01/2025 18:45,0,409,0,433,24,0
01/01/2025 19:00,0,549,0,591,42,0
01/01/2025 19:15,0,452,0,474,22,0
01/01/2025 19:30,0,232,0,256,24,0
01/01/2025 19:45,0,559,0,605,46,0
01/01/2025 20:00,0,477,0,481,4,0
01/01/2025 20:15,0,354,0,396,42,0
01/01/2025 20:30,0,132,0,156,24,0
01/01/2025 20:45,0,273,0,298,25,0
01/01/2025 21:00,0,644,0,663,19,0
01/01/2025 21:15,0,331,0,378,47,0
01/01/2025 21:30,0,584,0,607,23,0
01/01/2025 21:45,0,435,0,456,21,0
01/01/2025 22:00,0,474,0,499,25,0
01/01/2025 22:15,0,390,0,436,46,0
01/01/2025 22:30,0,188,0,193,5,0
01/01/2025 22:45,0,77,0,134,57,0
01/01/2025 23:00,0,128,0,156,28,0
01/01/2025 23:15,0,537,0,544,7,0
01/01/2025 23:30,0,72,0,120,48,0
01/01/2025 23:45,0,343,0,366,23,0
01/02/2025 00:00,0,603,0,631,28,0
01/02/2025 00:15,0,609,0,633,24,0
01/02/2025 00:30,0,120,0,164,44,0
01/02/2025 00:45,0,71,0,78,7,0
01/02/2025 01:00,0,92,0,135,43,0
01/02/2025 01:15,0,531,0,558,27,0
01/02/2025 01:30,0,192,0,201,9,0
01/02/2025 01:45,0,389,0,435,46,0
01/02/2025 02:00,0,581,0,610,29,0
01/02/2025 02:15,0,395,0,400,5,0
01/02/2025 02:30,0,75,0,100,25,0
01/02/2025 02:45,0,75,0,97,22,0
01/02/2025 03:00,0,469,0,515,46,0
01/02/2025 03:15,0,225,0,263,38,0
01/02/2025 03:30,0,391,0,421,30,0
01/02/2025 03:45,0,564,0,591,27,0
01/02/2025 04:00,0,574,0,599,25,0
01/02/2025 04:15,0,532,0,538,6,0
01/02/2025 04:30,0,534,0,572,38,0
01/02/2025 04:45,0,570,0,611,41,0
01/02/2025 05:00,0,500,0,520,20,0
01/02/2025 05:15,0,512,0,536,24,0
01/02/2025 05:30,0,601,0,634,33,0
01/02/2025 05:45,0,513,0,547,34,0
01/02/2025 06:00,0,502,0,521,19,0
01/02/2025 06:15,0,661,0,671,10,0
01/02/2025 06:30,0,652,0,677,25,0
01/02/2025 06:45,0,545,0,601,56,0
01/02/2025 07:00,0,659,0,663,4,0
01/02/2025 07:15,4,730,0,748,22,0
01/02/2025 07:30,34,558,0,560,36,0
01/02/2025 07:45,52,543,0,515,24,0
01/02/2025 08:00,69,550,0,505,24,0
01/02/2025 08:15,83,723,0,678,38,0
01/02/2025 08:30,121,482,0,367,6,0
01/02/2025 08:45,163,1474,0,1353,42,0
01/02/2025 09:00,230,1741,0,1535,24,0
01/02/2025 09:15,325,1408,0,1104,21,0
01/02/2025 09:30,390,360,3,0,27,0
01/02/2025 09:45,482,680,0,204,6,0
01/02/2025 10:00,537,1324,0,821,34,0
01/02/2025 10:15,647,1197,0,606,56,0
01/02/2025 10:30,724,906,0,201,19,0
01/02/2025 10:45,786,819,0,38,5,0
01/02/2025 11:00,813,702,54,0,57,0
01/02/2025 11:15,849,479,350,0,20,0
01/02/2025 11:30,870,102,747,0,21,0
01/02/2025 11:45,869,136,674,0,59,0
01/02/2025 12:00,852,350,498,0,4,0
01/02/2025 12:15,861,457,369,0,35,0
01/02/2025 12:30,829,214,592,0,23,0
01/02/2025 12:45,800,562,186,0,52,0
01/02/2025 13:00,743,601,141,0,1,0
01/02/2025 13:15,609,472,117,0,20,0
01/02/2025 13:30,460,454,4,0,2,0
01/02/2025 13:45,312,268,0,16,60,0
01/02/2025 14:00,180,290,0,134,24,0
01/02/2025 14:15,115,340,0,229,4,0
01/02/2025 14:30,139,80,26,0,33,0
01/02/2025 14:45,122,99,0,24,47,0
01/02/2025 15:00,94,544,0,452,2,0
01/02/2025 15:15,107,540,0,451,18,0
01/02/2025 15:30,68,369,0,321,20,0
01/02/2025 15:45,52,380,0,341,13,0
01/02/2025 16:00,24,551,21,0,2,550
01/02/2025 16:15,2,501,0,6,0,493
01/02/2025 16:30,0,269,0,1,0,268
01/02/2025 16:45,0,406,0,16,0,390
01/02/2025 17:00,0,580,0,6,0,574
01/02/2025 17:15,0,575,6,0,0,581
01/02/2025 17:30,0,740,0,8,0,732
01/02/2025 17:45,0,1008,0,11,0,997
01/02/2025 18:00,0,719,0,1,0,718
01/02/2025 18:15,0,586,0,6,0,580
01/02/2025 18:30,0,143,0,0,0,143
01/02/2025 18:45,0,148,0,5,0,143
01/02/2025 19:00,0,223,0,11,0,212
01/02/2025 19:15,0,731,0,7,0,724
01/02/2025 19:30,0,540,0,2,0,538
01/02/2025 19:45,0,550,0,5,0,545
01/02/2025 20:00,0,565,0,500,9,74
01/02/2025 20:15,0,700,0,704,4,0
01/02/2025 20:30,0,759,0,763,4,0
01/02/2025 20:45,0,616,0,617,1,0
01/02/2025 21:00,0,622,0,622,0,0
01/02/2025 21:15,0,254,0,254,0,0
01/02/2025 21:30,0,198,0,199,1,0
01/02/2025 21:45,0,333,0,333,0,0
01/02/2025 22:00,0,488,0,492,4,0
01/02/2025 22:15,0,137,0,139,2,0
01/02/2025 22:30,0,217,0,223,6,0
01/02/2025 22:45,0,639,0,645,6,0
01/02/2025 23:00,0,106,0,110,4,0
01/02/2025 23:15,0,482,0,482,0,0
01/02/2025 23:30,0,650,0,651,1,0
01/02/2025 23:45,0,398,0,399,1,0
01/03/2025 00:00,0,109,0,111,2,0
01/03/2025 00:15,0,506,0,506,0,0
01/03/2025 00:30,0,258,0,258,0,0
01/03/2025 00:45,0,124,0,128,4,0
01/03/2025 01:00,0,498,0,502,4,0
01/03/2025 01:15,0,626,0,630,4,0
01/03/2025 01:30,0,540,0,544,4,0
01/03/2025 01:45,0,593,0,599,6,0
01/03/2025 02:00,0,498,0,502,4,0
01/03/2025 02:15,0,513,0,517,4,0
01/03/2025 02:30,0,699,0,701,2,0
01/03/2025 02:45,0,545,0,549,4,0
01/03/2025 03:00,0,500,0,504,4,0
01/03/2025 03:15,0,588,0,591,3,0
01/03/2025 03:30,0,506,0,510,4,0
01/03/2025 03:45,0,357,0,361,4,0
01/03/2025 04:00,0,520,0,525,5,0
01/03/2025 04:15,0,581,0,585,4,0
01/03/2025 04:30,0,493,0,498,5,0
01/03/2025 04:45,0,417,0,421,4,0
01/03/2025 05:00,0,541,0,546,5,0
01/03/2025 05:15,0,109,0,111,2,0
01/03/2025 05:30,0,437,0,440,3,0
01/03/2025 05:45,0,626,0,628,2,0
01/03/2025 06:00,0,654,0,657,3,0
01/03/2025 06:15,0,634,0,635,1,0
01/03/2025 06:30,0,766,0,770,4,0
01/03/2025 06:45,0,565,0,569,4,0
01/03/2025 07:00,0,874,0,876,2,0
01/03/2025 07:15,2,746,0,746,2,0
01/03/2025 07:30,26,795,0,783,14,0
01/03/2025 07:45,70,721,0,715,64,0
01/03/2025 08:00,146,560,0,554,140,0
01/03/2025 08:15,177,899,0,893,171,0
01/03/2025 08:30,209,839,0,837,207,0
01/03/2025 08:45,198,961,0,960,197,0
01/03/2025 09:00,269,715,0,710,264,0
01/03/2025 09:15,336,499,0,495,332,0
01/03/2025 09:30,401,471,0,467,397,0
01/03/2025 09:45,462,334,0,329,457,0
01/03/2025 10:00,545,206,0,195,534,0
01/03/2025 10:15,605,866,0,804,543,0
01/03/2025 10:30,672,631,0,541,582,0
01/03/2025 10:45,771,557,0,483,697,0
01/03/2025 11:00,715,650,0,537,602,0
01/03/2025 11:15,531,481,0,363,413,0
01/03/2025 11:30,700,171,0,60,589,0
01/03/2025 11:45,639,588,0,507,558,0
01/03/2025 12:00,855,102,0,12,765,0
01/03/2025 12:15,624,499,0,397,522,0
01/03/2025 12:30,571,723,0,644,492,0
01/03/2025 12:45,399,482,0,435,352,0
01/03/2025 13:00,333,628,0,602,307,0
01/03/2025 13:15,383,534,0,502,351,0
01/03/2025 13:30,394,489,0,469,374,0
01/03/2025 13:45,334,453,0,448,329,0
01/03/2025 14:00,201,148,0,154,207,0
01/03/2025 14:15,255,89,0,90,256,0
01/03/2025 14:30,285,611,0,612,286,0
01/03/2025 14:45,152,621,0,621,152,0
01/03/2025 15:00,113,622,0,623,114,0
01/03/2025 15:15,98,523,0,527,102,0
01/03/2025 15:30,79,583,0,543,39,0
01/03/2025 15:45,36,495,0,460,1,0
01/03/2025 16:00,21,551,3,0,0,533
01/03/2025 16:15,1,516,0,3,0,512
01/03/2025 16:30,0,541,0,8,0,533
01/03/2025 16:45,0,637,0,9,0,628
01/03/2025 17:00,0,664,3,0,0,667
01/03/2025 17:15,0,518,4,0,0,522
01/03/2025 17:30,0,527,0,7,0,520
01/03/2025 17:45,0,638,0,5,0,633
01/03/2025 18:00,0,575,0,4,0,571
01/03/2025 18:15,0,645,0,6,0,639
01/03/2025 18:30,0,554,0,2,0,552
01/03/2025 18:45,0,532,0,5,0,527
01/03/2025 19:00,0,716,0,6,0,710
01/03/2025 19:15,0,665,0,5,0,660
01/03/2025 19:30,0,369,0,0,0,369
01/03/2025 19:45,0,144,0,34,1,111
01/03/2025 20:00,0,433,0,435,2,0
01/03/2025 20:15,0,613,0,615,2,0
01/03/2025 20:30,0,686,0,689,3,0
01/03/2025 20:45,0,796,0,800,4,0
01/03/2025 21:00,0,722,0,723,1,0
01/03/2025 21:15,0,595,0,595,0,0
01/03/2025 21:30,0,602,0,602,0,0
01/03/2025 21:45,0,623,0,623,0,0
01/03/2025 22:00,0,246,0,246,0,0
01/03/2025 22:15,0,142,0,142,0,0
01/03/2025 22:30,0,316,0,316,0,0
01/03/2025 22:45,0,479,0,479,0,0
01/03/2025 23:00,0,141,0,141,0,0
01/03/2025 23:15,0,613,0,613,0,0
01/03/2025 23:30,0,598,0,598,0,0
01/03/2025 23:45,0,242,0,242,0,0
01/04/2025 00:00,0,185,0,186,1,0
01/04/2025 00:15,0,616,0,617,1,0
01/04/2025 00:30,0,589,0,589,0,0
01/04/2025 00:45,0,825,0,825,0,0
01/04/2025 01:00,0,734,0,738,4,0
01/04/2025 01:15,0,493,0,498,5,0
01/04/2025 01:30,0,483,0,487,4,0
01/04/2025 01:45,0,667,0,670,3,0
01/04/2025 02:00,0,495,0,499,4,0
01/04/2025 02:15,0,677,0,679,2,0
01/04/2025 02:30,0,694,0,696,2,0
01/04/2025 02:45,0,529,0,532,3,0
01/04/2025 03:00,0,577,0,580,3,0
01/04/2025 03:15,0,642,0,646,4,0
01/04/2025 03:30,0,578,0,582,4,0
01/04/2025 03:45,0,773,0,777,4,0
01/04/2025 04:00,0,567,0,571,4,0
01/04/2025 04:15,0,551,0,555,4,0
01/04/2025 04:30,0,670,0,672,2,0
01/04/2025 04:45,0,493,0,497,4,0
01/04/2025 05:00,0,502,0,507,5,0
01/04/2025 05:15,0,790,0,793,3,0
01/04/2025 05:30,0,606,0,610,4,0
01/04/2025 05:45,0,708,0,712,4,0
01/04/2025 06:00,0,766,0,770,4,0
01/04/2025 06:15,0,568,0,568,0,0
01/04/2025 06:30,0,626,0,631,5,0
01/04/2025 06:45,0,592,0,595,3,0
01/04/2025 07:00,1,761,0,763,3,0
01/04/2025 07:15,7,750,0,748,5,0
01/04/2025 07:30,35,759,0,751,27,0
01/04/2025 07:45,46,905,0,902,43,0
01/04/2025 08:00,69,782,0,783,70,0
01/04/2025 08:15,119,646,0,637,110,0
01/04/2025 08:30,138,667,0,664,135,0
01/04/2025 08:45,179,704,0,699,174,0
01/04/2025 09:00,397,884,0,882,395,0
01/04/2025 09:15,397,781,0,782,398,0
01/04/2025 09:30,475,795,0,783,463,0
01/04/2025 09:45,459,658,0,637,438,0
01/04/2025 10:00,503,534,0,457,426,0
01/04/2025 10:15,652,1126,0,954,480,0
01/04/2025 10:30,839,2010,0,1722,551,0
01/04/2025 10:45,869,1714,0,1446,601,0
01/04/2025 11:00,859,534,0,279,604,0
01/04/2025 11:15,1055,546,0,213,722,0
01/04/2025 11:30,941,569,0,292,664,0
01/04/2025 11:45,709,554,0,463,618,0
01/04/2025 12:00,756,629,0,441,568,0
01/04/2025 12:15,677,601,0,468,544,0
01/04/2025 12:30,951,867,0,608,692,0
01/04/2025 12:45,940,610,0,363,693,0
01/04/2025 13:00,850,609,0,367,608,0
01/04/2025 13:15,705,991,0,869,583,0
01/04/2025 13:30,540,135,0,100,505,0
01/04/2025 13:45,288,652,0,674,310,0
01/04/2025 14:00,288,657,0,607,238,0
01/04/2025 14:15,245,652,0,558,151,0
01/04/2025 14:30,183,1066,0,936,53,0
01/04/2025 14:45,141,2095,0,1976,22,0
01/04/2025 15:00,152,751,0,643,44,0
01/04/2025 15:15,115,691,0,618,42,0
01/04/2025 15:30,78,770,0,711,19,0
01/04/2025 15:45,45,752,0,739,32,0
01/04/2025 16:00,24,612,0,17,3,574
01/04/2025 16:15,3,659,0,7,0,649
01/04/2025 16:30,0,896,3,0,0,899
01/04/2025 16:45,0,571,0,8,0,563
01/04/2025 17:00,0,731,0,6,0,725
01/04/2025 17:15,0,629,0,0,0,629
01/04/2025 17:30,0,342,0,6,0,336
01/04/2025 17:45,0,724,0,5,0,719
01/04/2025 18:00,0,453,0,2,0,451
01/04/2025 18:15,0,555,0,16,0,539
01/04/2025 18:30,0,862,0,11,0,851
01/04/2025 18:45,0,849,1,0,0,850
01/04/2025 19:00,0,1173,0,102,0,1071
01/04/2025 19:15,0,759,0,768,9,0
01/04/2025 19:30,0,577,0,578,2,1
01/04/2025 19:45,0,663,0,664,1,0
01/04/2025 20:00,0,722,0,722,0,0
01/04/2025 20:15,0,864,0,864,0,0
01/04/2025 20:30,0,882,0,882,0,0
01/04/2025 20:45,0,733,0,733,0,0
01/04/2025 21:00,0,671,0,671,0,0
01/04/2025 21:15,0,584,0,584,0,0
01/04/2025 21:30,0,464,0,464,0,0
01/04/2025 21:45,0,763,0,764,1,0
01/04/2025 22:00,0,150,0,153,3,0
01/04/2025 22:15,0,196,0,196,0,0
01/04/2025 22:30,0,608,0,608,0,0
01/04/2025 22:45,0,286,0,286,0,0
01/04/2025 23:00,0,114,0,114,0,0
01/04/2025 23:15,0,434,0,434,0,0
01/04/2025 23:30,0,628,0,628,0,0
01/04/2025 23:45,0,388,0,389,1,0
01/05/2025 00:00,0,346,0,346,0,0
01/05/2025 00:15,0,664,0,665,1,0
01/05/2025 00:30,0,558,0,558,0,0
01/05/2025 00:45,0,768,0,768,0,0
01/05/2025 01:00,0,590,0,590,0,0
01/05/2025 01:15,0,535,0,536,1,0
01/05/2025 01:30,0,624,0,628,4,0
01/05/2025 01:45,0,481,0,484,3,0
01/05/2025 02:00,0,524,0,528,4,0
01/05/2025 02:15,0,690,0,695,5,0
01/05/2025 02:30,0,585,0,588,3,0
01/05/2025 02:45,0,827,0,831,4,0
01/05/2025 03:00,0,522,0,526,4,0
01/05/2025 03:15,0,540,0,543,3,0
01/05/2025 03:30,0,575,0,579,4,0
01/05/2025 03:45,0,520,0,524,4,0
01/05/2025 04:00,0,809,0,814,5,0
01/05/2025 04:15,0,532,0,537,5,0
01/05/2025 04:30,0,536,0,541,5,0
01/05/2025 04:45,0,656,0,660,4,0
01/05/2025 05:00,0,543,0,548,5,0
01/05/2025 05:15,0,605,0,608,3,0
01/05/2025 05:30,0,907,0,908,1,0
01/05/2025 05:45,0,564,0,568,4,0
01/05/2025 06:00,0,694,0,698,4,0
01/05/2025 06:15,0,528,0,533,5,0
01/05/2025 06:30,0,619,0,622,3,0
01/05/2025 06:45,0,688,0,691,3,0
01/05/2025 07:00,0,756,0,760,4,0
01/05/2025 07:15,0,756,0,760,4,0
01/05/2025 07:30,0,723,0,727,4,0
01/05/2025 07:45,37,887,0,880,30,0
01/05/2025 08:00,84,1111,0,1104,77,0
01/05/2025 08:15,145,862,0,859,142,0
01/05/2025 08:30,232,672,0,672,232,0
01/05/2025 08:45,188,614,0,615,189,0
01/05/2025 09:00,356,1040,0,1032,348,0
01/05/2025 09:15,532,2014,0,2014,532,0
01/05/2025 09:30,393,2648,0,2651,396,0
01/05/2025 09:45,413,1543,0,1542,412,0
01/05/2025 10:00,306,1166,0,1173,313,0
01/05/2025 10:15,481,2004,0,1849,326,0
01/05/2025 10:30,708,862,0,732,578,0
01/05/2025 10:45,606,595,0,588,599,0
01/05/2025 11:00,537,566,0,569,540,0
01/05/2025 11:15,462,530,0,534,466,0
01/05/2025 11:30,446,620,0,616,442,0
01/05/2025 11:45,413,573,0,577,417,0
01/05/2025 12:00,359,506,0,513,366,0
01/05/2025 12:15,298,505,0,507,300,0
01/05/2025 12:30,241,511,0,515,245,0
01/05/2025 12:45,228,665,0,667,230,0
01/05/2025 13:00,228,1087,0,1087,228,0
01/05/2025 13:15,212,669,0,670,213,0
01/05/2025 13:30,221,644,0,644,221,0
01/05/2025 13:45,210,631,0,633,212,0
01/05/2025 14:00,170,597,0,602,175,0
01/05/2025 14:15,161,520,0,524,165,0
01/05/2025 14:30,114,772,0,781,123,0
01/05/2025 14:45,124,537,0,534,121,0
01/05/2025 15:00,106,628,0,634,112,0
01/05/2025 15:15,90,543,0,548,95,0
01/05/2025 15:30,62,566,0,576,72,0
01/05/2025 15:45,32,502,0,512,42,0
01/05/2025 16:00,8,620,0,9,3,606
01/05/2025 16:15,0,680,0,3,0,677
01/05/2025 16:30,0,512,0,4,0,508
01/05/2025 16:45,0,622,0,3,0,619
01/05/2025 17:00,0,577,0,6,0,571
01/05/2025 17:15,0,747,0,10,0,737
01/05/2025 17:30,0,795,0,2,0,793
01/05/2025 17:45,0,614,0,4,0,610
01/05/2025 18:00,0,226,0,0,0,226
01/05/2025 18:15,0,521,0,14,0,507
01/05/2025 18:30,0,781,0,479,6,308
01/05/2025 18:45,0,837,0,843,6,0
01/05/2025 19:00,0,851,0,851,0,0
01/05/2025 19:15,0,686,0,686,0,0
01/05/2025 19:30,0,593,0,595,2,0
01/05/2025 19:45,0,827,0,827,0,0
01/05/2025 20:00,0,713,0,713,0,0
01/05/2025 20:15,0,535,0,535,0,0
01/05/2025 20:30,0,968,0,970,2,0
01/05/2025 20:45,0,466,0,466,0,0
01/05/2025 21:00,0,456,0,458,2,0
01/05/2025 21:15,0,1007,0,1007,0,0
01/05/2025 21:30,0,923,0,923,0,0
01/05/2025 21:45,0,721,0,722,1,0
01/05/2025 22:00,0,603,0,608,5,0
01/05/2025 22:15,0,306,0,308,2,0
01/05/2025 22:30,0,417,0,418,1,0
01/05/2025 22:45,0,646,0,647,1,0
01/05/2025 23:00,0,270,0,270,0,0
01/05/2025 23:15,0,204,0,204,0,0
01/05/2025 23:30,0,887,0,887,0,0
01/05/2025 23:45,0,677,0,677,0,0
01/06/2025 00:00,0,715,0,717,2,0
01/06/2025 00:15,0,771,0,772,1,0
01/06/2025 00:30,0,618,0,623,5,0
01/06/2025 00:45,0,737,0,739,2,0
01/06/2025 01:00,0,622,0,624,2,0
01/06/2025 01:15,0,879,0,881,2,0
01/06/2025 01:30,0,541,0,544,3,0
01/06/2025 01:45,0,611,0,614,3,0
01/06/2025 02:00,0,915,0,919,4,0
01/06/2025 02:15,0,635,0,638,3,0
01/06/2025 02:30,0,773,0,776,3,0
01/06/2025 02:45,0,715,0,719,4,0
01/06/2025 03:00,0,756,0,760,4,0
01/06/2025 03:15,0,706,0,710,4,0
01/06/2025 03:30,0,694,0,698,4,0
01/06/2025 03:45,0,799,0,801,2,0
01/06/2025 04:00,0,539,0,543,4,0
01/06/2025 04:15,0,743,0,745,2,0
01/06/2025 04:30,0,726,0,730,4,0
01/06/2025 04:45,0,673,0,677,4,0
01/06/2025 05:00,0,853,0,855,2,0
01/06/2025 05:15,0,744,0,749,5,0
01/06/2025 05:30,0,752,0,755,3,0
01/06/2025 05:45,0,593,0,598,5,0
01/06/2025 06:00,0,712,0,717,5,0
01/06/2025 06:15,0,844,0,846,2,0
01/06/2025 06:30,0,785,0,787,2,0
01/06/2025 06:45,0,967,0,967,0,0
01/06/2025 07:00,0,804,0,807,3,0
01/06/2025 07:15,0,1266,0,1269,3,0
01/06/2025 07:30,12,1302,0,1294,4,0
01/06/2025 07:45,54,1012,0,1003,45,0
01/06/2025 08:00,90,972,0,965,83,0
01/06/2025 08:15,124,873,0,866,117,0
01/06/2025 08:30,158,913,0,909,154,0
01/06/2025 08:45,168,824,0,824,168,0
01/06/2025 09:00,173,943,0,945,175,0
01/06/2025 09:15,199,769,0,768,198,0
01/06/2025 09:30,237,657,0,649,229,0
01/06/2025 09:45,291,760,0,758,289,0
01/06/2025 10:00,296,987,0,987,296,0
01/06/2025 10:15,325,1121,0,1123,327,0
01/06/2025 10:30,311,795,0,799,315,0
01/06/2025 10:45,233,733,0,741,241,0
01/06/2025 11:00,249,842,0,837,244,0
01/06/2025 11:15,341,747,0,745,339,0
01/06/2025 11:30,291,926,0,934,299,0
01/06/2025 11:45,270,781,0,784,273,0
01/06/2025 12:00,208,1326,0,1334,216,0
01/06/2025 12:15,189,2030,0,2036,195,0
01/06/2025 12:30,188,1317,0,1324,195,0
01/06/2025 12:45,214,1114,0,1109,209,0
01/06/2025 13:00,240,711,0,705,234,0
01/06/2025 13:15,260,714,0,712,258,0
01/06/2025 13:30,250,695,0,703,258,0
01/06/2025 13:45,245,710,0,711,246,0
01/06/2025 14:00,248,615,0,611,244,0
01/06/2025 14:15,245,673,0,678,250,0
01/06/2025 14:30,209,774,0,777,212,0
01/06/2025 14:45,175,820,0,818,173,0
01/06/2025 15:00,133,740,0,745,138,0
01/06/2025 15:15,106,619,0,622,109,0
01/06/2025 15:30,84,698,0,705,91,0
01/06/2025 15:45,91,787,0,787,91,0
01/06/2025 16:00,32,793,0,12,5,754
01/06/2025 16:15,4,777,0,2,0,771
01/06/2025 16:30,0,753,0,4,0,749
01/06/2025 16:45,0,683,0,5,0,678
01/06/2025 17:00,0,769,0,13,0,756
01/06/2025 17:15,0,851,0,0,0,851
01/06/2025 17:30,0,748,0,705,7,50
01/06/2025 17:45,0,1005,0,1008,3,0
01/06/2025 18:00,0,760,0,760,0,0
01/06/2025 18:15,0,638,0,638,0,0
01/06/2025 18:30,0,739,0,740,1,0
01/06/2025 18:45,0,855,0,856,1,0
01/06/2025 19:00,0,750,0,750,0,0
01/06/2025 19:15,0,655,0,656,1,0
01/06/2025 19:30,0,884,0,884,0,0
01/06/2025 19:45,0,810,0,810,0,0
01/06/2025 20:00,0,790,0,790,0,0
01/06/2025 20:15,0,934,0,936,2,0
01/06/2025 20:30,0,1158,0,1160,2,0
01/06/2025 20:45,0,959,0,959,0,0
01/06/2025 21:00,0,900,0,901,1,0
01/06/2025 21:15,0,826,0,826,0,0
01/06/2025 21:30,0,782,0,785,3,0
01/06/2025 21:45,0,1084,0,1084,0,0
01/06/2025 22:00,0,384,0,385,1,0
01/06/2025 22:15,0,609,0,609,0,0
01/06/2025 22:30,0,760,0,761,1,0
01/06/2025 22:45,0,174,0,174,0,0
01/06/2025 23:00,0,599,0,599,0,0
01/06/2025 23:15,0,910,0,910,0,0
01/06/2025 23:30,0,654,0,654,0,0
01/06/2025 23:45,0,830,0,830,0,0
01/07/2025 00:00,0,871,0,871,0,0
01/07/2025 00:15,0,720,0,720,0,0
01/07/2025 00:30,0,639,0,640,1,0
01/07/2025 00:45,0,821,0,824,3,0
01/07/2025 01:00,0,743,0,745,2,0
01/07/2025 01:15,0,733,0,736,3,0
01/07/2025 01:30,0,1024,0,1024,0,0
01/07/2025 01:45,0,583,0,587,4,0
01/07/2025 02:00,0,655,0,657,2,0
01/07/2025 02:15,0,771,0,775,4,0
01/07/2025 02:30,0,671,0,674,3,0
01/07/2025 02:45,0,888,0,890,2,0
01/07/2025 03:00,0,933,0,936,3,0
01/07/2025 03:15,0,815,0,817,2,0
01/07/2025 03:30,0,847,0,849,2,0
01/07/2025 03:45,0,864,0,868,4,0
01/07/2025 04:00,0,793,0,795,2,0
01/07/2025 04:15,0,634,0,637,3,0
01/07/2025 04:30,0,1003,0,1006,3,0
01/07/2025 04:45,0,607,0,609,2,0
01/07/2025 05:00,0,1064,0,1066,2,0
01/07/2025 05:15,0,1164,0,1168,4,0
01/07/2025 05:30,0,748,0,752,4,0
01/07/2025 05:45,0,673,0,675,2,0
01/07/2025 06:00,0,943,0,945,2,0
01/07/2025 06:15,0,718,0,720,2,0
01/07/2025 06:30,0,862,0,863,1,0
01/07/2025 06:45,0,1162,0,1163,1,0
01/07/2025 07:00,0,1306,0,1309,3,0
01/07/2025 07:15,0,756,0,758,2,0
01/07/2025 07:30,26,887,0,880,19,0
01/07/2025 07:45,58,1333,0,1326,51,0
01/07/2025 08:00,78,1183,0,1174,69,0
01/07/2025 08:15,91,1049,0,1042,84,0
01/07/2025 08:30,173,1181,0,1174,166,0
01/07/2025 08:45,268,1028,0,1024,264,0
01/07/2025 09:00,277,996,0,993,274,0
01/07/2025 09:15,269,1031,0,1033,271,0
01/07/2025 09:30,304,692,0,692,304,0
01/07/2025 09:45,567,795,0,751,523,0
01/07/2025 10:00,616,722,0,623,517,0
01/07/2025 10:15,440,869,0,895,466,0
01/07/2025 10:30,590,997,0,880,473,0
01/07/2025 10:45,666,1063,0,868,471,0
01/07/2025 11:00,815,565,0,225,475,0
01/07/2025 11:15,907,742,0,312,477,0
01/07/2025 11:30,635,995,0,880,520,0
01/07/2025 11:45,564,813,0,779,530,0
01/07/2025 12:00,730,559,0,339,510,0
01/07/2025 12:15,943,1030,0,553,466,0
01/07/2025 12:30,773,860,0,578,491,0
01/07/2025 12:45,565,2086,0,2023,502,0
01/07/2025 13:00,632,2263,0,2085,454,0
01/07/2025 13:15,655,1446,0,1254,463,0
01/07/2025 13:30,544,794,0,725,475,0
01/07/2025 13:45,377,655,0,688,410,0
01/07/2025 14:00,232,721,0,723,234,0
01/07/2025 14:15,182,618,0,623,187,0
01/07/2025 14:30,160,737,0,741,164,0
01/07/2025 14:45,130,777,0,779,132,0
01/07/2025 15:00,181,793,0,886,274,0
01/07/2025 15:15,163,755,0,755,163,0
01/07/2025 15:30,110,776,0,783,117,0
01/07/2025 15:45,78,975,0,984,87,0
01/07/2025 16:00,39,251,49,0,1,262
01/07/2025 16:15,13,456,0,5,0,438
01/07/2025 16:30,0,914,0,8,0,906
01/07/2025 16:45,0,939,0,11,0,928
01/07/2025 17:00,0,1111,0,0,0,1111
01/07/2025 17:15,0,723,3,0,0,726
01/07/2025 17:30,0,380,0,2,0,378
01/07/2025 17:45,0,206,0,9,0,197
01/07/2025 18:00,0,255,1,0,0,256
01/07/2025 18:15,0,132,0,5,0,127
01/07/2025 18:30,0,540,0,17,0,523
01/07/2025 18:45,0,1522,0,34,0,1488
01/07/2025 19:00,0,822,0,777,7,52
01/07/2025 19:15,0,781,0,781,1,1
01/07/2025 19:30,0,1262,0,1262,0,0
01/07/2025 19:45,0,1004,0,1005,1,0
01/07/2025 20:00,0,747,0,748,1,0
01/07/2025 20:15,0,773,0,773,0,0
01/07/2025 20:30,0,926,0,926,0,0
01/07/2025 20:45,0,877,0,877,0,0
01/07/2025 21:00,0,1009,0,1010,1,0
01/07/2025 21:15,0,967,0,967,0,0
01/07/2025 21:30,0,914,0,914,0,0
01/07/2025 21:45,0,993,0,993,0,0
01/07/2025 22:00,0,463,0,463,0,0
01/07/2025 22:15,0,800,0,800,0,0
01/07/2025 22:30,0,261,0,261,0,0
01/07/2025 22:45,0,339,0,339,0,0
01/07/2025 23:00,0,695,0,695,0,0
01/07/2025 23:15,0,731,0,731,0,0
01/07/2025 23:30,0,761,0,761,0,0
01/07/2025 23:45,0,790,0,790,0,0
01/08/2025 00:00,0,796,0,798,2,0
01/08/2025 00:15,0,542,0,542,0,0
01/08/2025 00:30,0,654,0,656,2,0
01/08/2025 00:45,0,783,0,785,2,0
01/08/2025 01:00,0,576,0,578,2,0
01/08/2025 01:15,0,755,0,757,2,0
01/08/2025 01:30,0,820,0,822,2,0
01/08/2025 01:45,0,737,0,739,2,0
01/08/2025 02:00,0,630,0,631,1,0
01/08/2025 02:15,0,1016,0,1018,2,0
01/08/2025 02:30,0,605,0,606,1,0
01/08/2025 02:45,0,604,0,608,4,0
01/08/2025 03:00,0,860,0,864,4,0
01/08/2025 03:15,0,515,0,519,4,0
01/08/2025 03:30,0,716,0,719,3,0
01/08/2025 03:45,0,702,0,705,3,0
01/08/2025 04:00,0,679,0,683,4,0
01/08/2025 04:15,0,771,0,772,1,0
01/08/2025 04:30,0,749,0,752,3,0
01/08/2025 04:45,0,822,0,825,3,0
01/08/2025 05:00,0,554,0,557,3,0
01/08/2025 05:15,0,872,0,875,3,0
01/08/2025 05:30,0,520,0,524,4,0
01/08/2025 05:45,0,745,0,746,1,0
01/08/2025 06:00,0,790,0,792,2,0
01/08/2025 06:15,0,641,0,642,1,0
01/08/2025 06:30,0,1333,0,1336,3,0
01/08/2025 06:45,0,752,0,752,0,0
01/08/2025 07:00,0,897,0,898,1,0
01/08/2025 07:15,0,1033,0,1035,2,0
01/08/2025 07:30,30,1003,0,993,20,0
01/08/2025 07:45,53,937,0,930,46,0
01/08/2025 08:00,69,808,0,800,61,0
01/08/2025 08:15,78,1209,0,1203,72,0
01/08/2025 08:30,122,879,0,871,114,0
01/08/2025 08:45,158,913,0,910,155,0
01/08/2025 09:00,243,828,0,818,233,0
01/08/2025 09:15,336,933,0,926,329,0
01/08/2025 09:30,398,944,0,939,393,0
01/08/2025 09:45,487,767,0,762,482,0
01/08/2025 10:00,549,792,0,776,533,0
01/08/2025 10:15,654,848,0,739,545,0
01/08/2025 10:30,748,1941,0,1738,545,0
01/08/2025 10:45,802,1804,0,1547,545,0
01/08/2025 11:00,836,637,0,346,545,0
01/08/2025 11:15,882,797,0,461,546,0
01/08/2025 11:30,908,831,0,467,544,0
01/08/2025 11:45,904,910,0,548,542,0
01/08/2025 12:00,900,847,0,489,542,0
01/08/2025 12:15,902,718,0,351,535,0
01/08/2025 12:30,852,741,0,408,519,0
01/08/2025 12:45,841,654,0,345,532,0
01/08/2025 13:00,782,758,0,512,536,0
01/08/2025 13:15,657,700,0,546,503,0
01/08/2025 13:30,514,772,0,714,456,0
01/08/2025 13:45,361,640,0,633,354,0
01/08/2025 14:00,239,609,0,612,242,0
01/08/2025 14:15,174,665,0,663,172,0
01/08/2025 14:30,156,715,0,715,156,0
01/08/2025 14:45,123,811,0,816,128,0
01/08/2025 15:00,106,857,0,1077,326,0
01/08/2025 15:15,94,667,0,774,201,0
01/08/2025 15:30,128,765,0,808,171,0
01/08/2025 15:45,85,671,0,701,115,0
01/08/2025 16:00,39,668,0,572,74,131
01/08/2025 16:15,10,871,9,0,0,870
01/08/2025 16:30,0,761,0,1,0,760
01/08/2025 16:45,0,841,0,4,0,837
01/08/2025 17:00,0,677,0,12,0,665
01/08/2025 17:15,0,754,1,0,0,755
01/08/2025 17:30,0,861,0,4,0,857
01/08/2025 17:45,0,874,0,6,0,868
01/08/2025 18:00,0,879,0,7,0,872
01/08/2025 18:15,0,926,0,8,0,918
01/08/2025 18:30,0,725,1,0,0,726
01/08/2025 18:45,0,648,0,8,0,640
01/08/2025 19:00,0,920,0,19,0,901
01/08/2025 19:15,0,894,0,599,6,301
01/08/2025 19:30,0,860,0,861,1,0
01/08/2025 19:45,0,921,0,921,0,0
01/08/2025 20:00,0,925,0,925,0,0
01/08/2025 20:15,0,827,0,827,0,0
01/08/2025 20:30,0,881,0,882,1,0
01/08/2025 20:45,0,807,0,807,0,0
01/08/2025 21:00,0,1368,0,1369,1,0
01/08/2025 21:15,0,951,0,951,0,0
01/08/2025 21:30,0,948,0,949,1,0
01/08/2025 21:45,0,1083,0,1083,0,0
01/08/2025 22:00,0,506,0,549,43,0
01/08/2025 22:15,0,837,0,849,12,0
01/08/2025 22:30,0,200,0,212,12,0
01/08/2025 22:45,0,532,0,580,48,0
01/08/2025 23:00,0,833,0,833,0,0
01/08/2025 23:15,0,343,0,389,46,0
01/08/2025 23:30,0,956,0,966,10,0
01/08/2025 23:45,0,873,0,884,11,0
01/09/2025 00:00,0,787,0,864,77,0
01/09/2025 00:15,0,584,0,595,11,0
01/09/2025 00:30,0,961,0,972,11,0
01/09/2025 00:45,0,605,0,652,47,0
01/09/2025 01:00,0,628,0,634,6,0
01/09/2025 01:15,0,934,0,977,43,0
01/09/2025 01:30,0,635,0,648,13,0
01/09/2025 01:45,0,854,0,866,12,0
01/09/2025 02:00,0,908,0,920,12,0
01/09/2025 02:15,0,770,0,811,41,0
01/09/2025 02:30,0,559,0,1098,539,0
01/09/2025 02:45,0,949,0,1504,555,0
01/09/2025 03:00,0,559,0,1113,554,0
01/09/2025 03:15,0,634,0,1190,556,0
01/09/2025 03:30,0,865,0,1421,556,0
01/09/2025 03:45,0,636,0,1193,557,0
01/09/2025 04:00,0,861,0,1419,558,0
01/09/2025 04:15,0,655,0,1212,557,0
01/09/2025 04:30,0,893,0,1452,559,0
01/09/2025 04:45,0,622,0,1182,560,0
01/09/2025 05:00,0,987,0,1547,560,0
01/09/2025 05:15,0,597,0,1157,560,0
01/09/2025 05:30,0,740,0,1297,557,0
01/09/2025 05:45,0,900,0,1452,552,0
01/09/2025 06:00,0,728,0,1277,549,0
01/09/2025 06:15,0,737,0,1278,541,0
01/09/2025 06:30,0,1148,0,1674,526,0
01/09/2025 06:45,0,723,0,1230,507,0
01/09/2025 07:00,0,977,0,1458,481,0
01/09/2025 07:15,1,1083,0,1533,451,0
01/09/2025 07:30,22,1073,0,1469,418,0
01/09/2025 07:45,40,900,0,1242,382,0
01/09/2025 08:00,73,886,0,1152,339,0
01/09/2025 08:15,127,1082,0,1250,295,0
01/09/2025 08:30,166,911,0,967,222,0
01/09/2025 08:45,183,1121,0,1116,178,0
01/09/2025 09:00,232,776,0,670,126,0
01/09/2025 09:15,253,1042,0,859,70,0
01/09/2025 09:30,354,653,0,369,70,0
01/09/2025 09:45,454,1053,0,636,37,0
01/09/2025 10:00,488,903,0,420,5,0
01/09/2025 10:15,544,826,0,300,18,0
01/09/2025 10:30,664,651,0,1,14,0
01/09/2025 10:45,592,721,0,141,12,0
01/09/2025 11:00,526,928,0,424,22,0
01/09/2025 11:15,518,809,0,327,36,0
01/09/2025 11:30,432,910,0,511,33,0
01/09/2025 11:45,511,762,0,258,7,0
01/09/2025 12:00,523,746,0,244,21,0
01/09/2025 12:15,787,869,0,98,16,0
01/09/2025 12:30,753,882,0,162,33,0
01/09/2025 12:45,619,1737,0,1157,39,0
01/09/2025 13:00,581,1158,0,581,4,0
01/09/2025 13:15,614,778,0,196,32,0
01/09/2025 13:30,524,700,0,211,35,0
01/09/2025 13:45,393,882,0,510,21,0
01/09/2025 14:00,268,835,0,596,29,0
01/09/2025 14:15,164,909,0,750,5,0
01/09/2025 14:30,217,990,0,808,35,0
01/09/2025 14:45,143,653,0,513,3,0
01/09/2025 15:00,130,771,0,671,30,0
01/09/2025 15:15,98,943,0,853,8,0
01/09/2025 15:30,84,570,0,494,8,0
01/09/2025 15:45,49,755,0,757,51,0
01/09/2025 16:00,20,706,0,277,10,419
01/09/2025 16:15,5,712,0,0,0,707
01/09/2025 16:30,0,771,0,4,0,767
01/09/2025 16:45,0,712,0,6,0,706
01/09/2025 17:00,0,749,0,3,0,746
01/09/2025 17:15,0,639,0,2,0,637
01/09/2025 17:30,0,795,0,9,0,786
01/09/2025 17:45,0,914,0,2,0,912
01/09/2025 18:00,0,838,0,4,0,834
01/09/2025 18:15,0,938,0,6,0,932
01/09/2025 18:30,0,767,0,2,0,765
01/09/2025 18:45,0,737,0,8,0,729
01/09/2025 19:00,0,733,0,5,0,728
01/09/2025 19:15,0,638,0,5,0,633
01/09/2025 19:30,0,925,0,896,6,35
01/09/2025 19:45,0,833,0,836,3,0
01/09/2025 20:00,0,721,0,721,0,0
01/09/2025 20:15,0,766,0,766,0,0
01/09/2025 20:30,0,856,0,856,0,0
01/09/2025 20:45,0,902,0,903,1,0
01/09/2025 21:00,0,814,0,814,0,0
01/09/2025 21:15,0,936,0,936,0,0
01/09/2025 21:30,0,816,0,816,0,0
01/09/2025 21:45,0,745,0,745,0,0
01/09/2025 22:00,0,685,0,685,0,0
01/09/2025 22:15,0,832,0,872,40,0
01/09/2025 22:30,0,440,0,478,38,0
01/09/2025 22:45,0,901,0,940,39,0
01/09/2025 23:00,0,976,0,980,4,0
01/09/2025 23:15,0,740,0,780,40,0
01/09/2025 23:30,0,845,0,884,39,0
01/09/2025 23:45,0,835,0,842,7,0
01/10/2025 00:00,0,712,0,755,43,0
01/10/2025 00:15,0,567,0,575,8,0
01/10/2025 00:30,0,771,0,818,47,0
01/10/2025 00:45,0,723,0,731,8,0
01/10/2025 01:00,0,557,0,601,44,0
01/10/2025 01:15,0,856,0,899,43,0
01/10/2025 01:30,0,572,0,577,5,0
01/10/2025 01:45,0,724,0,766,42,0
01/10/2025 02:00,0,850,0,892,42,0
01/10/2025 02:15,0,616,0,656,40,0
01/10/2025 02:30,0,656,0,698,42,0
01/10/2025 02:45,0,723,0,767,44,0
01/10/2025 03:00,0,697,0,705,8,0
01/10/2025 03:15,0,518,0,558,40,0
01/10/2025 03:30,0,839,0,851,12,0
01/10/2025 03:45,0,567,0,579,12,0
01/10/2025 04:00,0,530,0,540,10,0
01/10/2025 04:15,0,718,0,766,48,0
01/10/2025 04:30,0,721,0,735,14,0
01/10/2025 04:45,0,643,0,675,32,0
01/10/2025 05:00,0,868,0,912,44,0
01/10/2025 05:15,0,540,0,552,12,0
01/10/2025 05:30,0,709,0,721,12,0
01/10/2025 05:45,0,694,0,706,12,0
01/10/2025 06:00,0,642,0,686,44,0
01/10/2025 06:15,0,589,0,627,38,0
01/10/2025 06:30,0,1143,0,1147,4,0
01/10/2025 06:45,0,650,0,694,44,0
01/10/2025 07:00,0,848,0,858,10,0
01/10/2025 07:15,0,996,0,1014,18,0
01/10/2025 07:30,30,1011,0,1032,51,0
01/10/2025 07:45,61,878,0,883,66,0
01/10/2025 08:00,69,888,0,892,73,0
01/10/2025 08:15,78,940,0,937,75,0
01/10/2025 08:30,122,857,0,850,115,0
01/10/2025 08:45,154,876,0,873,151,0
01/10/2025 09:00,230,669,0,661,222,0
01/10/2025 09:15,331,753,0,746,324,0
01/10/2025 09:30,394,646,0,638,386,0
01/10/2025 09:45,481,802,0,797,476,0
01/10/2025 10:00,545,829,0,821,537,0
01/10/2025 10:15,640,666,0,580,554,0
01/10/2025 10:30,737,1003,0,822,556,0
01/10/2025 10:45,797,1994,0,1753,556,0
01/10/2025 11:00,828,1813,0,1547,562,0
01/10/2025 11:15,877,741,0,598,734,0
01/10/2025 11:30,904,649,0,538,793,0
01/10/2025 11:45,899,547,0,465,817,0
01/10/2025 12:00,891,1512,0,1449,828,0
01/10/2025 12:15,899,1875,0,1818,842,0
01/10/2025 12:30,863,1175,0,1155,843,0
01/10/2025 12:45,832,633,0,629,828,0
01/10/2025 13:00,782,559,0,569,792,0
01/10/2025 13:15,685,545,0,573,713,0
01/10/2025 13:30,538,201,0,205,542,0
01/10/2025 13:45,382,372,0,379,389,0
01/10/2025 14:00,239,200,0,118,157,0
01/10/2025 14:15,171,683,0,528,16,0
01/10/2025 14:30,145,590,0,505,60,0
01/10/2025 14:45,114,379,0,277,12,0
01/10/2025 15:00,99,351,0,282,30,0
01/10/2025 15:15,77,453,0,399,23,0
01/10/2025 15:30,66,395,0,378,49,0
01/10/2025 15:45,49,360,0,323,12,0
01/10/2025 16:00,24,464,0,4,0,436
01/10/2025 16:15,8,569,0,3,0,558
01/10/2025 16:30,0,406,6,0,0,412
01/10/2025 16:45,0,141,0,6,0,135
01/10/2025 17:00,0,114,0,5,0,109
01/10/2025 17:15,0,381,0,6,0,375
01/10/2025 17:30,0,869,0,8,0,861
01/10/2025 17:45,0,581,2,0,0,583
01/10/2025 18:00,0,535,0,7,0,528
01/10/2025 18:15,0,593,0,7,0,586
01/10/2025 18:30,0,558,0,2,0,556
01/10/2025 18:45,0,588,0,9,0,579
01/10/2025 19:00,0,709,0,4,0,705
01/10/2025 19:15,0,436,0,7,0,429
01/10/2025 19:30,0,614,0,12,0,602
01/10/2025 19:45,0,556,0,8,0,548
01/10/2025 20:00,0,800,0,776,28,52
01/10/2025 20:15,0,947,0,949,2,0
01/10/2025 20:30,0,845,0,845,0,0
01/10/2025 20:45,0,599,0,599,0,0
01/10/2025 21:00,0,669,0,669,0,0
01/10/2025 21:15,0,708,0,708,0,0
01/10/2025 21:30,0,656,0,658,2,0
01/10/2025 21:45,0,767,0,769,2,0
01/10/2025 22:00,0,683,0,683,0,0
01/10/2025 22:15,0,627,0,627,0,0
01/10/2025 22:30,0,214,0,215,1,0
01/10/2025 22:45,0,204,0,205,1,0
01/10/2025 23:00,0,484,0,484,0,0
01/10/2025 23:15,0,759,0,761,2,0
01/10/2025 23:30,0,296,0,296,0,0
01/10/2025 23:45,0,185,0,185,0,0
01/11/2025 00:00,0,429,0,429,0,0
01/11/2025 00:15,0,695,0,696,1,0
01/11/2025 00:30,0,507,0,508,1,0
01/11/2025 00:45,0,605,0,607,2,0
01/11/2025 01:00,0,778,0,778,0,0
01/11/2025 01:15,0,579,0,583,4,0
01/11/2025 01:30,0,489,0,489,0,0
01/11/2025 01:45,0,602,0,606,4,0
01/11/2025 02:00,0,675,0,677,2,0
01/11/2025 02:15,0,520,0,522,2,0
01/11/2025 02:30,0,705,0,705,0,0
01/11/2025 02:45,0,656,0,658,2,0
01/11/2025 03:00,0,576,0,580,4,0
01/11/2025 03:15,0,653,0,655,2,0
01/11/2025 03:30,0,558,0,562,4,0
01/11/2025 03:45,0,602,0,604,2,0
01/11/2025 04:00,0,804,0,808,4,0
01/11/2025 04:15,0,504,0,506,2,0
01/11/2025 04:30,0,488,0,492,4,0
01/11/2025 04:45,0,716,0,718,2,0
01/11/2025 05:00,0,537,0,541,4,0
01/11/2025 05:15,0,112,0,116,4,0
01/11/2025 05:30,0,375,0,377,2,0
01/11/2025 05:45,0,523,0,527,4,0
01/11/2025 06:00,0,121,0,123,2,0
01/11/2025 06:15,0,228,0,232,4,0
01/11/2025 06:30,0,1006,0,1010,4,0
01/11/2025 06:45,0,834,0,836,2,0
01/11/2025 07:00,0,813,0,815,2,0
01/11/2025 07:15,0,1114,0,1116,2,0
01/11/2025 07:30,0,924,0,926,2,0
01/11/2025 07:45,0,831,0,831,0,0
01/11/2025 08:00,0,217,0,221,4,0
01/11/2025 08:15,0,283,0,285,2,0
01/11/2025 08:30,0,392,0,392,0,0
01/11/2025 08:45,1,348,0,347,0,0
01/11/2025 09:00,1,406,0,405,0,0
01/11/2025 09:15,0,120,0,122,2,0
01/11/2025 09:30,0,101,0,104,3,0
01/11/2025 09:45,0,123,0,129,6,0
01/11/2025 10:00,0,110,0,115,5,0
01/11/2025 10:15,1,99,0,102,4,0
01/11/2025 10:30,0,101,0,105,4,0
01/11/2025 10:45,0,111,0,114,3,0
01/11/2025 11:00,0,117,0,118,1,0
01/11/2025 11:15,2,148,0,148,2,0
01/11/2025 11:30,11,102,0,95,4,0
01/11/2025 11:45,18,102,0,90,6,0
01/11/2025 12:00,15,129,0,121,7,0
01/11/2025 12:15,18,102,0,91,7,0
01/11/2025 12:30,22,126,0,117,13,0
01/11/2025 12:45,23,112,0,102,13,0
01/11/2025 13:00,24,100,0,92,16,0
01/11/2025 13:15,16,100,0,104,20,0
01/11/2025 13:30,16,111,0,113,18,0
01/11/2025 13:45,15,120,0,125,20,0
01/11/2025 14:00,11,103,0,110,18,0
01/11/2025 14:15,8,102,0,113,19,0
01/11/2025 14:30,5,105,0,116,16,0
01/11/2025 14:45,2,120,0,132,14,0
01/11/2025 15:00,1,102,0,925,824,0
01/11/2025 15:15,0,102,0,1035,933,0
01/11/2025 15:30,0,103,0,1025,922,0
01/11/2025 15:45,0,114,0,733,619,0
01/11/2025 16:00,0,124,17,0,0,141
01/11/2025 16:15,0,113,0,6,0,107
01/11/2025 16:30,0,149,0,6,0,143
01/11/2025 16:45,0,130,0,5,0,125
01/11/2025 17:00,0,126,4,0,0,130
01/11/2025 17:15,0,187,0,11,0,176
01/11/2025 17:30,0,659,0,14,0,645
01/11/2025 17:45,0,694,1,0,0,695
01/11/2025 18:00,0,658,0,10,0,648
01/11/2025 18:15,0,673,0,1,0,672
01/11/2025 18:30,0,621,0,444,6,183
01/11/2025 18:45,0,585,0,589,4,0
01/11/2025 19:00,0,600,0,600,0,0
01/11/2025 19:15,0,552,0,552,0,0
01/11/2025 19:30,0,470,0,471,1,0
01/11/2025 19:45,0,127,0,128,1,0
01/11/2025 20:00,0,151,0,151,0,0
01/11/2025 20:15,0,143,0,143,0,0
01/11/2025 20:30,0,125,0,125,0,0
01/11/2025 20:45,0,122,0,126,4,0
01/11/2025 21:00,0,122,0,124,2,0
01/11/2025 21:15,0,145,0,209,64,0
01/11/2025 21:30,0,331,0,341,10,0
01/11/2025 21:45,0,600,0,610,10,0
01/11/2025 22:00,0,792,0,803,11,0
01/11/2025 22:15,0,893,0,904,11,0
01/11/2025 22:30,0,738,0,748,10,0
01/11/2025 22:45,0,684,0,695,11,0
01/11/2025 23:00,0,542,0,552,10,0
01/11/2025 23:15,0,544,0,554,10,0
01/11/2025 23:30,0,583,0,591,8,0
01/11/2025 23:45,0,555,0,563,8,0
01/12/2025 00:00,0,114,0,162,48,0
01/12/2025 00:15,0,180,0,186,6,0
01/12/2025 00:30,0,565,0,607,42,0
01/12/2025 00:45,0,347,0,360,13,0
01/12/2025 01:00,0,108,0,120,12,0
01/12/2025 01:15,0,426,0,468,42,0
01/12/2025 01:30,0,664,0,707,43,0
01/12/2025 01:45,0,605,0,613,8,0
01/12/2025 02:00,0,554,0,598,44,0
01/12/2025 02:15,0,571,0,573,2,0
01/12/2025 02:30,0,666,0,712,46,0
01/12/2025 02:45,0,683,0,731,48,0
01/12/2025 03:00,0,675,0,681,6,0
01/12/2025 03:15,0,539,0,588,49,0
01/12/2025 03:30,0,630,0,637,7,0
01/12/2025 03:45,0,601,0,647,46,0
01/12/2025 04:00,0,570,0,608,38,0
01/12/2025 04:15,0,597,0,605,8,0
01/12/2025 04:30,0,632,0,674,42,0
01/12/2025 04:45,0,539,0,553,14,0
01/12/2025 05:00,0,525,0,538,13,0
01/12/2025 05:15,0,528,0,539,11,0
01/12/2025 05:30,0,617,0,629,12,0
01/12/2025 05:45,0,596,0,608,12,0
01/12/2025 06:00,0,695,0,707,12,0
01/12/2025 06:15,0,642,0,654,12,0
01/12/2025 06:30,0,704,0,750,46,0
01/12/2025 06:45,0,771,0,773,2,0
01/12/2025 07:00,0,600,0,677,77,0
01/12/2025 07:15,0,592,0,601,9,0
01/12/2025 07:30,0,600,0,642,42,0
01/12/2025 07:45,0,608,0,615,7,0
01/12/2025 08:00,0,626,0,671,45,0
01/12/2025 08:15,0,571,0,582,11,0
01/12/2025 08:30,1,525,0,534,10,0
01/12/2025 08:45,2,548,0,557,11,0
01/12/2025 09:00,6,577,0,619,48,0
01/12/2025 09:15,14,563,0,573,24,0
01/12/2025 09:30,24,609,0,613,28,0
01/12/2025 09:45,33,551,0,548,30,0
01/12/2025 10:00,47,566,0,555,36,0
01/12/2025 10:15,63,541,0,533,55,0
01/12/2025 10:30,80,551,0,553,82,0
01/12/2025 10:45,103,522,0,513,94,0
01/12/2025 11:00,164,479,0,469,154,0
01/12/2025 11:15,231,488,0,481,224,0
01/12/2025 11:30,295,511,0,503,287,0
01/12/2025 11:45,342,1357,0,1348,333,0
01/12/2025 12:00,379,980,0,977,376,0
01/12/2025 12:15,428,741,0,733,420,0
01/12/2025 12:30,472,670,0,665,467,0
01/12/2025 12:45,525,684,0,681,522,0
01/12/2025 13:00,539,540,0,541,540,0
01/12/2025 13:15,508,620,0,622,510,0
01/12/2025 13:30,419,539,0,540,420,0
01/12/2025 13:45,320,556,0,561,325,0
01/12/2025 14:00,208,536,0,546,218,0
01/12/2025 14:15,135,484,0,493,144,0
01/12/2025 14:30,111,552,0,559,118,0
01/12/2025 14:45,83,532,0,541,92,0
01/12/2025 15:00,70,612,0,1286,744,0
01/12/2025 15:15,52,600,0,1388,840,0
01/12/2025 15:30,45,483,0,1292,854,0
01/12/2025 15:45,36,501,0,1060,595,0
01/12/2025 16:00,15,549,6,0,1,541
01/12/2025 16:15,6,522,1,0,0,517
01/12/2025 16:30,0,573,0,7,0,566
01/12/2025 16:45,0,658,0,10,0,648
01/12/2025 17:00,0,684,0,12,0,672
01/12/2025 17:15,0,614,0,7,0,607
01/12/2025 17:30,0,684,3,0,0,687
01/12/2025 17:45,0,717,0,4,0,713
01/12/2025 18:00,0,530,0,6,0,524
01/12/2025 18:15,0,521,0,6,0,515
01/12/2025 18:30,0,518,0,16,1,503
01/12/2025 18:45,0,646,0,654,8,0
01/12/2025 19:00,0,665,0,667,2,0
01/12/2025 19:15,0,642,0,642,0,0
01/12/2025 19:30,0,661,0,662,1,0
01/12/2025 19:45,0,667,0,667,0,0
01/12/2025 20:00,0,708,0,709,1,0
01/12/2025 20:15,0,678,0,678,0,0
01/12/2025 20:30,0,624,0,624,0,0
01/12/2025 20:45,0,620,0,620,0,0
01/12/2025 21:00,0,557,0,557,0,0
01/12/2025 21:15,0,627,0,629,2,0
01/12/2025 21:30,0,878,0,878,0,0
01/12/2025 21:45,0,616,0,669,53,0
01/12/2025 22:00,0,652,0,664,12,0
01/12/2025 22:15,0,608,0,620,12,0
01/12/2025 22:30,0,704,0,716,12,0
01/12/2025 22:45,0,701,0,712,11,0
01/12/2025 23:00,0,613,0,624,11,0
01/12/2025 23:15,0,589,0,594,5,0
01/12/2025 23:30,0,568,0,612,44,0
01/12/2025 23:45,0,494,0,546,52,0
01/13/2025 00:00,0,525,0,537,12,0
01/13/2025 00:15,0,693,0,705,12,0
01/13/2025 00:30,0,571,0,585,14,0
01/13/2025 00:45,0,580,0,592,12,0
01/13/2025 01:00,0,657,0,669,12,0
01/13/2025 01:15,0,675,0,686,11,0
01/13/2025 01:30,0,663,0,676,13,0
01/13/2025 01:45,0,630,0,678,48,0
01/13/2025 02:00,0,535,0,544,9,0
01/13/2025 02:15,0,555,0,600,45,0
01/13/2025 02:30,0,549,0,591,42,0
01/13/2025 02:45,0,485,0,490,5,0
01/13/2025 03:00,0,594,0,637,43,0
01/13/2025 03:15,0,686,0,726,40,0
01/13/2025 03:30,0,563,0,607,44,0
01/13/2025 03:45,0,625,0,631,6,0
01/13/2025 04:00,0,633,0,675,42,0
01/13/2025 04:15,0,662,0,706,44,0
01/13/2025 04:30,0,517,0,562,45,0
01/13/2025 04:45,0,524,0,531,7,0
01/13/2025 05:00,0,654,0,698,44,0
01/13/2025 05:15,0,569,0,575,6,0
01/13/2025 05:30,0,521,0,567,46,0
01/13/2025 05:45,0,621,0,629,8,0
01/13/2025 06:00,0,664,0,710,46,0
01/13/2025 06:15,0,654,0,660,6,0
01/13/2025 06:30,0,670,0,716,46,0
01/13/2025 06:45,0,665,0,671,6,0
01/13/2025 07:00,0,734,0,779,45,0
01/13/2025 07:15,0,620,0,660,40,0
01/13/2025 07:30,12,568,0,566,10,0
01/13/2025 07:45,30,581,0,572,21,0
01/13/2025 08:00,42,530,0,529,41,0
01/13/2025 08:15,56,558,0,550,48,0
01/13/2025 08:30,78,631,0,623,70,0
01/13/2025 08:45,88,610,0,602,80,0
01/13/2025 09:00,118,679,0,672,111,0
01/13/2025 09:15,160,652,0,652,160,0
01/13/2025 09:30,192,635,0,627,184,0
01/13/2025 09:45,230,548,0,540,222,0
01/13/2025 10:00,317,488,0,482,311,0
01/13/2025 10:15,244,570,0,580,254,0
01/13/2025 10:30,188,507,0,512,193,0
01/13/2025 10:45,184,493,0,501,192,0
01/13/2025 11:00,196,495,0,492,193,0
01/13/2025 11:15,205,496,0,499,208,0
01/13/2025 11:30,216,535,0,531,212,0
01/13/2025 11:45,232,541,0,537,228,0
01/13/2025 12:00,265,553,0,546,258,0
01/13/2025 12:15,277,688,0,683,272,0
01/13/2025 12:30,310,578,0,570,302,0
01/13/2025 12:45,334,526,0,525,333,0
01/13/2025 13:00,314,728,0,734,320,0
01/13/2025 13:15,273,711,0,718,280,0
01/13/2025 13:30,270,566,0,568,272,0
01/13/2025 13:45,262,549,0,552,265,0
01/13/2025 14:00,244,531,0,538,251,0
01/13/2025 14:15,178,1143,0,1151,186,0
01/13/2025 14:30,153,833,0,842,162,0
01/13/2025 14:45,133,805,0,814,142,0
01/13/2025 15:00,103,1264,0,1992,831,0
01/13/2025 15:15,84,1974,0,2817,927,0
01/13/2025 15:30,57,1842,0,2736,951,0
01/13/2025 15:45,41,621,0,1230,650,0
01/13/2025 16:00,17,622,0,1,2,606
01/13/2025 16:15,1,641,0,5,0,635
01/13/2025 16:30,0,610,0,2,0,608
01/13/2025 16:45,0,565,1,0,0,566
01/13/2025 17:00,0,874,0,10,0,864
01/13/2025 17:15,0,701,0,3,0,698
01/13/2025 17:30,0,627,0,1,0,626
01/13/2025 17:45,0,695,0,2,0,693
01/13/2025 18:00,0,395,0,1,0,394
01/13/2025 18:15,0,382,0,17,0,365
01/13/2025 18:30,0,464,1,0,0,465
01/13/2025 18:45,0,675,0,234,3,444
01/13/2025 19:00,0,685,0,925,240,0
01/13/2025 19:15,0,822,0,833,11,0
01/13/2025 19:30,0,671,0,742,71,0
01/13/2025 19:45,0,262,0,270,8,0
01/13/2025 20:00,0,548,0,550,2,0
01/13/2025 20:15,0,1996,0,2078,82,0
01/13/2025 20:30,0,1831,0,1838,7,0
01/13/2025 20:45,0,619,0,619,0,0
01/13/2025 21:00,0,724,0,804,80,0
01/13/2025 21:15,0,578,0,581,4,1
01/13/2025 21:30,0,499,0,499,0,0
01/13/2025 21:45,0,915,0,989,74,0
01/13/2025 22:00,0,343,0,344,1,0
01/13/2025 22:15,0,611,0,616,5,0
01/13/2025 22:30,0,350,0,424,74,0
01/13/2025 22:45,0,650,0,656,6,0
01/13/2025 23:00,0,438,0,505,67,0
01/13/2025 23:15,0,587,0,597,10,0
01/13/2025 23:30,0,276,0,280,4,0
01/13/2025 23:45,0,273,0,275,2,0
01/14/2025 00:00,0,678,0,750,72,0
01/14/2025 00:15,0,436,0,447,11,0
01/14/2025 00:30,0,121,0,134,13,0
01/14/2025 00:45,0,435,0,446,11,0
01/14/2025 01:00,0,684,0,696,12,0
01/14/2025 01:15,0,643,0,707,64,0
01/14/2025 01:30,0,559,0,573,14,0
01/14/2025 01:45,0,661,0,673,12,0
01/14/2025 02:00,0,554,0,567,13,0
01/14/2025 02:15,0,658,0,670,12,0
01/14/2025 02:30,0,647,0,659,12,0
01/14/2025 02:45,0,502,0,514,12,0
01/14/2025 03:00,0,561,0,573,12,0
01/14/2025 03:15,0,742,0,754,12,0
01/14/2025 03:30,0,530,0,542,12,0
01/14/2025 03:45,0,592,0,605,13,0
01/14/2025 04:00,0,673,0,734,61,0
01/14/2025 04:15,0,668,0,681,13,0
01/14/2025 04:30,0,674,0,686,12,0
01/14/2025 04:45,0,657,0,669,12,0
01/14/2025 05:00,0,526,0,536,10,0
01/14/2025 05:15,0,560,0,568,8,0
01/14/2025 05:30,0,760,0,766,6,0
01/14/2025 05:45,0,599,0,645,46,0
01/14/2025 06:00,0,626,0,666,40,0
01/14/2025 06:15,0,567,0,611,44,0
01/14/2025 06:30,0,738,0,741,3,0
01/14/2025 06:45,0,915,0,958,43,0
01/14/2025 07:00,0,887,0,929,42,0
01/14/2025 07:15,1,669,0,708,40,0
01/14/2025 07:30,24,828,0,823,19,0
01/14/2025 07:45,59,839,0,838,58,0
01/14/2025 08:00,63,780,0,781,64,0
01/14/2025 08:15,77,767,0,766,76,0
01/14/2025 08:30,115,820,0,815,110,0
01/14/2025 08:45,142,752,0,746,136,0
01/14/2025 09:00,191,767,0,759,183,0
01/14/2025 09:15,280,690,0,685,275,0
01/14/2025 09:30,328,623,0,618,323,0
01/14/2025 09:45,389,713,0,706,382,0
01/14/2025 10:00,454,762,0,753,445,0
01/14/2025 10:15,549,581,0,562,530,0
01/14/2025 10:30,656,632,0,644,668,0
01/14/2025 10:45,713,620,0,616,709,0
01/14/2025 11:00,765,120,0,115,760,0
01/14/2025 11:15,806,245,0,244,805,0
01/14/2025 11:30,841,655,0,651,837,0
01/14/2025 11:45,849,758,0,753,844,0
01/14/2025 12:00,852,654,0,639,837,0
01/14/2025 12:15,878,687,0,638,829,0
01/14/2025 12:30,833,529,0,499,803,0
01/14/2025 12:45,572,552,0,528,548,0
01/14/2025 13:00,797,621,0,523,699,0
01/14/2025 13:15,684,546,0,474,612,0
01/14/2025 13:30,568,574,0,510,504,0
01/14/2025 13:45,417,348,0,268,337,0
01/14/2025 14:00,254,565,0,433,122,0
01/14/2025 14:15,248,587,0,391,52,0
01/14/2025 14:30,283,606,0,407,84,0
01/14/2025 14:45,260,805,0,582,37,0
01/14/2025 15:00,236,739,0,540,37,0
01/14/2025 15:15,172,905,0,772,39,0
01/14/2025 15:30,132,726,0,621,27,0
01/14/2025 15:45,81,491,0,466,56,0
01/14/2025 16:00,43,621,35,0,0,613
01/14/2025 16:15,19,615,17,0,0,613
01/14/2025 16:30,1,681,0,2,0,678
01/14/2025 16:45,0,664,0,11,0,653
01/14/2025 17:00,0,834,0,0,0,834
01/14/2025 17:15,0,585,1,0,0,586
01/14/2025 17:30,0,648,0,11,0,637
01/14/2025 17:45,0,676,1,0,0,677
01/14/2025 18:00,0,570,0,5,0,565
01/14/2025 18:15,0,702,0,8,0,694
01/14/2025 18:30,0,570,0,5,0,565
01/14/2025 18:45,0,603,0,11,0,592
01/14/2025 19:00,0,666,0,5,0,661
01/14/2025 19:15,0,714,0,7,0,707
01/14/2025 19:30,0,980,0,120,0,860
01/14/2025 19:45,0,700,0,708,8,0
01/14/2025 20:00,0,600,0,600,0,0
01/14/2025 20:15,0,732,0,732,0,0
01/14/2025 20:30,0,588,0,588,0,0
01/14/2025 20:45,0,583,0,583,0,0
01/14/2025 21:00,0,755,0,755,0,0
01/14/2025 21:15,0,791,0,791,0,0
01/14/2025 21:30,0,721,0,723,2,0
01/14/2025 21:45,0,805,0,807,2,0
01/14/2025 22:00,0,239,0,239,0,0
01/14/2025 22:15,0,169,0,171,2,0
01/14/2025 22:30,0,537,0,537,0,0
01/14/2025 22:45,0,680,0,736,56,0
01/14/2025 23:00,0,591,0,591,0,0
01/14/2025 23:15,0,508,0,551,43,0
01/14/2025 23:30,0,330,0,373,43,0
01/14/2025 23:45,0,161,0,172,11,0
01/15/2025 00:00,0,602,0,614,12,0
01/15/2025 00:15,0,720,0,734,14,0
01/15/2025 00:30,0,659,0,673,14,0
01/15/2025 00:45,0,779,0,791,12,0
01/15/2025 01:00,0,560,0,572,12,0
01/15/2025 01:15,0,768,0,780,12,0
01/15/2025 01:30,0,778,0,824,46,0
01/15/2025 01:45,0,553,0,593,40,0
01/15/2025 02:00,0,687,0,690,3,0
01/15/2025 02:15,0,716,0,759,43,0
01/15/2025 02:30,0,644,0,654,10,0
01/15/2025 02:45,0,672,0,708,36,0
01/15/2025 03:00,0,614,0,658,44,0
01/15/2025 03:15,0,806,0,814,8,0
01/15/2025 03:30,0,764,0,806,42,0
01/15/2025 03:45,0,541,0,583,42,0
01/15/2025 04:00,0,767,0,808,41,0
01/15/2025 04:15,0,738,0,750,12,0
01/15/2025 04:30,0,691,0,731,40,0
01/15/2025 04:45,0,685,0,698,13,0
01/15/2025 05:00,0,560,0,573,13,0
01/15/2025 05:15,0,707,0,720,13,0
01/15/2025 05:30,0,715,0,727,12,0
01/15/2025 05:45,0,703,0,748,45,0
01/15/2025 06:00,0,801,0,841,40,0
01/15/2025 06:15,0,569,0,610,41,0
01/15/2025 06:30,0,1186,0,1227,41,0
01/15/2025 06:45,0,670,0,708,38,0
01/15/2025 07:00,0,799,0,843,44,0
01/15/2025 07:15,1,1006,0,1047,42,0
01/15/2025 07:30,30,989,0,986,27,0
01/15/2025 07:45,70,927,0,931,74,0
01/15/2025 08:00,71,855,0,856,72,0
01/15/2025 08:15,84,1161,0,1154,77,0
01/15/2025 08:30,122,1258,0,1252,116,0
01/15/2025 08:45,154,1074,0,1071,151,0
01/15/2025 09:00,205,1597,0,1592,200,0
01/15/2025 09:15,309,2205,0,2204,308,0
01/15/2025 09:30,379,1451,0,1444,372,0
01/15/2025 09:45,444,837,0,833,440,0
01/15/2025 10:00,501,1063,0,1060,498,0
01/15/2025 10:15,631,765,0,690,556,0
01/15/2025 10:30,651,1058,0,960,553,0
01/15/2025 10:45,755,674,0,477,558,0
01/15/2025 11:00,795,663,0,428,560,0
01/15/2025 11:15,839,761,0,481,559,0
01/15/2025 11:30,867,591,0,285,561,0
01/15/2025 11:45,873,716,0,403,560,0
01/15/2025 12:00,878,555,0,249,572,0
01/15/2025 12:15,903,320,0,86,669,0
01/15/2025 12:30,886,462,0,265,689,0
01/15/2025 12:45,852,652,0,487,687,0
01/15/2025 13:00,797,810,0,682,669,0
01/15/2025 13:15,717,771,0,705,651,0
01/15/2025 13:30,586,813,0,838,611,0
01/15/2025 13:45,445,571,0,570,444,0
01/15/2025 14:00,332,440,0,443,335,0
01/15/2025 14:15,249,477,0,476,248,0
01/15/2025 14:30,196,138,0,331,389,0
01/15/2025 14:45,182,639,0,764,307,0
01/15/2025 15:00,163,785,0,788,166,0
01/15/2025 15:15,141,692,0,608,57,0
01/15/2025 15:30,118,745,0,643,16,0
01/15/2025 15:45,79,581,0,547,45,0
01/15/2025 16:00,40,792,15,0,1,768
01/15/2025 16:15,13,670,13,0,0,670
01/15/2025 16:30,0,669,0,4,0,665
01/15/2025 16:45,0,793,0,5,0,788
01/15/2025 17:00,0,569,0,6,0,563
01/15/2025 17:15,0,569,0,0,0,569
01/15/2025 17:30,0,681,0,1,0,680
01/15/2025 17:45,0,573,0,7,0,566
01/15/2025 18:00,0,749,0,12,0,737
01/15/2025 18:15,0,791,0,5,0,786
01/15/2025 18:30,0,696,0,3,0,693
01/15/2025 18:45,0,903,0,10,0,893
01/15/2025 19:00,0,828,0,10,0,818
01/15/2025 19:15,0,806,0,57,0,749
01/15/2025 19:30,0,792,0,799,7,0
01/15/2025 19:45,0,614,0,617,3,0
01/15/2025 20:00,0,676,0,677,1,0
01/15/2025 20:15,0,760,0,760,0,0
01/15/2025 20:30,0,641,0,643,2,0
01/15/2025 20:45,0,637,0,637,0,0
01/15/2025 21:00,0,739,0,739,0,0
01/15/2025 21:15,0,976,0,976,0,0
01/15/2025 21:30,0,923,0,924,1,0
01/15/2025 21:45,0,830,0,830,0,0
01/15/2025 22:00,0,265,0,319,54,0
01/15/2025 22:15,0,186,0,188,2,0
01/15/2025 22:30,0,667,0,715,48,0
01/15/2025 22:45,0,685,0,689,4,0
01/15/2025 23:00,0,403,0,442,39,0
01/15/2025 23:15,0,590,0,632,42,0
01/15/2025 23:30,0,318,0,358,40,0
01/15/2025 23:45,0,810,0,810,0,0
01/16/2025 00:00,0,993,0,1034,41,0
01/16/2025 00:15,0,643,0,683,40,0
01/16/2025 00:30,0,749,0,754,5,0
01/16/2025 00:45,0,958,0,999,41,0
01/16/2025 01:00,0,805,0,805,0,0
01/16/2025 01:15,0,781,0,824,43,0
01/16/2025 01:30,0,583,0,625,42,0
01/16/2025 01:45,0,880,0,890,10,0
01/16/2025 02:00,0,790,0,802,12,0
01/16/2025 02:15,0,570,0,584,14,0
01/16/2025 02:30,0,759,0,801,42,0
01/16/2025 02:45,0,775,0,776,1,0
01/16/2025 03:00,0,671,0,712,41,0
01/16/2025 03:15,0,725,0,736,11,0
01/16/2025 03:30,0,676,0,689,13,0
01/16/2025 03:45,0,834,0,846,12,0
01/16/2025 04:00,0,817,0,829,12,0
01/16/2025 04:15,0,730,0,741,11,0
01/16/2025 04:30,0,692,0,703,11,0
01/16/2025 04:45,0,645,0,695,50,0
01/16/2025 05:00,0,988,0,1000,12,0
01/16/2025 05:15,0,631,0,639,8,0
01/16/2025 05:30,0,713,0,722,9,0
01/16/2025 05:45,0,774,0,811,37,0
01/16/2025 06:00,0,894,0,924,30,0
01/16/2025 06:15,0,951,0,997,46,0
01/16/2025 06:30,0,1371,0,1385,14,0
01/16/2025 06:45,0,726,0,738,12,0
01/16/2025 07:00,0,1226,0,1234,8,0
01/16/2025 07:15,5,1020,0,1066,51,0
01/16/2025 07:30,52,1076,0,1068,44,0
01/16/2025 07:45,108,1015,0,1007,100,0
01/16/2025 08:00,127,945,0,943,125,0
01/16/2025 08:15,136,936,0,933,133,0
01/16/2025 08:30,210,1058,0,1051,203,0
01/16/2025 08:45,222,1067,0,1065,220,0
01/16/2025 09:00,268,1029,0,1023,262,0
01/16/2025 09:15,301,885,0,887,303,0
01/16/2025 09:30,425,757,0,751,419,0
01/16/2025 09:45,525,319,0,313,519,0
01/16/2025 10:00,541,683,0,687,545,0
01/16/2025 10:15,581,876,0,841,546,0
01/16/2025 10:30,507,648,0,675,534,0
01/16/2025 10:45,519,645,0,652,526,0
01/16/2025 11:00,436,982,0,988,442,0
01/16/2025 11:15,421,729,0,731,423,0
01/16/2025 11:30,537,815,0,809,531,0
01/16/2025 11:45,654,693,0,588,549,0
01/16/2025 12:00,916,633,0,267,550,0
01/16/2025 12:15,924,727,0,352,549,0
01/16/2025 12:30,719,648,0,483,554,0
01/16/2025 12:45,754,642,0,514,626,0
01/16/2025 13:00,409,691,0,720,438,0
01/16/2025 13:15,403,672,0,671,402,0
01/16/2025 13:30,426,779,0,776,423,0
01/16/2025 13:45,496,954,0,956,498,0
01/16/2025 14:00,405,1102,0,1101,404,0
01/16/2025 14:15,359,927,0,930,362,0
01/16/2025 14:30,286,1006,0,1220,500,0
01/16/2025 14:45,241,723,0,892,410,0
01/16/2025 15:00,237,787,0,910,360,0
01/16/2025 15:15,167,634,0,754,287,0
01/16/2025 15:30,136,509,0,447,74,0
01/16/2025 15:45,90,594,0,538,34,0
01/16/2025 16:00,59,686,41,0,0,668
01/16/2025 16:15,34,586,30,0,0,582
01/16/2025 16:30,5,635,0,4,0,626
01/16/2025 16:45,0,782,0,6,0,776
01/16/2025 17:00,0,758,0,11,0,747
01/16/2025 17:15,0,770,1,0,0,771
01/16/2025 17:30,0,816,0,5,0,811
01/16/2025 17:45,0,712,0,8,0,704
01/16/2025 18:00,0,576,0,1,0,575
01/16/2025 18:15,0,574,0,6,0,568
01/16/2025 18:30,0,710,0,9,0,701
01/16/2025 18:45,0,768,0,9,0,759
01/16/2025 19:00,0,865,0,5,0,860
01/16/2025 19:15,0,745,0,3,0,742
01/16/2025 19:30,0,672,0,709,76,39
01/16/2025 19:45,0,722,0,817,95,0
01/16/2025 20:00,0,679,0,681,2,0
01/16/2025 20:15,0,662,0,734,72,0
01/16/2025 20:30,0,659,0,663,4,0
01/16/2025 20:45,0,571,0,638,67,0
01/16/2025 21:00,0,596,0,602,6,0
01/16/2025 21:15,0,595,0,595,0,0
01/16/2025 21:30,0,684,0,745,61,0
01/16/2025 21:45,0,653,0,721,68,0
01/16/2025 22:00,0,368,0,372,4,0
01/16/2025 22:15,0,663,0,722,59,0
01/16/2025 22:30,0,566,0,634,68,0
01/16/2025 22:45,0,130,0,134,4,0
01/16/2025 23:00,0,130,0,186,56,0
01/16/2025 23:15,0,501,0,568,67,0
01/16/2025 23:30,0,857,0,864,7,0
01/16/2025 23:45,0,644,0,662,18,0
01/17/2025 00:00,0,665,0,715,50,0
01/17/2025 00:15,0,626,0,638,12,0
01/17/2025 00:30,0,701,0,715,14,0
01/17/2025 00:45,0,605,0,617,12,0
01/17/2025 01:00,0,684,0,694,10,0
01/17/2025 01:15,0,552,0,564,12,0
01/17/2025 01:30,0,727,0,739,12,0
01/17/2025 01:45,0,720,0,732,12,0
01/17/2025 02:00,0,609,0,657,48,0
01/17/2025 02:15,0,642,0,682,40,0
01/17/2025 02:30,0,803,0,843,40,0
01/17/2025 02:45,0,672,0,714,42,0
01/17/2025 03:00,0,603,0,633,30,0
01/17/2025 03:15,0,735,0,754,19,0
01/17/2025 03:30,0,632,0,677,45,0
01/17/2025 03:45,0,772,0,812,40,0
01/17/2025 04:00,0,738,0,778,40,0
01/17/2025 04:15,0,570,0,598,28,0
01/17/2025 04:30,0,727,0,747,20,0
01/17/2025 04:45,0,934,0,980,46,0
01/17/2025 05:00,0,614,0,626,12,0
01/17/2025 05:15,0,634,0,646,12,0
01/17/2025 05:30,0,735,0,747,12,0
01/17/2025 05:45,0,753,0,802,49,0
01/17/2025 06:00,0,719,0,732,13,0
01/17/2025 06:15,0,641,0,660,19,0
01/17/2025 06:30,0,969,0,1012,43,0
01/17/2025 06:45,0,926,0,936,10,0
01/17/2025 07:00,0,664,0,672,8,0
01/17/2025 07:15,0,1214,0,1221,7,0
01/17/2025 07:30,27,976,0,969,20,0
01/17/2025 07:45,68,717,0,707,58,0
01/17/2025 08:00,71,1014,0,1016,73,0
01/17/2025 08:15,83,1016,0,1017,84,0
01/17/2025 08:30,116,1199,0,1187,104,0
01/17/2025 08:45,145,559,0,553,139,0
01/17/2025 09:00,182,628,0,619,173,0
01/17/2025 09:15,281,1079,0,1072,274,0
01/17/2025 09:30,375,1085,0,1076,366,0
01/17/2025 09:45,460,2176,0,2175,459,0
01/17/2025 10:00,531,2009,0,1999,521,0
01/17/2025 10:15,621,717,0,653,557,0
01/17/2025 10:30,731,863,0,690,558,0
01/17/2025 10:45,788,743,0,512,557,0
01/17/2025 11:00,833,650,0,376,559,0
01/17/2025 11:15,874,734,0,419,559,0
01/17/2025 11:30,901,682,0,340,559,0
01/17/2025 11:45,897,601,0,374,670,0
01/17/2025 12:00,894,536,0,361,719,0
01/17/2025 12:15,907,676,0,498,729,0
01/17/2025 12:30,883,556,0,408,735,0
01/17/2025 12:45,846,540,0,427,733,0
01/17/2025 13:00,794,588,0,509,715,0
01/17/2025 13:15,721,572,0,529,678,0
01/17/2025 13:30,604,516,0,534,622,0
01/17/2025 13:45,452,635,0,651,468,0
01/17/2025 14:00,310,628,0,629,311,0
01/17/2025 14:15,190,535,0,535,190,0
01/17/2025 14:30,156,731,0,744,169,0
01/17/2025 14:45,130,712,0,616,34,0
01/17/2025 15:00,111,841,0,778,48,0
01/17/2025 15:15,88,707,0,656,37,0
01/17/2025 15:30,79,608,0,550,21,0
01/17/2025 15:45,70,516,0,470,24,0
01/17/2025 16:00,36,528,16,0,0,508
01/17/2025 16:15,19,536,13,0,0,530
01/17/2025 16:30,3,579,0,8,0,568
01/17/2025 16:45,0,606,0,2,0,604
01/17/2025 17:00,0,607,0,10,0,597
01/17/2025 17:15,0,761,0,12,0,749
01/17/2025 17:30,0,836,0,5,0,831
01/17/2025 17:45,0,847,0,8,0,839
01/17/2025 18:00,0,845,0,4,0,841
01/17/2025 18:15,0,779,0,4,0,775
01/17/2025 18:30,0,670,0,8,0,662
01/17/2025 18:45,0,639,0,2,0,637
01/17/2025 19:00,0,638,0,5,0,633
01/17/2025 19:15,0,662,0,14,0,648
01/17/2025 19:30,0,650,0,328,4,326
01/17/2025 19:45,0,714,0,719,5,0
01/17/2025 20:00,0,737,0,738,1,0
01/17/2025 20:15,0,749,0,751,2,0
01/17/2025 20:30,0,763,0,766,3,0
01/17/2025 20:45,0,732,0,735,3,0
01/17/2025 21:00,0,559,0,562,3,0
01/17/2025 21:15,0,625,0,626,1,0
01/17/2025 21:30,0,641,0,641,0,0
01/17/2025 21:45,0,722,0,723,1,0
01/17/2025 22:00,0,500,0,501,1,0
01/17/2025 22:15,0,794,0,795,1,0
01/17/2025 22:30,0,590,0,648,58,0
01/17/2025 22:45,0,651,0,706,55,0
01/17/2025 23:00,0,159,0,170,11,0
01/17/2025 23:15,0,143,0,155,12,0
01/17/2025 23:30,0,206,0,218,12,0
01/17/2025 23:45,0,790,0,802,12,0
01/18/2025 00:00,0,530,0,593,63,0
01/18/2025 00:15,0,621,0,625,4,0
01/18/2025 00:30,0,744,0,744,0,0
01/18/2025 00:45,0,818,0,865,47,0
01/18/2025 01:00,0,658,0,664,6,0
01/18/2025 01:15,0,577,0,625,48,0
01/18/2025 01:30,0,631,0,679,48,0
01/18/2025 01:45,0,629,0,638,9,0
01/18/2025 02:00,0,696,0,741,45,0
01/18/2025 02:15,0,722,0,725,3,0
01/18/2025 02:30,0,621,0,665,44,0
01/18/2025 02:45,0,643,0,686,43,0
01/18/2025 03:00,0,824,0,865,41,0
01/18/2025 03:15,0,586,0,632,46,0
01/18/2025 03:30,0,567,0,575,8,0
01/18/2025 03:45,0,665,0,711,46,0
01/18/2025 04:00,0,668,0,672,4,0
01/18/2025 04:15,0,660,0,705,45,0
01/18/2025 04:30,0,668,0,713,45,0
01/18/2025 04:45,0,582,0,588,6,0
01/18/2025 05:00,0,718,0,764,46,0
01/18/2025 05:15,0,751,0,794,43,0
01/18/2025 05:30,0,566,0,608,42,0
01/18/2025 05:45,0,663,0,670,7,0
01/18/2025 06:00,0,637,0,682,45,0
01/18/2025 06:15,0,671,0,678,7,0
01/18/2025 06:30,0,879,0,924,45,0
01/18/2025 06:45,0,403,0,407,4,0
01/18/2025 07:00,0,224,0,268,44,0
01/18/2025 07:15,14,923,0,924,15,0
01/18/2025 07:30,59,802,0,790,47,0
01/18/2025 07:45,92,684,0,676,84,0
01/18/2025 08:00,97,1097,0,1100,100,0
01/18/2025 08:15,175,1039,0,1029,165,0
01/18/2025 08:30,274,896,0,896,274,0
01/18/2025 08:45,190,1244,0,1251,197,0
01/18/2025 09:00,208,1346,0,1343,205,0
01/18/2025 09:15,261,1308,0,1303,256,0
01/18/2025 09:30,430,1299,0,1298,429,0
01/18/2025 09:45,380,844,0,845,381,0
01/18/2025 10:00,289,1014,0,1019,294,0
01/18/2025 10:15,257,890,0,890,257,0
01/18/2025 10:30,334,765,0,766,335,0
01/18/2025 10:45,442,970,0,961,433,0
01/18/2025 11:00,446,881,0,889,454,0
01/18/2025 11:15,435,878,0,877,434,0
01/18/2025 11:30,302,641,0,645,306,0
01/18/2025 11:45,307,955,0,949,301,0
01/18/2025 12:00,317,654,0,662,325,0
01/18/2025 12:15,240,831,0,834,243,0
01/18/2025 12:30,251,1194,0,1189,246,0
01/18/2025 12:45,265,840,0,843,268,0
01/18/2025 13:00,216,858,0,858,216,0
01/18/2025 13:15,184,547,0,548,185,0
01/18/2025 13:30,163,486,0,488,165,0
01/18/2025 13:45,135,542,0,547,140,0
01/18/2025 14:00,97,444,0,447,100,0
01/18/2025 14:15,176,551,0,545,170,0
01/18/2025 14:30,147,547,0,1200,800,0
01/18/2025 14:45,75,441,0,1284,918,0
01/18/2025 15:00,66,476,0,1337,927,0
01/18/2025 15:15,25,542,0,1427,910,0
01/18/2025 15:30,15,558,0,1382,839,0
01/18/2025 15:45,6,464,0,1148,690,0
01/18/2025 16:00,1,442,0,823,382,0
01/18/2025 16:15,0,539,0,642,103,0
01/18/2025 16:30,0,475,0,557,82,0
01/18/2025 16:45,0,455,0,522,67,0
01/18/2025 17:00,0,580,0,607,27,0
01/18/2025 17:15,0,751,0,751,0,0
01/18/2025 17:30,0,540,0,558,18,0
01/18/2025 17:45,0,666,0,669,3,0
01/18/2025 18:00,0,575,0,618,43,0
01/18/2025 18:15,0,590,0,613,23,0
01/18/2025 18:30,0,613,0,651,38,0
01/18/2025 18:45,0,610,0,651,41,0
01/18/2025 19:00,0,585,0,606,21,0
01/18/2025 19:15,0,619,0,667,48,0
01/18/2025 19:30,0,770,0,802,32,0
01/18/2025 19:45,0,709,0,709,0,0
01/18/2025 20:00,0,476,0,486,10,0
01/18/2025 20:15,0,153,0,185,32,0
01/18/2025 20:30,0,155,0,180,25,0
01/18/2025 20:45,0,309,0,320,11,0
01/18/2025 21:00,0,645,0,680,35,0
01/18/2025 21:15,0,600,0,636,36,0
01/18/2025 21:30,0,558,0,566,8,0
01/18/2025 21:45,0,682,0,714,32,0
01/18/2025 22:00,0,634,0,655,21,0
01/18/2025 22:15,0,629,0,630,1,0
01/18/2025 22:30,0,120,0,162,42,0
01/18/2025 22:45,0,142,0,157,15,0
01/18/2025 23:00,0,392,0,412,20,0
01/18/2025 23:15,0,327,0,335,8,0
01/18/2025 23:30,0,147,0,147,0,0
01/18/2025 23:45,0,100,0,122,22,0
01/19/2025 00:00,0,107,0,123,16,0
01/19/2025 00:15,0,412,0,461,49,0
01/19/2025 00:30,0,596,0,600,4,0
01/19/2025 00:45,0,231,0,268,37,0
01/19/2025 01:00,0,245,0,271,26,0
01/19/2025 01:15,0,548,0,550,2,0
01/19/2025 01:30,0,558,0,573,15,0
01/19/2025 01:45,0,566,0,570,4,0
01/19/2025 02:00,0,547,0,561,14,0
01/19/2025 02:15,0,596,0,597,1,0
01/19/2025 02:30,0,535,0,542,7,0
01/19/2025 02:45,0,550,0,556,6,0
01/19/2025 03:00,0,561,0,569,8,0
01/19/2025 03:15,0,587,0,631,44,0
01/19/2025 03:30,0,558,0,586,28,0
01/19/2025 03:45,0,659,0,681,22,0
01/19/2025 04:00,0,575,0,591,16,0
01/19/2025 04:15,0,524,0,536,12,0
01/19/2025 04:30,0,603,0,621,18,0
01/19/2025 04:45,0,578,0,582,4,0
01/19/2025 05:00,0,537,0,559,22,0
01/19/2025 05:15,0,540,0,566,26,0
01/19/2025 05:30,0,537,0,567,30,0
01/19/2025 05:45,0,628,0,644,16,0
01/19/2025 06:00,0,596,0,622,26,0
01/19/2025 06:15,0,519,0,555,36,0
01/19/2025 06:30,0,642,0,650,8,0
01/19/2025 06:45,0,257,0,279,22,0
01/19/2025 07:00,0,375,0,381,6,0
01/19/2025 07:15,5,636,0,647,16,0
01/19/2025 07:30,45,1004,0,991,32,0
01/19/2025 07:45,115,743,0,651,23,0
01/19/2025 08:00,101,598,0,517,20,0
01/19/2025 08:15,108,785,0,681,4,0
01/19/2025 08:30,140,1239,0,1119,20,0
01/19/2025 08:45,183,2208,0,2032,7,0
01/19/2025 09:00,222,1744,0,1548,26,0
01/19/2025 09:15,342,834,0,519,27,0
01/19/2025 09:30,408,922,0,516,2,0
01/19/2025 09:45,483,975,0,537,45,0
01/19/2025 10:00,548,549,0,8,7,0
01/19/2025 10:15,638,474,146,0,18,0
01/19/2025 10:30,748,447,291,0,10,0
01/19/2025 10:45,815,436,363,0,16,0
01/19/2025 11:00,865,543,314,0,8,0
01/19/2025 11:15,900,624,272,0,4,0
01/19/2025 11:30,923,465,434,0,24,0
01/19/2025 11:45,934,438,472,0,24,0
01/19/2025 12:00,843,440,360,0,43,0
01/19/2025 12:15,872,640,223,0,9,0
01/19/2025 12:30,721,517,188,0,16,0
01/19/2025 12:45,663,664,0,3,2,0
01/19/2025 13:00,402,901,0,502,3,0
01/19/2025 13:15,317,1782,0,1478,13,0
01/19/2025 13:30,288,1592,0,1313,9,0
01/19/2025 13:45,245,369,0,167,43,0
01/19/2025 14:00,194,392,0,209,11,0
01/19/2025 14:15,244,401,0,184,27,0
01/19/2025 14:30,132,371,0,267,28,0
01/19/2025 14:45,43,395,0,366,14,0
01/19/2025 15:00,31,392,0,379,18,0
01/19/2025 15:15,21,382,0,365,4,0
01/19/2025 15:30,15,495,0,498,18,0
01/19/2025 15:45,15,580,0,583,18,0
01/19/2025 16:00,4,416,0,444,32,0
01/19/2025 16:15,3,417,0,418,4,0
01/19/2025 16:30,0,474,0,488,14,0
01/19/2025 16:45,0,472,0,483,11,0
01/19/2025 17:00,0,668,0,670,2,0
01/19/2025 17:15,0,649,0,671,22,0
01/19/2025 17:30,0,675,0,703,28,0
01/19/2025 17:45,0,677,0,723,46,0
01/19/2025 18:00,0,678,0,691,14,1
01/19/2025 18:15,0,633,0,642,9,0
01/19/2025 18:30,0,643,0,653,10,0
01/19/2025 18:45,0,850,0,852,2,0
01/19/2025 19:00,0,766,0,784,18,0
01/19/2025 19:15,0,734,0,734,0,0
01/19/2025 19:30,0,701,0,737,36,0
01/19/2025 19:45,0,418,0,424,6,0
01/19/2025 20:00,0,589,0,605,16,0
01/19/2025 20:15,0,441,0,474,33,0
01/19/2025 20:30,0,184,0,185,1,0
01/19/2025 20:45,0,256,0,288,32,0
01/19/2025 21:00,0,916,0,934,18,0
01/19/2025 21:15,0,978,0,990,12,0
01/19/2025 21:30,0,889,0,905,16,0
01/19/2025 21:45,0,776,0,787,11,0
01/19/2025 22:00,0,327,0,342,15,0
01/19/2025 22:15,0,204,0,216,12,0
01/19/2025 22:30,0,184,0,184,0,0
01/19/2025 22:45,0,595,0,608,13,0
01/19/2025 23:00,0,263,0,263,0,0
01/19/2025 23:15,0,575,0,589,14,0
01/19/2025 23:30,0,185,0,185,0,0
01/19/2025 23:45,0,613,0,625,12,0
01/20/2025 00:00,0,621,0,629,8,0
01/20/2025 00:15,0,540,0,558,18,0
01/20/2025 00:30,0,248,0,262,14,0
01/20/2025 00:45,0,567,0,581,14,0
01/20/2025 01:00,0,134,0,148,14,0
01/20/2025 01:15,0,216,0,234,18,0
01/20/2025 01:30,0,758,0,770,12,0
01/20/2025 01:45,0,665,0,689,24,0
01/20/2025 02:00,0,781,0,793,12,0
01/20/2025 02:15,0,677,0,693,16,0
01/20/2025 02:30,0,534,0,550,16,0
01/20/2025 02:45,0,677,0,690,13,0
01/20/2025 03:00,0,866,0,887,21,0
01/20/2025 03:15,0,596,0,609,13,0
01/20/2025 03:30,0,589,0,614,25,0
01/20/2025 03:45,0,639,0,651,12,0
01/20/2025 04:00,0,627,0,640,13,0
01/20/2025 04:15,0,870,0,885,15,0
01/20/2025 04:30,0,965,0,978,13,0
01/20/2025 04:45,0,599,0,616,17,0
01/20/2025 05:00,0,662,0,679,17,0
01/20/2025 05:15,0,678,0,699,21,0
01/20/2025 05:30,0,592,0,608,16,0
01/20/2025 05:45,0,926,0,936,10,0
01/20/2025 06:00,0,648,0,660,12,0
01/20/2025 06:15,0,712,0,724,12,0
01/20/2025 06:30,0,709,0,729,20,0
01/20/2025 06:45,0,916,0,928,12,0
01/20/2025 07:00,0,873,0,895,22,0
01/20/2025 07:15,0,1060,0,1074,14,0
01/20/2025 07:30,0,690,0,700,10,0
01/20/2025 07:45,0,701,0,717,16,0
01/20/2025 08:00,0,1101,0,1107,6,0
01/20/2025 08:15,0,1070,0,1090,20,0
01/20/2025 08:30,0,809,0,817,8,0
01/20/2025 08:45,0,802,0,806,4,0
01/20/2025 09:00,0,607,0,609,2,0
01/20/2025 09:15,0,827,0,829,2,0
01/20/2025 09:30,0,948,0,952,4,0
01/20/2025 09:45,0,862,0,864,2,0
01/20/2025 10:00,0,896,0,898,2,0
01/20/2025 10:15,4,790,0,786,0,0
01/20/2025 10:30,11,617,0,606,0,0
01/20/2025 10:45,16,718,0,712,10,0
01/20/2025 11:00,18,652,0,646,12,0
01/20/2025 11:15,23,646,0,637,14,0
01/20/2025 11:30,25,735,0,727,17,0
01/20/2025 11:45,28,697,0,688,19,0
01/20/2025 12:00,30,885,0,879,24,0
01/20/2025 12:15,34,885,0,876,25,0
01/20/2025 12:30,35,766,0,759,28,0
01/20/2025 12:45,36,619,0,611,28,0
01/20/2025 13:00,37,569,0,560,28,0
01/20/2025 13:15,36,667,0,659,28,0
01/20/2025 13:30,31,547,0,553,37,0
01/20/2025 13:45,25,553,0,554,26,0
01/20/2025 14:00,10,694,0,702,18,0
01/20/2025 14:15,4,597,0,595,2,0
01/20/2025 14:30,8,801,0,795,2,0
01/20/2025 14:45,4,853,0,851,2,0
01/20/2025 15:00,2,687,0,729,44,0
01/20/2025 15:15,0,726,0,729,3,0
01/20/2025 15:30,0,859,0,880,21,0
01/20/2025 15:45,0,674,0,694,20,0
01/20/2025 16:00,0,671,0,57,0,614
01/20/2025 16:15,0,743,0,3,0,740
01/20/2025 16:30,0,546,0,5,0,541
01/20/2025 16:45,0,628,0,6,0,622
01/20/2025 17:00,0,744,0,16,0,728
01/20/2025 17:15,0,889,2,0,0,891
01/20/2025 17:30,0,755,2,0,0,757
01/20/2025 17:45,0,805,0,1,0,804
01/20/2025 18:00,0,882,0,9,0,873
01/20/2025 18:15,0,727,2,0,0,729
01/20/2025 18:30,0,628,0,7,0,621
01/20/2025 18:45,0,823,0,8,0,815
01/20/2025 19:00,0,765,0,8,0,757
01/20/2025 19:15,0,898,0,387,4,515
01/20/2025 19:30,0,831,0,832,1,0
01/20/2025 19:45,0,974,0,974,0,0
01/20/2025 20:00,0,1096,0,1096,0,0
01/20/2025 20:15,0,1193,0,1193,0,0
01/20/2025 20:30,0,1232,0,1233,1,0
01/20/2025 20:45,1,959,0,957,0,1
01/20/2025 21:00,0,1998,0,1998,0,0
01/20/2025 21:15,0,2240,0,2240,0,0
01/20/2025 21:30,0,1371,0,1371,0,0
01/20/2025 21:45,0,853,0,855,2,0
01/20/2025 22:00,0,869,0,912,44,1
01/20/2025 22:15,0,661,0,671,10,0
01/20/2025 22:30,0,732,0,745,13,0
01/20/2025 22:45,0,584,0,629,45,0
01/20/2025 23:00,0,742,0,757,15,0
01/20/2025 23:15,0,362,0,373,11,0
01/20/2025 23:30,0,127,0,178,51,0
01/20/2025 23:45,0,592,0,604,12,0
01/21/2025 00:00,0,1305,0,1317,12,0
01/21/2025 00:15,0,840,0,854,14,0
01/21/2025 00:30,0,882,0,894,12,0
01/21/2025 00:45,0,680,0,723,43,0
01/21/2025 01:00,0,1070,0,1071,1,0
01/21/2025 01:15,0,887,0,929,42,0
01/21/2025 01:30,0,718,0,731,13,0
01/21/2025 01:45,0,1257,0,1270,13,0
01/21/2025 02:00,0,893,0,907,14,0
01/21/2025 02:15,0,1044,0,1052,8,0
01/21/2025 02:30,0,686,0,728,42,0
01/21/2025 02:45,0,956,0,967,11,0
01/21/2025 03:00,0,980,0,992,12,0
01/21/2025 03:15,0,894,0,905,11,0
01/21/2025 03:30,0,883,0,929,46,0
01/21/2025 03:45,0,960,0,973,13,0
01/21/2025 04:00,0,802,0,814,12,0
01/21/2025 04:15,0,1394,0,1406,12,0
01/21/2025 04:30,0,1050,0,1062,12,0
01/21/2025 04:45,0,1058,0,1098,40,0
01/21/2025 05:00,0,1148,0,1148,0,0
01/21/2025 05:15,0,908,0,938,30,0
01/21/2025 05:30,0,752,0,770,18,0
01/21/2025 05:45,0,1048,0,1060,12,0
01/21/2025 06:00,0,1357,0,1401,44,0
01/21/2025 06:15,0,827,0,841,14,0
01/21/2025 06:30,0,827,0,839,12,0
01/21/2025 06:45,0,1243,0,1321,78,0
01/21/2025 07:00,0,1208,0,1246,38,0
01/21/2025 07:15,0,749,0,777,28,0
01/21/2025 07:30,0,1462,0,1476,14,0
01/21/2025 07:45,0,1336,0,1345,9,0
01/21/2025 08:00,0,1041,0,1051,10,0
01/21/2025 08:15,0,972,0,983,11,0
01/21/2025 08:30,0,1311,0,1321,10,0
01/21/2025 08:45,0,1021,0,1031,10,0
01/21/2025 09:00,0,1043,0,1053,10,0
01/21/2025 09:15,0,721,0,776,55,0
01/21/2025 09:30,4,1273,0,1282,13,0
01/21/2025 09:45,6,731,0,741,16,0
01/21/2025 10:00,10,881,0,889,18,0
01/21/2025 10:15,12,832,0,838,18,0
01/21/2025 10:30,19,1089,0,1094,24,0
01/21/2025 10:45,15,1197,0,1200,18,0
01/21/2025 11:00,29,944,0,941,26,0
01/21/2025 11:15,25,1025,0,1028,28,0
01/21/2025 11:30,19,887,0,896,28,0
01/21/2025 11:45,15,805,0,814,24,0
01/21/2025 12:00,17,924,0,928,21,0
01/21/2025 12:15,17,1112,0,1116,21,0
01/21/2025 12:30,20,1047,0,1049,22,0
01/21/2025 12:45,20,709,0,711,22,0
01/21/2025 13:00,19,684,0,687,22,0
01/21/2025 13:15,17,1118,0,1123,22,0
01/21/2025 13:30,16,1953,0,1958,21,0
01/21/2025 13:45,12,1843,0,1851,20,0
01/21/2025 14:00,11,901,0,912,22,0
01/21/2025 14:15,9,771,0,781,19,0
01/21/2025 14:30,9,697,0,1142,454,0
01/21/2025 14:45,8,1035,0,1573,546,0
01/21/2025 15:00,6,995,0,1540,551,0
01/21/2025 15:15,2,903,0,1452,551,0
01/21/2025 15:30,0,922,0,1470,548,0
01/21/2025 15:45,0,865,0,1249,384,0
01/21/2025 16:00,0,873,0,38,0,835
01/21/2025 16:15,0,987,0,0,0,987
01/21/2025 16:30,0,795,0,331,2,466
01/21/2025 16:45,0,726,0,821,95,0
01/21/2025 17:00,0,877,0,918,41,0
01/21/2025 17:15,0,853,0,893,40,0
01/21/2025 17:30,0,963,0,1005,42,0
01/21/2025 17:45,0,1185,0,1225,40,0
01/21/2025 18:00,0,986,0,1027,41,0
01/21/2025 18:15,0,1040,0,1078,38,0
01/21/2025 18:30,0,1063,0,1087,24,0
01/21/2025 18:45,0,1086,0,1126,40,0
01/21/2025 19:00,0,1858,0,1899,41,0
01/21/2025 19:15,0,908,0,948,40,0
01/21/2025 19:30,0,1080,0,1122,42,0
01/21/2025 19:45,0,775,0,816,41,0
01/21/2025 20:00,0,1055,0,1091,36,0
01/21/2025 20:15,0,1033,0,1072,39,0
01/21/2025 20:30,0,1346,0,1383,37,0
01/21/2025 20:45,0,1044,0,1054,10,0
01/21/2025 21:00,0,1235,0,1247,12,0
01/21/2025 21:15,0,1283,0,1325,42,0
01/21/2025 21:30,0,796,0,796,0,0
01/21/2025 21:45,0,908,0,949,41,0
01/21/2025 22:00,0,878,0,890,12,0
01/21/2025 22:15,0,592,0,635,43,0
01/21/2025 22:30,0,775,0,776,1,0
01/21/2025 22:45,0,895,0,931,36,0
01/21/2025 23:00,0,247,0,287,40,0
01/21/2025 23:15,0,247,0,287,40,0
01/21/2025 23:30,0,1072,0,1110,38,0
01/21/2025 23:45,0,1037,0,1071,34,0
01/22/2025 00:00,0,802,0,802,0,0
01/22/2025 00:15,0,812,0,858,46,0
01/22/2025 00:30,0,881,0,894,13,0
01/22/2025 00:45,0,1000,0,1012,12,0
01/22/2025 01:00,0,738,0,750,12,0
01/22/2025 01:15,0,843,0,863,20,0
01/22/2025 01:30,0,776,0,816,40,0
01/22/2025 01:45,0,1085,0,1097,12,0
01/22/2025 02:00,0,892,0,905,13,0
01/22/2025 02:15,0,1067,0,1080,13,0
01/22/2025 02:30,0,654,0,667,13,0
01/22/2025 02:45,0,1152,0,1199,47,0
01/22/2025 03:00,0,965,0,977,12,0
01/22/2025 03:15,0,677,0,697,20,0
01/22/2025 03:30,0,1070,0,1108,38,0
01/22/2025 03:45,0,1186,0,1199,13,0
01/22/2025 04:00,0,772,0,785,13,0
01/22/2025 04:15,0,1012,0,1025,13,0
01/22/2025 04:30,0,1272,0,1284,12,0
01/22/2025 04:45,0,1419,0,1431,12,0
01/22/2025 05:00,0,805,0,818,13,0
01/22/2025 05:15,0,942,0,954,12,0
01/22/2025 05:30,0,1327,0,1370,43,0
01/22/2025 05:45,0,1050,0,1091,41,0
01/22/2025 06:00,0,1009,0,1021,12,0
01/22/2025 06:15,0,1092,0,1104,12,0
01/22/2025 06:30,0,1454,0,1467,13,0
01/22/2025 06:45,0,771,0,815,44,0
01/22/2025 07:00,0,1713,0,1725,12,0
01/22/2025 07:15,0,836,0,847,11,0
01/22/2025 07:30,0,1206,0,1212,6,0
01/22/2025 07:45,0,1597,0,1597,0,0
01/22/2025 08:00,0,1193,0,1195,2,0
01/22/2025 08:15,0,1022,0,1022,0,0
01/22/2025 08:30,0,1645,0,1645,0,0
01/22/2025 08:45,0,918,0,918,0,0
01/22/2025 09:00,0,891,0,892,1,0
01/22/2025 09:15,5,1014,0,1011,2,0
01/22/2025 09:30,10,1112,0,1102,0,0
01/22/2025 09:45,13,1085,0,1073,1,0
01/22/2025 10:00,19,865,0,846,0,0
01/22/2025 10:15,29,1127,0,1099,1,0
01/22/2025 10:30,41,988,0,952,5,0
01/22/2025 10:45,48,706,0,802,144,0
01/22/2025 11:00,53,826,0,904,131,0
01/22/2025 11:15,61,1072,0,1075,64,0
01/22/2025 11:30,73,845,0,843,71,0
01/22/2025 11:45,104,986,0,977,95,0
01/22/2025 12:00,150,654,0,645,141,0
01/22/2025 12:15,198,680,0,671,189,0
01/22/2025 12:30,242,1018,0,1018,242,0
01/22/2025 12:45,240,977,0,982,245,0
01/22/2025 13:00,239,981,0,990,248,0
01/22/2025 13:15,229,944,0,955,240,0
01/22/2025 13:30,214,920,0,1142,436,0
01/22/2025 13:45,158,787,0,1112,483,0
01/22/2025 14:00,103,780,0,1169,492,0
01/22/2025 14:15,46,883,0,1342,505,0
01/22/2025 14:30,25,746,0,1229,508,0
01/22/2025 14:45,22,886,0,1372,508,0
01/22/2025 15:00,17,1036,0,1528,509,0
01/22/2025 15:15,17,895,0,1387,509,0
01/22/2025 15:30,32,828,0,1304,508,0
01/22/2025 15:45,34,892,0,1194,336,0
01/22/2025 16:00,13,773,20,0,0,780
01/22/2025 16:15,0,794,0,4,0,790
01/22/2025 16:30,0,848,0,8,0,840
01/22/2025 16:45,0,890,0,6,0,884
01/22/2025 17:00,0,839,0,6,0,833
01/22/2025 17:15,0,757,0,69,1,689
01/22/2025 17:30,0,1046,0,1050,4,0
01/22/2025 17:45,0,1033,0,1166,133,0
01/22/2025 18:00,0,1012,0,1051,39,0
01/22/2025 18:15,0,999,0,1040,41,0
01/22/2025 18:30,0,857,0,898,41,0
01/22/2025 18:45,0,901,0,940,39,0
01/22/2025 19:00,0,1043,0,1083,40,0
01/22/2025 19:15,0,997,0,1020,23,0
01/22/2025 19:30,0,751,0,791,40,0
01/22/2025 19:45,0,742,0,782,40,0
01/22/2025 20:00,0,840,0,879,39,0
01/22/2025 20:15,0,982,0,1022,40,0
01/22/2025 20:30,0,1206,0,1243,37,0
01/22/2025 20:45,0,1157,0,1192,35,0
01/22/2025 21:00,0,993,0,1033,40,0
01/22/2025 21:15,0,709,0,711,2,0
01/22/2025 21:30,0,909,0,950,41,0
01/22/2025 21:45,0,787,0,832,45,0
01/22/2025 22:00,0,431,0,452,21,0
01/22/2025 22:15,0,315,0,328,13,0
01/22/2025 22:30,0,804,0,814,10,0
01/22/2025 22:45,0,649,0,661,12,0
01/22/2025 23:00,0,634,0,646,12,0
01/22/2025 23:15,0,521,0,533,12,0
01/22/2025 23:30,0,752,0,764,12,0
01/22/2025 23:45,0,708,0,720,12,0
01/23/2025 00:00,0,1033,0,1045,12,0
01/23/2025 00:15,0,889,0,901,12,0
01/23/2025 00:30,0,611,0,621,10,0
01/23/2025 00:45,0,754,0,798,44,0
01/23/2025 01:00,0,997,0,1035,38,0
01/23/2025 01:15,0,885,0,924,39,0
01/23/2025 01:30,0,703,0,715,12,0
01/23/2025 01:45,0,872,0,920,48,0
01/23/2025 02:00,0,999,0,1011,12,0
01/23/2025 02:15,0,973,0,987,14,0
01/23/2025 02:30,0,776,0,788,12,0
01/23/2025 02:45,0,918,0,928,10,0
01/23/2025 03:00,0,842,0,856,14,0
01/23/2025 03:15,0,573,0,585,12,0
01/23/2025 03:30,0,802,0,813,11,0
01/23/2025 03:45,0,902,0,947,45,0
01/23/2025 04:00,0,711,0,711,0,0
01/23/2025 04:15,0,918,0,948,30,0
01/23/2025 04:30,0,1011,0,1055,44,0
01/23/2025 04:45,0,1011,0,1021,10,0
01/23/2025 05:00,0,822,0,834,12,0
01/23/2025 05:15,0,712,0,756,44,0
01/23/2025 05:30,0,960,0,972,12,0
01/23/2025 05:45,0,848,0,860,12,0
01/23/2025 06:00,0,749,0,759,10,0
01/23/2025 06:15,0,961,0,1015,54,0
01/23/2025 06:30,0,1300,0,1403,103,0
01/23/2025 06:45,0,725,0,725,1,1
01/23/2025 07:00,0,1398,0,1435,37,0
01/23/2025 07:15,0,515,0,554,39,0
01/23/2025 07:30,0,997,0,1035,38,0
01/23/2025 07:45,6,1430,0,1462,38,0
01/23/2025 08:00,11,743,0,770,38,0
01/23/2025 08:15,16,1020,0,1049,45,0
01/23/2025 08:30,18,1175,0,1169,12,0
01/23/2025 08:45,24,758,0,806,72,0
01/23/2025 09:00,40,640,0,644,44,0
01/23/2025 09:15,44,1079,0,1077,42,0
01/23/2025 09:30,41,824,0,825,42,0
01/23/2025 09:45,74,876,0,870,68,0
01/23/2025 10:00,96,1281,0,1279,94,0
01/23/2025 10:15,142,962,0,958,138,0
01/23/2025 10:30,212,1620,0,1613,205,0
01/23/2025 10:45,264,2159,0,2152,257,0
01/23/2025 11:00,328,1939,0,1934,323,0
01/23/2025 11:15,347,725,0,721,343,0
01/23/2025 11:30,357,771,0,768,354,0
01/23/2025 11:45,358,638,0,637,357,0
01/23/2025 12:00,396,627,0,621,390,0
01/23/2025 12:15,391,715,0,716,392,0
01/23/2025 12:30,342,950,0,950,342,0
01/23/2025 12:45,351,777,0,776,350,0
01/23/2025 13:00,439,762,0,765,442,0
01/23/2025 13:15,384,780,0,780,384,0
01/23/2025 13:30,325,633,0,837,529,0
01/23/2025 13:45,281,578,0,829,532,0
01/23/2025 14:00,234,546,0,843,531,0
01/23/2025 14:15,163,618,0,987,532,0
01/23/2025 14:30,94,597,0,1034,531,0
01/23/2025 14:45,65,521,0,1013,557,0
01/23/2025 15:00,51,531,0,1075,595,0
01/23/2025 15:15,46,639,0,1186,593,0
01/23/2025 15:30,56,697,0,1217,576,0
01/23/2025 15:45,59,718,0,1043,384,0
01/23/2025 16:00,31,765,30,0,1,765
01/23/2025 16:15,12,756,11,0,0,755
01/23/2025 16:30,2,785,0,2,0,781
01/23/2025 16:45,0,822,0,5,0,817
01/23/2025 17:00,0,746,0,4,0,742
01/23/2025 17:15,0,689,0,3,0,686
01/23/2025 17:30,0,752,2,0,0,754
01/23/2025 17:45,0,826,0,8,0,818
01/23/2025 18:00,0,833,0,4,0,829
01/23/2025 18:15,0,702,0,10,0,692
01/23/2025 18:30,0,795,0,685,7,117
01/23/2025 18:45,0,709,0,857,148,0
01/23/2025 19:00,0,1190,0,1195,5,0
01/23/2025 19:15,0,1132,0,1190,58,0
01/23/2025 19:30,0,886,0,934,48,0
01/23/2025 19:45,0,651,0,702,51,0
01/23/2025 20:00,0,699,0,706,7,0
01/23/2025 20:15,0,724,0,787,63,0
01/23/2025 20:30,0,848,0,849,1,0
01/23/2025 20:45,0,717,0,771,54,0
01/23/2025 21:00,0,746,0,756,10,0
01/23/2025 21:15,0,958,0,967,9,0
01/23/2025 21:30,0,967,0,975,8,0
01/23/2025 21:45,0,1078,0,1087,9,0
01/23/2025 22:00,0,787,0,798,11,0
01/23/2025 22:15,0,691,0,702,11,0
01/23/2025 22:30,0,860,0,871,11,0
01/23/2025 22:45,0,850,0,859,9,0
01/23/2025 23:00,0,852,0,902,50,0
01/23/2025 23:15,0,876,0,886,10,0
01/23/2025 23:30,0,662,0,672,10,0
01/23/2025 23:45,0,836,0,845,9,0
01/24/2025 00:00,0,332,0,378,46,0
01/24/2025 00:15,0,758,0,795,37,0
01/24/2025 00:30,0,1041,0,1087,46,0
01/24/2025 00:45,0,1021,0,1051,30,0
01/24/2025 01:00,0,295,0,311,16,0
01/24/2025 01:15,0,763,0,803,40,0
01/24/2025 01:30,0,1002,0,1038,36,0
01/24/2025 01:45,0,689,0,693,4,0
01/24/2025 02:00,0,902,0,950,48,0
01/24/2025 02:15,0,975,0,987,12,0
01/24/2025 02:30,0,300,0,312,12,0
01/24/2025 02:45,0,406,0,482,76,0
01/24/2025 03:00,0,1139,0,1151,12,0
01/24/2025 03:15,0,672,0,684,12,0
01/24/2025 03:30,0,1028,0,1076,48,0
01/24/2025 03:45,0,1138,0,1151,13,0
01/24/2025 04:00,0,187,0,199,12,0
01/24/2025 04:15,0,741,0,753,12,0
01/24/2025 04:30,0,988,0,999,11,0
01/24/2025 04:45,0,694,0,706,12,0
01/24/2025 05:00,0,1324,0,1336,12,0
01/24/2025 05:15,0,649,0,659,10,0
01/24/2025 05:30,0,345,0,351,6,0
01/24/2025 05:45,0,1057,0,1102,45,0
01/24/2025 06:00,0,893,0,932,39,0
01/24/2025 06:15,0,621,0,623,2,0
01/24/2025 06:30,0,1179,0,1223,44,0
01/24/2025 06:45,0,521,0,535,14,0
01/24/2025 07:00,0,725,0,735,10,0
01/24/2025 07:15,0,1308,0,1314,6,0
01/24/2025 07:30,10,648,0,697,59,0
01/24/2025 07:45,16,1104,0,1113,25,0
01/24/2025 08:00,21,1153,0,1158,26,0
01/24/2025 08:15,27,945,0,944,26,0
01/24/2025 08:30,36,778,0,776,34,0
01/24/2025 08:45,47,979,0,982,50,0
01/24/2025 09:00,50,863,0,864,51,0
01/24/2025 09:15,74,975,0,969,68,0
01/24/2025 09:30,84,609,0,607,82,0
01/24/2025 09:45,116,713,0,707,110,0
01/24/2025 10:00,153,769,0,766,150,0
01/24/2025 10:15,233,859,0,846,220,0
01/24/2025 10:30,328,849,0,842,321,0
01/24/2025 10:45,395,591,0,582,386,0
01/24/2025 11:00,442,842,0,833,433,0
01/24/2025 11:15,480,841,0,841,480,0
01/24/2025 11:30,520,782,0,776,514,0
01/24/2025 11:45,549,1778,0,1762,533,0
01/24/2025 12:00,585,2083,0,2032,534,0
01/24/2025 12:15,612,1923,0,1848,537,0
01/24/2025 12:30,618,808,0,727,537,0
01/24/2025 12:45,622,834,0,751,539,0
01/24/2025 13:00,586,649,0,602,539,0
01/24/2025 13:15,485,608,0,606,483,0
01/24/2025 13:30,396,560,0,787,623,0
01/24/2025 13:45,245,625,0,1009,629,0
01/24/2025 14:00,310,504,0,812,618,0
01/24/2025 14:15,221,509,0,890,602,0
01/24/2025 14:30,122,521,0,977,578,0
01/24/2025 14:45,56,611,0,1105,550,0
01/24/2025 15:00,68,681,0,1121,508,0
01/24/2025 15:15,57,577,0,971,451,0
01/24/2025 15:30,63,563,0,881,381,0
01/24/2025 15:45,46,663,0,841,224,0
01/24/2025 16:00,27,545,35,0,2,555
01/24/2025 16:15,16,537,8,0,0,529
01/24/2025 16:30,5,628,0,7,0,616
01/24/2025 16:45,0,675,0,7,0,668
01/24/2025 17:00,0,763,0,5,0,758
01/24/2025 17:15,0,749,0,4,0,745
01/24/2025 17:30,0,778,1,0,0,779
01/24/2025 17:45,0,630,0,2,0,628
01/24/2025 18:00,0,618,0,6,0,612
01/24/2025 18:15,0,617,0,5,0,612
01/24/2025 18:30,0,812,0,5,0,807
01/24/2025 18:45,0,622,0,7,0,615
01/24/2025 19:00,0,700,0,6,0,694
01/24/2025 19:15,0,692,0,207,0,485
01/24/2025 19:30,0,844,0,851,7,0
01/24/2025 19:45,0,969,0,970,1,0
01/24/2025 20:00,0,772,0,772,0,0
01/24/2025 20:15,0,725,0,725,0,0
01/24/2025 20:30,0,822,0,822,0,0
01/24/2025 20:45,0,682,0,682,0,0
01/24/2025 21:00,0,707,0,707,0,0
01/24/2025 21:15,0,829,0,829,0,0
01/24/2025 21:30,0,796,0,796,0,0
01/24/2025 21:45,0,836,0,837,1,0
01/24/2025 22:00,0,860,0,860,0,0
01/24/2025 22:15,0,1128,0,1128,0,0
01/24/2025 22:30,0,813,0,860,47,0
01/24/2025 22:45,0,636,0,679,43,0
01/24/2025 23:00,0,687,0,728,41,0
01/24/2025 23:15,0,591,0,637,46,0
01/24/2025 23:30,0,600,0,602,2,0
01/24/2025 23:45,0,841,0,883,42,0
01/25/2025 00:00,0,935,0,976,41,0
01/25/2025 00:15,0,734,0,774,40,0
01/25/2025 00:30,0,823,0,832,9,0
01/25/2025 00:45,0,186,0,230,44,0
01/25/2025 01:00,0,792,0,833,41,0
01/25/2025 01:15,0,1066,0,1069,3,0
01/25/2025 01:30,0,925,0,969,44,0
01/25/2025 01:45,0,600,0,605,5,0
01/25/2025 02:00,0,526,0,564,38,0
01/25/2025 02:15,0,1024,0,1037,13,0
01/25/2025 02:30,0,943,0,955,12,0
01/25/2025 02:45,0,298,0,311,13,0
01/25/2025 03:00,0,948,0,960,12,0
01/25/2025 03:15,0,996,0,1008,12,0
01/25/2025 03:30,0,838,0,850,12,0
01/25/2025 03:45,0,758,0,770,12,0
01/25/2025 04:00,0,1269,0,1314,45,0
01/25/2025 04:15,0,792,0,803,11,0
01/25/2025 04:30,0,846,0,858,12,0
01/25/2025 04:45,0,1243,0,1255,12,0
01/25/2025 05:00,0,917,0,958,41,0
01/25/2025 05:15,0,844,0,924,80,0
01/25/2025 05:30,0,1045,0,1087,42,0
01/25/2025 05:45,0,859,0,861,2,0
01/25/2025 06:00,0,858,0,892,34,0
01/25/2025 06:15,0,989,0,1001,12,0
01/25/2025 06:30,0,763,0,775,12,0
01/25/2025 06:45,0,999,0,1012,13,0
01/25/2025 07:00,0,825,0,835,10,0
01/25/2025 07:15,0,987,0,995,8,0
01/25/2025 07:30,9,1469,0,1520,60,0
01/25/2025 07:45,17,839,0,851,29,0
01/25/2025 08:00,24,794,0,798,28,0
01/25/2025 08:15,32,965,0,961,28,0
01/25/2025 08:30,39,1156,0,1149,32,0
01/25/2025 08:45,54,911,0,913,56,0
01/25/2025 09:00,62,619,0,613,56,0
01/25/2025 09:15,81,809,0,807,79,0
01/25/2025 09:30,97,1285,0,1284,96,0
01/25/2025 09:45,133,1990,0,1983,126,0
01/25/2025 10:00,174,1477,0,1470,167,0
01/25/2025 10:15,261,949,0,938,250,0
01/25/2025 10:30,362,1593,0,1584,353,0
01/25/2025 10:45,437,2310,0,2306,433,0
01/25/2025 11:00,489,1670,0,1667,486,0
01/25/2025 11:15,542,943,0,923,522,0
01/25/2025 11:30,589,837,0,774,526,0
01/25/2025 11:45,610,806,0,725,529,0
01/25/2025 12:00,645,674,0,560,531,0
01/25/2025 12:15,674,669,0,527,532,0
01/25/2025 12:30,685,885,0,733,533,0
01/25/2025 12:45,679,1122,0,977,534,0
01/25/2025 13:00,646,1006,0,895,535,0
01/25/2025 13:15,626,678,0,587,535,0
01/25/2025 13:30,546,677,0,664,533,0
01/25/2025 13:45,431,535,0,636,532,0
01/25/2025 14:00,331,633,0,862,560,0
01/25/2025 14:15,197,694,0,1060,563,0
01/25/2025 14:30,113,777,0,1205,541,0
01/25/2025 14:45,92,578,0,993,507,0
01/25/2025 15:00,73,679,0,1069,463,0
01/25/2025 15:15,55,546,0,905,414,0
01/25/2025 15:30,65,584,0,879,360,0
01/25/2025 15:45,50,559,0,740,231,0
01/25/2025 16:00,21,768,28,0,0,775
01/25/2025 16:15,8,588,8,0,0,588
01/25/2025 16:30,4,533,0,0,0,529
01/25/2025 16:45,0,546,0,8,0,538
01/25/2025 17:00,0,751,0,9,0,742
01/25/2025 17:15,0,779,0,4,0,775
01/25/2025 17:30,0,1060,3,0,0,1063
01/25/2025 17:45,0,792,0,6,0,786
01/25/2025 18:00,0,653,0,3,0,650
01/25/2025 18:15,0,790,0,6,0,784
01/25/2025 18:30,0,608,0,6,0,602
01/25/2025 18:45,0,554,0,5,0,549
01/25/2025 19:00,0,596,0,18,0,578
01/25/2025 19:15,0,561,0,521,6,46
01/25/2025 19:30,0,878,0,878,0,0
01/25/2025 19:45,0,674,0,676,2,0
01/25/2025 20:00,0,720,0,720,0,0
01/25/2025 20:15,0,957,0,957,0,0
01/25/2025 20:30,0,984,0,984,0,0
01/25/2025 20:45,0,837,0,837,0,0
01/25/2025 21:00,0,898,0,898,0,0
01/25/2025 21:15,0,779,0,779,0,0
01/25/2025 21:30,0,739,0,739,0,0
01/25/2025 21:45,0,692,0,692,0,0
01/25/2025 22:00,0,646,0,646,0,0
01/25/2025 22:15,0,610,0,640,30,0
01/25/2025 22:30,0,559,0,586,27,0
01/25/2025 22:45,0,162,0,172,10,0
01/25/2025 23:00,0,541,0,551,10,0
01/25/2025 23:15,0,339,0,349,10,0
01/25/2025 23:30,0,713,0,723,10,0
01/25/2025 23:45,0,796,0,806,10,0
01/26/2025 00:00,0,760,0,771,11,0
01/26/2025 00:15,0,588,0,599,11,0
01/26/2025 00:30,0,603,0,645,42,0
01/26/2025 00:45,0,840,0,880,40,0
01/26/2025 01:00,0,595,0,598,3,0
01/26/2025 01:15,0,576,0,619,43,0
01/26/2025 01:30,0,673,0,715,42,0
01/26/2025 01:45,0,807,0,811,4,0
01/26/2025 02:00,0,763,0,806,43,0
01/26/2025 02:15,0,774,0,817,43,0
01/26/2025 02:30,0,679,0,724,45,0
01/26/2025 02:45,0,699,0,703,4,0
01/26/2025 03:00,0,920,0,962,42,0
01/26/2025 03:15,0,733,0,773,40,0
01/26/2025 03:30,0,700,0,742,42,0
01/26/2025 03:45,0,772,0,814,42,0
01/26/2025 04:00,0,733,0,737,4,0
01/26/2025 04:15,0,829,0,873,44,0
01/26/2025 04:30,0,871,0,914,43,0
01/26/2025 04:45,0,748,0,787,39,0
01/26/2025 05:00,0,766,0,770,4,0
01/26/2025 05:15,0,913,0,956,43,0
01/26/2025 05:30,0,713,0,715,2,0
01/26/2025 05:45,0,676,0,721,45,0
01/26/2025 06:00,0,1088,0,1100,12,0
01/26/2025 06:15,0,643,0,651,8,0
01/26/2025 06:30,0,763,0,806,43,0
01/26/2025 06:45,0,721,0,762,41,0
01/26/2025 07:00,0,844,0,879,35,0
01/26/2025 07:15,3,1013,0,1022,12,0
01/26/2025 07:30,16,890,0,887,13,0
01/26/2025 07:45,19,1013,0,1007,13,0
01/26/2025 08:00,38,1049,0,1039,28,0
01/26/2025 08:15,48,610,0,605,43,0
01/26/2025 08:30,62,690,0,682,54,0
01/26/2025 08:45,54,1018,0,1024,60,0
01/26/2025 09:00,79,870,0,866,75,0
01/26/2025 09:15,100,726,0,724,98,0
01/26/2025 09:30,104,650,0,648,102,0
01/26/2025 09:45,139,690,0,688,137,0
01/26/2025 10:00,215,689,0,682,208,0
01/26/2025 10:15,285,570,0,563,278,0
01/26/2025 10:30,374,615,0,611,370,0
01/26/2025 10:45,502,583,0,579,498,0
01/26/2025 11:00,542,571,0,573,544,0
01/26/2025 11:15,525,611,0,610,524,0
01/26/2025 11:30,580,572,0,572,580,0
01/26/2025 11:45,681,716,0,713,678,0
01/26/2025 12:00,689,605,0,603,687,0
01/26/2025 12:15,723,967,0,963,719,0
01/26/2025 12:30,570,907,0,912,575,0
01/26/2025 12:45,565,876,0,881,570,0
01/26/2025 13:00,486,642,0,637,481,0
01/26/2025 13:15,618,555,0,558,621,0
01/26/2025 13:30,611,551,0,784,844,0
01/26/2025 13:45,427,538,0,926,815,0
01/26/2025 14:00,254,587,0,1085,752,0
01/26/2025 14:15,202,550,0,980,632,0
01/26/2025 14:30,240,521,0,782,501,0
01/26/2025 14:45,234,531,0,685,388,0
01/26/2025 15:00,146,546,0,584,184,0
01/26/2025 15:15,151,564,0,468,55,0
01/26/2025 15:30,120,653,0,579,46,0
01/26/2025 15:45,95,622,0,598,71,0
01/26/2025 16:00,43,561,46,0,2,566
01/26/2025 16:15,21,617,13,0,0,609
01/26/2025 16:30,7,593,7,0,0,593
01/26/2025 16:45,0,499,0,6,0,493
01/26/2025 17:00,0,521,0,1,0,520
01/26/2025 17:15,0,571,0,5,0,566
01/26/2025 17:30,0,577,0,6,0,571
01/26/2025 17:45,0,589,4,0,0,593
01/26/2025 18:00,0,563,0,5,0,558
01/26/2025 18:15,0,601,0,6,0,595
01/26/2025 18:30,0,670,0,6,0,664
01/26/2025 18:45,0,559,1,0,0,560
01/26/2025 19:00,0,781,0,12,0,769
01/26/2025 19:15,0,671,2,0,0,673
01/26/2025 19:30,0,592,0,2,0,590
01/26/2025 19:45,0,562,0,65,1,498
01/26/2025 20:00,0,820,0,827,7,0
01/26/2025 20:15,0,579,0,581,2,0
01/26/2025 20:30,0,667,0,667,0,0
01/26/2025 20:45,0,772,0,776,4,0
01/26/2025 21:00,0,813,0,815,2,0
01/26/2025 21:15,0,589,0,590,1,0
01/26/2025 21:30,0,576,0,577,1,0
01/26/2025 21:45,0,755,0,757,2,0
01/26/2025 22:00,0,762,0,762,0,0
01/26/2025 22:15,0,721,0,721,0,0
01/26/2025 22:30,0,854,0,854,0,0
01/26/2025 22:45,0,662,0,664,2,0
01/26/2025 23:00,0,388,0,444,56,0
01/26/2025 23:15,0,115,0,122,7,0
01/26/2025 23:30,0,148,0,151,3,0
01/26/2025 23:45,0,733,0,738,5,0
01/27/2025 00:00,0,743,0,749,6,0
01/27/2025 00:15,0,749,0,814,65,0
01/27/2025 00:30,0,782,0,786,4,0
01/27/2025 00:45,0,581,0,629,48,0
01/27/2025 01:00,0,526,0,538,12,0
01/27/2025 01:15,0,812,0,826,14,0
01/27/2025 01:30,0,604,0,662,58,0
01/27/2025 01:45,0,654,0,666,12,0
01/27/2025 02:00,0,751,0,763,12,0
01/27/2025 02:15,0,515,0,527,12,0
01/27/2025 02:30,0,736,0,748,12,0
01/27/2025 02:45,0,770,0,814,44,0
01/27/2025 03:00,0,626,0,668,42,0
01/27/2025 03:15,0,627,0,670,43,0
01/27/2025 03:30,0,861,0,906,45,0
01/27/2025 03:45,0,687,0,695,8,0
01/27/2025 04:00,0,640,0,685,45,0
01/27/2025 04:15,0,738,0,782,44,0
01/27/2025 04:30,0,555,0,561,6,0
01/27/2025 04:45,0,603,0,646,43,0
01/27/2025 05:00,0,1031,0,1035,4,0
01/27/2025 05:15,0,657,0,701,44,0
01/27/2025 05:30,0,747,0,790,43,0
01/27/2025 05:45,0,744,0,775,31,0
01/27/2025 06:00,0,794,0,847,53,0
01/27/2025 06:15,0,876,0,884,8,0
01/27/2025 06:30,0,868,0,909,41,0
01/27/2025 06:45,0,756,0,769,13,0
01/27/2025 07:00,0,774,0,781,7,0
01/27/2025 07:15,11,843,0,875,43,0
01/27/2025 07:30,47,897,0,886,36,0
01/27/2025 07:45,83,645,0,646,84,0
01/27/2025 08:00,70,809,0,814,75,0
01/27/2025 08:15,76,2265,0,2267,78,0
01/27/2025 08:30,99,2243,0,2236,92,0
01/27/2025 08:45,136,1047,0,1047,136,0
01/27/2025 09:00,175,773,0,771,173,0
01/27/2025 09:15,218,703,0,702,217,0
01/27/2025 09:30,243,705,0,702,240,0
01/27/2025 09:45,291,759,0,751,283,0
01/27/2025 10:00,343,526,0,520,337,0
01/27/2025 10:15,425,496,0,491,420,0
01/27/2025 10:30,526,591,0,585,520,0
01/27/2025 10:45,606,733,0,683,556,0
01/27/2025 11:00,659,660,0,559,558,0
01/27/2025 11:15,714,575,0,419,558,0
01/27/2025 11:30,763,520,0,425,668,0
01/27/2025 11:45,798,519,0,458,737,0
01/27/2025 12:00,828,589,0,513,752,0
01/27/2025 12:15,845,901,0,822,766,0
01/27/2025 12:30,848,1901,0,1826,773,0
01/27/2025 12:45,832,1580,0,1514,766,0
01/27/2025 13:00,800,608,0,555,747,0
01/27/2025 13:15,742,516,0,473,699,0
01/27/2025 13:30,673,531,0,483,625,0
01/27/2025 13:45,549,559,0,539,529,0
01/27/2025 14:00,411,580,0,548,379,0
01/27/2025 14:15,266,643,0,565,188,0
01/27/2025 14:30,150,718,0,645,77,0
01/27/2025 14:45,130,645,0,569,54,0
01/27/2025 15:00,106,532,0,439,13,0
01/27/2025 15:15,89,547,0,508,50,0
01/27/2025 15:30,98,538,0,449,9,0
01/27/2025 15:45,104,572,0,491,23,0
01/27/2025 16:00,66,620,53,0,0,607
01/27/2025 16:15,35,518,31,0,0,514
01/27/2025 16:30,18,517,14,0,0,513
01/27/2025 16:45,4,537,1,0,0,534
01/27/2025 17:00,0,631,0,9,0,622
01/27/2025 17:15,0,579,0,6,0,573
01/27/2025 17:30,0,595,0,4,0,591
01/27/2025 17:45,0,629,0,8,0,621
01/27/2025 18:00,0,702,7,0,0,709
01/27/2025 18:15,0,583,0,3,0,580
01/27/2025 18:30,0,579,0,5,0,574
01/27/2025 18:45,0,566,0,3,0,563
01/27/2025 19:00,0,569,0,9,0,560
01/27/2025 19:15,0,620,0,5,0,615
01/27/2025 19:30,0,649,0,8,0,641
01/27/2025 19:45,0,624,0,28,0,596
01/27/2025 20:00,0,669,0,677,8,0
01/27/2025 20:15,0,613,0,615,2,0
01/27/2025 20:30,0,603,0,604,1,0
01/27/2025 20:45,0,658,0,659,1,0
01/27/2025 21:00,0,733,0,733,0,0
01/27/2025 21:15,0,612,0,613,1,0
01/27/2025 21:30,0,735,0,736,1,0
01/27/2025 21:45,0,726,0,726,0,0
01/27/2025 22:00,0,636,0,638,2,0
01/27/2025 22:15,0,521,0,521,0,0
01/27/2025 22:30,0,122,0,122,0,0
01/27/2025 22:45,0,316,0,316,0,0
01/27/2025 23:00,0,771,0,771,0,0
01/27/2025 23:15,0,670,0,737,67,0
01/27/2025 23:30,0,335,0,335,0,0
01/27/2025 23:45,0,215,0,217,2,0
01/28/2025 00:00,0,661,0,727,66,0
01/28/2025 00:15,0,586,0,588,2,0
01/28/2025 00:30,0,504,0,505,1,0
01/28/2025 00:45,0,507,0,554,47,0
01/28/2025 01:00,0,583,0,599,16,0
01/28/2025 01:15,0,638,0,650,12,0
01/28/2025 01:30,0,495,0,509,14,0
01/28/2025 01:45,0,505,0,517,12,0
01/28/2025 02:00,0,604,0,617,13,0
01/28/2025 02:15,0,514,0,527,13,0
01/28/2025 02:30,0,505,0,516,11,0
01/28/2025 02:45,0,649,0,722,73,0
01/28/2025 03:00,0,539,0,551,12,0
01/28/2025 03:15,0,521,0,534,13,0
01/28/2025 03:30,0,597,0,606,9,0
01/28/2025 03:45,0,539,0,546,7,0
01/28/2025 04:00,0,595,0,603,8,0
01/28/2025 04:15,0,495,0,553,58,0
01/28/2025 04:30,0,556,0,569,13,0
01/28/2025 04:45,0,514,0,527,13,0
01/28/2025 05:00,0,529,0,541,12,0
01/28/2025 05:15,0,616,0,684,68,0
01/28/2025 05:30,0,590,0,602,12,0
01/28/2025 05:45,0,527,0,541,14,0
01/28/2025 06:00,0,554,0,566,12,0
01/28/2025 06:15,0,600,0,611,11,0
01/28/2025 06:30,0,650,0,661,11,0
01/28/2025 06:45,0,647,0,707,60,0
01/28/2025 07:00,0,592,0,604,12,0
01/28/2025 07:15,8,585,0,589,12,0
01/28/2025 07:30,98,758,0,749,89,0
01/28/2025 07:45,49,642,0,654,61,0
01/28/2025 08:00,46,761,0,759,44,0
01/28/2025 08:15,115,725,0,726,116,0
01/28/2025 08:30,162,753,0,743,152,0
01/28/2025 08:45,316,584,0,584,316,0
01/28/2025 09:00,282,527,0,526,281,0
01/28/2025 09:15,328,527,0,524,325,0
01/28/2025 09:30,335,710,0,709,334,0
01/28/2025 09:45,432,492,0,495,435,0
01/28/2025 10:00,359,507,0,507,359,0
01/28/2025 10:15,394,530,0,533,397,0
01/28/2025 10:30,185,544,0,545,186,0
01/28/2025 10:45,315,520,0,520,315,0
01/28/2025 11:00,537,555,0,564,546,0
01/28/2025 11:15,770,595,0,589,764,0
01/28/2025 11:30,981,535,0,533,979,0
01/28/2025 11:45,911,622,0,622,911,0
01/28/2025 12:00,972,603,0,606,975,0
01/28/2025 12:15,963,674,0,682,971,0
01/28/2025 12:30,958,652,0,644,950,0
01/28/2025 12:45,940,553,0,506,893,0
01/28/2025 13:00,891,627,0,485,749,0
01/28/2025 13:15,821,590,0,306,537,0
01/28/2025 13:30,741,546,0,110,305,0
01/28/2025 13:45,612,588,0,38,62,0
01/28/2025 14:00,461,597,0,188,52,0
01/28/2025 14:15,298,576,0,285,7,0
01/28/2025 14:30,174,620,0,477,31,0
01/28/2025 14:45,144,599,0,477,22,0
01/28/2025 15:00,124,541,0,461,44,0
01/28/2025 15:15,102,521,0,435,16,0
01/28/2025 15:30,116,542,0,438,12,0
01/28/2025 15:45,116,593,0,527,50,0
01/28/2025 16:00,76,599,60,0,0,583
01/28/2025 16:15,33,629,29,0,0,625
01/28/2025 16:30,18,659,14,0,0,655
01/28/2025 16:45,2,538,0,3,0,533
01/28/2025 17:00,0,551,0,6,0,545
01/28/2025 17:15,0,676,0,7,0,669
01/28/2025 17:30,0,897,7,0,0,904
01/28/2025 17:45,0,621,0,3,0,618
01/28/2025 18:00,0,620,0,6,0,614
01/28/2025 18:15,0,571,0,2,0,569
01/28/2025 18:30,0,694,0,15,0,679
01/28/2025 18:45,0,655,0,2,0,653
01/28/2025 19:00,0,659,0,14,0,645
01/28/2025 19:15,0,980,4,0,0,984
01/28/2025 19:30,0,816,0,13,0,803
01/28/2025 19:45,0,748,0,498,8,258
01/28/2025 20:00,0,788,0,793,5,0
01/28/2025 20:15,0,661,0,662,1,0
01/28/2025 20:30,0,651,0,653,2,0
01/28/2025 20:45,0,286,0,288,2,0
01/28/2025 21:00,0,828,0,832,4,0
01/28/2025 21:15,0,921,0,923,2,0
01/28/2025 21:30,0,648,0,649,1,0
01/28/2025 21:45,0,521,0,523,2,0
01/28/2025 22:00,0,749,0,749,0,0
01/28/2025 22:15,0,280,0,281,1,0
01/28/2025 22:30,0,175,0,175,0,0
01/28/2025 22:45,0,584,0,584,0,0
01/28/2025 23:00,0,1040,0,1101,61,0
01/28/2025 23:15,0,924,0,936,12,0
01/28/2025 23:30,0,765,0,779,14,0
01/28/2025 23:45,0,700,0,712,12,0
01/29/2025 00:00,0,563,0,575,12,0
01/29/2025 00:15,0,646,0,660,14,0
01/29/2025 00:30,0,851,0,863,12,0
01/29/2025 00:45,0,591,0,605,14,0
01/29/2025 01:00,0,616,0,684,68,0
01/29/2025 01:15,0,721,0,733,12,0
01/29/2025 01:30,0,695,0,707,12,0
01/29/2025 01:45,0,542,0,554,12,0
01/29/2025 02:00,0,792,0,804,12,0
01/29/2025 02:15,0,602,0,614,12,0
01/29/2025 02:30,0,550,0,560,10,0
01/29/2025 02:45,0,802,0,814,12,0
01/29/2025 03:00,0,570,0,582,12,0
01/29/2025 03:15,0,661,0,703,42,0
01/29/2025 03:30,0,753,0,793,40,0
01/29/2025 03:45,0,819,0,861,42,0
01/29/2025 04:00,0,598,0,640,42,0
01/29/2025 04:15,0,715,0,775,60,0
01/29/2025 04:30,0,694,0,1246,552,0
01/29/2025 04:45,0,744,0,1298,554,0
01/29/2025 05:00,0,887,0,1440,553,0
01/29/2025 05:15,0,711,0,1265,554,0
01/29/2025 05:30,0,623,0,1179,556,0
01/29/2025 05:45,0,621,0,1220,599,0
01/29/2025 06:00,0,690,0,1410,720,0
01/29/2025 06:15,0,768,0,1589,821,0
01/29/2025 06:30,0,937,0,1783,846,0
01/29/2025 06:45,0,701,0,1548,847,0
01/29/2025 07:00,0,759,0,1598,839,0
01/29/2025 07:15,0,798,0,1630,832,0
01/29/2025 07:30,0,1006,0,1826,820,0
01/29/2025 07:45,0,640,0,1434,794,0
01/29/2025 08:00,0,872,0,1610,738,0
01/29/2025 08:15,6,830,0,1491,667,0
01/29/2025 08:30,25,726,0,1284,583,0
01/29/2025 08:45,22,719,0,1169,472,0
01/29/2025 09:00,35,771,0,1058,322,0
01/29/2025 09:15,37,792,0,983,228,0
01/29/2025 09:30,71,680,0,722,113,0
01/29/2025 09:45,70,557,0,561,74,0
01/29/2025 10:00,67,547,0,512,32,0
01/29/2025 10:15,25,612,0,609,22,0
01/29/2025 10:30,102,546,0,452,8,0
01/29/2025 10:45,93,690,0,615,18,0
01/29/2025 11:00,281,549,0,282,14,0
01/29/2025 11:15,446,516,0,78,8,0
01/29/2025 11:30,597,559,22,0,16,0
01/29/2025 11:45,732,515,183,0,34,0
01/29/2025 12:00,793,403,330,0,60,0
01/29/2025 12:15,817,345,441,0,31,0
01/29/2025 12:30,883,511,365,0,7,0
01/29/2025 12:45,426,441,0,28,13,0
01/29/2025 13:00,306,411,0,116,11,0
01/29/2025 13:15,263,527,0,271,7,0
01/29/2025 13:30,633,395,222,0,16,0
01/29/2025 13:45,515,380,112,0,23,0
01/29/2025 14:00,408,954,0,599,53,0
01/29/2025 14:15,409,1700,0,1346,55,0
01/29/2025 14:30,180,1426,0,1258,12,0
01/29/2025 14:45,233,537,0,321,17,0
01/29/2025 15:00,210,559,0,354,5,0
01/29/2025 15:15,150,526,0,393,17,0
01/29/2025 15:30,152,545,0,394,1,0
01/29/2025 15:45,147,504,0,403,46,0
01/29/2025 16:00,68,465,0,399,2,0
01/29/2025 16:15,29,431,0,416,14,0
01/29/2025 16:30,40,470,0,448,18,0
01/29/2025 16:45,3,616,0,621,8,0
01/29/2025 17:00,0,597,0,619,22,0
01/29/2025 17:15,0,702,0,725,23,0
01/29/2025 17:30,0,641,0,652,11,0
01/29/2025 17:45,0,566,0,582,16,0
01/29/2025 18:00,0,563,0,577,14,0
01/29/2025 18:15,0,605,0,619,14,0
01/29/2025 18:30,0,610,0,614,4,0
01/29/2025 18:45,0,568,0,588,20,0
01/29/2025 19:00,0,586,0,591,5,0
01/29/2025 19:15,0,811,0,828,17,0
01/29/2025 19:30,0,736,0,785,49,0
01/29/2025 19:45,0,712,0,726,14,0
01/29/2025 20:00,0,669,0,707,38,0
01/29/2025 20:15,0,597,0,617,20,0
01/29/2025 20:30,0,316,0,334,18,0
01/29/2025 20:45,0,286,0,291,5,0
01/29/2025 21:00,0,623,0,642,19,0
01/29/2025 21:15,0,361,0,371,10,0
01/29/2025 21:30,0,772,0,781,9,0
01/29/2025 21:45,0,650,0,669,19,0
01/29/2025 22:00,0,684,0,700,16,0
01/29/2025 22:15,0,863,0,883,20,0
01/29/2025 22:30,0,662,0,677,15,0
01/29/2025 22:45,0,402,0,418,16,0
01/29/2025 23:00,0,532,0,537,5,0
01/29/2025 23:15,0,258,0,266,8,0
01/29/2025 23:30,0,150,0,153,3,0
01/29/2025 23:45,0,451,0,451,0,0
01/30/2025 00:00,0,769,0,769,0,0
01/30/2025 00:15,0,606,0,606,0,0
01/30/2025 00:30,0,676,0,677,1,0
01/30/2025 00:45,0,583,0,584,1,0
01/30/2025 01:00,0,600,0,602,2,0
01/30/2025 01:15,0,838,0,842,4,0
01/30/2025 01:30,0,637,0,641,4,0
01/30/2025 01:45,0,504,0,508,4,0
01/30/2025 02:00,0,713,0,716,3,0
01/30/2025 02:15,0,527,0,529,2,0
01/30/2025 02:30,0,731,0,735,4,0
01/30/2025 02:45,0,742,0,745,3,0
01/30/2025 03:00,0,562,0,564,2,0
01/30/2025 03:15,0,559,0,563,4,0
01/30/2025 03:30,0,662,0,664,2,0
01/30/2025 03:45,0,635,0,639,4,0
01/30/2025 04:00,0,836,0,836,0,0
01/30/2025 04:15,0,790,0,793,3,0
01/30/2025 04:30,0,515,0,520,5,0
01/30/2025 04:45,0,634,0,636,2,0
01/30/2025 05:00,0,656,0,662,6,0
01/30/2025 05:15,0,723,0,727,4,0
01/30/2025 05:30,0,835,0,839,4,0
01/30/2025 05:45,0,537,0,537,0,0
01/30/2025 06:00,0,636,0,638,2,0
01/30/2025 06:15,0,804,0,808,4,0
01/30/2025 06:30,0,920,0,922,2,0
01/30/2025 06:45,0,1053,0,1055,2,0
01/30/2025 07:00,1,997,0,996,0,0
01/30/2025 07:15,24,815,0,805,14,0
01/30/2025 07:30,134,881,0,875,128,0
01/30/2025 07:45,193,711,0,712,194,0
01/30/2025 08:00,179,818,0,691,52,0
01/30/2025 08:15,160,1085,0,946,21,0
01/30/2025 08:30,169,858,0,723,34,0
01/30/2025 08:45,256,891,0,650,15,0
01/30/2025 09:00,348,995,0,671,24,0
01/30/2025 09:15,442,914,0,490,18,0
01/30/2025 09:30,494,843,0,359,10,0
01/30/2025 09:45,592,962,0,402,32,0
01/30/2025 10:00,658,801,0,150,7,0
01/30/2025 10:15,747,561,159,0,27,0
01/30/2025 10:30,851,675,165,0,11,0
01/30/2025 10:45,929,561,343,0,25,0
01/30/2025 11:00,997,497,483,0,17,0
01/30/2025 11:15,1039,619,409,0,11,0
01/30/2025 11:30,1067,741,299,0,27,0
01/30/2025 11:45,1059,714,339,0,6,0
01/30/2025 12:00,1066,710,326,0,30,0
01/30/2025 12:15,1066,998,58,0,10,0
01/30/2025 12:30,1051,1826,0,799,24,0
01/30/2025 12:45,1013,1217,0,217,13,0
01/30/2025 13:00,962,575,374,0,13,0
01/30/2025 13:15,878,506,350,0,22,0
01/30/2025 13:30,790,582,208,0,0,0
01/30/2025 13:45,670,651,0,7,26,0
01/30/2025 14:00,502,541,0,49,10,0
01/30/2025 14:15,337,595,0,278,20,0
01/30/2025 14:30,198,617,0,434,15,0
01/30/2025 14:45,156,579,0,436,13,0
01/30/2025 15:00,133,634,0,521,20,0
01/30/2025 15:15,116,593,0,487,10,0
01/30/2025 15:30,134,490,0,382,26,0
01/30/2025 15:45,127,680,0,563,10,0
01/30/2025 16:00,86,716,39,0,0,669
01/30/2025 16:15,41,556,42,0,0,557
01/30/2025 16:30,19,568,12,0,0,561
01/30/2025 16:45,2,647,2,0,0,647
01/30/2025 17:00,0,586,0,9,0,577
01/30/2025 17:15,0,882,0,5,0,877
01/30/2025 17:30,0,820,0,0,0,820
01/30/2025 17:45,0,677,0,6,0,671
01/30/2025 18:00,0,668,10,0,0,678
01/30/2025 18:15,0,567,0,3,0,564
01/30/2025 18:30,0,775,0,1,0,774
01/30/2025 18:45,0,673,0,4,0,669
01/30/2025 19:00,0,865,3,0,0,868
01/30/2025 19:15,0,941,5,0,0,946
01/30/2025 19:30,0,681,0,27,1,655
01/30/2025 19:45,0,776,0,784,8,0
01/30/2025 20:00,0,685,0,688,3,0
01/30/2025 20:15,0,696,0,698,2,0
01/30/2025 20:30,0,975,0,977,2,0
01/30/2025 20:45,0,735,0,735,0,0
01/30/2025 21:00,0,667,0,667,0,0
01/30/2025 21:15,0,941,0,943,2,0
01/30/2025 21:30,0,849,0,849,0,0
01/30/2025 21:45,0,830,0,830,0,0
01/30/2025 22:00,0,784,0,784,0,0
01/30/2025 22:15,0,648,0,648,0,0
01/30/2025 22:30,0,543,0,543,0,0
01/30/2025 22:45,0,598,0,636,38,0
01/30/2025 23:00,0,549,0,589,40,0
01/30/2025 23:15,0,445,0,483,38,0
01/30/2025 23:30,0,554,0,555,1,0
01/30/2025 23:45,0,321,0,363,42,0
01/31/2025 00:00,0,710,0,749,39,0
01/31/2025 00:15,0,879,0,884,5,0
01/31/2025 00:30,0,557,0,600,43,0
01/31/2025 00:45,0,507,0,512,5,0
01/31/2025 01:00,0,661,0,705,44,0
01/31/2025 01:15,0,661,0,663,2,0
01/31/2025 01:30,0,654,0,698,44,0
01/31/2025 01:45,0,688,0,730,42,0
01/31/2025 02:00,0,563,0,606,43,0
01/31/2025 02:15,0,574,0,582,8,0
01/31/2025 02:30,0,728,0,772,44,0
01/31/2025 02:45,0,532,0,576,44,0
01/31/2025 03:00,0,578,0,584,6,0
01/31/2025 03:15,0,563,0,607,44,0
01/31/2025 03:30,0,649,0,693,44,0
01/31/2025 03:45,0,688,0,734,46,0
01/31/2025 04:00,0,615,0,621,6,0
01/31/2025 04:15,0,548,0,590,42,0
01/31/2025 04:30,0,607,0,613,6,0
01/31/2025 04:45,0,682,0,728,46,0
01/31/2025 05:00,0,569,0,615,46,0
01/31/2025 05:15,0,635,0,640,5,0
01/31/2025 05:30,0,518,0,560,42,0
01/31/2025 05:45,0,547,0,591,44,0
01/31/2025 06:00,0,846,0,890,44,0
01/31/2025 06:15,0,620,0,662,42,0
01/31/2025 06:30,0,610,0,616,6,0
01/31/2025 06:45,0,772,0,816,44,0
01/31/2025 07:00,0,696,0,741,45,0
01/31/2025 07:15,3,759,0,762,6,0
01/31/2025 07:30,15,703,0,734,46,0
01/31/2025 07:45,49,576,0,569,42,0
01/31/2025 08:00,87,723,0,719,83,0
01/31/2025 08:15,113,711,0,708,110,0
01/31/2025 08:30,209,714,0,715,210,0
01/31/2025 08:45,199,660,0,667,206,0
01/31/2025 09:00,169,683,0,691,177,0
01/31/2025 09:15,187,702,0,705,190,0
01/31/2025 09:30,136,695,0,702,143,0
01/31/2025 09:45,159,669,0,674,164,0
01/31/2025 10:00,252,628,0,625,249,0
01/31/2025 10:15,296,565,0,574,305,0
01/31/2025 10:30,235,524,0,530,241,0
01/31/2025 10:45,236,586,0,592,242,0
01/31/2025 11:00,169,642,0,647,174,0
01/31/2025 11:15,200,510,0,512,202,0
01/31/2025 11:30,192,582,0,585,195,0
01/31/2025 11:45,156,562,0,566,160,0
01/31/2025 12:00,188,583,0,584,189,0
01/31/2025 12:15,117,560,0,565,122,0
01/31/2025 12:30,121,545,0,548,124,0
01/31/2025 12:45,112,620,0,627,119,0
01/31/2025 13:00,109,614,0,619,114,0
01/31/2025 13:15,130,536,0,541,135,0
01/31/2025 13:30,120,512,0,1270,878,0
01/31/2025 13:45,112,545,0,1460,1027,0
01/31/2025 14:00,90,590,0,1548,1048,0
01/31/2025 14:15,74,599,0,1605,1080,0
01/31/2025 14:30,62,561,0,1595,1096,0
01/31/2025 14:45,56,555,0,1603,1104,0
01/31/2025 15:00,61,597,0,1591,1055,0
01/31/2025 15:15,46,572,0,1459,933,0
01/31/2025 15:30,33,528,0,1236,741,0
01/31/2025 15:45,23,580,0,913,356,0
01/31/2025 16:00,15,531,5,0,2,523
01/31/2025 16:15,2,540,0,0,0,538
01/31/2025 16:30,0,581,0,2,0,579
01/31/2025 16:45,0,581,0,1,0,580
01/31/2025 17:00,0,657,0,5,0,652
01/31/2025 17:15,0,704,7,0,0,711
01/31/2025 17:30,0,575,0,1,0,574
01/31/2025 17:45,0,903,0,5,0,898
01/31/2025 18:00,0,632,1,0,0,633
01/31/2025 18:15,0,621,0,2,0,619
01/31/2025 18:30,0,655,0,5,0,650
01/31/2025 18:45,0,936,2,0,0,938
01/31/2025 19:00,0,779,0,2,0,777
01/31/2025 19:15,0,655,0,0,0,655
01/31/2025 19:30,0,666,0,3,0,663
01/31/2025 19:45,0,685,0,203,4,486
01/31/2025 20:00,0,326,0,336,10,0
01/31/2025 20:15,0,183,0,186,3,0
01/31/2025 20:30,0,177,0,178,1,0
01/31/2025 20:45,0,601,0,605,4,0
01/31/2025 21:00,0,656,0,656,0,0
01/31/2025 21:15,0,618,0,618,0,0
01/31/2025 21:30,0,312,0,312,0,0
01/31/2025 21:45,0,145,0,145,0,0
01/31/2025 22:00,0,343,0,343,0,0
01/31/2025 22:15,0,877,0,877,0,0
01/31/2025 22:30,0,893,0,893,0,0
01/31/2025 22:45,0,755,0,755,0,0
01/31/2025 23:00,0,563,0,641,78,0
01/31/2025 23:15,0,134,0,138,4,0
01/31/2025 23:30,0,526,0,526,0,0
01/31/2025 23:45,0,476,0,476,0,0
