Date/Time,Energy Produced (Wh),Energy Consumed (Wh),Exported to Grid (Wh),Imported from Grid (Wh),Stored in batteries (Wh),Discharged from batteries (Wh)
10/01/2025 00:00,0,129,0,4,0,125
10/01/2025 00:15,0,147,0,4,0,143
10/01/2025 00:30,0,242,0,8,0,234
10/01/2025 00:45,0,266,0,193,48,121
10/01/2025 01:00,0,110,0,124,14,0
10/01/2025 01:15,0,137,0,145,8,0
10/01/2025 01:30,0,138,0,145,7,0
10/01/2025 01:45,0,169,0,176,7,0
10/01/2025 02:00,0,191,0,197,6,0
10/01/2025 02:15,0,147,0,155,8,0
10/01/2025 02:30,0,144,0,150,6,0
10/01/2025 02:45,0,135,0,142,7,0
10/01/2025 03:00,0,108,0,115,7,0
10/01/2025 03:15,0,108,0,115,7,0
10/01/2025 03:30,0,135,0,141,6,0
10/01/2025 03:45,0,140,0,147,7,0
10/01/2025 04:00,0,122,0,129,7,0
10/01/2025 04:15,0,109,0,116,7,0
10/01/2025 04:30,0,118,0,125,7,0
10/01/2025 04:45,0,126,0,237,111,0
10/01/2025 05:00,0,114,0,126,12,0
10/01/2025 05:15,0,141,0,147,6,0
10/01/2025 05:30,0,117,0,123,6,0
10/01/2025 05:45,0,106,0,113,7,0
10/01/2025 06:00,0,110,0,116,6,0
10/01/2025 06:15,0,139,0,246,107,0
10/01/2025 06:30,0,114,0,125,11,0
10/01/2025 06:45,3,150,0,153,6,0
10/01/2025 07:00,62,134,0,126,54,0
10/01/2025 07:15,205,279,0,276,202,0
10/01/2025 07:30,299,252,0,243,290,0
10/01/2025 07:45,377,236,0,235,376,0
10/01/2025 08:00,441,239,0,242,444,0
10/01/2025 08:15,469,147,0,149,471,0
10/01/2025 08:30,417,149,0,151,419,0
10/01/2025 08:45,492,161,0,175,506,0
10/01/2025 09:00,494,128,0,125,491,0
10/01/2025 09:15,525,118,0,138,545,0
10/01/2025 09:30,606,141,0,137,602,0
10/01/2025 09:45,730,120,0,125,735,0
10/01/2025 10:00,770,102,0,113,781,0
10/01/2025 10:15,814,112,0,121,823,0
10/01/2025 10:30,934,127,0,131,938,0
10/01/2025 10:45,1130,109,0,139,1160,0
10/01/2025 11:00,1210,126,0,126,1210,0
10/01/2025 11:15,1280,130,0,152,1302,0
10/01/2025 11:30,1333,100,0,105,1338,0
10/01/2025 11:45,1347,103,0,126,1370,0
10/01/2025 12:00,1343,125,643,0,575,0
10/01/2025 12:15,1360,122,1042,0,196,0
10/01/2025 12:30,1370,134,1075,0,161,0
10/01/2025 12:45,1371,129,1137,0,105,0
10/01/2025 13:00,1357,106,1145,0,106,0
10/01/2025 13:15,1335,110,1158,0,67,0
10/01/2025 13:30,1287,122,1149,0,16,0
10/01/2025 13:45,1190,119,1071,0,0,0
10/01/2025 14:00,1045,132,882,0,31,0
10/01/2025 14:15,999,120,845,0,34,0
10/01/2025 14:30,902,106,794,0,2,0
10/01/2025 14:45,792,114,666,0,12,0
10/01/2025 15:00,660,130,479,0,51,0
10/01/2025 15:15,520,114,390,0,16,0
10/01/2025 15:30,433,136,297,0,0,0
10/01/2025 15:45,373,109,243,0,21,0
10/01/2025 16:00,333,106,347,0,0,120
10/01/2025 16:15,273,108,268,0,0,103
10/01/2025 16:30,171,127,169,0,0,125
10/01/2025 16:45,88,120,83,0,0,115
10/01/2025 17:00,73,132,73,0,0,132
10/01/2025 17:15,60,103,58,0,0,101
10/01/2025 17:30,44,149,42,0,0,147
10/01/2025 17:45,31,305,26,0,0,300
10/01/2025 18:00,17,193,14,0,0,190
10/01/2025 18:15,2,160,0,1,0,157
10/01/2025 18:30,0,139,0,2,0,137
10/01/2025 18:45,0,160,6,0,0,166
10/01/2025 19:00,0,242,0,5,0,237
10/01/2025 19:15,0,244,0,2,0,242
10/01/2025 19:30,0,364,1,0,0,365
10/01/2025 19:45,0,292,0,3,0,289
10/01/2025 20:00,0,315,6,21,21,321
10/01/2025 20:15,0,246,0,2,0,244
10/01/2025 20:30,0,298,5,0,0,303
10/01/2025 20:45,0,351,6,0,0,357
10/01/2025 21:00,0,566,17,0,0,583
10/01/2025 21:15,0,460,18,0,0,478
10/01/2025 21:30,0,646,29,0,0,675
10/01/2025 21:45,0,435,0,3,0,432
10/01/2025 22:00,0,264,18,0,0,282
10/01/2025 22:15,0,287,4,0,0,291
10/01/2025 22:30,0,293,10,0,0,303
10/01/2025 22:45,0,142,0,4,0,138
10/01/2025 23:00,0,107,0,4,0,103
10/01/2025 23:15,0,115,0,5,0,110
10/01/2025 23:30,0,112,0,6,0,106
10/01/2025 23:45,0,211,0,3,0,208
10/02/2025 00:00,0,128,0,0,0,128
10/02/2025 00:15,0,131,0,6,0,125
10/02/2025 00:30,0,104,0,6,0,98
10/02/2025 00:45,0,106,0,7,0,99
10/02/2025 01:00,0,119,0,6,0,113
10/02/2025 01:15,0,136,0,4,0,132
10/02/2025 01:30,0,132,0,5,0,127
10/02/2025 01:45,0,208,0,3,0,205
10/02/2025 02:00,0,123,0,3,0,120
10/02/2025 02:15,0,122,0,6,0,116
10/02/2025 02:30,0,112,0,2,0,110
10/02/2025 02:45,0,122,0,3,0,119
10/02/2025 03:00,0,136,0,5,0,131
10/02/2025 03:15,0,107,0,4,0,103
10/02/2025 03:30,0,105,0,2,0,103
10/02/2025 03:45,0,118,0,2,0,116
10/02/2025 04:00,0,187,0,0,0,187
10/02/2025 04:15,0,168,0,3,0,165
10/02/2025 04:30,0,136,0,5,0,131
10/02/2025 04:45,0,112,0,3,0,109
10/02/2025 05:00,0,106,0,4,0,102
10/02/2025 05:15,0,108,0,3,0,105
10/02/2025 05:30,0,133,0,2,0,131
10/02/2025 05:45,0,112,0,1,0,111
10/02/2025 06:00,0,132,0,2,0,130
10/02/2025 06:15,0,120,0,1,0,119
10/02/2025 06:30,0,107,0,9,6,104
10/02/2025 06:45,2,221,27,50,52,248
10/02/2025 07:00,50,145,0,127,58,26
10/02/2025 07:15,201,299,0,298,200,0
10/02/2025 07:30,291,259,0,257,289,0
10/02/2025 07:45,366,229,0,231,368,0
10/02/2025 08:00,396,215,0,215,396,0
10/02/2025 08:15,415,179,0,183,419,0
10/02/2025 08:30,368,122,0,127,373,0
10/02/2025 08:45,435,130,0,141,446,0
10/02/2025 09:00,478,114,0,121,485,0
10/02/2025 09:15,516,137,0,146,525,0
10/02/2025 09:30,583,113,0,111,581,0
10/02/2025 09:45,718,104,0,104,718,0
10/02/2025 10:00,756,105,0,106,757,0
10/02/2025 10:15,781,132,0,134,783,0
10/02/2025 10:30,920,113,0,118,925,0
10/02/2025 10:45,1118,125,0,120,1113,0
10/02/2025 11:00,1190,128,0,151,1213,0
10/02/2025 11:15,1260,104,0,117,1273,0
10/02/2025 11:30,1309,105,0,131,1335,0
10/02/2025 11:45,1329,111,0,119,1337,0
10/02/2025 12:00,1335,126,235,0,974,0
10/02/2025 12:15,1337,113,1018,0,206,0
10/02/2025 12:30,1348,147,1066,0,135,0
10/02/2025 12:45,1349,108,1133,0,108,0
10/02/2025 13:00,1336,107,1146,0,83,0
10/02/2025 13:15,1313,105,1170,0,38,0
10/02/2025 13:30,1258,136,1111,0,11,0
10/02/2025 13:45,1167,113,1020,0,34,0
10/02/2025 14:00,1085,143,926,0,16,0
10/02/2025 14:15,981,108,847,0,26,0
10/02/2025 14:30,873,109,758,0,6,0
10/02/2025 14:45,776,111,642,0,23,0
10/02/2025 15:00,630,129,443,0,58,0
10/02/2025 15:15,529,115,410,0,4,0
10/02/2025 15:30,426,134,272,0,20,0
10/02/2025 15:45,369,106,249,0,14,0
10/02/2025 16:00,339,103,355,0,4,123
10/02/2025 16:15,298,109,295,0,0,106
10/02/2025 16:30,184,125,180,0,0,121
10/02/2025 16:45,115,115,114,0,0,114
10/02/2025 17:00,88,138,88,0,0,138
10/02/2025 17:15,71,116,68,0,0,113
10/02/2025 17:30,58,153,55,0,0,150
10/02/2025 17:45,45,307,35,0,0,297
10/02/2025 18:00,21,170,17,0,0,166
10/02/2025 18:15,2,202,0,0,0,200
10/02/2025 18:30,0,155,0,3,0,152
10/02/2025 18:45,0,157,4,0,0,161
10/02/2025 19:00,0,315,0,3,0,312
10/02/2025 19:15,0,219,0,4,0,215
10/02/2025 19:30,0,268,0,5,0,263
10/02/2025 19:45,0,214,0,6,0,208
10/02/2025 20:00,0,214,0,21,20,213
10/02/2025 20:15,0,229,0,4,0,225
10/02/2025 20:30,0,1438,1,0,0,1439
10/02/2025 20:45,0,1389,6,0,0,1395
10/02/2025 21:00,0,298,0,0,0,298
10/02/2025 21:15,0,230,1,0,0,231
10/02/2025 21:30,0,288,0,1,0,287
10/02/2025 21:45,0,400,11,0,0,411
10/02/2025 22:00,0,370,0,4,0,366
10/02/2025 22:15,0,605,0,0,0,605
10/02/2025 22:30,0,238,0,1,0,237
10/02/2025 22:45,0,213,0,4,0,209
10/02/2025 23:00,0,248,10,0,0,258
10/02/2025 23:15,0,221,0,4,0,217
10/02/2025 23:30,0,156,0,3,0,153
10/02/2025 23:45,0,130,0,8,0,122
10/03/2025 00:00,0,240,0,4,0,236
10/03/2025 00:15,0,117,0,1,0,116
10/03/2025 00:30,0,105,0,2,0,103
10/03/2025 00:45,0,121,0,4,0,117
10/03/2025 01:00,0,127,0,1,0,126
10/03/2025 01:15,0,199,0,1,0,198
10/03/2025 01:30,0,123,0,3,0,120
10/03/2025 01:45,0,120,0,6,0,114
10/03/2025 02:00,0,133,0,5,0,128
10/03/2025 02:15,0,103,0,5,0,98
10/03/2025 02:30,0,173,0,5,0,168
10/03/2025 02:45,0,147,0,2,0,145
10/03/2025 03:00,0,128,0,5,0,123
10/03/2025 03:15,0,104,0,6,0,98
10/03/2025 03:30,0,104,0,3,0,101
10/03/2025 03:45,0,112,0,5,0,107
10/03/2025 04:00,0,137,0,81,28,84
10/03/2025 04:15,0,111,0,121,10,0
10/03/2025 04:30,0,103,0,109,6,0
10/03/2025 04:45,0,182,0,190,8,0
10/03/2025 05:00,0,158,0,164,6,0
10/03/2025 05:15,0,110,0,117,7,0
10/03/2025 05:30,0,103,0,109,6,0
10/03/2025 05:45,0,102,0,108,6,0
10/03/2025 06:00,0,125,0,130,5,0
10/03/2025 06:15,0,123,0,129,6,0
10/03/2025 06:30,0,117,0,123,6,0
10/03/2025 06:45,0,117,0,121,4,0
10/03/2025 07:00,30,132,0,128,26,0
10/03/2025 07:15,188,255,0,255,188,0
10/03/2025 07:30,278,274,0,266,270,0
10/03/2025 07:45,352,219,0,218,351,0
10/03/2025 08:00,326,218,0,223,331,0
10/03/2025 08:15,338,227,0,226,337,0
10/03/2025 08:30,331,237,0,238,332,0
10/03/2025 08:45,394,162,0,159,391,0
10/03/2025 09:00,476,137,0,145,484,0
10/03/2025 09:15,496,148,0,152,500,0
10/03/2025 09:30,560,172,0,171,559,0
10/03/2025 09:45,686,145,0,140,681,0
10/03/2025 10:00,731,139,0,151,743,0
10/03/2025 10:15,764,128,0,140,776,0
10/03/2025 10:30,858,157,0,158,859,0
10/03/2025 10:45,1070,142,0,163,1091,0
10/03/2025 11:00,1155,151,0,167,1171,0
10/03/2025 11:15,1229,244,0,245,1230,0
10/03/2025 11:30,1266,195,0,213,1284,0
10/03/2025 11:45,1293,148,0,142,1287,0
10/03/2025 12:00,1298,127,0,144,1315,0
10/03/2025 12:15,1304,115,476,0,713,0
10/03/2025 12:30,1308,121,997,0,190,0
10/03/2025 12:45,1305,132,1102,0,71,0
10/03/2025 13:00,1300,138,1155,0,7,0
10/03/2025 13:15,1269,117,1149,0,3,0
10/03/2025 13:30,1195,118,1005,0,72,0
10/03/2025 13:45,1088,130,927,0,31,0
10/03/2025 14:00,1023,143,876,0,4,0
10/03/2025 14:15,942,115,807,0,20,0
10/03/2025 14:30,835,113,702,0,20,0
10/03/2025 14:45,679,130,547,0,2,0
10/03/2025 15:00,555,138,407,0,10,0
10/03/2025 15:15,516,113,361,0,42,0
10/03/2025 15:30,404,111,283,0,10,0
10/03/2025 15:45,346,134,204,0,8,0
10/03/2025 16:00,298,137,302,0,7,148
10/03/2025 16:15,248,112,243,0,0,107
10/03/2025 16:30,159,111,156,0,0,108
10/03/2025 16:45,81,124,76,0,0,119
10/03/2025 17:00,70,136,67,0,0,133
10/03/2025 17:15,53,114,48,0,0,109
10/03/2025 17:30,40,272,36,0,0,268
10/03/2025 17:45,28,175,22,0,0,169
10/03/2025 18:00,13,182,13,0,0,182
10/03/2025 18:15,0,164,0,2,0,162
10/03/2025 18:30,0,167,0,5,0,162
10/03/2025 18:45,0,163,11,0,0,174
10/03/2025 19:00,0,172,0,5,0,167
10/03/2025 19:15,0,316,0,4,0,312
10/03/2025 19:30,0,218,0,4,0,214
10/03/2025 19:45,0,309,0,4,0,305
10/03/2025 20:00,0,315,3,19,19,318
10/03/2025 20:15,0,365,0,0,0,365
10/03/2025 20:30,0,255,0,0,0,255
10/03/2025 20:45,0,404,28,0,0,432
10/03/2025 21:00,0,658,8,0,0,666
10/03/2025 21:15,0,500,23,0,0,523
10/03/2025 21:30,0,386,20,0,0,406
10/03/2025 21:45,0,531,11,0,0,542
10/03/2025 22:00,0,489,3,0,0,492
10/03/2025 22:15,0,572,0,1,0,571
10/03/2025 22:30,0,230,5,0,0,235
10/03/2025 22:45,0,229,0,3,0,226
10/03/2025 23:00,0,144,0,4,0,140
10/03/2025 23:15,0,116,0,4,0,112
10/03/2025 23:30,0,168,0,6,0,162
10/03/2025 23:45,0,204,0,2,0,202
10/04/2025 00:00,0,119,0,4,0,115
10/04/2025 00:15,0,109,0,7,0,102
10/04/2025 00:30,0,173,0,3,0,170
10/04/2025 00:45,0,196,3,0,0,199
10/04/2025 01:00,0,110,0,1,0,109
10/04/2025 01:15,0,119,3,0,0,122
10/04/2025 01:30,0,128,1,0,0,129
10/04/2025 01:45,0,102,0,1,0,101
10/04/2025 02:00,0,183,0,3,0,180
10/04/2025 02:15,0,172,5,0,0,177
10/04/2025 02:30,0,114,0,5,0,109
10/04/2025 02:45,0,102,0,4,0,98
10/04/2025 03:00,0,131,0,5,0,126
10/04/2025 03:15,0,124,0,5,0,119
10/04/2025 03:30,0,105,0,5,0,100
10/04/2025 03:45,0,117,0,3,0,114
10/04/2025 04:00,0,131,0,1,0,130
10/04/2025 04:15,0,181,0,4,0,177
10/04/2025 04:30,0,143,2,0,0,145
10/04/2025 04:45,0,129,0,5,0,124
10/04/2025 05:00,0,118,0,5,0,113
10/04/2025 05:15,0,103,0,4,0,99
10/04/2025 05:30,0,116,0,6,0,110
10/04/2025 05:45,0,136,0,106,72,102
10/04/2025 06:00,0,106,0,117,11,0
10/04/2025 06:15,0,102,0,108,6,0
10/04/2025 06:30,0,116,0,122,6,0
10/04/2025 06:45,4,216,0,216,4,0
10/04/2025 07:00,51,144,0,133,40,0
10/04/2025 07:15,181,111,0,113,183,0
10/04/2025 07:30,260,127,0,126,259,0
10/04/2025 07:45,325,326,0,328,327,0
10/04/2025 08:00,311,325,0,335,321,0
10/04/2025 08:15,310,372,0,375,313,0
10/04/2025 08:30,303,352,0,359,310,0
10/04/2025 08:45,331,273,0,275,333,0
10/04/2025 09:00,426,249,0,247,424,0
10/04/2025 09:15,479,226,0,229,482,0
10/04/2025 09:30,528,102,0,113,539,0
10/04/2025 09:45,645,112,0,117,650,0
10/04/2025 10:00,701,223,0,230,708,0
10/04/2025 10:15,728,123,0,131,736,0
10/04/2025 10:30,786,103,0,102,785,0
10/04/2025 10:45,993,165,0,171,999,0
10/04/2025 11:00,1097,192,0,205,1110,0
10/04/2025 11:15,1172,102,0,114,1184,0
10/04/2025 11:30,1209,99,0,112,1222,0
10/04/2025 11:45,1240,171,0,176,1245,0
10/04/2025 12:00,1254,191,0,223,1286,0
10/04/2025 12:15,1255,107,0,82,1230,0
10/04/2025 12:30,1253,129,837,0,287,0
10/04/2025 12:45,1256,148,965,0,143,0
10/04/2025 13:00,1233,151,1065,0,17,0
10/04/2025 13:15,1205,763,423,0,19,0
10/04/2025 13:30,1142,2659,0,1564,47,0
10/04/2025 13:45,1060,2075,0,1063,48,0
10/04/2025 14:00,988,1322,0,340,6,0
10/04/2025 14:15,887,1356,0,482,13,0
10/04/2025 14:30,792,1358,0,590,24,0
10/04/2025 14:45,700,992,0,297,5,0
10/04/2025 15:00,576,225,341,0,10,0
10/04/2025 15:15,473,271,185,0,17,0
10/04/2025 15:30,414,302,100,0,12,0
10/04/2025 15:45,366,311,49,0,6,0
10/04/2025 16:00,304,305,305,0,0,306
10/04/2025 16:15,245,164,243,0,0,162
10/04/2025 16:30,171,168,169,0,0,166
10/04/2025 16:45,100,145,100,0,0,145
10/04/2025 17:00,81,142,74,0,0,135
10/04/2025 17:15,67,167,58,0,0,158
10/04/2025 17:30,51,276,46,0,0,271
10/04/2025 17:45,34,238,33,0,0,237
10/04/2025 18:00,16,184,13,0,0,181
10/04/2025 18:15,0,204,0,6,0,198
10/04/2025 18:30,0,209,0,2,0,207
10/04/2025 18:45,0,197,0,5,0,192
10/04/2025 19:00,0,246,0,2,0,244
10/04/2025 19:15,0,615,0,10,0,605
10/04/2025 19:30,0,495,0,0,0,495
10/04/2025 19:45,0,283,0,4,0,279
10/04/2025 20:00,0,366,15,18,18,381
10/04/2025 20:15,0,505,0,2,0,503
10/04/2025 20:30,0,1709,0,3,0,1706
10/04/2025 20:45,0,1886,3,0,0,1889
10/04/2025 21:00,0,379,0,2,0,377
10/04/2025 21:15,0,397,6,0,0,403
10/04/2025 21:30,0,373,22,0,0,395
10/04/2025 21:45,0,374,6,0,0,380
10/04/2025 22:00,0,484,4,0,0,488
10/04/2025 22:15,0,234,7,0,0,241
10/04/2025 22:30,0,227,2,0,0,229
10/04/2025 22:45,0,278,0,1,0,277
10/04/2025 23:00,0,288,0,5,0,283
10/04/2025 23:15,0,198,3,0,0,201
10/04/2025 23:30,0,137,0,8,0,129
10/04/2025 23:45,0,186,0,20,12,178
10/05/2025 00:00,0,284,0,302,30,12
10/05/2025 00:15,0,155,0,165,10,0
10/05/2025 00:30,0,136,0,143,7,0
10/05/2025 00:45,0,158,0,165,7,0
10/05/2025 01:00,0,281,0,288,7,0
10/05/2025 01:15,0,153,0,161,8,0
10/05/2025 01:30,0,135,0,142,7,0
10/05/2025 01:45,0,136,0,143,7,0
10/05/2025 02:00,0,175,0,181,6,0
10/05/2025 02:15,0,162,0,168,6,0
10/05/2025 02:30,0,235,0,243,8,0
10/05/2025 02:45,0,154,0,160,6,0
10/05/2025 03:00,0,159,0,165,6,0
10/05/2025 03:15,0,166,0,173,7,0
10/05/2025 03:30,0,137,0,144,7,0
10/05/2025 03:45,0,137,0,143,6,0
10/05/2025 04:00,0,146,0,152,6,0
10/05/2025 04:15,0,265,0,390,125,0
10/05/2025 04:30,0,176,0,189,13,0
10/05/2025 04:45,0,138,0,146,8,0
10/05/2025 05:00,0,136,0,142,6,0
10/05/2025 05:15,0,161,0,168,7,0
10/05/2025 05:30,0,166,0,172,6,0
10/05/2025 05:45,0,136,0,142,6,0
10/05/2025 06:00,0,135,0,141,6,0
10/05/2025 06:15,0,146,0,276,131,1
10/05/2025 06:30,0,173,0,183,10,0
10/05/2025 06:45,0,210,0,217,7,0
10/05/2025 07:00,26,217,0,208,17,0
10/05/2025 07:15,159,138,0,133,154,0
10/05/2025 07:30,237,152,0,151,236,0
10/05/2025 07:45,279,427,0,425,277,0
10/05/2025 08:00,268,234,0,240,274,0
10/05/2025 08:15,275,356,0,353,272,0
10/05/2025 08:30,275,153,0,159,281,0
10/05/2025 08:45,291,249,0,249,291,0
10/05/2025 09:00,390,182,0,177,385,0
10/05/2025 09:15,461,168,0,176,469,0
10/05/2025 09:30,506,147,0,145,504,0
10/05/2025 09:45,612,163,0,179,628,0
10/05/2025 10:00,686,160,0,162,688,0
10/05/2025 10:15,715,165,0,179,729,0
10/05/2025 10:30,762,152,0,158,768,0
10/05/2025 10:45,968,107,0,108,969,0
10/05/2025 11:00,1086,110,0,112,1088,0
10/05/2025 11:15,1156,128,0,148,1176,0
10/05/2025 11:30,1195,131,0,158,1222,0
10/05/2025 11:45,1227,102,0,103,1228,0
10/05/2025 12:00,1239,101,0,118,1256,0
10/05/2025 12:15,1242,110,0,123,1255,0
10/05/2025 12:30,1231,132,204,0,895,0
10/05/2025 12:45,1226,123,1062,0,41,0
10/05/2025 13:00,1216,106,1031,0,79,0
10/05/2025 13:15,1174,1435,0,305,44,0
10/05/2025 13:30,1111,1621,0,518,8,0
10/05/2025 13:45,1042,1380,0,385,47,0
10/05/2025 14:00,963,1466,0,507,4,0
10/05/2025 14:15,869,1376,0,517,10,0
10/05/2025 14:30,775,288,461,0,26,0
10/05/2025 14:45,668,272,386,0,10,0
10/05/2025 15:00,549,393,141,0,15,0
10/05/2025 15:15,434,157,261,0,16,0
10/05/2025 15:30,365,185,160,0,20,0
10/05/2025 15:45,316,404,0,96,8,0
10/05/2025 16:00,274,221,293,0,0,240
10/05/2025 16:15,224,121,221,0,0,118
10/05/2025 16:30,146,122,140,0,0,116
10/05/2025 16:45,83,140,80,0,0,137
10/05/2025 17:00,69,119,64,0,0,114
10/05/2025 17:15,54,299,47,0,0,292
10/05/2025 17:30,39,427,36,0,0,424
10/05/2025 17:45,25,258,21,0,0,254
10/05/2025 18:00,9,345,7,0,0,343
10/05/2025 18:15,0,436,0,9,0,427
10/05/2025 18:30,0,475,0,2,0,473
10/05/2025 18:45,0,329,1,0,0,330
10/05/2025 19:00,0,349,9,0,0,358
10/05/2025 19:15,0,296,0,4,0,292
10/05/2025 19:30,0,217,0,2,0,215
10/05/2025 19:45,0,193,0,5,0,188
10/05/2025 20:00,0,193,0,23,17,187
10/05/2025 20:15,0,591,0,5,0,586
10/05/2025 20:30,0,389,6,0,0,395
10/05/2025 20:45,0,1016,0,2,0,1014
10/05/2025 21:00,0,1526,28,0,0,1554
10/05/2025 21:15,0,453,1,1,1,454
10/05/2025 21:30,0,193,2,0,0,195
10/05/2025 21:45,0,205,0,6,0,199
10/05/2025 22:00,0,470,17,0,0,487
10/05/2025 22:15,0,461,11,0,0,472
10/05/2025 22:30,0,315,0,0,0,315
10/05/2025 22:45,0,358,0,2,0,356
10/05/2025 23:00,0,345,15,0,0,360
10/05/2025 23:15,0,367,22,0,0,389
10/05/2025 23:30,0,257,1,0,0,258
10/05/2025 23:45,0,114,0,5,0,109
10/06/2025 00:00,0,141,0,3,0,138
10/06/2025 00:15,0,132,0,3,0,129
10/06/2025 00:30,0,105,35,58,58,140
10/06/2025 00:45,0,109,0,125,16,0
10/06/2025 01:00,0,134,0,142,8,0
10/06/2025 01:15,0,134,0,140,6,0
10/06/2025 01:30,0,321,0,329,8,0
10/06/2025 01:45,0,300,0,308,8,0
10/06/2025 02:00,0,137,0,143,6,0
10/06/2025 02:15,0,122,0,128,6,0
10/06/2025 02:30,0,109,0,116,7,0
10/06/2025 02:45,0,105,0,112,7,0
10/06/2025 03:00,0,130,0,136,6,0
10/06/2025 03:15,0,127,0,133,6,0
10/06/2025 03:30,0,101,0,108,7,0
10/06/2025 03:45,0,103,0,109,6,0
10/06/2025 04:00,0,121,0,128,7,0
10/06/2025 04:15,0,134,0,140,6,0
10/06/2025 04:30,0,105,0,112,7,0
10/06/2025 04:45,0,204,0,210,6,0
10/06/2025 05:00,0,312,0,425,113,0
10/06/2025 05:15,0,269,0,293,24,0
10/06/2025 05:30,0,112,0,122,10,0
10/06/2025 05:45,0,104,0,110,6,0
10/06/2025 06:00,0,103,0,110,7,0
10/06/2025 06:15,0,135,0,141,6,0
10/06/2025 06:30,0,122,0,129,7,0
10/06/2025 06:45,0,128,0,134,6,0
10/06/2025 07:00,21,112,0,230,139,0
10/06/2025 07:15,136,229,0,220,127,0
10/06/2025 07:30,209,283,0,290,216,0
10/06/2025 07:45,237,268,0,272,241,0
10/06/2025 08:00,243,251,0,258,250,0
10/06/2025 08:15,249,256,0,256,249,0
10/06/2025 08:30,261,328,0,332,265,0
10/06/2025 08:45,269,170,0,170,269,0
10/06/2025 09:00,379,164,0,160,375,0
10/06/2025 09:15,463,159,0,165,469,0
10/06/2025 09:30,502,180,0,179,501,0
10/06/2025 09:45,605,169,0,166,602,0
10/06/2025 10:00,684,153,0,150,681,0
10/06/2025 10:15,712,139,0,150,723,0
10/06/2025 10:30,756,155,0,165,766,0
10/06/2025 10:45,960,162,0,176,974,0
10/06/2025 11:00,1094,144,0,150,1100,0
10/06/2025 11:15,1162,124,0,136,1174,0
10/06/2025 11:30,1201,145,0,165,1221,0
10/06/2025 11:45,1231,156,0,165,1240,0
10/06/2025 12:00,1247,130,0,137,1254,0
10/06/2025 12:15,1255,108,0,117,1264,0
10/06/2025 12:30,1244,118,69,0,1057,0
10/06/2025 12:45,1250,147,1044,0,59,0
10/06/2025 13:00,1232,135,1011,0,86,0
10/06/2025 13:15,1202,155,1024,0,23,0
10/06/2025 13:30,1133,167,936,0,30,0
10/06/2025 13:45,1057,137,886,0,34,0
10/06/2025 14:00,978,115,819,0,44,0
10/06/2025 14:15,878,112,749,0,17,0
10/06/2025 14:30,788,137,631,0,20,0
10/06/2025 14:45,678,136,526,0,16,0
10/06/2025 15:00,556,112,420,0,24,0
10/06/2025 15:15,432,113,311,0,8,0
10/06/2025 15:30,365,147,190,0,28,0
10/06/2025 15:45,316,132,161,0,23,0
10/06/2025 16:00,274,123,286,0,0,135
10/06/2025 16:15,224,114,219,0,0,109
10/06/2025 16:30,145,132,140,0,0,127
10/06/2025 16:45,78,132,75,0,0,129
10/06/2025 17:00,66,152,61,0,0,147
10/06/2025 17:15,50,318,54,0,0,322
10/06/2025 17:30,35,374,27,0,0,366
10/06/2025 17:45,23,246,24,0,0,247
10/06/2025 18:00,6,344,2,0,0,340
10/06/2025 18:15,0,428,0,5,0,423
10/06/2025 18:30,0,472,0,0,0,472
10/06/2025 18:45,0,464,6,0,0,470
10/06/2025 19:00,0,193,6,0,0,199
10/06/2025 19:15,0,180,0,4,0,176
10/06/2025 19:30,0,177,0,4,0,173
10/06/2025 19:45,0,294,0,4,0,290
10/06/2025 20:00,0,324,1,21,21,325
10/06/2025 20:15,0,619,23,0,0,642
10/06/2025 20:30,0,468,37,0,0,505
10/06/2025 20:45,0,414,10,0,0,424
10/06/2025 21:00,0,588,21,0,0,609
10/06/2025 21:15,0,571,0,2,0,569
10/06/2025 21:30,0,488,3,0,0,491
10/06/2025 21:45,0,366,0,3,0,363
10/06/2025 22:00,0,366,0,5,0,361
10/06/2025 22:15,0,431,0,2,0,429
10/06/2025 22:30,0,480,0,1,0,479
10/06/2025 22:45,0,276,0,2,0,274
10/06/2025 23:00,0,287,0,2,0,285
10/06/2025 23:15,0,500,0,3,0,497
10/06/2025 23:30,0,245,27,0,0,272
10/06/2025 23:45,0,289,0,0,0,289
10/07/2025 00:00,0,118,1,0,0,119
10/07/2025 00:15,0,134,0,4,0,130
10/07/2025 00:30,0,270,3,0,0,273
10/07/2025 00:45,0,106,0,5,0,101
10/07/2025 01:00,0,105,0,6,0,99
10/07/2025 01:15,0,134,0,0,0,134
10/07/2025 01:30,0,141,32,83,83,173
10/07/2025 01:45,0,165,0,181,16,0
10/07/2025 02:00,0,165,0,173,8,0
10/07/2025 02:15,0,196,0,204,8,0
10/07/2025 02:30,0,283,0,289,6,0
10/07/2025 02:45,0,104,0,111,7,0
10/07/2025 03:00,0,103,0,110,7,0
10/07/2025 03:15,0,123,0,130,7,0
10/07/2025 03:30,0,162,0,169,7,0
10/07/2025 03:45,0,396,0,403,7,0
10/07/2025 04:00,0,137,0,144,7,0
10/07/2025 04:15,0,118,0,125,7,0
10/07/2025 04:30,0,136,0,142,6,0
10/07/2025 04:45,0,109,0,117,8,0
10/07/2025 05:00,0,106,0,112,6,0
10/07/2025 05:15,0,114,0,120,6,0
10/07/2025 05:30,0,136,0,142,6,0
10/07/2025 05:45,0,115,0,236,121,0
10/07/2025 06:00,0,104,0,115,11,0
10/07/2025 06:15,0,255,0,261,6,0
10/07/2025 06:30,0,272,0,278,6,0
10/07/2025 06:45,0,297,0,304,7,0
10/07/2025 07:00,8,158,0,156,6,0
10/07/2025 07:15,40,302,0,296,34,0
10/07/2025 07:30,68,287,0,286,67,0
10/07/2025 07:45,107,237,0,235,105,0
10/07/2025 08:00,151,211,0,211,151,0
10/07/2025 08:15,210,196,0,195,209,0
10/07/2025 08:30,248,164,0,163,247,0
10/07/2025 08:45,291,118,0,118,291,0
10/07/2025 09:00,350,205,0,207,352,0
10/07/2025 09:15,518,118,0,129,529,0
10/07/2025 09:30,531,138,0,139,532,0
10/07/2025 09:45,601,115,0,127,613,0
10/07/2025 10:00,665,110,0,108,663,0
10/07/2025 10:15,873,118,0,119,874,0
10/07/2025 10:30,816,266,0,282,832,0
10/07/2025 10:45,966,194,0,190,962,0
10/07/2025 11:00,1070,100,0,113,1083,0
10/07/2025 11:15,1173,116,0,115,1172,0
10/07/2025 11:30,607,148,0,157,616,0
10/07/2025 11:45,919,127,0,154,946,0
10/07/2025 12:00,1269,98,0,104,1275,0
10/07/2025 12:15,1247,104,0,141,1284,0
10/07/2025 12:30,1229,129,0,139,1239,0
10/07/2025 12:45,1233,132,28,0,1073,0
10/07/2025 13:00,1273,104,1088,0,81,0
10/07/2025 13:15,1222,106,1046,0,70,0
10/07/2025 13:30,919,123,765,0,31,0
10/07/2025 13:45,627,138,451,0,38,0
10/07/2025 14:00,1205,175,988,0,42,0
10/07/2025 14:15,1109,105,1004,0,0,0
10/07/2025 14:30,738,127,579,0,32,0
10/07/2025 14:45,441,134,298,0,9,0
10/07/2025 15:00,574,173,383,0,18,0
10/07/2025 15:15,488,205,278,0,5,0
10/07/2025 15:30,272,150,109,0,13,0
10/07/2025 15:45,348,270,52,0,26,0
10/07/2025 16:00,310,123,322,0,0,135
10/07/2025 16:15,292,123,290,0,0,121
10/07/2025 16:30,165,210,162,0,0,207
10/07/2025 16:45,129,144,127,0,0,142
10/07/2025 17:00,95,118,92,0,0,115
10/07/2025 17:15,49,105,46,0,0,102
10/07/2025 17:30,36,192,29,0,0,185
10/07/2025 17:45,29,304,25,0,0,300
10/07/2025 18:00,4,409,4,0,0,409
10/07/2025 18:15,0,480,0,2,0,478
10/07/2025 18:30,0,508,0,3,0,505
10/07/2025 18:45,0,488,0,5,0,483
10/07/2025 19:00,0,286,12,0,0,298
10/07/2025 19:15,0,410,10,0,0,420
10/07/2025 19:30,0,239,0,5,0,234
10/07/2025 19:45,0,242,0,3,0,239
10/07/2025 20:00,0,239,0,22,18,235
10/07/2025 20:15,0,359,8,0,0,367
10/07/2025 20:30,0,466,0,4,0,462
10/07/2025 20:45,0,461,4,0,0,465
10/07/2025 21:00,0,408,0,0,0,408
10/07/2025 21:15,0,498,0,4,0,494
10/07/2025 21:30,0,524,2,0,0,526
10/07/2025 21:45,0,403,0,6,0,397
10/07/2025 22:00,0,495,3,0,0,498
10/07/2025 22:15,0,266,0,5,0,261
10/07/2025 22:30,0,426,9,0,0,435
10/07/2025 22:45,0,465,0,3,0,462
10/07/2025 23:00,0,334,14,0,0,348
10/07/2025 23:15,0,276,0,5,0,271
10/07/2025 23:30,0,309,26,0,0,335
10/07/2025 23:45,0,114,0,4,0,110
10/08/2025 00:00,0,110,0,5,0,105
10/08/2025 00:15,0,122,0,4,0,118
10/08/2025 00:30,0,283,14,0,0,297
10/08/2025 00:45,0,179,1,0,0,180
10/08/2025 01:00,0,206,1,0,0,207
10/08/2025 01:15,0,108,0,7,0,101
10/08/2025 01:30,0,183,0,2,0,181
10/08/2025 01:45,0,334,0,182,22,174
10/08/2025 02:00,0,408,0,420,12,0
10/08/2025 02:15,0,156,0,162,6,0
10/08/2025 02:30,0,102,0,108,6,0
10/08/2025 02:45,0,122,0,129,7,0
10/08/2025 03:00,0,127,0,134,7,0
10/08/2025 03:15,0,217,0,223,6,0
10/08/2025 03:30,0,121,0,128,7,0
10/08/2025 03:45,0,238,0,244,6,0
10/08/2025 04:00,0,183,0,190,7,0
10/08/2025 04:15,0,135,0,141,6,0
10/08/2025 04:30,0,116,0,123,7,0
10/08/2025 04:45,0,102,0,109,7,0
10/08/2025 05:00,0,104,0,111,7,0
10/08/2025 05:15,0,142,0,148,6,0
10/08/2025 05:30,0,110,0,118,8,0
10/08/2025 05:45,0,137,0,143,6,0
10/08/2025 06:00,0,194,0,198,4,0
10/08/2025 06:15,0,114,0,231,117,0
10/08/2025 06:30,0,129,0,143,14,0
10/08/2025 06:45,0,152,0,162,10,0
10/08/2025 07:00,0,259,0,265,6,0
10/08/2025 07:15,0,428,0,434,6,0
10/08/2025 07:30,3,275,0,278,6,0
10/08/2025 07:45,58,258,0,250,50,0
10/08/2025 08:00,48,116,0,119,51,0
10/08/2025 08:15,12,103,0,101,10,0
10/08/2025 08:30,0,139,0,145,6,0
10/08/2025 08:45,0,340,0,346,6,0
10/08/2025 09:00,20,154,0,152,18,0
10/08/2025 09:15,64,149,0,149,64,0
10/08/2025 09:30,40,113,0,108,35,0
10/08/2025 09:45,52,159,0,157,52,2
10/08/2025 10:00,133,217,0,216,132,0
10/08/2025 10:15,140,207,0,206,139,0
10/08/2025 10:30,185,102,0,104,187,0
10/08/2025 10:45,247,104,0,106,249,0
10/08/2025 11:00,172,115,0,117,174,0
10/08/2025 11:15,158,130,0,132,160,0
10/08/2025 11:30,135,117,0,123,141,0
10/08/2025 11:45,120,122,0,124,122,0
10/08/2025 12:00,131,100,0,101,132,0
10/08/2025 12:15,159,103,0,106,162,0
10/08/2025 12:30,168,240,0,241,169,0
10/08/2025 12:45,205,145,0,140,200,0
10/08/2025 13:00,276,98,0,96,274,0
10/08/2025 13:15,361,102,0,110,369,0
10/08/2025 13:30,607,126,0,128,609,0
10/08/2025 13:45,592,117,0,139,614,0
10/08/2025 14:00,557,124,0,123,556,0
10/08/2025 14:15,470,125,0,137,482,0
10/08/2025 14:30,711,101,0,110,720,0
10/08/2025 14:45,597,108,0,121,610,0
10/08/2025 15:00,522,131,0,149,540,0
10/08/2025 15:15,606,137,0,151,620,0
10/08/2025 15:30,482,106,0,228,604,0
10/08/2025 15:45,456,93,0,3167,3530,0
10/08/2025 16:00,300,126,311,0,8,145
10/08/2025 16:15,214,153,209,0,0,148
10/08/2025 16:30,132,185,129,0,0,182
10/08/2025 16:45,105,136,104,0,0,135
10/08/2025 17:00,116,133,112,0,0,129
10/08/2025 17:15,89,139,86,0,0,136
10/08/2025 17:30,60,238,48,0,0,226
10/08/2025 17:45,41,286,40,0,0,285
10/08/2025 18:00,9,188,6,0,0,185
10/08/2025 18:15,0,155,0,1,0,154
10/08/2025 18:30,0,150,0,1,0,149
10/08/2025 18:45,0,172,0,1,0,171
10/08/2025 19:00,0,293,0,8,0,285
10/08/2025 19:15,0,497,0,0,0,497
10/08/2025 19:30,0,340,0,0,0,340
10/08/2025 19:45,0,220,0,7,0,213
10/08/2025 20:00,0,328,2,21,21,330
10/08/2025 20:15,0,543,7,0,0,550
10/08/2025 20:30,0,1251,1,0,0,1252
10/08/2025 20:45,0,1894,29,0,0,1923
10/08/2025 21:00,0,1424,20,0,0,1444
10/08/2025 21:15,0,278,0,107,30,201
10/08/2025 21:30,0,203,0,218,15,0
10/08/2025 21:45,0,167,0,176,9,0
10/08/2025 22:00,0,296,0,305,9,0
10/08/2025 22:15,0,296,0,306,10,0
10/08/2025 22:30,0,139,0,149,10,0
10/08/2025 22:45,0,104,0,111,7,0
10/08/2025 23:00,0,107,0,116,9,0
10/08/2025 23:15,0,134,0,142,8,0
10/08/2025 23:30,0,142,0,151,9,0
10/08/2025 23:45,0,108,0,116,8,0
10/09/2025 00:00,0,113,0,121,8,0
10/09/2025 00:15,0,119,0,127,8,0
10/09/2025 00:30,0,115,0,123,8,0
10/09/2025 00:45,0,117,0,125,8,0
10/09/2025 01:00,0,127,0,135,8,0
10/09/2025 01:15,0,102,0,220,118,0
10/09/2025 01:30,0,101,0,111,10,0
10/09/2025 01:45,0,116,0,124,8,0
10/09/2025 02:00,0,131,0,139,8,0
10/09/2025 02:15,0,116,0,122,6,0
10/09/2025 02:30,0,117,0,125,8,0
10/09/2025 02:45,0,101,0,108,7,0
10/09/2025 03:00,0,103,0,211,108,0
10/09/2025 03:15,0,123,0,318,195,0
10/09/2025 03:30,0,135,0,148,13,0
10/09/2025 03:45,0,105,0,113,8,0
10/09/2025 04:00,0,105,0,113,8,0
10/09/2025 04:15,0,117,0,123,6,0
10/09/2025 04:30,0,120,0,128,8,0
10/09/2025 04:45,0,106,0,113,7,0
10/09/2025 05:00,0,132,0,228,96,0
10/09/2025 05:15,0,109,0,119,10,0
10/09/2025 05:30,0,102,0,108,6,0
10/09/2025 05:45,0,101,0,109,8,0
10/09/2025 06:00,0,138,0,144,6,0
10/09/2025 06:15,0,111,0,212,101,0
10/09/2025 06:30,0,155,0,163,8,0
10/09/2025 06:45,0,223,0,229,6,0
10/09/2025 07:00,23,210,0,206,19,0
10/09/2025 07:15,137,120,0,110,127,0
10/09/2025 07:30,205,134,0,140,211,0
10/09/2025 07:45,205,142,0,150,213,0
10/09/2025 08:00,216,115,0,118,219,0
10/09/2025 08:15,227,207,0,209,229,0
10/09/2025 08:30,216,233,0,236,219,0
10/09/2025 08:45,213,245,0,248,216,0
10/09/2025 09:00,361,224,0,222,359,0
10/09/2025 09:15,492,187,0,188,493,0
10/09/2025 09:30,532,135,0,138,535,0
10/09/2025 09:45,611,115,0,125,621,0
10/09/2025 10:00,744,114,0,127,757,0
10/09/2025 10:15,781,383,0,384,782,0
10/09/2025 10:30,817,153,0,154,818,0
10/09/2025 10:45,996,129,0,139,1006,0
10/09/2025 11:00,1164,152,0,173,1185,0
10/09/2025 11:15,1244,126,0,131,1249,0
10/09/2025 11:30,1276,126,0,131,1281,0
10/09/2025 11:45,1302,131,0,151,1322,0
10/09/2025 12:00,1328,153,0,166,1341,0
10/09/2025 12:15,1327,126,62,0,1139,0
10/09/2025 12:30,1322,106,995,0,221,0
10/09/2025 12:45,1319,106,1001,0,212,0
10/09/2025 13:00,1315,130,988,0,197,0
10/09/2025 13:15,1298,119,1061,0,118,0
10/09/2025 13:30,1231,1315,0,147,63,0
10/09/2025 13:45,1162,1293,0,202,71,0
10/09/2025 14:00,1063,1295,0,329,97,0
10/09/2025 14:15,943,1300,0,399,42,0
10/09/2025 14:30,836,1329,0,505,12,0
10/09/2025 14:45,708,1315,0,609,2,0
10/09/2025 15:00,561,1357,0,814,18,0
10/09/2025 15:15,440,1298,0,878,20,0
10/09/2025 15:30,381,1383,0,1010,8,0
10/09/2025 15:45,330,1315,0,1011,26,0
10/09/2025 16:00,291,186,278,0,0,173
10/09/2025 16:15,233,130,232,0,0,129
10/09/2025 16:30,148,120,143,0,0,115
10/09/2025 16:45,80,115,77,0,0,112
10/09/2025 17:00,66,135,64,0,0,133
10/09/2025 17:15,49,108,46,0,0,105
10/09/2025 17:30,33,133,30,0,0,130
10/09/2025 17:45,19,143,15,0,0,139
10/09/2025 18:00,4,288,0,0,0,284
10/09/2025 18:15,0,184,1,0,0,185
10/09/2025 18:30,0,194,0,2,0,192
10/09/2025 18:45,0,160,0,3,0,157
10/09/2025 19:00,0,525,2,0,0,527
10/09/2025 19:15,0,491,0,0,0,491
10/09/2025 19:30,0,191,0,2,0,189
10/09/2025 19:45,0,168,0,6,0,162
10/09/2025 20:00,0,207,0,23,18,202
10/09/2025 20:15,0,192,0,5,0,187
10/09/2025 20:30,0,232,0,7,0,225
10/09/2025 20:45,0,449,8,0,0,457
10/09/2025 21:00,0,339,0,8,0,331
10/09/2025 21:15,0,476,0,4,0,472
10/09/2025 21:30,0,196,6,0,0,202
10/09/2025 21:45,0,185,3,0,0,188
10/09/2025 22:00,0,158,0,1,0,157
10/09/2025 22:15,0,170,0,5,0,165
10/09/2025 22:30,0,184,0,0,0,184
10/09/2025 22:45,0,415,0,11,0,404
10/09/2025 23:00,0,351,13,0,0,364
10/09/2025 23:15,0,136,0,6,0,130
10/09/2025 23:30,0,139,0,4,0,135
10/09/2025 23:45,0,124,0,4,0,120
10/10/2025 00:00,0,111,0,4,0,107
10/10/2025 00:15,0,140,0,7,0,133
10/10/2025 00:30,0,485,11,0,0,496
10/10/2025 00:45,0,230,12,0,0,242
10/10/2025 01:00,0,107,0,4,0,103
10/10/2025 01:15,0,106,0,2,0,104
10/10/2025 01:30,0,125,0,6,0,119
10/10/2025 01:45,0,261,0,1,0,260
10/10/2025 02:00,0,440,2,0,0,442
10/10/2025 02:15,0,107,0,2,0,105
10/10/2025 02:30,0,124,0,5,0,119
10/10/2025 02:45,0,130,0,3,0,127
10/10/2025 03:00,0,124,0,6,0,118
10/10/2025 03:15,0,434,6,0,0,440
10/10/2025 03:30,0,331,12,0,0,343
10/10/2025 03:45,0,123,0,3,0,120
10/10/2025 04:00,0,124,0,1,0,123
10/10/2025 04:15,0,255,0,6,0,249
10/10/2025 04:30,0,593,0,20,4,577
10/10/2025 04:45,0,159,0,148,25,36
10/10/2025 05:00,0,135,0,143,8,0
10/10/2025 05:15,0,125,0,132,7,0
10/10/2025 05:30,0,296,0,302,6,0
10/10/2025 05:45,0,558,0,563,5,0
10/10/2025 06:00,0,286,0,291,5,0
10/10/2025 06:15,0,124,0,129,5,0
10/10/2025 06:30,0,134,0,140,6,0
10/10/2025 06:45,0,500,0,504,4,0
10/10/2025 07:00,24,700,0,694,18,0
10/10/2025 07:15,122,606,0,608,124,0
10/10/2025 07:30,178,272,0,277,183,0
10/10/2025 07:45,183,225,0,234,192,0
10/10/2025 08:00,171,202,0,207,176,0
10/10/2025 08:15,152,228,0,226,150,0
10/10/2025 08:30,177,203,0,212,186,0
10/10/2025 08:45,143,144,0,147,146,0
10/10/2025 09:00,295,125,0,122,292,0
10/10/2025 09:15,440,151,0,153,442,0
10/10/2025 09:30,505,134,0,159,530,0
10/10/2025 09:45,560,120,0,124,564,0
10/10/2025 10:00,701,127,0,126,700,0
10/10/2025 10:15,745,136,0,170,779,0
10/10/2025 10:30,777,122,0,123,778,0
10/10/2025 10:45,936,134,0,141,943,0
10/10/2025 11:00,1117,125,0,129,1121,0
10/10/2025 11:15,1201,112,0,126,1215,0
10/10/2025 11:30,1235,116,0,124,1243,0
10/10/2025 11:45,1263,136,0,143,1270,0
10/10/2025 12:00,1291,111,0,119,1299,0
10/10/2025 12:15,1297,98,0,105,1304,0
10/10/2025 12:30,1292,106,71,0,1115,0
10/10/2025 12:45,1288,125,933,0,230,0
10/10/2025 13:00,1277,129,1009,0,139,0
10/10/2025 13:15,1251,104,1061,0,86,0
10/10/2025 13:30,1181,109,1048,0,24,0
10/10/2025 13:45,1124,119,1004,0,1,0
10/10/2025 14:00,1021,116,861,0,44,0
10/10/2025 14:15,906,121,741,0,44,0
10/10/2025 14:30,805,116,683,0,6,0
10/10/2025 14:45,684,103,559,0,22,0
10/10/2025 15:00,532,128,394,0,10,0
10/10/2025 15:15,419,120,284,0,15,0
10/10/2025 15:30,367,103,245,0,19,0
10/10/2025 15:45,318,101,205,0,12,0
10/10/2025 16:00,277,118,299,0,0,140
10/10/2025 16:15,224,127,222,0,0,125
10/10/2025 16:30,145,107,140,0,0,102
10/10/2025 16:45,78,103,74,0,0,99
10/10/2025 17:00,64,111,63,0,0,110
10/10/2025 17:15,45,139,41,0,0,135
10/10/2025 17:30,32,176,24,0,0,168
10/10/2025 17:45,16,577,13,0,0,574
10/10/2025 18:00,3,517,0,0,0,514
10/10/2025 18:15,0,214,2,0,0,216
10/10/2025 18:30,0,137,0,2,0,135
10/10/2025 18:45,0,310,0,9,0,301
10/10/2025 19:00,0,546,11,0,0,557
10/10/2025 19:15,0,227,0,4,0,223
10/10/2025 19:30,0,347,0,1,0,346
10/10/2025 19:45,0,415,1,0,0,416
10/10/2025 20:00,0,359,7,11,11,366
10/10/2025 20:15,0,242,0,7,0,235
10/10/2025 20:30,0,230,4,0,0,234
10/10/2025 20:45,0,701,0,1,0,700
10/10/2025 21:00,0,1780,21,0,0,1801
10/10/2025 21:15,0,1760,17,3,3,1777
10/10/2025 21:30,0,349,22,0,0,371
10/10/2025 21:45,0,441,8,0,0,449
10/10/2025 22:00,0,440,8,0,0,448
10/10/2025 22:15,0,529,40,0,0,569
10/10/2025 22:30,0,549,30,0,0,579
10/10/2025 22:45,0,211,8,0,0,219
10/10/2025 23:00,0,109,0,5,0,104
10/10/2025 23:15,0,124,22,30,30,146
10/10/2025 23:30,0,139,0,144,48,43
10/10/2025 23:45,0,116,0,125,9,0
10/11/2025 00:00,0,403,0,406,3,0
10/11/2025 00:15,0,255,0,260,5,0
10/11/2025 00:30,0,143,0,148,5,0
10/11/2025 00:45,0,110,0,116,6,0
10/11/2025 01:00,0,105,0,110,5,0
10/11/2025 01:15,0,230,0,235,5,0
10/11/2025 01:30,0,402,0,408,6,0
10/11/2025 01:45,0,117,0,122,5,0
10/11/2025 02:00,0,108,0,112,4,0
10/11/2025 02:15,0,106,0,111,5,0
10/11/2025 02:30,0,136,0,142,6,0
10/11/2025 02:45,0,470,0,475,5,0
10/11/2025 03:00,0,164,0,266,102,0
10/11/2025 03:15,0,105,0,115,10,0
10/11/2025 03:30,0,113,0,119,6,0
10/11/2025 03:45,0,142,0,148,6,0
10/11/2025 04:00,0,450,0,456,6,0
10/11/2025 04:15,0,170,0,271,101,0
10/11/2025 04:30,0,107,0,117,10,0
10/11/2025 04:45,0,125,0,131,6,0
10/11/2025 05:00,0,138,0,144,6,0
10/11/2025 05:15,0,472,0,478,6,0
10/11/2025 05:30,0,157,0,161,4,0
10/11/2025 05:45,0,105,0,203,98,0
10/11/2025 06:00,0,105,0,115,10,0
10/11/2025 06:15,0,122,0,128,6,0
10/11/2025 06:30,0,360,0,366,6,0
10/11/2025 06:45,0,348,0,352,4,0
10/11/2025 07:00,1,128,0,218,91,0
10/11/2025 07:15,19,150,0,143,12,0
10/11/2025 07:30,51,213,0,212,50,0
10/11/2025 07:45,77,296,0,299,80,0
10/11/2025 08:00,108,363,0,365,110,0
10/11/2025 08:15,186,183,0,181,184,0
10/11/2025 08:30,280,159,0,162,283,0
10/11/2025 08:45,291,231,0,231,291,0
10/11/2025 09:00,339,144,0,138,333,0
10/11/2025 09:15,551,132,0,135,554,0
10/11/2025 09:30,524,105,0,123,542,0
10/11/2025 09:45,529,104,0,121,546,0
10/11/2025 10:00,664,108,0,126,682,0
10/11/2025 10:15,720,136,0,147,731,0
10/11/2025 10:30,750,113,0,111,748,0
10/11/2025 10:45,898,136,0,130,892,0
10/11/2025 11:00,1079,113,0,127,1093,0
10/11/2025 11:15,1161,191,0,187,1157,0
10/11/2025 11:30,1183,141,0,172,1214,0
10/11/2025 11:45,1222,128,0,154,1248,0
10/11/2025 12:00,1157,106,0,109,1160,0
10/11/2025 12:15,664,133,0,146,677,0
10/11/2025 12:30,363,433,0,437,367,0
10/11/2025 12:45,560,129,0,138,569,0
10/11/2025 13:00,779,103,0,109,785,0
10/11/2025 13:15,549,957,0,962,554,0
10/11/2025 13:30,919,1470,0,955,404,0
10/11/2025 13:45,704,1336,0,655,23,0
10/11/2025 14:00,567,1330,0,792,29,0
10/11/2025 14:15,549,1670,0,1151,30,0
10/11/2025 14:30,525,1476,0,994,43,0
10/11/2025 14:45,533,1384,0,851,0,0
10/11/2025 15:00,387,1439,0,1104,52,0
10/11/2025 15:15,453,1429,0,1018,42,0
10/11/2025 15:30,414,1329,0,917,2,0
10/11/2025 15:45,354,1299,0,946,1,0
10/11/2025 16:00,212,176,203,0,0,167
10/11/2025 16:15,180,177,179,0,0,176
10/11/2025 16:30,158,141,155,0,0,138
10/11/2025 16:45,148,200,142,0,0,194
10/11/2025 17:00,107,185,103,0,0,181
10/11/2025 17:15,66,210,62,0,0,206
10/11/2025 17:30,33,504,25,0,0,496
10/11/2025 17:45,16,208,19,0,0,211
10/11/2025 18:00,0,166,0,2,0,164
10/11/2025 18:15,0,223,0,8,0,215
10/11/2025 18:30,0,289,0,4,0,285
10/11/2025 18:45,0,261,0,1,0,260
10/11/2025 19:00,0,188,11,0,0,199
10/11/2025 19:15,0,158,0,5,0,153
10/11/2025 19:30,0,271,0,6,0,265
10/11/2025 19:45,0,274,4,0,0,278
10/11/2025 20:00,0,265,12,25,25,277
10/11/2025 20:15,0,180,3,0,0,183
10/11/2025 20:30,0,139,0,4,0,135
10/11/2025 20:45,0,223,0,7,0,216
10/11/2025 21:00,0,263,8,0,0,271
10/11/2025 21:15,0,321,0,4,0,317
10/11/2025 21:30,0,443,2,0,0,445
10/11/2025 21:45,0,454,1,0,0,455
10/11/2025 22:00,0,322,5,0,0,327
10/11/2025 22:15,0,154,0,5,0,149
10/11/2025 22:30,0,121,0,5,0,116
10/11/2025 22:45,0,114,0,4,0,110
10/11/2025 23:00,0,138,0,4,0,134
10/11/2025 23:15,0,113,0,0,0,113
10/11/2025 23:30,0,370,0,2,0,368
10/11/2025 23:45,0,263,0,1,0,262
10/12/2025 00:00,0,111,0,3,0,108
10/12/2025 00:15,0,109,0,3,0,106
10/12/2025 00:30,0,134,0,3,0,131
10/12/2025 00:45,0,115,0,4,0,111
10/12/2025 01:00,0,130,0,7,0,123
10/12/2025 01:15,0,125,0,3,0,122
10/12/2025 01:30,0,108,0,0,0,108
10/12/2025 01:45,0,441,0,12,0,429
10/12/2025 02:00,0,219,0,0,0,219
10/12/2025 02:15,0,123,0,4,0,119
10/12/2025 02:30,0,116,0,2,0,114
10/12/2025 02:45,0,136,0,3,0,133
10/12/2025 03:00,0,117,0,3,0,114
10/12/2025 03:15,0,105,0,3,0,102
10/12/2025 03:30,0,298,0,11,0,287
10/12/2025 03:45,0,335,1,0,0,336
10/12/2025 04:00,0,112,0,7,0,105
10/12/2025 04:15,0,130,0,2,0,128
10/12/2025 04:30,0,126,0,4,0,122
10/12/2025 04:45,0,106,0,4,0,102
10/12/2025 05:00,0,207,0,5,0,202
10/12/2025 05:15,0,385,1,0,0,386
10/12/2025 05:30,0,128,0,4,0,124
10/12/2025 05:45,0,106,0,7,0,99
10/12/2025 06:00,0,137,0,103,84,118
10/12/2025 06:15,0,118,0,129,11,0
10/12/2025 06:30,0,153,0,159,6,0
10/12/2025 06:45,0,455,0,462,7,0
10/12/2025 07:00,0,137,0,143,6,0
10/12/2025 07:15,0,118,0,124,6,0
10/12/2025 07:30,10,117,0,116,9,0
10/12/2025 07:45,33,234,0,237,36,0
10/12/2025 08:00,58,319,0,319,58,0
10/12/2025 08:15,114,409,0,411,116,0
10/12/2025 08:30,132,1405,0,1410,137,0
10/12/2025 08:45,135,1419,0,1424,140,0
10/12/2025 09:00,173,364,0,369,178,0
10/12/2025 09:15,221,162,0,165,224,0
10/12/2025 09:30,270,235,0,241,276,0
10/12/2025 09:45,295,118,0,119,296,0
10/12/2025 10:00,456,134,0,131,453,0
10/12/2025 10:15,188,115,0,125,198,0
10/12/2025 10:30,154,103,0,111,162,0
10/12/2025 10:45,132,107,0,112,137,0
10/12/2025 11:00,99,124,0,134,109,0
10/12/2025 11:15,96,100,0,104,100,0
10/12/2025 11:30,89,127,0,132,94,0
10/12/2025 11:45,92,222,0,221,91,0
10/12/2025 12:00,104,168,0,172,108,0
10/12/2025 12:15,84,551,0,555,88,0
10/12/2025 12:30,92,667,0,672,97,0
10/12/2025 12:45,77,266,0,275,86,0
10/12/2025 13:00,79,157,0,159,81,0
10/12/2025 13:15,134,168,0,169,135,0
10/12/2025 13:30,113,266,0,274,121,0
10/12/2025 13:45,113,200,0,201,114,0
10/12/2025 14:00,79,403,0,413,89,0
10/12/2025 14:15,65,178,0,184,71,0
10/12/2025 14:30,50,157,0,1467,1360,0
10/12/2025 14:45,44,139,0,3689,3594,0
10/12/2025 15:00,40,169,0,3676,3547,0
10/12/2025 15:15,54,165,0,2685,2574,0
10/12/2025 15:30,49,148,0,521,422,0
10/12/2025 15:45,64,194,0,222,92,0
10/12/2025 16:00,48,377,46,0,2,377
10/12/2025 16:15,47,196,44,0,0,193
10/12/2025 16:30,28,165,25,0,0,162
10/12/2025 16:45,14,138,10,0,0,134
10/12/2025 17:00,3,136,0,3,0,130
10/12/2025 17:15,2,169,0,3,0,164
10/12/2025 17:30,0,529,0,14,0,515
10/12/2025 17:45,0,330,0,3,0,327
10/12/2025 18:00,0,247,0,1,0,246
10/12/2025 18:15,0,515,0,1,0,514
10/12/2025 18:30,0,264,0,2,0,262
10/12/2025 18:45,0,223,0,4,0,219
10/12/2025 19:00,0,300,0,2,0,298
10/12/2025 19:15,0,429,0,2,0,427
10/12/2025 19:30,0,351,9,0,0,360
10/12/2025 19:45,0,590,2,0,0,592
10/12/2025 20:00,0,303,5,11,11,308
10/12/2025 20:15,0,241,0,0,0,241
10/12/2025 20:30,0,235,0,1,0,234
10/12/2025 20:45,0,331,0,5,0,326
10/12/2025 21:00,0,347,5,0,0,352
10/12/2025 21:15,0,234,0,3,0,231
10/12/2025 21:30,0,258,6,0,0,264
10/12/2025 21:45,0,314,3,0,0,317
10/12/2025 22:00,0,298,2,0,0,300
10/12/2025 22:15,0,549,0,3,0,546
10/12/2025 22:30,0,623,8,0,0,631
10/12/2025 22:45,0,495,3,0,0,498
10/12/2025 23:00,0,227,4,0,0,231
10/12/2025 23:15,0,149,0,5,0,144
10/12/2025 23:30,0,170,0,5,0,165
10/12/2025 23:45,0,171,3,0,0,174
10/13/2025 00:00,0,149,0,3,0,146
10/13/2025 00:15,0,157,0,6,0,151
10/13/2025 00:30,0,482,0,4,0,478
10/13/2025 00:45,0,217,1,0,0,218
10/13/2025 01:00,0,143,0,8,0,135
10/13/2025 01:15,0,157,0,6,0,151
10/13/2025 01:30,0,170,3,0,0,173
10/13/2025 01:45,0,147,7,0,0,154
10/13/2025 02:00,0,141,0,2,0,139
10/13/2025 02:15,0,180,0,160,44,64
10/13/2025 02:30,0,495,0,505,10,0
10/13/2025 02:45,0,149,0,155,6,0
10/13/2025 03:00,0,145,0,153,8,0
10/13/2025 03:15,0,156,0,164,8,0
10/13/2025 03:30,0,170,0,178,8,0
10/13/2025 03:45,0,145,0,153,8,0
10/13/2025 04:00,0,140,0,147,7,0
10/13/2025 04:15,0,307,0,315,8,0
10/13/2025 04:30,0,366,0,374,8,0
10/13/2025 04:45,0,154,0,161,7,0
10/13/2025 05:00,0,138,0,146,8,0
10/13/2025 05:15,0,147,0,154,7,0
10/13/2025 05:30,0,169,0,177,8,0
10/13/2025 05:45,0,235,0,241,6,0
10/13/2025 06:00,0,410,0,505,95,0
10/13/2025 06:15,0,140,0,150,10,0
10/13/2025 06:30,0,159,0,167,8,0
10/13/2025 06:45,0,177,0,184,7,0
10/13/2025 07:00,0,151,0,158,7,0
10/13/2025 07:15,0,245,0,342,97,0
10/13/2025 07:30,0,416,0,423,7,0
10/13/2025 07:45,21,312,0,307,16,0
10/13/2025 08:00,34,380,0,382,36,0
10/13/2025 08:15,52,248,0,243,47,0
10/13/2025 08:30,75,197,0,201,79,0
10/13/2025 08:45,88,169,0,172,91,0
10/13/2025 09:00,130,202,0,205,133,0
10/13/2025 09:15,151,235,0,235,151,0
10/13/2025 09:30,151,250,0,252,153,0
10/13/2025 09:45,184,159,0,159,184,0
10/13/2025 10:00,189,141,0,142,190,0
10/13/2025 10:15,190,137,0,140,193,0
10/13/2025 10:30,181,153,0,156,184,0
10/13/2025 10:45,196,231,0,234,199,0
10/13/2025 11:00,212,259,0,265,218,0
10/13/2025 11:15,236,142,0,145,239,0
10/13/2025 11:30,220,141,0,144,223,0
10/13/2025 11:45,234,153,0,161,242,0
10/13/2025 12:00,234,170,0,171,235,0
10/13/2025 12:15,248,151,0,150,247,0
10/13/2025 12:30,232,184,0,190,238,0
10/13/2025 12:45,200,238,0,245,207,0
10/13/2025 13:00,204,185,0,189,208,0
10/13/2025 13:15,247,551,0,553,249,0
10/13/2025 13:30,254,608,0,610,256,0
10/13/2025 13:45,218,334,0,338,222,0
10/13/2025 14:00,158,783,0,789,164,0
10/13/2025 14:15,138,209,0,214,143,0
10/13/2025 14:30,157,278,0,283,162,0
10/13/2025 14:45,152,473,0,476,155,0
10/13/2025 15:00,170,528,0,532,174,0
10/13/2025 15:15,138,219,0,224,143,0
10/13/2025 15:30,115,416,0,2154,1853,0
10/13/2025 15:45,107,287,0,3203,3023,0
10/13/2025 16:00,107,301,101,0,6,301
10/13/2025 16:15,88,295,84,0,0,291
10/13/2025 16:30,78,211,75,0,0,208
10/13/2025 16:45,43,277,33,0,0,267
10/13/2025 17:00,36,470,33,0,0,467
10/13/2025 17:15,35,490,50,0,0,505
10/13/2025 17:30,2,808,1,0,0,807
10/13/2025 17:45,0,445,8,0,0,453
10/13/2025 18:00,0,344,0,2,0,342
10/13/2025 18:15,0,618,0,0,0,618
10/13/2025 18:30,0,294,9,0,0,303
10/13/2025 18:45,0,190,0,6,0,184
10/13/2025 19:00,0,245,0,6,0,239
10/13/2025 19:15,0,291,0,2,0,289
10/13/2025 19:30,0,411,0,4,0,407
10/13/2025 19:45,0,240,0,3,0,237
10/13/2025 20:00,0,197,3,20,20,200
10/13/2025 20:15,0,252,0,3,0,249
10/13/2025 20:30,0,560,0,7,0,553
10/13/2025 20:45,0,382,9,0,0,391
10/13/2025 21:00,0,950,0,595,6,361
10/13/2025 21:15,0,1779,0,1792,13,0
10/13/2025 21:30,0,815,0,820,5,0
10/13/2025 21:45,0,474,0,476,2,0
10/13/2025 22:00,0,179,0,187,8,0
10/13/2025 22:15,0,239,0,245,6,0
10/13/2025 22:30,0,524,0,530,6,0
10/13/2025 22:45,0,165,0,173,8,0
10/13/2025 23:00,0,146,0,152,6,0
10/13/2025 23:15,0,141,0,147,6,0
10/13/2025 23:30,0,165,0,171,6,0
10/13/2025 23:45,0,170,0,176,6,0
10/14/2025 00:00,0,151,0,156,5,0
10/14/2025 00:15,0,177,0,181,4,0
10/14/2025 00:30,0,483,0,584,101,0
10/14/2025 00:45,0,164,0,172,8,0
10/14/2025 01:00,0,168,0,176,8,0
10/14/2025 01:15,0,146,0,152,6,0
10/14/2025 01:30,0,139,0,147,8,0
10/14/2025 01:45,0,138,0,144,6,0
10/14/2025 02:00,0,187,0,289,102,0
10/14/2025 02:15,0,529,0,537,8,0
10/14/2025 02:30,0,160,0,168,8,0
10/14/2025 02:45,0,145,0,153,8,0
10/14/2025 03:00,0,139,0,145,6,0
10/14/2025 03:15,0,144,0,150,6,0
10/14/2025 03:30,0,165,0,188,23,0
10/14/2025 03:45,0,209,0,294,85,0
10/14/2025 04:00,0,474,0,481,7,0
10/14/2025 04:15,0,231,0,237,6,0
10/14/2025 04:30,0,146,0,154,8,0
10/14/2025 04:45,0,139,0,145,6,0
10/14/2025 05:00,0,137,0,145,8,0
10/14/2025 05:15,0,137,0,238,101,0
10/14/2025 05:30,0,171,0,359,188,0
10/14/2025 05:45,0,412,0,492,80,0
10/14/2025 06:00,0,123,0,132,9,0
10/14/2025 06:15,0,120,0,226,106,0
10/14/2025 06:30,0,133,0,142,9,0
10/14/2025 06:45,0,187,0,193,6,0
10/14/2025 07:00,0,222,0,229,7,0
10/14/2025 07:15,0,321,0,411,90,0
10/14/2025 07:30,0,309,0,318,9,0
10/14/2025 07:45,5,270,0,273,8,0
10/14/2025 08:00,39,229,0,221,31,0
10/14/2025 08:15,56,201,0,202,57,0
10/14/2025 08:30,64,209,0,218,73,0
10/14/2025 08:45,66,213,0,216,69,0
10/14/2025 09:00,91,233,0,236,94,0
10/14/2025 09:15,110,145,0,146,111,0
10/14/2025 09:30,184,107,0,106,183,0
10/14/2025 09:45,246,198,0,199,247,0
10/14/2025 10:00,225,204,0,205,226,0
10/14/2025 10:15,277,101,0,101,277,0
10/14/2025 10:30,270,104,0,110,276,0
10/14/2025 10:45,301,118,0,120,303,0
10/14/2025 11:00,279,150,0,156,285,0
10/14/2025 11:15,280,203,0,199,276,0
10/14/2025 11:30,302,147,0,154,309,0
10/14/2025 11:45,309,136,0,136,309,0
10/14/2025 12:00,323,103,0,107,327,0
10/14/2025 12:15,320,106,0,104,318,0
10/14/2025 12:30,301,112,0,122,311,0
10/14/2025 12:45,280,127,0,130,283,0
10/14/2025 13:00,304,110,0,112,306,0
10/14/2025 13:15,292,105,0,110,297,0
10/14/2025 13:30,351,180,0,178,349,0
10/14/2025 13:45,343,227,0,235,351,0
10/14/2025 14:00,340,122,0,128,346,0
10/14/2025 14:15,332,106,0,113,339,0
10/14/2025 14:30,297,104,0,334,527,0
10/14/2025 14:45,350,119,0,2745,2976,0
10/14/2025 15:00,215,100,0,2834,2949,0
10/14/2025 15:15,202,98,0,1829,1933,0
10/14/2025 15:30,209,126,0,254,337,0
10/14/2025 15:45,219,129,0,80,170,0
10/14/2025 16:00,215,104,197,0,8,94
10/14/2025 16:15,134,109,130,0,0,105
10/14/2025 16:30,143,170,140,0,0,167
10/14/2025 16:45,115,234,111,0,0,230
10/14/2025 17:00,83,114,84,0,0,115
10/14/2025 17:15,45,106,42,0,0,103
10/14/2025 17:30,27,547,21,0,0,541
10/14/2025 17:45,7,505,11,0,0,509
10/14/2025 18:00,0,262,0,9,0,253
10/14/2025 18:15,0,451,0,3,0,448
10/14/2025 18:30,0,182,0,2,0,180
10/14/2025 18:45,0,488,3,0,0,491
10/14/2025 19:00,0,298,3,0,0,301
10/14/2025 19:15,0,432,15,0,0,447
10/14/2025 19:30,0,388,8,0,0,396
10/14/2025 19:45,0,400,13,0,0,413
10/14/2025 20:00,0,434,3,17,17,437
10/14/2025 20:15,0,314,0,7,0,307
10/14/2025 20:30,0,309,18,0,0,327
10/14/2025 20:45,0,371,7,0,0,378
10/14/2025 21:00,0,667,0,4,1,664
10/14/2025 21:15,0,669,2,0,0,671
10/14/2025 21:30,0,306,0,1,0,305
10/14/2025 21:45,0,294,1,0,0,295
10/14/2025 22:00,0,199,1,0,0,200
10/14/2025 22:15,0,138,0,5,0,133
10/14/2025 22:30,0,382,0,7,0,375
10/14/2025 22:45,0,262,0,0,0,262
10/14/2025 23:00,0,128,0,5,0,123
10/14/2025 23:15,0,112,0,5,0,107
10/14/2025 23:30,0,118,0,2,0,116
10/14/2025 23:45,0,124,0,1,0,123
10/15/2025 00:00,0,192,0,4,0,188
10/15/2025 00:15,0,400,0,4,0,396
10/15/2025 00:30,0,141,18,0,0,159
10/15/2025 00:45,0,120,0,3,0,117
10/15/2025 01:00,0,106,0,2,0,104
10/15/2025 01:15,0,107,0,1,0,106
10/15/2025 01:30,0,124,0,4,0,120
10/15/2025 01:45,0,177,0,186,37,28
10/15/2025 02:00,0,399,0,408,9,0
10/15/2025 02:15,0,139,0,146,7,0
10/15/2025 02:30,0,105,0,112,7,0
10/15/2025 02:45,0,105,0,111,6,0
10/15/2025 03:00,0,105,0,112,7,0
10/15/2025 03:15,0,149,0,155,6,0
10/15/2025 03:30,0,429,0,436,7,0
10/15/2025 03:45,0,112,0,119,7,0
10/15/2025 04:00,0,135,0,141,6,0
10/15/2025 04:15,0,110,0,117,7,0
10/15/2025 04:30,0,103,0,110,7,0
10/15/2025 04:45,0,105,0,111,6,0
10/15/2025 05:00,0,165,0,172,7,0
10/15/2025 05:15,0,459,0,466,7,0
10/15/2025 05:30,0,114,0,215,101,0
10/15/2025 05:45,0,137,0,147,10,0
10/15/2025 06:00,0,116,0,123,7,0
10/15/2025 06:15,0,103,0,109,6,0
10/15/2025 06:30,0,254,0,261,7,0
10/15/2025 06:45,0,443,0,449,6,0
10/15/2025 07:00,1,230,0,328,99,0
10/15/2025 07:15,33,312,0,307,28,0
10/15/2025 07:30,105,346,0,342,101,0
10/15/2025 07:45,195,251,0,257,201,0
10/15/2025 08:00,185,210,0,217,192,0
10/15/2025 08:15,204,197,0,202,209,0
10/15/2025 08:30,279,203,0,201,277,0
10/15/2025 08:45,286,208,0,214,292,0
10/15/2025 09:00,283,108,0,116,291,0
10/15/2025 09:15,366,176,0,178,368,0
10/15/2025 09:30,524,211,0,205,518,0
10/15/2025 09:45,534,105,0,121,550,0
10/15/2025 10:00,460,105,0,115,470,0
10/15/2025 10:15,716,107,0,106,715,0
10/15/2025 10:30,740,227,0,241,754,0
10/15/2025 10:45,780,145,0,167,802,0
10/15/2025 11:00,923,102,0,110,931,0
10/15/2025 11:15,858,130,0,140,868,0
10/15/2025 11:30,936,123,0,135,948,0
10/15/2025 11:45,665,106,0,113,672,0
10/15/2025 12:00,726,102,0,106,730,0
10/15/2025 12:15,1213,105,0,120,1228,0
10/15/2025 12:30,1114,128,0,133,1119,0
10/15/2025 12:45,433,108,0,120,445,0
10/15/2025 13:00,481,130,0,135,486,0
10/15/2025 13:15,941,135,2,0,804,0
10/15/2025 13:30,1258,176,892,0,190,0
10/15/2025 13:45,804,179,468,0,157,0
10/15/2025 14:00,684,104,468,0,112,0
10/15/2025 14:15,907,130,693,0,84,0
10/15/2025 14:30,770,107,643,0,20,0
10/15/2025 14:45,681,118,551,0,12,0
10/15/2025 15:00,478,134,307,0,37,0
10/15/2025 15:15,322,116,202,0,4,0
10/15/2025 15:30,355,102,241,0,12,0
10/15/2025 15:45,345,104,195,0,46,0
10/15/2025 16:00,341,122,329,0,0,110
10/15/2025 16:15,241,115,240,0,0,114
10/15/2025 16:30,193,106,192,0,0,105
10/15/2025 16:45,112,134,107,0,0,129
10/15/2025 17:00,78,117,74,0,0,113
10/15/2025 17:15,43,105,41,0,0,103
10/15/2025 17:30,26,495,11,0,0,480
10/15/2025 17:45,10,504,11,0,0,505
10/15/2025 18:00,0,293,0,4,0,289
10/15/2025 18:15,0,513,0,6,0,507
10/15/2025 18:30,0,154,0,2,0,152
10/15/2025 18:45,0,154,0,3,0,151
10/15/2025 19:00,0,230,3,0,0,233
10/15/2025 19:15,0,271,0,4,0,267
10/15/2025 19:30,0,371,0,5,0,366
10/15/2025 19:45,0,522,0,8,0,514
10/15/2025 20:00,0,274,1,21,21,275
10/15/2025 20:15,0,510,10,0,0,520
10/15/2025 20:30,0,740,6,0,0,746
10/15/2025 20:45,0,1668,22,0,0,1690
10/15/2025 21:00,0,1807,5,0,0,1812
10/15/2025 21:15,0,458,11,0,0,469
10/15/2025 21:30,0,530,12,0,0,542
10/15/2025 21:45,0,460,13,0,0,473
10/15/2025 22:00,0,538,1,0,0,539
10/15/2025 22:15,0,414,2,0,0,416
10/15/2025 22:30,0,487,0,2,0,485
10/15/2025 22:45,0,279,0,221,40,98
10/15/2025 23:00,0,238,0,250,12,0
10/15/2025 23:15,0,207,0,213,6,0
10/15/2025 23:30,0,189,0,195,6,0
10/15/2025 23:45,0,531,0,537,6,0
10/16/2025 00:00,0,166,0,172,6,0
10/16/2025 00:15,0,148,0,153,5,0
10/16/2025 00:30,0,142,0,147,5,0
10/16/2025 00:45,0,161,0,167,6,0
10/16/2025 01:00,0,486,0,492,6,0
10/16/2025 01:15,0,227,0,232,5,0
10/16/2025 01:30,0,139,0,144,5,0
10/16/2025 01:45,0,141,0,147,6,0
10/16/2025 02:00,0,139,0,145,6,0
10/16/2025 02:15,0,361,0,456,95,0
10/16/2025 02:30,0,333,0,343,10,0
10/16/2025 02:45,0,137,0,143,6,0
10/16/2025 03:00,0,116,0,123,7,0
10/16/2025 03:15,0,131,0,138,7,0
10/16/2025 03:30,0,402,0,501,99,0
10/16/2025 03:45,0,312,0,320,8,0
10/16/2025 04:00,0,116,0,122,6,0
10/16/2025 04:15,0,121,0,129,8,0
10/16/2025 04:30,0,142,0,148,6,0
10/16/2025 04:45,0,483,0,574,91,0
10/16/2025 05:00,0,185,0,195,10,0
10/16/2025 05:15,0,107,0,115,8,0
10/16/2025 05:30,0,162,0,167,5,0
10/16/2025 05:45,0,529,0,535,6,0
10/16/2025 06:00,0,158,0,252,94,0
10/16/2025 06:15,0,126,0,132,6,0
10/16/2025 06:30,0,109,0,114,5,0
10/16/2025 06:45,0,364,0,367,3,0
10/16/2025 07:00,7,121,0,119,5,0
10/16/2025 07:15,17,285,0,362,94,0
10/16/2025 07:30,36,265,0,257,28,0
10/16/2025 07:45,70,226,0,228,72,0
10/16/2025 08:00,71,105,0,111,77,0
10/16/2025 08:15,91,109,0,111,93,0
10/16/2025 08:30,143,103,0,107,147,0
10/16/2025 08:45,102,122,0,129,109,0
10/16/2025 09:00,130,112,0,114,132,0
10/16/2025 09:15,325,458,0,461,328,0
10/16/2025 09:30,461,527,0,528,462,0
10/16/2025 09:45,503,375,0,390,518,0
10/16/2025 10:00,620,308,0,319,631,0
10/16/2025 10:15,711,255,0,252,708,0
10/16/2025 10:30,744,246,0,263,761,0
10/16/2025 10:45,868,236,0,235,867,0
10/16/2025 11:00,1068,206,0,220,1082,0
10/16/2025 11:15,1154,204,0,215,1165,0
10/16/2025 11:30,1185,165,0,178,1198,0
10/16/2025 11:45,1216,141,0,150,1225,0
10/16/2025 12:00,1247,186,0,208,1269,0
10/16/2025 12:15,1285,119,0,133,1299,0
10/16/2025 12:30,1374,101,0,106,1379,0
10/16/2025 12:45,1404,180,187,0,1037,0
10/16/2025 13:00,1117,105,797,0,215,0
10/16/2025 13:15,1044,133,793,0,118,0
10/16/2025 13:30,1096,109,880,0,107,0
10/16/2025 13:45,838,130,577,0,131,0
10/16/2025 14:00,669,100,503,0,66,0
10/16/2025 14:15,515,100,403,0,12,0
10/16/2025 14:30,423,99,322,0,2,0
10/16/2025 14:45,446,127,284,0,35,0
10/16/2025 15:00,487,104,353,0,30,0
10/16/2025 15:15,386,128,256,0,2,0
10/16/2025 15:30,315,105,198,0,12,0
10/16/2025 15:45,235,107,101,0,27,0
10/16/2025 16:00,195,100,214,0,2,121
10/16/2025 16:15,175,116,171,0,0,112
10/16/2025 16:30,150,112,147,0,0,109
10/16/2025 16:45,127,117,123,0,0,113
10/16/2025 17:00,116,125,114,0,0,123
10/16/2025 17:15,84,106,79,0,0,101
10/16/2025 17:30,33,239,30,0,0,236
10/16/2025 17:45,5,591,0,5,0,581
10/16/2025 18:00,0,777,3,0,0,780
10/16/2025 18:15,0,431,4,0,0,435
10/16/2025 18:30,0,445,7,0,0,452
10/16/2025 18:45,0,178,0,4,0,174
10/16/2025 19:00,0,332,0,0,0,332
10/16/2025 19:15,0,437,0,1,0,436
10/16/2025 19:30,0,361,2,0,0,363
10/16/2025 19:45,0,333,0,11,0,322
10/16/2025 20:00,0,344,0,10,10,344
10/16/2025 20:15,0,187,0,3,0,184
10/16/2025 20:30,0,197,0,1,0,196
10/16/2025 20:45,0,408,0,1,0,407
10/16/2025 21:00,0,509,4,0,0,513
10/16/2025 21:15,0,348,4,0,0,352
10/16/2025 21:30,0,515,0,6,0,509
10/16/2025 21:45,0,755,10,0,0,765
10/16/2025 22:00,0,704,9,0,0,713
10/16/2025 22:15,0,321,0,5,0,316
10/16/2025 22:30,0,183,0,4,0,179
10/16/2025 22:45,0,293,0,7,0,286
10/16/2025 23:00,0,398,13,0,0,411
10/16/2025 23:15,0,147,0,4,0,143
10/16/2025 23:30,0,162,0,7,0,155
10/16/2025 23:45,0,175,2,0,0,177
10/17/2025 00:00,0,443,0,0,0,443
10/17/2025 00:15,0,265,4,0,0,269
10/17/2025 00:30,0,142,0,3,0,139
10/17/2025 00:45,0,153,0,6,0,147
10/17/2025 01:00,0,255,0,12,0,243
10/17/2025 01:15,0,456,0,193,34,297
10/17/2025 01:30,0,176,0,189,13,0
10/17/2025 01:45,0,138,0,145,7,0
10/17/2025 02:00,0,169,0,174,5,0
10/17/2025 02:15,0,510,0,515,5,0
10/17/2025 02:30,0,225,0,231,6,0
10/17/2025 02:45,0,140,0,146,6,0
10/17/2025 03:00,0,164,0,170,6,0
10/17/2025 03:15,0,256,0,262,6,0
10/17/2025 03:30,0,473,0,479,6,0
10/17/2025 03:45,0,139,0,145,6,0
10/17/2025 04:00,0,156,0,161,5,0
10/17/2025 04:15,0,255,0,260,5,0
10/17/2025 04:30,0,477,0,574,97,0
10/17/2025 04:45,0,173,0,181,8,0
10/17/2025 05:00,0,186,0,192,6,0
10/17/2025 05:15,0,494,0,499,5,0
10/17/2025 05:30,0,304,0,310,6,0
10/17/2025 05:45,0,171,0,263,92,0
10/17/2025 06:00,0,148,0,155,7,0
10/17/2025 06:15,0,486,0,493,7,0
10/17/2025 06:30,0,437,0,442,5,0
10/17/2025 06:45,0,416,0,504,88,0
10/17/2025 07:00,2,505,0,512,9,0
10/17/2025 07:15,15,621,0,612,6,0
10/17/2025 07:30,34,528,0,517,23,0
10/17/2025 07:45,64,544,0,540,60,0
10/17/2025 08:00,69,301,0,307,75,0
10/17/2025 08:15,92,450,0,458,100,0
10/17/2025 08:30,131,228,0,231,134,0
10/17/2025 08:45,98,160,0,169,107,0
10/17/2025 09:00,110,139,0,141,112,0
10/17/2025 09:15,254,140,0,140,254,0
10/17/2025 09:30,433,155,0,158,436,0
10/17/2025 09:45,482,132,0,134,484,0
10/17/2025 10:00,586,174,0,171,583,0
10/17/2025 10:15,690,221,0,232,701,0
10/17/2025 10:30,721,127,0,152,746,0
10/17/2025 10:45,834,143,0,150,841,0
10/17/2025 11:00,1018,147,0,149,1020,0
10/17/2025 11:15,1119,137,0,168,1150,0
10/17/2025 11:30,1152,133,0,141,1160,0
10/17/2025 11:45,1186,148,0,157,1195,0
10/17/2025 12:00,1207,224,0,235,1218,0
10/17/2025 12:15,1211,139,0,166,1238,0
10/17/2025 12:30,1205,116,0,140,1229,0
10/17/2025 12:45,1205,109,0,118,1214,0
10/17/2025 13:00,1172,297,6,0,869,0
10/17/2025 13:15,1102,1465,0,509,146,0
10/17/2025 13:30,1024,1367,0,454,111,0
10/17/2025 13:45,943,178,693,0,72,0
10/17/2025 14:00,839,120,717,0,2,0
10/17/2025 14:15,807,111,684,0,12,0
10/17/2025 14:30,705,135,530,0,40,0
10/17/2025 14:45,584,114,455,0,15,0
10/17/2025 15:00,406,151,250,0,5,0
10/17/2025 15:15,316,125,184,0,7,0
10/17/2025 15:30,282,122,130,0,30,0
10/17/2025 15:45,279,119,160,0,0,0
10/17/2025 16:00,242,145,256,0,0,159
10/17/2025 16:15,193,122,188,0,0,117
10/17/2025 16:30,115,177,113,0,0,175
10/17/2025 16:45,66,225,64,0,0,223
10/17/2025 17:00,50,182,47,0,0,179
10/17/2025 17:15,34,113,28,0,0,107
10/17/2025 17:30,19,513,17,0,0,511
10/17/2025 17:45,4,529,22,0,0,547
10/17/2025 18:00,0,351,0,10,0,341
10/17/2025 18:15,0,484,2,0,0,486
10/17/2025 18:30,0,173,0,0,0,173
10/17/2025 18:45,0,242,0,5,0,237
10/17/2025 19:00,0,249,4,0,0,253
10/17/2025 19:15,0,241,0,4,0,237
10/17/2025 19:30,0,607,0,10,0,597
10/17/2025 19:45,0,342,0,1,0,341
10/17/2025 20:00,0,234,0,22,20,232
10/17/2025 20:15,0,272,0,6,0,266
10/17/2025 20:30,0,314,0,4,0,310
10/17/2025 20:45,0,351,1,0,0,352
10/17/2025 21:00,0,400,22,0,0,422
10/17/2025 21:15,0,602,23,0,0,625
10/17/2025 21:30,0,181,0,5,0,176
10/17/2025 21:45,0,218,0,1,0,217
10/17/2025 22:00,0,179,0,2,0,177
10/17/2025 22:15,0,159,0,6,0,153
10/17/2025 22:30,0,258,3,0,0,261
10/17/2025 22:45,0,639,2,0,0,641
10/17/2025 23:00,0,139,0,3,0,136
10/17/2025 23:15,0,116,0,5,0,111
10/17/2025 23:30,0,217,0,7,0,210
10/17/2025 23:45,0,168,0,1,0,167
10/18/2025 00:00,0,367,0,4,0,363
10/18/2025 00:15,0,322,0,5,1,318
10/18/2025 00:30,0,197,0,7,0,190
10/18/2025 00:45,0,158,0,0,0,158
10/18/2025 01:00,0,108,0,2,0,106
10/18/2025 01:15,0,171,0,0,0,171
10/18/2025 01:30,0,503,0,7,1,497
10/18/2025 01:45,0,108,0,2,0,106
10/18/2025 02:00,0,125,0,3,0,122
10/18/2025 02:15,0,211,8,0,0,219
10/18/2025 02:30,0,199,0,7,0,192
10/18/2025 02:45,0,507,0,363,34,178
10/18/2025 03:00,0,132,0,144,12,0
10/18/2025 03:15,0,121,0,127,6,0
10/18/2025 03:30,0,135,0,142,7,0
10/18/2025 03:45,0,503,0,510,7,0
10/18/2025 04:00,0,151,0,157,6,0
10/18/2025 04:15,0,203,0,209,6,0
10/18/2025 04:30,0,131,0,137,6,0
10/18/2025 04:45,0,321,0,326,5,0
10/18/2025 05:00,0,394,0,400,6,0
10/18/2025 05:15,0,106,0,111,5,0
10/18/2025 05:30,0,104,0,111,7,0
10/18/2025 05:45,0,256,0,262,6,0
10/18/2025 06:00,0,450,0,456,6,0
10/18/2025 06:15,0,113,0,119,6,0
10/18/2025 06:30,0,464,0,553,89,0
10/18/2025 06:45,0,457,0,463,6,0
10/18/2025 07:00,16,484,0,479,11,0
10/18/2025 07:15,16,484,0,479,11,0
10/18/2025 07:30,16,484,0,479,11,0
10/18/2025 07:45,61,561,0,554,54,0
10/18/2025 08:00,71,448,0,451,74,0
10/18/2025 08:15,100,204,0,208,104,0
10/18/2025 08:30,130,146,0,147,131,0
10/18/2025 08:45,96,302,0,309,103,0
10/18/2025 09:00,103,298,0,302,107,0
10/18/2025 09:15,217,446,0,444,215,0
10/18/2025 09:30,406,279,0,276,403,0
10/18/2025 09:45,469,107,0,118,480,0
10/18/2025 10:00,568,112,0,106,562,0
10/18/2025 10:15,667,105,0,120,682,0
10/18/2025 10:30,697,153,0,177,721,0
10/18/2025 10:45,815,193,0,201,823,0
10/18/2025 11:00,992,189,0,198,1001,0
10/18/2025 11:15,1089,124,0,142,1107,0
10/18/2025 11:30,1116,104,0,143,1155,0
10/18/2025 11:45,1150,102,0,113,1161,0
10/18/2025 12:00,1170,108,0,123,1185,0
10/18/2025 12:15,1174,127,0,142,1189,0
10/18/2025 12:30,1174,476,0,489,1187,0
10/18/2025 12:45,1170,357,0,365,1178,0
10/18/2025 13:00,1150,161,0,57,1046,0
10/18/2025 13:15,1090,553,275,0,262,0
10/18/2025 13:30,1023,1294,0,450,179,0
10/18/2025 13:45,938,1302,0,445,81,0
10/18/2025 14:00,882,1320,0,490,52,0
10/18/2025 14:15,758,1314,0,621,65,0
10/18/2025 14:30,667,1291,0,656,32,0
10/18/2025 14:45,569,1293,0,734,10,0
10/18/2025 15:00,370,1343,0,983,10,0
10/18/2025 15:15,311,1422,0,1127,16,0
10/18/2025 15:30,268,1074,0,819,13,0
10/18/2025 15:45,270,106,151,0,13,0
10/18/2025 16:00,233,105,234,0,6,112
10/18/2025 16:15,119,137,116,0,0,134
10/18/2025 16:30,129,215,124,0,0,210
10/18/2025 16:45,115,157,112,0,0,154
10/18/2025 17:00,109,105,106,0,0,102
10/18/2025 17:15,52,112,46,0,0,106
10/18/2025 17:30,18,592,8,0,0,582
10/18/2025 17:45,2,573,5,0,0,576
10/18/2025 18:00,0,443,0,3,0,440
10/18/2025 18:15,0,374,0,10,0,364
10/18/2025 18:30,0,554,2,0,0,556
10/18/2025 18:45,0,208,0,3,0,205
10/18/2025 19:00,0,206,4,0,0,210
10/18/2025 19:15,0,188,0,6,0,182
10/18/2025 19:30,0,238,0,6,0,232
10/18/2025 19:45,0,597,0,6,0,591
10/18/2025 20:00,0,819,8,10,10,827
10/18/2025 20:15,0,453,6,0,0,459
10/18/2025 20:30,0,420,0,6,0,414
10/18/2025 20:45,0,1439,6,0,0,1445
10/18/2025 21:00,0,1800,17,0,0,1817
10/18/2025 21:15,0,837,3,0,0,840
10/18/2025 21:30,0,447,0,9,0,438
10/18/2025 21:45,0,585,1,0,0,586
10/18/2025 22:00,0,434,16,0,0,450
10/18/2025 22:15,0,506,0,225,18,299
10/18/2025 22:30,0,317,0,329,12,0
10/18/2025 22:45,0,422,0,428,6,0
10/18/2025 23:00,0,612,0,616,4,0
10/18/2025 23:15,0,278,0,282,4,0
10/18/2025 23:30,0,243,0,243,0,0
10/18/2025 23:45,0,160,0,162,2,0
10/19/2025 00:00,0,152,0,158,6,0
10/19/2025 00:15,0,176,0,180,4,0
10/19/2025 00:30,0,268,0,273,5,0
10/19/2025 00:45,0,166,0,171,5,0
10/19/2025 01:00,0,150,0,156,6,0
10/19/2025 01:15,0,184,0,190,6,0
10/19/2025 01:30,0,541,0,547,6,0
10/19/2025 01:45,0,176,0,182,6,0
10/19/2025 02:00,0,252,0,361,109,0
10/19/2025 02:15,0,162,0,170,8,0
10/19/2025 02:30,0,141,0,147,6,0
10/19/2025 02:45,0,157,0,163,6,0
10/19/2025 03:00,0,322,0,328,6,0
10/19/2025 03:15,0,428,0,432,4,0
10/19/2025 03:30,0,150,0,246,96,0
10/19/2025 03:45,0,173,0,182,10,1
10/19/2025 04:00,0,227,0,233,6,0
10/19/2025 04:15,0,163,0,169,6,0
10/19/2025 04:30,0,245,0,250,5,0
10/19/2025 04:45,0,542,0,637,95,0
10/19/2025 05:00,0,149,0,159,10,0
10/19/2025 05:15,0,139,0,145,6,0
10/19/2025 05:30,0,139,0,145,6,0
10/19/2025 05:45,0,180,0,186,6,0
10/19/2025 06:00,0,570,0,665,95,0
10/19/2025 06:15,0,281,0,291,10,0
10/19/2025 06:30,0,161,0,167,6,0
10/19/2025 06:45,0,155,0,161,6,0
10/19/2025 07:00,0,152,0,157,5,0
10/19/2025 07:15,27,156,0,224,95,0
10/19/2025 07:30,55,244,0,249,60,0
10/19/2025 07:45,79,254,0,257,82,0
10/19/2025 08:00,102,248,0,253,107,0
10/19/2025 08:15,136,143,0,150,143,0
10/19/2025 08:30,160,141,0,146,165,0
10/19/2025 08:45,146,137,0,146,155,0
10/19/2025 09:00,165,163,0,167,169,0
10/19/2025 09:15,261,140,0,142,263,0
10/19/2025 09:30,428,155,0,151,424,0
10/19/2025 09:45,507,161,0,175,521,0
10/19/2025 10:00,601,146,0,156,611,0
10/19/2025 10:15,690,143,0,165,712,0
10/19/2025 10:30,704,140,0,161,725,0
10/19/2025 10:45,787,175,0,195,807,0
10/19/2025 11:00,910,139,0,147,918,0
10/19/2025 11:15,1085,160,0,179,1104,0
10/19/2025 11:30,1009,157,0,176,1028,0
10/19/2025 11:45,868,142,0,158,884,0
10/19/2025 12:00,954,144,0,155,965,0
10/19/2025 12:15,955,171,0,177,961,0
10/19/2025 12:30,965,519,0,522,968,0
10/19/2025 12:45,985,266,0,280,999,0
10/19/2025 13:00,937,143,0,156,950,0
10/19/2025 13:15,931,351,0,353,933,0
10/19/2025 13:30,932,204,192,0,536,0
10/19/2025 13:45,864,188,623,0,53,0
10/19/2025 14:00,783,688,0,7,102,0
10/19/2025 14:15,718,1058,0,348,8,0
10/19/2025 14:30,631,1069,0,450,12,0
10/19/2025 14:45,577,1081,0,589,85,0
10/19/2025 15:00,466,1157,0,696,5,0
10/19/2025 15:15,360,1129,0,780,11,0
10/19/2025 15:30,293,1025,0,732,0,0
10/19/2025 15:45,289,179,80,0,30,0
10/19/2025 16:00,270,163,283,0,0,176
10/19/2025 16:15,183,188,181,0,0,186
10/19/2025 16:30,137,169,136,0,0,168
10/19/2025 16:45,131,150,129,0,0,148
10/19/2025 17:00,107,168,107,0,0,168
10/19/2025 17:15,82,181,76,0,0,175
10/19/2025 17:30,33,516,28,0,0,511
10/19/2025 17:45,2,289,0,2,0,285
10/19/2025 18:00,0,242,0,5,0,237
10/19/2025 18:15,0,263,6,0,0,269
10/19/2025 18:30,0,214,0,0,0,214
10/19/2025 18:45,0,230,0,4,0,226
10/19/2025 19:00,0,431,6,0,0,437
10/19/2025 19:15,0,245,0,4,0,241
10/19/2025 19:30,0,330,0,2,0,328
10/19/2025 19:45,0,233,0,6,0,227
10/19/2025 20:00,0,219,10,21,21,229
10/19/2025 20:15,0,244,0,1,1,244
10/19/2025 20:30,0,301,0,2,0,299
10/19/2025 20:45,0,377,3,0,0,380
10/19/2025 21:00,0,539,4,0,0,543
10/19/2025 21:15,0,537,5,0,0,542
10/19/2025 21:30,0,615,45,0,0,660
10/19/2025 21:45,0,480,37,0,0,517
10/19/2025 22:00,0,319,5,0,0,324
10/19/2025 22:15,0,304,0,6,0,298
10/19/2025 22:30,0,194,0,2,0,192
10/19/2025 22:45,0,152,0,2,0,150
10/19/2025 23:00,0,221,1,0,0,222
10/19/2025 23:15,0,225,4,0,0,229
10/19/2025 23:30,0,142,0,1,0,141
10/19/2025 23:45,0,114,0,5,0,109
10/20/2025 00:00,0,164,0,0,0,164
10/20/2025 00:15,0,199,0,1,0,198
10/20/2025 00:30,0,116,0,5,0,111
10/20/2025 00:45,0,130,0,6,0,124
10/20/2025 01:00,0,130,0,3,0,127
10/20/2025 01:15,0,120,1,0,0,121
10/20/2025 01:30,0,221,0,7,0,214
10/20/2025 01:45,0,135,0,4,0,131
10/20/2025 02:00,0,109,0,3,0,106
10/20/2025 02:15,0,138,0,5,0,133
10/20/2025 02:30,0,123,0,3,0,120
10/20/2025 02:45,0,108,0,1,0,107
10/20/2025 03:00,0,182,0,0,0,182
10/20/2025 03:15,0,190,0,3,0,187
10/20/2025 03:30,0,192,0,5,0,187
10/20/2025 03:45,0,173,0,1,0,172
10/20/2025 04:00,0,150,8,17,17,158
10/20/2025 04:15,0,140,0,114,84,110
10/20/2025 04:30,0,220,0,232,12,0
10/20/2025 04:45,0,129,0,137,8,0
10/20/2025 05:00,0,263,0,269,6,0
10/20/2025 05:15,0,281,0,288,7,0
10/20/2025 05:30,0,114,0,121,7,0
10/20/2025 05:45,0,136,0,142,6,0
10/20/2025 06:00,0,115,0,121,6,0
10/20/2025 06:15,0,116,0,122,6,0
10/20/2025 06:30,0,235,0,241,6,0
10/20/2025 06:45,0,139,0,145,6,0
10/20/2025 07:00,0,114,0,120,6,0
10/20/2025 07:15,0,291,0,295,4,0
10/20/2025 07:30,0,325,0,332,7,0
10/20/2025 07:45,20,241,0,241,20,0
10/20/2025 08:00,91,206,0,203,88,0
10/20/2025 08:15,94,216,0,218,96,0
10/20/2025 08:30,70,220,0,222,72,0
10/20/2025 08:45,64,196,0,194,62,0
10/20/2025 09:00,99,127,0,126,98,0
10/20/2025 09:15,134,125,0,123,132,0
10/20/2025 09:30,117,182,0,186,121,0
10/20/2025 09:45,64,212,0,211,63,0
10/20/2025 10:00,64,140,0,138,62,0
10/20/2025 10:15,51,230,0,229,50,0
10/20/2025 10:30,42,373,0,374,43,0
10/20/2025 10:45,32,286,0,283,29,0
10/20/2025 11:00,49,410,0,407,46,0
10/20/2025 11:15,83,353,0,349,79,0
10/20/2025 11:30,89,227,0,231,93,0
10/20/2025 11:45,77,246,0,246,77,0
10/20/2025 12:00,74,241,0,243,76,0
10/20/2025 12:15,108,215,0,209,102,0
10/20/2025 12:30,223,211,0,215,227,0
10/20/2025 12:45,234,232,0,235,237,0
10/20/2025 13:00,178,217,0,222,183,0
10/20/2025 13:15,139,227,0,231,143,0
10/20/2025 13:30,73,237,0,242,78,0
10/20/2025 13:45,107,212,0,209,104,0
10/20/2025 14:00,158,209,0,211,160,0
10/20/2025 14:15,135,224,0,227,138,0
10/20/2025 14:30,151,214,0,217,154,0
10/20/2025 14:45,163,219,0,218,162,0
10/20/2025 15:00,272,235,0,232,269,0
10/20/2025 15:15,313,205,0,206,314,0
10/20/2025 15:30,341,209,0,214,346,0
10/20/2025 15:45,237,215,0,219,241,0
10/20/2025 16:00,290,235,290,0,11,246
10/20/2025 16:15,267,212,264,0,0,209
10/20/2025 16:30,241,240,241,0,0,240
10/20/2025 16:45,168,195,167,0,0,194
10/20/2025 17:00,112,123,107,0,0,118
10/20/2025 17:15,171,126,168,0,1,124
10/20/2025 17:30,23,283,17,0,0,277
10/20/2025 17:45,0,191,4,0,0,195
10/20/2025 18:00,0,183,0,5,0,178
10/20/2025 18:15,0,193,0,2,0,191
10/20/2025 18:30,0,198,6,0,0,204
10/20/2025 18:45,0,207,0,4,0,203
10/20/2025 19:00,0,255,0,26,0,229
10/20/2025 19:15,0,263,0,273,10,0
10/20/2025 19:30,0,341,0,349,8,0
10/20/2025 19:45,0,461,0,467,6,0
10/20/2025 20:00,0,382,0,387,5,0
10/20/2025 20:15,0,311,0,318,7,0
10/20/2025 20:30,0,586,0,594,8,0
10/20/2025 20:45,0,1543,0,1553,10,0
10/20/2025 21:00,0,1413,0,1421,8,0
10/20/2025 21:15,0,648,0,653,5,0
10/20/2025 21:30,0,679,0,684,5,0
10/20/2025 21:45,0,400,0,407,7,0
10/20/2025 22:00,0,529,0,535,6,0
10/20/2025 22:15,0,463,0,471,8,0
10/20/2025 22:30,0,489,0,497,8,0
10/20/2025 22:45,0,167,0,175,8,0
10/20/2025 23:00,0,107,0,208,101,0
10/20/2025 23:15,0,153,0,163,10,0
10/20/2025 23:30,0,228,0,236,8,0
10/20/2025 23:45,0,152,0,158,6,0
10/21/2025 00:00,0,106,0,111,5,0
10/21/2025 00:15,0,128,0,134,6,0
10/21/2025 00:30,0,234,0,336,102,0
10/21/2025 00:45,0,145,0,156,11,0
10/21/2025 01:00,0,109,0,115,6,0
10/21/2025 01:15,0,105,0,111,6,0
10/21/2025 01:30,0,99,0,107,8,0
10/21/2025 01:45,0,139,0,145,6,0
10/21/2025 02:00,0,228,0,329,101,0
10/21/2025 02:15,0,126,0,134,8,0
10/21/2025 02:30,0,102,0,108,6,0
10/21/2025 02:45,0,118,0,126,8,0
10/21/2025 03:00,0,109,0,115,6,0
10/21/2025 03:15,0,120,0,225,105,0
10/21/2025 03:30,0,131,0,141,10,0
10/21/2025 03:45,0,102,0,108,6,0
10/21/2025 04:00,0,111,0,117,6,0
10/21/2025 04:15,0,145,0,151,6,0
10/21/2025 04:30,0,197,0,203,6,0
10/21/2025 04:45,0,105,0,200,95,0
10/21/2025 05:00,0,131,0,141,10,0
10/21/2025 05:15,0,117,0,123,6,0
10/21/2025 05:30,0,101,0,109,8,0
10/21/2025 05:45,0,102,0,108,6,0
10/21/2025 06:00,0,123,0,128,5,0
10/21/2025 06:15,0,108,0,202,94,0
10/21/2025 06:30,0,130,0,141,11,0
10/21/2025 06:45,0,253,0,260,7,0
10/21/2025 07:00,0,157,0,161,4,0
10/21/2025 07:15,7,281,0,279,5,0
10/21/2025 07:30,25,244,0,233,14,0
10/21/2025 07:45,44,228,0,230,46,0
10/21/2025 08:00,67,203,0,204,68,0
10/21/2025 08:15,113,170,0,174,117,0
10/21/2025 08:30,138,126,0,132,144,0
10/21/2025 08:45,96,109,0,119,106,0
10/21/2025 09:00,91,124,0,130,97,0
10/21/2025 09:15,154,125,0,128,157,0
10/21/2025 09:30,379,113,0,110,376,0
10/21/2025 09:45,458,102,0,104,460,0
10/21/2025 10:00,555,127,0,127,555,0
10/21/2025 10:15,655,131,0,141,665,0
10/21/2025 10:30,699,105,0,104,698,0
10/21/2025 10:45,831,100,0,109,840,0
10/21/2025 11:00,1015,119,0,140,1036,0
10/21/2025 11:15,1084,114,0,129,1099,0
10/21/2025 11:30,1110,109,0,108,1109,0
10/21/2025 11:45,1132,124,0,144,1152,0
10/21/2025 12:00,1161,127,0,146,1180,0
10/21/2025 12:15,1172,103,0,142,1211,0
10/21/2025 12:30,1166,103,0,111,1174,0
10/21/2025 12:45,1162,116,0,151,1197,0
10/21/2025 13:00,1149,110,0,77,1116,0
10/21/2025 13:15,1113,108,646,0,359,0
10/21/2025 13:30,1042,137,748,0,157,0
10/21/2025 13:45,965,121,689,0,155,0
10/21/2025 14:00,892,105,714,0,73,0
10/21/2025 14:15,812,103,709,0,0,0
10/21/2025 14:30,703,132,560,0,11,0
10/21/2025 14:45,560,104,360,0,96,0
10/21/2025 15:00,386,121,259,0,6,0
10/21/2025 15:15,284,128,152,0,4,0
10/21/2025 15:30,245,101,120,0,24,0
10/21/2025 15:45,257,100,133,0,24,0
10/21/2025 16:00,225,112,245,0,0,132
10/21/2025 16:15,178,122,175,0,0,119
10/21/2025 16:30,99,105,96,0,0,102
10/21/2025 16:45,69,131,66,0,0,128
10/21/2025 17:00,54,108,50,0,0,104
10/21/2025 17:15,32,121,29,0,0,118
10/21/2025 17:30,14,176,9,0,0,171
10/21/2025 17:45,1,195,0,3,0,191
10/21/2025 18:00,0,185,0,1,0,184
10/21/2025 18:15,0,217,0,2,0,215
10/21/2025 18:30,0,270,3,0,0,273
10/21/2025 18:45,0,387,9,0,0,396
10/21/2025 19:00,0,445,2,0,0,447
10/21/2025 19:15,0,263,0,6,0,257
10/21/2025 19:30,0,358,7,0,0,365
10/21/2025 19:45,0,393,4,0,0,397
10/21/2025 20:00,0,416,3,19,19,419
10/21/2025 20:15,0,299,12,0,0,311
10/21/2025 20:30,0,186,0,3,0,183
10/21/2025 20:45,0,214,5,0,0,219
10/21/2025 21:00,0,190,0,5,0,185
10/21/2025 21:15,0,381,0,3,0,378
10/21/2025 21:30,0,465,13,0,0,478
10/21/2025 21:45,0,835,0,8,0,827
10/21/2025 22:00,0,468,13,0,0,481
10/21/2025 22:15,0,195,8,0,0,203
10/21/2025 22:30,0,266,20,0,0,286
10/21/2025 22:45,0,231,9,0,0,240
10/21/2025 23:00,0,240,2,0,0,242
10/21/2025 23:15,0,150,1,0,0,151
10/21/2025 23:30,0,109,0,5,0,104
10/21/2025 23:45,0,163,0,3,0,160
10/22/2025 00:00,0,227,6,0,0,233
10/22/2025 00:15,0,382,12,0,0,394
10/22/2025 00:30,0,235,1,0,0,236
10/22/2025 00:45,0,200,2,0,0,202
10/22/2025 01:00,0,159,1,0,0,160
10/22/2025 01:15,0,108,0,1,0,107
10/22/2025 01:30,0,125,0,5,0,120
10/22/2025 01:45,0,111,0,4,0,107
10/22/2025 02:00,0,122,0,7,0,115
10/22/2025 02:15,0,189,0,8,0,181
10/22/2025 02:30,0,520,0,4,0,516
10/22/2025 02:45,0,128,0,1,0,127
10/22/2025 03:00,0,118,0,4,0,114
10/22/2025 03:15,0,121,0,4,0,117
10/22/2025 03:30,0,107,0,1,0,106
10/22/2025 03:45,0,133,0,4,0,129
10/22/2025 04:00,0,190,0,22,9,177
10/22/2025 04:15,0,410,0,390,35,55
10/22/2025 04:30,0,105,0,115,10,0
10/22/2025 04:45,0,188,0,194,6,0
10/22/2025 05:00,0,187,0,193,6,0
10/22/2025 05:15,0,113,0,119,6,0
10/22/2025 05:30,0,135,0,141,6,0
10/22/2025 05:45,0,121,0,127,6,0
10/22/2025 06:00,0,404,0,412,8,0
10/22/2025 06:15,0,139,0,143,4,0
10/22/2025 06:30,0,132,0,138,6,0
10/22/2025 06:45,0,157,0,163,6,0
10/22/2025 07:00,0,235,0,242,7,0
10/22/2025 07:15,0,284,0,288,4,0
10/22/2025 07:30,0,329,0,335,6,0
10/22/2025 07:45,0,260,0,267,7,0
10/22/2025 08:00,0,203,0,298,95,0
10/22/2025 08:15,0,227,0,237,10,0
10/22/2025 08:30,0,217,0,222,5,0
10/22/2025 08:45,0,180,0,186,6,0
10/22/2025 09:00,1,142,0,146,5,0
10/22/2025 09:15,221,109,0,103,215,0
10/22/2025 09:30,345,111,0,120,354,0
10/22/2025 09:45,216,115,0,122,223,0
10/22/2025 10:00,148,126,0,130,152,0
10/22/2025 10:15,88,105,0,111,94,0
10/22/2025 10:30,138,105,0,109,142,0
10/22/2025 10:45,352,140,0,140,352,0
10/22/2025 11:00,427,116,0,109,420,0
10/22/2025 11:15,924,108,0,119,935,0
10/22/2025 11:30,990,107,0,119,1002,0
10/22/2025 11:45,826,128,0,138,836,0
10/22/2025 12:00,576,110,0,117,583,0
10/22/2025 12:15,1175,105,0,110,1180,0
10/22/2025 12:30,1102,125,0,147,1124,0
10/22/2025 12:45,1157,127,0,150,1180,0
10/22/2025 13:00,1079,101,0,99,1077,0
10/22/2025 13:15,955,105,0,131,981,0
10/22/2025 13:30,1031,112,0,120,1039,0
10/22/2025 13:45,604,113,0,125,616,0
10/22/2025 14:00,881,102,0,115,894,0
10/22/2025 14:15,887,126,0,143,904,0
10/22/2025 14:30,273,135,0,147,285,0
10/22/2025 14:45,363,103,0,103,363,0
10/22/2025 15:00,381,102,0,53,332,0
10/22/2025 15:15,316,113,186,0,17,0
10/22/2025 15:30,247,108,104,0,35,0
10/22/2025 15:45,251,102,100,0,49,0
10/22/2025 16:00,223,131,239,0,0,147
10/22/2025 16:15,176,119,172,0,0,115
10/22/2025 16:30,100,101,97,0,0,98
10/22/2025 16:45,72,104,69,0,0,101
10/22/2025 17:00,51,123,47,0,0,119
10/22/2025 17:15,28,125,25,0,0,122
10/22/2025 17:30,13,180,3,0,0,170
10/22/2025 17:45,1,505,8,0,0,512
10/22/2025 18:00,0,362,14,0,0,376
10/22/2025 18:15,0,220,0,6,0,214
10/22/2025 18:30,0,285,0,1,0,284
10/22/2025 18:45,0,387,8,0,0,395
10/22/2025 19:00,0,372,0,5,0,367
10/22/2025 19:15,0,237,0,4,0,233
10/22/2025 19:30,0,335,0,2,0,333
10/22/2025 19:45,0,489,2,0,0,491
10/22/2025 20:00,0,327,19,20,20,346
10/22/2025 20:15,0,305,15,0,0,320
10/22/2025 20:30,0,599,0,2,0,597
10/22/2025 20:45,0,1509,22,0,0,1531
10/22/2025 21:00,0,1318,22,0,0,1340
10/22/2025 21:15,0,358,0,2,0,356
10/22/2025 21:30,0,324,5,0,0,329
10/22/2025 21:45,0,482,12,0,0,494
10/22/2025 22:00,0,372,8,0,0,380
10/22/2025 22:15,0,607,13,0,0,620
10/22/2025 22:30,0,615,0,1,0,614
10/22/2025 22:45,0,333,3,0,0,336
10/22/2025 23:00,0,148,0,1,0,147
10/22/2025 23:15,0,140,0,3,0,137
10/22/2025 23:30,0,162,0,1,0,161
10/22/2025 23:45,0,216,0,1,0,215
10/23/2025 00:00,0,116,29,80,80,145
10/23/2025 00:15,0,140,0,153,13,0
10/23/2025 00:30,0,139,0,147,8,0
10/23/2025 00:45,0,212,0,219,7,0
10/23/2025 01:00,0,305,0,312,7,0
10/23/2025 01:15,0,325,0,331,6,0
10/23/2025 01:30,0,115,0,121,6,0
10/23/2025 01:45,0,136,0,142,6,0
10/23/2025 02:00,0,117,0,123,6,0
10/23/2025 02:15,0,208,0,214,6,0
10/23/2025 02:30,0,116,0,122,6,0
10/23/2025 02:45,0,174,0,180,6,0
10/23/2025 03:00,0,482,0,488,6,0
10/23/2025 03:15,0,122,0,129,7,0
10/23/2025 03:30,0,104,0,110,6,0
10/23/2025 03:45,0,106,0,208,102,0
10/23/2025 04:00,0,133,0,141,8,0
10/23/2025 04:15,0,197,0,202,5,0
10/23/2025 04:30,0,573,0,579,6,0
10/23/2025 04:45,0,311,0,317,6,0
10/23/2025 05:00,0,137,0,142,5,0
10/23/2025 05:15,0,126,0,220,94,0
10/23/2025 05:30,0,104,0,111,7,0
10/23/2025 05:45,0,171,0,177,6,0
10/23/2025 06:00,0,544,0,549,5,0
10/23/2025 06:15,0,145,0,153,8,0
10/23/2025 06:30,0,141,0,238,97,0
10/23/2025 06:45,0,122,0,128,6,0
10/23/2025 07:00,0,133,0,137,4,0
10/23/2025 07:15,28,309,0,299,18,0
10/23/2025 07:30,82,284,0,287,85,0
10/23/2025 07:45,121,246,0,247,122,0
10/23/2025 08:00,165,224,0,230,171,0
10/23/2025 08:15,194,197,0,200,197,0
10/23/2025 08:30,226,206,0,210,230,0
10/23/2025 08:45,236,188,0,196,244,0
10/23/2025 09:00,251,110,0,116,257,0
10/23/2025 09:15,213,103,0,105,215,0
10/23/2025 09:30,443,117,0,118,444,0
10/23/2025 09:45,510,128,0,128,510,0
10/23/2025 10:00,585,111,0,114,588,0
10/23/2025 10:15,493,126,0,125,492,0
10/23/2025 10:30,707,102,0,107,712,0
10/23/2025 10:45,811,106,0,107,812,0
10/23/2025 11:00,988,129,0,141,1000,0
10/23/2025 11:15,911,107,0,144,948,0
10/23/2025 11:30,612,118,0,120,614,0
10/23/2025 11:45,884,130,0,133,887,0
10/23/2025 12:00,531,102,0,107,536,0
10/23/2025 12:15,1017,104,0,116,1029,0
10/23/2025 12:30,1361,122,0,135,1374,0
10/23/2025 12:45,1077,115,0,127,1089,0
10/23/2025 13:00,866,103,0,109,872,0
10/23/2025 13:15,1163,112,0,123,1174,0
10/23/2025 13:30,950,133,333,0,484,0
10/23/2025 13:45,1028,109,717,0,202,0
10/23/2025 14:00,556,103,352,0,101,0
10/23/2025 14:15,663,115,540,0,8,0
10/23/2025 14:30,738,115,587,0,36,0
10/23/2025 14:45,608,105,432,0,71,0
10/23/2025 15:00,474,115,353,0,6,0
10/23/2025 15:15,340,137,201,0,2,0
10/23/2025 15:30,274,115,104,0,55,0
10/23/2025 15:45,204,102,46,0,56,0
10/23/2025 16:00,187,122,205,0,0,140
10/23/2025 16:15,158,103,155,0,0,100
10/23/2025 16:30,122,101,119,0,0,98
10/23/2025 16:45,102,117,98,0,0,113
10/23/2025 17:00,70,108,68,0,0,106
10/23/2025 17:15,35,149,30,0,0,144
10/23/2025 17:30,13,191,12,0,0,190
10/23/2025 17:45,0,163,0,2,0,161
10/23/2025 18:00,0,164,0,5,0,159
10/23/2025 18:15,0,187,5,0,0,192
10/23/2025 18:30,0,183,0,6,0,177
10/23/2025 18:45,0,306,0,10,0,296
10/23/2025 19:00,0,620,0,5,0,615
10/23/2025 19:15,0,565,24,0,0,589
10/23/2025 19:30,0,229,0,0,0,229
10/23/2025 19:45,0,513,12,0,0,525
10/23/2025 20:00,0,258,15,38,38,273
10/23/2025 20:15,0,376,14,0,0,390
10/23/2025 20:30,0,273,0,4,0,269
10/23/2025 20:45,0,602,14,0,0,616
10/23/2025 21:00,0,301,0,3,0,298
10/23/2025 21:15,0,330,0,0,0,330
10/23/2025 21:30,0,438,0,4,0,434
10/23/2025 21:45,0,594,16,0,0,610
10/23/2025 22:00,0,812,0,7,0,805
10/23/2025 22:15,0,572,23,0,0,595
10/23/2025 22:30,0,230,6,0,0,236
10/23/2025 22:45,0,134,1,0,0,135
10/23/2025 23:00,0,133,0,5,0,128
10/23/2025 23:15,0,389,0,13,0,376
10/23/2025 23:30,0,395,0,2,0,393
10/23/2025 23:45,0,133,0,0,0,133
10/24/2025 00:00,0,110,0,0,0,110
10/24/2025 00:15,0,226,0,1,0,225
10/24/2025 00:30,0,225,0,3,0,222
10/24/2025 00:45,0,495,28,2,2,523
10/24/2025 01:00,0,122,0,1,0,121
10/24/2025 01:15,0,127,0,2,0,125
10/24/2025 01:30,0,107,0,1,0,106
10/24/2025 01:45,0,215,0,9,0,206
10/24/2025 02:00,0,451,0,80,10,381
10/24/2025 02:15,0,299,0,313,14,0
10/24/2025 02:30,0,104,0,112,8,0
10/24/2025 02:45,0,128,0,134,6,0
10/24/2025 03:00,0,361,0,367,6,0
10/24/2025 03:15,0,319,0,325,6,0
10/24/2025 03:30,0,142,0,147,5,0
10/24/2025 03:45,0,120,0,126,6,0
10/24/2025 04:00,0,349,0,355,6,0
10/24/2025 04:15,0,458,0,464,6,0
10/24/2025 04:30,0,128,0,133,5,0
10/24/2025 04:45,0,105,0,112,7,0
10/24/2025 05:00,0,138,0,144,6,0
10/24/2025 05:15,0,547,0,553,6,0
10/24/2025 05:30,0,138,0,142,4,0
10/24/2025 05:45,0,104,0,190,86,0
10/24/2025 06:00,0,175,0,183,8,0
10/24/2025 06:15,0,541,0,545,4,0
10/24/2025 06:30,0,106,0,111,5,0
10/24/2025 06:45,0,145,0,147,2,0
10/24/2025 07:00,0,218,0,299,81,0
10/24/2025 07:15,2,225,0,231,8,0
10/24/2025 07:30,24,677,0,667,14,0
10/24/2025 07:45,46,477,0,475,44,0
10/24/2025 08:00,77,201,0,207,83,0
10/24/2025 08:15,140,201,0,205,144,0
10/24/2025 08:30,169,222,0,225,172,0
10/24/2025 08:45,117,200,0,209,126,0
10/24/2025 09:00,105,121,0,128,112,0
10/24/2025 09:15,131,146,0,149,134,0
10/24/2025 09:30,338,141,0,133,330,0
10/24/2025 09:45,453,124,0,126,455,0
10/24/2025 10:00,520,138,0,137,519,0
10/24/2025 10:15,635,116,0,128,647,0
10/24/2025 10:30,683,114,0,139,708,0
10/24/2025 10:45,855,140,0,135,850,0
10/24/2025 11:00,699,120,0,130,709,0
10/24/2025 11:15,593,127,0,132,598,0
10/24/2025 11:30,594,145,0,156,605,0
10/24/2025 11:45,591,116,0,143,618,0
10/24/2025 12:00,564,104,0,114,574,0
10/24/2025 12:15,512,117,0,126,521,0
10/24/2025 12:30,513,110,0,130,533,0
10/24/2025 12:45,441,103,0,116,454,0
10/24/2025 13:00,520,108,0,105,517,0
10/24/2025 13:15,544,119,0,145,570,0
10/24/2025 13:30,572,122,0,123,573,0
10/24/2025 13:45,643,123,0,128,648,0
10/24/2025 14:00,752,102,0,115,765,0
10/24/2025 14:15,734,99,0,112,747,0
10/24/2025 14:30,727,120,0,142,749,0
10/24/2025 14:45,521,106,0,131,546,0
10/24/2025 15:00,441,104,0,113,450,0
10/24/2025 15:15,315,109,0,115,321,0
10/24/2025 15:30,211,112,0,112,211,0
10/24/2025 15:45,312,120,0,127,319,0
10/24/2025 16:00,267,124,264,0,18,139
10/24/2025 16:15,189,100,186,0,0,97
10/24/2025 16:30,188,101,183,0,0,96
10/24/2025 16:45,182,120,180,0,0,118
10/24/2025 17:00,59,103,54,0,0,98
10/24/2025 17:15,40,119,34,0,0,113
10/24/2025 17:30,19,139,15,0,0,135
10/24/2025 17:45,0,206,0,2,0,204
10/24/2025 18:00,0,761,0,14,0,747
10/24/2025 18:15,0,856,34,0,0,890
10/24/2025 18:30,0,438,0,8,0,430
10/24/2025 18:45,0,499,1,0,0,500
10/24/2025 19:00,0,436,1,0,0,437
10/24/2025 19:15,0,495,6,0,0,501
10/24/2025 19:30,0,306,8,0,0,314
10/24/2025 19:45,0,167,0,4,0,163
10/24/2025 20:00,0,169,0,20,18,167
10/24/2025 20:15,0,458,0,3,0,455
10/24/2025 20:30,0,344,7,0,0,351
10/24/2025 20:45,0,196,0,1,0,195
10/24/2025 21:00,0,273,3,0,0,276
10/24/2025 21:15,0,390,1,0,0,391
10/24/2025 21:30,0,929,2,0,0,931
10/24/2025 21:45,0,444,16,0,0,460
10/24/2025 22:00,0,532,17,0,0,549
10/24/2025 22:15,0,262,0,2,0,260
10/24/2025 22:30,0,337,0,2,0,335
10/24/2025 22:45,0,602,32,0,0,634
10/24/2025 23:00,0,204,0,4,1,201
10/24/2025 23:15,0,133,0,1,0,132
10/24/2025 23:30,0,120,0,3,0,117
10/24/2025 23:45,0,410,0,8,1,403
10/25/2025 00:00,0,411,8,0,0,419
10/25/2025 00:15,0,156,1,0,0,157
10/25/2025 00:30,0,106,0,3,0,103
10/25/2025 00:45,0,207,0,11,0,196
10/25/2025 01:00,0,490,0,480,26,36
10/25/2025 01:15,0,106,0,116,10,0
10/25/2025 01:30,0,124,0,130,6,0
10/25/2025 01:45,0,218,0,224,6,0
10/25/2025 02:00,0,370,0,376,6,0
10/25/2025 02:15,0,321,0,327,6,0
10/25/2025 02:30,0,105,0,110,5,0
10/25/2025 02:45,0,126,0,132,6,0
10/25/2025 03:00,0,403,0,408,5,0
10/25/2025 03:15,0,266,0,272,6,0
10/25/2025 03:30,0,136,0,142,6,0
10/25/2025 03:45,0,249,0,255,6,0
10/25/2025 04:00,0,532,0,539,7,0
10/25/2025 04:15,0,116,0,153,37,0
10/25/2025 04:30,0,112,0,173,61,0
10/25/2025 04:45,0,330,0,336,6,0
10/25/2025 05:00,0,426,0,432,6,0
10/25/2025 05:15,0,105,0,111,6,0
10/25/2025 05:30,0,103,0,190,87,0
10/25/2025 05:45,0,447,0,455,8,0
10/25/2025 06:00,0,265,0,271,6,0
10/25/2025 06:15,0,113,0,119,6,0
10/25/2025 06:30,0,538,0,615,77,0
10/25/2025 06:45,0,517,0,525,8,0
10/25/2025 07:00,0,484,0,489,5,0
10/25/2025 07:15,1,393,0,465,73,0
10/25/2025 07:30,17,552,0,545,10,0
10/25/2025 07:45,55,498,0,498,55,0
10/25/2025 08:00,73,556,0,560,77,0
10/25/2025 08:15,161,529,0,526,158,0
10/25/2025 08:30,205,445,0,451,211,0
10/25/2025 08:45,260,443,0,443,260,0
10/25/2025 09:00,330,317,0,324,337,0
10/25/2025 09:15,388,229,0,234,393,0
10/25/2025 09:30,403,251,0,254,406,0
10/25/2025 09:45,502,201,0,203,504,0
10/25/2025 10:00,405,200,0,197,402,0
10/25/2025 10:15,706,127,0,150,729,0
10/25/2025 10:30,659,164,0,167,662,0
10/25/2025 10:45,800,150,0,164,814,0
10/25/2025 11:00,976,121,0,128,983,0
10/25/2025 11:15,1057,185,0,188,1060,0
10/25/2025 11:30,1093,119,0,140,1114,0
10/25/2025 11:45,1099,100,0,106,1105,0
10/25/2025 12:00,1143,126,0,120,1137,0
10/25/2025 12:15,869,168,0,174,875,0
10/25/2025 12:30,1132,581,0,585,1136,0
10/25/2025 12:45,644,458,0,463,649,0
10/25/2025 13:00,506,426,0,447,527,0
10/25/2025 13:15,420,420,0,433,433,0
10/25/2025 13:30,475,272,0,285,488,0
10/25/2025 13:45,375,599,0,605,381,0
10/25/2025 14:00,777,686,0,220,311,0
10/25/2025 14:15,728,440,217,0,71,0
10/25/2025 14:30,904,484,334,0,86,0
10/25/2025 14:45,557,1250,0,757,64,0
10/25/2025 15:00,398,1307,0,920,11,0
10/25/2025 15:15,360,1421,0,1141,80,0
10/25/2025 15:30,249,1582,0,1344,11,0
10/25/2025 15:45,364,1364,0,1018,18,0
10/25/2025 16:00,292,216,301,0,0,225
10/25/2025 16:15,212,235,208,0,0,231
10/25/2025 16:30,117,231,114,0,0,228
10/25/2025 16:45,97,135,95,0,0,133
10/25/2025 17:00,56,103,53,0,0,100
10/25/2025 17:15,29,210,25,0,0,206
10/25/2025 17:30,4,539,0,3,0,532
10/25/2025 17:45,0,294,0,0,0,294
10/25/2025 18:00,0,168,0,5,0,163
10/25/2025 18:15,0,417,0,0,0,417
10/25/2025 18:30,0,257,0,0,0,257
10/25/2025 18:45,0,173,0,4,0,169
10/25/2025 19:00,0,194,0,10,0,184
10/25/2025 19:15,0,404,7,0,0,411
10/25/2025 19:30,0,181,0,5,0,176
10/25/2025 19:45,0,164,0,2,0,162
10/25/2025 20:00,0,153,0,27,22,148
10/25/2025 20:15,0,188,0,3,0,185
10/25/2025 20:30,0,279,6,0,0,285
10/25/2025 20:45,0,1217,17,0,0,1234
10/25/2025 21:00,0,1717,30,0,0,1747
10/25/2025 21:15,0,1611,28,0,0,1639
10/25/2025 21:30,0,262,7,0,0,269
10/25/2025 21:45,0,158,0,1,0,157
10/25/2025 22:00,0,226,0,4,0,222
10/25/2025 22:15,0,561,12,0,0,573
10/25/2025 22:30,0,214,0,3,0,211
10/25/2025 22:45,0,237,0,5,0,232
10/25/2025 23:00,0,166,1,0,0,167
10/25/2025 23:15,0,138,0,7,0,131
10/25/2025 23:30,0,339,9,0,0,348
10/25/2025 23:45,0,403,26,0,0,429
10/26/2025 00:00,0,146,0,6,0,140
10/26/2025 00:15,0,109,0,75,32,66
10/26/2025 00:30,0,115,0,127,12,0
10/26/2025 00:45,0,157,0,164,7,0
10/26/2025 01:00,0,389,0,395,6,0
10/26/2025 01:15,0,410,0,415,5,0
10/26/2025 01:30,0,107,0,113,6,0
10/26/2025 01:45,0,122,0,126,4,0
10/26/2025 02:00,0,121,0,127,6,0
10/26/2025 02:15,0,270,0,276,6,0
10/26/2025 02:30,0,491,0,497,6,0
10/26/2025 02:45,0,192,0,198,6,0
10/26/2025 03:00,0,106,0,112,6,0
10/26/2025 03:15,0,106,0,112,6,0
10/26/2025 03:30,0,266,0,272,6,0
10/26/2025 03:45,0,535,0,540,5,0
10/26/2025 04:00,0,124,0,131,7,0
10/26/2025 04:15,0,108,0,205,97,0
10/26/2025 04:30,0,132,0,141,9,0
10/26/2025 04:45,0,535,0,540,5,0
10/26/2025 05:00,0,215,0,221,6,0
10/26/2025 05:15,0,106,0,112,6,0
10/26/2025 05:30,0,178,0,183,5,0
10/26/2025 05:45,0,509,0,599,90,0
10/26/2025 06:00,0,189,0,196,7,0
10/26/2025 06:15,0,142,0,147,5,0
10/26/2025 06:30,0,489,0,495,6,0
10/26/2025 06:45,0,537,0,543,6,0
10/26/2025 07:00,0,421,0,500,79,0
10/26/2025 07:15,6,404,0,406,8,0
10/26/2025 07:30,44,476,0,468,36,0
10/26/2025 07:45,57,665,0,671,63,0
10/26/2025 08:00,97,610,0,617,104,0
10/26/2025 08:15,106,532,0,541,115,0
10/26/2025 08:30,137,927,0,929,139,0
10/26/2025 08:45,129,1488,0,1494,135,0
10/26/2025 09:00,118,1154,0,1163,127,0
10/26/2025 09:15,139,162,0,166,143,0
10/26/2025 09:30,339,162,0,159,336,0
10/26/2025 09:45,466,150,0,160,476,0
10/26/2025 10:00,539,158,0,163,544,0
10/26/2025 10:15,646,190,0,204,660,0
10/26/2025 10:30,707,182,0,206,731,0
10/26/2025 10:45,799,220,0,218,797,0
10/26/2025 11:00,976,296,0,314,994,0
10/26/2025 11:15,1054,183,0,180,1051,0
10/26/2025 11:30,1082,158,0,180,1104,0
10/26/2025 11:45,1090,152,0,171,1109,0
10/26/2025 12:00,1115,169,0,201,1147,0
10/26/2025 12:15,1134,478,0,497,1153,0
10/26/2025 12:30,1133,769,0,782,1146,0
10/26/2025 12:45,1128,1153,0,1179,1154,0
10/26/2025 13:00,1121,1378,0,1387,1130,0
10/26/2025 13:15,1155,1526,0,980,609,0
10/26/2025 13:30,878,1364,0,617,131,0
10/26/2025 13:45,1137,1388,0,348,97,0
10/26/2025 14:00,995,1637,0,704,62,0
10/26/2025 14:15,948,1357,0,458,49,0
10/26/2025 14:30,689,1343,0,706,52,0
10/26/2025 14:45,506,1340,0,862,28,0
10/26/2025 15:00,235,1343,0,1141,33,0
10/26/2025 15:15,215,1408,0,1209,16,0
10/26/2025 15:30,192,1568,0,1420,44,0
10/26/2025 15:45,214,1341,0,1137,10,0
10/26/2025 16:00,207,172,218,0,0,183
10/26/2025 16:15,161,152,156,0,0,147
10/26/2025 16:30,92,155,90,0,0,153
10/26/2025 16:45,64,167,60,0,0,163
10/26/2025 17:00,40,146,36,0,0,142
10/26/2025 17:15,21,379,18,0,0,376
10/26/2025 17:30,7,800,0,2,0,791
10/26/2025 17:45,0,435,3,0,0,438
10/26/2025 18:00,0,221,0,7,0,214
10/26/2025 18:15,0,531,10,0,0,541
10/26/2025 18:30,0,227,0,1,0,226
10/26/2025 18:45,0,226,8,0,0,234
10/26/2025 19:00,0,371,5,0,0,376
10/26/2025 19:15,0,346,2,0,0,348
10/26/2025 19:30,0,519,0,5,0,514
10/26/2025 19:45,0,398,7,0,0,405
10/26/2025 20:00,0,235,0,20,18,233
10/26/2025 20:15,0,241,0,5,0,236
10/26/2025 20:30,0,351,18,0,0,369
10/26/2025 20:45,0,891,0,2,0,889
10/26/2025 21:00,0,632,24,0,0,656
10/26/2025 21:15,0,543,0,41,6,508
10/26/2025 21:30,0,513,11,0,0,524
10/26/2025 21:45,0,333,0,4,0,329
10/26/2025 22:00,0,605,0,52,28,581
10/26/2025 22:15,0,180,71,161,161,250
10/26/2025 22:30,0,264,1,0,0,265
10/26/2025 22:45,0,183,0,2,0,181
10/26/2025 23:00,0,249,3,0,0,252
10/26/2025 23:15,0,523,23,0,0,546
10/26/2025 23:30,0,252,0,2,0,250
10/26/2025 23:45,0,154,0,7,0,147
10/27/2025 00:00,0,1044,0,524,12,532
10/27/2025 00:15,0,1436,0,1446,10,0
10/27/2025 00:30,0,1140,0,1146,6,0
10/27/2025 00:45,0,1017,0,1022,5,0
10/27/2025 01:00,0,1092,0,1097,5,0
10/27/2025 01:15,0,1292,0,1298,6,0
10/27/2025 01:30,0,1351,0,1357,6,0
10/27/2025 01:45,0,1021,0,1025,4,0
10/27/2025 02:00,0,1031,0,1036,5,0
10/27/2025 02:15,0,1255,0,1259,4,0
10/27/2025 02:30,0,1438,0,1444,6,0
10/27/2025 02:45,0,1052,0,1057,5,0
10/27/2025 03:00,0,1017,0,1022,5,0
10/27/2025 03:15,0,1340,0,1345,5,0
10/27/2025 03:30,0,1289,0,1370,81,0
10/27/2025 03:45,0,1028,0,1036,8,0
10/27/2025 04:00,0,1096,0,1102,6,0
10/27/2025 04:15,0,1542,0,1548,6,0
10/27/2025 04:30,0,1063,0,1137,74,0
10/27/2025 04:45,0,973,0,980,7,0
10/27/2025 05:00,0,481,0,486,5,0
10/27/2025 05:15,0,374,0,451,77,0
10/27/2025 05:30,0,170,0,178,8,0
10/27/2025 05:45,0,299,0,305,6,0
10/27/2025 06:00,0,606,0,612,6,0
10/27/2025 06:15,0,171,0,251,80,0
10/27/2025 06:30,0,793,0,802,9,0
10/27/2025 06:45,0,800,0,804,4,0
10/27/2025 07:00,0,608,0,675,67,0
10/27/2025 07:15,0,728,0,736,8,0
10/27/2025 07:30,14,712,0,706,8,0
10/27/2025 07:45,41,510,0,499,30,0
10/27/2025 08:00,82,250,0,244,76,0
10/27/2025 08:15,176,233,0,233,176,0
10/27/2025 08:30,169,229,0,236,176,0
10/27/2025 08:45,220,222,0,219,217,0
10/27/2025 09:00,352,165,0,169,356,0
10/27/2025 09:15,419,157,0,160,422,0
10/27/2025 09:30,467,158,0,162,471,0
10/27/2025 09:45,414,166,0,174,422,0
10/27/2025 10:00,559,173,0,183,569,0
10/27/2025 10:15,716,152,0,169,733,0
10/27/2025 10:30,689,157,0,176,708,0
10/27/2025 10:45,795,155,0,173,813,0
10/27/2025 11:00,1072,180,0,198,1090,0
10/27/2025 11:15,1063,158,0,179,1084,0
10/27/2025 11:30,941,149,0,155,947,0
10/27/2025 11:45,1128,149,0,161,1140,0
10/27/2025 12:00,551,156,0,162,557,0
10/27/2025 12:15,854,142,0,157,869,0
10/27/2025 12:30,557,135,0,140,562,0
10/27/2025 12:45,449,135,0,137,451,0
10/27/2025 13:00,487,150,0,159,496,0
10/27/2025 13:15,430,174,0,181,437,0
10/27/2025 13:30,603,142,0,152,613,0
10/27/2025 13:45,304,136,0,151,319,0
10/27/2025 14:00,201,134,0,135,202,0
10/27/2025 14:15,304,152,0,152,304,0
10/27/2025 14:30,485,142,0,139,482,0
10/27/2025 14:45,332,135,0,147,344,0
10/27/2025 15:00,309,135,0,133,307,0
10/27/2025 15:15,339,149,65,0,125,0
10/27/2025 15:30,263,165,64,0,34,0
10/27/2025 15:45,245,139,58,0,48,0
10/27/2025 16:00,210,146,231,0,0,167
10/27/2025 16:15,144,158,139,0,0,153
10/27/2025 16:30,141,137,136,0,0,132
10/27/2025 16:45,101,136,99,0,0,134
10/27/2025 17:00,64,141,60,0,0,137
10/27/2025 17:15,32,170,28,0,0,166
10/27/2025 17:30,7,559,0,4,0,548
10/27/2025 17:45,0,1200,0,2,0,1198
10/27/2025 18:00,0,625,0,1,0,624
10/27/2025 18:15,0,635,16,0,0,651
10/27/2025 18:30,0,487,12,0,0,499
10/27/2025 18:45,0,561,7,0,0,568
10/27/2025 19:00,0,462,11,0,0,473
10/27/2025 19:15,0,586,1,0,0,587
10/27/2025 19:30,0,718,0,0,0,718
10/27/2025 19:45,0,527,0,2,0,525
10/27/2025 20:00,0,491,1,20,20,492
10/27/2025 20:15,0,322,12,0,0,334
10/27/2025 20:30,0,378,7,0,0,385
10/27/2025 20:45,0,1432,6,0,0,1438
10/27/2025 21:00,0,1824,22,0,0,1846
10/27/2025 21:15,0,357,2,0,0,359
10/27/2025 21:30,0,495,0,304,36,227
10/27/2025 21:45,0,508,0,518,10,0
10/27/2025 22:00,0,886,0,888,2,0
10/27/2025 22:15,0,384,0,385,1,0
10/27/2025 22:30,0,215,0,220,5,0
10/27/2025 22:45,0,306,0,312,6,0
10/27/2025 23:00,0,601,0,608,7,0
10/27/2025 23:15,0,134,0,140,6,0
10/27/2025 23:30,0,199,0,205,6,0
10/27/2025 23:45,0,189,0,195,6,0
10/28/2025 00:00,0,562,0,566,4,0
10/28/2025 00:15,0,124,0,130,6,0
10/28/2025 00:30,0,193,0,199,6,0
10/28/2025 00:45,0,144,0,150,6,0
10/28/2025 01:00,0,538,0,626,88,0
10/28/2025 01:15,0,142,0,152,10,0
10/28/2025 01:30,0,106,0,112,6,0
10/28/2025 01:45,0,225,0,230,5,0
10/28/2025 02:00,0,512,0,517,5,0
10/28/2025 02:15,0,173,0,267,94,0
10/28/2025 02:30,0,113,0,121,8,0
10/28/2025 02:45,0,326,0,332,6,0
10/28/2025 03:00,0,397,0,403,6,0
10/28/2025 03:15,0,107,0,111,4,0
10/28/2025 03:30,0,235,0,328,93,0
10/28/2025 03:45,0,342,0,350,8,0
10/28/2025 04:00,0,136,0,142,6,0
10/28/2025 04:15,0,133,0,139,6,0
10/28/2025 04:30,0,502,0,507,5,0
10/28/2025 04:45,0,280,0,348,68,0
10/28/2025 05:00,0,536,0,544,8,0
10/28/2025 05:15,0,441,0,447,6,0
10/28/2025 05:30,0,414,0,420,6,0
10/28/2025 05:45,0,363,0,450,87,0
10/28/2025 06:00,0,470,0,476,6,0
10/28/2025 06:15,0,380,0,386,6,0
10/28/2025 06:30,0,554,0,559,5,0
10/28/2025 06:45,0,348,0,427,79,0
10/28/2025 07:00,0,149,0,155,6,0
10/28/2025 07:15,0,322,0,325,3,0
10/28/2025 07:30,5,262,0,307,50,0
10/28/2025 07:45,42,241,0,269,70,0
10/28/2025 08:00,78,208,0,212,82,0
10/28/2025 08:15,98,214,0,222,106,0
10/28/2025 08:30,107,228,0,231,110,0
10/28/2025 08:45,157,121,0,126,162,0
10/28/2025 09:00,257,114,0,116,259,0
10/28/2025 09:15,301,112,0,116,305,0
10/28/2025 09:30,307,135,0,136,308,0
10/28/2025 09:45,325,113,0,122,334,0
10/28/2025 10:00,419,111,0,115,423,0
10/28/2025 10:15,512,119,0,132,525,0
10/28/2025 10:30,776,133,0,145,788,0
10/28/2025 10:45,707,120,0,132,719,0
10/28/2025 11:00,765,141,0,148,772,0
10/28/2025 11:15,686,115,0,145,716,0
10/28/2025 11:30,450,111,0,114,453,0
10/28/2025 11:45,481,114,0,124,491,0
10/28/2025 12:00,776,132,0,133,777,0
10/28/2025 12:15,977,117,0,122,982,0
10/28/2025 12:30,609,114,0,117,612,0
10/28/2025 12:45,426,113,0,123,436,0
10/28/2025 13:00,702,129,0,128,701,0
10/28/2025 13:15,1042,141,0,165,1066,0
10/28/2025 13:30,1003,121,0,129,1011,0
10/28/2025 13:45,875,112,0,131,894,0
10/28/2025 14:00,822,113,0,123,832,0
10/28/2025 14:15,350,131,0,133,352,0
10/28/2025 14:30,265,121,0,121,265,0
10/28/2025 14:45,259,110,0,121,270,0
10/28/2025 15:00,176,111,0,639,704,0
10/28/2025 15:15,152,124,0,9,37,0
10/28/2025 15:30,126,132,0,48,42,0
10/28/2025 15:45,111,126,0,32,17,0
10/28/2025 16:00,153,133,171,0,1,152
10/28/2025 16:15,145,112,142,0,0,109
10/28/2025 16:30,99,112,97,0,0,110
10/28/2025 16:45,64,113,60,0,0,109
10/28/2025 17:00,36,136,32,0,0,132
10/28/2025 17:15,19,118,18,0,0,117
10/28/2025 17:30,4,381,0,8,0,369
10/28/2025 17:45,0,1027,1,0,0,1028
10/28/2025 18:00,0,734,42,0,0,776
10/28/2025 18:15,0,664,0,6,0,658
10/28/2025 18:30,0,530,18,0,0,548
10/28/2025 18:45,0,435,0,3,0,432
10/28/2025 19:00,0,497,11,0,0,508
10/28/2025 19:15,0,433,0,4,0,429
10/28/2025 19:30,0,466,8,0,0,474
10/28/2025 19:45,0,495,0,1,0,494
10/28/2025 20:00,0,822,22,16,16,844
10/28/2025 20:15,0,635,9,0,0,644
10/28/2025 20:30,0,482,0,9,0,473
10/28/2025 20:45,0,305,0,7,0,298
10/28/2025 21:00,0,617,6,0,0,623
10/28/2025 21:15,0,647,11,0,0,658
10/28/2025 21:30,0,465,26,0,0,491
10/28/2025 21:45,0,630,16,0,0,646
10/28/2025 22:00,0,689,24,0,0,713
10/28/2025 22:15,0,496,0,107,10,399
10/28/2025 22:30,0,458,0,472,14,0
10/28/2025 22:45,0,549,0,556,7,0
10/28/2025 23:00,0,300,0,306,6,0
10/28/2025 23:15,0,166,0,170,4,0
10/28/2025 23:30,0,126,0,131,5,0
10/28/2025 23:45,0,366,0,369,3,0
10/29/2025 00:00,0,351,0,358,7,0
10/29/2025 00:15,0,112,0,119,7,0
10/29/2025 00:30,0,119,0,125,6,0
10/29/2025 00:45,0,464,0,470,6,0
10/29/2025 01:00,0,139,0,143,4,0
10/29/2025 01:15,0,138,0,144,6,0
10/29/2025 01:30,0,193,0,199,6,0
10/29/2025 01:45,0,531,0,537,6,0
10/29/2025 02:00,0,121,0,222,101,0
10/29/2025 02:15,0,137,0,145,8,0
10/29/2025 02:30,0,192,0,198,6,0
10/29/2025 02:45,0,395,0,401,6,0
10/29/2025 03:00,0,184,0,190,6,0
10/29/2025 03:15,0,155,0,162,7,0
10/29/2025 03:30,0,214,0,314,100,0
10/29/2025 03:45,0,397,0,405,8,0
10/29/2025 04:00,0,104,0,112,8,0
10/29/2025 04:15,0,106,0,111,5,0
10/29/2025 04:30,0,388,0,393,5,0
10/29/2025 04:45,0,236,0,333,97,0
10/29/2025 05:00,0,112,0,122,10,0
10/29/2025 05:15,0,130,0,136,6,0
10/29/2025 05:30,0,497,0,503,6,0
10/29/2025 05:45,0,142,0,149,7,0
10/29/2025 06:00,0,104,0,111,7,0
10/29/2025 06:15,0,361,0,448,87,0
10/29/2025 06:30,0,647,0,653,6,0
10/29/2025 06:45,0,509,0,515,6,0
10/29/2025 07:00,0,438,0,446,8,0
10/29/2025 07:15,0,613,0,700,87,0
10/29/2025 07:30,0,571,0,581,10,0
10/29/2025 07:45,18,446,0,443,15,0
10/29/2025 08:00,45,476,0,474,43,0
10/29/2025 08:15,81,734,0,741,88,0
10/29/2025 08:30,104,404,0,411,111,0
10/29/2025 08:45,121,184,0,192,129,0
10/29/2025 09:00,161,171,0,171,161,0
10/29/2025 09:15,183,135,0,142,190,0
10/29/2025 09:30,251,130,0,133,254,0
10/29/2025 09:45,241,140,0,147,248,0
10/29/2025 10:00,311,130,0,132,313,0
10/29/2025 10:15,328,149,0,156,335,0
10/29/2025 10:30,286,130,0,136,292,0
10/29/2025 10:45,316,120,0,123,319,0
10/29/2025 11:00,277,287,0,290,280,0
10/29/2025 11:15,308,173,0,177,312,0
10/29/2025 11:30,201,232,0,235,204,0
10/29/2025 11:45,145,162,0,157,140,0
10/29/2025 12:00,274,143,0,145,276,0
10/29/2025 12:15,196,210,0,218,204,0
10/29/2025 12:30,172,137,0,139,174,0
10/29/2025 12:45,247,139,0,137,245,0
10/29/2025 13:00,281,505,0,513,289,0
10/29/2025 13:15,147,708,0,715,154,0
10/29/2025 13:30,143,406,0,405,142,0
10/29/2025 13:45,274,539,0,541,276,0
10/29/2025 14:00,274,396,0,402,280,0
10/29/2025 14:15,234,399,0,406,241,0
10/29/2025 14:30,220,385,0,2000,1835,0
10/29/2025 14:45,137,392,0,2464,2209,0
10/29/2025 15:00,160,113,0,2604,2651,0
10/29/2025 15:15,93,102,0,2481,2472,0
10/29/2025 15:30,72,462,0,757,367,0
10/29/2025 15:45,112,477,0,564,199,0
10/29/2025 16:00,89,369,60,0,12,352
10/29/2025 16:15,69,403,65,0,0,399
10/29/2025 16:30,45,375,45,0,0,375
10/29/2025 16:45,42,387,40,0,0,385
10/29/2025 17:00,25,449,22,0,0,446
10/29/2025 17:15,0,438,0,3,0,435
10/29/2025 17:30,0,806,10,0,0,816
10/29/2025 17:45,0,227,0,3,0,224
10/29/2025 18:00,0,651,0,9,0,642
10/29/2025 18:15,0,323,0,0,0,323
10/29/2025 18:30,0,239,0,5,0,234
10/29/2025 18:45,0,490,0,0,0,490
10/29/2025 19:00,0,202,0,4,0,198
10/29/2025 19:15,0,400,0,10,0,390
10/29/2025 19:30,0,832,15,0,0,847
10/29/2025 19:45,0,579,3,0,0,582
10/29/2025 20:00,0,338,6,14,14,344
10/29/2025 20:15,0,355,0,2,0,353
10/29/2025 20:30,0,947,0,3,0,944
10/29/2025 20:45,0,1598,6,0,0,1604
10/29/2025 21:00,0,1004,39,0,0,1043
10/29/2025 21:15,0,473,3,0,0,476
10/29/2025 21:30,0,776,0,348,10,438
10/29/2025 21:45,0,621,0,634,13,0
10/29/2025 22:00,0,290,0,295,5,0
10/29/2025 22:15,0,264,0,268,4,0
10/29/2025 22:30,0,284,0,286,2,0
10/29/2025 22:45,0,542,0,544,2,0
10/29/2025 23:00,0,308,0,308,0,0
10/29/2025 23:15,0,154,0,158,4,0
10/29/2025 23:30,0,178,0,182,4,0
10/29/2025 23:45,0,252,0,256,4,0
10/30/2025 00:00,0,413,0,419,6,0
10/30/2025 00:15,0,280,0,282,2,0
10/30/2025 00:30,0,141,0,147,6,0
10/30/2025 00:45,0,172,0,176,4,0
10/30/2025 01:00,0,298,0,303,5,0
10/30/2025 01:15,0,492,0,595,103,0
10/30/2025 01:30,0,141,0,337,196,0
10/30/2025 01:45,0,151,0,162,11,0
10/30/2025 02:00,0,176,0,181,5,0
10/30/2025 02:15,0,391,0,488,97,0
10/30/2025 02:30,0,340,0,350,10,0
10/30/2025 02:45,0,140,0,146,6,0
10/30/2025 03:00,0,154,0,159,5,0
10/30/2025 03:15,0,167,0,172,5,0
10/30/2025 03:30,0,417,0,514,97,0
10/30/2025 03:45,0,235,0,244,9,0
10/30/2025 04:00,0,139,0,144,5,0
10/30/2025 04:15,0,157,0,163,6,0
10/30/2025 04:30,0,499,0,503,4,0
10/30/2025 04:45,0,249,0,255,6,0
10/30/2025 05:00,0,331,0,430,99,0
10/30/2025 05:15,0,172,0,181,9,0
10/30/2025 05:30,0,234,0,239,5,0
10/30/2025 05:45,0,476,0,482,6,0
10/30/2025 06:00,0,138,0,144,6,0
10/30/2025 06:15,0,140,0,144,4,0
10/30/2025 06:30,0,150,0,250,100,0
10/30/2025 06:45,0,443,0,451,8,0
10/30/2025 07:00,0,162,0,168,6,0
10/30/2025 07:15,0,350,0,354,4,0
10/30/2025 07:30,0,720,0,725,5,0
10/30/2025 07:45,0,589,0,676,87,0
10/30/2025 08:00,2,516,0,520,6,0
10/30/2025 08:15,22,445,0,441,18,0
10/30/2025 08:30,22,464,0,462,20,0
10/30/2025 08:45,49,445,0,445,49,0
10/30/2025 09:00,63,437,0,446,72,0
10/30/2025 09:15,63,442,0,448,69,0
10/30/2025 09:30,74,414,0,418,78,0
10/30/2025 09:45,107,428,0,433,112,0
10/30/2025 10:00,116,306,0,311,121,0
10/30/2025 10:15,120,162,0,166,124,0
10/30/2025 10:30,118,159,0,166,125,0
10/30/2025 10:45,152,194,0,189,147,0
10/30/2025 11:00,302,174,0,175,303,0
10/30/2025 11:15,349,138,0,141,352,0
10/30/2025 11:30,319,164,0,161,316,0
10/30/2025 11:45,362,140,0,145,367,0
10/30/2025 12:00,446,160,0,157,443,0
10/30/2025 12:15,333,145,0,150,338,0
10/30/2025 12:30,275,144,0,150,281,0
10/30/2025 12:45,256,138,0,139,257,0
10/30/2025 13:00,210,147,0,154,217,0
10/30/2025 13:15,182,156,0,158,184,0
10/30/2025 13:30,93,151,0,153,95,0
10/30/2025 13:45,95,285,0,289,99,0
10/30/2025 14:00,84,492,0,495,87,0
10/30/2025 14:15,92,433,0,442,101,0
10/30/2025 14:30,68,410,0,2727,2385,0
10/30/2025 14:45,69,439,0,3464,3094,0
10/30/2025 15:00,77,429,0,3546,3194,0
10/30/2025 15:15,68,512,0,2480,2036,0
10/30/2025 15:30,42,496,0,689,235,0
10/30/2025 15:45,37,454,0,604,187,0
10/30/2025 16:00,26,491,5,0,6,476
10/30/2025 16:15,22,449,23,0,0,450
10/30/2025 16:30,14,396,13,0,0,395
10/30/2025 16:45,7,387,4,0,0,384
10/30/2025 17:00,1,405,4,0,0,408
10/30/2025 17:15,0,420,0,2,0,418
10/30/2025 17:30,0,580,8,0,0,588
10/30/2025 17:45,0,238,0,0,0,238
10/30/2025 18:00,0,577,0,9,0,568
10/30/2025 18:15,0,378,0,0,0,378
10/30/2025 18:30,0,341,3,0,0,344
10/30/2025 18:45,0,504,3,0,0,507
10/30/2025 19:00,0,236,0,3,0,233
10/30/2025 19:15,0,240,0,5,0,235
10/30/2025 19:30,0,428,2,0,0,430
10/30/2025 19:45,0,577,0,3,0,574
10/30/2025 20:00,0,478,2,20,20,480
10/30/2025 20:15,0,324,12,0,0,336
10/30/2025 20:30,0,432,3,0,0,435
10/30/2025 20:45,0,506,10,0,0,516
10/30/2025 21:00,0,258,18,0,0,276
10/30/2025 21:15,0,236,3,0,0,239
10/30/2025 21:30,0,266,0,4,0,262
10/30/2025 21:45,0,339,11,0,0,350
10/30/2025 22:00,0,498,5,0,0,503
10/30/2025 22:15,0,810,2,0,0,812
10/30/2025 22:30,0,375,14,0,0,389
10/30/2025 22:45,0,531,28,0,0,559
10/30/2025 23:00,0,224,6,0,0,230
10/30/2025 23:15,0,252,0,198,30,84
10/30/2025 23:30,0,611,0,622,11,0
10/30/2025 23:45,0,239,0,246,7,0
10/31/2025 00:00,0,151,0,158,7,0
10/31/2025 00:15,0,203,0,210,7,0
10/31/2025 00:30,0,251,0,258,7,0
10/31/2025 00:45,0,161,0,169,8,0
10/31/2025 01:00,0,271,0,279,8,0
10/31/2025 01:15,0,345,0,353,8,0
10/31/2025 01:30,0,238,0,246,8,0
10/31/2025 01:45,0,302,0,310,8,0
10/31/2025 02:00,0,143,0,151,8,0
10/31/2025 02:15,0,143,0,150,7,0
10/31/2025 02:30,0,168,0,176,8,0
10/31/2025 02:45,0,507,0,515,8,0
10/31/2025 03:00,0,233,0,335,102,0
10/31/2025 03:15,0,212,0,224,12,0
10/31/2025 03:30,0,141,0,149,8,0
10/31/2025 03:45,0,180,0,188,8,0
10/31/2025 04:00,0,183,0,191,8,0
10/31/2025 04:15,0,170,0,177,7,0
10/31/2025 04:30,0,431,0,542,111,0
10/31/2025 04:45,0,142,0,151,9,0
10/31/2025 05:00,0,218,0,227,9,0
10/31/2025 05:15,0,201,0,209,8,0
10/31/2025 05:30,0,233,0,239,6,0
10/31/2025 05:45,0,140,0,241,101,0
10/31/2025 06:00,0,140,0,152,12,0
10/31/2025 06:15,0,156,0,164,8,0
10/31/2025 06:30,0,176,0,183,7,0
10/31/2025 06:45,0,426,0,433,7,0
10/31/2025 07:00,0,156,0,164,8,0
10/31/2025 07:15,0,181,0,281,100,0
10/31/2025 07:30,23,334,0,338,27,0
10/31/2025 07:45,37,218,0,225,44,0
10/31/2025 08:00,107,101,0,99,105,0
10/31/2025 08:15,195,103,0,103,195,0
10/31/2025 08:30,141,246,0,249,144,0
10/31/2025 08:45,269,251,0,253,271,0
10/31/2025 09:00,341,365,0,367,343,0
10/31/2025 09:15,202,347,0,357,212,0
10/31/2025 09:30,234,310,0,309,233,0
10/31/2025 09:45,347,189,0,186,344,0
10/31/2025 10:00,604,818,0,825,611,0
10/31/2025 10:15,363,1504,0,1507,366,0
10/31/2025 10:30,232,670,0,674,236,0
10/31/2025 10:45,321,188,0,193,326,0
10/31/2025 11:00,441,267,0,261,435,0
10/31/2025 11:15,982,433,0,437,986,0
10/31/2025 11:30,446,360,0,375,461,0
10/31/2025 11:45,199,215,0,221,205,0
10/31/2025 12:00,168,187,0,192,173,0
10/31/2025 12:15,220,149,0,150,221,0
10/31/2025 12:30,328,143,0,143,328,0
10/31/2025 12:45,414,146,0,149,417,0
10/31/2025 13:00,531,185,0,193,539,0
10/31/2025 13:15,556,142,0,150,564,0
10/31/2025 13:30,344,236,0,235,343,0
10/31/2025 13:45,568,163,0,168,573,0
10/31/2025 14:00,267,173,0,183,277,0
10/31/2025 14:15,162,137,0,139,164,0
10/31/2025 14:30,160,137,0,142,165,0
10/31/2025 14:45,179,140,0,1988,2027,0
10/31/2025 15:00,93,155,0,3012,2950,0
10/31/2025 15:15,40,274,0,1242,1008,0
10/31/2025 15:30,123,588,0,639,174,0
10/31/2025 15:45,182,510,0,530,202,0
10/31/2025 16:00,154,429,116,0,10,401
10/31/2025 16:15,112,360,115,0,0,363
10/31/2025 16:30,128,147,127,0,0,146
10/31/2025 16:45,42,181,36,0,0,175
10/31/2025 17:00,26,330,24,0,0,328
10/31/2025 17:15,22,338,26,0,1,343
10/31/2025 17:30,1,360,0,3,0,356
10/31/2025 17:45,0,465,0,10,0,455
10/31/2025 18:00,0,527,3,0,0,530
10/31/2025 18:15,0,199,0,0,0,199
10/31/2025 18:30,0,484,0,0,0,484
10/31/2025 18:45,0,246,0,2,0,244
10/31/2025 19:00,0,261,0,12,0,249
10/31/2025 19:15,0,478,6,0,0,484
10/31/2025 19:30,0,224,0,2,0,222
10/31/2025 19:45,0,192,0,3,0,189
10/31/2025 20:00,0,204,21,35,35,225
10/31/2025 20:15,0,404,0,3,0,401
10/31/2025 20:30,0,425,21,0,0,446
10/31/2025 20:45,0,207,0,3,0,204
10/31/2025 21:00,0,206,0,3,0,203
10/31/2025 21:15,0,237,0,6,0,231
10/31/2025 21:30,0,406,4,0,0,410
10/31/2025 21:45,0,386,3,0,0,389
10/31/2025 22:00,0,409,2,0,0,411
10/31/2025 22:15,0,319,0,3,0,316
10/31/2025 22:30,0,512,11,0,0,523
10/31/2025 22:45,0,560,3,0,0,563
10/31/2025 23:00,0,386,9,0,0,395
10/31/2025 23:15,0,248,2,0,0,250
10/31/2025 23:30,0,238,3,0,0,241
10/31/2025 23:45,0,180,1,0,0,181
