Date/Time,Energy Produced (Wh),Energy Consumed (Wh),Exported to Grid (Wh),Imported from Grid (Wh),Stored in batteries (Wh),Discharged from batteries (Wh)
03/01/2026 00:00,0,352,0,1362,1010,0
03/01/2026 00:15,0,139,0,1037,898,0
03/01/2026 00:30,0,399,0,972,573,0
03/01/2026 00:45,0,266,0,359,93,0
03/01/2026 01:00,0,358,0,407,49,0
03/01/2026 01:15,0,746,0,801,55,0
03/01/2026 01:30,0,618,0,711,93,0
03/01/2026 01:45,0,538,0,587,49,0
03/01/2026 02:00,0,581,0,632,51,0
03/01/2026 02:15,0,643,0,709,66,0
03/01/2026 02:30,0,571,0,637,66,0
03/01/2026 02:45,0,744,0,795,51,0
03/01/2026 03:00,0,639,0,691,52,0
03/01/2026 03:15,0,565,0,646,81,0
03/01/2026 03:30,0,563,0,614,51,0
03/01/2026 03:45,0,746,0,798,52,0
03/01/2026 04:00,0,582,0,662,80,0
03/01/2026 04:15,0,678,0,731,53,0
03/01/2026 04:30,0,595,0,647,52,0
03/01/2026 04:45,0,671,0,736,65,0
03/01/2026 05:00,0,617,0,685,68,0
03/01/2026 05:15,0,678,0,730,52,0
03/01/2026 05:30,0,643,0,695,52,0
03/01/2026 05:45,0,681,0,761,80,0
03/01/2026 06:00,0,624,0,676,52,0
03/01/2026 06:15,9,683,0,724,50,0
03/01/2026 06:30,35,607,0,651,79,0
03/01/2026 06:45,48,592,0,595,51,0
03/01/2026 07:00,47,350,0,352,49,0
03/01/2026 07:15,47,229,0,242,60,0
03/01/2026 07:30,89,305,0,283,67,0
03/01/2026 07:45,66,643,0,627,50,0
03/01/2026 08:00,77,1008,0,978,47,0
03/01/2026 08:15,99,367,0,345,77,0
03/01/2026 08:30,121,520,0,421,22,0
03/01/2026 08:45,135,995,0,860,0,0
03/01/2026 09:00,91,1988,0,1923,26,0
03/01/2026 09:15,120,1925,0,1812,8,1
03/01/2026 09:30,138,668,0,530,2,2
03/01/2026 09:45,240,657,0,424,8,1
03/01/2026 10:00,219,626,0,427,20,0
03/01/2026 10:15,180,372,0,192,0,0
03/01/2026 10:30,281,225,58,0,0,2
03/01/2026 10:45,266,245,0,8,29,0
03/01/2026 11:00,340,214,126,0,0,0
03/01/2026 11:15,259,387,0,130,2,0
03/01/2026 11:30,239,845,0,630,24,0
03/01/2026 11:45,203,911,0,711,4,1
03/01/2026 12:00,361,1528,0,1165,0,2
03/01/2026 12:15,452,670,0,224,6,0
03/01/2026 12:30,326,875,0,571,22,0
03/01/2026 12:45,419,720,0,301,0,0
03/01/2026 13:00,542,733,0,188,0,3
03/01/2026 13:15,643,717,0,101,27,0
03/01/2026 13:30,1244,691,554,0,0,1
03/01/2026 13:45,830,607,223,0,0,0
03/01/2026 14:00,796,889,0,117,24,0
03/01/2026 14:15,814,645,165,0,4,0
03/01/2026 14:30,596,570,26,0,0,0
03/01/2026 14:45,501,391,105,0,5,0
03/01/2026 15:00,422,663,0,264,23,0
03/01/2026 15:15,365,190,175,0,0,0
03/01/2026 15:30,323,353,0,30,0,0
03/01/2026 15:45,264,651,0,430,43,0
03/01/2026 16:00,187,606,143,0,3,565
03/01/2026 16:15,134,239,134,0,0,239
03/01/2026 16:30,105,136,101,0,0,132
03/01/2026 16:45,56,444,36,0,0,424
03/01/2026 17:00,34,656,29,0,0,651
03/01/2026 17:15,15,551,12,0,0,548
03/01/2026 17:30,1,403,0,25,0,377
03/01/2026 17:45,0,679,0,2,0,677
03/01/2026 18:00,0,924,0,7,0,917
03/01/2026 18:15,0,716,0,2,0,714
03/01/2026 18:30,0,733,0,0,0,733
03/01/2026 18:45,0,599,0,6,0,593
03/01/2026 19:00,0,679,0,4,0,675
03/01/2026 19:15,0,758,0,4,0,754
03/01/2026 19:30,0,672,0,7,0,665
03/01/2026 19:45,0,749,0,5,0,744
03/01/2026 20:00,0,713,0,594,4,123
03/01/2026 20:15,0,656,0,661,5,0
03/01/2026 20:30,0,965,0,970,5,0
03/01/2026 20:45,0,535,0,540,5,0
03/01/2026 21:00,0,1182,0,1187,5,0
03/01/2026 21:15,0,1008,0,1013,5,0
03/01/2026 21:30,0,901,0,906,5,0
03/01/2026 21:45,0,792,0,797,5,0
03/01/2026 22:00,0,210,0,683,473,0
03/01/2026 22:15,0,513,0,519,6,0
03/01/2026 22:30,0,367,0,372,5,0
03/01/2026 22:45,0,274,0,279,5,0
03/01/2026 23:00,0,569,0,574,5,0
03/01/2026 23:15,0,752,0,757,5,0
03/01/2026 23:30,0,1316,0,1321,5,0
03/01/2026 23:45,0,778,0,783,5,0
03/02/2026 00:00,0,773,0,779,6,0
03/02/2026 00:15,0,635,0,641,6,0
03/02/2026 00:30,0,862,0,867,5,0
03/02/2026 00:45,0,1030,0,1035,5,0
03/02/2026 01:00,0,769,0,775,6,0
03/02/2026 01:15,0,889,0,894,5,0
03/02/2026 01:30,0,839,0,844,5,0
03/02/2026 01:45,0,750,0,756,6,0
03/02/2026 02:00,0,787,0,792,5,0
03/02/2026 02:15,0,971,0,977,6,0
03/02/2026 02:30,0,847,0,852,5,0
03/02/2026 02:45,0,712,0,717,5,0
03/02/2026 03:00,0,792,0,798,6,0
03/02/2026 03:15,0,1242,0,1247,5,0
03/02/2026 03:30,0,954,0,959,5,0
03/02/2026 03:45,0,938,0,944,6,0
03/02/2026 04:00,0,909,0,914,5,0
03/02/2026 04:15,0,1156,0,1161,5,0
03/02/2026 04:30,0,978,0,983,5,0
03/02/2026 04:45,0,786,0,792,6,0
03/02/2026 05:00,0,1179,0,1184,5,0
03/02/2026 05:15,0,1006,0,1011,5,0
03/02/2026 05:30,0,1127,0,1133,6,0
03/02/2026 05:45,0,800,0,805,5,0
03/02/2026 06:00,0,1502,0,1507,5,0
03/02/2026 06:15,5,887,0,888,6,0
03/02/2026 06:30,71,1004,0,992,59,0
03/02/2026 06:45,169,876,0,869,162,0
03/02/2026 07:00,245,980,0,974,239,0
03/02/2026 07:15,266,923,0,918,261,0
03/02/2026 07:30,302,932,0,930,300,0
03/02/2026 07:45,375,950,0,948,373,0
03/02/2026 08:00,440,844,0,845,441,0
03/02/2026 08:15,433,752,0,751,432,0
03/02/2026 08:30,521,888,0,886,519,0
03/02/2026 08:45,609,862,0,797,544,0
03/02/2026 09:00,650,855,0,759,554,0
03/02/2026 09:15,755,912,0,712,555,0
03/02/2026 09:30,814,914,0,658,558,0
03/02/2026 09:45,890,827,0,495,558,0
03/02/2026 10:00,955,826,0,426,555,0
03/02/2026 10:15,1111,730,0,171,552,0
03/02/2026 10:30,1188,741,0,101,548,0
03/02/2026 10:45,1275,772,0,40,543,0
03/02/2026 11:00,1305,718,50,0,537,0
03/02/2026 11:15,1316,766,22,0,528,0
03/02/2026 11:30,1274,816,0,48,506,0
03/02/2026 11:45,1288,835,0,37,490,0
03/02/2026 12:00,1343,814,69,0,460,0
03/02/2026 12:15,1334,822,87,0,425,0
03/02/2026 12:30,1318,771,162,0,385,0
03/02/2026 12:45,1293,695,266,0,332,0
03/02/2026 13:00,1265,698,300,0,267,0
03/02/2026 13:15,1202,707,381,0,114,0
03/02/2026 13:30,1122,703,417,0,2,0
03/02/2026 13:45,1033,725,308,0,0,0
03/02/2026 14:00,919,1093,0,204,30,0
03/02/2026 14:15,790,985,0,214,19,0
03/02/2026 14:30,625,902,0,297,20,0
03/02/2026 14:45,523,916,0,409,16,0
03/02/2026 15:00,435,916,0,501,20,0
03/02/2026 15:15,378,881,0,505,2,0
03/02/2026 15:30,333,771,0,448,10,0
03/02/2026 15:45,274,655,0,400,19,0
03/02/2026 16:00,195,702,191,0,1,699
03/02/2026 16:15,142,564,141,0,0,563
03/02/2026 16:30,109,716,97,0,0,704
03/02/2026 16:45,62,804,57,0,0,799
03/02/2026 17:00,37,725,36,0,0,724
03/02/2026 17:15,16,642,12,0,0,638
03/02/2026 17:30,0,754,0,8,0,746
03/02/2026 17:45,0,681,0,2,0,679
03/02/2026 18:00,0,1046,0,6,0,1040
03/02/2026 18:15,0,705,0,0,0,705
03/02/2026 18:30,0,1102,0,11,0,1091
03/02/2026 18:45,0,752,0,1,0,751
03/02/2026 19:00,0,818,0,7,0,811
03/02/2026 19:15,0,661,0,6,0,655
03/02/2026 19:30,0,767,0,7,0,760
03/02/2026 19:45,0,750,0,7,0,743
03/02/2026 20:00,0,1296,0,1154,4,146
03/02/2026 20:15,0,1270,0,1275,5,0
03/02/2026 20:30,0,993,0,998,5,0
03/02/2026 20:45,1,1303,0,1307,5,0
03/02/2026 21:00,0,2084,0,2090,6,0
03/02/2026 21:15,0,2291,0,2295,4,0
03/02/2026 21:30,0,906,0,912,6,0
03/02/2026 21:45,0,907,0,911,4,0
03/02/2026 22:00,0,737,0,743,6,0
03/02/2026 22:15,0,365,0,369,4,0
03/02/2026 22:30,0,301,0,307,6,0
03/02/2026 22:45,0,824,0,828,4,0
03/02/2026 23:00,0,683,0,689,6,0
03/02/2026 23:15,0,599,0,603,4,0
03/02/2026 23:30,0,659,0,665,6,0
03/02/2026 23:45,0,1034,0,1038,4,0
03/03/2026 00:00,0,983,0,989,6,0
03/03/2026 00:15,0,700,0,705,5,0
03/03/2026 00:30,0,841,0,846,5,0
03/03/2026 00:45,0,1001,0,1007,6,0
03/03/2026 01:00,0,811,0,815,4,0
03/03/2026 01:15,0,666,0,672,6,0
03/03/2026 01:30,0,927,0,932,5,0
03/03/2026 01:45,0,1168,0,1173,5,0
03/03/2026 02:00,0,668,0,674,6,0
03/03/2026 02:15,0,740,0,744,4,0
03/03/2026 02:30,0,1148,0,1154,6,0
03/03/2026 02:45,0,1001,0,1006,5,0
03/03/2026 03:00,0,712,0,717,5,0
03/03/2026 03:15,0,1079,0,1085,6,0
03/03/2026 03:30,0,1117,0,1121,4,0
03/03/2026 03:45,0,747,0,753,6,0
03/03/2026 04:00,0,927,0,932,5,0
03/03/2026 04:15,0,1115,0,1120,5,0
03/03/2026 04:30,0,915,0,921,6,0
03/03/2026 04:45,0,721,0,725,4,0
03/03/2026 05:00,0,1195,0,1201,6,0
03/03/2026 05:15,0,1226,0,1231,5,0
03/03/2026 05:30,0,967,0,972,5,0
03/03/2026 05:45,0,818,0,823,5,0
03/03/2026 06:00,0,1324,0,1329,5,0
03/03/2026 06:15,5,905,0,906,6,0
03/03/2026 06:30,73,836,0,824,61,0
03/03/2026 06:45,172,1172,0,1166,166,0
03/03/2026 07:00,249,902,0,894,241,0
03/03/2026 07:15,275,890,0,883,268,0
03/03/2026 07:30,319,946,0,941,314,0
03/03/2026 07:45,397,954,0,947,390,0
03/03/2026 08:00,447,837,0,832,442,0
03/03/2026 08:15,468,734,0,731,465,0
03/03/2026 08:30,565,757,0,743,551,0
03/03/2026 08:45,630,775,0,691,546,0
03/03/2026 09:00,661,685,0,578,554,0
03/03/2026 09:15,637,653,0,562,546,0
03/03/2026 09:30,518,804,0,821,535,0
03/03/2026 09:45,546,719,0,711,538,0
03/03/2026 10:00,499,686,0,701,514,0
03/03/2026 10:15,503,675,0,683,511,0
03/03/2026 10:30,393,728,0,731,396,0
03/03/2026 10:45,473,641,0,637,469,0
03/03/2026 11:00,362,608,0,610,364,0
03/03/2026 11:15,303,661,0,664,306,0
03/03/2026 11:30,329,739,0,664,254,0
03/03/2026 11:45,472,620,0,349,201,0
03/03/2026 12:00,364,665,0,500,199,0
03/03/2026 12:15,313,785,0,674,202,0
03/03/2026 12:30,312,752,0,640,200,0
03/03/2026 12:45,249,709,0,660,200,0
03/03/2026 13:00,226,717,0,690,199,0
03/03/2026 13:15,191,733,0,743,201,0
03/03/2026 13:30,236,651,0,616,201,0
03/03/2026 13:45,210,648,0,638,200,0
03/03/2026 14:00,234,1028,0,993,199,0
03/03/2026 14:15,121,879,0,959,201,0
03/03/2026 14:30,83,933,0,1049,199,0
03/03/2026 14:45,92,826,0,933,199,0
03/03/2026 15:00,71,897,0,1025,199,0
03/03/2026 15:15,43,759,0,914,198,0
03/03/2026 15:30,45,843,0,995,197,0
03/03/2026 15:45,25,877,0,1035,183,0
03/03/2026 16:00,7,862,0,15,2,842
03/03/2026 16:15,1,696,0,2,0,693
03/03/2026 16:30,0,718,0,10,0,708
03/03/2026 16:45,0,679,0,4,0,675
03/03/2026 17:00,0,828,0,14,0,814
03/03/2026 17:15,0,811,0,6,0,805
03/03/2026 17:30,0,891,0,7,0,884
03/03/2026 17:45,0,1138,0,8,0,1130
03/03/2026 18:00,0,1068,0,0,0,1068
03/03/2026 18:15,0,694,0,9,0,685
03/03/2026 18:30,0,773,0,0,0,773
03/03/2026 18:45,0,794,0,5,0,789
03/03/2026 19:00,0,974,0,8,0,966
03/03/2026 19:15,0,1042,0,1038,4,8
03/03/2026 19:30,0,751,0,757,6,0
03/03/2026 19:45,0,721,0,725,4,0
03/03/2026 20:00,0,828,0,834,6,0
03/03/2026 20:15,0,875,0,879,4,0
03/03/2026 20:30,0,1214,0,1220,6,0
03/03/2026 20:45,0,1236,0,1240,4,0
03/03/2026 21:00,0,2293,0,2299,6,0
03/03/2026 21:15,0,2340,0,2344,4,0
03/03/2026 21:30,0,1018,0,1023,5,0
03/03/2026 21:45,0,786,0,792,6,0
03/03/2026 22:00,0,263,0,267,4,0
03/03/2026 22:15,0,362,0,368,6,0
03/03/2026 22:30,0,488,0,493,5,0
03/03/2026 22:45,0,197,0,202,5,0
03/03/2026 23:00,0,369,0,375,6,0
03/03/2026 23:15,0,820,0,826,6,0
03/03/2026 23:30,0,731,0,736,5,0
03/03/2026 23:45,0,659,0,664,5,0
03/04/2026 00:00,0,684,0,690,6,0
03/04/2026 00:15,0,672,0,677,5,0
03/04/2026 00:30,0,660,0,666,6,0
03/04/2026 00:45,0,655,0,660,5,0
03/04/2026 01:00,0,596,0,602,6,0
03/04/2026 01:15,0,638,0,643,5,0
03/04/2026 01:30,0,761,0,766,5,0
03/04/2026 01:45,0,648,0,654,6,0
03/04/2026 02:00,0,680,0,686,6,0
03/04/2026 02:15,0,698,0,703,5,0
03/04/2026 02:30,0,625,0,631,6,0
03/04/2026 02:45,0,681,0,686,5,0
03/04/2026 03:00,0,724,0,730,6,0
03/04/2026 03:15,0,681,0,686,5,0
03/04/2026 03:30,0,611,0,617,6,0
03/04/2026 03:45,0,660,0,665,5,0
03/04/2026 04:00,0,691,0,697,6,0
03/04/2026 04:15,0,791,0,797,6,0
03/04/2026 04:30,0,700,0,705,5,0
03/04/2026 04:45,0,682,0,688,6,0
03/04/2026 05:00,0,646,0,651,5,0
03/04/2026 05:15,0,874,0,880,6,0
03/04/2026 05:30,0,669,0,674,5,0
03/04/2026 05:45,0,655,0,660,5,0
03/04/2026 06:00,0,674,0,680,6,0
03/04/2026 06:15,1,610,0,614,5,0
03/04/2026 06:30,31,835,0,823,19,0
03/04/2026 06:45,80,766,0,755,69,0
03/04/2026 07:00,111,755,0,745,101,0
03/04/2026 07:15,124,784,0,775,115,0
03/04/2026 07:30,137,802,0,797,132,0
03/04/2026 07:45,176,745,0,737,168,0
03/04/2026 08:00,183,672,0,665,176,0
03/04/2026 08:15,206,685,0,675,196,0
03/04/2026 08:30,255,647,0,639,247,0
03/04/2026 08:45,313,671,0,663,305,0
03/04/2026 09:00,388,646,0,639,381,0
03/04/2026 09:15,474,663,0,659,470,0
03/04/2026 09:30,551,629,0,621,543,0
03/04/2026 09:45,643,638,0,632,637,0
03/04/2026 10:00,778,630,0,622,770,0
03/04/2026 10:15,939,603,0,597,933,0
03/04/2026 10:30,1041,611,0,606,1036,0
03/04/2026 10:45,1133,338,0,333,1128,0
03/04/2026 11:00,1194,215,0,215,1194,0
03/04/2026 11:15,1238,190,0,191,1239,0
03/04/2026 11:30,1279,211,0,214,1282,0
03/04/2026 11:45,1286,180,0,183,1289,0
03/04/2026 12:00,1291,184,0,193,1300,0
03/04/2026 12:15,1296,197,0,168,1267,0
03/04/2026 12:30,1292,230,140,0,922,0
03/04/2026 12:45,1274,199,627,0,448,0
03/04/2026 13:00,1243,245,873,0,125,0
03/04/2026 13:15,1174,202,947,0,25,0
03/04/2026 13:30,1104,426,678,0,0,0
03/04/2026 13:45,1002,585,352,0,65,0
03/04/2026 14:00,893,703,180,0,10,0
03/04/2026 14:15,765,641,124,0,0,0
03/04/2026 14:30,628,546,25,0,57,0
03/04/2026 14:45,511,440,58,0,13,0
03/04/2026 15:00,419,413,2,0,4,0
03/04/2026 15:15,365,424,0,69,10,0
03/04/2026 15:30,324,436,0,132,20,0
03/04/2026 15:45,264,467,0,213,10,0
03/04/2026 16:00,184,373,180,0,2,371
03/04/2026 16:15,133,398,128,0,0,393
03/04/2026 16:30,104,369,100,0,0,365
03/04/2026 16:45,56,367,50,0,0,361
03/04/2026 17:00,35,393,29,0,0,387
03/04/2026 17:15,16,398,11,0,0,393
03/04/2026 17:30,3,285,0,1,0,281
03/04/2026 17:45,0,190,0,3,0,187
03/04/2026 18:00,0,547,0,11,0,536
03/04/2026 18:15,0,222,0,5,0,217
03/04/2026 18:30,0,197,2,0,0,199
03/04/2026 18:45,0,205,0,8,0,197
03/04/2026 19:00,0,842,0,8,0,834
03/04/2026 19:15,0,911,0,9,0,902
03/04/2026 19:30,0,638,0,5,0,633
03/04/2026 19:45,0,683,0,6,0,677
03/04/2026 20:00,0,780,0,695,4,89
03/04/2026 20:15,0,578,0,584,6,0
03/04/2026 20:30,0,386,0,390,4,0
03/04/2026 20:45,0,388,0,394,6,0
03/04/2026 21:00,0,993,0,998,5,0
03/04/2026 21:15,0,1994,0,2000,6,0
03/04/2026 21:30,0,1151,0,1156,5,0
03/04/2026 21:45,0,602,0,607,5,0
03/04/2026 22:00,0,369,0,373,4,0
03/04/2026 22:15,0,593,0,599,6,0
03/04/2026 22:30,0,983,0,987,4,0
03/04/2026 22:45,0,874,0,880,6,0
03/04/2026 23:00,0,183,0,189,6,0
03/04/2026 23:15,0,204,0,208,4,0
03/04/2026 23:30,0,609,0,615,6,0
03/04/2026 23:45,0,204,0,210,6,0
03/05/2026 00:00,0,596,0,600,4,0
03/05/2026 00:15,0,619,0,625,6,0
03/05/2026 00:30,0,260,0,266,6,0
03/05/2026 00:45,0,195,0,199,4,0
03/05/2026 01:00,0,447,0,453,6,0
03/05/2026 01:15,0,894,0,900,6,0
03/05/2026 01:30,0,688,0,694,6,0
03/05/2026 01:45,0,634,0,638,4,0
03/05/2026 02:00,0,642,0,648,6,0
03/05/2026 02:15,0,556,0,562,6,0
03/05/2026 02:30,0,639,0,643,4,0
03/05/2026 02:45,0,626,0,632,6,0
03/05/2026 03:00,0,683,0,689,6,0
03/05/2026 03:15,0,711,0,715,4,0
03/05/2026 03:30,0,608,0,614,6,0
03/05/2026 03:45,0,577,0,583,6,0
03/05/2026 04:00,0,641,0,645,4,0
03/05/2026 04:15,0,677,0,683,6,0
03/05/2026 04:30,0,678,0,684,6,0
03/05/2026 04:45,0,690,0,696,6,0
03/05/2026 05:00,0,720,0,724,4,0
03/05/2026 05:15,0,683,0,689,6,0
03/05/2026 05:30,0,666,0,672,6,0
03/05/2026 05:45,0,773,0,778,5,0
03/05/2026 06:00,0,785,0,790,5,0
03/05/2026 06:15,6,660,0,660,6,0
03/05/2026 06:30,53,719,0,709,43,0
03/05/2026 06:45,97,642,0,635,90,0
03/05/2026 07:00,121,710,0,703,114,0
03/05/2026 07:15,185,757,0,748,176,0
03/05/2026 07:30,201,774,0,772,199,0
03/05/2026 07:45,263,722,0,718,259,0
03/05/2026 08:00,400,635,0,634,399,0
03/05/2026 08:15,397,622,0,629,404,0
03/05/2026 08:30,272,606,0,607,273,0
03/05/2026 08:45,291,628,0,623,286,0
03/05/2026 09:00,388,529,0,533,392,0
03/05/2026 09:15,387,187,0,185,385,0
03/05/2026 09:30,346,184,0,191,353,0
03/05/2026 09:45,308,172,0,179,315,0
03/05/2026 10:00,367,180,0,177,364,0
03/05/2026 10:15,307,182,0,182,307,0
03/05/2026 10:30,341,184,0,176,333,0
03/05/2026 10:45,388,183,0,182,387,0
03/05/2026 11:00,443,568,0,568,443,0
03/05/2026 11:15,494,558,0,552,488,0
03/05/2026 11:30,495,494,0,505,506,0
03/05/2026 11:45,350,488,0,497,359,0
03/05/2026 12:00,301,497,0,506,310,0
03/05/2026 12:15,340,484,0,477,333,0
03/05/2026 12:30,441,484,0,482,439,0
03/05/2026 12:45,490,499,0,500,491,0
03/05/2026 13:00,457,605,0,420,272,0
03/05/2026 13:15,426,504,0,87,9,0
03/05/2026 13:30,403,497,0,94,0,0
03/05/2026 13:45,290,500,0,254,44,0
03/05/2026 14:00,216,837,0,635,14,0
03/05/2026 14:15,208,730,0,526,4,0
03/05/2026 14:30,187,736,0,611,62,0
03/05/2026 14:45,155,624,0,469,0,0
03/05/2026 15:00,110,597,0,497,10,0
03/05/2026 15:15,97,654,0,573,16,0
03/05/2026 15:30,84,667,0,597,14,0
03/05/2026 15:45,57,673,0,626,10,0
03/05/2026 16:00,48,538,42,0,0,532
03/05/2026 16:15,35,527,30,0,0,522
03/05/2026 16:30,17,587,8,0,0,578
03/05/2026 16:45,12,580,7,0,0,575
03/05/2026 17:00,4,665,0,1,0,660
03/05/2026 17:15,0,573,0,5,0,568
03/05/2026 17:30,0,651,0,6,0,645
03/05/2026 17:45,0,612,0,6,0,606
03/05/2026 18:00,0,907,0,3,0,904
03/05/2026 18:15,0,609,0,1,0,608
03/05/2026 18:30,0,645,0,3,0,642
03/05/2026 18:45,0,634,0,8,0,626
03/05/2026 19:00,0,766,0,5,0,761
03/05/2026 19:15,0,789,0,4,0,785
03/05/2026 19:30,0,719,0,6,0,713
03/05/2026 19:45,0,878,0,6,0,872
03/05/2026 20:00,0,990,0,905,5,90
03/05/2026 20:15,0,462,0,467,5,0
03/05/2026 20:30,0,1203,0,1208,5,0
03/05/2026 20:45,0,1818,0,1824,6,0
03/05/2026 21:00,0,1560,0,1565,5,0
03/05/2026 21:15,0,1085,0,1090,5,0
03/05/2026 21:30,0,697,0,703,6,0
03/05/2026 21:45,0,680,0,685,5,0
03/05/2026 22:00,0,293,0,299,6,0
03/05/2026 22:15,0,765,0,770,5,0
03/05/2026 22:30,0,486,0,491,5,0
03/05/2026 22:45,0,535,0,541,6,0
03/05/2026 23:00,0,695,0,700,5,0
03/05/2026 23:15,0,625,0,630,5,0
03/05/2026 23:30,0,592,0,598,6,0
03/05/2026 23:45,0,491,0,496,5,0
03/06/2026 00:00,0,183,0,188,5,0
03/06/2026 00:15,0,445,0,451,6,0
03/06/2026 00:30,0,712,0,717,5,0
03/06/2026 00:45,0,603,0,608,5,0
03/06/2026 01:00,0,694,0,699,5,0
03/06/2026 01:15,0,725,0,730,5,0
03/06/2026 01:30,0,584,0,590,6,0
03/06/2026 01:45,0,616,0,621,5,0
03/06/2026 02:00,0,537,0,542,5,0
03/06/2026 02:15,0,690,0,696,6,0
03/06/2026 02:30,0,715,0,720,5,0
03/06/2026 02:45,0,613,0,618,5,0
03/06/2026 03:00,0,679,0,685,6,0
03/06/2026 03:15,0,515,0,294,3,224
03/06/2026 03:30,0,789,0,0,0,789
03/06/2026 03:45,0,670,0,0,0,670
03/06/2026 04:00,0,602,0,0,0,602
03/06/2026 04:15,0,669,0,0,0,669
03/06/2026 04:30,0,599,0,0,0,599
03/06/2026 04:45,0,618,0,0,0,618
03/06/2026 05:00,0,765,0,298,3,470
03/06/2026 05:15,0,596,0,604,8,0
03/06/2026 05:30,0,728,0,736,8,0
03/06/2026 05:45,0,741,0,831,90,0
03/06/2026 06:00,0,725,0,840,115,0
03/06/2026 06:15,0,882,0,989,107,0
03/06/2026 06:30,4,703,0,796,97,0
03/06/2026 06:45,2,700,0,1632,934,0
03/06/2026 07:00,5,684,0,2108,1429,0
03/06/2026 07:15,49,777,0,2120,1392,0
03/06/2026 07:30,65,1042,0,2392,1415,0
03/06/2026 07:45,70,838,0,2217,1449,0
03/06/2026 08:00,83,873,0,2272,1482,0
03/06/2026 08:15,105,893,0,2309,1521,0
03/06/2026 08:30,125,765,0,2188,1548,0
03/06/2026 08:45,135,948,0,2394,1581,0
03/06/2026 09:00,151,815,0,2247,1583,0
03/06/2026 09:15,152,721,0,1975,1406,0
03/06/2026 09:30,158,279,0,1308,1187,0
03/06/2026 09:45,193,266,0,843,770,0
03/06/2026 10:00,205,378,0,466,293,0
03/06/2026 10:15,218,241,0,161,138,0
03/06/2026 10:30,205,242,0,120,83,0
03/06/2026 10:45,177,250,0,150,77,0
03/06/2026 11:00,206,545,0,377,38,0
03/06/2026 11:15,272,763,0,529,38,0
03/06/2026 11:30,317,952,0,635,0,0
03/06/2026 11:45,329,812,0,515,32,0
03/06/2026 12:00,325,801,0,505,29,0
03/06/2026 12:15,337,1072,0,763,28,0
03/06/2026 12:30,341,751,0,415,5,0
03/06/2026 12:45,339,832,0,512,19,0
03/06/2026 13:00,312,873,0,576,15,0
03/06/2026 13:15,310,846,0,542,6,0
03/06/2026 13:30,294,762,0,475,7,0
03/06/2026 13:45,244,736,0,504,12,0
03/06/2026 14:00,227,735,0,559,51,0
03/06/2026 14:15,250,695,0,458,13,0
03/06/2026 14:30,197,631,0,442,8,0
03/06/2026 14:45,167,684,0,518,1,0
03/06/2026 15:00,144,748,0,627,23,0
03/06/2026 15:15,131,728,0,601,4,0
03/06/2026 15:30,119,734,0,620,5,0
03/06/2026 15:45,90,722,0,647,15,0
03/06/2026 16:00,72,687,35,0,2,652
03/06/2026 16:15,55,616,54,0,0,615
03/06/2026 16:30,37,559,28,0,0,550
03/06/2026 16:45,26,811,13,0,0,798
03/06/2026 17:00,9,670,2,0,0,663
03/06/2026 17:15,0,810,0,2,0,808
03/06/2026 17:30,0,781,0,10,0,771
03/06/2026 17:45,0,830,0,2,0,828
03/06/2026 18:00,0,983,0,6,0,977
03/06/2026 18:15,0,655,0,7,0,648
03/06/2026 18:30,0,726,1,0,0,727
03/06/2026 18:45,0,664,0,5,0,659
03/06/2026 19:00,0,931,0,3,0,928
03/06/2026 19:15,0,666,0,5,0,661
03/06/2026 19:30,0,756,0,5,0,751
03/06/2026 19:45,0,752,0,10,0,742
03/06/2026 20:00,0,795,0,682,7,120
03/06/2026 20:15,0,905,0,912,7,0
03/06/2026 20:30,0,689,0,697,8,0
03/06/2026 20:45,0,1340,0,1347,7,0
03/06/2026 21:00,0,1114,0,1122,8,0
03/06/2026 21:15,0,1518,0,1525,7,0
03/06/2026 21:30,0,979,0,987,8,0
03/06/2026 21:45,0,847,0,855,8,0
03/06/2026 22:00,0,615,0,2033,1418,0
03/06/2026 22:15,0,717,0,2238,1521,0
03/06/2026 22:30,0,802,0,2395,1593,0
03/06/2026 22:45,0,800,0,2460,1660,0
03/06/2026 23:00,0,417,0,2150,1733,0
03/06/2026 23:15,0,459,0,2169,1710,0
03/06/2026 23:30,0,634,0,2262,1628,0
03/06/2026 23:45,0,666,0,2207,1541,0
03/07/2026 00:00,0,539,0,1359,820,0
03/07/2026 00:15,0,1089,0,1245,156,0
03/07/2026 00:30,0,823,0,841,18,0
03/07/2026 00:45,0,800,0,805,5,0
03/07/2026 01:00,0,892,0,900,8,0
03/07/2026 01:15,0,831,0,861,30,0
03/07/2026 01:30,0,816,0,826,10,0
03/07/2026 01:45,0,853,0,858,5,0
03/07/2026 02:00,0,774,0,806,32,0
03/07/2026 02:15,0,792,0,807,15,0
03/07/2026 02:30,0,924,0,929,5,0
03/07/2026 02:45,0,869,0,893,24,0
03/07/2026 03:00,0,900,0,914,14,0
03/07/2026 03:15,0,934,0,944,10,0
03/07/2026 03:30,0,817,0,824,7,0
03/07/2026 03:45,0,797,0,829,32,0
03/07/2026 04:00,0,884,0,897,13,0
03/07/2026 04:15,0,869,0,874,5,0
03/07/2026 04:30,0,902,0,934,32,0
03/07/2026 04:45,0,903,0,918,15,0
03/07/2026 05:00,0,865,0,868,3,0
03/07/2026 05:15,0,826,0,847,21,0
03/07/2026 05:30,0,834,0,846,12,0
03/07/2026 05:45,0,1005,0,1017,12,0
03/07/2026 06:00,0,943,0,951,8,0
03/07/2026 06:15,0,630,0,657,27,0
03/07/2026 06:30,15,614,0,608,9,0
03/07/2026 06:45,17,674,0,657,0,0
03/07/2026 07:00,43,669,0,652,26,0
03/07/2026 07:15,71,714,0,653,10,0
03/07/2026 07:30,85,783,0,699,1,0
03/07/2026 07:45,101,939,0,855,17,0
03/07/2026 08:00,113,360,0,261,14,0
03/07/2026 08:15,93,307,0,223,9,0
03/07/2026 08:30,134,322,0,189,1,0
03/07/2026 08:45,208,295,0,116,29,0
03/07/2026 09:00,203,791,0,596,8,0
03/07/2026 09:15,189,678,0,489,0,0
03/07/2026 09:30,250,654,0,428,24,0
03/07/2026 09:45,299,735,0,446,10,0
03/07/2026 10:00,321,769,0,450,2,0
03/07/2026 10:15,273,693,0,438,18,0
03/07/2026 10:30,316,591,0,290,15,0
03/07/2026 10:45,363,704,0,350,9,0
03/07/2026 11:00,619,639,0,21,1,0
03/07/2026 11:15,760,753,0,23,30,0
03/07/2026 11:30,526,846,0,330,10,0
03/07/2026 11:45,479,652,0,173,0,0
03/07/2026 12:00,589,998,0,433,24,0
03/07/2026 12:15,532,554,0,32,10,0
03/07/2026 12:30,405,740,0,337,2,0
03/07/2026 12:45,373,695,0,336,14,0
03/07/2026 13:00,399,902,0,513,12,2
03/07/2026 13:15,419,1652,0,1236,7,4
03/07/2026 13:30,421,2463,0,2035,0,7
03/07/2026 13:45,461,1859,0,1420,22,0
03/07/2026 14:00,469,710,0,248,8,1
03/07/2026 14:15,439,638,0,198,0,1
03/07/2026 14:30,417,277,119,0,22,1
03/07/2026 14:45,457,209,240,0,8,0
03/07/2026 15:00,465,145,316,0,4,0
03/07/2026 15:15,367,398,0,43,12,0
03/07/2026 15:30,267,621,0,368,14,0
03/07/2026 15:45,216,512,0,304,8,0
03/07/2026 16:00,171,468,165,0,0,462
03/07/2026 16:15,166,477,160,0,0,471
03/07/2026 16:30,115,311,115,0,0,311
03/07/2026 16:45,50,365,39,0,0,354
03/07/2026 17:00,15,408,9,0,0,402
03/07/2026 17:15,5,276,0,1,0,270
03/07/2026 17:30,0,171,0,7,0,164
03/07/2026 17:45,0,191,0,5,0,186
03/07/2026 18:00,0,565,0,15,0,550
03/07/2026 18:15,0,763,0,2,0,761
03/07/2026 18:30,0,564,6,0,0,570
03/07/2026 18:45,0,510,0,4,0,506
03/07/2026 19:00,0,618,0,7,0,611
03/07/2026 19:15,0,527,0,4,0,523
03/07/2026 19:30,0,570,0,2,0,568
03/07/2026 19:45,0,546,0,6,0,540
03/07/2026 20:00,0,567,0,496,7,78
03/07/2026 20:15,0,617,0,624,7,0
03/07/2026 20:30,0,425,0,431,6,0
03/07/2026 20:45,0,318,0,326,8,0
03/07/2026 21:00,0,521,0,527,6,0
03/07/2026 21:15,0,1158,0,1166,8,0
03/07/2026 21:30,0,986,0,992,6,0
03/07/2026 21:45,0,714,0,721,7,0
03/07/2026 22:00,0,214,0,1770,1556,0
03/07/2026 22:15,0,213,0,1823,1610,0
03/07/2026 22:30,0,233,0,1857,1624,0
03/07/2026 22:45,0,416,0,1993,1577,0
03/07/2026 23:00,0,210,0,1653,1443,0
03/07/2026 23:15,0,190,0,813,623,0
03/07/2026 23:30,0,203,0,204,3,2
03/07/2026 23:45,0,394,0,394,0,0
03/08/2026 00:00,0,500,0,563,63,0
03/08/2026 00:15,0,430,0,440,10,0
03/08/2026 00:30,0,209,0,209,0,0
03/08/2026 00:45,0,159,0,159,0,0
03/08/2026 01:00,0,234,0,244,10,0
03/08/2026 01:15,0,461,0,466,5,0
03/08/2026 01:30,0,235,0,239,4,0
03/08/2026 01:45,0,438,0,441,3,0
03/08/2026 03:00,0,511,0,523,12,0
03/08/2026 03:15,0,520,0,520,0,0
03/08/2026 03:30,0,508,0,511,3,0
03/08/2026 03:45,0,418,0,429,11,0
03/08/2026 04:00,0,416,0,416,0,0
03/08/2026 04:15,0,448,0,450,2,0
03/08/2026 04:30,0,494,0,503,9,0
03/08/2026 04:45,0,414,0,417,3,0
03/08/2026 05:00,0,213,0,216,3,0
03/08/2026 05:15,0,409,0,410,1,0
03/08/2026 05:30,0,227,0,239,12,0
03/08/2026 05:45,0,168,0,171,3,0
03/08/2026 06:00,0,229,0,231,2,0
03/08/2026 06:15,0,488,0,500,12,0
03/08/2026 06:30,0,659,0,663,4,0
03/08/2026 06:45,0,412,0,415,3,0
03/08/2026 07:00,0,449,0,457,8,0
03/08/2026 07:15,0,453,0,459,6,0
03/08/2026 07:30,0,441,0,443,2,0
03/08/2026 07:45,5,308,0,303,0,0
03/08/2026 08:00,39,277,0,249,11,0
03/08/2026 08:15,63,385,0,323,1,0
03/08/2026 08:30,37,268,0,233,2,0
03/08/2026 08:45,57,276,0,228,9,0
03/08/2026 09:00,89,238,0,151,2,0
03/08/2026 09:15,132,283,0,152,1,0
03/08/2026 09:30,176,649,0,479,6,0
03/08/2026 09:45,304,464,0,166,6,0
03/08/2026 10:00,357,387,0,35,5,0
03/08/2026 10:15,375,483,0,113,5,0
03/08/2026 10:30,386,464,0,88,10,0
03/08/2026 10:45,591,173,417,0,1,0
03/08/2026 11:00,1161,146,1015,0,0,0
03/08/2026 11:15,583,375,200,0,8,0
03/08/2026 11:30,459,494,0,35,0,0
03/08/2026 11:45,513,743,0,229,0,1
03/08/2026 12:00,699,675,20,0,5,1
03/08/2026 12:15,1117,517,596,0,4,0
03/08/2026 12:30,704,216,487,0,1,0
03/08/2026 12:45,647,423,224,0,0,0
03/08/2026 13:00,492,523,0,39,8,0
03/08/2026 13:15,318,405,0,87,0,0
03/08/2026 13:30,532,485,47,0,0,0
03/08/2026 13:45,617,407,201,0,9,0
03/08/2026 14:00,677,581,96,0,0,0
03/08/2026 14:15,645,441,204,0,0,0
03/08/2026 14:30,585,421,159,0,5,0
03/08/2026 14:45,512,362,146,0,4,0
03/08/2026 15:00,485,131,354,0,0,0
03/08/2026 15:15,419,194,225,0,0,0
03/08/2026 15:30,461,406,46,0,9,0
03/08/2026 15:45,481,150,174,0,157,0
03/08/2026 16:00,363,123,352,0,20,132
03/08/2026 16:15,254,129,249,0,0,124
03/08/2026 16:30,254,166,248,0,0,160
03/08/2026 16:45,216,172,211,0,0,167
03/08/2026 17:00,177,216,171,0,0,210
03/08/2026 17:15,126,167,120,0,0,161
03/08/2026 17:30,84,163,82,0,0,161
03/08/2026 17:45,53,148,49,0,0,144
03/08/2026 18:00,29,495,15,0,0,481
03/08/2026 18:15,10,187,7,0,0,184
03/08/2026 18:30,5,190,0,1,0,184
03/08/2026 18:45,3,170,0,2,0,165
03/08/2026 19:00,0,299,0,1,0,298
03/08/2026 19:15,0,520,0,14,0,506
03/08/2026 19:30,0,633,3,0,0,636
03/08/2026 19:45,0,454,0,5,0,449
03/08/2026 20:00,0,634,0,569,8,73
03/08/2026 20:15,0,454,0,462,8,0
03/08/2026 20:30,0,550,0,558,8,0
03/08/2026 20:45,0,663,0,669,6,0
03/08/2026 21:00,0,919,0,927,8,0
03/08/2026 21:15,0,448,0,454,6,0
03/08/2026 21:30,0,516,0,524,8,0
03/08/2026 21:45,0,1526,0,1532,6,0
03/08/2026 22:00,0,1384,0,1392,8,0
03/08/2026 22:15,0,246,0,252,6,0
03/08/2026 22:30,0,162,0,170,8,0
03/08/2026 22:45,0,259,0,266,7,0
03/08/2026 23:00,0,423,0,430,7,0
03/08/2026 23:15,0,145,0,151,6,0
03/08/2026 23:30,0,150,0,158,8,0
03/08/2026 23:45,0,131,0,137,6,0
03/09/2026 00:00,0,0,0,0,0,0
03/09/2026 00:15,0,394,0,402,8,0
03/09/2026 00:30,0,173,0,179,6,0
03/09/2026 00:45,0,125,0,133,8,0
03/09/2026 01:00,0,188,0,194,6,0
03/09/2026 01:15,0,464,0,472,8,0
03/09/2026 01:30,0,122,0,130,8,0
03/09/2026 01:45,0,173,0,179,6,0
03/09/2026 02:00,0,611,0,619,8,0
03/09/2026 02:15,0,573,0,579,6,0
03/09/2026 02:30,0,566,0,574,8,0
03/09/2026 02:45,0,610,0,617,7,0
03/09/2026 03:00,0,595,0,602,7,0
03/09/2026 03:15,0,540,0,547,7,0
03/09/2026 03:30,0,535,0,542,7,0
03/09/2026 03:45,0,595,0,603,8,0
03/09/2026 04:00,0,558,0,564,6,0
03/09/2026 04:15,0,533,0,541,8,0
03/09/2026 04:30,0,533,0,540,7,0
03/09/2026 04:45,0,572,0,579,7,0
03/09/2026 05:00,0,139,0,146,7,0
03/09/2026 05:15,0,124,0,132,8,0
03/09/2026 05:30,0,150,0,157,7,0
03/09/2026 05:45,0,578,0,585,7,0
03/09/2026 06:00,0,151,0,159,8,0
03/09/2026 06:15,0,131,0,138,7,0
03/09/2026 06:30,0,362,0,369,7,0
03/09/2026 06:45,0,548,0,556,8,0
03/09/2026 07:00,1,585,0,591,7,0
03/09/2026 07:15,20,419,0,412,13,0
03/09/2026 07:30,145,171,0,160,134,0
03/09/2026 07:45,254,309,0,301,246,0
03/09/2026 08:00,332,605,0,597,324,0
03/09/2026 08:15,401,562,0,558,397,0
03/09/2026 08:30,427,451,0,450,426,0
03/09/2026 08:45,465,427,0,422,460,0
03/09/2026 09:00,515,451,0,444,508,0
03/09/2026 09:15,563,473,0,469,559,0
03/09/2026 09:30,571,427,0,429,573,0
03/09/2026 09:45,626,440,0,437,623,0
03/09/2026 10:00,715,443,0,444,716,0
03/09/2026 10:15,785,506,0,296,575,0
03/09/2026 10:30,834,384,211,0,239,0
03/09/2026 10:45,924,450,364,0,110,0
03/09/2026 11:00,1067,402,591,0,74,0
03/09/2026 11:15,1143,139,961,0,43,0
03/09/2026 11:30,1234,139,1085,0,10,0
03/09/2026 11:45,1269,153,1116,0,0,0
03/09/2026 12:00,1298,127,1157,0,14,0
03/09/2026 12:15,1323,146,1150,0,27,0
03/09/2026 12:30,1350,161,1189,0,0,0
03/09/2026 12:45,1353,126,1191,0,36,0
03/09/2026 13:00,1348,122,1196,0,30,0
03/09/2026 13:15,1364,122,1242,0,0,0
03/09/2026 13:30,1342,144,1176,0,22,0
03/09/2026 13:45,1312,126,1166,0,20,0
03/09/2026 14:00,1291,500,782,0,9,0
03/09/2026 14:15,1211,569,639,0,3,0
03/09/2026 14:30,1137,367,754,0,16,0
03/09/2026 14:45,1042,143,881,0,18,0
03/09/2026 15:00,877,140,737,0,0,0
03/09/2026 15:15,801,121,661,0,19,0
03/09/2026 15:30,683,138,526,0,19,0
03/09/2026 15:45,591,130,459,0,2,0
03/09/2026 16:00,531,128,547,0,0,144
03/09/2026 16:15,433,126,429,0,0,122
03/09/2026 16:30,352,136,349,0,0,133
03/09/2026 16:45,310,129,305,0,0,124
03/09/2026 17:00,207,136,205,0,0,134
03/09/2026 17:15,147,171,144,0,0,168
03/09/2026 17:30,113,179,109,0,0,175
03/09/2026 17:45,65,121,60,0,0,116
03/09/2026 18:00,43,346,35,0,0,338
03/09/2026 18:15,25,155,23,0,0,153
03/09/2026 18:30,6,188,0,4,0,178
03/09/2026 18:45,0,255,0,5,0,250
03/09/2026 19:00,0,260,0,4,0,256
03/09/2026 19:15,0,210,2,0,0,212
03/09/2026 19:30,0,201,0,5,0,196
03/09/2026 19:45,0,207,0,6,0,201
03/09/2026 20:00,0,452,0,424,7,35
03/09/2026 20:15,0,581,0,590,9,0
03/09/2026 20:30,0,1604,0,1611,7,0
03/09/2026 20:45,0,1934,0,1942,8,0
03/09/2026 21:00,0,952,0,960,8,0
03/09/2026 21:15,0,476,0,485,9,0
03/09/2026 21:30,0,454,0,462,8,0
03/09/2026 21:45,0,449,0,457,8,0
03/09/2026 22:00,0,390,0,398,8,0
03/09/2026 22:15,0,400,0,408,8,0
03/09/2026 22:30,0,407,0,415,8,0
03/09/2026 22:45,0,377,0,385,8,0
03/09/2026 23:00,0,399,0,407,8,0
03/09/2026 23:15,0,361,0,369,8,0
03/09/2026 23:30,0,366,0,374,8,0
03/09/2026 23:45,0,368,0,375,7,0
03/10/2026 00:00,0,379,0,387,8,0
03/10/2026 00:15,0,363,0,371,8,0
03/10/2026 00:30,0,391,0,399,8,0
03/10/2026 00:45,0,439,0,446,7,0
03/10/2026 01:00,0,792,0,799,7,0
03/10/2026 01:15,0,428,0,436,8,0
03/10/2026 01:30,0,372,0,380,8,0
03/10/2026 01:45,0,355,0,362,7,0
03/10/2026 02:00,0,388,0,396,8,0
03/10/2026 02:15,0,361,0,369,8,0
03/10/2026 02:30,0,359,0,366,7,0
03/10/2026 02:45,0,355,0,362,7,0
03/10/2026 03:00,0,382,0,390,8,0
03/10/2026 03:15,0,355,0,363,8,0
03/10/2026 03:30,0,666,0,674,8,0
03/10/2026 03:45,0,682,0,690,8,0
03/10/2026 04:00,0,360,0,368,8,0
03/10/2026 04:15,0,360,0,368,8,0
03/10/2026 04:30,0,463,0,472,9,0
03/10/2026 04:45,0,882,0,890,8,0
03/10/2026 05:00,0,687,0,695,8,0
03/10/2026 05:15,0,697,0,705,8,0
03/10/2026 05:30,0,712,0,720,8,0
03/10/2026 05:45,0,785,0,793,8,0
03/10/2026 06:00,0,486,0,492,6,0
03/10/2026 06:15,0,432,0,440,8,0
03/10/2026 06:30,0,406,0,414,8,0
03/10/2026 06:45,0,145,0,151,6,0
03/10/2026 07:00,0,168,0,176,8,0
03/10/2026 07:15,22,158,0,150,14,0
03/10/2026 07:30,160,291,0,279,148,0
03/10/2026 07:45,263,633,0,622,252,0
03/10/2026 08:00,341,156,0,149,334,0
03/10/2026 08:15,414,233,0,226,407,0
03/10/2026 08:30,454,310,0,308,452,0
03/10/2026 08:45,475,128,0,130,477,0
03/10/2026 09:00,531,390,0,385,526,0
03/10/2026 09:15,572,125,0,125,572,0
03/10/2026 09:30,574,215,0,221,580,0
03/10/2026 09:45,636,295,7,0,334,0
03/10/2026 10:00,719,157,518,0,44,0
03/10/2026 10:15,780,358,402,0,20,0
03/10/2026 10:30,826,249,577,0,0,0
03/10/2026 10:45,926,154,750,0,22,0
03/10/2026 11:00,1053,346,699,0,8,0
03/10/2026 11:15,1129,130,979,0,20,0
03/10/2026 11:30,1214,118,1074,0,22,0
03/10/2026 11:45,1276,131,1126,0,19,0
03/10/2026 12:00,1302,242,1050,0,10,0
03/10/2026 12:15,1316,191,1121,0,4,0
03/10/2026 12:30,1320,152,1142,0,26,0
03/10/2026 12:45,1328,136,1192,0,0,0
03/10/2026 13:00,1342,132,1200,0,10,0
03/10/2026 13:15,1340,133,1187,0,20,0
03/10/2026 13:30,1319,142,1168,0,9,0
03/10/2026 13:45,1296,127,1159,0,10,0
03/10/2026 14:00,1248,492,746,0,10,0
03/10/2026 14:15,1182,401,761,0,20,0
03/10/2026 14:30,1092,173,911,0,8,0
03/10/2026 14:45,1013,138,871,0,4,0
03/10/2026 15:00,912,145,741,0,26,0
03/10/2026 15:15,786,116,670,0,0,0
03/10/2026 15:30,659,133,516,0,10,0
03/10/2026 15:45,525,136,371,0,18,0
03/10/2026 16:00,441,125,453,0,2,139
03/10/2026 16:15,386,125,382,0,0,121
03/10/2026 16:30,343,136,340,0,0,133
03/10/2026 16:45,280,126,276,0,0,122
03/10/2026 17:00,202,128,200,0,0,126
03/10/2026 17:15,153,314,142,0,0,303
03/10/2026 17:30,155,211,158,0,0,214
03/10/2026 17:45,111,124,108,0,0,121
03/10/2026 18:00,64,142,59,0,0,137
03/10/2026 18:15,40,174,36,0,0,170
03/10/2026 18:30,8,145,2,0,0,139
03/10/2026 18:45,0,185,0,5,0,180
03/10/2026 19:00,0,266,0,6,0,260
03/10/2026 19:15,0,251,3,0,0,254
03/10/2026 19:30,0,219,0,5,0,214
03/10/2026 19:45,0,207,0,5,0,202
03/10/2026 20:00,0,443,0,413,6,36
03/10/2026 20:15,0,434,0,444,10,0
03/10/2026 20:30,0,749,0,757,8,0
03/10/2026 20:45,0,506,0,514,8,0
03/10/2026 21:00,0,544,0,552,8,0
03/10/2026 21:15,0,692,0,699,7,0
03/10/2026 21:30,0,613,0,621,8,0
03/10/2026 21:45,0,768,0,776,8,0
03/10/2026 22:00,0,391,0,400,9,0
03/10/2026 22:15,0,409,0,417,8,0
03/10/2026 22:30,0,439,0,447,8,0
03/10/2026 22:45,0,378,0,386,8,0
03/10/2026 23:00,0,363,0,371,8,0
03/10/2026 23:15,0,363,0,370,7,0
03/10/2026 23:30,0,385,0,393,8,0
03/10/2026 23:45,0,376,0,384,8,0
03/11/2026 00:00,0,366,0,375,9,0
03/11/2026 00:15,0,356,0,365,9,0
03/11/2026 00:30,0,385,0,393,8,0
03/11/2026 00:45,0,383,0,391,8,0
03/11/2026 01:00,0,355,0,363,8,0
03/11/2026 01:15,0,359,0,366,7,0
03/11/2026 01:30,0,368,0,376,8,0
03/11/2026 01:45,0,369,0,377,8,0
03/11/2026 02:00,0,384,0,392,8,0
03/11/2026 02:15,0,366,0,374,8,0
03/11/2026 02:30,0,363,0,371,8,0
03/11/2026 02:45,0,360,0,369,9,0
03/11/2026 03:00,0,380,0,389,9,0
03/11/2026 03:15,0,368,0,376,8,0
03/11/2026 03:30,0,380,0,388,8,0
03/11/2026 03:45,0,351,0,359,8,0
03/11/2026 04:00,0,354,0,362,8,0
03/11/2026 04:15,0,372,0,379,7,0
03/11/2026 04:30,0,203,0,210,7,0
03/11/2026 04:45,0,133,0,140,7,0
03/11/2026 05:00,0,148,0,155,7,0
03/11/2026 05:15,0,124,0,131,7,0
03/11/2026 05:30,0,119,0,126,7,0
03/11/2026 05:45,0,135,0,142,7,0
03/11/2026 06:00,0,138,0,145,7,0
03/11/2026 06:15,0,122,0,129,7,0
03/11/2026 06:30,0,149,0,156,7,0
03/11/2026 06:45,0,145,0,153,8,0
03/11/2026 07:00,0,130,0,137,7,0
03/11/2026 07:15,31,188,0,176,19,0
03/11/2026 07:30,119,296,0,285,108,0
03/11/2026 07:45,211,335,0,326,202,0
03/11/2026 08:00,245,125,0,121,241,0
03/11/2026 08:15,382,117,0,110,375,0
03/11/2026 08:30,456,126,0,128,458,0
03/11/2026 08:45,303,141,0,143,305,0
03/11/2026 09:00,341,123,0,126,344,0
03/11/2026 09:15,441,121,0,116,436,0
03/11/2026 09:30,585,141,0,121,565,0
03/11/2026 09:45,475,141,0,125,459,0
03/11/2026 10:00,588,113,73,0,402,0
03/11/2026 10:15,558,120,276,0,162,0
03/11/2026 10:30,914,143,740,0,31,0
03/11/2026 10:45,931,141,790,0,0,0
03/11/2026 11:00,1022,117,905,0,0,0
03/11/2026 11:15,1039,139,850,0,50,0
03/11/2026 11:30,1129,141,982,0,6,0
03/11/2026 11:45,1304,139,1165,0,0,0
03/11/2026 12:00,1320,116,1188,0,16,0
03/11/2026 12:15,1335,115,1196,0,24,0
03/11/2026 12:30,1321,126,1195,0,0,0
03/11/2026 12:45,1358,132,1217,0,9,0
03/11/2026 13:00,1357,121,1206,0,30,0
03/11/2026 13:15,1366,122,1244,0,0,0
03/11/2026 13:30,1291,151,1140,0,0,0
03/11/2026 13:45,1247,138,1076,0,33,0
03/11/2026 14:00,1217,518,694,0,5,0
03/11/2026 14:15,1185,621,564,0,0,0
03/11/2026 14:30,1093,498,582,0,13,0
03/11/2026 14:45,1005,362,620,0,23,0
03/11/2026 15:00,907,362,545,0,0,0
03/11/2026 15:15,792,367,419,0,6,0
03/11/2026 15:30,699,132,538,0,29,0
03/11/2026 15:45,576,121,455,0,0,0
03/11/2026 16:00,488,116,503,0,0,131
03/11/2026 16:15,425,141,419,0,0,135
03/11/2026 16:30,277,124,272,0,0,119
03/11/2026 16:45,296,129,291,0,0,124
03/11/2026 17:00,185,146,182,0,0,143
03/11/2026 17:15,183,125,178,0,0,120
03/11/2026 17:30,215,501,199,0,0,485
03/11/2026 17:45,97,728,81,0,0,712
03/11/2026 18:00,65,590,76,0,0,601
03/11/2026 18:15,5,166,0,1,0,160
03/11/2026 18:30,0,155,0,4,0,151
03/11/2026 18:45,0,169,0,6,0,163
03/11/2026 19:00,0,268,0,7,0,261
03/11/2026 19:15,0,244,3,0,0,247
03/11/2026 19:30,0,215,0,5,0,210
03/11/2026 19:45,0,214,0,6,0,208
03/11/2026 20:00,0,454,0,424,7,37
03/11/2026 20:15,0,571,0,578,7,0
03/11/2026 20:30,0,954,0,962,8,0
03/11/2026 20:45,0,668,0,675,7,0
03/11/2026 21:00,0,1464,0,1471,7,0
03/11/2026 21:15,0,1867,0,1875,8,0
03/11/2026 21:30,0,1433,0,1440,7,0
03/11/2026 21:45,0,778,0,785,7,0
03/11/2026 22:00,0,592,0,600,8,0
03/11/2026 22:15,0,845,0,851,6,0
03/11/2026 22:30,0,615,0,623,8,0
03/11/2026 22:45,0,722,0,730,8,0
03/11/2026 23:00,0,437,0,445,8,0
03/11/2026 23:15,0,408,0,416,8,0
03/11/2026 23:30,0,529,0,536,7,0
03/11/2026 23:45,0,644,0,652,8,0
03/12/2026 00:00,0,428,0,436,8,0
03/12/2026 00:15,0,409,0,417,8,0
03/12/2026 00:30,0,391,0,399,8,0
03/12/2026 00:45,0,430,0,438,8,0
03/12/2026 01:00,0,450,0,458,8,0
03/12/2026 01:15,0,706,0,714,8,0
03/12/2026 01:30,0,400,0,408,8,0
03/12/2026 01:45,0,390,0,398,8,0
03/12/2026 02:00,0,388,0,396,8,0
03/12/2026 02:15,0,533,0,540,7,0
03/12/2026 02:30,0,517,0,525,8,0
03/12/2026 02:45,0,402,0,410,8,0
03/12/2026 03:00,0,416,0,425,9,0
03/12/2026 03:15,0,388,0,396,8,0
03/12/2026 03:30,0,386,0,395,9,0
03/12/2026 03:45,0,676,0,684,8,0
03/12/2026 04:00,0,741,0,748,7,0
03/12/2026 04:15,0,663,0,672,9,0
03/12/2026 04:30,0,654,0,662,8,0
03/12/2026 04:45,0,636,0,644,8,0
03/12/2026 05:00,0,607,0,615,8,0
03/12/2026 05:15,0,443,0,450,7,0
03/12/2026 05:30,0,302,0,310,8,0
03/12/2026 05:45,0,236,0,243,7,0
03/12/2026 06:00,0,151,0,159,8,0
03/12/2026 06:15,0,173,0,180,7,0
03/12/2026 06:30,0,177,0,184,7,0
03/12/2026 06:45,0,180,0,188,8,0
03/12/2026 07:00,0,177,0,185,8,0
03/12/2026 07:15,0,209,0,216,7,0
03/12/2026 07:30,19,230,0,224,13,0
03/12/2026 07:45,54,182,0,173,45,0
03/12/2026 08:00,109,132,0,127,104,0
03/12/2026 08:15,114,120,0,125,119,0
03/12/2026 08:30,12,119,0,127,20,0
03/12/2026 08:45,50,149,0,145,46,0
03/12/2026 09:00,66,133,0,135,68,0
03/12/2026 09:15,58,129,0,137,66,0
03/12/2026 09:30,61,145,0,143,59,0
03/12/2026 09:45,70,143,0,146,73,0
03/12/2026 10:00,69,122,0,122,69,0
03/12/2026 10:15,112,123,0,123,112,0
03/12/2026 10:30,114,136,0,135,113,0
03/12/2026 10:45,207,130,0,129,206,0
03/12/2026 11:00,167,163,0,164,168,0
03/12/2026 11:15,161,556,0,558,163,0
03/12/2026 11:30,188,443,0,440,185,0
03/12/2026 11:45,266,138,0,139,267,0
03/12/2026 12:00,151,124,0,128,155,0
03/12/2026 12:15,169,389,0,386,166,0
03/12/2026 12:30,235,555,0,557,237,0
03/12/2026 12:45,227,397,0,397,227,0
03/12/2026 13:00,202,391,0,393,204,0
03/12/2026 13:15,298,405,0,403,296,0
03/12/2026 13:30,195,427,0,427,195,0
03/12/2026 13:45,184,461,0,455,178,0
03/12/2026 14:00,222,675,0,676,223,0
03/12/2026 14:15,224,470,0,475,229,0
03/12/2026 14:30,95,531,0,528,92,0
03/12/2026 14:45,166,398,0,396,164,0
03/12/2026 15:00,145,411,0,411,145,0
03/12/2026 15:15,127,444,0,446,129,0
03/12/2026 15:30,91,434,0,434,91,0
03/12/2026 15:45,79,453,0,460,86,0
03/12/2026 16:00,84,466,60,0,2,444
03/12/2026 16:15,63,443,57,0,0,437
03/12/2026 16:30,55,423,50,0,0,418
03/12/2026 16:45,46,449,40,0,0,443
03/12/2026 17:00,54,472,49,0,0,467
03/12/2026 17:15,25,503,17,0,0,495
03/12/2026 17:30,24,512,25,0,0,513
03/12/2026 17:45,14,185,9,0,0,180
03/12/2026 18:00,10,640,0,5,0,625
03/12/2026 18:15,4,295,5,0,0,296
03/12/2026 18:30,0,519,0,13,0,506
03/12/2026 18:45,0,197,0,0,0,197
03/12/2026 19:00,0,365,0,15,0,350
03/12/2026 19:15,0,466,8,0,0,474
03/12/2026 19:30,0,271,0,5,0,266
03/12/2026 19:45,0,660,0,11,0,649
03/12/2026 20:00,0,830,0,762,7,75
03/12/2026 20:15,0,976,0,983,7,0
03/12/2026 20:30,0,1186,0,1193,7,0
03/12/2026 20:45,0,1058,0,1066,8,0
03/12/2026 21:00,0,871,0,878,7,0
03/12/2026 21:15,0,1143,0,1151,8,0
03/12/2026 21:30,0,1126,0,1133,7,0
03/12/2026 21:45,0,1082,0,1090,8,0
03/12/2026 22:00,0,941,0,947,6,0
03/12/2026 22:15,0,427,0,435,8,0
03/12/2026 22:30,0,402,0,408,6,0
03/12/2026 22:45,0,482,0,490,8,0
03/12/2026 23:00,0,736,0,742,6,0
03/12/2026 23:15,0,444,0,452,8,0
03/12/2026 23:30,0,428,0,436,8,0
03/12/2026 23:45,0,799,0,807,8,0
03/13/2026 00:00,0,389,0,396,7,0
03/13/2026 00:15,0,421,0,428,7,0
03/13/2026 00:30,0,844,0,852,8,0
03/13/2026 00:45,0,412,0,419,7,0
03/13/2026 01:00,0,496,0,504,8,0
03/13/2026 01:15,0,717,0,724,7,0
03/13/2026 01:30,0,731,0,738,7,0
03/13/2026 01:45,0,858,0,866,8,0
03/13/2026 02:00,0,815,0,823,8,0
03/13/2026 02:15,0,784,0,792,8,0
03/13/2026 02:30,0,891,0,897,6,0
03/13/2026 02:45,0,820,0,828,8,0
03/13/2026 03:00,0,858,0,866,8,0
03/13/2026 03:15,0,767,0,775,8,0
03/13/2026 03:30,0,812,0,820,8,0
03/13/2026 03:45,0,840,0,847,7,0
03/13/2026 04:00,0,779,0,787,8,0
03/13/2026 04:15,0,887,0,894,7,0
03/13/2026 04:30,0,778,0,785,7,0
03/13/2026 04:45,0,635,0,643,8,0
03/13/2026 05:00,0,539,0,545,6,0
03/13/2026 05:15,0,538,0,546,8,0
03/13/2026 05:30,0,660,0,666,6,0
03/13/2026 05:45,0,576,0,584,8,0
03/13/2026 06:00,0,674,0,681,7,0
03/13/2026 06:15,0,622,0,629,7,0
03/13/2026 06:30,0,555,0,561,6,0
03/13/2026 06:45,0,618,0,626,8,0
03/13/2026 07:00,2,595,0,601,8,0
03/13/2026 07:15,69,684,0,671,56,0
03/13/2026 07:30,217,660,0,650,207,0
03/13/2026 07:45,322,690,0,680,312,0
03/13/2026 08:00,415,680,0,673,408,0
03/13/2026 08:15,499,593,0,585,491,0
03/13/2026 08:30,559,651,0,651,559,0
03/13/2026 08:45,557,576,0,580,561,0
03/13/2026 09:00,635,703,0,697,629,0
03/13/2026 09:15,651,813,0,814,652,0
03/13/2026 09:30,660,566,0,569,663,0
03/13/2026 09:45,743,531,0,532,744,0
03/13/2026 10:00,804,177,0,179,806,0
03/13/2026 10:15,871,182,0,155,844,0
03/13/2026 10:30,933,196,0,97,834,0
03/13/2026 10:45,1075,187,140,0,748,0
03/13/2026 11:00,1175,173,391,0,611,0
03/13/2026 11:15,1254,147,683,0,424,0
03/13/2026 11:30,1330,377,891,0,62,0
03/13/2026 11:45,1348,532,796,0,20,0
03/13/2026 12:00,1365,666,673,0,26,0
03/13/2026 12:15,1371,582,754,0,35,0
03/13/2026 12:30,1368,572,796,0,0,0
03/13/2026 12:45,1328,133,1195,0,0,0
03/13/2026 13:00,1068,356,690,0,22,0
03/13/2026 13:15,896,545,326,0,25,0
03/13/2026 13:30,885,460,425,0,0,0
03/13/2026 13:45,775,169,577,0,29,0
03/13/2026 14:00,703,598,72,0,33,0
03/13/2026 14:15,590,612,0,27,5,0
03/13/2026 14:30,618,598,19,0,1,0
03/13/2026 14:45,553,593,0,64,24,0
03/13/2026 15:00,682,569,99,0,14,0
03/13/2026 15:15,867,560,307,0,0,0
03/13/2026 15:30,571,526,32,0,13,0
03/13/2026 15:45,363,431,0,92,24,0
03/13/2026 16:00,294,435,276,0,0,417
03/13/2026 16:15,262,450,257,0,0,445
03/13/2026 16:30,179,551,172,0,0,544
03/13/2026 16:45,137,415,133,0,0,411
03/13/2026 17:00,99,435,93,0,0,429
03/13/2026 17:15,52,475,44,0,0,467
03/13/2026 17:30,29,628,26,0,0,625
03/13/2026 17:45,33,336,30,0,0,333
03/13/2026 18:00,26,650,13,0,0,637
03/13/2026 18:15,8,230,9,0,0,231
03/13/2026 18:30,0,425,0,16,0,409
03/13/2026 18:45,0,541,0,13,0,528
03/13/2026 19:00,0,941,3,0,0,944
03/13/2026 19:15,0,702,0,5,0,697
03/13/2026 19:30,0,666,0,7,0,659
03/13/2026 19:45,0,632,0,3,0,629
03/13/2026 20:00,0,698,0,642,7,63
03/13/2026 20:15,0,656,0,663,7,0
03/13/2026 20:30,0,529,0,536,7,0
03/13/2026 20:45,0,475,0,483,8,0
03/13/2026 21:00,0,785,0,792,7,0
03/13/2026 21:15,0,1929,0,1936,7,0
03/13/2026 21:30,0,1933,0,1941,8,0
03/13/2026 21:45,0,654,0,661,7,0
03/13/2026 22:00,0,220,0,227,7,0
03/13/2026 22:15,0,463,0,470,7,0
03/13/2026 22:30,0,689,0,695,6,0
03/13/2026 22:45,0,420,0,427,7,0
03/13/2026 23:00,0,434,0,441,7,0
03/13/2026 23:15,0,591,0,598,7,0
03/13/2026 23:30,0,176,0,183,7,0
03/13/2026 23:45,0,529,0,535,6,0
03/14/2026 00:00,0,534,0,542,8,0
03/14/2026 00:15,0,156,0,162,6,0
03/14/2026 00:30,0,178,0,186,8,0
03/14/2026 00:45,0,666,0,672,6,0
03/14/2026 01:00,0,530,0,537,7,0
03/14/2026 01:15,0,612,0,619,7,0
03/14/2026 01:30,0,597,0,604,7,0
03/14/2026 01:45,0,576,0,583,7,0
03/14/2026 02:00,0,584,0,592,8,0
03/14/2026 02:15,0,602,0,609,7,0
03/14/2026 02:30,0,537,0,545,8,0
03/14/2026 02:45,0,649,0,655,6,0
03/14/2026 03:00,0,593,0,600,7,0
03/14/2026 03:15,0,542,0,549,7,0
03/14/2026 03:30,0,592,0,599,7,0
03/14/2026 03:45,0,563,0,570,7,0
03/14/2026 04:00,0,602,0,609,7,0
03/14/2026 04:15,0,663,0,670,7,0
03/14/2026 04:30,0,601,0,608,7,0
03/14/2026 04:45,0,648,0,655,7,0
03/14/2026 05:00,0,543,0,549,6,0
03/14/2026 05:15,0,615,0,622,7,0
03/14/2026 05:30,0,576,0,583,7,0
03/14/2026 05:45,0,719,0,726,7,0
03/14/2026 06:00,0,646,0,653,7,0
03/14/2026 06:15,0,650,0,658,8,0
03/14/2026 06:30,0,562,0,568,6,0
03/14/2026 06:45,0,663,0,671,8,0
03/14/2026 07:00,3,600,0,603,6,0
03/14/2026 07:15,111,624,0,613,100,0
03/14/2026 07:30,278,572,0,569,275,0
03/14/2026 07:45,168,323,0,326,171,0
03/14/2026 08:00,311,411,0,408,308,0
03/14/2026 08:15,429,199,0,193,423,0
03/14/2026 08:30,520,191,0,189,518,0
03/14/2026 08:45,388,182,0,187,393,0
03/14/2026 09:00,541,226,0,225,540,0
03/14/2026 09:15,944,173,0,171,942,0
03/14/2026 09:30,633,254,0,226,605,0
03/14/2026 09:45,380,620,0,626,386,0
03/14/2026 10:00,693,569,0,519,643,0
03/14/2026 10:15,1121,469,0,334,986,0
03/14/2026 10:30,1143,587,0,495,1051,0
03/14/2026 10:45,866,673,0,513,706,0
03/14/2026 11:00,627,470,0,429,586,0
03/14/2026 11:15,739,414,0,284,609,0
03/14/2026 11:30,575,1200,0,1195,570,0
03/14/2026 11:45,610,1653,0,1521,478,0
03/14/2026 12:00,580,815,0,251,16,0
03/14/2026 12:15,552,446,58,0,48,0
03/14/2026 12:30,728,292,428,0,8,0
03/14/2026 12:45,1224,560,644,0,20,0
03/14/2026 13:00,999,360,640,0,0,1
03/14/2026 13:15,650,585,26,0,39,0
03/14/2026 13:30,568,849,0,300,19,0
03/14/2026 13:45,664,556,102,0,6,0
03/14/2026 14:00,1261,627,634,0,0,0
03/14/2026 14:15,1053,341,695,0,17,0
03/14/2026 14:30,664,227,404,0,33,0
03/14/2026 14:45,542,240,302,0,0,0
03/14/2026 15:00,838,561,266,0,11,0
03/14/2026 15:15,635,391,220,0,24,0
03/14/2026 15:30,737,544,192,0,1,0
03/14/2026 15:45,640,345,287,0,8,0
03/14/2026 16:00,555,243,538,0,1,227
03/14/2026 16:15,435,331,430,0,0,326
03/14/2026 16:30,401,150,402,0,0,151
03/14/2026 16:45,335,117,330,0,0,112
03/14/2026 17:00,215,715,196,0,0,696
03/14/2026 17:15,153,670,162,0,0,679
03/14/2026 17:30,126,139,120,0,0,133
03/14/2026 17:45,83,163,76,0,0,156
03/14/2026 18:00,49,606,28,0,0,585
03/14/2026 18:15,29,653,34,0,0,658
03/14/2026 18:30,12,543,0,2,0,529
03/14/2026 18:45,0,562,0,0,0,562
03/14/2026 19:00,0,608,0,0,0,608
03/14/2026 19:15,0,599,0,6,0,593
03/14/2026 19:30,0,673,0,6,0,667
03/14/2026 19:45,0,558,0,1,0,557
03/14/2026 20:00,0,250,0,234,6,22
03/14/2026 20:15,0,569,0,576,7,0
03/14/2026 20:30,0,277,0,284,7,0
03/14/2026 20:45,0,241,0,249,8,0
03/14/2026 21:00,0,574,0,580,6,0
03/14/2026 21:15,2,980,0,984,6,0
03/14/2026 21:30,1,1082,0,1089,8,0
03/14/2026 21:45,0,691,0,697,6,0
03/14/2026 22:00,0,285,0,293,8,0
03/14/2026 22:15,0,327,0,333,6,0
03/14/2026 22:30,0,870,0,876,6,0
03/14/2026 22:45,0,412,0,420,8,0
03/14/2026 23:00,1,507,0,512,6,0
03/14/2026 23:15,0,630,0,636,6,0
03/14/2026 23:30,0,685,0,692,7,0
03/14/2026 23:45,0,532,0,539,7,0
03/15/2026 00:00,0,692,0,700,8,0
03/15/2026 00:15,0,878,0,884,6,0
03/15/2026 00:30,0,558,0,564,6,0
03/15/2026 00:45,0,633,0,639,6,0
03/15/2026 01:00,0,521,0,529,8,0
03/15/2026 01:15,0,592,0,598,6,0
03/15/2026 01:30,0,579,0,586,7,0
03/15/2026 01:45,0,513,0,520,7,0
03/15/2026 02:00,0,786,0,792,6,0
03/15/2026 02:15,0,549,0,556,7,0
03/15/2026 02:30,0,543,0,550,7,0
03/15/2026 02:45,0,654,0,661,7,0
03/15/2026 03:00,0,546,0,553,7,0
03/15/2026 03:15,0,580,0,586,6,0
03/15/2026 03:30,0,736,0,743,7,0
03/15/2026 03:45,0,586,0,593,7,0
03/15/2026 04:00,0,675,0,682,7,0
03/15/2026 04:15,0,654,0,661,7,0
03/15/2026 04:30,0,609,0,615,6,0
03/15/2026 04:45,0,747,0,754,7,0
03/15/2026 05:00,0,563,0,570,7,0
03/15/2026 05:15,0,537,0,544,7,0
03/15/2026 05:30,0,664,0,670,6,0
03/15/2026 05:45,0,522,0,529,7,0
03/15/2026 06:00,0,588,0,595,7,0
03/15/2026 06:15,0,681,0,687,6,0
03/15/2026 06:30,0,541,0,548,7,0
03/15/2026 06:45,0,609,0,616,7,0
03/15/2026 07:00,6,548,0,548,6,0
03/15/2026 07:15,53,559,0,557,51,0
03/15/2026 07:30,77,552,0,544,69,0
03/15/2026 07:45,106,788,0,789,107,0
03/15/2026 08:00,162,686,0,674,150,0
03/15/2026 08:15,269,581,0,578,266,0
03/15/2026 08:30,269,577,0,577,269,0
03/15/2026 08:45,377,558,0,559,378,0
03/15/2026 09:00,429,383,0,382,428,0
03/15/2026 09:15,644,145,0,146,645,0
03/15/2026 09:30,542,151,0,149,540,0
03/15/2026 09:45,766,174,0,172,764,0
03/15/2026 10:00,846,190,0,147,803,0
03/15/2026 10:15,926,152,15,0,759,0
03/15/2026 10:30,779,558,0,346,567,0
03/15/2026 10:45,763,577,0,366,552,0
03/15/2026 11:00,989,551,0,71,509,0
03/15/2026 11:15,904,548,0,73,429,0
03/15/2026 11:30,850,550,0,11,311,0
03/15/2026 11:45,612,827,0,341,126,0
03/15/2026 12:00,900,2130,0,1344,114,0
03/15/2026 12:15,721,1576,0,955,100,0
03/15/2026 12:30,714,1623,0,1019,110,0
03/15/2026 12:45,1257,1323,0,168,102,0
03/15/2026 13:00,965,1278,0,425,112,0
03/15/2026 13:15,894,2118,0,1332,108,0
03/15/2026 13:30,949,1511,0,661,99,0
03/15/2026 13:45,854,1477,0,734,111,0
03/15/2026 14:00,778,1575,0,901,104,0
03/15/2026 14:15,705,1571,0,981,115,0
03/15/2026 14:30,674,1767,0,1198,105,0
03/15/2026 14:45,596,1275,0,781,102,0
03/15/2026 15:00,577,1403,0,942,116,0
03/15/2026 15:15,512,1342,0,927,97,0
03/15/2026 15:30,403,1311,0,960,52,0
03/15/2026 15:45,299,1547,0,1268,20,0
03/15/2026 16:00,200,380,151,0,1,332
03/15/2026 16:15,219,120,215,0,0,116
03/15/2026 16:30,278,132,272,0,0,126
03/15/2026 16:45,261,383,246,0,0,368
03/15/2026 17:00,284,611,280,0,0,607
03/15/2026 17:15,209,648,205,0,0,644
03/15/2026 17:30,165,585,161,0,0,581
03/15/2026 17:45,137,595,130,0,0,588
03/15/2026 18:00,85,458,87,0,0,460
03/15/2026 18:15,35,165,31,0,0,161
03/15/2026 18:30,6,146,2,0,0,142
03/15/2026 18:45,0,267,0,12,0,255
03/15/2026 19:00,0,739,0,6,0,733
03/15/2026 19:15,0,615,0,1,0,614
03/15/2026 19:30,0,343,0,1,0,342
03/15/2026 19:45,0,240,0,6,0,234
03/15/2026 20:00,0,394,0,370,6,30
03/15/2026 20:15,0,350,0,358,8,0
03/15/2026 20:30,1,442,0,448,7,0
03/15/2026 20:45,0,1072,0,1078,6,0
03/15/2026 21:00,0,2210,0,2217,7,0
03/15/2026 21:15,0,2167,0,2174,7,0
03/15/2026 21:30,0,1136,0,1142,6,0
03/15/2026 21:45,0,734,0,741,7,0
03/15/2026 22:00,0,547,0,554,7,0
03/15/2026 22:15,0,519,0,526,7,0
03/15/2026 22:30,0,175,0,182,7,0
03/15/2026 22:45,0,149,0,156,7,0
03/15/2026 23:00,0,279,0,286,7,0
03/15/2026 23:15,0,557,0,564,7,0
03/15/2026 23:30,0,662,0,669,7,0
03/15/2026 23:45,0,226,0,233,7,0
03/16/2026 00:00,0,1216,0,1223,7,0
03/16/2026 00:15,0,697,0,704,7,0
03/16/2026 00:30,0,257,0,264,7,0
03/16/2026 00:45,0,581,0,588,7,0
03/16/2026 01:00,0,578,0,584,6,0
03/16/2026 01:15,0,608,0,616,8,0
03/16/2026 01:30,0,569,0,575,6,0
03/16/2026 01:45,0,635,0,643,8,0
03/16/2026 02:00,0,541,0,547,6,0
03/16/2026 02:15,0,558,0,566,8,0
03/16/2026 02:30,0,560,0,568,8,0
03/16/2026 02:45,0,545,0,553,8,0
03/16/2026 03:00,0,589,0,595,6,0
03/16/2026 03:15,0,615,0,623,8,0
03/16/2026 03:30,0,545,0,553,8,0
03/16/2026 03:45,0,546,0,553,7,0
03/16/2026 04:00,0,713,0,720,7,0
03/16/2026 04:15,0,556,0,564,8,0
03/16/2026 04:30,0,572,0,578,6,0
03/16/2026 04:45,0,311,0,319,8,0
03/16/2026 05:00,0,136,0,143,7,0
03/16/2026 05:15,0,395,0,402,7,0
03/16/2026 05:30,0,483,0,490,7,0
03/16/2026 05:45,0,148,0,155,7,0
03/16/2026 06:00,0,149,0,157,8,0
03/16/2026 06:15,0,481,0,488,7,0
03/16/2026 06:30,0,126,0,133,7,0
03/16/2026 06:45,0,269,0,276,7,0
03/16/2026 07:00,0,161,0,169,8,0
03/16/2026 07:15,0,384,0,391,7,0
03/16/2026 07:30,0,555,0,562,7,0
03/16/2026 07:45,0,591,0,599,8,0
03/16/2026 08:00,0,206,0,214,8,0
03/16/2026 08:15,52,498,0,492,46,0
03/16/2026 08:30,79,422,0,421,78,0
03/16/2026 08:45,115,477,0,476,114,0
03/16/2026 09:00,108,448,0,455,115,0
03/16/2026 09:15,78,449,0,446,75,0
03/16/2026 09:30,86,428,0,426,84,0
03/16/2026 09:45,99,397,0,397,99,0
03/16/2026 10:00,156,414,0,410,152,0
03/16/2026 10:15,202,533,0,538,207,0
03/16/2026 10:30,179,407,0,408,180,0
03/16/2026 10:45,194,413,0,409,190,0
03/16/2026 11:00,293,445,0,446,294,0
03/16/2026 11:15,430,401,0,392,421,0
03/16/2026 11:30,499,380,0,388,507,0
03/16/2026 11:45,347,320,0,313,340,0
03/16/2026 12:00,489,155,0,155,489,0
03/16/2026 12:15,525,128,0,128,525,0
03/16/2026 12:30,412,133,0,137,416,0
03/16/2026 12:45,452,160,0,160,452,0
03/16/2026 13:00,393,119,0,120,394,0
03/16/2026 13:15,414,114,0,114,414,0
03/16/2026 13:30,500,244,0,241,497,0
03/16/2026 13:45,591,483,0,482,590,0
03/16/2026 14:00,299,490,0,490,299,0
03/16/2026 14:15,305,419,0,420,306,0
03/16/2026 14:30,291,398,0,398,291,0
03/16/2026 14:45,232,361,0,371,242,0
03/16/2026 15:00,372,345,0,178,205,0
03/16/2026 15:15,378,343,0,115,150,0
03/16/2026 15:30,197,345,0,148,0,0
03/16/2026 15:45,203,131,72,0,0,0
03/16/2026 16:00,230,120,220,0,0,110
03/16/2026 16:15,317,143,314,0,0,140
03/16/2026 16:30,186,121,181,0,0,116
03/16/2026 16:45,93,133,85,0,0,125
03/16/2026 17:00,76,427,67,0,0,418
03/16/2026 17:15,54,582,45,0,0,573
03/16/2026 17:30,53,435,53,0,0,435
03/16/2026 17:45,119,424,112,0,0,417
03/16/2026 18:00,64,363,62,0,0,361
03/16/2026 18:15,14,153,10,0,0,149
03/16/2026 18:30,0,361,0,10,0,351
03/16/2026 18:45,0,221,0,3,0,218
03/16/2026 19:00,0,255,0,8,0,247
03/16/2026 19:15,0,217,0,5,0,212
03/16/2026 19:30,0,213,1,0,0,214
03/16/2026 19:45,0,232,0,4,0,228
03/16/2026 20:00,0,222,0,208,6,20
03/16/2026 20:15,0,280,0,288,8,0
03/16/2026 20:30,0,391,0,399,8,0
03/16/2026 20:45,1,2212,0,2218,7,0
03/16/2026 21:00,0,1554,0,1561,7,0
03/16/2026 21:15,0,568,0,575,7,0
03/16/2026 21:30,0,354,0,361,7,0
03/16/2026 21:45,0,293,0,300,7,0
03/16/2026 22:00,0,254,0,262,8,0
03/16/2026 22:15,0,184,0,190,6,0
03/16/2026 22:30,0,180,0,188,8,0
03/16/2026 22:45,0,162,0,169,7,0
03/16/2026 23:00,0,178,0,185,7,0
03/16/2026 23:15,0,156,0,164,8,0
03/16/2026 23:30,0,176,0,184,8,0
03/16/2026 23:45,0,527,0,533,6,0
03/17/2026 00:00,0,243,0,251,8,0
03/17/2026 00:15,0,149,0,157,8,0
03/17/2026 00:30,0,146,0,152,6,0
03/17/2026 00:45,0,122,0,130,8,0
03/17/2026 01:00,0,120,0,128,8,0
03/17/2026 01:15,0,135,0,142,7,0
03/17/2026 01:30,0,127,0,134,7,0
03/17/2026 01:45,0,135,0,143,8,0
03/17/2026 02:00,0,138,0,146,8,0
03/17/2026 02:15,0,118,0,126,8,0
03/17/2026 02:30,0,119,0,126,7,0
03/17/2026 02:45,0,134,0,141,7,0
03/17/2026 03:00,0,128,0,136,8,0
03/17/2026 03:15,0,133,0,141,8,0
03/17/2026 03:30,0,139,0,147,8,0
03/17/2026 03:45,0,121,0,128,7,0
03/17/2026 04:00,0,119,0,127,8,0
03/17/2026 04:15,0,132,0,139,7,0
03/17/2026 04:30,0,132,0,140,8,0
03/17/2026 04:45,0,125,0,133,8,0
03/17/2026 05:00,0,443,0,450,7,0
03/17/2026 05:15,0,364,0,372,8,0
03/17/2026 05:30,0,119,0,126,7,0
03/17/2026 05:45,0,120,0,128,8,0
03/17/2026 06:00,0,139,0,146,7,0
03/17/2026 06:15,0,119,0,127,8,0
03/17/2026 06:30,0,137,0,145,8,0
03/17/2026 06:45,0,143,0,150,7,0
03/17/2026 07:00,0,127,0,134,7,0
03/17/2026 07:15,18,155,0,151,14,0
03/17/2026 07:30,63,212,0,201,52,0
03/17/2026 07:45,209,150,0,147,206,0
03/17/2026 08:00,419,138,0,134,415,0
03/17/2026 08:15,548,112,0,111,547,0
03/17/2026 08:30,645,114,0,115,646,0
03/17/2026 08:45,440,121,0,124,443,0
03/17/2026 09:00,385,143,0,146,388,0
03/17/2026 09:15,269,135,0,134,268,0
03/17/2026 09:30,720,529,0,517,708,0
03/17/2026 09:45,601,372,0,375,604,0
03/17/2026 10:00,409,114,0,116,411,0
03/17/2026 10:15,583,114,0,109,578,0
03/17/2026 10:30,1062,471,183,0,408,0
03/17/2026 10:45,1165,523,594,0,48,0
03/17/2026 11:00,1248,404,814,0,30,0
03/17/2026 11:15,1334,398,929,0,7,0
03/17/2026 11:30,1396,387,987,0,22,0
03/17/2026 11:45,1447,390,1039,0,18,0
03/17/2026 12:00,1468,413,1031,0,24,0
03/17/2026 12:15,1048,407,622,0,19,0
03/17/2026 12:30,1071,353,706,0,12,0
03/17/2026 12:45,1373,138,1225,0,10,0
03/17/2026 13:00,1332,114,1218,0,0,0
03/17/2026 13:15,1545,117,1406,0,22,0
03/17/2026 13:30,1463,130,1313,0,20,0
03/17/2026 13:45,1462,130,1324,0,8,0
03/17/2026 14:00,1499,416,1073,0,10,0
03/17/2026 14:15,1249,500,739,0,10,0
03/17/2026 14:30,1121,656,445,0,20,0
03/17/2026 14:45,1053,396,641,0,16,0
03/17/2026 15:00,1033,440,581,0,12,0
03/17/2026 15:15,949,427,520,0,2,0
03/17/2026 15:30,828,445,369,0,14,0
03/17/2026 15:45,701,426,253,0,22,0
03/17/2026 16:00,597,196,603,0,0,202
03/17/2026 16:15,502,128,496,0,0,122
03/17/2026 16:30,474,153,468,0,0,147
03/17/2026 16:45,355,124,352,0,0,121
03/17/2026 17:00,248,120,240,0,0,112
03/17/2026 17:15,165,617,144,0,0,596
03/17/2026 17:30,161,723,158,0,0,720
03/17/2026 17:45,140,438,137,0,0,435
03/17/2026 18:00,78,649,68,0,0,639
03/17/2026 18:15,42,228,45,0,0,231
03/17/2026 18:30,19,544,5,0,0,530
03/17/2026 18:45,1,184,3,0,0,186
03/17/2026 19:00,0,1017,0,23,0,994
03/17/2026 19:15,0,777,7,0,0,784
03/17/2026 19:30,0,622,0,5,0,617
03/17/2026 19:45,0,613,0,6,0,607
03/17/2026 20:00,0,738,0,668,6,76
03/17/2026 20:15,0,929,0,934,5,0
03/17/2026 20:30,0,781,0,786,5,0
03/17/2026 20:45,0,887,0,893,6,0
03/17/2026 21:00,0,1017,0,1022,5,0
03/17/2026 21:15,0,652,0,658,6,0
03/17/2026 21:30,0,785,0,789,4,0
03/17/2026 21:45,0,452,0,458,6,0
03/17/2026 22:00,0,1108,0,1114,6,0
03/17/2026 22:15,0,303,0,307,4,0
03/17/2026 22:30,0,261,0,267,6,0
03/17/2026 22:45,0,588,0,594,6,0
03/17/2026 23:00,0,183,0,188,5,0
03/17/2026 23:15,0,326,0,331,5,0
03/17/2026 23:30,0,764,0,770,6,0
03/17/2026 23:45,0,376,0,382,6,0
03/18/2026 00:00,0,497,0,503,6,0
03/18/2026 00:15,0,239,0,243,4,0
03/18/2026 00:30,0,598,0,604,6,0
03/18/2026 00:45,0,241,0,247,6,0
03/18/2026 01:00,0,833,0,839,6,0
03/18/2026 01:15,0,676,0,682,6,0
03/18/2026 01:30,0,710,0,714,4,0
03/18/2026 01:45,0,717,0,723,6,0
03/18/2026 02:00,0,578,0,584,6,0
03/18/2026 02:15,0,861,0,867,6,0
03/18/2026 02:30,0,600,0,606,6,0
03/18/2026 02:45,0,675,0,681,6,0
03/18/2026 03:00,0,568,0,573,5,0
03/18/2026 03:15,0,683,0,688,5,0
03/18/2026 03:30,0,657,0,663,6,0
03/18/2026 03:45,0,917,0,923,6,0
03/18/2026 04:00,0,590,0,596,6,0
03/18/2026 04:15,0,794,0,800,6,0
03/18/2026 04:30,0,635,0,641,6,0
03/18/2026 04:45,0,592,0,596,4,0
03/18/2026 05:00,0,837,0,843,6,0
03/18/2026 05:15,0,561,0,567,6,0
03/18/2026 05:30,0,715,0,721,6,0
03/18/2026 05:45,0,563,0,569,6,0
03/18/2026 06:00,0,723,0,729,6,0
03/18/2026 06:15,0,837,0,843,6,0
03/18/2026 06:30,0,712,0,718,6,0
03/18/2026 06:45,0,630,0,636,6,0
03/18/2026 07:00,23,589,0,580,14,0
03/18/2026 07:15,174,580,0,568,162,0
03/18/2026 07:30,279,620,0,610,269,0
03/18/2026 07:45,400,609,0,601,392,0
03/18/2026 08:00,513,573,0,565,505,0
03/18/2026 08:15,592,571,0,530,551,0
03/18/2026 08:30,644,585,0,498,557,0
03/18/2026 08:45,678,617,0,494,555,0
03/18/2026 09:00,717,629,0,469,557,0
03/18/2026 09:15,748,629,0,440,559,0
03/18/2026 09:30,713,589,0,431,555,0
03/18/2026 09:45,856,594,0,319,581,0
03/18/2026 10:00,802,600,0,439,641,0
03/18/2026 10:15,896,631,0,400,665,0
03/18/2026 10:30,1051,581,0,189,659,0
03/18/2026 10:45,1039,580,0,157,616,0
03/18/2026 11:00,1249,593,106,0,550,0
03/18/2026 11:15,1382,580,343,0,459,0
03/18/2026 11:30,1232,591,305,0,336,0
03/18/2026 11:45,1235,587,539,0,109,0
03/18/2026 12:00,1413,582,811,0,20,0
03/18/2026 12:15,1456,572,880,0,4,0
03/18/2026 12:30,1069,639,396,0,34,0
03/18/2026 12:45,1073,544,529,0,0,0
03/18/2026 13:00,1238,552,655,0,31,0
03/18/2026 13:15,1090,562,509,0,19,0
03/18/2026 13:30,1102,576,524,0,2,0
03/18/2026 13:45,943,592,347,0,4,0
03/18/2026 14:00,991,778,188,0,25,0
03/18/2026 14:15,1069,723,335,0,11,0
03/18/2026 14:30,1243,720,523,0,0,0
03/18/2026 14:45,1242,562,671,0,9,0
03/18/2026 15:00,1187,562,614,0,11,0
03/18/2026 15:15,884,550,334,0,0,0
03/18/2026 15:30,916,546,360,0,10,0
03/18/2026 15:45,775,556,158,0,61,0
03/18/2026 16:00,629,572,619,0,2,564
03/18/2026 16:15,610,584,607,0,0,581
03/18/2026 16:30,587,575,583,0,0,571
03/18/2026 16:45,380,531,376,0,0,527
03/18/2026 17:00,317,531,311,0,0,525
03/18/2026 17:15,256,540,251,0,0,535
03/18/2026 17:30,164,743,155,0,0,734
03/18/2026 17:45,119,837,115,0,0,833
03/18/2026 18:00,62,754,62,0,0,754
03/18/2026 18:15,37,188,27,0,0,178
03/18/2026 18:30,20,600,8,0,0,588
03/18/2026 18:45,3,435,0,9,0,423
03/18/2026 19:00,0,703,0,4,0,699
03/18/2026 19:15,0,817,0,7,0,810
03/18/2026 19:30,0,694,0,0,0,694
03/18/2026 19:45,0,672,0,5,0,667
03/18/2026 20:00,0,759,0,674,4,89
03/18/2026 20:15,0,639,0,645,6,0
03/18/2026 20:30,0,860,0,866,6,0
03/18/2026 20:45,0,2276,0,2281,5,0
03/18/2026 21:00,0,2517,0,2522,5,0
03/18/2026 21:15,0,2392,0,2398,6,0
03/18/2026 21:30,0,1134,0,1140,6,0
03/18/2026 21:45,0,645,0,649,4,0
03/18/2026 22:00,0,310,0,316,6,0
03/18/2026 22:15,0,855,0,861,6,0
03/18/2026 22:30,0,320,0,325,5,0
03/18/2026 22:45,0,268,0,273,5,0
03/18/2026 23:00,0,0,0,0,0,0
03/18/2026 23:15,0,560,0,572,12,0
03/18/2026 23:30,0,319,0,325,6,0
03/18/2026 23:45,0,835,0,841,6,0
03/19/2026 00:00,0,547,0,553,6,0
03/19/2026 00:15,0,209,0,215,6,0
03/19/2026 00:30,0,678,0,684,6,0
03/19/2026 00:45,0,914,0,920,6,0
03/19/2026 01:00,0,717,0,723,6,0
03/19/2026 01:15,0,588,0,594,6,0
03/19/2026 01:30,0,581,0,587,6,0
03/19/2026 01:45,0,819,0,824,5,0
03/19/2026 02:00,0,565,0,570,5,0
03/19/2026 02:15,0,553,0,560,7,0
03/19/2026 02:30,0,647,0,652,5,0
03/19/2026 02:45,0,579,0,586,7,0
03/19/2026 03:00,0,871,0,876,5,0
03/19/2026 03:15,0,670,0,676,6,0
03/19/2026 03:30,0,543,0,549,6,0
03/19/2026 03:45,0,668,0,675,7,0
03/19/2026 04:00,0,692,0,699,7,0
03/19/2026 04:15,0,621,0,625,4,0
03/19/2026 04:30,0,681,0,687,6,0
03/19/2026 04:45,0,529,0,535,6,0
03/19/2026 05:00,0,625,0,631,6,0
03/19/2026 05:15,0,742,0,748,6,0
03/19/2026 05:30,0,617,0,623,6,0
03/19/2026 05:45,0,734,0,740,6,0
03/19/2026 06:00,0,566,0,572,6,0
03/19/2026 06:15,0,753,0,759,6,0
03/19/2026 06:30,0,628,0,634,6,0
03/19/2026 06:45,12,552,0,548,8,0
03/19/2026 07:00,64,582,0,570,52,0
03/19/2026 07:15,177,631,0,629,175,0
03/19/2026 07:30,230,628,0,627,229,0
03/19/2026 07:45,273,624,0,624,273,0
03/19/2026 08:00,536,607,0,559,488,0
03/19/2026 08:15,684,601,0,461,544,0
03/19/2026 08:30,428,583,0,599,444,0
03/19/2026 08:45,380,585,0,594,389,0
03/19/2026 09:00,418,601,0,590,407,0
03/19/2026 09:15,585,597,0,583,571,0
03/19/2026 09:30,907,561,0,519,865,0
03/19/2026 09:45,826,548,0,581,859,0
03/19/2026 10:00,668,551,0,562,679,0
03/19/2026 10:15,676,596,0,596,676,0
03/19/2026 10:30,546,612,0,623,557,0
03/19/2026 10:45,539,529,0,526,536,0
03/19/2026 11:00,581,544,0,535,572,0
03/19/2026 11:15,597,563,0,563,597,0
03/19/2026 11:30,568,540,0,544,572,0
03/19/2026 11:45,646,540,0,535,641,0
03/19/2026 12:00,744,539,0,535,740,0
03/19/2026 12:15,758,575,0,469,652,0
03/19/2026 12:30,814,545,0,90,359,0
03/19/2026 12:45,996,561,421,0,14,0
03/19/2026 13:00,935,585,324,0,26,0
03/19/2026 13:15,904,595,309,0,0,0
03/19/2026 13:30,642,560,30,0,52,0
03/19/2026 13:45,525,551,0,26,0,0
03/19/2026 14:00,465,699,0,254,20,0
03/19/2026 14:15,609,666,0,78,21,0
03/19/2026 14:30,587,693,0,130,24,0
03/19/2026 14:45,569,554,15,0,0,0
03/19/2026 15:00,502,571,0,89,20,0
03/19/2026 15:15,528,574,0,67,21,0
03/19/2026 15:30,487,578,0,91,0,0
03/19/2026 15:45,360,585,0,240,15,0
03/19/2026 16:00,331,675,339,0,0,683
03/19/2026 16:15,279,560,277,0,0,558
03/19/2026 16:30,203,540,198,0,0,535
03/19/2026 16:45,126,547,120,0,0,541
03/19/2026 17:00,92,577,87,0,0,572
03/19/2026 17:15,70,622,67,0,0,619
03/19/2026 17:30,42,608,36,0,0,602
03/19/2026 17:45,23,597,16,0,0,590
03/19/2026 18:00,13,767,15,0,0,769
03/19/2026 18:15,6,162,0,0,0,156
03/19/2026 18:30,0,413,0,15,0,398
03/19/2026 18:45,0,621,0,2,0,619
03/19/2026 19:00,0,576,0,0,0,576
03/19/2026 19:15,0,315,0,2,0,313
03/19/2026 19:30,0,850,0,7,0,843
03/19/2026 19:45,0,713,0,3,0,710
03/19/2026 20:00,0,701,0,652,6,55
03/19/2026 20:15,0,851,0,856,5,0
03/19/2026 20:30,0,954,0,959,5,0
03/19/2026 20:45,0,1259,0,1265,6,0
03/19/2026 21:00,1,837,0,841,5,0
03/19/2026 21:15,0,612,0,618,6,0
03/19/2026 21:30,0,712,0,718,6,0
03/19/2026 21:45,0,956,0,962,6,0
03/19/2026 22:00,0,381,0,385,4,0
03/19/2026 22:15,0,157,0,163,6,0
03/19/2026 22:30,0,446,0,452,6,0
03/19/2026 22:45,0,354,0,360,6,0
03/19/2026 23:00,0,148,0,153,5,0
03/19/2026 23:15,0,149,0,154,5,0
03/19/2026 23:30,0,438,0,444,6,0
03/19/2026 23:45,0,304,0,310,6,0
03/20/2026 00:00,0,536,0,542,6,0
03/20/2026 00:15,0,711,0,717,6,0
03/20/2026 00:30,0,466,0,472,6,0
03/20/2026 00:45,0,548,0,554,6,0
03/20/2026 01:00,0,576,0,582,6,0
03/20/2026 01:15,0,551,0,557,6,0
03/20/2026 01:30,0,755,0,761,6,0
03/20/2026 01:45,0,559,0,565,6,0
03/20/2026 02:00,0,600,0,606,6,0
03/20/2026 02:15,0,566,0,572,6,0
03/20/2026 02:30,0,561,0,567,6,0
03/20/2026 02:45,0,580,0,586,6,0
03/20/2026 03:00,0,603,0,609,6,0
03/20/2026 03:15,0,586,0,592,6,0
03/20/2026 03:30,0,617,0,623,6,0
03/20/2026 03:45,0,548,0,554,6,0
03/20/2026 04:00,0,581,0,587,6,0
03/20/2026 04:15,0,650,0,656,6,0
03/20/2026 04:30,0,580,0,586,6,0
03/20/2026 04:45,0,723,0,729,6,0
03/20/2026 05:00,0,544,0,551,7,0
03/20/2026 05:15,0,592,0,598,6,0
03/20/2026 05:30,0,552,0,559,7,0
03/20/2026 05:45,0,551,0,557,6,0
03/20/2026 06:00,0,588,0,594,6,0
03/20/2026 06:15,0,819,0,825,6,0
03/20/2026 06:30,0,607,0,613,6,0
03/20/2026 06:45,4,531,0,533,6,0
03/20/2026 07:00,48,556,0,544,36,0
03/20/2026 07:15,160,595,0,585,150,0
03/20/2026 07:30,253,633,0,623,243,0
03/20/2026 07:45,366,316,0,306,356,0
03/20/2026 08:00,477,170,0,160,467,0
03/20/2026 08:15,547,130,0,122,539,0
03/20/2026 08:30,602,726,0,715,591,0
03/20/2026 08:45,646,721,0,713,638,0
03/20/2026 09:00,685,452,0,445,678,0
03/20/2026 09:15,705,1437,0,1434,702,0
03/20/2026 09:30,739,2208,0,2201,732,0
03/20/2026 09:45,798,962,0,955,791,0
03/20/2026 10:00,847,449,0,439,837,0
03/20/2026 10:15,935,463,0,458,930,0
03/20/2026 10:30,1051,453,0,442,1040,0
03/20/2026 10:45,1151,820,0,701,1032,0
03/20/2026 11:00,1243,1706,0,1318,855,0
03/20/2026 11:15,1325,1923,0,1009,411,0
03/20/2026 11:30,1361,657,692,0,12,0
03/20/2026 11:45,1408,567,815,0,26,0
03/20/2026 12:00,1433,947,432,0,54,0
03/20/2026 12:15,1459,1381,46,0,32,0
03/20/2026 12:30,1485,1358,127,0,0,0
03/20/2026 12:45,1487,1136,343,0,8,0
03/20/2026 13:00,1477,1100,340,0,37,0
03/20/2026 13:15,1463,1110,348,0,5,0
03/20/2026 13:30,1405,1083,308,0,14,0
03/20/2026 13:45,1327,1092,215,0,20,0
03/20/2026 14:00,1295,1474,0,188,9,0
03/20/2026 14:15,711,1586,0,878,3,0
03/20/2026 14:30,706,1329,0,633,10,0
03/20/2026 14:45,757,1332,0,608,33,0
03/20/2026 15:00,428,1353,0,925,0,0
03/20/2026 15:15,567,1307,0,750,10,0
03/20/2026 15:30,551,1303,0,775,23,0
03/20/2026 15:45,460,1312,0,858,6,0
03/20/2026 16:00,378,227,394,0,0,243
03/20/2026 16:15,310,148,304,0,0,142
03/20/2026 16:30,274,185,268,0,0,179
03/20/2026 16:45,256,195,252,0,0,191
03/20/2026 17:00,195,147,189,0,0,141
03/20/2026 17:15,129,148,123,0,0,142
03/20/2026 17:30,132,203,121,0,0,192
03/20/2026 17:45,74,766,67,0,0,759
03/20/2026 18:00,49,675,51,0,0,677
03/20/2026 18:15,21,446,10,0,0,435
03/20/2026 18:30,4,510,0,4,0,502
03/20/2026 18:45,0,275,0,3,0,272
03/20/2026 19:00,0,567,0,6,0,561
03/20/2026 19:15,0,270,0,5,0,265
03/20/2026 19:30,0,275,0,6,0,269
03/20/2026 19:45,0,459,0,7,0,452
03/20/2026 20:00,0,689,0,199,20,510
03/20/2026 20:15,0,1172,5,0,0,1177
03/20/2026 20:30,0,669,0,1,0,668
03/20/2026 20:45,0,660,0,6,0,654
03/20/2026 21:00,0,592,0,4,0,588
03/20/2026 21:15,0,257,0,5,0,252
03/20/2026 21:30,0,279,0,8,0,271
03/20/2026 21:45,0,416,0,6,0,410
03/20/2026 22:00,0,379,0,9,0,370
03/20/2026 22:15,1,821,0,9,0,811
03/20/2026 22:30,0,615,0,10,0,605
03/20/2026 22:45,0,257,0,3,0,254
03/20/2026 23:00,0,185,0,7,0,178
03/20/2026 23:15,0,395,0,11,0,384
03/20/2026 23:30,0,516,0,236,10,290
03/20/2026 23:45,0,186,0,192,6,0
03/21/2026 00:00,0,154,0,160,6,0
03/21/2026 00:15,0,155,0,161,6,0
03/21/2026 00:30,0,499,0,505,6,0
03/21/2026 00:45,0,504,0,510,6,0
03/21/2026 01:00,0,149,0,155,6,0
03/21/2026 01:15,0,172,0,178,6,0
03/21/2026 01:30,0,316,0,322,6,0
03/21/2026 01:45,0,322,0,328,6,0
03/21/2026 02:00,0,168,0,174,6,0
03/21/2026 02:15,0,182,0,188,6,0
03/21/2026 02:30,0,319,0,327,8,0
03/21/2026 02:45,0,698,0,800,102,0
03/21/2026 03:00,0,209,0,216,7,0
03/21/2026 03:15,0,179,0,185,6,0
03/21/2026 03:30,0,161,0,168,7,0
03/21/2026 03:45,0,501,0,507,6,0
03/21/2026 04:00,0,160,0,166,6,0
03/21/2026 04:15,0,490,0,578,88,0
03/21/2026 04:30,0,570,0,576,6,0
03/21/2026 04:45,0,438,0,444,6,0
03/21/2026 05:00,0,502,0,508,6,0
03/21/2026 05:15,0,556,0,648,92,0
03/21/2026 05:30,0,487,0,493,6,0
03/21/2026 05:45,0,452,0,458,6,0
03/21/2026 06:00,0,453,0,459,6,0
03/21/2026 06:15,0,476,0,483,7,0
03/21/2026 06:30,0,271,0,360,89,0
03/21/2026 06:45,0,159,0,165,6,0
03/21/2026 07:00,0,185,0,191,6,0
03/21/2026 07:15,16,236,0,230,10,0
03/21/2026 07:30,34,281,0,272,25,0
03/21/2026 07:45,50,214,0,206,42,0
03/21/2026 08:00,63,156,0,149,56,0
03/21/2026 08:15,112,249,0,240,103,0
03/21/2026 08:30,171,284,0,273,160,0
03/21/2026 08:45,258,327,0,321,252,0
03/21/2026 09:00,423,929,0,925,419,0
03/21/2026 09:15,546,683,0,684,547,0
03/21/2026 09:30,640,987,0,988,641,0
03/21/2026 09:45,587,156,0,165,596,0
03/21/2026 10:00,755,138,0,137,754,0
03/21/2026 10:15,780,169,0,174,785,0
03/21/2026 10:30,868,220,0,222,870,0
03/21/2026 10:45,1220,189,0,188,1219,0
03/21/2026 11:00,1248,154,0,154,1248,0
03/21/2026 11:15,1432,124,0,115,1423,0
03/21/2026 11:30,1189,146,0,150,1193,0
03/21/2026 11:45,1410,136,0,139,1413,0
03/21/2026 12:00,1056,432,0,431,1055,0
03/21/2026 12:15,999,446,0,393,946,0
03/21/2026 12:30,1367,171,797,0,399,0
03/21/2026 12:45,1536,379,954,0,203,0
03/21/2026 13:00,1298,1273,0,137,162,0
03/21/2026 13:15,1614,1343,170,0,101,0
03/21/2026 13:30,1419,1188,130,0,101,0
03/21/2026 13:45,1175,1245,0,203,133,0
03/21/2026 14:00,1126,1635,0,608,99,0
03/21/2026 14:15,1082,1563,0,493,12,0
03/21/2026 14:30,1201,1217,0,16,0,0
03/21/2026 14:45,1190,1251,0,83,22,0
03/21/2026 15:00,1095,1059,17,0,19,0
03/21/2026 15:15,978,1034,0,57,1,0
03/21/2026 15:30,840,1003,0,173,10,0
03/21/2026 15:45,719,989,0,310,40,0
03/21/2026 16:00,605,164,587,0,4,150
03/21/2026 16:15,531,493,520,0,0,482
03/21/2026 16:30,467,300,466,0,0,299
03/21/2026 16:45,400,134,397,0,0,131
03/21/2026 17:00,267,384,261,0,0,378
03/21/2026 17:15,176,325,169,0,0,318
03/21/2026 17:30,146,226,136,0,0,216
03/21/2026 17:45,187,224,182,0,0,219
03/21/2026 18:00,126,576,115,0,0,565
03/21/2026 18:15,76,225,76,0,0,225
03/21/2026 18:30,33,203,25,0,0,195
03/21/2026 18:45,2,517,0,7,0,508
03/21/2026 19:00,0,521,0,7,0,514
03/21/2026 19:15,0,222,3,0,0,225
03/21/2026 19:30,0,203,0,3,0,200
03/21/2026 19:45,0,251,0,5,0,246
03/21/2026 20:00,0,235,1,22,22,236
03/21/2026 20:15,0,561,0,10,0,551
03/21/2026 20:30,0,793,0,2,0,791
03/21/2026 20:45,0,1169,0,18,0,1151
03/21/2026 21:00,0,1896,0,0,0,1896
03/21/2026 21:15,0,969,2,0,0,971
03/21/2026 21:30,0,701,0,8,0,693
03/21/2026 21:45,0,576,0,5,0,571
03/21/2026 22:00,0,264,0,3,0,261
03/21/2026 22:15,0,509,0,13,0,496
03/21/2026 22:30,0,293,0,1,0,292
03/21/2026 22:45,0,224,0,166,46,104
03/21/2026 23:00,0,235,0,241,6,0
03/21/2026 23:15,0,641,0,647,6,0
03/21/2026 23:30,0,350,0,356,6,0
03/21/2026 23:45,0,640,0,646,6,0
03/22/2026 00:00,0,450,0,456,6,0
03/22/2026 00:15,0,152,0,158,6,0
03/22/2026 00:30,0,155,0,161,6,0
03/22/2026 00:45,0,517,0,522,5,0
03/22/2026 01:00,0,261,0,267,6,0
03/22/2026 01:15,0,492,0,498,6,0
03/22/2026 01:30,0,583,0,589,6,0
03/22/2026 01:45,0,362,0,369,7,0
03/22/2026 02:00,0,368,0,450,82,0
03/22/2026 02:15,0,689,0,696,7,0
03/22/2026 02:30,0,611,0,617,6,0
03/22/2026 02:45,0,534,0,541,7,0
03/22/2026 03:00,0,628,0,706,78,0
03/22/2026 03:15,0,647,0,653,6,0
03/22/2026 03:30,0,543,0,550,7,0
03/22/2026 03:45,0,587,0,593,6,0
03/22/2026 04:00,0,561,0,567,6,0
03/22/2026 04:15,0,537,0,617,80,0
03/22/2026 04:30,0,670,0,676,6,0
03/22/2026 04:45,0,158,0,165,7,0
03/22/2026 05:00,0,137,0,143,6,0
03/22/2026 05:15,0,452,0,530,78,0
03/22/2026 05:30,0,459,0,466,7,0
03/22/2026 05:45,0,235,0,241,6,0
03/22/2026 06:00,0,667,0,673,6,0
03/22/2026 06:15,0,154,0,240,86,0
03/22/2026 06:30,0,555,0,561,6,0
03/22/2026 06:45,0,573,0,580,7,0
03/22/2026 07:00,0,539,0,545,6,0
03/22/2026 07:15,0,544,0,551,7,0
03/22/2026 07:30,29,548,0,540,21,0
03/22/2026 07:45,35,724,0,719,30,0
03/22/2026 08:00,47,553,0,553,47,0
03/22/2026 08:15,43,203,0,196,36,0
03/22/2026 08:30,64,184,0,184,64,0
03/22/2026 08:45,51,266,0,271,56,0
03/22/2026 09:00,55,180,0,180,55,0
03/22/2026 09:15,107,193,0,191,105,0
03/22/2026 09:30,61,133,0,134,62,0
03/22/2026 09:45,80,167,0,169,82,0
03/22/2026 10:00,120,408,0,409,121,0
03/22/2026 10:15,158,808,0,803,153,0
03/22/2026 10:30,172,659,0,656,169,0
03/22/2026 10:45,150,683,0,683,150,0
03/22/2026 11:00,145,215,0,208,138,0
03/22/2026 11:15,216,164,0,160,212,0
03/22/2026 11:30,245,151,0,153,247,0
03/22/2026 11:45,260,306,0,306,260,0
03/22/2026 12:00,301,813,0,811,299,0
03/22/2026 12:15,298,832,0,836,302,0
03/22/2026 12:30,166,553,0,562,175,0
03/22/2026 12:45,92,672,0,675,95,0
03/22/2026 13:00,151,649,0,643,145,0
03/22/2026 13:15,168,923,0,924,169,0
03/22/2026 13:30,179,574,0,572,177,0
03/22/2026 13:45,146,589,0,1446,1003,0
03/22/2026 14:00,142,869,0,2269,1542,0
03/22/2026 14:15,284,950,0,2326,1660,0
03/22/2026 14:30,195,922,0,2440,1713,0
03/22/2026 14:45,128,371,0,1956,1713,0
03/22/2026 15:00,83,554,0,2125,1654,0
03/22/2026 15:15,127,587,0,1961,1501,0
03/22/2026 15:30,49,554,0,1461,956,0
03/22/2026 15:45,59,306,0,384,137,0
03/22/2026 16:00,96,180,85,0,2,171
03/22/2026 16:15,113,495,107,0,0,489
03/22/2026 16:30,104,230,103,0,0,229
03/22/2026 16:45,80,160,76,0,0,156
03/22/2026 17:00,66,488,51,0,0,473
03/22/2026 17:15,31,296,36,0,0,301
03/22/2026 17:30,10,186,7,0,0,183
03/22/2026 17:45,3,252,0,11,0,238
03/22/2026 18:00,4,708,0,13,0,691
03/22/2026 18:15,7,411,13,0,0,417
03/22/2026 18:30,1,379,0,12,0,366
03/22/2026 18:45,0,222,1,0,0,223
03/22/2026 19:00,0,244,0,7,0,237
03/22/2026 19:15,0,268,0,0,0,268
03/22/2026 19:30,0,632,0,10,0,622
03/22/2026 19:45,0,536,0,4,0,532
03/22/2026 20:00,0,544,0,22,12,534
03/22/2026 20:15,0,667,0,6,0,661
03/22/2026 20:30,0,486,0,5,0,481
03/22/2026 20:45,0,479,0,6,0,473
03/22/2026 21:00,0,307,0,7,0,300
03/22/2026 21:15,0,549,0,8,0,541
03/22/2026 21:30,0,469,0,7,0,462
03/22/2026 21:45,0,377,0,4,0,373
03/22/2026 22:00,0,464,0,4,0,460
03/22/2026 22:15,0,384,0,9,0,375
03/22/2026 22:30,0,488,0,9,0,479
03/22/2026 22:45,0,572,0,7,0,565
03/22/2026 23:00,0,228,0,4,0,224
03/22/2026 23:15,0,385,0,14,0,371
03/22/2026 23:30,0,227,0,2,0,225
03/22/2026 23:45,0,151,0,4,0,147
03/23/2026 00:00,0,163,0,4,0,159
03/23/2026 00:15,0,282,0,11,0,271
03/23/2026 00:30,0,476,0,430,14,60
03/23/2026 00:45,0,578,0,584,6,0
03/23/2026 01:00,0,335,0,341,6,0
03/23/2026 01:15,0,513,0,519,6,0
03/23/2026 01:30,0,152,0,158,6,0
03/23/2026 01:45,0,418,0,424,6,0
03/23/2026 02:00,0,662,0,668,6,0
03/23/2026 02:15,0,521,0,528,7,0
03/23/2026 02:30,0,563,0,570,7,0
03/23/2026 02:45,0,677,0,683,6,0
03/23/2026 03:00,0,578,0,584,6,0
03/23/2026 03:15,0,546,0,552,6,0
03/23/2026 03:30,0,568,0,574,6,0
03/23/2026 03:45,0,587,0,669,82,0
03/23/2026 04:00,0,548,0,554,6,0
03/23/2026 04:15,0,545,0,551,6,0
03/23/2026 04:30,0,688,0,694,6,0
03/23/2026 04:45,0,540,0,546,6,0
03/23/2026 05:00,0,343,0,426,83,0
03/23/2026 05:15,0,227,0,233,6,0
03/23/2026 05:30,0,486,0,492,6,0
03/23/2026 05:45,0,155,0,162,7,0
03/23/2026 06:00,0,181,0,256,75,0
03/23/2026 06:15,0,672,0,678,6,0
03/23/2026 06:30,0,498,0,504,6,0
03/23/2026 06:45,0,170,0,176,6,0
03/23/2026 07:00,0,176,0,218,42,0
03/23/2026 07:15,0,221,0,254,33,0
03/23/2026 07:30,0,215,0,221,6,0
03/23/2026 07:45,14,198,0,193,9,0
03/23/2026 08:00,20,284,0,286,22,0
03/23/2026 08:15,53,716,0,709,46,0
03/23/2026 08:30,45,574,0,580,51,0
03/23/2026 08:45,76,517,0,507,66,0
03/23/2026 09:00,68,548,0,550,70,0
03/23/2026 09:15,81,591,0,589,79,0
03/23/2026 09:30,116,583,0,578,111,0
03/23/2026 09:45,142,578,0,577,141,0
03/23/2026 10:00,133,606,0,608,135,0
03/23/2026 10:15,154,563,0,563,154,0
03/23/2026 10:30,183,529,0,529,183,0
03/23/2026 10:45,319,567,0,565,317,0
03/23/2026 11:00,408,579,0,577,406,0
03/23/2026 11:15,337,561,0,566,342,0
03/23/2026 11:30,262,571,0,570,261,0
03/23/2026 11:45,266,555,0,556,267,0
03/23/2026 12:00,263,530,0,530,263,0
03/23/2026 12:15,275,607,0,607,275,0
03/23/2026 12:30,238,566,0,567,239,0
03/23/2026 12:45,226,547,0,548,227,0
03/23/2026 13:00,238,557,0,558,239,0
03/23/2026 13:15,292,615,0,616,293,0
03/23/2026 13:30,227,589,0,590,228,0
03/23/2026 13:45,228,562,0,592,258,0
03/23/2026 14:00,274,774,0,701,201,0
03/23/2026 14:15,388,669,0,481,200,0
03/23/2026 14:30,301,647,0,545,199,0
03/23/2026 14:45,220,529,0,509,200,0
03/23/2026 15:00,255,555,0,499,199,0
03/23/2026 15:15,228,569,0,541,200,0
03/23/2026 15:30,134,578,0,642,198,0
03/23/2026 15:45,141,599,0,657,199,0
03/23/2026 16:00,152,579,94,0,12,533
03/23/2026 16:15,190,540,188,0,0,538
03/23/2026 16:30,201,532,195,0,0,526
03/23/2026 16:45,195,577,191,0,0,573
03/23/2026 17:00,134,607,130,0,0,603
03/23/2026 17:15,73,757,64,0,0,748
03/23/2026 17:30,54,679,56,0,0,681
03/23/2026 17:45,38,610,34,0,0,606
03/23/2026 18:00,38,901,0,621,4,246
03/23/2026 18:15,11,604,0,597,4,0
03/23/2026 18:30,3,653,0,656,6,0
03/23/2026 18:45,0,615,0,621,6,0
03/23/2026 19:00,0,1057,0,1061,4,0
03/23/2026 19:15,0,760,0,766,6,0
03/23/2026 19:30,0,825,0,831,6,0
03/23/2026 19:45,0,798,0,803,5,0
03/23/2026 20:00,0,682,0,688,6,0
03/23/2026 20:15,0,887,0,892,5,0
03/23/2026 20:30,0,617,0,623,6,0
03/23/2026 20:45,0,1674,0,1679,5,0
03/23/2026 21:00,0,1984,0,1990,6,0
03/23/2026 21:15,0,415,0,489,74,0
03/23/2026 21:30,0,1004,0,1010,6,0
03/23/2026 21:45,0,753,0,759,6,0
03/23/2026 22:00,0,222,0,228,6,0
03/23/2026 22:15,0,715,0,777,62,0
03/23/2026 22:30,0,781,0,787,6,0
03/23/2026 22:45,0,574,0,580,6,0
03/23/2026 23:00,0,641,0,706,65,0
03/23/2026 23:15,0,226,0,232,6,0
03/23/2026 23:30,0,806,0,812,6,0
03/23/2026 23:45,0,421,0,427,6,0
03/24/2026 00:00,0,187,0,257,70,0
03/24/2026 00:15,0,524,0,529,5,0
03/24/2026 00:30,0,336,0,341,5,0
03/24/2026 00:45,0,701,0,751,50,0
03/24/2026 01:00,0,305,0,310,5,0
03/24/2026 01:15,0,532,0,587,55,0
03/24/2026 01:30,0,670,0,676,6,0
03/24/2026 01:45,0,862,0,868,6,0
03/24/2026 02:00,0,631,0,636,5,0
03/24/2026 02:15,0,512,0,562,50,0
03/24/2026 02:30,0,723,0,728,5,0
03/24/2026 02:45,0,615,0,671,56,0
03/24/2026 03:00,0,749,0,754,5,0
03/24/2026 03:15,0,553,0,559,6,0
03/24/2026 03:30,0,625,0,631,6,0
03/24/2026 03:45,0,654,0,702,48,0
03/24/2026 04:00,0,543,0,549,6,0
03/24/2026 04:15,0,703,0,709,6,0
03/24/2026 04:30,0,615,0,663,48,0
03/24/2026 04:45,0,726,0,732,6,0
03/24/2026 05:00,0,523,0,529,6,0
03/24/2026 05:15,0,543,0,588,45,0
03/24/2026 05:30,0,626,0,632,6,0
03/24/2026 05:45,0,714,0,719,5,0
03/24/2026 06:00,0,738,0,781,43,0
03/24/2026 06:15,0,523,0,528,5,0
03/24/2026 06:30,0,559,0,610,51,0
03/24/2026 06:45,0,622,0,627,5,0
03/24/2026 07:00,0,570,0,575,5,0
03/24/2026 07:15,28,294,0,289,23,0
03/24/2026 07:30,99,175,0,169,93,0
03/24/2026 07:45,174,164,0,162,172,0
03/24/2026 08:00,273,172,0,165,266,0
03/24/2026 08:15,446,144,0,135,437,0
03/24/2026 08:30,542,138,0,134,538,0
03/24/2026 08:45,655,149,0,146,652,0
03/24/2026 09:00,499,172,0,175,502,0
03/24/2026 09:15,666,190,0,188,664,0
03/24/2026 09:30,682,515,0,509,676,0
03/24/2026 09:45,704,669,0,671,706,0
03/24/2026 10:00,725,510,0,503,718,0
03/24/2026 10:15,981,516,0,481,946,0
03/24/2026 10:30,892,544,0,475,823,0
03/24/2026 10:45,963,534,0,455,884,0
03/24/2026 11:00,1143,544,0,409,1008,0
03/24/2026 11:15,997,548,0,449,898,0
03/24/2026 11:30,1077,530,0,411,958,0
03/24/2026 11:45,1592,539,0,177,1230,0
03/24/2026 12:00,1476,555,0,215,1136,0
03/24/2026 12:15,1130,502,0,68,696,0
03/24/2026 12:30,1341,477,452,0,412,0
03/24/2026 12:45,873,477,157,0,239,0
03/24/2026 13:00,1027,474,423,0,130,0
03/24/2026 13:15,1014,487,427,0,100,0
03/24/2026 13:30,1634,470,1089,0,75,0
03/24/2026 13:45,1197,532,650,0,15,0
03/24/2026 14:00,1487,590,851,0,46,0
03/24/2026 14:15,1232,451,755,0,26,0
03/24/2026 14:30,1340,451,865,0,24,0
03/24/2026 14:45,1278,430,808,0,40,0
03/24/2026 15:00,1131,414,717,0,0,0
03/24/2026 15:15,1002,413,580,0,9,0
03/24/2026 15:30,879,418,452,0,9,0
03/24/2026 15:45,754,422,299,0,33,0
03/24/2026 16:00,648,398,618,0,2,370
03/24/2026 16:15,566,400,561,0,0,395
03/24/2026 16:30,497,418,492,0,0,413
03/24/2026 16:45,414,155,413,0,0,154
03/24/2026 17:00,281,309,268,0,0,296
03/24/2026 17:15,201,450,197,0,0,446
03/24/2026 17:30,172,432,165,0,0,425
03/24/2026 17:45,137,384,133,0,0,380
03/24/2026 18:00,79,531,68,0,0,520
03/24/2026 18:15,52,155,53,0,0,156
03/24/2026 18:30,28,153,21,0,0,146
03/24/2026 18:45,8,325,0,3,0,314
03/24/2026 19:00,0,733,0,11,0,722
03/24/2026 19:15,0,754,0,8,0,746
03/24/2026 19:30,0,550,0,1,0,549
03/24/2026 19:45,0,420,0,1,0,419
03/24/2026 20:00,0,300,0,16,13,297
03/24/2026 20:15,0,549,1,0,0,550
03/24/2026 20:30,0,1145,0,16,0,1129
03/24/2026 20:45,0,1772,0,4,0,1768
03/24/2026 21:00,0,1098,1,0,0,1099
03/24/2026 21:15,0,1022,0,17,0,1005
03/24/2026 21:30,0,986,0,454,6,538
03/24/2026 21:45,0,605,0,610,5,0
03/24/2026 22:00,0,181,0,187,6,0
03/24/2026 22:15,0,172,0,178,6,0
03/24/2026 22:30,0,319,0,324,5,0
03/24/2026 22:45,0,691,0,697,6,0
03/24/2026 23:00,0,218,0,224,6,0
03/24/2026 23:15,0,122,0,128,6,0
03/24/2026 23:30,0,259,0,264,5,0
03/24/2026 23:45,0,427,0,433,6,0
03/25/2026 00:00,0,159,0,164,5,0
03/25/2026 00:15,0,151,0,157,6,0
03/25/2026 00:30,0,549,0,555,6,0
03/25/2026 00:45,0,479,0,484,5,0
03/25/2026 01:00,0,144,0,239,95,0
03/25/2026 01:15,0,500,0,506,6,0
03/25/2026 01:30,0,496,0,502,6,0
03/25/2026 01:45,0,580,0,586,6,0
03/25/2026 02:00,0,597,0,603,6,0
03/25/2026 02:15,0,590,0,671,81,0
03/25/2026 02:30,0,589,0,595,6,0
03/25/2026 02:45,0,562,0,568,6,0
03/25/2026 03:00,0,607,0,612,5,0
03/25/2026 03:15,0,653,0,659,6,0
03/25/2026 03:30,0,618,0,623,5,0
03/25/2026 03:45,0,558,0,636,78,0
03/25/2026 04:00,0,541,0,547,6,0
03/25/2026 04:15,0,607,0,613,6,0
03/25/2026 04:30,0,532,0,538,6,0
03/25/2026 04:45,0,605,0,680,75,0
03/25/2026 05:00,0,761,0,767,6,0
03/25/2026 05:15,0,542,0,548,6,0
03/25/2026 05:30,0,536,0,542,6,0
03/25/2026 05:45,0,594,0,618,24,0
03/25/2026 06:00,0,584,0,625,41,0
03/25/2026 06:15,0,523,0,529,6,0
03/25/2026 06:30,1,660,0,664,5,0
03/25/2026 06:45,40,583,0,588,45,0
03/25/2026 07:00,151,578,0,569,142,0
03/25/2026 07:15,235,631,0,627,231,0
03/25/2026 07:30,276,638,0,638,276,0
03/25/2026 07:45,300,593,0,589,296,0
03/25/2026 08:00,574,585,0,583,572,0
03/25/2026 08:15,633,572,0,572,633,0
03/25/2026 08:30,664,166,0,163,661,0
03/25/2026 08:45,722,217,0,213,718,0
03/25/2026 09:00,732,177,0,177,732,0
03/25/2026 09:15,750,151,0,154,753,0
03/25/2026 09:30,795,150,0,147,792,0
03/25/2026 09:45,908,127,0,125,906,0
03/25/2026 10:00,941,128,0,128,941,0
03/25/2026 10:15,1067,121,0,118,1064,0
03/25/2026 10:30,1199,126,0,121,1194,0
03/25/2026 10:45,1271,194,0,193,1270,0
03/25/2026 11:00,1329,636,0,632,1325,0
03/25/2026 11:15,1369,455,0,275,1189,0
03/25/2026 11:30,1388,430,109,0,849,0
03/25/2026 11:45,1479,409,828,0,242,0
03/25/2026 12:00,1518,421,1073,0,24,0
03/25/2026 12:15,1500,435,1038,0,27,0
03/25/2026 12:30,1562,419,1105,0,38,0
03/25/2026 12:45,1616,404,1203,0,9,0
03/25/2026 13:00,1567,390,1152,0,25,0
03/25/2026 13:15,1379,417,930,0,32,0
03/25/2026 13:30,1341,394,944,0,3,0
03/25/2026 13:45,1217,387,819,0,11,0
03/25/2026 14:00,1344,454,880,0,10,0
03/25/2026 14:15,1313,427,886,0,0,0
03/25/2026 14:30,1258,356,892,0,10,0
03/25/2026 14:45,1248,354,892,0,2,0
03/25/2026 15:00,1121,508,605,0,8,0
03/25/2026 15:15,1000,369,625,0,6,0
03/25/2026 15:30,860,306,551,0,3,0
03/25/2026 15:45,751,120,573,0,58,0
03/25/2026 16:00,651,143,629,0,6,127
03/25/2026 16:15,569,120,565,0,0,116
03/25/2026 16:30,502,350,488,0,0,336
03/25/2026 16:45,411,425,410,0,0,424
03/25/2026 17:00,295,118,291,0,0,114
03/25/2026 17:15,218,117,213,0,0,112
03/25/2026 17:30,178,405,162,0,0,389
03/25/2026 17:45,88,538,89,0,0,539
03/25/2026 18:00,108,460,105,0,0,457
03/25/2026 18:15,79,123,78,0,0,122
03/25/2026 18:30,30,410,17,0,0,397
03/25/2026 18:45,5,164,3,0,0,162
03/25/2026 19:00,0,429,0,17,0,412
03/25/2026 19:15,0,269,0,0,0,269
03/25/2026 19:30,0,475,0,12,0,463
03/25/2026 19:45,0,689,0,1,0,688
03/25/2026 20:00,0,483,0,21,12,474
03/25/2026 20:15,0,499,0,6,0,493
03/25/2026 20:30,0,218,0,5,0,213
03/25/2026 20:45,0,369,0,7,0,362
03/25/2026 21:00,0,589,0,8,0,581
03/25/2026 21:15,0,442,0,4,0,438
03/25/2026 21:30,0,620,0,8,0,612
03/25/2026 21:45,0,329,0,4,0,325
03/25/2026 22:00,0,221,0,4,0,217
03/25/2026 22:15,0,501,0,9,0,492
03/25/2026 22:30,0,263,0,6,0,257
03/25/2026 22:45,0,389,0,3,0,386
03/25/2026 23:00,0,378,0,8,0,370
03/25/2026 23:15,0,387,0,5,0,382
03/25/2026 23:30,0,482,0,8,0,474
03/25/2026 23:45,0,125,0,4,0,121
03/26/2026 00:00,0,124,0,7,0,117
03/26/2026 00:15,0,228,0,10,0,218
03/26/2026 00:30,0,373,0,6,0,367
03/26/2026 00:45,0,125,0,5,0,120
03/26/2026 01:00,0,150,0,5,0,145
03/26/2026 01:15,0,330,0,12,0,318
03/26/2026 01:30,0,303,0,219,24,108
03/26/2026 01:45,0,458,0,464,6,0
03/26/2026 02:00,0,512,0,518,6,0
03/26/2026 02:15,0,505,0,513,8,0
03/26/2026 02:30,0,431,0,437,6,0
03/26/2026 02:45,0,469,0,475,6,0
03/26/2026 03:00,0,445,0,451,6,0
03/26/2026 03:15,0,494,0,502,8,0
03/26/2026 03:30,0,421,0,427,6,0
03/26/2026 03:45,0,457,0,463,6,0
03/26/2026 04:00,0,500,0,508,8,0
03/26/2026 04:15,0,441,0,447,6,0
03/26/2026 04:30,0,307,0,313,6,0
03/26/2026 04:45,0,118,0,124,6,0
03/26/2026 05:00,0,306,0,394,88,0
03/26/2026 05:15,0,230,0,238,8,0
03/26/2026 05:30,0,145,0,151,6,0
03/26/2026 05:45,0,116,0,124,8,0
03/26/2026 06:00,0,332,0,338,6,0
03/26/2026 06:15,0,468,0,556,88,0
03/26/2026 06:30,0,178,0,184,6,0
03/26/2026 06:45,0,170,0,176,6,0
03/26/2026 07:00,0,153,0,161,8,0
03/26/2026 07:15,0,185,0,191,6,0
03/26/2026 07:30,14,180,0,248,82,0
03/26/2026 07:45,84,590,0,582,76,0
03/26/2026 08:00,127,453,0,452,126,0
03/26/2026 08:15,153,377,0,376,152,0
03/26/2026 08:30,139,400,0,394,133,0
03/26/2026 08:45,398,459,0,454,393,0
03/26/2026 09:00,333,409,0,405,329,0
03/26/2026 09:15,421,413,0,411,419,0
03/26/2026 09:30,616,437,0,437,616,0
03/26/2026 09:45,859,408,0,412,863,0
03/26/2026 10:00,1140,378,0,371,1133,0
03/26/2026 10:15,923,363,0,371,931,0
03/26/2026 10:30,1112,370,0,373,1115,0
03/26/2026 10:45,1174,371,0,372,1175,0
03/26/2026 11:00,1279,280,0,282,1281,0
03/26/2026 11:15,1126,134,0,140,1132,0
03/26/2026 11:30,1204,128,0,132,1208,0
03/26/2026 11:45,1356,108,0,105,1353,0
03/26/2026 12:00,1172,116,0,120,1176,0
03/26/2026 12:15,1350,134,666,0,550,0
03/26/2026 12:30,1082,130,748,0,204,0
03/26/2026 12:45,1104,116,786,0,202,0
03/26/2026 13:00,1171,143,836,0,192,0
03/26/2026 13:15,879,131,689,0,59,0
03/26/2026 13:30,858,115,743,0,0,0
03/26/2026 13:45,744,120,624,0,0,0
03/26/2026 14:00,648,523,104,0,21,0
03/26/2026 14:15,548,466,82,0,0,0
03/26/2026 14:30,556,493,63,0,0,0
03/26/2026 14:45,581,360,212,0,9,0
03/26/2026 15:00,527,304,221,0,2,0
03/26/2026 15:15,390,117,273,0,0,0
03/26/2026 15:30,399,120,279,0,0,0
03/26/2026 15:45,418,117,240,0,61,0
03/26/2026 16:00,342,138,324,0,9,129
03/26/2026 16:15,272,115,266,0,0,109
03/26/2026 16:30,250,258,239,0,0,247
03/26/2026 16:45,265,473,263,0,0,471
03/26/2026 17:00,152,361,147,0,0,356
03/26/2026 17:15,135,396,129,0,0,390
03/26/2026 17:30,131,176,131,0,0,176
03/26/2026 17:45,57,137,50,0,0,130
03/26/2026 18:00,70,437,63,0,0,430
03/26/2026 18:15,30,160,25,0,0,155
03/26/2026 18:30,2,186,0,6,0,178
03/26/2026 18:45,0,276,0,3,0,273
03/26/2026 19:00,0,196,2,0,0,198
03/26/2026 19:15,0,236,0,7,0,229
03/26/2026 19:30,0,502,0,10,0,492
03/26/2026 19:45,0,414,0,1,0,413
03/26/2026 20:00,0,474,0,25,24,473
03/26/2026 20:15,0,546,0,2,0,544
03/26/2026 20:30,0,244,0,5,0,239
03/26/2026 20:45,0,296,0,6,0,290
03/26/2026 21:00,0,684,0,5,0,679
03/26/2026 21:15,0,316,0,2,0,314
03/26/2026 21:30,0,249,0,6,0,243
03/26/2026 21:45,0,385,0,7,0,378
03/26/2026 22:00,0,432,0,6,0,426
03/26/2026 22:15,0,420,0,8,0,412
03/26/2026 22:30,0,374,0,5,0,369
03/26/2026 22:45,0,171,0,5,0,166
03/26/2026 23:00,0,129,0,5,0,124
03/26/2026 23:15,0,121,0,7,0,114
03/26/2026 23:30,0,127,0,4,0,123
03/26/2026 23:45,0,151,0,5,0,146
03/27/2026 00:00,0,146,0,5,0,141
03/27/2026 00:15,0,116,0,5,0,111
03/27/2026 00:30,0,118,0,5,0,113
03/27/2026 00:45,0,121,0,4,0,117
03/27/2026 01:00,0,147,0,4,0,143
03/27/2026 01:15,0,127,0,7,0,120
03/27/2026 01:30,0,144,0,4,0,140
03/27/2026 01:45,0,120,0,6,0,114
03/27/2026 02:00,0,118,0,6,0,112
03/27/2026 02:15,0,297,0,13,0,284
03/27/2026 02:30,0,284,0,4,0,280
03/27/2026 02:45,0,122,0,5,0,117
03/27/2026 03:00,0,144,0,8,0,136
03/27/2026 03:15,0,138,0,5,0,133
03/27/2026 03:30,0,119,0,4,0,115
03/27/2026 03:45,0,117,0,5,0,112
03/27/2026 04:00,0,121,0,6,0,115
03/27/2026 04:15,0,143,0,5,0,138
03/27/2026 04:30,0,120,0,6,0,114
03/27/2026 04:45,0,324,0,15,0,309
03/27/2026 05:00,0,272,0,236,14,50
03/27/2026 05:15,0,118,0,124,6,0
03/27/2026 05:30,0,124,0,132,8,0
03/27/2026 05:45,0,122,0,128,6,0
03/27/2026 06:00,0,345,0,351,6,0
03/27/2026 06:15,0,377,0,385,8,0
03/27/2026 06:30,0,200,0,206,6,0
03/27/2026 06:45,2,179,0,183,6,0
03/27/2026 07:00,1,157,0,162,6,0
03/27/2026 07:15,34,197,0,193,30,0
03/27/2026 07:30,64,161,0,159,62,0
03/27/2026 07:45,135,142,0,135,128,0
03/27/2026 08:00,204,124,0,122,202,0
03/27/2026 08:15,224,148,0,151,227,0
03/27/2026 08:30,258,136,0,132,254,0
03/27/2026 08:45,192,238,0,246,200,0
03/27/2026 09:00,152,1204,0,1207,155,0
03/27/2026 09:15,197,799,0,797,195,0
03/27/2026 09:30,540,656,0,650,534,0
03/27/2026 09:45,311,651,0,657,317,0
03/27/2026 10:00,354,1581,0,1572,345,0
03/27/2026 10:15,472,2030,0,2035,477,0
03/27/2026 10:30,569,929,0,923,563,0
03/27/2026 10:45,537,609,0,604,532,0
03/27/2026 11:00,820,583,0,580,817,0
03/27/2026 11:15,873,591,0,591,873,0
03/27/2026 11:30,990,444,0,447,993,0
03/27/2026 11:45,860,196,0,206,870,0
03/27/2026 12:00,1064,203,0,197,1058,0
03/27/2026 12:15,1559,164,0,167,1562,0
03/27/2026 12:30,1364,151,0,149,1362,0
03/27/2026 12:45,1304,142,0,149,1311,0
03/27/2026 13:00,1070,157,0,158,1071,0
03/27/2026 13:15,1079,178,564,0,337,0
03/27/2026 13:30,782,187,408,0,187,0
03/27/2026 13:45,882,188,592,0,102,0
03/27/2026 14:00,865,486,379,0,0,0
03/27/2026 14:15,808,751,57,0,0,0
03/27/2026 14:30,746,700,35,0,11,0
03/27/2026 14:45,972,654,307,0,11,0
03/27/2026 15:00,971,510,461,0,0,0
03/27/2026 15:15,954,539,405,0,10,0
03/27/2026 15:30,990,517,473,0,0,0
03/27/2026 15:45,855,503,301,0,51,0
03/27/2026 16:00,852,447,808,0,9,412
03/27/2026 16:15,797,467,793,0,0,463
03/27/2026 16:30,734,250,735,0,0,251
03/27/2026 16:45,529,130,524,0,0,125
03/27/2026 17:00,439,125,435,0,0,121
03/27/2026 17:15,357,140,350,0,0,133
03/27/2026 17:30,413,500,399,0,0,486
03/27/2026 17:45,309,460,311,0,0,462
03/27/2026 18:00,135,589,120,0,0,574
03/27/2026 18:15,75,163,77,0,0,165
03/27/2026 18:30,46,405,29,0,0,388
03/27/2026 18:45,20,253,22,0,0,255
03/27/2026 19:00,1,651,0,18,0,632
03/27/2026 19:15,0,668,0,0,0,668
03/27/2026 19:30,0,835,0,5,0,830
03/27/2026 19:45,0,632,0,0,0,632
03/27/2026 20:00,0,458,0,16,10,452
03/27/2026 20:15,0,264,0,9,0,255
03/27/2026 20:30,0,653,0,4,0,649
03/27/2026 20:45,0,730,0,17,0,713
03/27/2026 21:00,0,1699,0,2,0,1697
03/27/2026 21:15,0,1082,0,6,0,1076
03/27/2026 21:30,0,581,0,5,0,576
03/27/2026 21:45,0,833,0,43,10,800
03/27/2026 22:00,0,373,0,378,5,0
03/27/2026 22:15,1,758,0,763,6,0
03/27/2026 22:30,0,437,0,443,6,0
03/27/2026 22:45,0,468,0,473,5,0
03/27/2026 23:00,0,644,0,649,5,0
03/27/2026 23:15,0,246,0,252,6,0
03/27/2026 23:30,0,203,0,209,6,0
03/27/2026 23:45,0,698,0,704,6,0
03/28/2026 00:00,0,632,0,638,6,0
03/28/2026 00:15,0,157,0,163,6,0
03/28/2026 00:30,0,504,0,510,6,0
03/28/2026 00:45,0,192,0,197,5,0
03/28/2026 01:00,0,532,0,537,5,0
03/28/2026 01:15,0,721,0,807,86,0
03/28/2026 01:30,0,667,0,673,6,0
03/28/2026 01:45,0,634,0,640,6,0
03/28/2026 02:00,0,546,0,552,6,0
03/28/2026 02:15,0,694,0,699,5,0
03/28/2026 02:30,0,708,0,777,69,0
03/28/2026 02:45,0,662,0,668,6,0
03/28/2026 03:00,0,607,0,612,5,0
03/28/2026 03:15,0,546,0,622,76,0
03/28/2026 03:30,0,671,0,677,6,0
03/28/2026 03:45,0,571,0,577,6,0
03/28/2026 04:00,0,768,0,773,5,0
03/28/2026 04:15,0,585,0,649,64,0
03/28/2026 04:30,0,604,0,610,6,0
03/28/2026 04:45,0,688,0,694,6,0
03/28/2026 05:00,0,553,0,559,6,0
03/28/2026 05:15,0,818,0,862,44,0
03/28/2026 05:30,0,586,0,593,7,0
03/28/2026 05:45,0,629,0,634,5,0
03/28/2026 06:00,0,796,0,852,56,0
03/28/2026 06:15,0,557,0,563,6,0
03/28/2026 06:30,2,741,0,745,6,0
03/28/2026 06:45,25,620,0,637,42,0
03/28/2026 07:00,84,606,0,594,72,0
03/28/2026 07:15,264,626,0,620,258,0
03/28/2026 07:30,381,647,0,638,372,0
03/28/2026 07:45,494,629,0,624,489,0
03/28/2026 08:00,650,460,0,449,639,0
03/28/2026 08:15,722,204,0,198,716,0
03/28/2026 08:30,752,167,0,160,745,0
03/28/2026 08:45,779,177,0,172,774,0
03/28/2026 09:00,809,176,0,168,801,0
03/28/2026 09:15,864,160,0,157,861,0
03/28/2026 09:30,882,263,0,261,880,0
03/28/2026 09:45,960,1069,0,1061,952,0
03/28/2026 10:00,936,759,0,757,934,0
03/28/2026 10:15,1163,598,0,536,1101,0
03/28/2026 10:30,1258,797,0,640,1101,0
03/28/2026 10:45,1368,687,0,412,1093,0
03/28/2026 11:00,1443,480,0,71,1034,0
03/28/2026 11:15,1495,181,416,0,898,0
03/28/2026 11:30,1551,185,665,0,701,0
03/28/2026 11:45,1595,220,926,0,449,0
03/28/2026 12:00,1604,843,648,0,113,0
03/28/2026 12:15,1550,809,737,0,5,1
03/28/2026 12:30,1627,601,1006,0,21,1
03/28/2026 12:45,1630,747,876,0,9,2
03/28/2026 13:00,1674,274,1374,0,26,0
03/28/2026 13:15,1553,1244,300,0,9,0
03/28/2026 13:30,1510,1494,0,28,44,0
03/28/2026 13:45,1571,1416,155,0,4,4
03/28/2026 14:00,1468,1452,11,0,5,0
03/28/2026 14:15,728,1909,0,1181,0,0
03/28/2026 14:30,1056,1937,0,890,9,0
03/28/2026 14:45,1331,1410,0,89,10,0
03/28/2026 15:00,1363,919,444,0,0,0
03/28/2026 15:15,852,1661,0,819,10,0
03/28/2026 15:30,1184,347,826,0,11,0
03/28/2026 15:45,1205,626,518,0,61,0
03/28/2026 16:00,637,416,622,0,0,401
03/28/2026 16:15,374,181,369,0,0,176
03/28/2026 16:30,619,164,615,0,0,160
03/28/2026 16:45,618,142,613,0,0,137
03/28/2026 17:00,616,164,611,0,0,159
03/28/2026 17:15,332,609,312,0,0,589
03/28/2026 17:30,166,539,170,0,0,543
03/28/2026 17:45,180,178,173,0,0,171
03/28/2026 18:00,104,602,99,0,0,597
03/28/2026 18:15,80,155,74,0,0,149
03/28/2026 18:30,46,670,37,0,0,661
03/28/2026 18:45,21,553,16,0,0,548
03/28/2026 19:00,3,238,3,0,0,238
03/28/2026 19:15,0,295,0,16,0,279
03/28/2026 19:30,0,617,1,0,0,618
03/28/2026 19:45,0,288,0,4,0,284
03/28/2026 20:00,0,719,0,26,9,702
03/28/2026 20:15,0,820,0,2,0,818
03/28/2026 20:30,0,917,0,16,0,901
03/28/2026 20:45,0,1960,0,8,0,1952
03/28/2026 21:00,0,1266,0,6,0,1260
03/28/2026 21:15,0,762,0,3,0,759
03/28/2026 21:30,0,411,0,3,0,408
03/28/2026 21:45,0,864,0,577,11,298
03/28/2026 22:00,0,449,0,454,5,0
03/28/2026 22:15,0,552,0,558,6,0
03/28/2026 22:30,0,585,0,591,6,0
03/28/2026 22:45,0,448,0,453,5,0
03/28/2026 23:00,0,182,0,187,5,0
03/28/2026 23:15,0,561,0,567,6,0
03/28/2026 23:30,0,677,0,683,6,0
03/28/2026 23:45,0,550,0,556,6,0
03/29/2026 00:00,0,739,0,745,6,0
03/29/2026 00:15,0,605,0,610,5,0
03/29/2026 00:30,0,602,0,607,5,0
03/29/2026 00:45,0,770,0,776,6,0
03/29/2026 01:00,0,568,0,574,6,0
03/29/2026 01:15,0,706,0,780,74,0
03/29/2026 01:30,0,570,0,576,6,0
03/29/2026 01:45,0,601,0,607,6,0
03/29/2026 02:00,0,820,0,826,6,0
03/29/2026 02:15,0,704,0,779,75,0
03/29/2026 02:30,0,672,0,678,6,0
03/29/2026 02:45,0,533,0,539,6,0
03/29/2026 03:00,0,646,0,653,7,0
03/29/2026 03:15,0,591,0,640,49,0
03/29/2026 03:30,0,738,0,744,6,0
03/29/2026 03:45,0,680,0,730,50,0
03/29/2026 04:00,0,586,0,592,6,0
03/29/2026 04:15,0,705,0,711,6,0
03/29/2026 04:30,0,642,0,692,50,0
03/29/2026 04:45,0,908,0,914,6,0
03/29/2026 05:00,0,583,0,639,56,0
03/29/2026 05:15,0,554,0,560,6,0
03/29/2026 05:30,0,702,0,706,4,0
03/29/2026 05:45,0,873,0,917,44,0
03/29/2026 06:00,0,666,0,710,44,0
03/29/2026 06:15,0,605,0,611,6,0
03/29/2026 06:30,8,576,0,608,40,0
03/29/2026 06:45,75,664,0,595,6,0
03/29/2026 07:00,174,575,0,566,165,0
03/29/2026 07:15,218,638,0,642,222,0
03/29/2026 07:30,156,901,0,898,153,0
03/29/2026 07:45,189,626,0,620,183,0
03/29/2026 08:00,573,623,0,532,482,0
03/29/2026 08:15,697,568,0,506,635,0
03/29/2026 08:30,738,561,0,574,751,0
03/29/2026 08:45,830,589,0,587,828,0
03/29/2026 09:00,711,569,0,572,714,0
03/29/2026 09:15,999,530,0,531,1000,0
03/29/2026 09:30,952,525,0,522,949,0
03/29/2026 09:45,882,539,0,539,882,0
03/29/2026 10:00,1023,554,0,548,1017,0
03/29/2026 10:15,1135,539,0,531,1127,0
03/29/2026 10:30,1239,550,0,503,1192,0
03/29/2026 10:45,1337,625,0,502,1214,0
03/29/2026 11:00,1409,534,0,306,1181,0
03/29/2026 11:15,1465,498,0,82,1049,0
03/29/2026 11:30,1528,377,332,0,819,0
03/29/2026 11:45,1566,126,1008,0,432,0
03/29/2026 12:00,1569,610,907,0,52,0
03/29/2026 12:15,1582,399,1147,0,36,0
03/29/2026 12:30,1601,330,1249,0,22,0
03/29/2026 12:45,1588,558,1020,0,10,0
03/29/2026 13:00,1606,470,1103,0,33,0
03/29/2026 13:15,1602,499,1103,0,0,0
03/29/2026 13:30,1564,605,927,0,32,0
03/29/2026 13:45,1533,475,1055,0,3,0
03/29/2026 14:00,1516,657,848,0,11,0
03/29/2026 14:15,1469,508,961,0,0,0
03/29/2026 14:30,1419,150,1269,0,0,0
03/29/2026 14:45,1327,159,1157,0,11,0
03/29/2026 15:00,1234,436,798,0,0,0
03/29/2026 15:15,1158,1353,0,195,0,0
03/29/2026 15:30,1138,1573,0,444,9,0
03/29/2026 15:45,1019,1418,0,465,66,0
03/29/2026 16:00,908,189,879,0,8,168
03/29/2026 16:15,853,142,849,0,0,138
03/29/2026 16:30,773,121,768,0,0,116
03/29/2026 16:45,420,156,413,0,0,149
03/29/2026 17:00,215,531,203,0,0,519
03/29/2026 17:15,334,279,336,0,0,281
03/29/2026 17:30,163,180,158,0,0,175
03/29/2026 17:45,244,224,236,0,0,216
03/29/2026 18:00,145,483,134,0,0,472
03/29/2026 18:15,76,156,77,0,0,157
03/29/2026 18:30,39,218,29,0,0,208
03/29/2026 18:45,15,423,10,0,0,418
03/29/2026 19:00,0,172,0,4,0,168
03/29/2026 19:15,0,232,0,7,0,225
03/29/2026 19:30,0,246,0,4,0,242
03/29/2026 19:45,0,362,0,5,0,357
03/29/2026 20:00,0,712,0,20,8,700
03/29/2026 20:15,0,355,0,4,0,351
03/29/2026 20:30,0,233,0,7,0,226
03/29/2026 20:45,0,231,0,5,0,226
03/29/2026 21:00,0,476,0,11,0,465
03/29/2026 21:15,0,2154,0,11,0,2143
03/29/2026 21:30,0,1744,1,0,0,1745
03/29/2026 21:45,0,1143,7,0,0,1150
03/29/2026 22:00,0,1382,0,15,0,1367
03/29/2026 22:15,0,1569,0,1250,6,325
03/29/2026 22:30,0,170,0,176,6,0
03/29/2026 22:45,0,286,0,292,6,0
03/29/2026 23:00,0,677,0,683,6,0
03/29/2026 23:15,0,403,0,409,6,0
03/29/2026 23:30,0,220,0,226,6,0
03/29/2026 23:45,0,146,0,152,6,0
03/30/2026 00:00,0,149,0,155,6,0
03/30/2026 00:15,0,118,0,124,6,0
03/30/2026 00:30,0,311,0,317,6,0
03/30/2026 00:45,0,344,0,350,6,0
03/30/2026 01:00,0,134,0,139,5,0
03/30/2026 01:15,0,346,0,353,7,0
03/30/2026 01:30,0,556,0,562,6,0
03/30/2026 01:45,0,453,0,553,100,0
03/30/2026 02:00,0,455,0,462,7,0
03/30/2026 02:15,0,451,0,457,6,0
03/30/2026 02:30,0,397,0,403,6,0
03/30/2026 02:45,0,410,0,416,6,0
03/30/2026 03:00,0,506,0,512,6,0
03/30/2026 03:15,0,505,0,511,6,0
03/30/2026 03:30,0,450,0,533,83,0
03/30/2026 03:45,0,472,0,478,6,0
03/30/2026 04:00,0,548,0,554,6,0
03/30/2026 04:15,0,434,0,440,6,0
03/30/2026 04:30,0,423,0,429,6,0
03/30/2026 04:45,0,426,0,520,94,0
03/30/2026 05:00,0,528,0,534,6,0
03/30/2026 05:15,0,540,0,546,6,0
03/30/2026 05:30,0,530,0,536,6,0
03/30/2026 05:45,0,233,0,239,6,0
03/30/2026 06:00,0,372,0,380,8,0
03/30/2026 06:15,0,212,0,300,88,0
03/30/2026 06:30,6,117,0,117,6,0
03/30/2026 06:45,68,142,0,80,6,0
03/30/2026 07:00,116,157,0,148,107,0
03/30/2026 07:15,153,169,0,164,148,0
03/30/2026 07:30,179,181,0,176,174,0
03/30/2026 07:45,176,191,0,193,178,0
03/30/2026 08:00,221,115,0,107,213,0
03/30/2026 08:15,291,186,0,180,285,0
03/30/2026 08:30,345,566,0,565,344,0
03/30/2026 08:45,402,315,0,312,399,0
03/30/2026 09:00,449,134,0,134,449,0
03/30/2026 09:15,352,270,0,276,358,0
03/30/2026 09:30,435,419,0,416,432,0
03/30/2026 09:45,413,411,0,415,417,0
03/30/2026 10:00,415,410,0,413,418,0
03/30/2026 10:15,420,412,0,418,426,0
03/30/2026 10:30,415,400,0,394,409,0
03/30/2026 10:45,636,389,0,385,632,0
03/30/2026 11:00,976,388,0,380,968,0
03/30/2026 11:15,1496,392,0,389,1493,0
03/30/2026 11:30,1714,371,0,380,1723,0
03/30/2026 11:45,1403,361,0,373,1415,0
03/30/2026 12:00,1394,375,0,380,1399,0
03/30/2026 12:15,1519,141,0,142,1520,0
03/30/2026 12:30,1497,131,675,0,691,0
03/30/2026 12:45,1379,118,1067,0,194,0
03/30/2026 13:00,1636,116,1393,0,127,0
03/30/2026 13:15,1565,129,1424,0,12,0
03/30/2026 13:30,1572,154,1414,0,4,0
03/30/2026 13:45,1476,128,1241,0,107,0
03/30/2026 14:00,1257,491,766,0,0,0
03/30/2026 14:15,921,506,415,0,0,0
03/30/2026 14:30,1001,391,599,0,11,0
03/30/2026 14:45,915,354,550,0,11,0
03/30/2026 15:00,932,142,790,0,0,0
03/30/2026 15:15,1008,124,882,0,2,0
03/30/2026 15:30,961,142,811,0,8,0
03/30/2026 15:45,1069,119,888,0,62,0
03/30/2026 16:00,1049,120,1041,0,0,112
03/30/2026 16:15,893,147,890,0,0,144
03/30/2026 16:30,797,134,794,0,0,131
03/30/2026 16:45,539,115,535,0,0,111
03/30/2026 17:00,521,116,517,0,0,112
03/30/2026 17:15,394,220,384,0,0,210
03/30/2026 17:30,314,378,301,0,0,365
03/30/2026 17:45,195,355,189,0,0,349
03/30/2026 18:00,132,456,130,0,0,454
03/30/2026 18:15,84,143,80,0,0,139
03/30/2026 18:30,53,132,48,0,0,127
03/30/2026 18:45,24,138,19,0,0,133
03/30/2026 19:00,1,224,0,8,0,215
03/30/2026 19:15,0,344,0,2,0,342
03/30/2026 19:30,0,369,0,8,0,361
03/30/2026 19:45,0,317,0,0,0,317
03/30/2026 20:00,0,234,2,26,26,236
03/30/2026 20:15,0,292,0,5,0,287
03/30/2026 20:30,0,537,0,7,0,530
03/30/2026 20:45,0,412,0,9,0,403
03/30/2026 21:00,0,471,0,3,0,468
03/30/2026 21:15,0,416,0,11,0,405
03/30/2026 21:30,0,600,0,4,0,596
03/30/2026 21:45,0,359,0,5,0,354
03/30/2026 22:00,0,247,0,8,0,239
03/30/2026 22:15,0,169,0,6,0,163
03/30/2026 22:30,0,162,0,4,0,158
03/30/2026 22:45,0,152,0,5,0,147
03/30/2026 23:00,0,123,0,6,0,117
03/30/2026 23:15,0,119,0,5,0,114
03/30/2026 23:30,0,139,0,5,0,134
03/30/2026 23:45,0,140,0,4,0,136
03/31/2026 00:00,0,122,0,6,0,116
03/31/2026 00:15,0,120,0,5,0,115
03/31/2026 00:30,0,131,0,3,0,128
03/31/2026 00:45,0,152,0,4,0,148
03/31/2026 01:00,0,120,0,5,0,115
03/31/2026 01:15,0,117,0,5,0,112
03/31/2026 01:30,0,117,0,5,0,112
03/31/2026 01:45,0,141,0,4,0,137
03/31/2026 02:00,0,130,0,8,0,122
03/31/2026 02:15,0,145,0,5,0,140
03/31/2026 02:30,0,123,0,5,0,118
03/31/2026 02:45,0,117,0,6,0,111
03/31/2026 03:00,0,128,0,5,0,123
03/31/2026 03:15,0,155,0,5,0,150
03/31/2026 03:30,0,134,0,4,0,130
03/31/2026 03:45,0,133,0,6,0,127
03/31/2026 04:00,0,117,0,5,0,112
03/31/2026 04:15,0,121,0,3,0,118
03/31/2026 04:30,0,224,0,10,0,214
03/31/2026 04:45,0,396,0,9,0,387
03/31/2026 05:00,0,418,0,3,0,415
03/31/2026 05:15,0,136,0,4,0,132
03/31/2026 05:30,0,117,0,7,0,110
03/31/2026 05:45,0,119,0,6,0,113
03/31/2026 06:00,0,128,0,3,0,125
03/31/2026 06:15,0,132,0,6,0,126
03/31/2026 06:30,0,126,0,7,0,119
03/31/2026 06:45,0,367,0,114,4,257
03/31/2026 07:00,0,147,0,153,6,0
03/31/2026 07:15,6,178,0,182,10,0
03/31/2026 07:30,66,202,0,192,56,0
03/31/2026 07:45,112,171,0,169,110,0
03/31/2026 08:00,169,113,0,111,167,0
03/31/2026 08:15,160,113,0,112,159,0
03/31/2026 08:30,70,122,0,128,76,0
03/31/2026 08:45,146,140,0,140,146,0
03/31/2026 09:00,48,121,0,126,53,0
03/31/2026 09:15,150,141,0,133,142,0
03/31/2026 09:30,124,136,0,142,130,0
03/31/2026 09:45,77,118,0,118,77,0
03/31/2026 10:00,108,117,0,120,111,0
03/31/2026 10:15,109,142,0,140,107,0
03/31/2026 10:30,223,131,0,129,221,0
03/31/2026 10:45,192,117,0,115,190,0
03/31/2026 11:00,515,127,0,124,512,0
03/31/2026 11:15,583,140,0,132,575,0
03/31/2026 11:30,644,116,0,126,654,0
03/31/2026 11:45,503,120,0,124,507,0
03/31/2026 12:00,698,116,0,105,687,0
03/31/2026 12:15,747,143,0,153,757,0
03/31/2026 12:30,587,413,0,409,583,0
03/31/2026 12:45,598,450,0,452,600,0
03/31/2026 13:00,708,403,0,395,700,0
03/31/2026 13:15,947,384,0,386,949,0
03/31/2026 13:30,497,382,0,385,500,0
03/31/2026 13:45,439,385,0,2287,2341,0
03/31/2026 14:00,705,571,0,2756,2890,0
03/31/2026 14:15,573,186,0,343,730,0
03/31/2026 14:30,642,117,399,0,126,0
03/31/2026 14:45,942,213,665,0,64,0
03/31/2026 15:00,550,426,123,0,1,0
03/31/2026 15:15,515,117,398,0,0,0
03/31/2026 15:30,810,117,682,0,11,0
03/31/2026 15:45,420,140,221,0,59,0
03/31/2026 16:00,312,117,305,0,1,111
03/31/2026 16:15,211,457,196,0,0,442
03/31/2026 16:30,306,293,308,0,0,295
03/31/2026 16:45,304,116,299,0,0,111
03/31/2026 17:00,228,141,221,0,0,134
03/31/2026 17:15,153,497,138,0,0,482
03/31/2026 17:30,214,583,213,0,0,582
03/31/2026 17:45,144,579,142,0,0,577
03/31/2026 18:00,64,547,56,0,0,539
03/31/2026 18:15,40,344,32,0,0,336
03/31/2026 18:30,25,503,23,0,0,501
03/31/2026 18:45,3,147,0,1,0,143
03/31/2026 19:00,0,293,0,14,0,279
03/31/2026 19:15,0,395,4,0,0,399
03/31/2026 19:30,0,287,0,2,0,285
03/31/2026 19:45,0,193,0,5,0,188
03/31/2026 20:00,0,400,0,27,12,385
03/31/2026 20:15,1,871,0,2,0,868
03/31/2026 20:30,0,393,0,6,0,387
03/31/2026 20:45,0,599,0,6,0,593
03/31/2026 21:00,0,1545,0,18,0,1527
03/31/2026 21:15,0,1990,1,0,0,1991
03/31/2026 21:30,0,792,0,3,0,789
03/31/2026 21:45,0,439,0,3,0,436
03/31/2026 22:00,0,237,0,6,0,231
03/31/2026 22:15,0,445,0,216,14,243
03/31/2026 22:30,0,275,0,281,6,0
03/31/2026 22:45,0,152,0,159,7,0
03/31/2026 23:00,0,690,0,697,7,0
03/31/2026 23:15,0,307,0,313,6,0
03/31/2026 23:30,0,395,0,402,7,0
03/31/2026 23:45,0,199,0,205,6,0
