Date/Time,Energy Produced (Wh),Energy Consumed (Wh),Exported to Grid (Wh),Imported from Grid (Wh),Stored in batteries (Wh),Discharged from batteries (Wh)
01/01/2026 00:00,0,603,0,675,72,0
01/01/2026 00:15,0,606,0,668,62,0
01/01/2026 00:30,0,635,0,689,54,0
01/01/2026 00:45,0,625,0,691,66,0
01/01/2026 01:00,0,609,0,672,63,0
01/01/2026 01:15,0,656,0,719,63,0
01/01/2026 01:30,0,543,0,597,54,0
01/01/2026 01:45,0,539,0,611,72,0
01/01/2026 02:00,0,551,0,613,62,0
01/01/2026 02:15,0,528,0,580,52,0
01/01/2026 02:30,0,575,0,647,72,0
01/01/2026 02:45,0,688,0,750,62,0
01/01/2026 03:00,0,688,0,742,54,0
01/01/2026 03:15,0,660,0,725,65,0
01/01/2026 03:30,0,651,0,713,62,0
01/01/2026 03:45,0,610,0,671,61,0
01/01/2026 04:00,0,540,0,559,19,0
01/01/2026 04:15,0,554,0,574,20,0
01/01/2026 04:30,0,565,0,587,22,0
01/01/2026 04:45,0,576,0,576,0,0
01/01/2026 05:00,0,614,0,635,21,0
01/01/2026 05:15,0,531,0,553,22,0
01/01/2026 05:30,0,523,0,524,1,0
01/01/2026 05:45,0,577,0,587,10,0
01/01/2026 06:00,0,562,0,584,22,0
01/01/2026 06:15,0,578,0,588,10,0
01/01/2026 06:30,0,617,0,617,0,0
01/01/2026 06:45,0,700,0,720,20,0
01/01/2026 07:00,0,658,0,681,23,0
01/01/2026 07:15,0,701,0,707,6,0
01/01/2026 07:30,0,606,0,628,22,0
01/01/2026 07:45,0,571,0,588,17,0
01/01/2026 08:00,0,517,0,521,4,0
01/01/2026 08:15,3,539,0,550,14,0
01/01/2026 08:30,1,562,0,573,12,0
01/01/2026 08:45,26,564,0,547,9,0
01/01/2026 09:00,20,550,0,535,5,0
01/01/2026 09:15,18,567,0,568,19,0
01/01/2026 09:30,18,678,0,674,14,0
01/01/2026 09:45,16,642,0,626,0,0
01/01/2026 10:00,22,643,0,645,24,0
01/01/2026 10:15,42,608,0,574,8,0
01/01/2026 10:30,79,682,0,605,2,0
01/01/2026 10:45,69,563,0,506,12,0
01/01/2026 11:00,51,557,0,518,12,0
01/01/2026 11:15,65,560,0,510,15,0
01/01/2026 11:30,105,569,0,464,0,0
01/01/2026 11:45,93,1137,0,1069,25,0
01/01/2026 12:00,173,690,0,525,8,0
01/01/2026 12:15,72,1563,0,1491,0,0
01/01/2026 12:30,89,1835,0,1770,24,0
01/01/2026 12:45,186,1535,0,1358,9,0
01/01/2026 13:00,196,755,0,566,7,0
01/01/2026 13:15,265,1301,0,1042,6,0
01/01/2026 13:30,240,932,0,708,16,0
01/01/2026 13:45,138,1018,0,890,10,0
01/01/2026 14:00,95,952,0,857,0,0
01/01/2026 14:15,69,925,0,881,25,0
01/01/2026 14:30,51,860,0,817,8,0
01/01/2026 14:45,69,938,0,873,4,0
01/01/2026 15:00,50,1464,0,1431,17,0
01/01/2026 15:15,22,870,0,857,9,0
01/01/2026 15:30,18,910,0,898,6,0
01/01/2026 15:45,12,901,0,895,6,0
01/01/2026 16:00,2,849,0,32,0,815
01/01/2026 16:15,0,1612,0,201,0,1411
01/01/2026 16:30,0,1257,0,27,0,1230
01/01/2026 16:45,0,1288,0,10,0,1278
01/01/2026 17:00,0,910,8,0,0,918
01/01/2026 17:15,0,822,0,2,0,820
01/01/2026 17:30,0,1327,18,0,0,1345
01/01/2026 17:45,0,1029,3,0,0,1032
01/01/2026 18:00,0,1061,7,0,0,1068
01/01/2026 18:15,0,1101,0,317,3,787
01/01/2026 18:30,0,1038,0,1049,11,0
01/01/2026 18:45,0,1091,0,1096,5,0
01/01/2026 19:00,0,977,0,984,7,0
01/01/2026 19:15,0,935,0,941,6,0
01/01/2026 19:30,0,981,0,986,5,0
01/01/2026 19:45,0,1028,0,1031,3,0
01/01/2026 20:00,0,1188,0,1695,507,0
01/01/2026 20:15,0,1221,0,1981,760,0
01/01/2026 20:30,0,1550,0,2308,758,0
01/01/2026 20:45,0,2449,0,3208,759,0
01/01/2026 21:00,0,2137,0,2907,770,0
01/01/2026 21:15,0,1132,0,1892,760,0
01/01/2026 21:30,0,1298,0,2057,759,0
01/01/2026 21:45,0,1124,0,1864,740,0
01/01/2026 22:00,0,616,0,1328,712,0
01/01/2026 22:15,0,536,0,1215,679,0
01/01/2026 22:30,0,421,0,1061,640,0
01/01/2026 22:45,0,536,0,1121,585,0
01/01/2026 23:00,0,664,0,1164,500,0
01/01/2026 23:15,0,1111,0,1534,423,0
01/01/2026 23:30,0,974,0,1287,313,0
01/01/2026 23:45,0,1045,0,1283,238,0
01/02/2026 00:00,0,751,0,857,106,0
01/02/2026 00:15,0,1041,0,1092,51,0
01/02/2026 00:30,0,792,0,842,50,0
01/02/2026 00:45,0,909,0,981,72,0
01/02/2026 01:00,0,1059,0,1120,61,0
01/02/2026 01:15,0,865,0,932,67,0
01/02/2026 01:30,0,1016,0,1091,75,0
01/02/2026 01:45,0,681,0,747,66,0
01/02/2026 02:00,0,1149,0,1207,58,0
01/02/2026 02:15,0,847,0,915,68,0
01/02/2026 02:30,0,942,0,1004,62,0
01/02/2026 02:45,0,669,0,729,60,0
01/02/2026 03:00,0,869,0,926,57,0
01/02/2026 03:15,0,833,0,898,65,0
01/02/2026 03:30,0,856,0,921,65,0
01/02/2026 03:45,0,869,0,927,58,0
01/02/2026 04:00,0,817,0,881,64,0
01/02/2026 04:15,0,680,0,748,68,0
01/02/2026 04:30,0,796,0,853,57,0
01/02/2026 04:45,0,970,0,1037,67,0
01/02/2026 05:00,0,931,0,997,66,0
01/02/2026 05:15,0,1027,0,1086,59,0
01/02/2026 05:30,0,915,0,975,60,0
01/02/2026 05:45,0,862,0,925,63,0
01/02/2026 06:00,0,753,0,822,69,0
01/02/2026 06:15,0,911,0,966,55,0
01/02/2026 06:30,0,725,0,794,69,0
01/02/2026 06:45,0,922,0,986,64,0
01/02/2026 07:00,0,669,0,729,60,0
01/02/2026 07:15,0,848,0,913,65,0
01/02/2026 07:30,0,928,0,992,64,0
01/02/2026 07:45,2,890,0,950,62,0
01/02/2026 08:00,18,1135,0,1169,52,0
01/02/2026 08:15,43,1026,0,1049,66,0
01/02/2026 08:30,64,833,0,831,62,0
01/02/2026 08:45,50,750,0,756,56,0
01/02/2026 09:00,87,734,0,709,62,0
01/02/2026 09:15,137,696,0,625,66,0
01/02/2026 09:30,163,671,0,568,60,0
01/02/2026 09:45,203,741,0,602,64,0
01/02/2026 10:00,241,793,0,615,63,0
01/02/2026 10:15,330,771,0,503,62,0
01/02/2026 10:30,449,819,0,424,54,0
01/02/2026 10:45,518,865,0,414,67,0
01/02/2026 11:00,574,830,0,320,64,0
01/02/2026 11:15,621,1088,0,524,57,0
01/02/2026 11:30,659,1847,0,1255,67,0
01/02/2026 11:45,671,1811,0,1203,63,0
01/02/2026 12:00,678,1328,0,708,58,0
01/02/2026 12:15,705,1435,0,790,60,0
01/02/2026 12:30,703,1196,0,556,63,0
01/02/2026 12:45,685,1324,0,699,60,0
01/02/2026 13:00,632,1117,0,539,54,0
01/02/2026 13:15,508,1221,0,777,64,0
01/02/2026 13:30,352,1067,0,772,57,0
01/02/2026 13:45,260,973,0,767,54,0
01/02/2026 14:00,151,941,0,849,59,0
01/02/2026 14:15,188,945,0,819,62,0
01/02/2026 14:30,225,873,0,699,51,0
01/02/2026 14:45,169,942,0,835,62,0
01/02/2026 15:00,96,937,0,897,56,0
01/02/2026 15:15,69,1010,0,1001,60,0
01/02/2026 15:30,41,870,0,880,51,0
01/02/2026 15:45,20,791,0,834,63,0
01/02/2026 16:00,20,702,28,0,0,710
01/02/2026 16:15,1,702,0,2,0,699
01/02/2026 16:30,0,726,0,3,0,723
01/02/2026 16:45,0,773,0,6,0,767
01/02/2026 17:00,0,923,0,3,0,920
01/02/2026 17:15,0,904,0,0,0,904
01/02/2026 17:30,0,1143,0,49,0,1094
01/02/2026 17:45,0,1263,8,0,0,1271
01/02/2026 18:00,0,1232,5,0,0,1237
01/02/2026 18:15,0,671,3,0,0,674
01/02/2026 18:30,0,793,5,0,0,798
01/02/2026 18:45,0,739,0,61,1,679
01/02/2026 19:00,0,828,0,839,11,0
01/02/2026 19:15,0,931,0,934,3,0
01/02/2026 19:30,0,979,0,979,0,0
01/02/2026 19:45,0,863,0,863,0,0
01/02/2026 20:00,0,809,0,1566,757,0
01/02/2026 20:15,0,896,0,2023,1127,0
01/02/2026 20:30,0,987,0,2131,1144,0
01/02/2026 20:45,0,963,0,2129,1166,0
01/02/2026 21:00,0,839,0,2011,1172,0
01/02/2026 21:15,0,915,0,2095,1180,0
01/02/2026 21:30,0,900,0,2063,1163,0
01/02/2026 21:45,0,1161,0,2309,1148,0
01/02/2026 22:00,0,857,0,1952,1095,0
01/02/2026 22:15,0,974,0,1959,985,0
01/02/2026 22:30,0,607,0,1430,823,0
01/02/2026 22:45,0,233,0,854,621,0
01/02/2026 23:00,0,500,0,841,341,0
01/02/2026 23:15,2,409,0,435,30,2
01/02/2026 23:30,0,262,0,272,12,2
01/02/2026 23:45,0,781,0,801,20,0
01/03/2026 00:00,0,729,0,753,24,0
01/03/2026 00:15,0,914,0,914,0,0
01/03/2026 00:30,0,761,0,769,10,2
01/03/2026 00:45,0,899,0,932,33,0
01/03/2026 01:00,0,661,0,671,10,0
01/03/2026 01:15,0,896,0,906,10,0
01/03/2026 01:30,0,673,0,703,30,0
01/03/2026 01:45,0,923,0,937,14,0
01/03/2026 02:00,0,854,0,854,0,0
01/03/2026 02:15,0,860,0,872,12,0
01/03/2026 02:30,0,1049,0,1080,31,0
01/03/2026 02:45,0,836,0,841,5,0
01/03/2026 03:00,0,714,0,714,0,0
01/03/2026 03:15,0,631,0,655,24,0
01/03/2026 03:30,0,794,0,805,11,0
01/03/2026 03:45,0,645,0,650,5,0
01/03/2026 04:00,0,880,0,884,4,0
01/03/2026 04:15,0,733,0,763,30,0
01/03/2026 04:30,0,920,0,920,0,0
01/03/2026 04:45,0,718,0,723,5,0
01/03/2026 05:00,0,1234,0,1263,29,0
01/03/2026 05:15,0,886,0,892,6,0
01/03/2026 05:30,0,906,0,907,1,0
01/03/2026 05:45,0,680,0,703,23,0
01/03/2026 06:00,0,857,0,870,13,0
01/03/2026 06:15,0,666,0,669,3,0
01/03/2026 06:30,0,1270,0,1273,3,0
01/03/2026 06:45,0,544,0,576,32,0
01/03/2026 07:00,0,424,0,424,0,0
01/03/2026 07:15,0,726,0,730,4,0
01/03/2026 07:30,9,1061,0,1080,28,0
01/03/2026 07:45,42,1178,0,1142,6,0
01/03/2026 08:00,74,1276,0,1206,4,0
01/03/2026 08:15,88,1038,0,970,20,0
01/03/2026 08:30,91,765,0,688,14,0
01/03/2026 08:45,114,2041,0,1929,2,0
01/03/2026 09:00,167,2299,0,2136,4,0
01/03/2026 09:15,214,750,0,564,28,0
01/03/2026 09:30,255,718,0,467,4,0
01/03/2026 09:45,327,881,0,555,1,0
01/03/2026 10:00,472,961,0,520,31,0
01/03/2026 10:15,515,733,0,223,5,0
01/03/2026 10:30,655,2013,0,1360,2,0
01/03/2026 10:45,602,1911,0,1330,21,0
01/03/2026 11:00,385,1635,0,1262,12,0
01/03/2026 11:15,354,706,0,356,4,0
01/03/2026 11:30,363,559,0,197,1,0
01/03/2026 11:45,438,652,0,244,30,0
01/03/2026 12:00,559,1330,0,771,0,0
01/03/2026 12:15,658,602,52,0,4,0
01/03/2026 12:30,388,883,0,518,23,0
01/03/2026 12:45,392,965,0,580,7,0
01/03/2026 13:00,410,890,0,480,0,0
01/03/2026 13:15,354,1638,0,1303,19,0
01/03/2026 13:30,322,2346,0,2036,12,0
01/03/2026 13:45,354,2901,0,2551,4,0
01/03/2026 14:00,380,2509,0,2129,0,0
01/03/2026 14:15,263,1577,0,1344,30,0
01/03/2026 14:30,150,1577,0,1427,0,0
01/03/2026 14:45,99,2419,0,2320,0,0
01/03/2026 15:00,94,2940,0,2874,28,0
01/03/2026 15:15,107,1864,0,1762,5,0
01/03/2026 15:30,120,1886,0,1768,4,2
01/03/2026 15:45,46,1435,0,1402,13,0
01/03/2026 16:00,12,542,2,0,1,533
01/03/2026 16:15,1,604,0,8,0,595
01/03/2026 16:30,0,597,0,4,0,593
01/03/2026 16:45,0,560,0,5,0,555
01/03/2026 17:00,0,581,0,8,0,573
01/03/2026 17:15,0,685,0,7,0,678
01/03/2026 17:30,0,1011,5,0,0,1016
01/03/2026 17:45,0,802,10,0,0,812
01/03/2026 18:00,0,857,0,1,0,856
01/03/2026 18:15,0,624,0,9,0,615
01/03/2026 18:30,0,696,0,0,0,696
01/03/2026 18:45,0,675,2,0,0,677
01/03/2026 19:00,0,880,0,12,0,868
01/03/2026 19:15,0,778,13,0,0,791
01/03/2026 19:30,0,739,1,0,0,740
01/03/2026 19:45,0,807,4,0,0,811
01/03/2026 20:00,0,768,0,737,12,43
01/03/2026 20:15,0,1064,0,1072,8,0
01/03/2026 20:30,0,832,0,834,2,0
01/03/2026 20:45,0,750,0,752,2,0
01/03/2026 21:00,0,807,0,809,2,0
01/03/2026 21:15,0,704,0,704,0,0
01/03/2026 21:30,0,739,0,743,4,0
01/03/2026 21:45,0,896,0,898,2,0
01/03/2026 22:00,0,615,0,1319,704,0
01/03/2026 22:15,0,897,0,1918,1021,0
01/03/2026 22:30,0,823,0,1865,1042,0
01/03/2026 22:45,0,889,0,1963,1074,0
01/03/2026 23:00,0,967,0,2069,1102,0
01/03/2026 23:15,0,624,0,1749,1125,0
01/03/2026 23:30,0,691,0,1824,1133,0
01/03/2026 23:45,0,681,0,1836,1155,0
01/04/2026 00:00,0,660,0,1790,1130,0
01/04/2026 00:15,0,754,0,1833,1079,0
01/04/2026 00:30,0,611,0,1504,893,0
01/04/2026 00:45,0,602,0,1254,652,0
01/04/2026 01:00,0,631,0,1021,390,0
01/04/2026 01:15,0,586,0,725,139,0
01/04/2026 01:30,0,676,0,730,54,0
01/04/2026 01:45,0,634,0,701,67,0
01/04/2026 02:00,0,794,0,869,75,0
01/04/2026 02:15,0,721,0,787,66,0
01/04/2026 02:30,0,620,0,671,51,0
01/04/2026 02:45,0,772,0,835,63,0
01/04/2026 03:00,0,618,0,688,70,0
01/04/2026 03:15,0,602,0,655,53,0
01/04/2026 03:30,0,673,0,724,51,0
01/04/2026 03:45,0,555,0,626,71,0
01/04/2026 04:00,0,683,0,760,77,0
01/04/2026 04:15,0,776,0,828,52,0
01/04/2026 04:30,0,739,0,807,68,0
01/04/2026 04:45,0,823,0,885,62,0
01/04/2026 05:00,0,614,0,670,56,0
01/04/2026 05:15,0,648,0,710,62,0
01/04/2026 05:30,0,754,0,816,62,0
01/04/2026 05:45,0,658,0,720,62,0
01/04/2026 06:00,0,748,0,800,52,0
01/04/2026 06:15,0,537,0,609,72,0
01/04/2026 06:30,0,759,0,821,62,0
01/04/2026 06:45,0,740,0,791,51,0
01/04/2026 07:00,0,981,0,1045,64,0
01/04/2026 07:15,0,1025,0,1086,61,0
01/04/2026 07:30,0,936,0,988,52,0
01/04/2026 07:45,0,994,0,1022,28,0
01/04/2026 08:00,0,892,0,903,12,1
01/04/2026 08:15,26,897,0,888,17,0
01/04/2026 08:30,38,778,0,745,5,0
01/04/2026 08:45,27,953,0,946,20,0
01/04/2026 09:00,44,1119,0,1082,8,1
01/04/2026 09:15,93,389,0,308,12,0
01/04/2026 09:30,79,231,0,164,12,0
01/04/2026 09:45,119,582,0,471,8,0
01/04/2026 10:00,168,389,0,240,19,0
01/04/2026 10:15,253,262,0,16,7,0
01/04/2026 10:30,237,861,0,634,11,1
01/04/2026 10:45,197,797,0,613,13,0
01/04/2026 11:00,496,1236,0,746,7,1
01/04/2026 11:15,556,965,0,426,17,0
01/04/2026 11:30,706,824,0,128,10,0
01/04/2026 11:45,354,768,0,425,11,0
01/04/2026 12:00,443,1013,0,580,10,0
01/04/2026 12:15,571,291,269,0,11,0
01/04/2026 12:30,184,736,0,559,7,0
01/04/2026 12:45,243,719,0,493,17,0
01/04/2026 13:00,152,567,0,429,14,0
01/04/2026 13:15,113,886,0,784,11,0
01/04/2026 13:30,122,853,0,735,4,0
01/04/2026 13:45,180,834,0,669,16,1
01/04/2026 14:00,211,844,0,649,16,0
01/04/2026 14:15,247,894,0,649,2,0
01/04/2026 14:30,191,1020,0,838,9,0
01/04/2026 14:45,138,675,0,550,13,0
01/04/2026 15:00,104,901,0,807,10,0
01/04/2026 15:15,74,765,0,701,10,0
01/04/2026 15:30,46,639,0,607,14,0
01/04/2026 15:45,20,735,0,729,14,0
01/04/2026 16:00,5,568,0,11,0,552
01/04/2026 16:15,0,586,0,3,0,583
01/04/2026 16:30,0,777,2,0,0,779
01/04/2026 16:45,0,682,0,0,0,682
01/04/2026 17:00,0,626,7,0,0,633
01/04/2026 17:15,0,623,0,7,0,616
01/04/2026 17:30,0,819,0,5,0,814
01/04/2026 17:45,0,707,0,7,0,700
01/04/2026 18:00,0,710,0,5,0,705
01/04/2026 18:15,0,393,0,10,0,383
01/04/2026 18:30,0,847,0,3,0,844
01/04/2026 18:45,0,686,20,0,0,706
01/04/2026 19:00,0,710,0,10,0,700
01/04/2026 19:15,0,1004,0,0,0,1004
01/04/2026 19:30,0,670,1,0,0,671
01/04/2026 19:45,0,721,5,0,0,726
01/04/2026 20:00,0,647,0,606,13,54
01/04/2026 20:15,0,868,0,875,7,0
01/04/2026 20:30,0,739,0,742,3,0
01/04/2026 20:45,0,804,0,807,3,0
01/04/2026 21:00,0,2125,0,2129,4,0
01/04/2026 21:15,0,2218,0,2219,1,0
01/04/2026 21:30,0,1393,0,1396,3,0
01/04/2026 21:45,0,1102,0,1104,2,0
01/04/2026 22:00,0,403,0,1096,693,0
01/04/2026 22:15,0,203,0,1239,1036,0
01/04/2026 22:30,0,248,0,1316,1068,0
01/04/2026 22:45,0,566,0,1671,1105,0
01/04/2026 23:00,0,622,0,1754,1132,0
01/04/2026 23:15,0,673,0,1832,1159,0
01/04/2026 23:30,0,873,0,2043,1170,0
01/04/2026 23:45,0,650,0,1810,1160,0
01/05/2026 00:00,0,800,0,1961,1161,0
01/05/2026 00:15,0,739,0,1791,1052,0
01/05/2026 00:30,0,686,0,1445,759,0
01/05/2026 00:45,0,712,0,1194,482,0
01/05/2026 01:00,0,555,0,774,219,0
01/05/2026 01:15,0,645,0,714,69,0
01/05/2026 01:30,0,676,0,729,53,0
01/05/2026 01:45,0,647,0,708,61,0
01/05/2026 02:00,0,843,0,915,72,0
01/05/2026 02:15,0,667,0,721,54,0
01/05/2026 02:30,0,700,0,772,72,0
01/05/2026 02:45,0,795,0,866,71,0
01/05/2026 03:00,0,823,0,885,62,0
01/05/2026 03:15,0,884,0,937,53,0
01/05/2026 03:30,0,710,0,779,69,0
01/05/2026 03:45,0,878,0,943,65,0
01/05/2026 04:00,0,710,0,762,52,0
01/05/2026 04:15,0,875,0,933,58,0
01/05/2026 04:30,0,667,0,743,76,0
01/05/2026 04:45,0,771,0,825,54,0
01/05/2026 05:00,0,623,0,677,54,0
01/05/2026 05:15,0,766,0,838,72,0
01/05/2026 05:30,0,1174,0,1236,62,0
01/05/2026 05:45,0,862,0,915,53,0
01/05/2026 06:00,0,955,0,1023,68,0
01/05/2026 06:15,0,711,0,776,65,0
01/05/2026 06:30,0,1117,0,1170,53,0
01/05/2026 06:45,0,990,0,1046,56,0
01/05/2026 07:00,0,1030,0,1106,76,0
01/05/2026 07:15,2,1003,0,1057,56,0
01/05/2026 07:30,29,999,0,1021,51,0
01/05/2026 07:45,45,788,0,808,65,0
01/05/2026 08:00,86,886,0,848,48,0
01/05/2026 08:15,124,1131,0,1014,7,0
01/05/2026 08:30,231,1223,0,1020,28,0
01/05/2026 08:45,233,1001,0,784,16,0
01/05/2026 09:00,285,892,0,607,0,0
01/05/2026 09:15,292,1020,0,742,14,0
01/05/2026 09:30,327,1013,0,710,24,0
01/05/2026 09:45,501,985,0,490,6,0
01/05/2026 10:00,457,943,0,496,10,0
01/05/2026 10:15,457,732,0,295,20,0
01/05/2026 10:30,508,861,0,363,10,0
01/05/2026 10:45,505,1074,0,579,10,0
01/05/2026 11:00,558,1015,0,471,14,0
01/05/2026 11:15,505,888,0,397,14,0
01/05/2026 11:30,345,726,0,390,9,0
01/05/2026 11:45,674,719,0,47,2,0
01/05/2026 12:00,551,803,0,273,21,0
01/05/2026 12:15,415,897,0,487,5,0
01/05/2026 12:30,420,915,0,505,10,0
01/05/2026 12:45,557,1089,0,549,17,0
01/05/2026 13:00,493,738,0,257,12,0
01/05/2026 13:15,410,735,0,336,11,0
01/05/2026 13:30,327,1000,0,685,12,0
01/05/2026 13:45,403,850,0,464,17,0
01/05/2026 14:00,309,816,0,516,9,0
01/05/2026 14:15,255,585,0,332,2,0
01/05/2026 14:30,213,662,0,472,23,0
01/05/2026 14:45,138,789,0,656,5,0
01/05/2026 15:00,183,824,0,650,9,0
01/05/2026 15:15,181,807,0,644,18,0
01/05/2026 15:30,102,736,0,643,9,0
01/05/2026 15:45,59,788,0,738,9,0
01/05/2026 16:00,13,809,14,0,0,810
01/05/2026 16:15,0,916,0,5,0,911
01/05/2026 16:30,0,874,0,2,0,872
01/05/2026 16:45,0,882,0,5,0,877
01/05/2026 17:00,0,702,0,4,0,698
01/05/2026 17:15,0,731,0,4,0,727
01/05/2026 17:30,0,1193,19,0,0,1212
01/05/2026 17:45,0,878,0,1,0,877
01/05/2026 18:00,0,894,0,3,0,891
01/05/2026 18:15,0,728,0,11,0,717
01/05/2026 18:30,0,849,0,1,0,848
01/05/2026 18:45,0,877,0,2,0,875
01/05/2026 19:00,0,720,11,0,0,731
01/05/2026 19:15,0,749,0,7,0,742
01/05/2026 19:30,0,829,2,0,0,831
01/05/2026 19:45,0,726,0,0,0,726
01/05/2026 20:00,0,751,0,742,15,24
01/05/2026 20:15,0,840,0,846,6,0
01/05/2026 20:30,0,903,0,904,1,0
01/05/2026 20:45,0,885,0,885,0,0
01/05/2026 21:00,0,775,0,775,0,0
01/05/2026 21:15,0,1138,0,1138,0,0
01/05/2026 21:30,0,899,0,900,1,0
01/05/2026 21:45,0,1041,0,1042,1,0
01/05/2026 22:00,0,399,0,1223,824,0
01/05/2026 22:15,0,199,0,1395,1196,0
01/05/2026 22:30,0,266,0,1504,1238,0
01/05/2026 22:45,0,681,0,1954,1273,0
01/05/2026 23:00,0,650,0,1960,1310,0
01/05/2026 23:15,0,719,0,2068,1349,0
01/05/2026 23:30,0,645,0,2018,1373,0
01/05/2026 23:45,0,652,0,2040,1388,0
01/06/2026 00:00,0,655,0,2054,1399,0
01/06/2026 00:15,0,715,0,2153,1438,0
01/06/2026 00:30,0,742,0,2048,1306,0
01/06/2026 00:45,0,738,0,1721,983,0
01/06/2026 01:00,0,643,0,1327,684,0
01/06/2026 01:15,0,603,0,900,297,0
01/06/2026 01:30,0,658,0,660,2,0
01/06/2026 01:45,0,619,0,619,0,0
01/06/2026 02:00,0,671,0,719,48,0
01/06/2026 02:15,0,804,0,824,20,0
01/06/2026 02:30,0,647,0,647,0,0
01/06/2026 02:45,0,665,0,677,12,0
01/06/2026 03:00,0,869,0,906,37,0
01/06/2026 03:15,0,754,0,754,0,0
01/06/2026 03:30,0,773,0,814,41,0
01/06/2026 03:45,0,717,0,725,8,0
01/06/2026 04:00,0,581,0,593,12,0
01/06/2026 04:15,0,709,0,711,2,0
01/06/2026 04:30,0,668,0,686,18,0
01/06/2026 04:45,0,713,0,732,19,0
01/06/2026 05:00,0,765,0,766,1,0
01/06/2026 05:15,0,653,0,672,19,0
01/06/2026 05:30,0,710,0,731,21,0
01/06/2026 05:45,0,783,0,783,0,0
01/06/2026 06:00,0,759,0,774,15,0
01/06/2026 06:15,0,724,0,734,10,0
01/06/2026 06:30,0,747,0,762,15,0
01/06/2026 06:45,0,765,0,767,2,0
01/06/2026 07:00,0,854,0,873,19,0
01/06/2026 07:15,0,845,0,865,20,0
01/06/2026 07:30,0,865,0,865,0,0
01/06/2026 07:45,0,745,0,766,21,0
01/06/2026 08:00,15,666,0,670,19,0
01/06/2026 08:15,36,769,0,734,1,0
01/06/2026 08:30,56,978,0,938,16,0
01/06/2026 08:45,72,897,0,838,13,0
01/06/2026 09:00,85,759,0,691,17,0
01/06/2026 09:15,114,662,0,549,1,0
01/06/2026 09:30,113,688,0,598,23,0
01/06/2026 09:45,159,786,0,649,22,0
01/06/2026 10:00,208,800,0,593,1,0
01/06/2026 10:15,311,789,0,500,22,0
01/06/2026 10:30,341,672,0,349,18,0
01/06/2026 10:45,391,683,0,292,0,0
01/06/2026 11:00,395,691,0,309,13,0
01/06/2026 11:15,556,832,0,286,10,0
01/06/2026 11:30,663,780,0,133,16,0
01/06/2026 11:45,605,752,0,147,0,0
01/06/2026 12:00,321,557,0,255,19,0
01/06/2026 12:15,341,611,0,289,19,0
01/06/2026 12:30,329,631,0,302,0,0
01/06/2026 12:45,277,632,0,376,21,0
01/06/2026 13:00,250,749,0,517,18,0
01/06/2026 13:15,298,659,0,363,2,0
01/06/2026 13:30,354,553,0,209,10,0
01/06/2026 13:45,253,543,0,302,12,0
01/06/2026 14:00,170,579,0,424,15,0
01/06/2026 14:15,110,677,0,567,0,0
01/06/2026 14:30,89,733,0,664,20,0
01/06/2026 14:45,154,732,0,595,17,0
01/06/2026 15:00,190,571,0,381,0,0
01/06/2026 15:15,99,626,0,548,21,0
01/06/2026 15:30,45,682,0,652,15,0
01/06/2026 15:45,30,619,0,591,2,0
01/06/2026 16:00,26,631,26,0,0,631
01/06/2026 16:15,0,743,0,8,0,735
01/06/2026 16:30,0,805,19,0,0,824
01/06/2026 16:45,0,724,0,2,0,722
01/06/2026 17:00,0,671,0,5,0,666
01/06/2026 17:15,0,679,0,3,0,676
01/06/2026 17:30,0,916,1,0,0,917
01/06/2026 17:45,0,826,0,0,0,826
01/06/2026 18:00,0,882,0,3,0,879
01/06/2026 18:15,0,826,3,0,0,829
01/06/2026 18:30,0,684,0,1,0,683
01/06/2026 18:45,0,668,0,7,0,661
01/06/2026 19:00,0,705,3,0,0,708
01/06/2026 19:15,0,722,0,3,0,719
01/06/2026 19:30,0,658,0,1,0,657
01/06/2026 19:45,0,728,1,0,0,729
01/06/2026 20:00,0,642,0,604,16,54
01/06/2026 20:15,0,624,0,630,6,0
01/06/2026 20:30,0,703,0,705,2,0
01/06/2026 20:45,0,680,0,681,1,0
01/06/2026 21:00,0,755,0,761,6,0
01/06/2026 21:15,0,729,0,736,7,0
01/06/2026 21:30,0,654,0,660,6,0
01/06/2026 21:45,0,914,0,918,4,0
01/06/2026 22:00,0,735,0,1591,856,0
01/06/2026 22:15,0,492,0,1813,1321,0
01/06/2026 22:30,0,335,0,1719,1384,0
01/06/2026 22:45,0,681,0,2125,1444,0
01/06/2026 23:00,0,695,0,2188,1493,0
01/06/2026 23:15,0,651,0,2182,1531,0
01/06/2026 23:30,0,688,0,2249,1561,0
01/06/2026 23:45,0,526,0,2058,1532,0
01/07/2026 00:00,0,523,0,1991,1468,0
01/07/2026 00:15,0,627,0,1837,1210,0
01/07/2026 00:30,0,541,0,991,450,0
01/07/2026 00:45,0,532,0,567,35,0
01/07/2026 01:00,0,622,0,623,1,0
01/07/2026 01:15,0,534,0,561,27,0
01/07/2026 01:30,0,531,0,575,44,0
01/07/2026 01:45,0,590,0,594,4,0
01/07/2026 02:00,0,580,0,580,0,0
01/07/2026 02:15,0,609,0,653,44,0
01/07/2026 02:30,0,643,0,655,12,0
01/07/2026 02:45,0,589,0,589,0,0
01/07/2026 03:00,0,556,0,576,20,0
01/07/2026 03:15,0,605,0,623,18,0
01/07/2026 03:30,0,541,0,544,3,0
01/07/2026 03:45,0,560,0,566,6,0
01/07/2026 04:00,0,666,0,691,25,0
01/07/2026 04:15,0,638,0,649,11,0
01/07/2026 04:30,0,671,0,671,0,0
01/07/2026 04:45,0,653,0,684,31,0
01/07/2026 05:00,0,634,0,645,11,0
01/07/2026 05:15,0,579,0,579,0,0
01/07/2026 05:30,0,581,0,601,20,0
01/07/2026 05:45,0,541,0,559,18,0
01/07/2026 06:00,0,571,0,575,4,0
01/07/2026 06:15,0,600,0,605,5,0
01/07/2026 06:30,0,755,0,784,29,0
01/07/2026 06:45,0,824,0,834,10,0
01/07/2026 07:00,0,640,0,640,0,0
01/07/2026 07:15,0,781,0,811,30,0
01/07/2026 07:30,0,858,0,872,14,0
01/07/2026 07:45,0,739,0,739,0,0
01/07/2026 08:00,2,646,0,666,22,0
01/07/2026 08:15,2,640,0,650,12,0
01/07/2026 08:30,22,618,0,606,10,0
01/07/2026 08:45,36,588,0,554,2,0
01/07/2026 09:00,47,526,0,508,29,0
01/07/2026 09:15,52,587,0,543,8,0
01/07/2026 09:30,52,683,0,635,4,0
01/07/2026 09:45,62,750,0,715,27,0
01/07/2026 10:00,82,608,0,529,3,0
01/07/2026 10:15,77,536,0,470,11,0
01/07/2026 10:30,79,538,0,478,19,0
01/07/2026 10:45,111,646,0,547,12,0
01/07/2026 11:00,119,709,0,590,0,0
01/07/2026 11:15,145,758,0,622,9,0
01/07/2026 11:30,137,691,0,586,32,0
01/07/2026 11:45,180,670,0,490,0,0
01/07/2026 12:00,268,636,0,368,0,0
01/07/2026 12:15,260,707,0,474,27,0
01/07/2026 12:30,320,694,0,388,14,0
01/07/2026 12:45,195,656,0,462,1,0
01/07/2026 13:00,114,541,0,445,18,0
01/07/2026 13:15,129,609,0,491,11,0
01/07/2026 13:30,155,670,0,526,11,0
01/07/2026 13:45,135,768,0,634,1,0
01/07/2026 14:00,129,682,0,580,27,0
01/07/2026 14:15,205,554,0,349,0,0
01/07/2026 14:30,294,572,0,288,10,0
01/07/2026 14:45,285,553,0,290,22,0
01/07/2026 15:00,170,655,0,494,9,0
01/07/2026 15:15,178,688,0,511,1,0
01/07/2026 15:30,41,640,0,625,26,0
01/07/2026 15:45,49,764,0,727,12,0
01/07/2026 16:00,30,632,32,0,0,634
01/07/2026 16:15,8,699,8,0,0,699
01/07/2026 16:30,0,984,0,6,0,978
01/07/2026 16:45,0,675,7,0,0,682
01/07/2026 17:00,0,596,0,1,0,595
01/07/2026 17:15,0,674,0,8,0,666
01/07/2026 17:30,0,1122,22,0,0,1144
01/07/2026 17:45,0,715,1,0,0,716
01/07/2026 18:00,0,835,0,4,0,831
01/07/2026 18:15,0,791,0,8,0,783
01/07/2026 18:30,0,707,3,0,0,710
01/07/2026 18:45,0,666,0,3,0,663
01/07/2026 19:00,0,721,0,4,0,717
01/07/2026 19:15,0,640,1,0,0,641
01/07/2026 19:30,0,749,0,4,0,745
01/07/2026 19:45,0,637,3,0,0,640
01/07/2026 20:00,0,629,0,595,17,51
01/07/2026 20:15,0,762,0,770,8,0
01/07/2026 20:30,0,747,0,750,3,0
01/07/2026 20:45,0,819,0,821,2,0
01/07/2026 21:00,0,2181,0,2183,2,0
01/07/2026 21:15,0,2243,0,2243,0,0
01/07/2026 21:30,0,1078,0,1082,4,0
01/07/2026 21:45,0,636,0,640,4,0
01/07/2026 22:00,0,191,0,1088,897,0
01/07/2026 22:15,0,255,0,1644,1389,0
01/07/2026 22:30,0,503,0,1955,1452,0
01/07/2026 22:45,0,144,0,1656,1512,0
01/07/2026 23:00,0,444,0,1828,1384,0
01/07/2026 23:15,0,755,0,2366,1611,0
01/07/2026 23:30,0,637,0,2254,1617,0
01/07/2026 23:45,0,677,0,2243,1566,0
01/08/2026 00:00,0,563,0,2011,1448,0
01/08/2026 00:15,0,554,0,1562,1008,0
01/08/2026 00:30,0,640,0,841,201,0
01/08/2026 00:45,0,554,0,577,23,0
01/08/2026 01:00,0,545,0,572,27,0
01/08/2026 01:15,0,630,0,660,30,0
01/08/2026 01:30,0,549,0,576,27,0
01/08/2026 01:45,0,559,0,559,0,0
01/08/2026 02:00,0,724,0,743,19,0
01/08/2026 02:15,0,584,0,598,14,0
01/08/2026 02:30,0,625,0,631,6,0
01/08/2026 02:45,0,619,0,655,36,0
01/08/2026 03:00,0,595,0,605,10,0
01/08/2026 03:15,0,585,0,595,10,0
01/08/2026 03:30,0,647,0,647,0,0
01/08/2026 03:45,0,565,0,587,22,0
01/08/2026 04:00,0,554,0,572,18,0
01/08/2026 04:15,0,638,0,638,0,0
01/08/2026 04:30,0,616,0,636,20,0
01/08/2026 04:45,0,632,0,645,13,0
01/08/2026 05:00,0,703,0,710,7,0
01/08/2026 05:15,0,566,0,582,16,0
01/08/2026 05:30,0,545,0,558,13,0
01/08/2026 05:45,0,665,0,674,9,0
01/08/2026 06:00,0,652,0,654,2,0
01/08/2026 06:15,0,660,0,682,22,0
01/08/2026 06:30,0,743,0,761,18,0
01/08/2026 06:45,0,739,0,739,0,0
01/08/2026 07:00,0,804,0,824,20,0
01/08/2026 07:15,0,794,0,806,12,0
01/08/2026 07:30,11,839,0,836,8,0
01/08/2026 07:45,32,667,0,651,16,0
01/08/2026 08:00,68,564,0,512,16,0
01/08/2026 08:15,97,696,0,609,10,0
01/08/2026 08:30,135,695,0,560,0,0
01/08/2026 08:45,153,634,0,502,21,0
01/08/2026 09:00,228,743,0,534,19,0
01/08/2026 09:15,310,775,0,465,0,0
01/08/2026 09:30,367,630,0,283,20,0
01/08/2026 09:45,444,548,0,114,10,0
01/08/2026 10:00,502,550,0,56,8,0
01/08/2026 10:15,598,554,31,0,13,0
01/08/2026 10:30,690,574,100,0,16,0
01/08/2026 10:45,741,435,297,0,9,0
01/08/2026 11:00,783,546,237,0,0,0
01/08/2026 11:15,831,496,315,0,20,0
01/08/2026 11:30,845,515,312,0,18,0
01/08/2026 11:45,773,409,364,0,0,0
01/08/2026 12:00,834,425,389,0,20,0
01/08/2026 12:15,838,450,380,0,8,0
01/08/2026 12:30,807,415,383,0,9,0
01/08/2026 12:45,769,435,323,0,11,0
01/08/2026 13:00,711,431,265,0,15,0
01/08/2026 13:15,654,413,231,0,10,0
01/08/2026 13:30,604,397,207,0,0,0
01/08/2026 13:45,414,401,0,6,19,0
01/08/2026 14:00,419,414,0,11,16,0
01/08/2026 14:15,260,398,0,138,0,0
01/08/2026 14:30,163,426,0,282,19,0
01/08/2026 14:45,125,378,0,261,8,0
01/08/2026 15:00,99,119,0,30,10,0
01/08/2026 15:15,74,332,0,266,8,0
01/08/2026 15:30,61,469,0,420,14,2
01/08/2026 15:45,42,516,0,482,10,2
01/08/2026 16:00,21,507,35,0,0,521
01/08/2026 16:15,5,717,0,0,0,712
01/08/2026 16:30,0,515,0,0,0,515
01/08/2026 16:45,0,489,0,7,0,482
01/08/2026 17:00,0,606,0,5,0,601
01/08/2026 17:15,0,627,1,0,0,628
01/08/2026 17:30,0,755,0,4,0,751
01/08/2026 17:45,0,916,3,0,0,919
01/08/2026 18:00,1,567,7,0,0,573
01/08/2026 18:15,0,362,0,8,0,354
01/08/2026 18:30,0,571,0,2,0,569
01/08/2026 18:45,0,297,0,8,0,289
01/08/2026 19:00,0,656,0,3,0,653
01/08/2026 19:15,0,670,0,3,0,667
01/08/2026 19:30,0,252,0,2,0,250
01/08/2026 19:45,0,390,0,11,0,379
01/08/2026 20:00,0,828,0,772,16,72
01/08/2026 20:15,0,775,0,785,10,0
01/08/2026 20:30,0,669,0,671,2,0
01/08/2026 20:45,0,751,0,757,6,0
01/08/2026 21:00,0,715,0,717,2,0
01/08/2026 21:15,0,932,0,934,2,0
01/08/2026 21:30,0,950,0,952,2,0
01/08/2026 21:45,0,874,0,876,2,0
01/08/2026 22:00,0,215,0,1093,878,0
01/08/2026 22:15,0,307,0,1641,1334,0
01/08/2026 22:30,0,423,0,1722,1299,0
01/08/2026 22:45,0,134,0,1431,1297,0
01/08/2026 23:00,0,546,0,1792,1246,0
01/08/2026 23:15,0,534,0,1806,1272,0
01/08/2026 23:30,0,642,0,1884,1242,0
01/08/2026 23:45,0,701,0,1824,1123,0
01/09/2026 00:00,0,613,0,1455,842,0
01/09/2026 00:15,0,645,0,948,303,0
01/09/2026 00:30,0,726,0,727,1,0
01/09/2026 00:45,0,568,0,595,27,0
01/09/2026 01:00,0,323,0,377,54,0
01/09/2026 01:15,0,563,0,576,13,0
01/09/2026 01:30,0,177,0,177,0,0
01/09/2026 01:45,0,527,0,549,22,0
01/09/2026 02:00,0,630,0,650,20,0
01/09/2026 02:15,0,696,0,698,2,0
01/09/2026 02:30,0,817,0,849,32,0
01/09/2026 02:45,0,627,0,642,15,0
01/09/2026 03:00,0,764,0,773,9,0
01/09/2026 03:15,0,590,0,612,22,0
01/09/2026 03:30,0,600,0,622,22,0
01/09/2026 03:45,0,627,0,640,13,0
01/09/2026 04:00,0,557,0,558,1,0
01/09/2026 04:15,0,680,0,701,21,0
01/09/2026 04:30,0,668,0,689,21,0
01/09/2026 04:45,0,737,0,737,0,0
01/09/2026 05:00,0,742,0,759,17,0
01/09/2026 05:15,0,683,0,701,18,0
01/09/2026 05:30,0,783,0,791,8,0
01/09/2026 05:45,0,611,0,611,0,0
01/09/2026 06:00,0,632,0,660,28,0
01/09/2026 06:15,0,674,0,686,12,0
01/09/2026 06:30,0,780,0,780,0,0
01/09/2026 06:45,0,818,0,839,21,0
01/09/2026 07:00,7,736,0,748,19,0
01/09/2026 07:15,14,853,0,839,0,0
01/09/2026 07:30,35,971,0,952,16,0
01/09/2026 07:45,59,821,0,778,16,0
01/09/2026 08:00,102,653,0,561,10,0
01/09/2026 08:15,99,645,0,548,2,0
01/09/2026 08:30,137,699,0,590,28,0
01/09/2026 08:45,182,1056,0,884,10,0
01/09/2026 09:00,251,793,0,542,0,0
01/09/2026 09:15,330,740,0,430,20,0
01/09/2026 09:30,282,731,0,467,18,0
01/09/2026 09:45,414,608,0,193,0,1
01/09/2026 10:00,516,592,0,88,12,0
01/09/2026 10:15,593,573,4,0,16,0
01/09/2026 10:30,693,578,109,0,6,0
01/09/2026 10:45,670,614,56,0,0,0
01/09/2026 11:00,695,513,157,0,25,0
01/09/2026 11:15,564,407,146,0,11,0
01/09/2026 11:30,447,396,51,0,0,0
01/09/2026 11:45,612,504,89,0,19,0
01/09/2026 12:00,518,418,81,0,19,0
01/09/2026 12:15,353,423,0,70,0,0
01/09/2026 12:30,390,526,0,147,11,0
01/09/2026 12:45,525,567,0,59,17,0
01/09/2026 13:00,349,523,0,183,9,0
01/09/2026 13:15,389,442,0,52,0,1
01/09/2026 13:30,384,399,0,39,24,0
01/09/2026 13:45,331,393,0,74,12,0
01/09/2026 14:00,307,394,0,87,0,0
01/09/2026 14:15,182,446,0,284,20,0
01/09/2026 14:30,179,424,0,262,17,0
01/09/2026 14:45,108,551,0,444,1,0
01/09/2026 15:00,91,426,0,343,8,0
01/09/2026 15:15,71,155,0,104,20,0
01/09/2026 15:30,64,123,0,67,8,0
01/09/2026 15:45,52,255,0,204,1,0
01/09/2026 16:00,22,890,27,0,0,895
01/09/2026 16:15,0,540,3,0,0,543
01/09/2026 16:30,0,499,0,4,0,495
01/09/2026 16:45,0,467,0,4,0,463
01/09/2026 17:00,0,463,2,0,0,465
01/09/2026 17:15,0,600,0,5,0,595
01/09/2026 17:30,0,1123,0,2,0,1121
01/09/2026 17:45,0,517,1,0,0,518
01/09/2026 18:00,0,599,0,5,0,594
01/09/2026 18:15,0,237,0,4,0,233
01/09/2026 18:30,0,578,0,4,0,574
01/09/2026 18:45,0,258,0,2,0,256
01/09/2026 19:00,0,268,0,6,0,262
01/09/2026 19:15,0,584,0,4,0,580
01/09/2026 19:30,0,584,0,4,0,580
01/09/2026 19:45,0,195,0,2,0,193
01/09/2026 20:00,0,242,0,232,6,16
01/09/2026 20:15,0,677,0,678,1,0
01/09/2026 20:30,0,532,0,532,0,0
01/09/2026 20:45,0,478,0,478,0,0
01/09/2026 21:00,0,666,0,666,0,0
01/09/2026 21:15,0,760,0,760,0,0
01/09/2026 21:30,0,755,0,756,1,0
01/09/2026 21:45,0,600,0,601,1,0
01/09/2026 22:00,0,151,0,1325,1174,0
01/09/2026 22:15,0,120,0,1927,1807,0
01/09/2026 22:30,0,116,0,1912,1796,0
01/09/2026 22:45,0,123,0,1917,1794,0
01/09/2026 23:00,0,241,0,1963,1722,0
01/09/2026 23:15,0,301,0,1794,1493,0
01/09/2026 23:30,0,117,0,366,249,0
01/09/2026 23:45,0,116,0,234,118,0
01/10/2026 00:00,0,119,0,138,19,0
01/10/2026 00:15,0,474,0,478,4,0
01/10/2026 00:30,0,566,0,580,14,0
01/10/2026 00:45,0,355,0,375,20,0
01/10/2026 01:00,0,374,0,374,0,0
01/10/2026 01:15,0,305,0,315,10,0
01/10/2026 01:30,0,118,0,150,32,0
01/10/2026 01:45,0,116,0,129,13,0
01/10/2026 02:00,0,321,0,330,9,0
01/10/2026 02:15,0,199,0,209,10,0
01/10/2026 02:30,0,333,0,352,19,0
01/10/2026 02:45,0,480,0,483,3,0
01/10/2026 03:00,0,443,0,460,17,0
01/10/2026 03:15,0,406,0,420,14,0
01/10/2026 03:30,0,382,0,387,5,0
01/10/2026 03:45,0,409,0,419,10,0
01/10/2026 04:00,0,384,0,397,13,0
01/10/2026 04:15,0,488,0,503,15,0
01/10/2026 04:30,0,306,0,315,9,0
01/10/2026 04:45,0,119,0,129,10,0
01/10/2026 05:00,0,114,0,134,20,0
01/10/2026 05:15,0,253,0,255,2,0
01/10/2026 05:30,0,353,0,370,17,0
01/10/2026 05:45,0,475,0,490,15,0
01/10/2026 06:00,0,563,0,569,6,0
01/10/2026 06:15,0,706,0,716,10,0
01/10/2026 06:30,0,556,0,568,12,0
01/10/2026 06:45,0,581,0,598,17,0
01/10/2026 07:00,0,732,0,741,9,0
01/10/2026 07:15,0,600,0,610,10,0
01/10/2026 07:30,35,579,0,564,20,0
01/10/2026 07:45,60,680,0,622,2,0
01/10/2026 08:00,84,850,0,782,16,0
01/10/2026 08:15,123,610,0,504,17,0
01/10/2026 08:30,188,505,0,326,9,0
01/10/2026 08:45,231,233,0,12,10,0
01/10/2026 09:00,237,187,39,0,11,0
01/10/2026 09:15,300,143,141,0,16,0
01/10/2026 09:30,298,310,0,25,13,0
01/10/2026 09:45,273,450,0,187,10,0
01/10/2026 10:00,403,396,0,3,10,0
01/10/2026 10:15,319,161,150,0,8,0
01/10/2026 10:30,394,156,220,0,18,0
01/10/2026 10:45,470,500,0,36,6,0
01/10/2026 11:00,438,531,0,101,8,0
01/10/2026 11:15,745,450,281,0,14,0
01/10/2026 11:30,616,443,159,0,14,0
01/10/2026 11:45,566,370,188,0,8,0
01/10/2026 12:00,628,585,33,0,10,0
01/10/2026 12:15,561,282,265,0,14,0
01/10/2026 12:30,358,331,13,0,14,0
01/10/2026 12:45,289,530,0,241,0,0
01/10/2026 13:00,264,278,0,28,14,0
01/10/2026 13:15,298,458,0,168,8,0
01/10/2026 13:30,284,579,0,308,15,2
01/10/2026 13:45,173,499,0,333,7,0
01/10/2026 14:00,125,331,0,216,10,0
01/10/2026 14:15,113,295,0,190,9,1
01/10/2026 14:30,97,586,0,499,13,3
01/10/2026 14:45,68,323,0,260,9,4
01/10/2026 15:00,48,145,0,104,8,1
01/10/2026 15:15,40,161,0,118,0,3
01/10/2026 15:30,22,630,0,626,20,2
01/10/2026 15:45,11,501,0,489,3,4
01/10/2026 16:00,4,433,12,0,2,443
01/10/2026 16:15,0,420,0,4,0,416
01/10/2026 16:30,0,455,0,8,0,447
01/10/2026 16:45,0,526,0,3,0,523
01/10/2026 17:00,0,533,0,4,0,529
01/10/2026 17:15,0,240,10,0,0,250
01/10/2026 17:30,0,630,0,8,0,622
01/10/2026 17:45,0,325,0,3,0,322
01/10/2026 18:00,0,366,0,11,0,355
01/10/2026 18:15,0,417,0,1,0,416
01/10/2026 18:30,0,187,0,2,0,185
01/10/2026 18:45,0,189,0,4,0,185
01/10/2026 19:00,0,626,0,7,0,619
01/10/2026 19:15,0,835,8,0,0,843
01/10/2026 19:30,0,645,0,5,0,640
01/10/2026 19:45,0,636,1,0,0,637
01/10/2026 20:00,0,633,0,590,12,55
01/10/2026 20:15,0,532,0,538,6,0
01/10/2026 20:30,0,550,0,550,0,0
01/10/2026 20:45,0,250,0,252,2,0
01/10/2026 21:00,0,1530,0,1532,2,0
01/10/2026 21:15,0,1665,0,1665,0,0
01/10/2026 21:30,0,1985,0,1987,2,0
01/10/2026 21:45,0,686,0,686,0,0
01/10/2026 22:00,0,436,0,1457,1021,0
01/10/2026 22:15,0,427,0,1944,1517,0
01/10/2026 22:30,0,563,0,2116,1553,0
01/10/2026 22:45,0,224,0,1791,1567,0
01/10/2026 23:00,0,151,0,1655,1504,0
01/10/2026 23:15,0,304,0,1592,1288,0
01/10/2026 23:30,0,655,0,1250,595,0
01/10/2026 23:45,0,558,0,558,1,1
01/11/2026 00:00,0,569,0,647,78,0
01/11/2026 00:15,0,622,0,622,0,0
01/11/2026 00:30,0,572,0,603,32,1
01/11/2026 00:45,0,569,0,593,24,0
01/11/2026 01:00,0,411,0,432,21,0
01/11/2026 01:15,0,171,0,180,9,0
01/11/2026 01:30,0,167,0,185,18,0
01/11/2026 01:45,0,231,0,239,9,1
01/11/2026 02:00,0,621,0,622,1,0
01/11/2026 02:15,0,480,0,500,20,0
01/11/2026 02:30,0,483,0,494,11,0
01/11/2026 02:45,0,392,0,398,6,0
01/11/2026 03:00,0,418,0,434,16,0
01/11/2026 03:15,0,349,0,362,13,0
01/11/2026 03:30,0,562,0,572,10,0
01/11/2026 03:45,0,615,0,625,10,0
01/11/2026 04:00,0,595,0,614,19,0
01/11/2026 04:15,0,570,0,580,10,0
01/11/2026 04:30,0,591,0,591,0,0
01/11/2026 04:45,0,566,0,586,20,0
01/11/2026 05:00,0,588,0,600,12,0
01/11/2026 05:15,0,463,0,469,6,0
01/11/2026 05:30,0,335,0,350,15,0
01/11/2026 05:45,0,186,0,200,14,0
01/11/2026 06:00,0,166,0,176,10,0
01/11/2026 06:15,0,546,0,556,10,0
01/11/2026 06:30,0,656,0,676,20,0
01/11/2026 06:45,0,765,0,775,10,0
01/11/2026 07:00,0,769,0,769,0,0
01/11/2026 07:15,0,562,0,583,21,0
01/11/2026 07:30,0,581,0,594,13,0
01/11/2026 07:45,0,703,0,710,7,0
01/11/2026 08:00,10,656,0,659,13,0
01/11/2026 08:15,23,179,0,172,16,0
01/11/2026 08:30,58,169,0,119,8,0
01/11/2026 08:45,85,201,0,124,8,0
01/11/2026 09:00,126,560,0,454,20,0
01/11/2026 09:15,128,727,0,609,10,0
01/11/2026 09:30,138,520,0,382,0,0
01/11/2026 09:45,157,548,0,409,18,0
01/11/2026 10:00,133,551,0,429,11,0
01/11/2026 10:15,137,546,0,416,7,0
01/11/2026 10:30,182,573,0,402,11,0
01/11/2026 10:45,253,548,0,311,16,0
01/11/2026 11:00,244,544,0,309,9,0
01/11/2026 11:15,192,541,0,354,6,1
01/11/2026 11:30,162,567,0,421,17,1
01/11/2026 11:45,153,640,0,495,10,2
01/11/2026 12:00,156,739,0,583,0,0
01/11/2026 12:15,311,565,0,270,16,0
01/11/2026 12:30,526,627,0,111,10,0
01/11/2026 12:45,830,301,522,0,7,0
01/11/2026 13:00,650,547,92,0,11,0
01/11/2026 13:15,365,180,169,0,16,0
01/11/2026 13:30,427,148,270,0,9,0
01/11/2026 13:45,394,461,0,72,5,0
01/11/2026 14:00,321,915,0,615,21,0
01/11/2026 14:15,299,1801,0,1511,9,0
01/11/2026 14:30,259,662,0,405,2,0
01/11/2026 14:45,212,1788,0,1593,17,0
01/11/2026 15:00,172,569,0,407,10,0
01/11/2026 15:15,124,492,0,374,7,1
01/11/2026 15:30,105,365,0,267,8,1
01/11/2026 15:45,72,372,0,317,17,0
01/11/2026 16:00,19,147,34,0,0,162
01/11/2026 16:15,5,143,2,0,0,140
01/11/2026 16:30,0,172,0,4,0,168
01/11/2026 16:45,0,555,0,16,0,539
01/11/2026 17:00,0,665,0,0,0,665
01/11/2026 17:15,0,564,0,10,0,554
01/11/2026 17:30,0,653,9,0,0,662
01/11/2026 17:45,0,517,0,3,0,514
01/11/2026 18:00,0,488,1,0,0,489
01/11/2026 18:15,0,230,0,2,0,228
01/11/2026 18:30,0,649,0,10,0,639
01/11/2026 18:45,0,262,0,4,0,258
01/11/2026 19:00,0,264,0,4,0,260
01/11/2026 19:15,0,381,0,8,0,373
01/11/2026 19:30,0,1056,0,0,0,1056
01/11/2026 19:45,0,666,0,2,0,664
01/11/2026 20:00,0,626,0,584,12,54
01/11/2026 20:15,0,697,0,704,7,0
01/11/2026 20:30,0,647,0,647,0,0
01/11/2026 20:45,0,650,0,651,1,0
01/11/2026 21:00,0,706,0,712,6,0
01/11/2026 21:15,0,679,0,681,2,0
01/11/2026 21:30,0,647,0,647,0,0
01/11/2026 21:45,0,667,0,668,1,0
01/11/2026 22:00,0,338,0,1229,891,0
01/11/2026 22:15,0,237,0,1491,1254,0
01/11/2026 22:30,0,432,0,1684,1252,0
01/11/2026 22:45,0,550,0,1805,1255,0
01/11/2026 23:00,0,430,0,1673,1243,0
01/11/2026 23:15,0,495,0,1699,1204,0
01/11/2026 23:30,0,864,0,1940,1076,0
01/11/2026 23:45,0,652,0,1408,756,0
01/12/2026 00:00,0,705,0,819,114,0
01/12/2026 00:15,0,592,0,592,0,0
01/12/2026 00:30,0,581,0,657,76,0
01/12/2026 00:45,0,621,0,626,5,0
01/12/2026 01:00,0,542,0,548,6,0
01/12/2026 01:15,0,573,0,609,36,0
01/12/2026 01:30,0,625,0,639,14,0
01/12/2026 01:45,0,550,0,563,13,0
01/12/2026 02:00,0,666,0,679,13,0
01/12/2026 02:15,0,554,0,570,16,0
01/12/2026 02:30,0,599,0,611,12,0
01/12/2026 02:45,0,0,0,0,0,0
01/12/2026 03:00,0,0,0,0,0,0
01/12/2026 03:15,0,0,0,0,0,0
01/12/2026 03:30,0,0,0,0,0,0
01/12/2026 03:45,0,1164,0,1198,34,0
01/12/2026 04:00,0,660,0,660,0,0
01/12/2026 04:15,0,545,0,551,6,0
01/12/2026 04:30,0,690,0,690,0,0
01/12/2026 04:45,0,549,0,551,2,0
01/12/2026 05:00,0,681,0,681,0,0
01/12/2026 05:15,0,677,0,678,1,0
01/12/2026 05:30,0,614,0,615,1,0
01/12/2026 05:45,0,725,0,725,0,0
01/12/2026 06:00,0,544,0,546,2,0
01/12/2026 06:15,0,784,0,784,0,0
01/12/2026 06:30,0,682,0,682,0,0
01/12/2026 06:45,0,740,0,742,2,0
01/12/2026 07:00,1,877,0,877,1,0
01/12/2026 07:15,6,889,0,884,1,0
01/12/2026 07:30,34,1089,0,1055,0,0
01/12/2026 07:45,68,2004,0,1940,4,0
01/12/2026 08:00,71,1818,0,1749,2,0
01/12/2026 08:15,83,1002,0,923,4,0
01/12/2026 08:30,129,837,0,712,4,0
01/12/2026 08:45,150,716,0,566,0,0
01/12/2026 09:00,172,990,0,820,2,0
01/12/2026 09:15,256,1849,0,1593,0,0
01/12/2026 09:30,255,1305,0,1050,0,0
01/12/2026 09:45,295,735,0,440,0,0
01/12/2026 10:00,222,1070,0,848,0,0
01/12/2026 10:15,231,691,0,460,0,0
01/12/2026 10:30,539,1103,0,564,0,0
01/12/2026 10:45,691,985,0,294,0,0
01/12/2026 11:00,452,849,0,397,0,0
01/12/2026 11:15,491,1094,0,603,0,0
01/12/2026 11:30,599,1095,0,496,0,0
01/12/2026 11:45,521,794,0,273,0,0
01/12/2026 12:00,479,767,0,288,0,0
01/12/2026 12:15,539,799,0,260,0,0
01/12/2026 12:30,408,798,0,396,6,0
01/12/2026 12:45,355,771,0,420,4,0
01/12/2026 13:00,336,602,0,271,5,0
01/12/2026 13:15,462,592,0,135,5,0
01/12/2026 13:30,606,572,34,0,0,0
01/12/2026 13:45,466,592,0,130,4,0
01/12/2026 14:00,327,600,0,275,2,0
01/12/2026 14:15,180,604,0,424,0,0
01/12/2026 14:30,143,581,0,438,0,0
01/12/2026 14:45,130,580,0,450,0,0
01/12/2026 15:00,109,812,0,704,1,0
01/12/2026 15:15,79,797,0,718,0,0
01/12/2026 15:30,67,179,0,112,0,0
01/12/2026 15:45,52,137,0,86,1,0
01/12/2026 16:00,27,635,25,0,0,633
01/12/2026 16:15,11,546,8,0,0,543
01/12/2026 16:30,0,748,0,12,0,736
01/12/2026 16:45,0,817,0,2,0,815
01/12/2026 17:00,0,745,0,5,0,740
01/12/2026 17:15,0,655,0,6,0,649
01/12/2026 17:30,0,1193,0,5,0,1188
01/12/2026 17:45,0,658,0,6,0,652
01/12/2026 18:00,0,808,0,0,0,808
01/12/2026 18:15,0,344,0,9,0,335
01/12/2026 18:30,0,949,0,12,0,937
01/12/2026 18:45,0,379,0,3,0,376
01/12/2026 19:00,0,723,0,14,0,709
01/12/2026 19:15,0,660,0,1,0,659
01/12/2026 19:30,0,629,0,11,0,618
01/12/2026 19:45,0,859,0,7,0,852
01/12/2026 20:00,0,733,0,652,5,86
01/12/2026 20:15,0,822,0,827,5,0
01/12/2026 20:30,0,1240,0,1246,6,0
01/12/2026 20:45,0,2122,0,2126,4,0
01/12/2026 21:00,0,2237,0,2243,6,0
01/12/2026 21:15,0,895,0,900,5,0
01/12/2026 21:30,0,925,0,930,5,0
01/12/2026 21:45,0,645,0,651,6,0
01/12/2026 22:00,0,241,0,702,461,0
01/12/2026 22:15,0,662,0,1372,710,0
01/12/2026 22:30,0,531,0,1264,733,0
01/12/2026 22:45,0,651,0,1402,751,0
01/12/2026 23:00,0,313,0,1077,764,0
01/12/2026 23:15,0,715,0,1485,770,0
01/12/2026 23:30,0,830,0,1603,773,0
01/12/2026 23:45,0,831,0,1604,773,0
01/13/2026 00:00,0,599,0,1349,750,0
01/13/2026 00:15,0,665,0,1358,693,0
01/13/2026 00:30,0,694,0,1265,571,0
01/13/2026 00:45,0,974,0,1330,356,0
01/13/2026 01:00,0,533,0,664,131,0
01/13/2026 01:15,0,552,0,651,99,0
01/13/2026 01:30,0,609,0,745,136,0
01/13/2026 01:45,0,753,0,861,108,0
01/13/2026 02:00,0,725,0,825,100,0
01/13/2026 02:15,0,355,0,455,100,0
01/13/2026 02:30,0,149,0,259,110,0
01/13/2026 02:45,0,647,0,757,110,0
01/13/2026 03:00,0,757,0,856,99,0
01/13/2026 03:15,0,753,0,881,128,0
01/13/2026 03:30,0,604,0,715,111,0
01/13/2026 03:45,0,622,0,722,100,0
01/13/2026 04:00,0,592,0,692,100,0
01/13/2026 04:15,0,913,0,1031,118,0
01/13/2026 04:30,0,699,0,800,101,0
01/13/2026 04:45,0,563,0,663,100,0
01/13/2026 05:00,0,544,0,654,110,0
01/13/2026 05:15,0,891,0,1000,109,0
01/13/2026 05:30,0,632,0,732,100,0
01/13/2026 05:45,0,658,0,765,107,0
01/13/2026 06:00,0,147,0,259,112,0
01/13/2026 06:15,0,439,0,539,100,0
01/13/2026 06:30,0,806,0,906,100,0
01/13/2026 06:45,0,853,0,967,114,0
01/13/2026 07:00,0,909,0,1010,101,0
01/13/2026 07:15,7,1031,0,1124,100,0
01/13/2026 07:30,37,727,0,798,108,0
01/13/2026 07:45,50,668,0,727,109,0
01/13/2026 08:00,103,660,0,655,98,0
01/13/2026 08:15,97,939,0,947,105,0
01/13/2026 08:30,139,734,0,708,113,0
01/13/2026 08:45,169,687,0,618,100,0
01/13/2026 09:00,230,628,0,497,99,0
01/13/2026 09:15,326,584,0,374,116,0
01/13/2026 09:30,391,895,0,606,102,0
01/13/2026 09:45,462,627,0,266,101,0
01/13/2026 10:00,527,651,0,235,111,0
01/13/2026 10:15,618,711,0,201,108,0
01/13/2026 10:30,715,658,0,43,100,0
01/13/2026 10:45,766,715,0,55,106,0
01/13/2026 11:00,814,464,236,0,114,0
01/13/2026 11:15,858,533,226,0,99,0
01/13/2026 11:30,879,466,313,0,100,0
01/13/2026 11:45,873,701,57,0,115,0
01/13/2026 12:00,872,486,283,0,103,0
01/13/2026 12:15,827,458,267,0,102,0
01/13/2026 12:30,834,416,308,0,110,0
01/13/2026 12:45,824,423,292,0,109,0
01/13/2026 13:00,520,684,0,262,98,0
01/13/2026 13:15,600,417,80,0,103,0
01/13/2026 13:30,563,485,0,36,114,0
01/13/2026 13:45,415,431,0,116,100,0
01/13/2026 14:00,353,405,0,151,99,0
01/13/2026 14:15,312,650,0,451,113,0
01/13/2026 14:30,220,406,0,288,102,0
01/13/2026 14:45,127,433,0,404,98,0
01/13/2026 15:00,112,325,0,321,108,0
01/13/2026 15:15,93,152,0,164,105,0
01/13/2026 15:30,72,358,0,383,97,0
01/13/2026 15:45,49,292,0,345,102,0
01/13/2026 16:00,27,572,0,26,7,526
01/13/2026 16:15,11,582,15,0,0,586
01/13/2026 16:30,0,720,0,5,0,715
01/13/2026 16:45,0,497,0,8,0,489
01/13/2026 17:00,0,486,0,5,0,481
01/13/2026 17:15,0,504,0,2,0,502
01/13/2026 17:30,0,998,0,5,0,993
01/13/2026 17:45,0,705,0,4,0,701
01/13/2026 18:00,0,715,0,12,0,703
01/13/2026 18:15,0,234,1,0,0,235
01/13/2026 18:30,0,686,0,22,0,664
01/13/2026 18:45,0,284,6,0,0,290
01/13/2026 19:00,0,284,0,12,0,272
01/13/2026 19:15,0,864,0,12,0,852
01/13/2026 19:30,0,664,0,1,0,663
01/13/2026 19:45,0,890,0,7,0,883
01/13/2026 20:00,0,652,0,578,5,79
01/13/2026 20:15,0,674,0,679,5,0
01/13/2026 20:30,0,656,0,662,6,0
01/13/2026 20:45,0,690,0,695,5,0
01/13/2026 21:00,0,953,0,959,6,0
01/13/2026 21:15,0,719,0,725,6,0
01/13/2026 21:30,0,845,0,850,5,0
01/13/2026 21:45,0,434,0,439,5,0
01/13/2026 22:00,0,410,0,1372,962,0
01/13/2026 22:15,0,522,0,2099,1577,0
01/13/2026 22:30,0,547,0,2134,1587,0
01/13/2026 22:45,0,493,0,2125,1632,0
01/13/2026 23:00,0,336,0,1968,1632,0
01/13/2026 23:15,0,130,0,1703,1573,0
01/13/2026 23:30,0,658,0,2052,1394,0
01/13/2026 23:45,0,154,0,949,795,0
01/14/2026 00:00,0,386,0,405,19,0
01/14/2026 00:15,0,461,0,461,0,0
01/14/2026 00:30,0,441,0,441,0,0
01/14/2026 00:45,0,661,0,673,12,0
01/14/2026 01:00,0,457,0,457,0,0
01/14/2026 01:15,0,461,0,461,0,0
01/14/2026 01:30,0,455,0,463,8,0
01/14/2026 01:45,0,501,0,505,4,0
01/14/2026 02:00,0,656,0,656,0,0
01/14/2026 02:15,0,457,0,457,0,0
01/14/2026 02:30,0,431,0,443,12,0
01/14/2026 02:45,0,395,0,395,0,0
01/14/2026 03:00,0,298,0,298,0,0
01/14/2026 03:15,0,348,0,360,12,0
01/14/2026 03:30,0,379,0,380,1,0
01/14/2026 03:45,0,169,0,170,1,0
01/14/2026 04:00,0,632,0,638,6,0
01/14/2026 04:15,0,595,0,601,6,0
01/14/2026 04:30,0,402,0,404,2,0
01/14/2026 04:45,0,402,0,402,0,0
01/14/2026 05:00,0,660,0,672,12,0
01/14/2026 05:15,0,474,0,475,1,0
01/14/2026 05:30,0,121,0,122,1,0
01/14/2026 05:45,0,213,0,224,11,0
01/14/2026 06:00,0,514,0,515,1,0
01/14/2026 06:15,0,500,0,501,1,0
01/14/2026 06:30,0,839,0,844,5,0
01/14/2026 06:45,0,587,0,594,7,0
01/14/2026 07:00,0,633,0,635,2,0
01/14/2026 07:15,2,631,0,630,1,0
01/14/2026 07:30,39,607,0,581,13,0
01/14/2026 07:45,82,832,0,750,0,0
01/14/2026 08:00,121,567,0,447,1,0
01/14/2026 08:15,177,695,0,529,11,0
01/14/2026 08:30,220,564,0,344,0,0
01/14/2026 08:45,205,571,0,366,0,0
01/14/2026 09:00,230,426,0,200,4,0
01/14/2026 09:15,300,674,0,380,6,0
01/14/2026 09:30,343,446,0,104,1,0
01/14/2026 09:45,397,421,0,27,3,0
01/14/2026 10:00,530,153,366,0,11,0
01/14/2026 10:15,525,189,336,0,0,0
01/14/2026 10:30,439,192,246,0,1,0
01/14/2026 10:45,487,361,115,0,11,0
01/14/2026 11:00,489,872,0,384,1,0
01/14/2026 11:15,345,388,0,46,3,0
01/14/2026 11:30,364,367,0,9,6,0
01/14/2026 11:45,285,232,45,0,8,0
01/14/2026 12:00,329,584,0,257,2,0
01/14/2026 12:15,258,428,0,174,4,0
01/14/2026 12:30,261,411,0,162,12,0
01/14/2026 12:45,275,535,0,262,2,0
01/14/2026 13:00,258,422,0,166,2,0
01/14/2026 13:15,215,377,0,172,10,0
01/14/2026 13:30,174,213,0,41,2,0
01/14/2026 13:45,143,325,0,184,2,0
01/14/2026 14:00,137,173,0,38,2,0
01/14/2026 14:15,128,140,0,20,8,0
01/14/2026 14:30,113,355,0,242,0,0
01/14/2026 14:45,91,689,0,598,0,0
01/14/2026 15:00,65,535,0,480,10,0
01/14/2026 15:15,63,411,0,348,0,0
01/14/2026 15:30,62,366,0,304,0,0
01/14/2026 15:45,42,386,0,354,10,0
01/14/2026 16:00,26,663,6,0,0,643
01/14/2026 16:15,5,326,12,0,0,333
01/14/2026 16:30,0,188,0,7,0,181
01/14/2026 16:45,0,184,0,5,0,179
01/14/2026 17:00,0,254,0,2,0,252
01/14/2026 17:15,0,573,0,13,0,560
01/14/2026 17:30,0,1209,0,6,0,1203
01/14/2026 17:45,0,271,0,1,0,270
01/14/2026 18:00,0,383,0,14,0,369
01/14/2026 18:15,0,310,0,0,0,310
01/14/2026 18:30,0,217,0,3,0,214
01/14/2026 18:45,0,404,0,4,0,400
01/14/2026 19:00,0,512,0,17,0,495
01/14/2026 19:15,0,761,0,0,0,761
01/14/2026 19:30,0,448,0,6,0,442
01/14/2026 19:45,0,480,0,5,0,475
01/14/2026 20:00,0,460,0,404,6,62
01/14/2026 20:15,0,337,0,343,6,0
01/14/2026 20:30,0,402,0,408,6,0
01/14/2026 20:45,0,350,0,355,5,0
01/14/2026 21:00,0,317,0,322,5,0
01/14/2026 21:15,0,230,0,236,6,0
01/14/2026 21:30,0,630,0,636,6,0
01/14/2026 21:45,0,609,0,615,6,0
01/14/2026 22:00,0,834,0,1950,1116,0
01/14/2026 22:15,0,491,0,2232,1741,0
01/14/2026 22:30,0,384,0,2121,1737,0
01/14/2026 22:45,0,140,0,1850,1710,0
01/14/2026 23:00,0,272,0,1855,1583,0
01/14/2026 23:15,0,634,0,1654,1020,0
01/14/2026 23:30,0,664,0,832,168,0
01/14/2026 23:45,0,197,0,252,55,0
01/15/2026 00:00,0,119,0,119,0,0
01/15/2026 00:15,0,121,0,145,24,0
01/15/2026 00:30,0,295,0,326,31,0
01/15/2026 00:45,0,569,0,574,5,0
01/15/2026 01:00,0,407,0,431,24,0
01/15/2026 01:15,0,431,0,437,6,0
01/15/2026 01:30,0,243,0,277,34,0
01/15/2026 01:45,0,159,0,161,2,0
01/15/2026 02:00,0,671,0,689,18,0
01/15/2026 02:15,0,579,0,593,14,0
01/15/2026 02:30,0,421,0,425,4,0
01/15/2026 02:45,0,400,0,420,20,0
01/15/2026 03:00,0,528,0,536,8,0
01/15/2026 03:15,0,242,0,253,11,0
01/15/2026 03:30,0,124,0,143,19,0
01/15/2026 03:45,0,420,0,420,0,0
01/15/2026 04:00,0,567,0,586,19,0
01/15/2026 04:15,0,491,0,491,0,0
01/15/2026 04:30,0,208,0,226,18,0
01/15/2026 04:45,0,120,0,134,14,0
01/15/2026 05:00,0,184,0,190,6,0
01/15/2026 05:15,0,433,0,451,18,0
01/15/2026 05:30,0,943,0,951,8,0
01/15/2026 05:45,0,425,0,435,10,0
01/15/2026 06:00,0,407,0,425,18,0
01/15/2026 06:15,0,517,0,517,0,0
01/15/2026 06:30,0,430,0,450,20,0
01/15/2026 06:45,0,440,0,440,0,0
01/15/2026 07:00,0,477,0,495,18,0
01/15/2026 07:15,0,675,0,688,13,0
01/15/2026 07:30,0,410,0,417,7,0
01/15/2026 07:45,0,402,0,420,18,0
01/15/2026 08:00,19,421,0,408,6,0
01/15/2026 08:15,71,291,0,234,14,0
01/15/2026 08:30,82,341,0,273,14,0
01/15/2026 08:45,91,701,0,613,3,0
01/15/2026 09:00,158,297,0,159,20,0
01/15/2026 09:15,175,119,56,0,0,0
01/15/2026 09:30,241,115,108,0,18,0
01/15/2026 09:45,491,363,116,0,12,0
01/15/2026 10:00,391,645,0,262,8,0
01/15/2026 10:15,403,493,0,107,17,0
01/15/2026 10:30,631,425,200,0,6,0
01/15/2026 10:45,730,368,348,0,14,0
01/15/2026 11:00,801,591,197,0,13,0
01/15/2026 11:15,832,249,579,0,4,0
01/15/2026 11:30,810,138,653,0,19,0
01/15/2026 11:45,738,119,619,0,0,0
01/15/2026 12:00,471,119,334,0,18,0
01/15/2026 12:15,433,375,47,0,11,0
01/15/2026 12:30,711,483,219,0,9,0
01/15/2026 12:45,590,314,258,0,18,0
01/15/2026 13:00,373,118,251,0,4,0
01/15/2026 13:15,281,578,0,313,16,0
01/15/2026 13:30,356,505,0,161,12,0
01/15/2026 13:45,417,356,55,0,6,0
01/15/2026 14:00,139,381,0,262,20,0
01/15/2026 14:15,264,383,0,119,0,0
01/15/2026 14:30,144,348,0,220,16,0
01/15/2026 14:45,195,352,0,167,10,0
01/15/2026 15:00,168,314,0,156,10,0
01/15/2026 15:15,126,132,0,23,17,0
01/15/2026 15:30,101,167,0,69,3,0
01/15/2026 15:45,40,875,0,851,16,0
01/15/2026 16:00,7,372,0,2,0,363
01/15/2026 16:15,0,130,0,2,0,128
01/15/2026 16:30,0,211,0,8,0,203
01/15/2026 16:45,0,202,0,5,0,197
01/15/2026 17:00,0,359,0,14,0,345
01/15/2026 17:15,0,1000,0,6,0,994
01/15/2026 17:30,0,665,10,0,0,675
01/15/2026 17:45,0,591,0,9,0,582
01/15/2026 18:00,0,513,2,0,0,515
01/15/2026 18:15,0,346,0,10,0,336
01/15/2026 18:30,0,612,0,4,0,608
01/15/2026 18:45,0,279,0,4,0,275
01/15/2026 19:00,0,706,0,21,0,685
01/15/2026 19:15,0,831,0,3,0,828
01/15/2026 19:30,0,760,0,7,0,753
01/15/2026 19:45,0,584,2,0,0,586
01/15/2026 20:00,0,612,0,579,5,38
01/15/2026 20:15,0,319,0,324,5,0
01/15/2026 20:30,0,527,0,533,6,0
01/15/2026 20:45,0,1621,0,1627,6,0
01/15/2026 21:00,0,2123,0,2129,6,0
01/15/2026 21:15,0,1873,0,1879,6,0
01/15/2026 21:30,0,808,0,812,4,0
01/15/2026 21:45,0,373,0,379,6,0
01/15/2026 22:00,0,219,0,1081,862,0
01/15/2026 22:15,0,858,0,2161,1303,0
01/15/2026 22:30,0,365,0,1643,1278,0
01/15/2026 22:45,0,912,0,2183,1271,0
01/15/2026 23:00,0,763,0,2025,1262,0
01/15/2026 23:15,0,560,0,1779,1219,0
01/15/2026 23:30,0,562,0,1653,1091,0
01/15/2026 23:45,0,626,0,1443,817,0
01/16/2026 00:00,0,253,0,562,309,0
01/16/2026 00:15,0,473,0,474,1,0
01/16/2026 00:30,0,481,0,481,0,0
01/16/2026 00:45,0,640,0,641,1,0
01/16/2026 01:00,0,758,0,780,22,0
01/16/2026 01:15,0,722,0,722,0,0
01/16/2026 01:30,0,736,0,738,2,0
01/16/2026 01:45,0,539,0,559,20,0
01/16/2026 02:00,0,660,0,664,4,0
01/16/2026 02:15,0,507,0,509,2,0
01/16/2026 02:30,0,805,0,809,4,0
01/16/2026 02:45,0,622,0,642,20,0
01/16/2026 03:00,0,614,0,614,0,0
01/16/2026 03:15,0,644,0,644,0,0
01/16/2026 03:30,0,794,0,816,22,0
01/16/2026 03:45,0,712,0,714,2,0
01/16/2026 04:00,0,727,0,727,0,0
01/16/2026 04:15,0,818,0,840,22,0
01/16/2026 04:30,0,571,0,575,4,0
01/16/2026 04:45,0,722,0,724,2,0
01/16/2026 05:00,0,622,0,626,4,0
01/16/2026 05:15,0,1149,0,1169,20,0
01/16/2026 05:30,0,645,0,647,2,0
01/16/2026 05:45,0,716,0,716,0,0
01/16/2026 06:00,0,737,0,759,22,0
01/16/2026 06:15,0,771,0,771,0,0
01/16/2026 06:30,0,1122,0,1122,0,0
01/16/2026 06:45,0,1184,0,1204,20,0
01/16/2026 07:00,0,744,0,749,5,0
01/16/2026 07:15,0,723,0,727,4,0
01/16/2026 07:30,40,1015,0,976,1,0
01/16/2026 07:45,91,934,0,864,21,0
01/16/2026 08:00,85,878,0,795,2,0
01/16/2026 08:15,98,858,0,762,2,0
01/16/2026 08:30,146,895,0,770,21,0
01/16/2026 08:45,186,1024,0,839,1,0
01/16/2026 09:00,244,673,0,429,0,0
01/16/2026 09:15,353,793,0,458,18,0
01/16/2026 09:30,427,870,0,445,2,0
01/16/2026 09:45,503,860,0,357,0,0
01/16/2026 10:00,574,1013,0,439,0,0
01/16/2026 10:15,669,570,81,0,18,0
01/16/2026 10:30,776,662,114,0,0,0
01/16/2026 10:45,832,704,128,0,0,0
01/16/2026 11:00,878,725,135,0,18,0
01/16/2026 11:15,923,989,0,66,0,0
01/16/2026 11:30,946,797,149,0,0,0
01/16/2026 11:45,941,787,140,0,14,0
01/16/2026 12:00,944,579,362,0,3,0
01/16/2026 12:15,961,534,427,0,0,0
01/16/2026 12:30,933,771,162,0,0,0
01/16/2026 12:45,882,551,314,0,17,0
01/16/2026 13:00,818,697,121,0,0,0
01/16/2026 13:15,734,609,125,0,0,0
01/16/2026 13:30,598,734,0,153,17,0
01/16/2026 13:45,441,583,0,142,0,0
01/16/2026 14:00,279,533,0,254,0,0
01/16/2026 14:15,178,546,0,382,14,0
01/16/2026 14:30,147,674,0,531,4,0
01/16/2026 14:45,123,786,0,663,0,0
01/16/2026 15:00,104,572,0,468,0,0
01/16/2026 15:15,75,612,0,554,17,0
01/16/2026 15:30,95,656,0,561,0,0
01/16/2026 15:45,87,584,0,497,0,0
01/16/2026 16:00,43,870,12,0,3,842
01/16/2026 16:15,20,560,14,0,0,554
01/16/2026 16:30,1,551,0,6,0,544
01/16/2026 16:45,0,815,0,9,0,806
01/16/2026 17:00,0,816,0,7,0,809
01/16/2026 17:15,0,697,9,0,0,706
01/16/2026 17:30,0,1028,0,18,0,1010
01/16/2026 17:45,0,824,0,5,0,819
01/16/2026 18:00,0,1235,0,10,0,1225
01/16/2026 18:15,0,694,1,0,0,695
01/16/2026 18:30,0,842,0,8,0,834
01/16/2026 18:45,0,750,0,8,0,742
01/16/2026 19:00,0,1057,0,6,0,1051
01/16/2026 19:15,0,654,0,9,0,645
01/16/2026 19:30,1,748,0,4,0,743
01/16/2026 19:45,0,881,0,19,0,862
01/16/2026 20:00,0,853,0,723,4,134
01/16/2026 20:15,0,540,0,546,6,0
01/16/2026 20:30,0,544,0,550,6,0
01/16/2026 20:45,0,903,0,907,4,0
01/16/2026 21:00,0,1264,0,1270,6,0
01/16/2026 21:15,0,1850,0,1856,6,0
01/16/2026 21:30,0,2339,0,2343,4,0
01/16/2026 21:45,0,1205,0,1209,4,0
01/16/2026 22:00,0,692,0,1405,713,0
01/16/2026 22:15,0,600,0,1769,1169,0
01/16/2026 22:30,0,669,0,1854,1185,0
01/16/2026 22:45,0,757,0,1977,1220,0
01/16/2026 23:00,0,579,0,1826,1247,0
01/16/2026 23:15,0,894,0,2161,1267,0
01/16/2026 23:30,0,599,0,1883,1284,0
01/16/2026 23:45,0,740,0,2038,1298,0
01/17/2026 00:00,0,667,0,1961,1294,0
01/17/2026 00:15,0,822,0,2098,1276,0
01/17/2026 00:30,0,614,0,1828,1214,0
01/17/2026 00:45,0,796,0,1853,1057,0
01/17/2026 01:00,0,683,0,1523,840,0
01/17/2026 01:15,0,749,0,1308,559,0
01/17/2026 01:30,0,794,0,963,169,0
01/17/2026 01:45,0,536,0,592,56,0
01/17/2026 02:00,0,766,0,766,0,0
01/17/2026 02:15,0,721,0,731,10,0
01/17/2026 02:30,0,988,0,998,10,0
01/17/2026 02:45,0,653,0,663,10,0
01/17/2026 03:00,0,560,0,564,4,0
01/17/2026 03:15,0,220,0,226,6,0
01/17/2026 03:30,0,1017,0,1017,0,0
01/17/2026 03:45,0,653,0,653,0,0
01/17/2026 04:00,0,606,0,617,11,0
01/17/2026 04:15,0,728,0,728,0,0
01/17/2026 04:30,0,602,0,602,0,0
01/17/2026 04:45,0,894,0,905,11,0
01/17/2026 05:00,0,644,0,644,0,0
01/17/2026 05:15,0,780,0,780,0,0
01/17/2026 05:30,0,563,0,567,4,0
01/17/2026 05:45,0,566,0,573,7,0
01/17/2026 06:00,0,862,0,863,1,0
01/17/2026 06:15,0,634,0,634,0,0
01/17/2026 06:30,0,782,0,793,11,0
01/17/2026 06:45,0,719,0,719,0,0
01/17/2026 07:00,0,713,0,713,0,0
01/17/2026 07:15,0,660,0,671,11,0
01/17/2026 07:30,11,740,0,729,0,0
01/17/2026 07:45,31,868,0,837,0,0
01/17/2026 08:00,104,855,0,753,2,0
01/17/2026 08:15,131,592,0,470,9,0
01/17/2026 08:30,182,632,0,451,1,0
01/17/2026 08:45,159,654,0,495,0,0
01/17/2026 09:00,291,563,0,283,11,0
01/17/2026 09:15,266,805,0,541,2,0
01/17/2026 09:30,152,561,0,412,3,0
01/17/2026 09:45,190,667,0,489,12,0
01/17/2026 10:00,110,523,0,413,0,0
01/17/2026 10:15,131,677,0,546,0,0
01/17/2026 10:30,128,636,0,509,1,0
01/17/2026 10:45,145,748,0,612,9,0
01/17/2026 11:00,135,530,0,395,0,0
01/17/2026 11:15,177,559,0,421,39,0
01/17/2026 11:30,184,786,0,795,193,0
01/17/2026 11:45,81,615,0,622,88,0
01/17/2026 12:00,81,1225,0,1198,54,0
01/17/2026 12:15,101,611,0,518,8,0
01/17/2026 12:30,83,972,0,888,0,1
01/17/2026 12:45,58,652,0,609,16,1
01/17/2026 13:00,64,639,0,584,9,0
01/17/2026 13:15,51,756,0,714,9,0
01/17/2026 13:30,46,816,0,779,10,1
01/17/2026 13:45,50,806,0,774,18,0
01/17/2026 14:00,65,265,0,207,7,0
01/17/2026 14:15,62,738,0,680,4,0
01/17/2026 14:30,44,665,0,635,14,0
01/17/2026 14:45,55,328,0,289,16,0
01/17/2026 15:00,36,867,0,832,1,0
01/17/2026 15:15,36,820,0,801,17,0
01/17/2026 15:30,30,583,0,562,10,1
01/17/2026 15:45,17,667,0,656,6,0
01/17/2026 16:00,3,743,0,20,0,720
01/17/2026 16:15,0,680,0,0,0,680
01/17/2026 16:30,0,616,0,7,0,609
01/17/2026 16:45,0,646,0,7,0,639
01/17/2026 17:00,0,928,0,9,0,919
01/17/2026 17:15,1,1154,0,11,0,1142
01/17/2026 17:30,1,869,5,0,0,873
01/17/2026 17:45,0,285,0,10,0,275
01/17/2026 18:00,0,675,0,15,0,660
01/17/2026 18:15,0,704,0,2,0,702
01/17/2026 18:30,0,712,0,16,0,696
01/17/2026 18:45,0,643,0,2,0,641
01/17/2026 19:00,0,405,0,5,0,400
01/17/2026 19:15,0,761,0,12,0,749
01/17/2026 19:30,0,1132,0,2,0,1130
01/17/2026 19:45,0,700,0,8,0,692
01/17/2026 20:00,0,907,0,823,6,90
01/17/2026 20:15,1,978,0,981,4,0
01/17/2026 20:30,0,980,0,986,6,0
01/17/2026 20:45,0,1087,0,1092,5,0
01/17/2026 21:00,0,650,0,655,5,0
01/17/2026 21:15,0,414,0,420,6,0
01/17/2026 21:30,0,539,0,544,5,0
01/17/2026 21:45,0,801,0,807,6,0
01/17/2026 22:00,0,784,0,789,5,0
01/17/2026 22:15,0,496,0,501,5,0
01/17/2026 22:30,0,180,0,186,6,0
01/17/2026 22:45,0,438,0,443,5,0
01/17/2026 23:00,0,853,0,859,6,0
01/17/2026 23:15,0,642,0,647,5,0
01/17/2026 23:30,0,594,0,600,6,0
01/17/2026 23:45,0,478,0,483,5,0
01/18/2026 00:00,0,430,0,435,5,0
01/18/2026 00:15,0,812,0,818,6,0
01/18/2026 00:30,0,774,0,779,5,0
01/18/2026 00:45,0,810,0,815,5,0
01/18/2026 01:00,0,559,0,565,6,0
01/18/2026 01:15,0,526,0,532,6,0
01/18/2026 01:30,0,864,0,870,6,0
01/18/2026 01:45,0,709,0,715,6,0
01/18/2026 02:00,0,711,0,716,5,0
01/18/2026 02:15,0,569,0,574,5,0
01/18/2026 02:30,0,432,0,438,6,0
01/18/2026 02:45,0,710,0,716,6,0
01/18/2026 03:00,0,444,0,450,6,0
01/18/2026 03:15,0,903,0,909,6,0
01/18/2026 03:30,0,753,0,759,6,0
01/18/2026 03:45,0,944,0,950,6,0
01/18/2026 04:00,0,678,0,682,4,0
01/18/2026 04:15,0,532,0,538,6,0
01/18/2026 04:30,0,716,0,722,6,0
01/18/2026 04:45,0,693,0,699,6,0
01/18/2026 05:00,0,809,0,815,6,0
01/18/2026 05:15,0,535,0,541,6,0
01/18/2026 05:30,0,283,0,288,5,0
01/18/2026 05:45,0,751,0,756,5,0
01/18/2026 06:00,0,882,0,888,6,0
01/18/2026 06:15,0,942,0,948,6,0
01/18/2026 06:30,0,768,0,774,6,0
01/18/2026 06:45,0,670,0,676,6,0
01/18/2026 07:00,0,796,0,800,4,0
01/18/2026 07:15,0,854,0,860,6,0
01/18/2026 07:30,0,952,0,958,6,0
01/18/2026 07:45,17,908,0,901,10,0
01/18/2026 08:00,24,600,0,600,24,0
01/18/2026 08:15,42,850,0,839,31,0
01/18/2026 08:30,60,570,0,560,50,0
01/18/2026 08:45,65,579,0,572,58,0
01/18/2026 09:00,67,706,0,699,60,0
01/18/2026 09:15,74,868,0,860,66,0
01/18/2026 09:30,89,637,0,627,79,0
01/18/2026 09:45,93,583,0,579,89,0
01/18/2026 10:00,121,572,0,562,111,0
01/18/2026 10:15,165,574,0,571,162,0
01/18/2026 10:30,180,891,0,883,172,0
01/18/2026 10:45,169,670,0,676,175,0
01/18/2026 11:00,207,555,0,545,197,0
01/18/2026 11:15,217,559,0,562,220,0
01/18/2026 11:30,205,565,0,571,211,0
01/18/2026 11:45,181,962,0,964,183,0
01/18/2026 12:00,144,686,0,694,152,0
01/18/2026 12:15,117,1442,0,1446,121,0
01/18/2026 12:30,120,595,0,595,120,0
01/18/2026 12:45,103,794,0,800,109,0
01/18/2026 13:00,98,858,0,862,102,0
01/18/2026 13:15,85,266,0,270,89,0
01/18/2026 13:30,86,790,0,792,88,0
01/18/2026 13:45,79,717,0,718,80,0
01/18/2026 14:00,73,1521,0,1701,253,0
01/18/2026 14:15,69,1914,0,2039,194,0
01/18/2026 14:30,62,1329,0,1462,195,0
01/18/2026 14:45,46,646,0,796,196,0
01/18/2026 15:00,29,574,0,742,197,0
01/18/2026 15:15,23,823,0,996,196,0
01/18/2026 15:30,16,804,0,985,197,0
01/18/2026 15:45,8,555,0,738,191,0
01/18/2026 16:00,2,568,0,11,0,555
01/18/2026 16:15,0,583,0,5,0,578
01/18/2026 16:30,0,855,0,11,0,844
01/18/2026 16:45,0,722,0,6,0,716
01/18/2026 17:00,1,730,0,5,0,724
01/18/2026 17:15,0,403,1,0,0,404
01/18/2026 17:30,0,836,0,12,0,824
01/18/2026 17:45,0,647,0,378,4,273
01/18/2026 18:00,0,497,0,502,5,0
01/18/2026 18:15,0,729,0,735,6,0
01/18/2026 18:30,0,596,0,601,5,0
01/18/2026 18:45,0,1041,0,1047,6,0
01/18/2026 19:00,0,746,0,751,5,0
01/18/2026 19:15,0,660,0,665,5,0
01/18/2026 19:30,0,641,0,647,6,0
01/18/2026 19:45,0,708,0,713,5,0
01/18/2026 20:00,0,824,0,830,6,0
01/18/2026 20:15,0,917,0,922,5,0
01/18/2026 20:30,0,614,0,619,5,0
01/18/2026 20:45,0,530,0,535,5,0
01/18/2026 21:00,0,532,0,597,65,0
01/18/2026 21:15,0,1163,0,1167,4,0
01/18/2026 21:30,0,860,0,866,6,0
01/18/2026 21:45,0,875,0,881,6,0
01/18/2026 22:00,0,654,0,721,67,0
01/18/2026 22:15,0,173,0,906,733,0
01/18/2026 22:30,0,459,0,1160,701,0
01/18/2026 22:45,0,576,0,1304,728,0
01/18/2026 23:00,0,728,0,1478,750,0
01/18/2026 23:15,0,648,0,1421,773,0
01/18/2026 23:30,0,533,0,1326,793,0
01/18/2026 23:45,0,862,0,1674,812,0
01/19/2026 00:00,0,526,0,1351,825,0
01/19/2026 00:15,0,466,0,1293,827,0
01/19/2026 00:30,0,676,0,1472,796,0
01/19/2026 00:45,0,607,0,1282,675,0
01/19/2026 01:00,0,896,0,1420,524,0
01/19/2026 01:15,0,728,0,1067,339,0
01/19/2026 01:30,0,607,0,764,157,0
01/19/2026 01:45,0,663,0,766,103,0
01/19/2026 02:00,0,642,0,741,99,0
01/19/2026 02:15,0,907,0,1013,106,0
01/19/2026 02:30,0,704,0,816,112,0
01/19/2026 02:45,0,715,0,814,99,0
01/19/2026 03:00,0,595,0,722,127,0
01/19/2026 03:15,0,366,0,471,105,0
01/19/2026 03:30,0,605,0,708,103,0
01/19/2026 03:45,0,406,0,506,100,0
01/19/2026 04:00,0,816,0,925,109,0
01/19/2026 04:15,0,740,0,849,109,0
01/19/2026 04:30,0,700,0,800,100,0
01/19/2026 04:45,0,899,0,1007,108,0
01/19/2026 05:00,0,545,0,654,109,0
01/19/2026 05:15,0,646,0,744,98,0
01/19/2026 05:30,0,529,0,636,107,0
01/19/2026 05:45,0,806,0,913,107,0
01/19/2026 06:00,0,851,0,954,103,0
01/19/2026 06:15,0,458,0,557,99,0
01/19/2026 06:30,0,500,0,610,110,0
01/19/2026 06:45,0,721,0,829,108,0
01/19/2026 07:00,0,798,0,898,100,0
01/19/2026 07:15,0,1106,0,1215,109,0
01/19/2026 07:30,0,793,0,901,108,0
01/19/2026 07:45,0,862,0,961,99,0
01/19/2026 08:00,0,867,0,973,106,0
01/19/2026 08:15,0,642,0,749,107,0
01/19/2026 08:30,0,569,0,672,103,0
01/19/2026 08:45,0,569,0,669,100,0
01/19/2026 09:00,0,736,0,847,111,0
01/19/2026 09:15,0,711,0,822,111,0
01/19/2026 09:30,0,728,0,830,102,0
01/19/2026 09:45,0,562,0,673,111,0
01/19/2026 10:00,0,716,0,825,109,0
01/19/2026 10:15,0,721,0,821,100,0
01/19/2026 10:30,0,836,0,942,106,0
01/19/2026 10:45,11,730,0,828,109,0
01/19/2026 11:00,86,574,0,594,106,0
01/19/2026 11:15,109,168,0,157,98,0
01/19/2026 11:30,263,168,0,15,110,0
01/19/2026 11:45,62,431,0,477,108,0
01/19/2026 12:00,41,1064,0,1121,98,0
01/19/2026 12:15,156,977,0,930,109,0
01/19/2026 12:30,163,652,0,597,108,0
01/19/2026 12:45,354,583,0,329,100,0
01/19/2026 13:00,225,651,0,530,104,0
01/19/2026 13:15,265,675,0,515,105,0
01/19/2026 13:30,282,630,0,454,106,0
01/19/2026 13:45,292,558,0,364,98,0
01/19/2026 14:00,259,545,0,394,108,0
01/19/2026 14:15,150,599,0,554,105,0
01/19/2026 14:30,136,811,0,773,98,0
01/19/2026 14:45,109,203,0,201,107,0
01/19/2026 15:00,102,184,0,189,107,0
01/19/2026 15:15,68,161,0,190,97,0
01/19/2026 15:30,36,699,0,764,101,0
01/19/2026 15:45,17,1093,0,1181,105,0
01/19/2026 16:00,12,680,5,0,0,673
01/19/2026 16:15,6,580,2,0,0,576
01/19/2026 16:30,0,549,0,6,0,543
01/19/2026 16:45,0,695,0,10,0,685
01/19/2026 17:00,0,797,1,0,0,798
01/19/2026 17:15,0,729,0,3,0,726
01/19/2026 17:30,0,820,0,9,0,811
01/19/2026 17:45,0,811,0,0,0,811
01/19/2026 18:00,0,1065,0,7,0,1058
01/19/2026 18:15,0,613,0,2,0,611
01/19/2026 18:30,0,838,0,7,0,831
01/19/2026 18:45,0,926,0,16,0,910
01/19/2026 19:00,0,1100,0,1,0,1099
01/19/2026 19:15,0,683,2,0,0,685
01/19/2026 19:30,0,758,0,10,0,748
01/19/2026 19:45,0,642,0,14,0,628
01/19/2026 20:00,0,871,0,826,6,51
01/19/2026 20:15,0,798,0,803,5,0
01/19/2026 20:30,0,767,0,772,5,0
01/19/2026 20:45,0,775,0,781,6,0
01/19/2026 21:00,0,833,0,839,6,0
01/19/2026 21:15,0,704,0,708,4,0
01/19/2026 21:30,0,1216,0,1222,6,0
01/19/2026 21:45,0,1103,0,1107,4,0
01/19/2026 22:00,0,1006,0,2161,1155,0
01/19/2026 22:15,0,784,0,1954,1170,0
01/19/2026 22:30,0,464,0,1662,1198,0
01/19/2026 22:45,0,311,0,1544,1233,0
01/19/2026 23:00,0,606,0,1853,1247,0
01/19/2026 23:15,0,1053,0,2316,1263,0
01/19/2026 23:30,0,716,0,1983,1267,0
01/19/2026 23:45,0,746,0,1997,1251,0
01/20/2026 00:00,0,705,0,1945,1240,0
01/20/2026 00:15,0,801,0,1986,1185,0
01/20/2026 00:30,0,950,0,2023,1073,0
01/20/2026 00:45,0,569,0,1477,908,0
01/20/2026 01:00,0,704,0,1389,685,0
01/20/2026 01:15,0,579,0,1012,433,0
01/20/2026 01:30,0,1195,0,1389,194,0
01/20/2026 01:45,0,705,0,743,38,0
01/20/2026 02:00,0,912,0,922,10,0
01/20/2026 02:15,0,824,0,845,21,0
01/20/2026 02:30,0,782,0,782,0,0
01/20/2026 02:45,0,589,0,599,10,0
01/20/2026 03:00,0,390,0,411,21,0
01/20/2026 03:15,0,875,0,875,0,0
01/20/2026 03:30,0,1253,0,1253,0,0
01/20/2026 03:45,0,881,0,884,3,0
01/20/2026 04:00,0,700,0,708,8,0
01/20/2026 04:15,0,635,0,635,0,0
01/20/2026 04:30,0,772,0,772,0,0
01/20/2026 04:45,0,917,0,929,12,0
01/20/2026 05:00,0,1199,0,1199,0,0
01/20/2026 05:15,0,925,0,925,0,0
01/20/2026 05:30,0,849,0,859,10,0
01/20/2026 05:45,0,985,0,985,0,0
01/20/2026 06:00,0,661,0,662,1,0
01/20/2026 06:15,0,670,0,672,2,0
01/20/2026 06:30,0,1056,0,1065,9,0
01/20/2026 06:45,0,1056,0,1056,0,0
01/20/2026 07:00,0,1056,0,1058,2,0
01/20/2026 07:15,0,772,0,787,15,0
01/20/2026 07:30,3,1076,0,1076,3,0
01/20/2026 07:45,14,1254,0,1242,2,0
01/20/2026 08:00,23,960,0,950,13,0
01/20/2026 08:15,33,757,0,727,3,0
01/20/2026 08:30,39,935,0,896,0,0
01/20/2026 08:45,49,1177,0,1130,2,0
01/20/2026 09:00,58,1008,0,958,8,0
01/20/2026 09:15,79,841,0,762,0,0
01/20/2026 09:30,87,634,0,547,0,0
01/20/2026 09:45,107,821,0,726,12,0
01/20/2026 10:00,137,724,0,587,0,0
01/20/2026 10:15,208,888,0,680,0,0
01/20/2026 10:30,303,896,0,601,8,0
01/20/2026 10:45,367,1867,0,1500,0,0
01/20/2026 11:00,414,1834,0,1420,0,0
01/20/2026 11:15,443,964,0,521,0,0
01/20/2026 11:30,436,743,0,315,8,0
01/20/2026 11:45,427,996,0,569,0,0
01/20/2026 12:00,346,758,0,412,0,0
01/20/2026 12:15,410,805,0,403,8,0
01/20/2026 12:30,506,848,0,342,0,0
01/20/2026 12:45,431,923,0,492,0,0
01/20/2026 13:00,431,616,0,193,8,0
01/20/2026 13:15,410,623,0,213,0,0
01/20/2026 13:30,439,633,0,194,0,0
01/20/2026 13:45,342,922,0,580,0,0
01/20/2026 14:00,229,722,0,502,9,0
01/20/2026 14:15,131,561,0,430,0,0
01/20/2026 14:30,103,557,0,454,0,0
01/20/2026 14:45,106,683,0,585,8,0
01/20/2026 15:00,72,905,0,833,0,0
01/20/2026 15:15,49,722,0,673,0,0
01/20/2026 15:30,57,704,0,656,9,0
01/20/2026 15:45,55,887,0,835,3,0
01/20/2026 16:00,27,806,38,0,0,817
01/20/2026 16:15,11,688,1,0,0,678
01/20/2026 16:30,1,1002,0,13,0,988
01/20/2026 16:45,0,1136,0,17,0,1119
01/20/2026 17:00,0,943,0,1,0,942
01/20/2026 17:15,0,872,3,0,0,875
01/20/2026 17:30,0,1376,0,71,0,1305
01/20/2026 17:45,0,1013,0,10,0,1003
01/20/2026 18:00,0,995,3,0,0,998
01/20/2026 18:15,0,889,0,13,0,876
01/20/2026 18:30,0,1312,4,0,0,1316
01/20/2026 18:45,0,955,0,6,0,949
01/20/2026 19:00,0,726,0,4,0,722
01/20/2026 19:15,0,854,0,421,3,436
01/20/2026 19:30,0,896,0,901,5,0
01/20/2026 19:45,0,990,0,994,4,0
01/20/2026 20:00,0,844,0,849,5,0
01/20/2026 20:15,0,1034,0,1039,5,0
01/20/2026 20:30,0,1207,0,1212,5,0
01/20/2026 20:45,0,1249,0,1254,5,0
01/20/2026 21:00,0,1113,0,1118,5,0
01/20/2026 21:15,0,1111,0,1116,5,0
01/20/2026 21:30,0,1119,0,1124,5,0
01/20/2026 21:45,0,1117,0,1122,5,0
01/20/2026 22:00,0,1243,0,1626,383,0
01/20/2026 22:15,0,1173,0,1546,373,0
01/20/2026 22:30,0,670,0,1044,374,0
01/20/2026 22:45,0,845,0,1220,375,0
01/20/2026 23:00,0,881,0,1256,375,0
01/20/2026 23:15,0,823,0,1199,376,0
01/20/2026 23:30,0,805,0,1088,283,0
01/20/2026 23:45,0,1319,0,1779,461,1
01/21/2026 00:00,0,728,0,1281,553,0
01/21/2026 00:15,0,958,0,1512,554,0
01/21/2026 00:30,0,729,0,1284,555,0
01/21/2026 00:45,0,1398,0,1953,555,0
01/21/2026 01:00,0,872,0,1428,556,0
01/21/2026 01:15,0,969,0,1525,556,0
01/21/2026 01:30,0,1013,0,1570,557,0
01/21/2026 01:45,0,711,0,1269,558,0
01/21/2026 02:00,0,903,0,1462,559,0
01/21/2026 02:15,0,1311,0,1869,558,0
01/21/2026 02:30,0,923,0,1483,560,0
01/21/2026 02:45,0,990,0,1550,560,0
01/21/2026 03:00,0,908,0,1469,561,0
01/21/2026 03:15,0,1311,0,1871,560,0
01/21/2026 03:30,0,848,0,1409,561,0
01/21/2026 03:45,0,984,0,1543,559,0
01/21/2026 04:00,0,942,0,1489,547,0
01/21/2026 04:15,0,999,0,1529,530,0
01/21/2026 04:30,0,868,0,1379,511,0
01/21/2026 04:45,0,993,0,1476,483,0
01/21/2026 05:00,0,1495,0,1945,450,0
01/21/2026 05:15,0,1170,0,1583,413,0
01/21/2026 05:30,0,1202,0,1582,380,0
01/21/2026 05:45,0,1205,0,1554,349,0
01/21/2026 06:00,0,1113,0,1415,302,0
01/21/2026 06:15,0,994,0,1266,272,0
01/21/2026 06:30,0,1449,0,1673,224,0
01/21/2026 06:45,0,1033,0,1242,209,0
01/21/2026 07:00,0,756,0,905,149,0
01/21/2026 07:15,0,1492,0,1606,114,0
01/21/2026 07:30,4,1277,0,1350,77,0
01/21/2026 07:45,18,1063,0,1104,59,0
01/21/2026 08:00,24,1280,0,1268,12,0
01/21/2026 08:15,34,1035,0,1009,8,0
01/21/2026 08:30,44,1007,0,979,16,0
01/21/2026 08:45,56,1193,0,1153,16,0
01/21/2026 09:00,64,1121,0,1067,10,0
01/21/2026 09:15,89,1123,0,1034,0,0
01/21/2026 09:30,98,1010,0,922,10,0
01/21/2026 09:45,125,1007,0,897,15,0
01/21/2026 10:00,159,1072,0,914,1,0
01/21/2026 10:15,246,1050,0,816,12,0
01/21/2026 10:30,355,1050,0,697,2,0
01/21/2026 10:45,393,699,0,315,9,0
01/21/2026 11:00,381,734,0,362,9,0
01/21/2026 11:15,414,1068,0,657,3,0
01/21/2026 11:30,447,853,0,417,11,0
01/21/2026 11:45,450,837,0,387,0,0
01/21/2026 12:00,442,1061,0,630,11,0
01/21/2026 12:15,369,710,0,352,11,0
01/21/2026 12:30,307,870,0,564,1,0
01/21/2026 12:45,290,833,0,553,10,0
01/21/2026 13:00,262,1148,0,888,2,0
01/21/2026 13:15,311,820,0,519,10,0
01/21/2026 13:30,420,781,0,369,8,0
01/21/2026 13:45,314,1025,0,715,4,0
01/21/2026 14:00,212,775,0,573,10,0
01/21/2026 14:15,137,720,0,584,1,0
01/21/2026 14:30,110,680,0,581,11,0
01/21/2026 14:45,95,933,0,848,10,0
01/21/2026 15:00,77,836,0,761,2,0
01/21/2026 15:15,57,891,0,846,12,0
01/21/2026 15:30,54,1146,0,1092,0,0
01/21/2026 15:45,38,827,0,801,12,0
01/21/2026 16:00,23,842,29,0,0,848
01/21/2026 16:15,6,785,0,7,0,772
01/21/2026 16:30,0,948,0,2,0,946
01/21/2026 16:45,0,736,0,2,0,734
01/21/2026 17:00,0,706,0,7,0,699
01/21/2026 17:15,0,1065,0,3,0,1062
01/21/2026 17:30,0,909,0,16,0,893
01/21/2026 17:45,0,1075,0,6,0,1069
01/21/2026 18:00,0,1322,0,4,0,1318
01/21/2026 18:15,0,911,0,4,0,907
01/21/2026 18:30,0,950,0,3,0,947
01/21/2026 18:45,0,1227,0,16,0,1211
01/21/2026 19:00,0,891,5,0,0,896
01/21/2026 19:15,0,667,0,10,0,657
01/21/2026 19:30,0,696,0,267,3,432
01/21/2026 19:45,0,997,0,1002,5,0
01/21/2026 20:00,0,933,0,939,6,0
01/21/2026 20:15,0,1199,0,1203,4,0
01/21/2026 20:30,0,1128,0,1134,6,0
01/21/2026 20:45,0,2447,0,2452,5,0
01/21/2026 21:00,0,1830,0,1835,5,0
01/21/2026 21:15,0,674,0,680,6,0
01/21/2026 21:30,0,939,0,944,5,0
01/21/2026 21:45,0,779,0,784,5,0
01/21/2026 22:00,0,208,0,1424,1216,0
01/21/2026 22:15,0,225,0,1450,1225,0
01/21/2026 22:30,0,940,0,2206,1266,0
01/21/2026 22:45,0,836,0,2152,1316,0
01/21/2026 23:00,0,782,0,2144,1362,0
01/21/2026 23:15,0,929,0,2334,1405,0
01/21/2026 23:30,0,749,0,2187,1438,0
01/21/2026 23:45,0,877,0,2336,1459,0
01/22/2026 00:00,0,718,0,2184,1466,0
01/22/2026 00:15,0,907,0,2278,1371,0
01/22/2026 00:30,0,715,0,1884,1169,0
01/22/2026 00:45,0,696,0,1563,867,0
01/22/2026 01:00,0,783,0,1184,401,0
01/22/2026 01:15,0,755,0,760,5,0
01/22/2026 01:30,0,592,0,592,0,0
01/22/2026 01:45,0,645,0,645,0,0
01/22/2026 02:00,0,944,0,955,11,0
01/22/2026 02:15,0,746,0,746,0,0
01/22/2026 02:30,0,619,0,619,0,0
01/22/2026 02:45,0,650,0,662,12,0
01/22/2026 03:00,0,914,0,914,0,0
01/22/2026 03:15,0,791,0,791,0,0
01/22/2026 03:30,0,696,0,698,2,0
01/22/2026 03:45,0,802,0,810,8,0
01/22/2026 04:00,0,695,0,695,0,0
01/22/2026 04:15,0,836,0,836,0,0
01/22/2026 04:30,0,775,0,787,12,0
01/22/2026 04:45,0,660,0,660,0,0
01/22/2026 05:00,0,701,0,703,2,0
01/22/2026 05:15,0,684,0,694,10,0
01/22/2026 05:30,0,901,0,901,0,0
01/22/2026 05:45,0,606,0,606,0,0
01/22/2026 06:00,0,587,0,589,2,0
01/22/2026 06:15,0,576,0,586,10,0
01/22/2026 06:30,0,948,0,948,0,0
01/22/2026 06:45,0,733,0,735,2,0
01/22/2026 07:00,0,720,0,730,10,0
01/22/2026 07:15,1,803,0,803,1,0
01/22/2026 07:30,36,764,0,729,1,0
01/22/2026 07:45,68,536,0,479,11,0
01/22/2026 08:00,101,661,0,560,0,0
01/22/2026 08:15,122,829,0,708,1,0
01/22/2026 08:30,154,1037,0,883,0,0
01/22/2026 08:45,209,898,0,700,11,0
01/22/2026 09:00,248,867,0,620,1,0
01/22/2026 09:15,306,918,0,612,0,0
01/22/2026 09:30,327,914,0,597,10,0
01/22/2026 09:45,303,896,0,593,0,0
01/22/2026 10:00,322,918,0,596,0,0
01/22/2026 10:15,325,904,0,589,10,0
01/22/2026 10:30,359,817,0,458,0,0
01/22/2026 10:45,424,869,0,445,0,0
01/22/2026 11:00,484,855,0,371,0,0
01/22/2026 11:15,435,854,0,429,10,0
01/22/2026 11:30,381,848,0,468,1,0
01/22/2026 11:45,318,2013,0,1695,0,0
01/22/2026 12:00,445,2341,0,1905,9,0
01/22/2026 12:15,700,981,0,281,0,0
01/22/2026 12:30,677,772,0,95,0,0
01/22/2026 12:45,710,701,1,0,8,0
01/22/2026 13:00,689,489,199,0,1,0
01/22/2026 13:15,660,466,194,0,0,0
01/22/2026 13:30,466,431,35,0,0,0
01/22/2026 13:45,427,420,0,1,8,0
01/22/2026 14:00,396,935,0,539,0,0
01/22/2026 14:15,273,802,0,529,0,0
01/22/2026 14:30,162,681,0,528,9,0
01/22/2026 14:45,168,670,0,502,0,0
01/22/2026 15:00,165,464,0,299,0,0
01/22/2026 15:15,176,478,0,309,7,0
01/22/2026 15:30,114,462,0,350,2,0
01/22/2026 15:45,85,452,0,371,4,0
01/22/2026 16:00,50,387,61,0,0,398
01/22/2026 16:15,33,187,27,0,0,181
01/22/2026 16:30,6,181,1,0,0,176
01/22/2026 16:45,0,201,0,6,0,195
01/22/2026 17:00,0,362,0,15,0,347
01/22/2026 17:15,0,784,0,9,0,775
01/22/2026 17:30,0,910,0,0,0,910
01/22/2026 17:45,0,592,0,7,0,585
01/22/2026 18:00,0,726,0,4,0,722
01/22/2026 18:15,0,670,0,7,0,663
01/22/2026 18:30,0,463,2,0,0,465
01/22/2026 18:45,0,289,0,6,0,283
01/22/2026 19:00,0,637,0,16,0,621
01/22/2026 19:15,0,707,0,7,0,700
01/22/2026 19:30,0,589,0,2,0,587
01/22/2026 19:45,0,643,0,9,0,634
01/22/2026 20:00,0,308,0,289,6,25
01/22/2026 20:15,0,691,0,697,6,0
01/22/2026 20:30,0,1083,0,1088,5,0
01/22/2026 20:45,1,1090,0,1094,5,0
01/22/2026 21:00,0,991,0,997,6,0
01/22/2026 21:15,0,968,0,974,6,0
01/22/2026 21:30,0,675,0,679,4,0
01/22/2026 21:45,0,644,0,650,6,0
01/22/2026 22:00,0,317,0,1361,1044,0
01/22/2026 22:15,0,199,0,1215,1016,0
01/22/2026 22:30,0,305,0,1291,986,0
01/22/2026 22:45,0,517,0,1503,986,0
01/22/2026 23:00,0,172,0,1151,979,0
01/22/2026 23:15,0,605,0,1560,955,0
01/22/2026 23:30,0,902,0,1795,893,0
01/22/2026 23:45,0,963,0,1683,720,0
01/23/2026 00:00,0,795,0,1249,454,0
01/23/2026 00:15,0,578,0,695,117,0
01/23/2026 00:30,0,583,0,633,50,0
01/23/2026 00:45,0,711,0,761,50,0
01/23/2026 01:00,0,594,0,690,96,0
01/23/2026 01:15,0,686,0,751,65,0
01/23/2026 01:30,0,639,0,690,51,0
01/23/2026 01:45,0,614,0,689,75,0
01/23/2026 02:00,0,666,0,758,92,0
01/23/2026 02:15,0,685,0,735,50,0
01/23/2026 02:30,0,911,0,963,52,0
01/23/2026 02:45,0,865,0,951,86,0
01/23/2026 03:00,0,986,0,1042,56,0
01/23/2026 03:15,0,634,0,686,52,0
01/23/2026 03:30,0,603,0,671,68,0
01/23/2026 03:45,0,689,0,778,89,0
01/23/2026 04:00,0,589,0,640,51,0
01/23/2026 04:15,0,717,0,777,60,0
01/23/2026 04:30,0,673,0,735,62,0
01/23/2026 04:45,0,687,0,747,60,0
01/23/2026 05:00,0,817,0,868,51,0
01/23/2026 05:15,0,830,0,890,60,0
01/23/2026 05:30,0,809,0,889,80,0
01/23/2026 05:45,0,807,0,858,51,0
01/23/2026 06:00,0,839,0,900,61,0
01/23/2026 06:15,0,696,0,756,60,0
01/23/2026 06:30,0,814,0,876,62,0
01/23/2026 06:45,0,785,0,845,60,0
01/23/2026 07:00,0,799,0,861,62,0
01/23/2026 07:15,4,813,0,870,61,0
01/23/2026 07:30,33,899,0,918,52,0
01/23/2026 07:45,88,898,0,870,60,0
01/23/2026 08:00,84,737,0,719,66,0
01/23/2026 08:15,94,992,0,952,54,0
01/23/2026 08:30,125,1072,0,1007,60,0
01/23/2026 08:45,168,966,0,858,60,0
01/23/2026 09:00,211,891,0,740,60,0
01/23/2026 09:15,296,872,0,633,57,0
01/23/2026 09:30,328,926,0,659,61,0
01/23/2026 09:45,375,1057,0,745,63,0
01/23/2026 10:00,425,878,0,504,51,0
01/23/2026 10:15,519,834,0,376,61,0
01/23/2026 10:30,631,879,0,312,64,0
01/23/2026 10:45,696,995,0,355,56,0
01/23/2026 11:00,743,878,0,195,60,0
01/23/2026 11:15,791,958,0,228,61,0
01/23/2026 11:30,792,859,0,124,57,0
01/23/2026 11:45,850,825,17,0,8,0
01/23/2026 12:00,895,810,76,0,9,0
01/23/2026 12:15,776,831,0,68,13,0
01/23/2026 12:30,924,952,0,111,83,0
01/23/2026 12:45,801,850,0,99,50,0
01/23/2026 13:00,784,832,0,58,10,0
01/23/2026 13:15,735,811,0,80,4,0
01/23/2026 13:30,599,810,0,227,16,0
01/23/2026 13:45,479,812,0,347,14,0
01/23/2026 14:00,348,975,0,635,8,0
01/23/2026 14:15,362,845,0,487,4,0
01/23/2026 14:30,289,529,0,256,16,0
01/23/2026 14:45,252,445,0,203,10,0
01/23/2026 15:00,186,443,0,262,7,2
01/23/2026 15:15,126,877,0,768,18,1
01/23/2026 15:30,95,759,0,672,9,1
01/23/2026 15:45,58,640,0,590,8,0
01/23/2026 16:00,65,618,61,0,0,614
01/23/2026 16:15,30,691,19,0,0,680
01/23/2026 16:30,10,852,1,0,0,843
01/23/2026 16:45,0,673,0,3,0,670
01/23/2026 17:00,0,659,0,6,0,653
01/23/2026 17:15,0,635,3,0,0,638
01/23/2026 17:30,0,1087,0,10,0,1077
01/23/2026 17:45,0,888,0,10,0,878
01/23/2026 18:00,0,862,2,0,0,864
01/23/2026 18:15,0,745,0,10,0,735
01/23/2026 18:30,0,663,0,2,0,661
01/23/2026 18:45,0,815,0,14,0,801
01/23/2026 19:00,0,814,0,3,0,811
01/23/2026 19:15,0,831,0,5,0,826
01/23/2026 19:30,0,901,0,7,0,894
01/23/2026 19:45,0,339,0,3,0,336
01/23/2026 20:00,0,519,0,490,4,33
01/23/2026 20:15,0,1091,0,1096,5,0
01/23/2026 20:30,0,1126,0,1131,5,0
01/23/2026 20:45,0,1393,0,1398,5,0
01/23/2026 21:00,0,787,0,791,4,0
01/23/2026 21:15,0,745,0,751,6,0
01/23/2026 21:30,0,833,0,837,4,0
01/23/2026 21:45,0,589,0,595,6,0
01/23/2026 22:00,0,517,0,820,303,0
01/23/2026 22:15,0,281,0,568,287,0
01/23/2026 22:30,0,241,0,527,286,0
01/23/2026 22:45,0,631,0,918,287,0
01/23/2026 23:00,0,973,0,1259,286,0
01/23/2026 23:15,0,913,0,1200,287,0
01/23/2026 23:30,0,896,0,1182,286,0
01/23/2026 23:45,0,755,0,1041,286,0
01/24/2026 00:00,0,894,0,1181,287,0
01/24/2026 00:15,0,547,0,834,287,0
01/24/2026 00:30,0,605,0,893,288,0
01/24/2026 00:45,0,977,0,1264,287,0
01/24/2026 01:00,0,1117,0,1405,288,0
01/24/2026 01:15,0,1121,0,1409,288,0
01/24/2026 01:30,0,699,0,988,289,0
01/24/2026 01:45,0,872,0,1160,288,0
01/24/2026 02:00,0,814,0,1103,289,0
01/24/2026 02:15,0,1018,0,1307,289,0
01/24/2026 02:30,0,845,0,1134,289,0
01/24/2026 02:45,0,1038,0,1322,284,0
01/24/2026 03:00,0,1069,0,1345,276,0
01/24/2026 03:15,0,1035,0,1304,269,0
01/24/2026 03:30,0,836,0,1096,260,0
01/24/2026 03:45,0,931,0,1183,252,0
01/24/2026 04:00,0,823,0,1067,244,0
01/24/2026 04:15,0,785,0,1020,235,0
01/24/2026 04:30,0,1545,0,1768,223,0
01/24/2026 04:45,0,1182,0,1398,216,0
01/24/2026 05:00,0,1149,0,1354,205,0
01/24/2026 05:15,0,785,0,979,194,0
01/24/2026 05:30,0,1139,0,1298,159,0
01/24/2026 05:45,0,928,0,1091,163,0
01/24/2026 06:00,0,1449,0,1612,163,0
01/24/2026 06:15,0,987,0,1136,149,0
01/24/2026 06:30,0,1269,0,1417,148,0
01/24/2026 06:45,0,769,0,923,154,0
01/24/2026 07:00,0,1138,0,1290,152,0
01/24/2026 07:15,12,1461,0,1595,146,0
01/24/2026 07:30,47,1479,0,1579,147,0
01/24/2026 07:45,116,1288,0,1329,157,0
01/24/2026 08:00,100,1168,0,1216,148,0
01/24/2026 08:15,101,1185,0,1230,146,0
01/24/2026 08:30,136,1396,0,1419,159,0
01/24/2026 08:45,188,1371,0,1329,146,0
01/24/2026 09:00,213,1114,0,1049,148,0
01/24/2026 09:15,329,986,0,808,151,0
01/24/2026 09:30,400,763,0,517,154,0
01/24/2026 09:45,508,1468,0,1108,148,0
01/24/2026 10:00,479,1398,0,1066,147,0
01/24/2026 10:15,474,1119,0,804,159,0
01/24/2026 10:30,640,1172,0,682,150,0
01/24/2026 10:45,766,1151,0,534,149,0
01/24/2026 11:00,803,894,0,249,158,0
01/24/2026 11:15,823,1060,0,386,149,0
01/24/2026 11:30,842,1087,0,394,149,0
01/24/2026 11:45,872,854,0,134,152,0
01/24/2026 12:00,879,1155,0,429,153,0
01/24/2026 12:15,893,1078,0,334,149,0
01/24/2026 12:30,810,1297,0,634,147,0
01/24/2026 12:45,787,1081,0,451,157,0
01/24/2026 13:00,790,1150,0,505,145,0
01/24/2026 13:15,760,1794,0,1178,144,0
01/24/2026 13:30,668,1863,0,1352,157,0
01/24/2026 13:45,541,2141,0,1747,147,0
01/24/2026 14:00,392,2540,0,2292,144,0
01/24/2026 14:15,233,2307,0,2218,144,0
01/24/2026 14:30,153,1732,0,1728,149,0
01/24/2026 14:45,137,936,0,938,139,0
01/24/2026 15:00,120,1129,0,1146,137,0
01/24/2026 15:15,103,1177,0,1206,132,0
01/24/2026 15:30,102,993,0,1028,137,0
01/24/2026 15:45,104,998,0,1019,125,0
01/24/2026 16:00,65,737,12,0,6,690
01/24/2026 16:15,29,762,21,0,0,754
01/24/2026 16:30,14,998,8,0,0,992
01/24/2026 16:45,1,1088,0,5,0,1082
01/24/2026 17:00,0,1076,0,0,0,1076
01/24/2026 17:15,0,771,0,7,0,764
01/24/2026 17:30,1,966,0,15,0,950
01/24/2026 17:45,1,1075,0,4,0,1070
01/24/2026 18:00,1,1183,0,10,0,1172
01/24/2026 18:15,0,1084,0,7,0,1077
01/24/2026 18:30,0,1135,0,4,0,1131
01/24/2026 18:45,0,1083,0,10,0,1073
01/24/2026 19:00,0,1065,1,0,0,1066
01/24/2026 19:15,0,939,0,715,3,227
01/24/2026 19:30,0,1002,0,1007,5,0
01/24/2026 19:45,0,1030,0,1034,4,0
01/24/2026 20:00,0,940,0,944,4,0
01/24/2026 20:15,0,1526,0,1530,4,0
01/24/2026 20:30,0,1897,0,1901,4,0
01/24/2026 20:45,0,1663,0,1667,4,0
01/24/2026 21:00,0,1549,0,1553,4,0
01/24/2026 21:15,0,1599,0,1603,4,0
01/24/2026 21:30,0,1369,0,1372,3,0
01/24/2026 21:45,0,1282,0,1286,4,0
01/24/2026 22:00,0,754,0,1045,291,0
01/24/2026 22:15,0,936,0,1220,284,0
01/24/2026 22:30,0,679,0,965,286,0
01/24/2026 22:45,0,810,0,1095,285,0
01/24/2026 23:00,0,922,0,1207,285,0
01/24/2026 23:15,0,1268,0,1554,286,0
01/24/2026 23:30,0,707,0,994,287,0
01/24/2026 23:45,0,999,0,1286,287,0
01/25/2026 00:00,0,891,0,1178,287,0
01/25/2026 00:15,0,1042,0,1330,288,0
01/25/2026 00:30,0,1081,0,1368,287,0
01/25/2026 00:45,0,1199,0,1487,288,0
01/25/2026 01:00,0,1231,0,1518,287,0
01/25/2026 01:15,0,826,0,1115,289,0
01/25/2026 01:30,0,1110,0,1398,288,0
01/25/2026 01:45,0,1206,0,1494,288,0
01/25/2026 02:00,0,1339,0,1627,288,0
01/25/2026 02:15,0,1124,0,1412,288,0
01/25/2026 02:30,0,1169,0,1458,289,0
01/25/2026 02:45,0,940,0,1228,288,0
01/25/2026 03:00,0,1075,0,1362,287,0
01/25/2026 03:15,0,1207,0,1487,280,0
01/25/2026 03:30,0,1352,0,1627,275,0
01/25/2026 03:45,0,1068,0,1337,269,0
01/25/2026 04:00,0,829,0,1091,262,0
01/25/2026 04:15,0,1231,0,1488,257,0
01/25/2026 04:30,0,1341,0,1592,251,0
01/25/2026 04:45,0,1063,0,1306,243,0
01/25/2026 05:00,0,1470,0,1710,240,0
01/25/2026 05:15,0,1467,0,1702,235,0
01/25/2026 05:30,0,1150,0,1379,229,0
01/25/2026 05:45,0,1046,0,1266,220,0
01/25/2026 06:00,0,1095,0,1312,217,0
01/25/2026 06:15,0,1082,0,1292,210,0
01/25/2026 06:30,0,1023,0,1226,203,0
01/25/2026 06:45,0,1303,0,1501,198,0
01/25/2026 07:00,0,1382,0,1543,161,0
01/25/2026 07:15,0,900,0,1049,149,0
01/25/2026 07:30,1,1213,0,1360,148,0
01/25/2026 07:45,11,1416,0,1562,157,0
01/25/2026 08:00,32,1401,0,1516,147,0
01/25/2026 08:15,64,1423,0,1505,146,0
01/25/2026 08:30,114,1400,0,1453,167,0
01/25/2026 08:45,117,1364,0,1395,148,0
01/25/2026 09:00,102,1060,0,1106,148,0
01/25/2026 09:15,102,820,0,865,147,0
01/25/2026 09:30,92,1336,0,1400,156,0
01/25/2026 09:45,89,1253,0,1311,147,0
01/25/2026 10:00,78,1758,0,1830,150,0
01/25/2026 10:15,69,2545,0,2634,158,0
01/25/2026 10:30,56,1852,0,1942,146,0
01/25/2026 10:45,47,982,0,1083,148,0
01/25/2026 11:00,45,1232,0,1347,160,0
01/25/2026 11:15,32,1282,0,1396,146,0
01/25/2026 11:30,23,1150,0,1273,146,0
01/25/2026 11:45,18,884,0,1011,145,0
01/25/2026 12:00,16,1286,0,1428,158,0
01/25/2026 12:15,7,1715,0,1852,144,0
01/25/2026 12:30,4,1305,0,1447,146,0
01/25/2026 12:45,1,1535,0,1693,159,0
01/25/2026 13:00,0,1430,0,1576,146,0
01/25/2026 13:15,0,1221,0,1367,146,0
01/25/2026 13:30,0,1608,0,1752,144,0
01/25/2026 13:45,0,1557,0,1711,154,0
01/25/2026 14:00,0,2035,0,2180,145,0
01/25/2026 14:15,0,1819,0,1964,145,0
01/25/2026 14:30,0,1125,0,1281,156,0
01/25/2026 14:45,0,1850,0,1994,144,0
01/25/2026 15:00,0,1563,0,1709,146,0
01/25/2026 15:15,0,1226,0,1380,154,0
01/25/2026 15:30,0,865,0,1014,149,0
01/25/2026 15:45,0,1331,0,1475,144,0
01/25/2026 16:00,0,775,0,37,0,738
01/25/2026 16:15,0,994,0,7,0,987
01/25/2026 16:30,0,1006,0,6,0,1000
01/25/2026 16:45,0,1010,0,3,0,1007
01/25/2026 17:00,0,758,0,6,0,752
01/25/2026 17:15,0,951,0,15,0,936
01/25/2026 17:30,0,1514,0,142,0,1372
01/25/2026 17:45,0,1007,0,9,0,998
01/25/2026 18:00,0,1156,3,0,0,1159
01/25/2026 18:15,0,924,0,13,0,911
01/25/2026 18:30,0,849,3,0,0,852
01/25/2026 18:45,0,932,0,206,0,726
01/25/2026 19:00,0,1188,0,867,1,322
01/25/2026 19:15,0,1081,0,1086,5,0
01/25/2026 19:30,0,851,0,856,5,0
01/25/2026 19:45,0,1169,0,1174,5,0
01/25/2026 20:00,0,857,0,862,5,0
01/25/2026 20:15,0,1176,0,1181,5,0
01/25/2026 20:30,0,821,0,825,4,0
01/25/2026 20:45,0,1114,0,1120,6,0
01/25/2026 21:00,0,891,0,895,4,0
01/25/2026 21:15,0,878,0,884,6,0
01/25/2026 21:30,0,899,0,903,4,0
01/25/2026 21:45,0,872,0,878,6,0
01/25/2026 22:00,0,945,0,1412,467,0
01/25/2026 22:15,0,804,0,1267,463,0
01/25/2026 22:30,0,825,0,1289,464,0
01/25/2026 22:45,0,730,0,1194,464,0
01/25/2026 23:00,0,714,0,1256,542,0
01/25/2026 23:15,0,702,0,1277,575,0
01/25/2026 23:30,0,666,0,1311,645,0
01/25/2026 23:45,0,879,0,1575,696,0
01/26/2026 00:00,0,757,0,1496,739,0
01/26/2026 00:15,0,1235,0,2035,800,0
01/26/2026 00:30,0,1048,0,1845,797,0
01/26/2026 00:45,0,1299,0,2088,789,0
01/26/2026 01:00,0,703,0,1469,766,0
01/26/2026 01:15,0,1285,0,2027,742,0
01/26/2026 01:30,0,720,0,1431,711,0
01/26/2026 01:45,0,744,0,1411,667,0
01/26/2026 02:00,0,1056,0,1668,612,0
01/26/2026 02:15,0,1184,0,1735,551,0
01/26/2026 02:30,0,948,0,1435,487,0
01/26/2026 02:45,0,727,0,1131,404,0
01/26/2026 03:00,0,589,0,885,296,0
01/26/2026 03:15,0,1030,0,1291,261,0
01/26/2026 03:30,0,1175,0,1411,236,0
01/26/2026 03:45,0,1221,0,1434,213,0
01/26/2026 04:00,0,908,0,1046,138,0
01/26/2026 04:15,0,673,0,781,108,0
01/26/2026 04:30,0,892,0,980,88,0
01/26/2026 04:45,0,1197,0,1259,62,0
01/26/2026 05:00,0,696,0,748,52,0
01/26/2026 05:15,0,930,0,1009,79,0
01/26/2026 05:30,0,999,0,1076,77,0
01/26/2026 05:45,0,950,0,1000,50,0
01/26/2026 06:00,0,792,0,843,51,0
01/26/2026 06:15,0,1105,0,1183,78,0
01/26/2026 06:30,0,811,0,864,53,0
01/26/2026 06:45,0,805,0,855,50,0
01/26/2026 07:00,0,953,0,1038,85,0
01/26/2026 07:15,0,1115,0,1179,64,0
01/26/2026 07:30,0,1257,0,1307,50,0
01/26/2026 07:45,1,1274,0,1328,55,0
01/26/2026 08:00,14,1689,0,1753,78,0
01/26/2026 08:15,20,1473,0,1503,50,0
01/26/2026 08:30,28,1052,0,1075,51,0
01/26/2026 08:45,25,1112,0,1159,72,0
01/26/2026 09:00,26,1624,0,1658,60,0
01/26/2026 09:15,25,1207,0,1232,50,0
01/26/2026 09:30,32,1172,0,1204,64,0
01/26/2026 09:45,38,1189,0,1219,68,0
01/26/2026 10:00,37,1149,0,1161,49,0
01/26/2026 10:15,43,1531,0,1538,50,0
01/26/2026 10:30,50,914,0,950,86,0
01/26/2026 10:45,55,1245,0,1238,48,0
01/26/2026 11:00,72,1063,0,1040,49,0
01/26/2026 11:15,68,1111,0,1112,69,0
01/26/2026 11:30,79,1419,0,1400,60,0
01/26/2026 11:45,66,1051,0,1036,51,0
01/26/2026 12:00,67,1154,0,1148,61,0
01/26/2026 12:15,69,1109,0,1108,68,0
01/26/2026 12:30,52,1687,0,1684,49,0
01/26/2026 12:45,54,1232,0,1228,50,0
01/26/2026 13:00,68,1356,0,1360,72,0
01/26/2026 13:15,58,1129,0,1131,60,0
01/26/2026 13:30,53,1158,0,1155,50,0
01/26/2026 13:45,44,1037,0,1064,71,0
01/26/2026 14:00,38,1127,0,1149,60,0
01/26/2026 14:15,39,1159,0,1172,52,0
01/26/2026 14:30,33,921,0,945,57,0
01/26/2026 14:45,25,1015,0,1060,70,0
01/26/2026 15:00,19,853,0,884,50,0
01/26/2026 15:15,14,845,0,883,52,0
01/26/2026 15:30,8,816,0,878,70,0
01/26/2026 15:45,5,745,0,798,58,0
01/26/2026 16:00,1,663,0,29,1,634
01/26/2026 16:15,0,899,0,4,0,895
01/26/2026 16:30,0,676,0,6,0,670
01/26/2026 16:45,0,824,0,12,0,812
01/26/2026 17:00,0,915,0,0,0,915
01/26/2026 17:15,0,1025,0,7,0,1018
01/26/2026 17:30,0,734,0,1,0,733
01/26/2026 17:45,0,1279,0,12,0,1267
01/26/2026 18:00,0,913,0,11,0,902
01/26/2026 18:15,0,951,2,0,0,953
01/26/2026 18:30,0,853,0,10,0,843
01/26/2026 18:45,0,791,0,1,0,790
01/26/2026 19:00,0,856,0,4,0,852
01/26/2026 19:15,0,742,0,11,0,731
01/26/2026 19:30,0,1104,0,135,1,970
01/26/2026 19:45,0,1139,0,1143,4,0
01/26/2026 20:00,0,923,0,929,6,0
01/26/2026 20:15,0,789,0,794,5,0
01/26/2026 20:30,0,1320,0,1325,5,0
01/26/2026 20:45,0,1520,0,1525,5,0
01/26/2026 21:00,0,1385,0,1389,4,0
01/26/2026 21:15,0,1129,0,1134,5,0
01/26/2026 21:30,0,1392,0,1397,5,0
01/26/2026 21:45,0,1112,0,1116,4,0
01/26/2026 22:00,0,534,0,1108,574,0
01/26/2026 22:15,0,758,0,1338,580,0
01/26/2026 22:30,0,979,0,1562,583,0
01/26/2026 22:45,0,1112,0,1702,590,0
01/26/2026 23:00,0,769,0,1360,591,0
01/26/2026 23:15,0,1003,0,1604,601,0
01/26/2026 23:30,0,866,0,1462,596,0
01/26/2026 23:45,0,938,0,1536,598,0
01/27/2026 00:00,0,753,0,1348,595,0
01/27/2026 00:15,0,1018,0,1605,587,0
01/27/2026 00:30,0,603,0,1180,577,0
01/27/2026 00:45,0,854,0,1422,568,0
01/27/2026 01:00,0,813,0,1366,553,0
01/27/2026 01:15,0,1079,0,1605,526,0
01/27/2026 01:30,0,803,0,1296,493,0
01/27/2026 01:45,0,640,0,1101,461,0
01/27/2026 02:00,0,1159,0,1587,428,0
01/27/2026 02:15,0,1146,0,1551,405,0
01/27/2026 02:30,0,745,0,1107,362,0
01/27/2026 02:45,0,916,0,1259,343,0
01/27/2026 03:00,0,849,0,1181,332,0
01/27/2026 03:15,0,1091,0,1422,331,0
01/27/2026 03:30,0,952,0,1293,341,0
01/27/2026 03:45,0,1122,0,1451,329,0
01/27/2026 04:00,0,871,0,1185,314,0
01/27/2026 04:15,0,869,0,1164,295,0
01/27/2026 04:30,0,1051,0,1336,285,0
01/27/2026 04:45,0,1104,0,1362,258,0
01/27/2026 05:00,0,1016,0,1253,237,0
01/27/2026 05:15,0,816,0,1049,233,0
01/27/2026 05:30,0,1332,0,1533,201,0
01/27/2026 05:45,0,876,0,1056,180,0
01/27/2026 06:00,0,977,0,1144,167,0
01/27/2026 06:15,0,873,0,972,99,0
01/27/2026 06:30,0,1148,0,1216,68,0
01/27/2026 06:45,0,759,0,809,50,0
01/27/2026 07:00,0,696,0,764,68,0
01/27/2026 07:15,0,1431,0,1486,55,0
01/27/2026 07:30,0,1206,0,1264,58,0
01/27/2026 07:45,0,999,0,1062,63,0
01/27/2026 08:00,0,1080,0,1146,66,0
01/27/2026 08:15,0,873,0,932,59,0
01/27/2026 08:30,0,795,0,855,60,0
01/27/2026 08:45,0,810,0,869,59,0
01/27/2026 09:00,3,729,0,788,62,0
01/27/2026 09:15,11,847,0,888,52,0
01/27/2026 09:30,10,640,0,690,60,0
01/27/2026 09:45,14,804,0,852,62,0
01/27/2026 10:00,13,949,0,997,61,0
01/27/2026 10:15,18,1003,0,1048,63,0
01/27/2026 10:30,29,814,0,845,60,0
01/27/2026 10:45,17,794,0,839,62,0
01/27/2026 11:00,14,794,0,840,60,0
01/27/2026 11:15,17,722,0,769,64,0
01/27/2026 11:30,15,776,0,821,60,0
01/27/2026 11:45,16,679,0,713,50,0
01/27/2026 12:00,12,747,0,795,60,0
01/27/2026 12:15,11,687,0,736,60,0
01/27/2026 12:30,17,982,0,1024,59,0
01/27/2026 12:45,18,853,0,892,57,0
01/27/2026 13:00,17,878,0,919,58,0
01/27/2026 13:15,8,751,0,802,59,0
01/27/2026 13:30,9,687,0,734,56,0
01/27/2026 13:45,8,720,0,771,59,0
01/27/2026 14:00,9,650,0,699,58,0
01/27/2026 14:15,10,719,0,759,50,0
01/27/2026 14:30,8,731,0,781,58,0
01/27/2026 14:45,7,825,0,875,57,0
01/27/2026 15:00,6,701,0,752,57,0
01/27/2026 15:15,3,786,0,840,57,0
01/27/2026 15:30,2,867,0,922,57,0
01/27/2026 15:45,1,789,0,845,57,0
01/27/2026 16:00,0,636,0,24,0,612
01/27/2026 16:15,0,650,0,9,0,641
01/27/2026 16:30,0,688,0,0,0,688
01/27/2026 16:45,1,802,0,10,0,791
01/27/2026 17:00,0,860,0,5,0,855
01/27/2026 17:15,0,868,0,8,0,860
01/27/2026 17:30,0,1151,0,125,0,1026
01/27/2026 17:45,0,1002,0,12,0,990
01/27/2026 18:00,0,1098,0,15,0,1083
01/27/2026 18:15,0,631,6,0,0,637
01/27/2026 18:30,0,575,0,17,0,558
01/27/2026 18:45,0,880,0,7,0,873
01/27/2026 19:00,1,1097,0,18,0,1078
01/27/2026 19:15,0,1070,0,3,0,1067
01/27/2026 19:30,1,1309,0,100,0,1208
01/27/2026 19:45,1,1139,0,1142,4,0
01/27/2026 20:00,0,724,0,730,6,0
01/27/2026 20:15,0,552,0,556,4,0
01/27/2026 20:30,0,786,0,790,4,0
01/27/2026 20:45,0,878,0,884,6,0
01/27/2026 21:00,0,1175,0,1179,4,0
01/27/2026 21:15,0,2486,0,2490,4,0
01/27/2026 21:30,1,2969,0,2972,4,0
01/27/2026 21:45,0,1484,0,1489,5,0
01/27/2026 22:00,1,995,0,1590,596,0
01/27/2026 22:15,0,619,0,1170,551,0
01/27/2026 22:30,0,346,0,898,552,0
01/27/2026 22:45,0,890,0,1442,552,0
01/27/2026 23:00,0,832,0,1384,552,0
01/27/2026 23:15,0,1052,0,1606,554,0
01/27/2026 23:30,0,896,0,1449,553,0
01/27/2026 23:45,0,815,0,1370,555,0
01/28/2026 00:00,0,865,0,1419,554,0
01/28/2026 00:15,0,1296,0,1851,555,0
01/28/2026 00:30,0,802,0,1357,555,0
01/28/2026 00:45,0,948,0,1505,557,0
01/28/2026 01:00,0,843,0,1400,557,0
01/28/2026 01:15,0,1128,0,1656,528,0
01/28/2026 01:30,0,775,0,1363,588,0
01/28/2026 01:45,0,886,0,1445,559,0
01/28/2026 02:00,0,821,0,1380,559,0
01/28/2026 02:15,0,1007,0,1567,560,0
01/28/2026 02:30,0,751,0,1311,560,0
01/28/2026 02:45,0,1479,0,2040,561,0
01/28/2026 03:00,0,1084,0,1646,562,0
01/28/2026 03:15,0,947,0,1508,561,0
01/28/2026 03:30,0,850,0,1409,559,0
01/28/2026 03:45,0,1019,0,1555,536,0
01/28/2026 04:00,0,778,0,1280,502,0
01/28/2026 04:15,0,1135,0,1600,465,0
01/28/2026 04:30,0,1075,0,1509,434,0
01/28/2026 04:45,0,1078,0,1471,393,0
01/28/2026 05:00,0,677,0,1041,364,0
01/28/2026 05:15,0,1034,0,1363,329,0
01/28/2026 05:30,0,1208,0,1502,294,0
01/28/2026 05:45,0,1074,0,1334,260,0
01/28/2026 06:00,0,885,0,1111,226,0
01/28/2026 06:15,0,1275,0,1448,173,0
01/28/2026 06:30,0,855,0,931,76,0
01/28/2026 06:45,0,950,0,994,44,0
01/28/2026 07:00,0,856,0,884,28,0
01/28/2026 07:15,0,1032,0,1053,21,0
01/28/2026 07:30,0,1058,0,1068,10,0
01/28/2026 07:45,0,733,0,732,0,1
01/28/2026 08:00,0,1026,0,1045,19,0
01/28/2026 08:15,0,948,0,954,6,0
01/28/2026 08:30,0,1005,0,1013,8,0
01/28/2026 08:45,5,833,0,828,0,0
01/28/2026 09:00,13,790,0,787,10,0
01/28/2026 09:15,19,750,0,741,10,0
01/28/2026 09:30,20,816,0,798,2,0
01/28/2026 09:45,22,805,0,796,13,0
01/28/2026 10:00,21,910,0,901,12,0
01/28/2026 10:15,22,725,0,706,3,0
01/28/2026 10:30,23,817,0,804,10,0
01/28/2026 10:45,24,863,0,846,7,0
01/28/2026 11:00,23,1019,0,1008,12,0
01/28/2026 11:15,24,717,0,693,0,0
01/28/2026 11:30,22,710,0,700,12,0
01/28/2026 11:45,21,681,0,672,12,0
01/28/2026 12:00,22,714,0,692,0,0
01/28/2026 12:15,20,686,0,676,10,0
01/28/2026 12:30,19,707,0,699,11,0
01/28/2026 12:45,17,815,0,799,1,0
01/28/2026 13:00,17,693,0,686,10,0
01/28/2026 13:15,14,784,0,776,6,0
01/28/2026 13:30,13,856,0,853,10,0
01/28/2026 13:45,14,732,0,718,0,0
01/28/2026 14:00,11,622,0,621,10,0
01/28/2026 14:15,7,635,0,638,10,0
01/28/2026 14:30,8,711,0,703,0,0
01/28/2026 14:45,6,624,0,627,9,0
01/28/2026 15:00,7,763,0,765,9,0
01/28/2026 15:15,5,846,0,842,1,0
01/28/2026 15:30,2,707,0,710,5,0
01/28/2026 15:45,1,716,0,720,5,0
01/28/2026 16:00,0,841,0,44,1,798
01/28/2026 16:15,0,793,0,3,0,790
01/28/2026 16:30,0,685,0,6,0,679
01/28/2026 16:45,0,761,0,4,0,757
01/28/2026 17:00,0,689,0,8,0,681
01/28/2026 17:15,0,938,0,12,0,926
01/28/2026 17:30,0,1157,0,0,0,1157
01/28/2026 17:45,1,1053,0,33,0,1019
01/28/2026 18:00,0,1145,0,17,0,1128
01/28/2026 18:15,0,576,0,14,0,562
01/28/2026 18:30,0,913,0,8,0,905
01/28/2026 18:45,0,1018,0,11,0,1007
01/28/2026 19:00,0,982,1,0,0,983
01/28/2026 19:15,0,1057,0,6,0,1051
01/28/2026 19:30,0,911,0,24,0,887
01/28/2026 19:45,0,1067,0,1071,5,1
01/28/2026 20:00,0,980,0,985,5,0
01/28/2026 20:15,0,1038,0,1043,5,0
01/28/2026 20:30,0,641,0,645,4,0
01/28/2026 20:45,0,1372,0,1378,6,0
01/28/2026 21:00,0,1877,0,1881,4,0
01/28/2026 21:15,0,1801,0,1807,6,0
01/28/2026 21:30,0,1172,0,1176,4,0
01/28/2026 21:45,0,1329,0,1335,6,0
01/28/2026 22:00,0,483,0,1125,642,0
01/28/2026 22:15,0,800,0,1469,669,0
01/28/2026 22:30,0,827,0,1497,670,0
01/28/2026 22:45,0,938,0,1613,675,0
01/28/2026 23:00,0,784,0,1457,673,0
01/28/2026 23:15,0,779,0,1458,679,0
01/28/2026 23:30,0,706,0,1386,680,0
01/28/2026 23:45,0,1085,0,1763,678,0
01/29/2026 00:00,0,682,0,1360,678,0
01/29/2026 00:15,0,997,0,1668,671,0
01/29/2026 00:30,0,763,0,1426,663,0
01/29/2026 00:45,0,906,0,1559,653,0
01/29/2026 01:00,0,916,0,1553,637,0
01/29/2026 01:15,0,1027,0,1641,614,0
01/29/2026 01:30,0,796,0,1383,587,0
01/29/2026 01:45,0,982,0,1543,561,0
01/29/2026 02:00,0,749,0,1284,535,0
01/29/2026 02:15,0,1024,0,1535,511,0
01/29/2026 02:30,0,629,0,1124,495,0
01/29/2026 02:45,0,930,0,1383,453,0
01/29/2026 03:00,0,971,0,1392,421,0
01/29/2026 03:15,0,1200,0,1621,421,0
01/29/2026 03:30,0,793,0,1222,429,0
01/29/2026 03:45,0,1068,0,1495,427,0
01/29/2026 04:00,0,784,0,1198,414,0
01/29/2026 04:15,0,927,0,1339,412,0
01/29/2026 04:30,0,880,0,1234,354,0
01/29/2026 04:45,0,1177,0,1501,324,0
01/29/2026 05:00,0,943,0,1233,290,0
01/29/2026 05:15,0,672,0,942,270,0
01/29/2026 05:30,0,1118,0,1346,228,0
01/29/2026 05:45,0,1117,0,1307,190,0
01/29/2026 06:00,0,973,0,1134,161,0
01/29/2026 06:15,0,1031,0,1078,47,0
01/29/2026 06:30,0,967,0,970,3,0
01/29/2026 06:45,0,900,0,906,6,0
01/29/2026 07:00,0,958,0,984,26,0
01/29/2026 07:15,0,906,0,918,12,0
01/29/2026 07:30,0,1148,0,1148,0,0
01/29/2026 07:45,2,756,0,764,10,0
01/29/2026 08:00,1,832,0,841,10,0
01/29/2026 08:15,0,1002,0,1005,3,0
01/29/2026 08:30,3,884,0,881,0,0
01/29/2026 08:45,11,983,0,983,11,0
01/29/2026 09:00,18,823,0,815,10,0
01/29/2026 09:15,24,880,0,856,0,0
01/29/2026 09:30,26,701,0,685,10,0
01/29/2026 09:45,27,743,0,727,11,0
01/29/2026 10:00,27,686,0,659,0,0
01/29/2026 10:15,28,833,0,812,7,0
01/29/2026 10:30,29,714,0,695,10,0
01/29/2026 10:45,31,857,0,830,4,0
01/29/2026 11:00,31,857,0,826,0,0
01/29/2026 11:15,32,877,0,857,12,0
01/29/2026 11:30,29,710,0,693,12,0
01/29/2026 11:45,28,697,0,671,2,0
01/29/2026 12:00,45,641,0,608,12,0
01/29/2026 12:15,44,651,0,619,12,0
01/29/2026 12:30,43,804,0,763,2,0
01/29/2026 12:45,37,706,0,680,11,0
01/29/2026 13:00,36,668,0,642,10,0
01/29/2026 13:15,35,746,0,721,10,0
01/29/2026 13:30,63,741,0,678,0,0
01/29/2026 13:45,45,659,0,625,11,0
01/29/2026 14:00,40,685,0,654,9,0
01/29/2026 14:15,30,661,0,631,0,0
01/29/2026 14:30,14,748,0,744,10,0
01/29/2026 14:45,8,726,0,728,10,0
01/29/2026 15:00,6,719,0,713,0,0
01/29/2026 15:15,9,573,0,570,6,0
01/29/2026 15:30,7,692,0,694,9,0
01/29/2026 15:45,0,698,0,703,5,0
01/29/2026 16:00,1,852,0,39,0,812
01/29/2026 16:15,0,765,0,3,0,762
01/29/2026 16:30,0,717,0,8,0,709
01/29/2026 16:45,0,701,0,2,0,699
01/29/2026 17:00,0,697,0,8,0,689
01/29/2026 17:15,0,829,0,10,0,819
01/29/2026 17:30,0,1389,0,93,0,1296
01/29/2026 17:45,0,974,4,0,0,978
01/29/2026 18:00,0,955,2,0,0,957
01/29/2026 18:15,0,793,0,13,0,780
01/29/2026 18:30,0,822,0,8,0,814
01/29/2026 18:45,0,831,0,5,0,826
01/29/2026 19:00,0,1233,0,5,0,1228
01/29/2026 19:15,0,878,0,5,0,873
01/29/2026 19:30,0,981,0,11,0,970
01/29/2026 19:45,0,846,0,760,5,91
01/29/2026 20:00,0,936,0,940,4,0
01/29/2026 20:15,0,1086,0,1091,5,0
01/29/2026 20:30,0,1142,0,1147,5,0
01/29/2026 20:45,1,1802,0,1805,4,0
01/29/2026 21:00,1,2601,0,2604,4,0
01/29/2026 21:15,0,3074,0,3078,4,0
01/29/2026 21:30,0,1528,0,1532,4,0
01/29/2026 21:45,0,1580,0,1585,5,0
01/29/2026 22:00,0,823,0,1349,526,0
01/29/2026 22:15,0,844,0,1397,553,0
01/29/2026 22:30,0,613,0,1168,555,0
01/29/2026 22:45,0,956,0,1511,555,0
01/29/2026 23:00,0,703,0,1256,553,0
01/29/2026 23:15,0,872,0,1425,553,0
01/29/2026 23:30,0,629,0,1182,553,0
01/29/2026 23:45,0,709,0,1262,553,0
01/30/2026 00:00,0,801,0,1356,555,0
01/30/2026 00:15,0,1092,0,1646,554,0
01/30/2026 00:30,0,736,0,1291,555,0
01/30/2026 00:45,0,999,0,1555,556,0
01/30/2026 01:00,0,772,0,1329,557,0
01/30/2026 01:15,0,925,0,1483,558,0
01/30/2026 01:30,0,900,0,1458,558,0
01/30/2026 01:45,0,982,0,1540,558,0
01/30/2026 02:00,0,899,0,1458,559,0
01/30/2026 02:15,0,706,0,1266,560,0
01/30/2026 02:30,0,1142,0,1701,559,0
01/30/2026 02:45,0,1014,0,1575,561,0
01/30/2026 03:00,0,1105,0,1666,561,0
01/30/2026 03:15,0,809,0,1371,562,0
01/30/2026 03:30,0,1094,0,1653,559,0
01/30/2026 03:45,0,741,0,1277,536,0
01/30/2026 04:00,0,1175,0,1679,504,0
01/30/2026 04:15,0,764,0,1231,467,0
01/30/2026 04:30,0,1233,0,1669,436,0
01/30/2026 04:45,0,919,0,1321,402,0
01/30/2026 05:00,0,687,0,1053,366,0
01/30/2026 05:15,0,1253,0,1594,341,0
01/30/2026 05:30,0,1422,0,1725,303,0
01/30/2026 05:45,0,711,0,936,225,0
01/30/2026 06:00,0,1340,0,1548,208,0
01/30/2026 06:15,0,1228,0,1412,184,0
01/30/2026 06:30,0,1205,0,1326,121,0
01/30/2026 06:45,0,1154,0,1219,65,0
01/30/2026 07:00,0,1184,0,1212,28,0
01/30/2026 07:15,0,1387,0,1392,5,0
01/30/2026 07:30,3,1274,0,1287,16,0
01/30/2026 07:45,14,1240,0,1239,13,0
01/30/2026 08:00,15,1629,0,1625,11,0
01/30/2026 08:15,16,1525,0,1509,0,0
01/30/2026 08:30,20,1422,0,1423,21,0
01/30/2026 08:45,30,1865,0,1845,10,0
01/30/2026 09:00,37,1897,0,1860,0,0
01/30/2026 09:15,46,1933,0,1908,21,0
01/30/2026 09:30,49,1908,0,1862,3,0
01/30/2026 09:45,51,1648,0,1607,10,0
01/30/2026 10:00,56,1617,0,1570,9,0
01/30/2026 10:15,58,1198,0,1161,21,0
01/30/2026 10:30,63,1736,0,1688,15,0
01/30/2026 10:45,76,1651,0,1581,6,0
01/30/2026 11:00,102,1600,0,1524,26,0
01/30/2026 11:15,106,1500,0,1399,5,0
01/30/2026 11:30,104,1651,0,1550,3,0
01/30/2026 11:45,103,1543,0,1461,21,0
01/30/2026 12:00,99,1364,0,1266,1,0
01/30/2026 12:15,95,1550,0,1455,0,0
01/30/2026 12:30,91,1279,0,1192,4,0
01/30/2026 12:45,86,1228,0,1159,17,0
01/30/2026 13:00,79,1253,0,1174,0,0
01/30/2026 13:15,75,1347,0,1272,0,0
01/30/2026 13:30,70,1405,0,1357,22,0
01/30/2026 13:45,63,1194,0,1133,2,0
01/30/2026 14:00,57,1337,0,1280,0,0
01/30/2026 14:15,48,1262,0,1233,19,0
01/30/2026 14:30,32,1227,0,1196,1,0
01/30/2026 14:45,24,1231,0,1208,1,0
01/30/2026 15:00,21,1056,0,1039,4,0
01/30/2026 15:15,19,1068,0,1066,17,0
01/30/2026 15:30,20,946,0,926,0,0
01/30/2026 15:45,17,1188,0,1171,0,0
01/30/2026 16:00,10,934,0,42,0,882
01/30/2026 16:15,2,957,2,0,0,957
01/30/2026 16:30,0,785,0,7,0,778
01/30/2026 16:45,0,931,0,4,0,927
01/30/2026 17:00,0,967,0,12,0,955
01/30/2026 17:15,0,995,0,1,0,994
01/30/2026 17:30,0,1587,0,231,0,1356
01/30/2026 17:45,0,1182,0,17,0,1165
01/30/2026 18:00,0,1290,0,162,0,1128
01/30/2026 18:15,0,887,0,14,0,873
01/30/2026 18:30,0,1259,0,5,0,1254
01/30/2026 18:45,0,1066,1,0,0,1067
01/30/2026 19:00,0,1180,0,317,2,865
01/30/2026 19:15,0,931,0,935,4,0
01/30/2026 19:30,0,1300,0,1305,5,0
01/30/2026 19:45,1,1249,0,1252,4,0
01/30/2026 20:00,1,1792,0,1795,4,0
01/30/2026 20:15,0,1812,0,1816,4,0
01/30/2026 20:30,0,2031,0,2035,4,0
01/30/2026 20:45,0,2628,0,2632,4,0
01/30/2026 21:00,0,2862,0,2866,4,0
01/30/2026 21:15,0,1697,0,1701,4,0
01/30/2026 21:30,0,1398,0,1404,6,0
01/30/2026 21:45,0,1085,0,1089,4,0
01/30/2026 22:00,0,1453,0,1861,408,0
01/30/2026 22:15,0,1131,0,1505,374,0
01/30/2026 22:30,0,1263,0,1637,374,0
01/30/2026 22:45,0,976,0,1351,375,0
01/30/2026 23:00,0,1195,0,1571,376,0
01/30/2026 23:15,0,1082,0,1458,376,0
01/30/2026 23:30,0,987,0,1363,376,0
01/30/2026 23:45,0,1455,0,1831,376,0
01/31/2026 00:00,0,1109,0,1487,378,0
01/31/2026 00:15,0,1326,0,1703,377,0
01/31/2026 00:30,0,1124,0,1502,378,0
01/31/2026 00:45,0,1267,0,1645,378,0
01/31/2026 01:00,0,1524,0,1902,378,0
01/31/2026 01:15,0,1521,0,1900,379,0
01/31/2026 01:30,0,1143,0,1522,379,0
01/31/2026 01:45,0,1486,0,1865,379,0
01/31/2026 02:00,0,1056,0,1435,379,0
01/31/2026 02:15,0,1374,0,1754,380,0
01/31/2026 02:30,0,1710,0,2090,380,0
01/31/2026 02:45,0,1496,0,1868,372,0
01/31/2026 03:00,0,1627,0,1986,359,0
01/31/2026 03:15,0,1479,0,1823,344,0
01/31/2026 03:30,0,1339,0,1670,331,0
01/31/2026 03:45,0,1377,0,1695,318,0
01/31/2026 04:00,0,1528,0,1834,306,0
01/31/2026 04:15,0,1234,0,1528,294,0
01/31/2026 04:30,0,1738,0,2022,284,0
01/31/2026 04:45,0,873,0,1145,272,0
01/31/2026 05:00,0,1815,0,2078,263,0
01/31/2026 05:15,0,1348,0,1597,249,0
01/31/2026 05:30,0,1555,0,1792,237,0
01/31/2026 05:45,0,1340,0,1574,234,0
01/31/2026 06:00,0,1389,0,1614,225,0
01/31/2026 06:15,0,1557,0,1771,214,0
01/31/2026 06:30,0,1680,0,1879,199,0
01/31/2026 06:45,0,1628,0,1813,185,0
01/31/2026 07:00,0,1584,0,1763,179,0
01/31/2026 07:15,0,1312,0,1427,115,0
01/31/2026 07:30,8,1213,0,1270,65,0
01/31/2026 07:45,22,1870,0,1882,34,0
01/31/2026 08:00,20,1597,0,1600,23,0
01/31/2026 08:15,22,1792,0,1770,0,0
01/31/2026 08:30,25,1445,0,1421,1,0
01/31/2026 08:45,36,1452,0,1426,10,0
01/31/2026 09:00,45,1246,0,1211,10,0
01/31/2026 09:15,54,1412,0,1358,0,0
01/31/2026 09:30,58,1268,0,1222,12,0
01/31/2026 09:45,59,1321,0,1274,12,0
01/31/2026 10:00,63,1031,0,968,0,0
01/31/2026 10:15,64,1230,0,1182,16,0
01/31/2026 10:30,69,1310,0,1249,8,0
01/31/2026 10:45,80,1370,0,1294,4,0
01/31/2026 11:00,111,1321,0,1220,10,0
01/31/2026 11:15,116,1242,0,1166,40,0
01/31/2026 11:30,119,1004,0,994,109,0
01/31/2026 11:45,117,743,0,724,98,0
01/31/2026 12:00,146,1569,0,1534,111,0
01/31/2026 12:15,147,1485,0,1447,109,0
01/31/2026 12:30,141,734,0,694,101,0
01/31/2026 12:45,137,964,0,939,112,0
01/31/2026 13:00,129,1410,0,1387,106,0
01/31/2026 13:15,100,1382,0,1384,102,0
01/31/2026 13:30,88,1041,0,1061,108,0
01/31/2026 13:45,83,961,0,982,104,0
01/31/2026 14:00,68,1289,0,1328,107,0
01/31/2026 14:15,56,1317,0,1359,98,0
01/31/2026 14:30,38,1185,0,1256,109,0
01/31/2026 14:45,31,1110,0,1188,109,0
01/31/2026 15:00,28,1146,0,1217,99,0
01/31/2026 15:15,25,982,0,1071,114,0
01/31/2026 15:30,24,1270,0,1351,105,0
01/31/2026 15:45,21,930,0,1013,104,0
01/31/2026 16:00,12,793,1,0,0,782
01/31/2026 16:15,5,659,0,0,0,654
01/31/2026 16:30,0,723,0,6,0,717
01/31/2026 16:45,0,768,0,5,0,763
01/31/2026 17:00,0,872,0,13,0,859
01/31/2026 17:15,0,1166,3,0,0,1169
01/31/2026 17:30,0,1393,0,104,0,1289
01/31/2026 17:45,0,740,6,0,0,746
01/31/2026 18:00,0,910,0,11,0,899
01/31/2026 18:15,0,988,0,35,0,953
01/31/2026 18:30,0,1048,0,350,0,698
01/31/2026 18:45,0,935,0,238,0,697
01/31/2026 19:00,0,1017,0,239,2,780
01/31/2026 19:15,0,1016,0,1020,4,0
01/31/2026 19:30,0,1008,0,1012,4,0
01/31/2026 19:45,0,893,0,899,6,0
01/31/2026 20:00,0,1173,0,1178,5,0
01/31/2026 20:15,0,1032,0,1037,5,0
01/31/2026 20:30,0,1229,0,1234,5,0
01/31/2026 20:45,0,1610,0,1615,5,0
01/31/2026 21:00,0,1869,0,1873,4,0
01/31/2026 21:15,0,1945,0,1951,6,0
01/31/2026 21:30,0,1438,0,1442,4,0
01/31/2026 21:45,0,1685,0,1721,36,0
01/31/2026 22:00,0,1172,0,1711,539,0
01/31/2026 22:15,0,1112,0,1665,553,0
01/31/2026 22:30,0,1019,0,1572,553,0
01/31/2026 22:45,0,1136,0,1692,556,0
01/31/2026 23:00,0,1093,0,1646,553,0
01/31/2026 23:15,0,998,0,1552,554,0
01/31/2026 23:30,0,1267,0,1822,555,0
01/31/2026 23:45,0,1050,0,1604,554,0
