Date/Time,Energy Produced (Wh),Energy Consumed (Wh),Exported to Grid (Wh),Imported from Grid (Wh),Stored in batteries (Wh),Discharged from batteries (Wh)
08/01/2026 00:00,0,459,0,467,8,0
08/01/2026 00:15,0,421,0,427,6,0
08/01/2026 00:30,0,325,0,332,7,0
08/01/2026 00:45,0,353,0,360,7,0
08/01/2026 01:00,0,381,0,387,6,0
08/01/2026 01:15,0,131,0,139,8,0
08/01/2026 01:30,0,166,0,172,6,0
08/01/2026 01:45,0,268,0,276,8,0
08/01/2026 02:00,0,329,0,335,6,0
08/01/2026 02:15,0,227,0,235,8,0
08/01/2026 02:30,0,400,0,407,7,0
08/01/2026 02:45,0,350,0,357,7,0
08/01/2026 03:00,0,134,0,257,123,0
08/01/2026 03:15,0,346,0,353,7,0
08/01/2026 03:30,0,129,0,136,7,0
08/01/2026 03:45,0,151,0,159,8,0
08/01/2026 04:00,0,146,0,152,6,0
08/01/2026 04:15,0,148,0,155,7,0
08/01/2026 04:30,0,229,0,236,7,0
08/01/2026 04:45,0,344,0,352,8,0
08/01/2026 05:00,0,371,0,378,7,0
08/01/2026 05:15,0,208,0,329,121,0
08/01/2026 05:30,0,250,0,258,8,0
08/01/2026 05:45,9,147,0,144,6,0
08/01/2026 06:00,71,142,0,83,12,0
08/01/2026 06:15,204,130,0,6,80,0
08/01/2026 06:30,301,273,0,14,42,0
08/01/2026 06:45,392,302,0,4,120,26
08/01/2026 07:00,465,304,0,284,465,20
08/01/2026 07:15,566,232,0,226,560,0
08/01/2026 07:30,684,136,0,131,679,0
08/01/2026 07:45,787,323,0,323,787,0
08/01/2026 08:00,865,257,0,252,860,0
08/01/2026 08:15,949,156,0,146,939,0
08/01/2026 08:30,1009,159,0,154,1004,0
08/01/2026 08:45,1080,243,0,240,1077,0
08/01/2026 09:00,1135,148,0,148,1135,0
08/01/2026 09:15,1183,153,0,151,1181,0
08/01/2026 09:30,1226,360,0,361,1227,0
08/01/2026 09:45,1283,469,0,469,1283,0
08/01/2026 10:00,1334,280,0,281,1335,0
08/01/2026 10:15,1399,230,0,15,1184,0
08/01/2026 10:30,1454,149,1077,0,228,0
08/01/2026 10:45,1515,128,1245,0,142,0
08/01/2026 11:00,1559,369,1167,0,23,0
08/01/2026 11:15,1605,420,1170,0,15,0
08/01/2026 11:30,1571,317,1254,0,0,0
08/01/2026 11:45,1614,373,1211,0,30,0
08/01/2026 12:00,1655,545,1110,0,0,0
08/01/2026 12:15,1691,489,1202,0,0,0
08/01/2026 12:30,1636,432,1170,0,34,0
08/01/2026 12:45,1712,1723,0,27,16,0
08/01/2026 13:00,1634,1543,91,0,0,0
08/01/2026 13:15,723,631,92,0,0,0
08/01/2026 13:30,1402,535,837,0,30,0
08/01/2026 13:45,446,570,0,126,2,0
08/01/2026 14:00,449,362,454,0,0,367
08/01/2026 14:15,806,542,798,0,0,534
08/01/2026 14:30,1171,480,1168,0,0,477
08/01/2026 14:45,943,660,934,0,0,651
08/01/2026 15:00,810,558,809,0,0,557
08/01/2026 15:15,1394,445,1388,0,0,439
08/01/2026 15:30,652,550,649,0,0,547
08/01/2026 15:45,710,299,709,0,0,298
08/01/2026 16:00,1200,100,1197,0,0,97
08/01/2026 16:15,1020,97,1017,0,0,94
08/01/2026 16:30,541,64,537,0,0,60
08/01/2026 16:45,588,144,582,0,0,138
08/01/2026 17:00,497,73,494,0,0,70
08/01/2026 17:15,337,113,331,0,0,107
08/01/2026 17:30,269,185,261,0,0,177
08/01/2026 17:45,404,511,394,0,0,501
08/01/2026 18:00,184,597,183,0,0,596
08/01/2026 18:15,153,360,148,0,0,355
08/01/2026 18:30,160,378,153,0,0,371
08/01/2026 18:45,126,522,116,0,0,512
08/01/2026 19:00,87,548,0,8,4,457
08/01/2026 19:15,53,561,0,11,0,497
08/01/2026 19:30,16,624,0,4,0,604
08/01/2026 19:45,3,432,0,6,0,423
08/01/2026 20:00,0,488,11,0,0,499
08/01/2026 20:15,0,390,0,4,0,386
08/01/2026 20:30,0,429,0,9,0,420
08/01/2026 20:45,0,397,0,1,0,396
08/01/2026 21:00,0,427,0,4,0,423
08/01/2026 21:15,0,539,0,2,0,537
08/01/2026 21:30,0,758,0,13,0,745
08/01/2026 21:45,0,1031,0,507,6,530
08/01/2026 22:00,0,627,0,635,8,0
08/01/2026 22:15,0,465,0,471,6,0
08/01/2026 22:30,0,382,0,390,8,0
08/01/2026 22:45,0,389,0,395,6,0
08/01/2026 23:00,0,407,0,413,6,0
08/01/2026 23:15,0,444,0,450,6,0
08/01/2026 23:30,0,325,0,333,8,0
08/01/2026 23:45,0,229,0,235,6,0
08/02/2026 00:00,0,332,0,338,6,0
08/02/2026 00:15,0,591,0,597,6,0
08/02/2026 00:30,0,418,0,426,8,0
08/02/2026 00:45,0,367,0,373,6,0
08/02/2026 01:00,0,387,0,393,6,0
08/02/2026 01:15,0,406,0,414,8,0
08/02/2026 01:30,0,374,0,484,110,0
08/02/2026 01:45,0,299,0,305,6,0
08/02/2026 02:00,0,266,0,273,7,0
08/02/2026 02:15,0,463,0,470,7,0
08/02/2026 02:30,0,315,0,321,6,0
08/02/2026 02:45,0,284,0,290,6,0
08/02/2026 03:00,0,167,0,175,8,0
08/02/2026 03:15,0,395,0,511,117,1
08/02/2026 03:30,0,403,0,410,7,0
08/02/2026 03:45,0,132,0,139,7,0
08/02/2026 04:00,0,148,0,154,6,0
08/02/2026 04:15,0,342,0,350,8,0
08/02/2026 04:30,0,436,0,442,6,0
08/02/2026 04:45,0,198,0,204,6,0
08/02/2026 05:00,0,144,0,152,8,0
08/02/2026 05:15,0,208,0,333,125,0
08/02/2026 05:30,0,398,0,405,7,0
08/02/2026 05:45,0,258,0,265,7,0
08/02/2026 06:00,11,250,0,246,7,0
08/02/2026 06:15,69,200,0,137,6,0
08/02/2026 06:30,117,366,0,257,8,0
08/02/2026 06:45,200,253,0,74,21,0
08/02/2026 07:00,304,397,0,389,296,0
08/02/2026 07:15,243,425,0,426,244,0
08/02/2026 07:30,187,167,0,160,180,0
08/02/2026 07:45,466,317,0,317,466,0
08/02/2026 08:00,209,297,0,294,206,0
08/02/2026 08:15,291,194,0,186,283,0
08/02/2026 08:30,499,218,0,219,500,0
08/02/2026 08:45,457,472,0,466,451,0
08/02/2026 09:00,618,410,0,405,613,0
08/02/2026 09:15,808,298,0,297,807,0
08/02/2026 09:30,734,121,0,121,734,0
08/02/2026 09:45,1378,132,0,125,1371,0
08/02/2026 10:00,799,147,0,144,796,0
08/02/2026 10:15,964,220,0,224,968,0
08/02/2026 10:30,1278,249,0,238,1267,0
08/02/2026 10:45,1303,368,0,378,1313,0
08/02/2026 11:00,1018,309,0,311,1020,0
08/02/2026 11:15,1310,290,0,298,1318,0
08/02/2026 11:30,1556,288,0,147,1415,0
08/02/2026 11:45,1181,277,678,0,226,0
08/02/2026 12:00,621,342,117,0,162,0
08/02/2026 12:15,997,369,577,0,51,0
08/02/2026 12:30,1019,449,559,0,11,0
08/02/2026 12:45,1124,894,227,0,3,0
08/02/2026 13:00,892,644,220,0,28,0
08/02/2026 13:15,1206,397,799,0,10,0
08/02/2026 13:30,1805,383,1422,0,0,0
08/02/2026 13:45,971,467,473,0,31,0
08/02/2026 14:00,1437,347,1431,0,2,343
08/02/2026 14:15,1605,436,1603,0,0,434
08/02/2026 14:30,968,379,962,0,0,373
08/02/2026 14:45,1146,455,1140,0,0,449
08/02/2026 15:00,1037,488,1027,0,0,478
08/02/2026 15:15,898,954,891,0,0,947
08/02/2026 15:30,673,534,680,0,0,541
08/02/2026 15:45,779,362,773,0,0,356
08/02/2026 16:00,682,226,681,0,0,225
08/02/2026 16:15,548,98,544,0,0,94
08/02/2026 16:30,884,93,877,0,0,86
08/02/2026 16:45,679,231,669,0,0,221
08/02/2026 17:00,690,292,681,0,0,283
08/02/2026 17:15,630,827,627,0,0,824
08/02/2026 17:30,487,545,491,0,0,549
08/02/2026 17:45,392,426,385,0,0,419
08/02/2026 18:00,230,431,222,0,0,423
08/02/2026 18:15,184,403,178,0,0,397
08/02/2026 18:30,181,281,178,0,0,278
08/02/2026 18:45,69,353,61,0,0,345
08/02/2026 19:00,54,532,0,16,6,468
08/02/2026 19:15,28,569,0,2,0,539
08/02/2026 19:30,14,647,0,1,0,632
08/02/2026 19:45,5,586,0,7,0,574
08/02/2026 20:00,0,689,0,3,0,686
08/02/2026 20:15,0,572,0,9,0,563
08/02/2026 20:30,0,393,0,5,0,388
08/02/2026 20:45,0,479,0,8,0,471
08/02/2026 21:00,0,547,0,27,4,524
08/02/2026 21:15,0,750,0,756,6,0
08/02/2026 21:30,0,782,0,789,7,0
08/02/2026 21:45,0,572,0,579,7,0
08/02/2026 22:00,0,345,0,351,6,0
08/02/2026 22:15,0,292,0,300,8,0
08/02/2026 22:30,0,329,0,335,6,0
08/02/2026 22:45,0,722,0,728,6,0
08/02/2026 23:00,0,765,0,772,7,0
08/02/2026 23:15,0,466,0,473,7,0
08/02/2026 23:30,0,435,0,441,6,0
08/02/2026 23:45,0,395,0,402,7,0
08/03/2026 00:00,0,407,0,414,7,0
08/03/2026 00:15,0,494,0,500,6,0
08/03/2026 00:30,0,393,0,401,8,0
08/03/2026 00:45,0,298,0,304,6,0
08/03/2026 01:00,0,367,0,487,120,0
08/03/2026 01:15,0,473,0,479,6,0
08/03/2026 01:30,0,315,0,323,8,0
08/03/2026 01:45,0,409,0,415,6,0
08/03/2026 02:00,0,367,0,373,6,0
08/03/2026 02:15,0,250,0,257,7,0
08/03/2026 02:30,0,158,0,165,7,0
08/03/2026 02:45,0,433,0,440,7,0
08/03/2026 03:00,0,464,0,581,117,0
08/03/2026 03:15,0,265,0,272,7,0
08/03/2026 03:30,0,313,0,320,7,0
08/03/2026 03:45,0,341,0,348,7,0
08/03/2026 04:00,0,327,0,334,7,0
08/03/2026 04:15,0,358,0,366,8,0
08/03/2026 04:30,0,186,0,193,7,0
08/03/2026 04:45,0,411,0,418,7,0
08/03/2026 05:00,0,318,0,444,126,0
08/03/2026 05:15,0,574,0,581,7,0
08/03/2026 05:30,0,334,0,340,6,0
08/03/2026 05:45,0,146,0,153,7,0
08/03/2026 06:00,42,148,0,113,7,0
08/03/2026 06:15,78,291,0,220,7,0
08/03/2026 06:30,103,156,0,59,6,0
08/03/2026 06:45,142,456,0,321,7,0
08/03/2026 07:00,100,603,0,592,89,0
08/03/2026 07:15,160,434,0,428,154,0
08/03/2026 07:30,193,364,0,358,187,0
08/03/2026 07:45,609,215,0,215,609,0
08/03/2026 08:00,153,208,0,211,156,0
08/03/2026 08:15,101,217,0,213,97,0
08/03/2026 08:30,57,229,0,228,56,0
08/03/2026 08:45,49,352,0,349,46,0
08/03/2026 09:00,50,274,0,274,50,0
08/03/2026 09:15,12,275,0,277,14,0
08/03/2026 09:30,8,342,0,341,7,0
08/03/2026 09:45,48,186,0,176,38,0
08/03/2026 10:00,489,146,0,133,476,0
08/03/2026 10:15,444,234,0,234,444,0
08/03/2026 10:30,319,337,0,337,319,0
08/03/2026 10:45,236,298,0,302,240,0
08/03/2026 11:00,94,335,0,334,93,0
08/03/2026 11:15,94,361,0,357,90,0
08/03/2026 11:30,102,451,0,449,100,0
08/03/2026 11:45,155,362,0,356,149,0
08/03/2026 12:00,155,1230,0,1225,150,0
08/03/2026 12:15,658,1680,0,1676,654,0
08/03/2026 12:30,284,586,0,590,288,0
08/03/2026 12:45,77,1574,0,1572,75,0
08/03/2026 13:00,120,733,0,4277,3664,0
08/03/2026 13:15,395,156,0,3477,3716,0
08/03/2026 13:30,593,136,0,2306,2763,0
08/03/2026 13:45,732,253,279,0,200,0
08/03/2026 14:00,435,320,428,0,2,315
08/03/2026 14:15,345,175,342,0,0,172
08/03/2026 14:30,238,83,236,0,0,81
08/03/2026 14:45,344,115,338,0,0,109
08/03/2026 15:00,535,100,532,0,0,97
08/03/2026 15:15,600,367,594,0,0,361
08/03/2026 15:30,562,190,560,0,0,188
08/03/2026 15:45,539,169,536,0,0,166
08/03/2026 16:00,635,142,632,0,0,139
08/03/2026 16:15,493,92,489,0,0,88
08/03/2026 16:30,494,95,490,0,0,91
08/03/2026 16:45,419,124,410,0,0,115
08/03/2026 17:00,663,529,656,0,0,522
08/03/2026 17:15,167,372,165,0,0,370
08/03/2026 17:30,151,384,146,0,0,379
08/03/2026 17:45,323,290,323,0,0,290
08/03/2026 18:00,138,257,135,0,0,254
08/03/2026 18:15,131,223,123,0,0,215
08/03/2026 18:30,111,376,106,0,0,371
08/03/2026 18:45,211,346,208,0,0,343
08/03/2026 19:00,87,351,0,21,11,254
08/03/2026 19:15,37,379,0,6,0,336
08/03/2026 19:30,20,726,9,0,0,715
08/03/2026 19:45,4,690,0,1,0,685
08/03/2026 20:00,0,714,0,4,0,710
08/03/2026 20:15,0,417,3,0,0,420
08/03/2026 20:30,0,240,0,1,0,239
08/03/2026 20:45,0,461,0,10,0,451
08/03/2026 21:00,0,472,4,0,0,476
08/03/2026 21:15,0,199,0,5,0,194
08/03/2026 21:30,0,534,0,11,0,523
08/03/2026 21:45,0,583,0,6,0,577
08/03/2026 22:00,0,497,0,5,0,492
08/03/2026 22:15,0,521,0,10,0,511
08/03/2026 22:30,0,412,0,2,0,410
08/03/2026 22:45,0,424,0,3,0,421
08/03/2026 23:00,0,185,0,0,0,185
08/03/2026 23:15,0,335,0,75,11,271
08/03/2026 23:30,0,454,0,462,8,0
08/03/2026 23:45,0,292,0,298,6,0
08/04/2026 00:00,0,273,0,281,8,0
08/04/2026 00:15,0,300,0,306,6,0
08/04/2026 00:30,0,293,0,300,7,0
08/04/2026 00:45,0,240,0,247,7,0
08/04/2026 01:00,0,143,0,149,6,0
08/04/2026 01:15,0,115,0,123,8,0
08/04/2026 01:30,0,331,0,337,6,0
08/04/2026 01:45,0,196,0,204,8,0
08/04/2026 02:00,0,244,0,250,6,0
08/04/2026 02:15,0,253,0,261,8,0
08/04/2026 02:30,0,161,0,167,6,0
08/04/2026 02:45,0,135,0,141,6,0
08/04/2026 03:00,0,151,0,275,124,0
08/04/2026 03:15,0,179,0,187,8,0
08/04/2026 03:30,0,287,0,293,6,0
08/04/2026 03:45,0,202,0,209,7,0
08/04/2026 04:00,0,241,0,248,7,0
08/04/2026 04:15,0,133,0,139,6,0
08/04/2026 04:30,0,119,0,126,7,0
08/04/2026 04:45,0,139,0,146,7,0
08/04/2026 05:00,0,285,0,292,7,0
08/04/2026 05:15,0,222,0,345,123,0
08/04/2026 05:30,0,115,0,121,6,0
08/04/2026 05:45,4,114,0,117,7,0
08/04/2026 06:00,64,130,0,75,9,0
08/04/2026 06:15,218,278,0,67,7,0
08/04/2026 06:30,299,232,0,29,96,0
08/04/2026 06:45,416,126,22,0,316,48
08/04/2026 07:00,496,187,0,192,501,0
08/04/2026 07:15,597,289,0,285,593,0
08/04/2026 07:30,727,241,0,238,724,0
08/04/2026 07:45,837,219,0,217,835,0
08/04/2026 08:00,921,200,0,200,921,0
08/04/2026 08:15,1002,330,0,329,1001,0
08/04/2026 08:30,1066,247,0,248,1067,0
08/04/2026 08:45,1130,244,0,238,1124,0
08/04/2026 09:00,1186,318,0,314,1182,0
08/04/2026 09:15,1231,248,0,249,1232,0
08/04/2026 09:30,1274,177,0,178,1275,0
08/04/2026 09:45,1326,126,0,123,1323,0
08/04/2026 10:00,1393,121,0,122,1394,0
08/04/2026 10:15,1453,147,643,0,663,0
08/04/2026 10:30,1510,129,1182,0,199,0
08/04/2026 10:45,1558,148,1248,0,162,0
08/04/2026 11:00,1602,373,1160,0,69,0
08/04/2026 11:15,1642,309,1309,0,24,0
08/04/2026 11:30,1662,289,1332,0,41,0
08/04/2026 11:45,1684,379,1292,0,13,0
08/04/2026 12:00,1708,366,1339,0,3,0
08/04/2026 12:15,1716,306,1400,0,10,0
08/04/2026 12:30,1687,285,1356,0,46,0
08/04/2026 12:45,1697,277,1420,0,0,0
08/04/2026 13:00,1704,264,1430,0,10,0
08/04/2026 13:15,1716,159,1537,0,20,0
08/04/2026 13:30,1708,255,1441,0,12,0
08/04/2026 13:45,1683,175,1498,0,10,0
08/04/2026 14:00,1610,146,1627,0,0,163
08/04/2026 14:15,1555,112,1553,0,0,110
08/04/2026 14:30,1516,296,1509,0,0,289
08/04/2026 14:45,1461,143,1461,0,0,143
08/04/2026 15:00,1388,96,1382,0,0,90
08/04/2026 15:15,1311,236,1308,0,0,233
08/04/2026 15:30,1219,174,1210,0,0,165
08/04/2026 15:45,1110,213,1111,0,0,214
08/04/2026 16:00,1046,104,1044,0,0,102
08/04/2026 16:15,978,94,975,0,0,91
08/04/2026 16:30,894,86,886,0,0,78
08/04/2026 16:45,778,186,769,0,0,177
08/04/2026 17:00,677,758,663,0,0,744
08/04/2026 17:15,589,762,592,0,0,765
08/04/2026 17:30,495,546,484,0,0,535
08/04/2026 17:45,385,471,384,0,0,470
08/04/2026 18:00,266,276,262,0,0,272
08/04/2026 18:15,116,280,109,0,0,273
08/04/2026 18:30,88,414,84,0,0,410
08/04/2026 18:45,71,295,68,0,0,292
08/04/2026 19:00,59,413,0,17,8,345
08/04/2026 19:15,52,398,0,7,0,339
08/04/2026 19:30,35,387,0,7,0,345
08/04/2026 19:45,10,385,0,7,0,368
08/04/2026 20:00,0,373,0,7,0,366
08/04/2026 20:15,0,432,0,5,0,427
08/04/2026 20:30,0,555,0,8,0,547
08/04/2026 20:45,0,425,2,0,0,427
08/04/2026 21:00,0,366,0,6,0,360
08/04/2026 21:15,0,389,0,7,0,382
08/04/2026 21:30,0,393,0,9,0,384
08/04/2026 21:45,0,498,0,0,0,498
08/04/2026 22:00,0,588,0,1,0,587
08/04/2026 22:15,0,404,0,4,0,400
08/04/2026 22:30,0,592,0,7,0,585
08/04/2026 22:45,0,757,0,7,0,750
08/04/2026 23:00,0,611,0,549,14,76
08/04/2026 23:15,0,710,0,716,6,0
08/04/2026 23:30,0,395,0,401,6,0
08/04/2026 23:45,0,369,0,377,8,0
08/05/2026 00:00,0,388,0,394,6,0
08/05/2026 00:15,0,308,0,314,6,0
08/05/2026 00:30,0,286,0,292,6,0
08/05/2026 00:45,0,348,0,354,6,0
08/05/2026 01:00,0,287,0,293,6,0
08/05/2026 01:15,0,339,0,345,6,0
08/05/2026 01:30,0,297,0,303,6,0
08/05/2026 01:45,0,242,0,248,6,0
08/05/2026 02:00,0,245,0,251,6,0
08/05/2026 02:15,0,149,0,155,6,0
08/05/2026 02:30,0,207,0,330,123,0
08/05/2026 02:45,0,227,0,233,6,0
08/05/2026 03:00,0,366,0,372,6,0
08/05/2026 03:15,0,307,0,313,6,0
08/05/2026 03:30,0,212,0,218,6,0
08/05/2026 03:45,0,178,0,184,6,0
08/05/2026 04:00,0,278,0,284,6,0
08/05/2026 04:15,0,121,0,128,7,0
08/05/2026 04:30,0,119,0,247,128,0
08/05/2026 04:45,0,158,0,163,6,1
08/05/2026 05:00,0,141,0,147,6,0
08/05/2026 05:15,0,115,0,122,7,0
08/05/2026 05:30,0,139,0,145,6,0
08/05/2026 05:45,0,415,0,421,6,0
08/05/2026 06:00,30,307,0,284,7,0
08/05/2026 06:15,139,387,0,254,6,0
08/05/2026 06:30,315,294,0,15,36,0
08/05/2026 06:45,296,271,0,30,55,0
08/05/2026 07:00,533,336,0,320,517,0
08/05/2026 07:15,710,259,0,255,706,0
08/05/2026 07:30,551,196,0,197,552,0
08/05/2026 07:45,797,177,0,172,792,0
08/05/2026 08:00,914,294,0,296,916,0
08/05/2026 08:15,820,235,0,232,817,0
08/05/2026 08:30,1053,213,0,212,1052,0
08/05/2026 08:45,1134,198,0,196,1132,0
08/05/2026 09:00,1266,211,0,206,1261,0
08/05/2026 09:15,1206,171,0,175,1210,0
08/05/2026 09:30,1320,119,0,120,1321,0
08/05/2026 09:45,1121,117,0,116,1120,0
08/05/2026 10:00,1138,253,0,259,1144,0
08/05/2026 10:15,1055,185,0,186,1056,0
08/05/2026 10:30,996,135,84,0,777,0
08/05/2026 10:45,1194,333,740,0,121,0
08/05/2026 11:00,1115,327,704,0,84,0
08/05/2026 11:15,1025,280,715,0,30,0
08/05/2026 11:30,1479,279,1200,0,0,0
08/05/2026 11:45,1753,302,1410,0,41,0
08/05/2026 12:00,1311,297,986,0,28,0
08/05/2026 12:15,1222,272,942,0,8,0
08/05/2026 12:30,1069,356,703,0,10,0
08/05/2026 12:45,1296,399,887,0,10,0
08/05/2026 13:00,1267,234,1013,0,20,0
08/05/2026 13:15,1509,134,1372,0,3,0
08/05/2026 13:30,1479,136,1325,0,18,0
08/05/2026 13:45,1654,150,1490,0,14,0
08/05/2026 14:00,1154,125,1163,0,2,136
08/05/2026 14:15,1190,136,1186,0,0,132
08/05/2026 14:30,1515,128,1511,0,0,124
08/05/2026 14:45,1234,307,1229,0,0,302
08/05/2026 15:00,874,233,870,0,0,229
08/05/2026 15:15,1423,405,1415,0,0,397
08/05/2026 15:30,1325,419,1326,0,0,420
08/05/2026 15:45,632,120,627,0,0,115
08/05/2026 16:00,913,85,910,0,0,82
08/05/2026 16:15,1007,87,1002,0,0,82
08/05/2026 16:30,645,103,640,0,0,98
08/05/2026 16:45,554,300,536,0,0,282
08/05/2026 17:00,472,927,467,0,0,922
08/05/2026 17:15,319,856,317,0,0,854
08/05/2026 17:30,313,418,308,0,0,413
08/05/2026 17:45,394,361,386,0,0,353
08/05/2026 18:00,315,320,312,0,0,317
08/05/2026 18:15,240,324,232,0,0,316
08/05/2026 18:30,132,532,131,0,0,531
08/05/2026 18:45,74,260,67,0,0,253
08/05/2026 19:00,46,372,0,14,8,320
08/05/2026 19:15,20,500,0,6,0,474
08/05/2026 19:30,10,404,0,3,0,391
08/05/2026 19:45,0,344,0,6,0,338
08/05/2026 20:00,0,286,0,8,0,278
08/05/2026 20:15,0,372,0,5,0,367
08/05/2026 20:30,0,363,0,6,0,357
08/05/2026 20:45,0,358,0,3,0,355
08/05/2026 21:00,0,418,0,9,0,409
08/05/2026 21:15,0,459,0,3,0,456
08/05/2026 21:30,0,2115,0,16,0,2099
08/05/2026 21:45,0,1519,0,906,6,619
08/05/2026 22:00,0,857,0,863,6,0
08/05/2026 22:15,0,543,0,550,7,0
08/05/2026 22:30,0,469,0,476,7,0
08/05/2026 22:45,0,375,0,381,6,0
08/05/2026 23:00,0,357,0,364,7,0
08/05/2026 23:15,0,356,0,363,7,0
08/05/2026 23:30,0,654,0,660,6,0
08/05/2026 23:45,0,397,0,404,7,0
08/06/2026 00:00,0,388,0,394,6,0
08/06/2026 00:15,0,562,0,569,7,0
08/06/2026 00:30,0,344,0,350,6,0
08/06/2026 00:45,0,309,0,315,6,0
08/06/2026 01:00,0,349,0,356,7,0
08/06/2026 01:15,0,337,0,450,113,0
08/06/2026 01:30,0,452,0,458,6,0
08/06/2026 01:45,0,320,0,326,6,0
08/06/2026 02:00,0,396,0,402,6,0
08/06/2026 02:15,0,174,0,180,6,0
08/06/2026 02:30,0,288,0,294,6,0
08/06/2026 02:45,0,527,0,533,6,0
08/06/2026 03:00,0,345,0,466,121,0
08/06/2026 03:15,0,347,0,354,7,0
08/06/2026 03:30,0,210,0,216,6,0
08/06/2026 03:45,0,279,0,285,6,0
08/06/2026 04:00,0,291,0,297,6,0
08/06/2026 04:15,0,163,0,169,6,0
08/06/2026 04:30,0,320,0,327,7,0
08/06/2026 04:45,0,321,0,442,121,0
08/06/2026 05:00,0,340,0,346,6,0
08/06/2026 05:15,0,377,0,383,6,0
08/06/2026 05:30,0,278,0,285,7,0
08/06/2026 05:45,0,272,0,279,7,0
08/06/2026 06:00,52,153,0,107,6,0
08/06/2026 06:15,87,274,0,193,6,0
08/06/2026 06:30,253,251,0,42,44,0
08/06/2026 06:45,160,331,0,181,10,0
08/06/2026 07:00,334,379,0,364,319,0
08/06/2026 07:15,228,472,0,471,227,0
08/06/2026 07:30,239,280,0,277,236,0
08/06/2026 07:45,303,153,0,145,295,0
08/06/2026 08:00,441,144,0,141,438,0
08/06/2026 08:15,605,182,0,184,607,0
08/06/2026 08:30,473,280,0,278,471,0
08/06/2026 08:45,326,256,0,251,321,0
08/06/2026 09:00,717,250,0,247,714,0
08/06/2026 09:15,662,160,0,154,656,0
08/06/2026 09:30,797,167,0,160,790,0
08/06/2026 09:45,1267,177,0,184,1274,0
08/06/2026 10:00,854,161,0,164,857,0
08/06/2026 10:15,1334,146,0,140,1328,0
08/06/2026 10:30,1246,147,0,156,1255,0
08/06/2026 10:45,765,184,0,183,764,0
08/06/2026 11:00,1290,332,0,336,1294,0
08/06/2026 11:15,1314,381,0,372,1305,0
08/06/2026 11:30,528,379,0,391,540,0
08/06/2026 11:45,434,311,0,306,429,0
08/06/2026 12:00,1031,395,210,0,426,0
08/06/2026 12:15,1405,398,872,0,135,0
08/06/2026 12:30,950,307,637,0,6,0
08/06/2026 12:45,1402,310,1092,0,0,0
08/06/2026 13:00,968,194,732,0,42,0
08/06/2026 13:15,740,351,353,0,36,0
08/06/2026 13:30,405,430,0,25,0,0
08/06/2026 13:45,994,416,578,0,0,0
08/06/2026 14:00,864,145,864,0,0,145
08/06/2026 14:15,1534,136,1529,0,0,131
08/06/2026 14:30,1413,122,1408,0,0,117
08/06/2026 14:45,1496,190,1490,0,0,184
08/06/2026 15:00,1232,144,1227,0,0,139
08/06/2026 15:15,1347,236,1338,0,0,227
08/06/2026 15:30,1168,600,1156,0,0,588
08/06/2026 15:45,453,741,450,0,0,738
08/06/2026 16:00,859,370,862,0,0,373
08/06/2026 16:15,929,104,923,0,0,98
08/06/2026 16:30,808,130,802,0,0,124
08/06/2026 16:45,689,355,668,0,0,334
08/06/2026 17:00,602,1019,598,0,0,1015
08/06/2026 17:15,403,759,402,0,0,758
08/06/2026 17:30,517,591,517,0,0,591
08/06/2026 17:45,403,488,398,0,0,483
08/06/2026 18:00,319,487,311,0,0,479
08/06/2026 18:15,165,469,161,0,0,465
08/06/2026 18:30,112,511,106,0,0,505
08/06/2026 18:45,102,497,95,0,0,490
08/06/2026 19:00,40,650,0,16,4,598
08/06/2026 19:15,71,563,0,8,0,484
08/06/2026 19:30,4,589,0,10,0,575
08/06/2026 19:45,0,606,0,5,0,601
08/06/2026 20:00,0,574,0,7,0,567
08/06/2026 20:15,0,487,0,2,0,485
08/06/2026 20:30,0,461,0,13,0,448
08/06/2026 20:45,0,515,0,6,0,509
08/06/2026 21:00,0,509,0,3,0,506
08/06/2026 21:15,0,480,0,377,9,112
08/06/2026 21:30,0,482,0,489,7,0
08/06/2026 21:45,0,388,0,394,6,0
08/06/2026 22:00,0,381,0,388,7,0
08/06/2026 22:15,0,346,0,353,7,0
08/06/2026 22:30,0,470,0,476,6,0
08/06/2026 22:45,0,855,0,861,6,0
08/06/2026 23:00,0,581,0,588,7,0
08/06/2026 23:15,0,833,0,839,6,0
08/06/2026 23:30,0,588,0,594,6,0
08/06/2026 23:45,0,570,0,577,7,0
08/07/2026 00:00,0,589,0,595,6,0
08/07/2026 00:15,0,410,0,417,7,0
08/07/2026 00:30,0,320,0,326,6,0
08/07/2026 00:45,0,393,0,414,21,0
08/07/2026 01:00,0,418,0,526,108,0
08/07/2026 01:15,0,308,0,314,6,0
08/07/2026 01:30,0,329,0,335,6,0
08/07/2026 01:45,0,315,0,323,8,0
08/07/2026 02:00,0,310,0,316,6,0
08/07/2026 02:15,0,358,0,364,6,0
08/07/2026 02:30,0,548,0,555,7,0
08/07/2026 02:45,0,441,0,542,101,0
08/07/2026 03:00,0,303,0,330,27,0
08/07/2026 03:15,0,156,0,163,7,0
08/07/2026 03:30,0,282,0,289,7,0
08/07/2026 03:45,0,518,0,524,6,0
08/07/2026 04:00,0,398,0,404,6,0
08/07/2026 04:15,0,288,0,294,6,0
08/07/2026 04:30,0,349,0,357,8,0
08/07/2026 04:45,0,193,0,313,120,0
08/07/2026 05:00,0,256,0,262,6,0
08/07/2026 05:15,0,374,0,381,7,0
08/07/2026 05:30,0,349,0,356,7,0
08/07/2026 05:45,0,355,0,361,6,0
08/07/2026 06:00,40,351,0,317,6,0
08/07/2026 06:15,154,323,0,178,9,0
08/07/2026 06:30,233,290,0,78,21,0
08/07/2026 06:45,337,218,0,13,132,0
08/07/2026 07:00,424,389,0,384,419,0
08/07/2026 07:15,495,337,0,336,494,0
08/07/2026 07:30,614,291,0,285,608,0
08/07/2026 07:45,733,279,0,277,731,0
08/07/2026 08:00,817,302,0,302,817,0
08/07/2026 08:15,897,352,0,351,896,0
08/07/2026 08:30,962,272,0,273,963,0
08/07/2026 08:45,1017,213,0,212,1016,0
08/07/2026 09:00,1073,255,0,255,1073,0
08/07/2026 09:15,1134,391,0,390,1133,0
08/07/2026 09:30,1182,251,0,252,1183,0
08/07/2026 09:45,1228,210,0,212,1230,0
08/07/2026 10:00,1291,163,0,161,1289,0
08/07/2026 10:15,1357,263,0,264,1358,0
08/07/2026 10:30,1409,391,0,66,1084,0
08/07/2026 10:45,1448,462,830,0,156,0
08/07/2026 11:00,1498,558,904,0,36,0
08/07/2026 11:15,1546,1237,279,0,30,0
08/07/2026 11:30,1569,1908,0,357,18,0
08/07/2026 11:45,1595,898,677,0,20,0
08/07/2026 12:00,1607,599,969,0,39,0
08/07/2026 12:15,1615,537,1078,0,0,0
08/07/2026 12:30,1599,595,987,0,17,0
08/07/2026 12:45,1587,536,1009,0,42,0
08/07/2026 13:00,1590,407,1181,0,2,0
08/07/2026 13:15,1592,451,1133,0,8,0
08/07/2026 13:30,1573,598,952,0,23,0
08/07/2026 13:45,1553,788,756,0,9,0
08/07/2026 14:00,1504,478,1516,0,0,490
08/07/2026 14:15,1449,121,1445,0,0,117
08/07/2026 14:30,1378,135,1372,0,0,129
08/07/2026 14:45,1354,367,1343,0,0,356
08/07/2026 15:00,1259,795,1250,0,0,786
08/07/2026 15:15,1217,794,1216,0,0,793
08/07/2026 15:30,1133,596,1128,0,0,591
08/07/2026 15:45,1036,568,1030,0,0,562
08/07/2026 16:00,963,645,961,0,0,643
08/07/2026 16:15,907,408,910,0,0,411
08/07/2026 16:30,835,111,832,0,0,108
08/07/2026 16:45,710,354,692,0,0,336
08/07/2026 17:00,622,1063,616,0,0,1057
08/07/2026 17:15,532,1172,528,0,0,1168
08/07/2026 17:30,438,688,436,0,0,686
08/07/2026 17:45,324,676,324,0,0,676
08/07/2026 18:00,237,383,235,0,0,381
08/07/2026 18:15,119,370,113,0,0,364
08/07/2026 18:30,85,399,79,0,0,393
08/07/2026 18:45,62,409,57,0,0,404
08/07/2026 19:00,26,656,0,21,6,615
08/07/2026 19:15,10,609,0,2,0,597
08/07/2026 19:30,2,518,0,5,0,511
08/07/2026 19:45,0,1558,0,652,4,910
08/07/2026 20:00,0,860,0,866,6,0
08/07/2026 20:15,0,545,0,552,7,0
08/07/2026 20:30,0,445,0,452,7,0
08/07/2026 20:45,0,533,0,539,6,0
08/07/2026 21:00,0,631,0,638,7,0
08/07/2026 21:15,0,522,0,528,6,0
08/07/2026 21:30,0,822,0,829,7,0
08/07/2026 21:45,0,660,0,667,7,0
08/07/2026 22:00,0,396,0,403,7,0
08/07/2026 22:15,0,360,0,367,7,0
08/07/2026 22:30,0,361,0,367,6,0
08/07/2026 22:45,0,473,0,479,6,0
08/07/2026 23:00,0,391,0,399,8,0
08/07/2026 23:15,0,471,0,580,109,0
08/07/2026 23:30,0,580,0,587,7,0
08/07/2026 23:45,0,525,0,531,6,0
08/08/2026 00:00,0,460,0,466,6,0
08/08/2026 00:15,0,307,0,315,8,0
08/08/2026 00:30,0,330,0,336,6,0
08/08/2026 00:45,0,305,0,311,6,0
08/08/2026 01:00,0,410,0,531,122,1
08/08/2026 01:15,0,317,0,324,7,0
08/08/2026 01:30,0,304,0,310,6,0
08/08/2026 01:45,0,308,0,315,7,0
08/08/2026 02:00,0,427,0,434,7,0
08/08/2026 02:15,0,232,0,238,6,0
08/08/2026 02:30,0,178,0,185,7,0
08/08/2026 02:45,0,327,0,451,124,0
08/08/2026 03:00,0,590,0,597,7,0
08/08/2026 03:15,0,486,0,492,6,0
08/08/2026 03:30,0,314,0,321,7,0
08/08/2026 03:45,0,224,0,231,7,0
08/08/2026 04:00,0,119,0,125,6,0
08/08/2026 04:15,0,266,0,273,7,0
08/08/2026 04:30,0,418,0,425,7,0
08/08/2026 04:45,0,334,0,456,122,0
08/08/2026 05:00,0,130,0,136,6,0
08/08/2026 05:15,0,345,0,352,7,0
08/08/2026 05:30,0,132,0,139,7,0
08/08/2026 05:45,0,255,0,261,6,0
08/08/2026 06:00,30,379,0,356,7,0
08/08/2026 06:15,113,408,0,302,7,0
08/08/2026 06:30,200,248,0,102,54,0
08/08/2026 06:45,301,155,0,9,155,0
08/08/2026 07:00,428,490,0,459,397,0
08/08/2026 07:15,496,407,0,406,495,0
08/08/2026 07:30,510,317,0,310,503,0
08/08/2026 07:45,693,420,0,418,691,0
08/08/2026 08:00,745,352,0,351,744,0
08/08/2026 08:15,858,446,0,446,858,0
08/08/2026 08:30,914,283,0,284,915,0
08/08/2026 08:45,1053,327,0,329,1055,0
08/08/2026 09:00,1058,379,0,376,1055,0
08/08/2026 09:15,971,340,0,337,968,0
08/08/2026 09:30,1240,419,0,419,1240,0
08/08/2026 09:45,1258,306,0,304,1256,0
08/08/2026 10:00,1318,158,0,159,1319,0
08/08/2026 10:15,1346,147,0,148,1347,0
08/08/2026 10:30,1401,126,0,115,1390,0
08/08/2026 10:45,1449,349,894,0,206,0
08/08/2026 11:00,1518,500,920,0,98,0
08/08/2026 11:15,1556,528,1022,0,6,0
08/08/2026 11:30,1562,525,1029,0,8,0
08/08/2026 11:45,1597,589,965,0,43,0
08/08/2026 12:00,1618,599,992,0,27,0
08/08/2026 12:15,1645,540,1105,0,0,0
08/08/2026 12:30,1615,308,1284,0,23,0
08/08/2026 12:45,1584,571,978,0,35,0
08/08/2026 13:00,1465,557,905,0,3,0
08/08/2026 13:15,1363,716,641,0,6,0
08/08/2026 13:30,1531,471,1037,0,23,0
08/08/2026 13:45,1043,486,543,0,14,0
08/08/2026 14:00,742,379,733,0,1,371
08/08/2026 14:15,1234,509,1223,0,0,498
08/08/2026 14:30,1221,455,1219,0,0,453
08/08/2026 14:45,1330,468,1326,0,0,464
08/08/2026 15:00,1306,467,1301,0,0,462
08/08/2026 15:15,955,550,949,0,0,544
08/08/2026 15:30,1010,488,1007,0,0,485
08/08/2026 15:45,721,437,719,0,0,435
08/08/2026 16:00,957,310,954,0,0,307
08/08/2026 16:15,918,317,915,0,0,314
08/08/2026 16:30,903,272,897,0,0,266
08/08/2026 16:45,664,386,656,0,0,378
08/08/2026 17:00,567,416,560,0,0,409
08/08/2026 17:15,436,482,422,0,0,468
08/08/2026 17:30,432,696,429,0,0,693
08/08/2026 17:45,225,624,228,0,0,627
08/08/2026 18:00,98,396,95,0,0,393
08/08/2026 18:15,101,360,89,0,0,348
08/08/2026 18:30,101,506,101,0,0,506
08/08/2026 18:45,50,338,43,0,0,331
08/08/2026 19:00,28,418,0,10,5,385
08/08/2026 19:15,41,508,0,3684,3245,28
08/08/2026 19:30,5,516,0,1270,1124,365
08/08/2026 19:45,0,788,0,6,0,782
08/08/2026 20:00,0,690,0,5,0,685
08/08/2026 20:15,0,705,0,5,0,700
08/08/2026 20:30,0,408,0,7,0,401
08/08/2026 20:45,0,482,0,8,0,474
08/08/2026 21:00,0,417,0,4,1,414
08/08/2026 21:15,0,457,0,7,0,450
08/08/2026 21:30,0,532,0,5,0,527
08/08/2026 21:45,0,427,0,4,0,423
08/08/2026 22:00,0,434,0,7,0,427
08/08/2026 22:15,0,441,0,8,0,433
08/08/2026 22:30,0,584,0,6,0,578
08/08/2026 22:45,0,491,0,3,0,488
08/08/2026 23:00,0,448,0,6,0,442
08/08/2026 23:15,0,423,0,354,15,84
08/08/2026 23:30,0,565,0,571,6,0
08/08/2026 23:45,0,358,0,365,7,0
08/09/2026 00:00,0,293,0,300,7,0
08/09/2026 00:15,0,314,0,320,6,0
08/09/2026 00:30,0,461,0,468,7,0
08/09/2026 00:45,0,398,0,404,6,0
08/09/2026 01:00,0,316,0,323,7,0
08/09/2026 01:15,0,253,0,259,6,0
08/09/2026 01:30,0,235,0,242,7,0
08/09/2026 01:45,0,175,0,181,6,0
08/09/2026 02:00,0,434,0,441,7,0
08/09/2026 02:15,0,394,0,400,6,0
08/09/2026 02:30,0,273,0,279,6,0
08/09/2026 02:45,0,142,0,266,124,0
08/09/2026 03:00,0,369,0,375,6,0
08/09/2026 03:15,0,280,0,286,6,0
08/09/2026 03:30,0,273,0,280,7,0
08/09/2026 03:45,0,288,0,295,7,0
08/09/2026 04:00,0,442,0,448,6,0
08/09/2026 04:15,0,342,0,348,6,0
08/09/2026 04:30,0,129,0,135,6,0
08/09/2026 04:45,0,122,0,250,128,0
08/09/2026 05:00,0,238,0,244,6,0
08/09/2026 05:15,0,274,0,281,7,0
08/09/2026 05:30,0,116,0,122,6,0
08/09/2026 05:45,0,324,0,331,7,0
08/09/2026 06:00,33,359,0,332,6,0
08/09/2026 06:15,116,223,0,114,7,0
08/09/2026 06:30,199,123,0,6,82,0
08/09/2026 06:45,315,126,38,0,235,84
08/09/2026 07:00,447,374,0,371,444,0
08/09/2026 07:15,535,325,0,322,532,0
08/09/2026 07:30,541,300,0,298,539,0
08/09/2026 07:45,523,444,0,438,517,0
08/09/2026 08:00,603,459,0,463,607,0
08/09/2026 08:15,579,417,0,409,571,0
08/09/2026 08:30,905,333,0,331,903,0
08/09/2026 08:45,991,206,0,207,992,0
08/09/2026 09:00,994,131,0,129,992,0
08/09/2026 09:15,1034,204,0,197,1027,0
08/09/2026 09:30,1164,475,0,473,1162,0
08/09/2026 09:45,1224,426,0,426,1224,0
08/09/2026 10:00,1280,887,0,888,1281,0
08/09/2026 10:15,1337,615,0,616,1338,0
08/09/2026 10:30,1392,1448,0,1447,1391,0
08/09/2026 10:45,1447,1845,0,1060,662,0
08/09/2026 11:00,1498,1993,0,690,195,0
08/09/2026 11:15,1544,1227,204,0,113,0
08/09/2026 11:30,1572,757,791,0,24,0
08/09/2026 11:45,1612,1015,570,0,28,1
08/09/2026 12:00,1591,1015,569,0,7,0
08/09/2026 12:15,1630,1797,0,232,65,0
08/09/2026 12:30,1557,933,621,0,3,0
08/09/2026 12:45,1635,778,844,0,13,0
08/09/2026 13:00,1663,940,711,0,13,1
08/09/2026 13:15,1425,777,636,0,12,0
08/09/2026 13:30,1554,803,739,0,12,0
08/09/2026 13:45,1003,635,356,0,12,0
08/09/2026 14:00,1048,453,1048,0,2,455
08/09/2026 14:15,1295,459,1290,0,0,454
08/09/2026 14:30,1317,511,1310,0,0,504
08/09/2026 14:45,1323,543,1322,0,0,542
08/09/2026 15:00,1356,512,1349,0,0,505
08/09/2026 15:15,1222,498,1221,0,0,497
08/09/2026 15:30,1180,464,1174,0,0,458
08/09/2026 15:45,1081,438,1080,0,0,437
08/09/2026 16:00,994,282,990,0,0,278
08/09/2026 16:15,882,305,875,0,0,298
08/09/2026 16:30,808,301,807,0,0,300
08/09/2026 16:45,597,354,590,0,0,347
08/09/2026 17:00,568,393,565,0,0,390
08/09/2026 17:15,529,397,525,0,0,393
08/09/2026 17:30,434,479,424,0,0,469
08/09/2026 17:45,337,363,337,0,0,363
08/09/2026 18:00,261,511,251,0,0,501
08/09/2026 18:15,180,673,179,0,0,672
08/09/2026 18:30,137,616,133,0,0,612
08/09/2026 18:45,110,286,108,0,0,284
08/09/2026 19:00,73,496,0,15,6,414
08/09/2026 19:15,39,423,0,8,0,376
08/09/2026 19:30,15,384,0,2,0,367
08/09/2026 19:45,0,394,0,11,0,383
08/09/2026 20:00,0,569,0,8,0,561
08/09/2026 20:15,0,503,0,1,0,502
08/09/2026 20:30,0,433,0,6,0,427
08/09/2026 20:45,0,457,0,4,0,453
08/09/2026 21:00,0,369,0,7,0,362
08/09/2026 21:15,0,422,0,30,12,404
08/09/2026 21:30,0,551,0,559,8,0
08/09/2026 21:45,0,592,0,598,6,0
08/09/2026 22:00,0,395,0,401,6,0
08/09/2026 22:15,0,336,0,342,6,0
08/09/2026 22:30,0,450,0,458,8,0
08/09/2026 22:45,0,314,0,320,6,0
08/09/2026 23:00,0,315,0,321,6,0
08/09/2026 23:15,0,501,0,507,6,0
08/09/2026 23:30,0,399,0,406,7,0
08/09/2026 23:45,0,278,0,285,7,0
08/10/2026 00:00,0,374,0,380,6,0
08/10/2026 00:15,0,281,0,287,6,0
08/10/2026 00:30,0,180,0,187,7,0
08/10/2026 00:45,0,398,0,405,7,0
08/10/2026 01:00,0,202,0,324,122,0
08/10/2026 01:15,0,271,0,277,6,0
08/10/2026 01:30,0,403,0,409,6,0
08/10/2026 01:45,0,329,0,337,8,0
08/10/2026 02:00,0,174,0,180,6,0
08/10/2026 02:15,0,267,0,273,6,0
08/10/2026 02:30,0,372,0,378,6,0
08/10/2026 02:45,0,149,0,156,7,0
08/10/2026 03:00,0,278,0,404,126,0
08/10/2026 03:15,0,342,0,349,7,0
08/10/2026 03:30,0,275,0,281,6,0
08/10/2026 03:45,0,151,0,157,6,0
08/10/2026 04:00,0,146,0,152,6,0
08/10/2026 04:15,0,213,0,220,7,0
08/10/2026 04:30,0,338,0,344,6,0
08/10/2026 04:45,0,279,0,405,126,0
08/10/2026 05:00,0,190,0,196,6,0
08/10/2026 05:15,0,326,0,332,6,0
08/10/2026 05:30,0,196,0,202,6,0
08/10/2026 05:45,0,113,0,119,6,0
08/10/2026 06:00,21,231,0,217,7,0
08/10/2026 06:15,77,236,0,166,7,0
08/10/2026 06:30,111,148,0,49,12,0
08/10/2026 06:45,138,307,0,297,128,0
08/10/2026 07:00,282,316,0,303,269,0
08/10/2026 07:15,360,399,0,393,354,0
08/10/2026 07:30,523,242,0,232,513,0
08/10/2026 07:45,602,159,0,154,597,0
08/10/2026 08:00,728,258,0,251,721,0
08/10/2026 08:15,860,298,0,293,855,0
08/10/2026 08:30,961,236,0,238,963,0
08/10/2026 08:45,493,225,0,226,494,0
08/10/2026 09:00,894,209,0,202,887,0
08/10/2026 09:15,750,212,0,211,749,0
08/10/2026 09:30,783,181,0,180,782,0
08/10/2026 09:45,939,256,0,255,938,0
08/10/2026 10:00,1135,279,0,268,1124,0
08/10/2026 10:15,1337,255,0,256,1338,0
08/10/2026 10:30,981,176,0,175,980,0
08/10/2026 10:45,1119,210,0,205,1114,0
08/10/2026 11:00,1087,641,0,632,1078,0
08/10/2026 11:15,1609,477,505,0,627,0
08/10/2026 11:30,1480,444,860,0,176,0
08/10/2026 11:45,1552,1901,0,416,67,0
08/10/2026 12:00,1497,981,505,0,11,0
08/10/2026 12:15,1197,651,508,0,38,0
08/10/2026 12:30,1094,423,657,0,14,0
08/10/2026 12:45,1194,739,400,0,55,0
08/10/2026 13:00,1241,1957,0,730,14,0
08/10/2026 13:15,1580,789,789,0,2,0
08/10/2026 13:30,685,189,479,0,17,0
08/10/2026 13:45,1374,237,1126,0,11,0
08/10/2026 14:00,1505,372,1510,0,2,379
08/10/2026 14:15,1268,115,1266,0,0,113
08/10/2026 14:30,1362,297,1355,0,0,290
08/10/2026 14:45,1044,351,1036,0,0,343
08/10/2026 15:00,1282,377,1279,0,0,374
08/10/2026 15:15,1194,597,1187,0,0,590
08/10/2026 15:30,1109,584,1106,0,0,581
08/10/2026 15:45,1025,307,1024,0,0,306
08/10/2026 16:00,876,171,874,0,0,169
08/10/2026 16:15,871,103,865,0,0,97
08/10/2026 16:30,718,209,707,0,0,198
08/10/2026 16:45,647,414,632,0,0,399
08/10/2026 17:00,625,1042,619,0,0,1036
08/10/2026 17:15,394,687,401,0,0,694
08/10/2026 17:30,448,442,445,0,0,439
08/10/2026 17:45,345,534,334,0,0,523
08/10/2026 18:00,302,384,299,0,0,381
08/10/2026 18:15,189,291,181,0,0,283
08/10/2026 18:30,111,397,108,0,0,394
08/10/2026 18:45,98,306,92,0,0,300
08/10/2026 19:00,68,405,0,13,5,329
08/10/2026 19:15,27,500,0,14,0,459
08/10/2026 19:30,5,470,0,5,0,460
08/10/2026 19:45,0,475,0,8,0,467
08/10/2026 20:00,0,671,0,2,0,669
08/10/2026 20:15,0,637,2,0,0,639
08/10/2026 20:30,0,397,0,1,0,396
08/10/2026 20:45,0,473,0,11,0,462
08/10/2026 21:00,0,588,0,5,0,583
08/10/2026 21:15,0,277,0,6,0,271
08/10/2026 21:30,0,524,0,194,16,346
08/10/2026 21:45,0,580,0,587,7,0
08/10/2026 22:00,0,516,0,522,6,0
08/10/2026 22:15,0,530,0,536,6,0
08/10/2026 22:30,0,628,0,636,8,0
08/10/2026 22:45,0,727,0,733,6,0
08/10/2026 23:00,0,388,0,394,6,0
08/10/2026 23:15,0,256,0,263,8,1
08/10/2026 23:30,0,303,0,309,6,0
08/10/2026 23:45,0,334,0,340,6,0
08/11/2026 00:00,0,309,0,317,8,0
08/11/2026 00:15,0,272,0,278,6,0
08/11/2026 00:30,0,288,0,294,6,0
08/11/2026 00:45,0,416,0,422,6,0
08/11/2026 01:00,0,422,0,544,122,0
08/11/2026 01:15,0,228,0,234,6,0
08/11/2026 01:30,0,146,0,152,6,0
08/11/2026 01:45,0,272,0,278,6,0
08/11/2026 02:00,0,303,0,311,8,0
08/11/2026 02:15,0,468,0,474,6,0
08/11/2026 02:30,0,349,0,355,6,0
08/11/2026 02:45,0,457,0,543,86,0
08/11/2026 03:00,0,152,0,192,40,0
08/11/2026 03:15,0,124,0,130,6,0
08/11/2026 03:30,0,173,0,181,8,0
08/11/2026 03:45,0,421,0,427,6,0
08/11/2026 04:00,0,375,0,381,6,0
08/11/2026 04:15,0,307,0,313,6,0
08/11/2026 04:30,0,175,0,181,6,0
08/11/2026 04:45,0,318,0,440,122,0
08/11/2026 05:00,0,200,0,208,8,0
08/11/2026 05:15,0,118,0,124,6,0
08/11/2026 05:30,0,114,0,120,6,0
08/11/2026 05:45,0,137,0,143,6,0
08/11/2026 06:00,20,374,0,360,6,0
08/11/2026 06:15,68,343,0,281,6,0
08/11/2026 06:30,138,253,0,249,134,0
08/11/2026 06:45,242,130,16,0,142,46
08/11/2026 07:00,328,398,0,384,318,4
08/11/2026 07:15,421,473,0,467,415,0
08/11/2026 07:30,529,468,0,462,523,0
08/11/2026 07:45,655,276,0,271,650,0
08/11/2026 08:00,701,271,0,269,699,0
08/11/2026 08:15,824,247,0,244,821,0
08/11/2026 08:30,833,248,0,249,834,0
08/11/2026 08:45,842,238,0,233,837,0
08/11/2026 09:00,942,205,0,207,944,0
08/11/2026 09:15,1046,172,0,160,1034,0
08/11/2026 09:30,1094,132,0,133,1095,0
08/11/2026 09:45,1204,115,0,105,1194,0
08/11/2026 10:00,1277,213,0,211,1275,0
08/11/2026 10:15,1403,142,0,143,1404,0
08/11/2026 10:30,1434,139,0,136,1431,0
08/11/2026 10:45,1450,128,495,0,827,0
08/11/2026 11:00,1197,277,725,0,195,0
08/11/2026 11:15,1499,290,1174,0,35,0
08/11/2026 11:30,1523,383,1140,0,0,0
08/11/2026 11:45,1487,368,1073,0,46,0
08/11/2026 12:00,1564,362,1168,0,34,0
08/11/2026 12:15,1597,473,1108,0,16,0
08/11/2026 12:30,1659,541,1118,0,0,0
08/11/2026 12:45,1644,518,1100,0,26,0
08/11/2026 13:00,1568,609,944,0,15,0
08/11/2026 13:15,1432,271,1161,0,0,0
08/11/2026 13:30,1581,120,1447,0,14,0
08/11/2026 13:45,1445,145,1283,0,17,0
08/11/2026 14:00,1404,93,1415,0,2,106
08/11/2026 14:15,1268,104,1263,0,0,99
08/11/2026 14:30,1422,167,1417,0,0,162
08/11/2026 14:45,1252,310,1242,0,0,300
08/11/2026 15:00,1036,417,1037,0,0,418
08/11/2026 15:15,686,297,679,0,0,290
08/11/2026 15:30,1007,258,1000,0,0,251
08/11/2026 15:45,1007,381,1007,0,0,381
08/11/2026 16:00,1067,164,1068,0,0,165
08/11/2026 16:15,858,76,852,0,0,70
08/11/2026 16:30,621,94,616,0,0,89
08/11/2026 16:45,522,142,513,0,0,133
08/11/2026 17:00,369,755,354,0,0,740
08/11/2026 17:15,443,874,438,0,0,869
08/11/2026 17:30,489,666,494,0,0,671
08/11/2026 17:45,329,276,320,0,0,267
08/11/2026 18:00,245,452,242,0,0,449
08/11/2026 18:15,134,312,131,0,0,309
08/11/2026 18:30,106,404,101,0,0,399
08/11/2026 18:45,76,292,72,0,0,288
08/11/2026 19:00,58,347,0,15,8,282
08/11/2026 19:15,33,405,0,8,0,364
08/11/2026 19:30,11,425,0,7,0,407
08/11/2026 19:45,0,455,0,8,0,447
08/11/2026 20:00,0,452,0,3,0,449
08/11/2026 20:15,0,478,0,9,0,469
08/11/2026 20:30,0,508,0,4,0,504
08/11/2026 20:45,0,405,0,6,0,399
08/11/2026 21:00,0,257,0,5,0,252
08/11/2026 21:15,0,531,0,13,0,518
08/11/2026 21:30,0,1768,0,5,0,1763
08/11/2026 21:45,0,1024,0,439,6,591
08/11/2026 22:00,0,523,0,531,8,0
08/11/2026 22:15,0,698,0,704,6,0
08/11/2026 22:30,0,932,0,938,6,0
08/11/2026 22:45,0,547,0,553,6,0
08/11/2026 23:00,0,308,0,316,8,0
08/11/2026 23:15,0,300,0,306,6,0
08/11/2026 23:30,0,287,0,293,6,0
08/11/2026 23:45,0,315,0,322,7,0
08/12/2026 00:00,0,332,0,339,7,0
08/12/2026 00:15,0,409,0,415,6,0
08/12/2026 00:30,0,234,0,240,6,0
08/12/2026 00:45,0,129,0,135,6,0
08/12/2026 01:00,0,390,0,396,6,0
08/12/2026 01:15,0,235,0,357,122,0
08/12/2026 01:30,0,161,0,167,6,0
08/12/2026 01:45,0,388,0,396,8,0
08/12/2026 02:00,0,338,0,344,6,0
08/12/2026 02:15,0,168,0,174,6,0
08/12/2026 02:30,0,148,0,154,6,0
08/12/2026 02:45,0,302,0,308,6,0
08/12/2026 03:00,0,413,0,538,125,0
08/12/2026 03:15,0,146,0,152,6,0
08/12/2026 03:30,0,155,0,161,6,0
08/12/2026 03:45,0,173,0,180,7,0
08/12/2026 04:00,0,340,0,347,7,0
08/12/2026 04:15,0,256,0,262,6,0
08/12/2026 04:30,0,136,0,142,6,0
08/12/2026 04:45,0,150,0,156,6,0
08/12/2026 05:00,0,127,0,255,128,0
08/12/2026 05:15,0,116,0,123,7,0
08/12/2026 05:30,0,251,0,257,6,0
08/12/2026 05:45,0,163,0,169,6,0
08/12/2026 06:00,28,141,0,120,7,0
08/12/2026 06:15,104,114,0,19,9,0
08/12/2026 06:30,183,114,0,7,76,0
08/12/2026 06:45,303,288,0,17,32,0
08/12/2026 07:00,381,626,0,616,371,0
08/12/2026 07:15,471,402,0,397,466,0
08/12/2026 07:30,592,217,0,209,584,0
08/12/2026 07:45,691,171,0,167,687,0
08/12/2026 08:00,788,206,0,203,785,0
08/12/2026 08:15,873,117,0,118,874,0
08/12/2026 08:30,870,107,0,107,870,0
08/12/2026 08:45,953,121,0,122,954,0
08/12/2026 09:00,1004,152,0,152,1004,0
08/12/2026 09:15,1088,139,0,135,1084,0
08/12/2026 09:30,1163,119,0,111,1155,0
08/12/2026 09:45,1230,114,0,113,1229,0
08/12/2026 10:00,1284,146,0,145,1283,0
08/12/2026 10:15,1349,265,0,265,1349,0
08/12/2026 10:30,1406,119,0,114,1401,0
08/12/2026 10:45,1456,118,957,0,381,0
08/12/2026 11:00,1503,292,1131,0,80,0
08/12/2026 11:15,1548,310,1210,0,28,0
08/12/2026 11:30,1590,303,1279,0,8,0
08/12/2026 11:45,1623,277,1302,0,44,0
08/12/2026 12:00,1551,282,1221,0,48,0
08/12/2026 12:15,1379,303,1072,0,4,0
08/12/2026 12:30,1616,380,1225,0,11,0
08/12/2026 12:45,1636,305,1308,0,23,0
08/12/2026 13:00,1664,284,1374,0,6,0
08/12/2026 13:15,1596,269,1323,0,4,0
08/12/2026 13:30,1495,256,1221,0,18,0
08/12/2026 13:45,1404,373,1013,0,18,0
08/12/2026 14:00,1415,250,1428,0,0,263
08/12/2026 14:15,1323,72,1320,0,0,69
08/12/2026 14:30,1459,102,1456,0,0,99
08/12/2026 14:45,1064,99,1059,0,0,94
08/12/2026 15:00,881,72,875,0,0,66
08/12/2026 15:15,964,70,958,0,0,64
08/12/2026 15:30,1019,91,1012,0,0,84
08/12/2026 15:45,990,109,984,0,0,103
08/12/2026 16:00,801,192,795,0,0,186
08/12/2026 16:15,803,107,801,0,0,105
08/12/2026 16:30,752,73,747,0,0,68
08/12/2026 16:45,644,340,632,0,0,328
08/12/2026 17:00,554,975,545,0,0,966
08/12/2026 17:15,561,578,567,0,0,584
08/12/2026 17:30,443,241,437,0,0,235
08/12/2026 17:45,359,473,356,0,0,470
08/12/2026 18:00,302,332,297,0,0,327
08/12/2026 18:15,198,262,194,0,0,258
08/12/2026 18:30,145,367,140,0,0,362
08/12/2026 18:45,101,254,94,0,0,247
08/12/2026 19:00,70,463,0,16,8,385
08/12/2026 19:15,40,469,0,7,0,422
08/12/2026 19:30,10,413,0,7,0,396
08/12/2026 19:45,0,363,0,3,0,360
08/12/2026 20:00,0,351,0,5,0,346
08/12/2026 20:15,0,337,0,6,0,331
08/12/2026 20:30,0,456,0,8,0,448
08/12/2026 20:45,0,272,0,2,0,270
08/12/2026 21:00,0,440,0,12,0,428
08/12/2026 21:15,0,348,0,2,0,346
08/12/2026 21:30,0,447,0,9,0,438
08/12/2026 21:45,0,437,0,8,0,429
08/12/2026 22:00,0,476,0,6,0,470
08/12/2026 22:15,0,427,0,6,0,421
08/12/2026 22:30,0,482,0,5,0,477
08/12/2026 22:45,0,596,0,1,0,595
08/12/2026 23:00,0,583,0,5,0,578
08/12/2026 23:15,0,481,0,5,0,476
08/12/2026 23:30,0,390,0,183,16,223
08/12/2026 23:45,0,317,0,324,7,0
08/13/2026 00:00,0,376,0,382,6,0
08/13/2026 00:15,0,386,0,393,7,0
08/13/2026 00:30,0,308,0,314,6,0
08/13/2026 00:45,0,252,0,259,7,0
08/13/2026 01:00,0,230,0,236,6,0
08/13/2026 01:15,0,128,0,134,6,0
08/13/2026 01:30,0,147,0,153,6,0
08/13/2026 01:45,0,359,0,366,7,0
08/13/2026 02:00,0,308,0,314,6,0
08/13/2026 02:15,0,216,0,223,7,0
08/13/2026 02:30,0,190,0,196,6,0
08/13/2026 02:45,0,306,0,312,6,0
08/13/2026 03:00,0,121,0,128,7,0
08/13/2026 03:15,0,130,0,255,125,0
08/13/2026 03:30,0,315,0,323,8,0
08/13/2026 03:45,0,398,0,404,6,0
08/13/2026 04:00,0,316,0,322,6,0
08/13/2026 04:15,0,169,0,175,6,0
08/13/2026 04:30,0,149,0,155,6,0
08/13/2026 04:45,0,144,0,152,8,0
08/13/2026 05:00,0,270,0,393,123,0
08/13/2026 05:15,0,269,0,277,8,0
08/13/2026 05:30,0,137,0,144,7,0
08/13/2026 05:45,0,152,0,158,6,0
08/13/2026 06:00,0,124,0,131,7,0
08/13/2026 06:15,34,332,0,304,6,0
08/13/2026 06:30,28,316,0,294,6,0
08/13/2026 06:45,60,168,0,114,6,0
08/13/2026 07:00,134,350,0,343,127,0
08/13/2026 07:15,240,340,0,331,231,0
08/13/2026 07:30,309,255,0,251,305,0
08/13/2026 07:45,384,184,0,183,383,0
08/13/2026 08:00,367,129,0,120,358,0
08/13/2026 08:15,540,128,0,119,531,0
08/13/2026 08:30,886,288,0,287,885,0
08/13/2026 08:45,722,163,0,169,728,0
08/13/2026 09:00,265,159,0,158,264,0
08/13/2026 09:15,318,135,0,127,310,0
08/13/2026 09:30,1059,143,0,128,1044,0
08/13/2026 09:45,1330,168,0,161,1323,0
08/13/2026 10:00,1359,164,0,162,1357,0
08/13/2026 10:15,1190,134,0,135,1191,0
08/13/2026 10:30,1393,134,0,133,1392,0
08/13/2026 10:45,1463,140,0,132,1455,0
08/13/2026 11:00,1489,327,0,320,1482,0
08/13/2026 11:15,1567,286,280,0,1001,0
08/13/2026 11:30,1594,286,1106,0,202,0
08/13/2026 11:45,1537,311,1086,0,140,0
08/13/2026 12:00,1457,316,1096,0,45,0
08/13/2026 12:15,1444,300,1133,0,11,0
08/13/2026 12:30,1347,286,1034,0,27,0
08/13/2026 12:45,1730,331,1344,0,55,0
08/13/2026 13:00,1404,319,1071,0,14,0
08/13/2026 13:15,1445,627,810,0,9,1
08/13/2026 13:30,694,447,236,0,11,0
08/13/2026 13:45,1050,399,631,0,20,0
08/13/2026 14:00,1682,115,1695,0,0,128
08/13/2026 14:15,1357,108,1351,0,0,102
08/13/2026 14:30,1399,100,1397,0,0,98
08/13/2026 14:45,1191,78,1185,0,0,72
08/13/2026 15:00,1248,88,1244,0,0,84
08/13/2026 15:15,1320,111,1315,0,0,106
08/13/2026 15:30,1156,116,1152,0,0,112
08/13/2026 15:45,1071,212,1063,0,0,204
08/13/2026 16:00,705,320,702,0,0,317
08/13/2026 16:15,612,167,611,0,0,166
08/13/2026 16:30,848,107,843,0,0,102
08/13/2026 16:45,816,75,811,0,0,70
08/13/2026 17:00,702,627,686,0,0,611
08/13/2026 17:15,533,706,534,0,0,707
08/13/2026 17:30,394,587,387,0,0,580
08/13/2026 17:45,287,383,278,0,0,374
08/13/2026 18:00,184,291,181,0,0,288
08/13/2026 18:15,208,264,202,0,0,258
08/13/2026 18:30,153,420,147,0,0,414
08/13/2026 18:45,90,385,86,0,0,381
08/13/2026 19:00,79,527,0,10,7,445
08/13/2026 19:15,30,429,0,8,0,391
08/13/2026 19:30,11,387,0,4,0,372
08/13/2026 19:45,0,403,0,8,0,395
08/13/2026 20:00,0,508,0,6,0,502
08/13/2026 20:15,0,549,0,3,0,546
08/13/2026 20:30,0,378,0,3,0,375
08/13/2026 20:45,0,209,0,7,0,202
08/13/2026 21:00,0,282,0,11,0,271
08/13/2026 21:15,0,401,0,2,0,399
08/13/2026 21:30,0,424,0,7,0,417
08/13/2026 21:45,0,351,0,3,0,348
08/13/2026 22:00,0,376,0,9,0,367
08/13/2026 22:15,0,624,0,8,0,616
08/13/2026 22:30,0,623,0,3,0,620
08/13/2026 22:45,0,554,0,2,0,552
08/13/2026 23:00,0,649,0,5,0,644
08/13/2026 23:15,0,413,0,263,11,161
08/13/2026 23:30,0,302,0,310,8,0
08/13/2026 23:45,0,316,0,322,6,0
08/14/2026 00:00,0,314,0,320,6,0
08/14/2026 00:15,0,356,0,363,7,0
08/14/2026 00:30,0,186,0,193,7,0
08/14/2026 00:45,0,172,0,178,6,0
08/14/2026 01:00,0,422,0,428,6,0
08/14/2026 01:15,0,159,0,166,7,0
08/14/2026 01:30,0,136,0,142,6,0
08/14/2026 01:45,0,330,0,337,7,0
08/14/2026 02:00,0,391,0,397,6,0
08/14/2026 02:15,0,130,0,136,6,0
08/14/2026 02:30,0,211,0,217,6,0
08/14/2026 02:45,0,252,0,372,120,0
08/14/2026 03:00,0,345,0,351,6,0
08/14/2026 03:15,0,243,0,251,8,0
08/14/2026 03:30,0,123,0,128,6,1
08/14/2026 03:45,0,274,0,280,6,0
08/14/2026 04:00,0,268,0,274,6,0
08/14/2026 04:15,0,148,0,154,6,0
08/14/2026 04:30,0,206,0,214,8,0
08/14/2026 04:45,0,171,0,293,122,0
08/14/2026 05:00,0,130,0,136,6,0
08/14/2026 05:15,0,149,0,156,7,0
08/14/2026 05:30,0,130,0,136,6,0
08/14/2026 05:45,0,115,0,121,6,0
08/14/2026 06:00,20,112,0,99,7,0
08/14/2026 06:15,90,143,0,60,7,0
08/14/2026 06:30,172,233,0,68,7,0
08/14/2026 06:45,323,187,0,21,157,0
08/14/2026 07:00,421,342,0,322,401,0
08/14/2026 07:15,492,227,0,227,492,0
08/14/2026 07:30,615,365,0,361,611,0
08/14/2026 07:45,745,156,0,152,741,0
08/14/2026 08:00,826,122,0,116,820,0
08/14/2026 08:15,891,139,0,132,884,0
08/14/2026 08:30,952,160,0,157,949,0
08/14/2026 08:45,999,283,0,283,999,0
08/14/2026 09:00,1039,335,0,336,1040,0
08/14/2026 09:15,1107,321,0,317,1103,0
08/14/2026 09:30,1178,234,0,227,1171,0
08/14/2026 09:45,1249,240,0,240,1249,0
08/14/2026 10:00,1315,210,0,209,1314,0
08/14/2026 10:15,1384,157,0,150,1377,0
08/14/2026 10:30,1451,201,103,0,1147,0
08/14/2026 10:45,1496,487,831,0,178,0
08/14/2026 11:00,1535,459,1058,0,18,0
08/14/2026 11:15,1573,333,1212,0,28,0
08/14/2026 11:30,1596,375,1195,0,26,0
08/14/2026 11:45,1628,1698,0,114,44,0
08/14/2026 12:00,1644,1267,341,0,36,0
08/14/2026 12:15,1649,322,1321,0,6,0
08/14/2026 12:30,1392,1405,0,32,19,0
08/14/2026 12:45,1365,1100,241,0,24,0
08/14/2026 13:00,1696,526,1166,0,4,0
08/14/2026 13:15,1636,318,1304,0,14,0
08/14/2026 13:30,1408,200,1186,0,22,0
08/14/2026 13:45,1061,299,753,0,9,0
08/14/2026 14:00,998,226,1000,0,0,228
08/14/2026 14:15,1652,91,1652,0,0,91
08/14/2026 14:30,1485,105,1480,0,0,100
08/14/2026 14:45,1475,112,1472,0,0,109
08/14/2026 15:00,1139,82,1136,0,0,79
08/14/2026 15:15,1260,80,1255,0,0,75
08/14/2026 15:30,1179,98,1173,0,0,92
08/14/2026 15:45,952,151,944,0,0,143
08/14/2026 16:00,982,230,978,0,0,226
08/14/2026 16:15,896,221,891,0,0,216
08/14/2026 16:30,819,306,812,0,0,299
08/14/2026 16:45,677,313,674,0,0,310
08/14/2026 17:00,488,665,480,0,0,657
08/14/2026 17:15,449,430,443,0,0,424
08/14/2026 17:30,439,433,438,0,0,432
08/14/2026 17:45,235,254,230,0,0,249
08/14/2026 18:00,126,248,122,0,0,244
08/14/2026 18:15,117,283,112,0,0,278
08/14/2026 18:30,119,234,115,0,0,230
08/14/2026 18:45,92,310,87,0,0,305
08/14/2026 19:00,50,417,0,14,8,361
08/14/2026 19:15,21,353,0,9,0,323
08/14/2026 19:30,3,447,0,5,0,439
08/14/2026 19:45,0,524,0,2,0,522
08/14/2026 20:00,0,534,0,2,0,532
08/14/2026 20:15,0,438,0,2,0,436
08/14/2026 20:30,0,270,0,8,0,262
08/14/2026 20:45,0,300,0,6,0,294
08/14/2026 21:00,0,716,0,13,0,703
08/14/2026 21:15,0,497,0,1,0,496
08/14/2026 21:30,0,689,0,11,0,678
08/14/2026 21:45,0,640,0,5,0,635
08/14/2026 22:00,0,606,0,5,0,601
08/14/2026 22:15,0,522,0,3,0,519
08/14/2026 22:30,0,599,0,9,0,590
08/14/2026 22:45,0,507,0,3,0,504
08/14/2026 23:00,0,281,0,112,21,190
08/14/2026 23:15,0,309,0,315,6,0
08/14/2026 23:30,0,440,0,446,6,0
08/14/2026 23:45,0,333,0,340,7,0
08/15/2026 00:00,0,445,0,452,7,0
08/15/2026 00:15,0,360,0,366,6,0
08/15/2026 00:30,0,292,0,298,6,0
08/15/2026 00:45,0,277,0,284,7,0
08/15/2026 01:00,0,308,0,314,6,0
08/15/2026 01:15,0,146,0,153,7,0
08/15/2026 01:30,0,270,0,276,6,0
08/15/2026 01:45,0,158,0,164,6,0
08/15/2026 02:00,0,334,0,340,6,0
08/15/2026 02:15,0,220,0,226,6,0
08/15/2026 02:30,0,116,0,238,122,0
08/15/2026 02:45,0,171,0,177,6,0
08/15/2026 03:00,0,153,0,159,6,0
08/15/2026 03:15,0,203,0,209,6,0
08/15/2026 03:30,0,181,0,187,6,0
08/15/2026 03:45,0,145,0,152,7,0
08/15/2026 04:00,0,159,0,166,7,0
08/15/2026 04:15,0,276,0,282,6,0
08/15/2026 04:30,0,145,0,266,121,0
08/15/2026 04:45,0,131,0,137,6,0
08/15/2026 05:00,0,148,0,154,6,0
08/15/2026 05:15,0,130,0,137,7,0
08/15/2026 05:30,0,115,0,121,6,0
08/15/2026 05:45,0,126,0,132,6,0
08/15/2026 06:00,10,189,0,186,7,0
08/15/2026 06:15,62,404,0,348,6,0
08/15/2026 06:30,154,188,0,200,166,0
08/15/2026 06:45,336,119,53,0,269,105
08/15/2026 07:00,444,342,0,325,427,0
08/15/2026 07:15,514,160,0,150,504,0
08/15/2026 07:30,642,143,0,133,632,0
08/15/2026 07:45,774,325,0,323,772,0
08/15/2026 08:00,854,324,0,320,850,0
08/15/2026 08:15,914,165,0,162,911,0
08/15/2026 08:30,974,119,0,120,975,0
08/15/2026 08:45,1032,215,0,209,1026,0
08/15/2026 09:00,1074,248,0,238,1064,0
08/15/2026 09:15,1092,148,0,146,1090,0
08/15/2026 09:30,1186,144,0,138,1180,0
08/15/2026 09:45,1345,294,0,291,1342,0
08/15/2026 10:00,1439,312,0,312,1439,0
08/15/2026 10:15,1219,160,0,165,1224,0
08/15/2026 10:30,1075,143,235,0,697,0
08/15/2026 10:45,1296,119,1027,0,150,0
08/15/2026 11:00,1196,291,778,0,127,0
08/15/2026 11:15,1046,305,741,0,0,0
08/15/2026 11:30,1285,287,998,0,0,0
08/15/2026 11:45,1228,277,877,0,74,0
08/15/2026 12:00,1243,299,917,0,27,0
08/15/2026 12:15,1338,308,1027,0,3,0
08/15/2026 12:30,1533,280,1249,0,4,0
08/15/2026 12:45,1681,480,1167,0,34,0
08/15/2026 13:00,1531,617,910,0,4,0
08/15/2026 13:15,1653,499,1150,0,4,0
08/15/2026 13:30,1194,556,588,0,50,0
08/15/2026 13:45,1122,440,673,0,10,1
08/15/2026 14:00,1063,200,1068,0,0,205
08/15/2026 14:15,1658,272,1661,0,0,275
08/15/2026 14:30,1541,105,1536,0,0,100
08/15/2026 14:45,1457,155,1450,0,0,148
08/15/2026 15:00,1032,433,1021,0,0,422
08/15/2026 15:15,911,398,912,0,0,399
08/15/2026 15:30,681,306,677,0,0,302
08/15/2026 15:45,703,418,700,0,0,415
08/15/2026 16:00,743,85,739,0,0,81
08/15/2026 16:15,1053,104,1049,0,0,100
08/15/2026 16:30,895,101,891,0,0,97
08/15/2026 16:45,765,237,755,0,0,227
08/15/2026 17:00,682,466,682,0,0,466
08/15/2026 17:15,352,434,344,0,0,426
08/15/2026 17:30,273,300,269,0,0,296
08/15/2026 17:45,433,300,428,0,0,295
08/15/2026 18:00,281,291,276,0,0,286
08/15/2026 18:15,183,285,176,0,0,278
08/15/2026 18:30,90,356,88,0,0,354
08/15/2026 18:45,80,239,75,0,0,234
08/15/2026 19:00,52,377,0,18,10,317
08/15/2026 19:15,32,371,0,5,0,334
08/15/2026 19:30,5,401,0,8,0,388
08/15/2026 19:45,0,553,10,0,0,563
08/15/2026 20:00,0,350,0,2,0,348
08/15/2026 20:15,0,296,0,5,0,291
08/15/2026 20:30,0,1550,0,19,0,1531
08/15/2026 20:45,0,1182,2,0,0,1184
08/15/2026 21:00,0,433,0,7,0,426
08/15/2026 21:15,0,445,0,6,0,439
08/15/2026 21:30,0,720,0,7,0,713
08/15/2026 21:45,0,533,3,0,0,536
08/15/2026 22:00,0,684,0,256,14,442
08/15/2026 22:15,0,526,0,532,6,0
08/15/2026 22:30,0,174,0,180,6,0
08/15/2026 22:45,0,180,0,186,6,0
08/15/2026 23:00,0,357,0,364,7,0
08/15/2026 23:15,0,294,0,300,6,0
08/15/2026 23:30,0,260,0,266,6,0
08/15/2026 23:45,0,244,0,251,7,0
08/16/2026 00:00,0,397,0,403,6,0
08/16/2026 00:15,0,364,0,370,6,0
08/16/2026 00:30,0,232,0,238,6,0
08/16/2026 00:45,0,285,0,291,6,0
08/16/2026 01:00,0,185,0,192,7,0
08/16/2026 01:15,0,136,0,143,7,0
08/16/2026 01:30,0,160,0,166,6,0
08/16/2026 01:45,0,230,0,354,124,0
08/16/2026 02:00,0,141,0,147,6,0
08/16/2026 02:15,0,242,0,248,6,0
08/16/2026 02:30,0,208,0,214,6,0
08/16/2026 02:45,0,163,0,171,8,0
08/16/2026 03:00,0,135,0,141,6,0
08/16/2026 03:15,0,156,0,162,6,0
08/16/2026 03:30,0,153,0,272,119,0
08/16/2026 03:45,0,130,0,137,7,0
08/16/2026 04:00,0,148,0,155,7,0
08/16/2026 04:15,0,150,0,156,6,0
08/16/2026 04:30,0,130,0,137,7,0
08/16/2026 04:45,0,144,0,150,6,0
08/16/2026 05:00,0,284,0,290,6,0
08/16/2026 05:15,0,172,0,178,6,0
08/16/2026 05:30,0,131,0,161,30,0
08/16/2026 05:45,0,143,0,251,108,0
08/16/2026 06:00,16,118,0,108,6,0
08/16/2026 06:15,75,126,0,57,6,0
08/16/2026 06:30,153,151,0,24,26,0
08/16/2026 06:45,312,120,24,0,214,46
08/16/2026 07:00,412,187,0,183,408,0
08/16/2026 07:15,501,157,0,145,489,0
08/16/2026 07:30,621,217,0,207,611,0
08/16/2026 07:45,741,176,0,170,735,0
08/16/2026 08:00,793,217,0,216,792,0
08/16/2026 08:15,856,133,0,126,849,0
08/16/2026 08:30,934,142,0,143,935,0
08/16/2026 08:45,995,157,0,150,988,0
08/16/2026 09:00,1033,163,0,155,1025,0
08/16/2026 09:15,1066,245,0,241,1062,0
08/16/2026 09:30,1147,236,0,235,1146,0
08/16/2026 09:45,1227,156,0,155,1226,0
08/16/2026 10:00,1300,189,0,187,1298,0
08/16/2026 10:15,1343,426,0,428,1345,0
08/16/2026 10:30,1347,198,0,144,1293,0
08/16/2026 10:45,1402,249,981,0,172,0
08/16/2026 11:00,1519,402,1017,0,100,0
08/16/2026 11:15,1472,538,921,0,13,0
08/16/2026 11:30,1554,574,973,0,7,0
08/16/2026 11:45,1097,492,547,0,58,0
08/16/2026 12:00,1595,339,1218,0,38,0
08/16/2026 12:15,1578,435,1143,0,0,0
08/16/2026 12:30,1336,307,1029,0,0,0
08/16/2026 12:45,1109,501,568,0,40,0
08/16/2026 13:00,1580,711,867,0,2,0
08/16/2026 13:15,1282,569,713,0,0,0
08/16/2026 13:30,897,446,436,0,15,0
08/16/2026 13:45,1180,412,747,0,21,0
08/16/2026 14:00,1392,209,1394,0,0,211
08/16/2026 14:15,677,182,668,0,0,173
08/16/2026 14:30,700,421,699,0,0,420
08/16/2026 14:45,736,355,731,0,0,350
08/16/2026 15:00,505,279,498,0,0,272
08/16/2026 15:15,511,449,507,0,0,445
08/16/2026 15:30,491,447,490,0,0,446
08/16/2026 15:45,352,442,347,0,0,437
08/16/2026 16:00,485,302,486,0,0,303
08/16/2026 16:15,472,106,466,0,0,100
08/16/2026 16:30,287,154,278,0,0,145
08/16/2026 16:45,370,329,367,0,0,326
08/16/2026 17:00,404,308,399,0,0,303
08/16/2026 17:15,461,227,461,0,0,227
08/16/2026 17:30,272,225,265,0,0,218
08/16/2026 17:45,342,105,337,0,0,100
08/16/2026 18:00,268,99,262,0,0,93
08/16/2026 18:15,179,133,171,0,0,125
08/16/2026 18:30,119,425,110,0,0,416
08/16/2026 18:45,82,501,77,0,0,496
08/16/2026 19:00,33,459,0,13,7,420
08/16/2026 19:15,16,410,0,8,0,386
08/16/2026 19:30,1,595,0,8,0,586
08/16/2026 19:45,0,650,0,5,0,645
08/16/2026 20:00,0,712,0,5,0,707
08/16/2026 20:15,0,519,0,5,0,514
08/16/2026 20:30,0,462,0,6,0,456
08/16/2026 20:45,0,474,0,8,0,466
08/16/2026 21:00,0,598,0,8,0,590
08/16/2026 21:15,0,481,0,4,0,477
08/16/2026 21:30,0,438,0,7,0,431
08/16/2026 21:45,0,387,0,10,0,377
08/16/2026 22:00,0,423,0,3,0,420
08/16/2026 22:15,0,396,0,8,0,388
08/16/2026 22:30,0,535,0,128,16,423
08/16/2026 22:45,0,342,0,348,6,0
08/16/2026 23:00,0,375,0,381,6,0
08/16/2026 23:15,0,323,0,329,6,0
08/16/2026 23:30,0,375,0,381,6,0
08/16/2026 23:45,0,357,0,363,6,0
08/17/2026 00:00,0,294,0,301,7,0
08/17/2026 00:15,0,148,0,155,7,0
08/17/2026 00:30,0,121,0,127,6,0
08/17/2026 00:45,0,294,0,300,6,0
08/17/2026 01:00,0,270,0,276,6,0
08/17/2026 01:15,0,306,0,312,6,0
08/17/2026 01:30,0,204,0,210,6,0
08/17/2026 01:45,0,325,0,331,6,0
08/17/2026 02:00,0,210,0,246,36,0
08/17/2026 02:15,0,141,0,234,93,0
08/17/2026 02:30,0,140,0,148,8,0
08/17/2026 02:45,0,178,0,184,6,0
08/17/2026 03:00,0,271,0,277,6,0
08/17/2026 03:15,0,255,0,261,6,0
08/17/2026 03:30,0,305,0,311,6,0
08/17/2026 03:45,0,206,0,213,7,0
08/17/2026 04:00,0,142,0,266,124,0
08/17/2026 04:15,0,144,0,152,8,0
08/17/2026 04:30,0,320,0,326,6,0
08/17/2026 04:45,0,222,0,228,6,0
08/17/2026 05:00,0,121,0,127,6,0
08/17/2026 05:15,0,138,0,144,6,0
08/17/2026 05:30,0,139,0,146,7,0
08/17/2026 05:45,0,267,0,274,7,0
08/17/2026 06:00,0,194,0,200,6,0
08/17/2026 06:15,1,285,0,400,116,0
08/17/2026 06:30,0,116,0,122,6,0
08/17/2026 06:45,0,143,0,149,6,0
08/17/2026 07:00,38,345,0,342,35,0
08/17/2026 07:15,69,173,0,171,67,0
08/17/2026 07:30,84,163,0,160,81,0
08/17/2026 07:45,86,158,0,157,85,0
08/17/2026 08:00,154,213,0,207,148,0
08/17/2026 08:15,173,275,0,273,171,0
08/17/2026 08:30,236,408,0,402,230,0
08/17/2026 08:45,308,205,0,198,301,0
08/17/2026 09:00,426,249,0,249,426,0
08/17/2026 09:15,344,301,0,297,340,0
08/17/2026 09:30,319,210,0,209,318,0
08/17/2026 09:45,287,375,0,370,282,0
08/17/2026 10:00,426,1580,0,1577,423,0
08/17/2026 10:15,632,691,0,687,628,0
08/17/2026 10:30,943,272,0,273,944,0
08/17/2026 10:45,663,198,0,195,660,0
08/17/2026 11:00,727,1604,0,1605,728,0
08/17/2026 11:15,602,1572,0,1574,604,0
08/17/2026 11:30,477,584,0,581,474,0
08/17/2026 11:45,669,308,0,304,665,0
08/17/2026 12:00,595,403,0,395,587,0
08/17/2026 12:15,689,348,0,350,691,0
08/17/2026 12:30,888,323,0,320,885,0
08/17/2026 12:45,508,327,0,328,509,0
08/17/2026 13:00,582,312,0,3197,3467,0
08/17/2026 13:15,558,1082,0,1395,871,0
08/17/2026 13:30,607,950,0,491,148,0
08/17/2026 13:45,854,163,572,0,119,0
08/17/2026 14:00,929,77,918,0,3,69
08/17/2026 14:15,871,83,866,0,0,78
08/17/2026 14:30,717,107,711,0,0,101
08/17/2026 14:45,558,154,553,0,0,149
08/17/2026 15:00,375,82,370,0,0,77
08/17/2026 15:15,370,127,361,0,0,118
08/17/2026 15:30,270,248,265,0,0,243
08/17/2026 15:45,192,348,186,0,0,342
08/17/2026 16:00,274,119,276,0,0,121
08/17/2026 16:15,306,74,300,0,0,68
08/17/2026 16:30,226,72,221,0,0,67
08/17/2026 16:45,131,81,122,0,0,72
08/17/2026 17:00,156,98,150,0,0,92
08/17/2026 17:15,137,272,130,0,0,265
08/17/2026 17:30,128,669,118,0,0,659
08/17/2026 17:45,142,415,145,0,0,418
08/17/2026 18:00,157,296,153,0,0,292
08/17/2026 18:15,84,166,82,0,0,164
08/17/2026 18:30,28,299,21,0,0,292
08/17/2026 18:45,15,404,6,0,0,395
08/17/2026 19:00,14,544,0,12,6,524
08/17/2026 19:15,3,468,0,3,0,462
08/17/2026 19:30,0,626,4,0,0,630
08/17/2026 19:45,0,428,0,4,0,424
08/17/2026 20:00,0,918,0,10,0,908
08/17/2026 20:15,0,455,3,0,0,458
08/17/2026 20:30,0,402,0,5,0,397
08/17/2026 20:45,0,370,0,9,0,361
08/17/2026 21:00,0,359,0,7,0,352
08/17/2026 21:15,0,410,0,8,0,402
08/17/2026 21:30,0,314,0,4,0,310
08/17/2026 21:45,0,365,0,12,0,353
08/17/2026 22:00,0,286,0,4,0,282
08/17/2026 22:15,0,243,0,10,0,233
08/17/2026 22:30,0,479,0,11,0,468
08/17/2026 22:45,0,350,0,1,0,349
08/17/2026 23:00,0,427,0,11,0,416
08/17/2026 23:15,0,193,0,1,0,192
08/17/2026 23:30,0,303,0,8,0,295
08/17/2026 23:45,0,327,0,5,0,322
08/18/2026 00:00,0,321,0,8,0,313
08/18/2026 00:15,0,403,0,208,16,211
08/18/2026 00:30,0,333,0,341,8,0
08/18/2026 00:45,0,201,0,207,6,0
08/18/2026 01:00,0,119,0,126,7,0
08/18/2026 01:15,0,133,0,140,7,0
08/18/2026 01:30,0,150,0,156,6,0
08/18/2026 01:45,0,324,0,332,8,0
08/18/2026 02:00,0,300,0,306,6,0
08/18/2026 02:15,0,334,0,340,6,0
08/18/2026 02:30,0,242,0,250,8,0
08/18/2026 02:45,0,169,0,175,6,0
08/18/2026 03:00,0,133,0,139,6,0
08/18/2026 03:15,0,237,0,245,8,0
08/18/2026 03:30,0,224,0,230,6,0
08/18/2026 03:45,0,151,0,159,8,0
08/18/2026 04:00,0,174,0,296,122,0
08/18/2026 04:15,0,310,0,317,7,0
08/18/2026 04:30,0,219,0,227,8,0
08/18/2026 04:45,0,122,0,129,7,0
08/18/2026 05:00,0,246,0,253,7,0
08/18/2026 05:15,0,224,0,231,7,0
08/18/2026 05:30,0,119,0,126,7,0
08/18/2026 05:45,0,118,0,126,8,0
08/18/2026 06:00,0,296,0,421,125,0
08/18/2026 06:15,3,175,0,180,8,0
08/18/2026 06:30,65,144,0,87,8,0
08/18/2026 06:45,102,197,0,101,6,0
08/18/2026 07:00,118,419,0,412,111,0
08/18/2026 07:15,131,272,0,268,127,0
08/18/2026 07:30,171,258,0,256,169,0
08/18/2026 07:45,238,255,0,247,230,0
08/18/2026 08:00,259,219,0,216,256,0
08/18/2026 08:15,311,141,0,137,307,0
08/18/2026 08:30,304,151,0,143,296,0
08/18/2026 08:45,406,156,0,149,399,0
08/18/2026 09:00,722,126,0,115,711,0
08/18/2026 09:15,514,126,0,128,516,0
08/18/2026 09:30,379,215,0,213,377,0
08/18/2026 09:45,331,204,0,201,328,0
08/18/2026 10:00,436,145,0,135,426,0
08/18/2026 10:15,1140,118,0,117,1139,0
08/18/2026 10:30,816,113,0,116,819,0
08/18/2026 10:45,663,118,0,114,659,0
08/18/2026 11:00,758,300,0,293,751,0
08/18/2026 11:15,1176,300,0,302,1178,0
08/18/2026 11:30,1133,272,0,264,1125,0
08/18/2026 11:45,944,272,0,282,954,0
08/18/2026 12:00,618,277,0,281,622,0
08/18/2026 12:15,525,306,0,301,520,0
08/18/2026 12:30,660,298,0,286,648,0
08/18/2026 12:45,1441,273,0,271,1439,0
08/18/2026 13:00,1473,275,904,0,294,0
08/18/2026 13:15,625,482,0,57,200,0
08/18/2026 13:30,509,232,137,0,140,0
08/18/2026 13:45,1406,163,1225,0,18,0
08/18/2026 14:00,1480,68,1472,0,0,60
08/18/2026 14:15,1381,70,1377,0,0,66
08/18/2026 14:30,1454,92,1450,0,0,88
08/18/2026 14:45,1259,101,1253,0,0,95
08/18/2026 15:00,1299,69,1296,0,0,66
08/18/2026 15:15,1165,76,1159,0,0,70
08/18/2026 15:30,1129,169,1121,0,0,161
08/18/2026 15:45,1031,217,1024,0,0,210
08/18/2026 16:00,927,230,927,0,0,230
08/18/2026 16:15,866,78,860,0,0,72
08/18/2026 16:30,796,71,792,0,0,67
08/18/2026 16:45,698,92,691,0,0,85
08/18/2026 17:00,590,392,585,0,0,387
08/18/2026 17:15,478,382,475,0,0,379
08/18/2026 17:30,353,256,350,0,0,253
08/18/2026 17:45,200,433,197,0,0,430
08/18/2026 18:00,114,532,92,0,0,510
08/18/2026 18:15,88,412,79,0,0,403
08/18/2026 18:30,51,302,49,0,0,300
08/18/2026 18:45,51,336,45,0,0,330
08/18/2026 19:00,26,410,0,16,10,378
08/18/2026 19:15,6,535,0,1,0,528
08/18/2026 19:30,0,395,0,6,0,389
08/18/2026 19:45,0,407,0,2,0,405
08/18/2026 20:00,0,537,0,11,0,526
08/18/2026 20:15,0,649,0,2,0,647
08/18/2026 20:30,0,438,0,2,0,436
08/18/2026 20:45,0,353,0,6,0,347
08/18/2026 21:00,0,356,0,8,0,348
08/18/2026 21:15,0,409,0,6,0,403
08/18/2026 21:30,0,443,0,5,0,438
08/18/2026 21:45,0,342,0,2,0,340
08/18/2026 22:00,0,131,0,3,0,128
08/18/2026 22:15,0,614,0,8,0,606
08/18/2026 22:30,0,401,0,1,0,400
08/18/2026 22:45,0,621,0,10,0,611
08/18/2026 23:00,0,694,0,6,0,688
08/18/2026 23:15,0,664,0,4,0,660
08/18/2026 23:30,0,399,0,226,48,221
08/18/2026 23:45,0,333,0,340,7,0
08/19/2026 00:00,0,390,0,397,7,0
08/19/2026 00:15,0,316,0,323,7,0
08/19/2026 00:30,0,367,0,374,7,0
08/19/2026 00:45,0,247,0,253,6,0
08/19/2026 01:00,0,279,0,287,8,0
08/19/2026 01:15,0,140,0,146,6,0
08/19/2026 01:30,0,229,0,236,7,0
08/19/2026 01:45,0,316,0,321,6,1
08/19/2026 02:00,0,432,0,439,7,0
08/19/2026 02:15,0,182,0,188,6,0
08/19/2026 02:30,0,201,0,209,8,0
08/19/2026 02:45,0,280,0,286,6,0
08/19/2026 03:00,0,289,0,296,7,0
08/19/2026 03:15,0,202,0,324,122,0
08/19/2026 03:30,0,124,0,131,7,0
08/19/2026 03:45,0,190,0,196,6,0
08/19/2026 04:00,0,337,0,345,8,0
08/19/2026 04:15,0,266,0,272,6,0
08/19/2026 04:30,0,243,0,251,8,0
08/19/2026 04:45,0,141,0,147,6,0
08/19/2026 05:00,0,146,0,154,8,0
08/19/2026 05:15,0,178,0,304,126,0
08/19/2026 05:30,0,321,0,328,7,0
08/19/2026 05:45,0,316,0,323,7,0
08/19/2026 06:00,1,337,0,343,7,0
08/19/2026 06:15,37,147,0,117,7,0
08/19/2026 06:30,70,131,0,68,7,0
08/19/2026 06:45,138,231,0,101,8,0
08/19/2026 07:00,277,402,0,387,262,0
08/19/2026 07:15,329,423,0,425,331,0
08/19/2026 07:30,372,343,0,335,364,0
08/19/2026 07:45,593,134,0,132,591,0
08/19/2026 08:00,620,112,0,112,620,0
08/19/2026 08:15,909,138,0,136,907,0
08/19/2026 08:30,858,148,0,149,859,0
08/19/2026 08:45,906,233,0,232,905,0
08/19/2026 09:00,1017,183,0,180,1014,0
08/19/2026 09:15,1027,126,0,126,1027,0
08/19/2026 09:30,1078,146,0,147,1079,0
08/19/2026 09:45,1150,146,0,135,1139,0
08/19/2026 10:00,1235,121,0,122,1236,0
08/19/2026 10:15,1325,112,0,111,1324,0
08/19/2026 10:30,1400,112,0,113,1401,0
08/19/2026 10:45,1458,143,43,0,1272,0
08/19/2026 11:00,1516,343,954,0,219,0
08/19/2026 11:15,1307,381,806,0,120,0
08/19/2026 11:30,1629,331,1298,0,0,0
08/19/2026 11:45,1252,361,877,0,14,0
08/19/2026 12:00,1700,314,1338,0,48,0
08/19/2026 12:15,1581,302,1239,0,40,0
08/19/2026 12:30,1203,278,921,0,4,0
08/19/2026 12:45,1405,276,1113,0,16,0
08/19/2026 13:00,1505,314,1169,0,22,0
08/19/2026 13:15,1472,276,1194,0,2,0
08/19/2026 13:30,1653,357,1267,0,29,0
08/19/2026 13:45,1548,355,1170,0,23,0
08/19/2026 14:00,1544,92,1532,0,0,80
08/19/2026 14:15,1509,98,1505,0,0,94
08/19/2026 14:30,1246,89,1242,0,0,85
08/19/2026 14:45,1216,64,1212,0,0,60
08/19/2026 15:00,1275,97,1266,0,0,88
08/19/2026 15:15,1232,186,1228,0,0,182
08/19/2026 15:30,990,278,984,0,0,272
08/19/2026 15:45,990,210,985,0,0,205
08/19/2026 16:00,768,414,760,0,0,406
08/19/2026 16:15,915,308,915,0,0,308
08/19/2026 16:30,754,97,748,0,0,91
08/19/2026 16:45,621,97,614,0,0,90
08/19/2026 17:00,622,614,607,0,0,599
08/19/2026 17:15,474,620,477,0,0,623
08/19/2026 17:30,334,461,331,0,0,458
08/19/2026 17:45,295,262,291,0,0,258
08/19/2026 18:00,204,257,200,0,0,253
08/19/2026 18:15,104,355,95,0,0,346
08/19/2026 18:30,86,415,84,0,0,413
08/19/2026 18:45,75,278,71,0,0,274
08/19/2026 19:00,46,437,0,19,6,378
08/19/2026 19:15,25,462,0,5,0,432
08/19/2026 19:30,3,405,0,4,0,398
08/19/2026 19:45,0,392,0,3,0,389
08/19/2026 20:00,0,394,0,4,0,390
08/19/2026 20:15,0,456,2,0,0,458
08/19/2026 20:30,0,403,0,8,0,395
08/19/2026 20:45,0,361,0,8,0,353
08/19/2026 21:00,0,410,0,6,0,404
08/19/2026 21:15,0,348,0,8,0,340
08/19/2026 21:30,0,488,0,10,0,478
08/19/2026 21:45,0,469,0,7,0,462
08/19/2026 22:00,0,471,0,5,0,466
08/19/2026 22:15,0,422,0,4,0,418
08/19/2026 22:30,0,603,0,6,0,597
08/19/2026 22:45,0,618,0,10,0,608
08/19/2026 23:00,0,678,0,39,4,643
08/19/2026 23:15,0,305,0,311,6,0
08/19/2026 23:30,0,350,0,357,7,0
08/19/2026 23:45,0,376,0,383,7,0
08/20/2026 00:00,0,280,0,287,7,0
08/20/2026 00:15,0,363,0,370,7,0
08/20/2026 00:30,0,269,0,275,6,0
08/20/2026 00:45,0,307,0,313,6,0
08/20/2026 01:00,0,170,0,178,8,0
08/20/2026 01:15,0,118,0,124,6,0
08/20/2026 01:30,0,238,0,246,8,0
08/20/2026 01:45,0,390,0,396,6,0
08/20/2026 02:00,0,378,0,384,6,0
08/20/2026 02:15,0,254,0,262,8,0
08/20/2026 02:30,0,121,0,127,6,0
08/20/2026 02:45,0,143,0,150,7,0
08/20/2026 03:00,0,260,0,267,7,0
08/20/2026 03:15,0,188,0,195,7,0
08/20/2026 03:30,0,171,0,294,123,0
08/20/2026 03:45,0,294,0,301,7,0
08/20/2026 04:00,0,286,0,293,7,0
08/20/2026 04:15,0,212,0,219,7,0
08/20/2026 04:30,0,206,0,213,7,0
08/20/2026 04:45,0,316,0,323,7,0
08/20/2026 05:00,0,178,0,185,7,0
08/20/2026 05:15,0,148,0,155,7,0
08/20/2026 05:30,0,128,0,135,7,0
08/20/2026 05:45,0,115,0,244,129,0
08/20/2026 06:00,4,121,0,125,8,0
08/20/2026 06:15,32,239,0,214,7,0
08/20/2026 06:30,86,307,0,229,8,0
08/20/2026 06:45,263,131,0,6,138,0
08/20/2026 07:00,378,338,0,331,371,0
08/20/2026 07:15,448,434,0,432,446,0
08/20/2026 07:30,574,273,0,269,570,0
08/20/2026 07:45,701,154,0,150,697,0
08/20/2026 08:00,760,208,0,208,760,0
08/20/2026 08:15,819,131,0,125,813,0
08/20/2026 08:30,878,152,0,151,877,0
08/20/2026 08:45,929,144,0,143,928,0
08/20/2026 09:00,972,123,0,122,971,0
08/20/2026 09:15,1006,119,0,118,1005,0
08/20/2026 09:30,1066,137,0,130,1059,0
08/20/2026 09:45,1125,145,0,140,1120,0
08/20/2026 10:00,1235,129,0,122,1228,0
08/20/2026 10:15,1179,112,0,113,1180,0
08/20/2026 10:30,1302,119,0,115,1298,0
08/20/2026 10:45,1297,149,228,0,920,0
08/20/2026 11:00,1440,310,948,0,182,0
08/20/2026 11:15,1481,274,1155,0,52,0
08/20/2026 11:30,1540,280,1260,0,0,0
08/20/2026 11:45,1568,295,1237,0,36,0
08/20/2026 12:00,1580,315,1230,0,35,0
08/20/2026 12:15,1593,284,1264,0,45,0
08/20/2026 12:30,1297,282,1013,0,2,0
08/20/2026 12:45,923,470,428,0,25,0
08/20/2026 13:00,1525,536,975,0,14,0
08/20/2026 13:15,1537,392,1142,0,3,0
08/20/2026 13:30,1671,231,1411,0,29,0
08/20/2026 13:45,1073,185,873,0,15,0
08/20/2026 14:00,715,130,728,0,0,143
08/20/2026 14:15,691,159,682,0,0,150
08/20/2026 14:30,612,192,611,0,0,191
08/20/2026 14:45,364,154,355,0,0,145
08/20/2026 15:00,359,348,353,0,0,342
08/20/2026 15:15,446,520,443,0,0,517
08/20/2026 15:30,438,115,436,0,0,113
08/20/2026 15:45,342,328,332,0,0,318
08/20/2026 16:00,276,325,275,0,0,324
08/20/2026 16:15,214,144,211,0,0,141
08/20/2026 16:30,338,135,330,0,0,127
08/20/2026 16:45,287,84,282,0,0,79
08/20/2026 17:00,205,608,191,0,0,594
08/20/2026 17:15,111,553,113,0,0,555
08/20/2026 17:30,157,488,147,0,0,478
08/20/2026 17:45,103,492,106,0,0,495
08/20/2026 18:00,81,305,74,0,0,298
08/20/2026 18:15,59,358,56,0,0,355
08/20/2026 18:30,33,417,30,0,0,414
08/20/2026 18:45,12,219,6,0,0,213
08/20/2026 19:00,1,356,0,23,14,346
08/20/2026 19:15,0,449,0,6,0,443
08/20/2026 19:30,0,949,0,3,0,946
08/20/2026 19:45,0,1748,0,4,0,1744
08/20/2026 20:00,0,885,2,0,0,887
08/20/2026 20:15,0,377,0,1,0,376
08/20/2026 20:30,0,416,0,7,0,409
08/20/2026 20:45,0,251,0,3,0,248
08/20/2026 21:00,0,470,0,13,0,457
08/20/2026 21:15,0,523,0,6,0,517
08/20/2026 21:30,0,377,0,4,0,373
08/20/2026 21:45,0,371,0,231,20,160
08/20/2026 22:00,0,458,0,464,6,0
08/20/2026 22:15,0,737,0,744,7,0
08/20/2026 22:30,0,506,0,513,7,0
08/20/2026 22:45,0,483,0,489,6,0
08/20/2026 23:00,0,335,0,341,6,0
08/20/2026 23:15,0,333,0,340,7,0
08/20/2026 23:30,0,311,0,317,6,0
08/20/2026 23:45,0,224,0,231,7,0
08/21/2026 00:00,0,246,0,252,6,0
08/21/2026 00:15,0,230,0,236,6,0
08/21/2026 00:30,0,195,0,202,7,0
08/21/2026 00:45,0,117,0,124,7,0
08/21/2026 01:00,0,330,0,336,6,0
08/21/2026 01:15,0,363,0,369,6,0
08/21/2026 01:30,0,195,0,202,7,0
08/21/2026 01:45,0,120,0,245,125,0
08/21/2026 02:00,0,119,0,126,7,0
08/21/2026 02:15,0,297,0,303,6,0
08/21/2026 02:30,0,159,0,166,7,0
08/21/2026 02:45,0,184,0,190,6,0
08/21/2026 03:00,0,389,0,396,7,0
08/21/2026 03:15,0,167,0,174,7,0
08/21/2026 03:30,0,160,0,167,7,0
08/21/2026 03:45,0,160,0,167,7,0
08/21/2026 04:00,0,140,0,267,127,0
08/21/2026 04:15,0,230,0,236,6,0
08/21/2026 04:30,0,172,0,180,8,0
08/21/2026 04:45,0,155,0,161,6,0
08/21/2026 05:00,0,301,0,309,8,0
08/21/2026 05:15,0,378,0,384,6,0
08/21/2026 05:30,0,143,0,151,8,0
08/21/2026 05:45,0,135,0,142,7,0
08/21/2026 06:00,0,147,0,272,125,0
08/21/2026 06:15,0,138,0,145,7,0
08/21/2026 06:30,0,117,0,124,7,0
08/21/2026 06:45,0,132,0,139,7,0
08/21/2026 07:00,4,359,0,363,8,0
08/21/2026 07:15,41,219,0,208,30,0
08/21/2026 07:30,79,161,0,152,70,0
08/21/2026 07:45,89,130,0,131,90,0
08/21/2026 08:00,103,258,0,250,95,0
08/21/2026 08:15,179,245,0,237,171,0
08/21/2026 08:30,205,388,0,380,197,0
08/21/2026 08:45,228,302,0,297,223,0
08/21/2026 09:00,304,153,0,145,296,0
08/21/2026 09:15,391,144,0,140,387,0
08/21/2026 09:30,329,150,0,146,325,0
08/21/2026 09:45,478,277,0,271,472,0
08/21/2026 10:00,413,208,0,210,415,0
08/21/2026 10:15,399,176,0,168,391,0
08/21/2026 10:30,425,176,0,174,423,0
08/21/2026 10:45,387,211,0,208,384,0
08/21/2026 11:00,506,587,0,580,499,0
08/21/2026 11:15,561,869,0,865,557,0
08/21/2026 11:30,702,528,0,527,701,0
08/21/2026 11:45,623,506,0,507,624,0
08/21/2026 12:00,588,616,0,613,585,0
08/21/2026 12:15,773,493,0,493,773,0
08/21/2026 12:30,791,465,0,467,793,0
08/21/2026 12:45,650,447,0,444,647,0
08/21/2026 13:00,680,322,0,3260,3618,0
08/21/2026 13:15,607,444,0,1519,1682,0
08/21/2026 13:30,570,272,99,0,199,0
08/21/2026 13:45,701,166,359,0,176,0
08/21/2026 14:00,635,144,625,0,2,136
08/21/2026 14:15,460,151,455,0,0,146
08/21/2026 14:30,489,220,483,0,0,214
08/21/2026 14:45,556,138,550,0,0,132
08/21/2026 15:00,544,183,538,0,0,177
08/21/2026 15:15,382,238,380,0,0,236
08/21/2026 15:30,431,107,428,0,0,104
08/21/2026 15:45,411,84,406,0,0,79
08/21/2026 16:00,311,183,302,0,0,174
08/21/2026 16:15,245,203,240,0,0,198
08/21/2026 16:30,186,190,180,0,0,184
08/21/2026 16:45,126,356,117,0,0,347
08/21/2026 17:00,134,362,133,0,0,361
08/21/2026 17:15,201,659,190,0,0,648
08/21/2026 17:30,148,498,147,0,0,497
08/21/2026 17:45,84,294,76,0,0,286
08/21/2026 18:00,66,280,60,0,0,274
08/21/2026 18:15,56,283,48,0,0,275
08/21/2026 18:30,51,288,50,0,0,287
08/21/2026 18:45,24,226,19,0,0,221
08/21/2026 19:00,6,258,0,20,12,244
08/21/2026 19:15,0,373,3,0,0,376
08/21/2026 19:30,0,381,0,5,0,376
08/21/2026 19:45,0,444,2,0,0,446
08/21/2026 20:00,0,431,0,12,0,419
08/21/2026 20:15,0,322,0,5,0,317
08/21/2026 20:30,0,275,0,7,0,268
08/21/2026 20:45,0,312,0,4,0,308
08/21/2026 21:00,0,249,0,5,0,244
08/21/2026 21:15,0,211,0,7,0,204
08/21/2026 21:30,0,500,0,10,0,490
08/21/2026 21:45,0,585,0,5,0,580
08/21/2026 22:00,0,388,0,5,0,383
08/21/2026 22:15,0,297,0,4,0,293
08/21/2026 22:30,0,171,0,5,0,166
08/21/2026 22:45,0,286,0,5,0,281
08/21/2026 23:00,0,207,0,6,0,201
08/21/2026 23:15,0,264,0,7,0,257
08/21/2026 23:30,0,255,0,10,0,245
08/21/2026 23:45,0,431,0,12,0,419
08/22/2026 00:00,0,270,0,0,0,270
08/22/2026 00:15,0,100,0,5,0,95
08/22/2026 00:30,0,101,0,6,0,95
08/22/2026 00:45,0,104,0,6,0,98
08/22/2026 01:00,0,129,0,6,0,123
08/22/2026 01:15,0,167,0,10,0,157
08/22/2026 01:30,0,381,0,139,18,260
08/22/2026 01:45,0,231,0,239,8,0
08/22/2026 02:00,0,109,0,115,6,0
08/22/2026 02:15,0,143,0,151,8,0
08/22/2026 02:30,0,236,0,242,6,0
08/22/2026 02:45,0,98,0,106,8,0
08/22/2026 03:00,0,104,0,112,8,0
08/22/2026 03:15,0,117,0,123,6,0
08/22/2026 03:30,0,267,0,275,8,0
08/22/2026 03:45,0,163,0,169,6,0
08/22/2026 04:00,0,98,0,106,8,0
08/22/2026 04:15,0,236,0,243,7,0
08/22/2026 04:30,0,235,0,242,7,0
08/22/2026 04:45,0,296,0,303,7,0
08/22/2026 05:00,0,156,0,163,7,0
08/22/2026 05:15,0,98,0,226,128,0
08/22/2026 05:30,0,98,0,105,7,0
08/22/2026 05:45,0,99,0,107,8,0
08/22/2026 06:00,0,128,0,135,7,0
08/22/2026 06:15,0,129,0,136,7,0
08/22/2026 06:30,4,127,0,130,7,0
08/22/2026 06:45,36,102,0,73,7,0
08/22/2026 07:00,21,104,0,102,19,0
08/22/2026 07:15,32,151,0,143,24,0
08/22/2026 07:30,66,189,0,186,63,0
08/22/2026 07:45,134,195,0,191,130,0
08/22/2026 08:00,200,362,0,355,193,0
08/22/2026 08:15,238,400,0,398,236,0
08/22/2026 08:30,115,175,0,170,110,0
08/22/2026 08:45,130,164,0,166,132,0
08/22/2026 09:00,171,256,0,252,167,0
08/22/2026 09:15,159,286,0,283,156,0
08/22/2026 09:30,192,152,0,146,186,0
08/22/2026 09:45,208,126,0,123,205,0
08/22/2026 10:00,233,228,0,221,226,0
08/22/2026 10:15,246,164,0,165,247,0
08/22/2026 10:30,250,146,0,140,244,0
08/22/2026 10:45,345,149,0,143,339,0
08/22/2026 11:00,409,431,0,424,402,0
08/22/2026 11:15,542,431,0,427,538,0
08/22/2026 11:30,541,442,0,437,536,0
08/22/2026 11:45,351,466,0,469,354,0
08/22/2026 12:00,244,476,0,472,240,0
08/22/2026 12:15,192,606,0,607,193,0
08/22/2026 12:30,323,511,0,499,311,0
08/22/2026 12:45,284,460,0,461,285,0
08/22/2026 13:00,206,535,0,3874,3545,0
08/22/2026 13:15,266,895,0,4337,3708,0
08/22/2026 13:30,289,634,0,2222,1877,0
08/22/2026 13:45,390,406,0,217,201,0
08/22/2026 14:00,255,221,233,0,10,209
08/22/2026 14:15,201,379,196,0,0,374
08/22/2026 14:30,163,186,158,0,0,181
08/22/2026 14:45,204,395,189,0,0,380
08/22/2026 15:00,237,706,232,0,0,701
08/22/2026 15:15,243,726,233,0,0,716
08/22/2026 15:30,186,485,181,0,0,480
08/22/2026 15:45,229,360,225,0,0,356
08/22/2026 16:00,254,354,249,0,0,349
08/22/2026 16:15,157,206,156,0,0,205
08/22/2026 16:30,161,99,156,0,0,94
08/22/2026 16:45,214,168,208,0,0,162
08/22/2026 17:00,172,194,168,0,0,190
08/22/2026 17:15,139,166,133,0,0,160
08/22/2026 17:30,83,201,78,0,0,196
08/22/2026 17:45,58,205,54,0,0,201
08/22/2026 18:00,31,158,27,0,0,154
08/22/2026 18:15,52,302,43,0,0,293
08/22/2026 18:30,41,385,39,0,0,383
08/22/2026 18:45,12,260,9,0,0,257
08/22/2026 19:00,3,453,0,15,6,441
08/22/2026 19:15,0,425,0,5,0,420
08/22/2026 19:30,0,174,0,4,0,170
08/22/2026 19:45,0,352,0,1,0,351
08/22/2026 20:00,0,440,13,0,0,453
08/22/2026 20:15,0,589,0,8,0,581
08/22/2026 20:30,0,466,1,0,0,467
08/22/2026 20:45,0,1168,0,9,0,1159
08/22/2026 21:00,0,1195,0,1,0,1194
08/22/2026 21:15,0,263,0,10,0,253
08/22/2026 21:30,0,356,0,4,0,352
08/22/2026 21:45,0,204,0,8,0,196
08/22/2026 22:00,0,174,0,4,0,170
08/22/2026 22:15,0,161,0,8,0,153
08/22/2026 22:30,0,253,0,149,20,124
08/22/2026 22:45,0,383,0,390,7,0
08/22/2026 23:00,0,373,0,380,7,0
08/22/2026 23:15,0,425,0,432,7,0
08/22/2026 23:30,0,272,0,280,8,0
08/22/2026 23:45,0,246,0,252,6,0
08/23/2026 00:00,0,104,0,112,8,0
08/23/2026 00:15,0,101,0,107,6,0
08/23/2026 00:30,0,113,0,121,8,0
08/23/2026 00:45,0,206,0,212,6,0
08/23/2026 01:00,0,142,0,149,7,0
08/23/2026 01:15,0,186,0,193,7,0
08/23/2026 01:30,0,334,0,341,7,0
08/23/2026 01:45,0,291,0,298,7,0
08/23/2026 02:00,0,118,0,124,6,0
08/23/2026 02:15,0,129,0,257,128,0
08/23/2026 02:30,0,117,0,124,7,0
08/23/2026 02:45,0,99,0,106,7,0
08/23/2026 03:00,0,129,0,136,7,0
08/23/2026 03:15,0,180,0,188,8,0
08/23/2026 03:30,0,206,0,213,7,0
08/23/2026 03:45,0,107,0,114,7,0
08/23/2026 04:00,0,133,0,140,7,0
08/23/2026 04:15,0,191,0,314,123,0
08/23/2026 04:30,0,291,0,299,8,0
08/23/2026 04:45,0,194,0,202,8,0
08/23/2026 05:00,0,188,0,195,7,0
08/23/2026 05:15,0,124,0,131,7,0
08/23/2026 05:30,0,100,0,108,8,0
08/23/2026 05:45,0,228,0,235,7,0
08/23/2026 06:00,0,149,0,156,7,0
08/23/2026 06:15,1,117,0,123,7,0
08/23/2026 06:30,8,105,0,226,129,0
08/23/2026 06:45,34,103,0,77,8,0
08/23/2026 07:00,48,144,0,132,36,0
08/23/2026 07:15,36,253,0,255,38,0
08/23/2026 07:30,23,248,0,245,20,0
08/23/2026 07:45,70,148,0,140,62,0
08/23/2026 08:00,89,191,0,185,83,0
08/23/2026 08:15,97,240,0,238,95,0
08/23/2026 08:30,102,450,0,444,96,0
08/23/2026 08:45,161,336,0,331,156,0
08/23/2026 09:00,121,146,0,142,117,0
08/23/2026 09:15,137,157,0,158,138,0
08/23/2026 09:30,132,251,0,248,129,0
08/23/2026 09:45,116,176,0,176,116,0
08/23/2026 10:00,178,211,0,207,174,0
08/23/2026 10:15,184,155,0,150,179,0
08/23/2026 10:30,185,251,0,248,182,0
08/23/2026 10:45,286,177,0,171,280,0
08/23/2026 11:00,279,440,0,438,277,0
08/23/2026 11:15,352,501,0,496,347,0
08/23/2026 11:30,207,548,0,550,209,0
08/23/2026 11:45,255,607,0,601,249,0
08/23/2026 12:00,147,695,0,695,147,0
08/23/2026 12:15,118,803,0,800,115,0
08/23/2026 12:30,46,565,0,566,47,0
08/23/2026 12:45,107,568,0,560,99,0
08/23/2026 13:00,301,635,0,3861,3527,0
08/23/2026 13:15,361,771,0,4100,3690,0
08/23/2026 13:30,297,743,0,3931,3485,0
08/23/2026 13:45,228,259,0,699,668,0
08/23/2026 14:00,587,315,568,0,8,304
08/23/2026 14:15,721,136,714,0,0,129
08/23/2026 14:30,743,243,736,0,0,236
08/23/2026 14:45,473,253,469,0,0,249
08/23/2026 15:00,988,150,983,0,0,145
08/23/2026 15:15,539,253,527,0,0,241
08/23/2026 15:30,537,483,534,0,0,480
08/23/2026 15:45,385,397,380,0,0,392
08/23/2026 16:00,246,361,241,0,0,356
08/23/2026 16:15,197,216,194,0,0,213
08/23/2026 16:30,290,109,286,0,0,105
08/23/2026 16:45,150,89,145,0,0,84
08/23/2026 17:00,210,352,198,0,0,340
08/23/2026 17:15,211,281,205,0,0,275
08/23/2026 17:30,151,297,140,0,0,286
08/23/2026 17:45,121,502,121,0,0,502
08/23/2026 18:00,183,227,186,0,0,230
08/23/2026 18:15,122,159,116,0,0,153
08/23/2026 18:30,103,405,99,0,0,401
08/23/2026 18:45,94,267,89,0,0,262
08/23/2026 19:00,56,501,0,20,10,435
08/23/2026 19:15,18,576,0,7,0,551
08/23/2026 19:30,4,528,7,0,0,531
08/23/2026 19:45,0,1295,0,14,0,1281
08/23/2026 20:00,0,1494,6,0,0,1500
08/23/2026 20:15,0,380,0,0,0,380
08/23/2026 20:30,0,160,1,0,0,161
08/23/2026 20:45,0,153,0,9,0,144
08/23/2026 21:00,0,186,0,4,0,182
08/23/2026 21:15,0,196,0,6,0,190
08/23/2026 21:30,0,233,0,8,0,225
08/23/2026 21:45,0,506,0,4,0,502
08/23/2026 22:00,0,138,0,5,0,133
08/23/2026 22:15,0,156,0,7,0,149
08/23/2026 22:30,0,377,0,9,0,368
08/23/2026 22:45,0,293,0,56,17,254
08/23/2026 23:00,0,367,0,374,7,0
08/23/2026 23:15,0,344,0,351,7,0
08/23/2026 23:30,0,334,0,340,6,0
08/23/2026 23:45,0,311,0,318,7,0
08/24/2026 00:00,0,261,0,268,7,0
08/24/2026 00:15,0,240,0,246,6,0
08/24/2026 00:30,0,173,0,181,8,0
08/24/2026 00:45,0,107,0,114,7,0
08/24/2026 01:00,0,112,0,119,7,0
08/24/2026 01:15,0,275,0,282,7,0
08/24/2026 01:30,0,272,0,279,7,0
08/24/2026 01:45,0,173,0,181,8,0
08/24/2026 02:00,0,102,0,109,7,0
08/24/2026 02:15,0,330,0,337,7,0
08/24/2026 02:30,0,213,0,220,7,0
08/24/2026 02:45,0,102,0,229,127,0
08/24/2026 03:00,0,107,0,115,8,0
08/24/2026 03:15,0,156,0,163,7,0
08/24/2026 03:30,0,310,0,317,7,0
08/24/2026 03:45,0,272,0,280,8,0
08/24/2026 04:00,0,166,0,172,6,0
08/24/2026 04:15,0,102,0,110,8,0
08/24/2026 04:30,0,299,0,307,8,0
08/24/2026 04:45,0,242,0,369,127,0
08/24/2026 05:00,0,109,0,117,8,0
08/24/2026 05:15,0,99,0,106,7,0
08/24/2026 05:30,0,108,0,116,8,0
08/24/2026 05:45,0,128,0,135,7,0
08/24/2026 06:00,0,115,0,122,7,0
08/24/2026 06:15,15,123,0,116,8,0
08/24/2026 06:30,67,261,0,200,6,0
08/24/2026 06:45,110,214,0,112,8,0
08/24/2026 07:00,168,270,0,255,153,0
08/24/2026 07:15,215,268,0,265,212,0
08/24/2026 07:30,548,262,0,259,545,0
08/24/2026 07:45,696,363,0,354,687,0
08/24/2026 08:00,765,286,0,278,757,0
08/24/2026 08:15,817,265,0,262,814,0
08/24/2026 08:30,871,150,0,143,864,0
08/24/2026 08:45,918,177,0,175,916,0
08/24/2026 09:00,973,184,0,174,963,0
08/24/2026 09:15,1021,181,0,172,1012,0
08/24/2026 09:30,1070,150,0,143,1063,0
08/24/2026 09:45,1118,161,0,154,1111,0
08/24/2026 10:00,1199,187,0,173,1185,0
08/24/2026 10:15,1280,154,0,147,1273,0
08/24/2026 10:30,1369,134,0,129,1364,0
08/24/2026 10:45,1440,150,153,0,1137,0
08/24/2026 11:00,1499,530,769,0,200,0
08/24/2026 11:15,1526,527,818,0,181,0
08/24/2026 11:30,1551,529,918,0,104,0
08/24/2026 11:45,1589,521,1016,0,52,0
08/24/2026 12:00,1595,510,1059,0,26,0
08/24/2026 12:15,1597,529,1056,0,12,0
08/24/2026 12:30,1602,528,1042,0,32,0
08/24/2026 12:45,1624,502,1098,0,24,0
08/24/2026 13:00,1474,356,1063,0,55,0
08/24/2026 13:15,1633,442,1164,0,27,0
08/24/2026 13:30,1403,407,992,0,4,0
08/24/2026 13:45,1233,208,1012,0,13,0
08/24/2026 14:00,1128,77,1143,0,0,92
08/24/2026 14:15,1198,87,1191,0,0,80
08/24/2026 14:30,1326,108,1322,0,0,104
08/24/2026 14:45,543,101,540,0,0,98
08/24/2026 15:00,457,78,453,0,0,74
08/24/2026 15:15,421,99,417,0,0,95
08/24/2026 15:30,996,102,992,0,0,98
08/24/2026 15:45,617,77,612,0,0,72
08/24/2026 16:00,612,227,603,0,0,218
08/24/2026 16:15,883,347,875,0,0,339
08/24/2026 16:30,760,424,758,0,0,422
08/24/2026 16:45,681,382,673,0,0,374
08/24/2026 17:00,539,798,533,0,0,792
08/24/2026 17:15,439,388,442,0,0,391
08/24/2026 17:30,285,293,282,0,0,290
08/24/2026 17:45,171,317,162,0,0,308
08/24/2026 18:00,191,346,190,0,0,345
08/24/2026 18:15,129,394,122,0,0,387
08/24/2026 18:30,63,322,61,0,0,320
08/24/2026 18:45,38,268,31,0,0,261
08/24/2026 19:00,15,533,0,12,5,511
08/24/2026 19:15,2,420,0,3,0,415
08/24/2026 19:30,0,420,9,0,0,429
08/24/2026 19:45,0,494,0,4,0,490
08/24/2026 20:00,0,655,0,5,0,650
08/24/2026 20:15,0,1284,0,12,0,1272
08/24/2026 20:30,0,1354,0,4,0,1350
08/24/2026 20:45,0,484,0,0,0,484
08/24/2026 21:00,0,314,0,3,0,311
08/24/2026 21:15,0,263,0,9,0,254
08/24/2026 21:30,0,320,0,1,0,319
08/24/2026 21:45,0,255,0,8,0,247
08/24/2026 22:00,0,279,0,6,0,273
08/24/2026 22:15,0,397,0,6,0,391
08/24/2026 22:30,0,509,0,236,11,284
08/24/2026 22:45,0,207,0,213,6,0
08/24/2026 23:00,0,306,0,314,8,0
08/24/2026 23:15,0,315,0,321,6,0
08/24/2026 23:30,0,267,0,275,8,0
08/24/2026 23:45,0,276,0,282,6,0
08/25/2026 00:00,0,379,0,386,7,0
08/25/2026 00:15,0,276,0,283,7,0
08/25/2026 00:30,0,263,0,269,6,0
08/25/2026 00:45,0,273,0,280,7,0
08/25/2026 01:00,0,304,0,311,7,0
08/25/2026 01:15,0,379,0,386,7,0
08/25/2026 01:30,0,381,0,388,7,0
08/25/2026 01:45,0,298,0,305,7,0
08/25/2026 02:00,0,280,0,287,7,0
08/25/2026 02:15,0,316,0,322,6,0
08/25/2026 02:30,0,265,0,387,122,0
08/25/2026 02:45,0,265,0,272,7,0
08/25/2026 03:00,0,350,0,356,6,0
08/25/2026 03:15,0,176,0,184,8,0
08/25/2026 03:30,0,122,0,128,6,0
08/25/2026 03:45,0,188,0,196,8,0
08/25/2026 04:00,0,216,0,222,6,0
08/25/2026 04:15,0,317,0,324,7,0
08/25/2026 04:30,0,216,0,337,121,0
08/25/2026 04:45,0,100,0,107,7,0
08/25/2026 05:00,0,97,0,105,8,0
08/25/2026 05:15,0,200,0,207,7,0
08/25/2026 05:30,0,232,0,239,7,0
08/25/2026 05:45,0,219,0,227,8,0
08/25/2026 06:00,0,135,0,142,7,0
08/25/2026 06:15,7,188,0,188,7,0
08/25/2026 06:30,79,124,0,167,122,0
08/25/2026 06:45,246,131,0,5,120,0
08/25/2026 07:00,373,128,0,115,360,0
08/25/2026 07:15,446,223,0,214,437,0
08/25/2026 07:30,566,381,0,369,554,0
08/25/2026 07:45,706,170,0,160,696,0
08/25/2026 08:00,767,129,0,126,764,0
08/25/2026 08:15,809,128,0,124,805,0
08/25/2026 08:30,862,162,0,161,861,0
08/25/2026 08:45,910,155,0,153,908,0
08/25/2026 09:00,964,131,0,124,957,0
08/25/2026 09:15,1007,159,0,150,998,0
08/25/2026 09:30,1051,148,0,141,1044,0
08/25/2026 09:45,1099,159,0,159,1099,0
08/25/2026 10:00,1181,132,0,126,1175,0
08/25/2026 10:15,1265,129,0,123,1259,0
08/25/2026 10:30,1327,152,0,143,1318,0
08/25/2026 10:45,1469,169,375,0,925,0
08/25/2026 11:00,958,504,263,0,191,0
08/25/2026 11:15,1500,488,928,0,84,0
08/25/2026 11:30,1176,506,656,0,14,0
08/25/2026 11:45,1338,520,797,0,21,0
08/25/2026 12:00,1227,607,582,0,38,0
08/25/2026 12:15,905,704,185,0,16,0
08/25/2026 12:30,1363,896,463,0,4,0
08/25/2026 12:45,1078,796,211,0,71,0
08/25/2026 13:00,1149,500,646,0,3,0
08/25/2026 13:15,1084,298,782,0,4,0
08/25/2026 13:30,1583,314,1249,0,20,0
08/25/2026 13:45,1289,485,777,0,27,0
08/25/2026 14:00,870,230,889,0,0,249
08/25/2026 14:15,790,82,784,0,0,76
08/25/2026 14:30,937,305,929,0,0,297
08/25/2026 14:45,1407,172,1405,0,0,170
08/25/2026 15:00,1187,91,1183,0,0,87
08/25/2026 15:15,802,281,791,0,0,270
08/25/2026 15:30,1235,382,1232,0,0,379
08/25/2026 15:45,652,300,651,0,0,299
08/25/2026 16:00,905,87,902,0,0,84
08/25/2026 16:15,437,80,431,0,0,74
08/25/2026 16:30,706,105,700,0,0,99
08/25/2026 16:45,553,158,547,0,0,152
08/25/2026 17:00,645,142,638,0,0,135
08/25/2026 17:15,237,357,231,0,0,351
08/25/2026 17:30,118,372,117,0,0,371
08/25/2026 17:45,320,304,316,0,0,300
08/25/2026 18:00,252,124,250,0,0,122
08/25/2026 18:15,103,94,95,0,0,86
08/25/2026 18:30,60,373,52,0,0,365
08/25/2026 18:45,36,406,30,0,0,400
08/25/2026 19:00,19,433,0,21,9,402
08/25/2026 19:15,3,394,0,6,0,385
08/25/2026 19:30,0,593,2,0,0,595
08/25/2026 19:45,0,1524,0,5,0,1519
08/25/2026 20:00,0,616,4,0,0,620
08/25/2026 20:15,0,177,4,0,0,181
08/25/2026 20:30,0,151,0,6,0,145
08/25/2026 20:45,0,132,0,4,0,128
08/25/2026 21:00,0,240,0,8,0,232
08/25/2026 21:15,0,326,0,6,0,320
08/25/2026 21:30,0,333,0,5,0,328
08/25/2026 21:45,0,323,0,5,0,318
08/25/2026 22:00,0,383,0,9,0,374
08/25/2026 22:15,0,313,0,5,0,308
08/25/2026 22:30,0,457,0,4,0,453
08/25/2026 22:45,0,707,0,3,0,704
08/25/2026 23:00,0,536,0,0,0,536
08/25/2026 23:15,0,420,0,3,0,417
08/25/2026 23:30,0,244,0,4,0,240
08/25/2026 23:45,0,237,0,20,20,237
08/26/2026 00:00,0,305,0,284,24,45
08/26/2026 00:15,0,330,0,338,8,0
08/26/2026 00:30,0,235,0,241,6,0
08/26/2026 00:45,0,329,0,337,8,0
08/26/2026 01:00,0,96,0,104,8,0
08/26/2026 01:15,0,108,0,114,6,0
08/26/2026 01:30,0,127,0,135,8,0
08/26/2026 01:45,0,191,0,199,8,0
08/26/2026 02:00,0,182,0,189,7,0
08/26/2026 02:15,0,115,0,122,7,0
08/26/2026 02:30,0,255,0,263,8,0
08/26/2026 02:45,0,133,0,140,7,0
08/26/2026 03:00,0,322,0,329,7,0
08/26/2026 03:15,0,264,0,272,8,0
08/26/2026 03:30,0,131,0,138,7,0
08/26/2026 03:45,0,97,0,221,124,0
08/26/2026 04:00,0,96,0,104,8,0
08/26/2026 04:15,0,125,0,133,8,0
08/26/2026 04:30,0,121,0,129,8,0
08/26/2026 04:45,0,101,0,107,6,0
08/26/2026 05:00,0,97,0,105,8,0
08/26/2026 05:15,0,128,0,136,8,0
08/26/2026 05:30,0,117,0,124,7,0
08/26/2026 05:45,0,96,0,103,7,0
08/26/2026 06:00,0,97,0,230,133,0
08/26/2026 06:15,7,279,0,279,7,0
08/26/2026 06:30,85,236,0,168,17,0
08/26/2026 06:45,252,112,17,0,161,38
08/26/2026 07:00,377,191,0,186,372,0
08/26/2026 07:15,454,214,0,204,444,0
08/26/2026 07:30,562,238,0,226,550,0
08/26/2026 07:45,684,140,0,136,680,0
08/26/2026 08:00,753,129,0,123,747,0
08/26/2026 08:15,789,141,0,138,786,0
08/26/2026 08:30,834,149,0,143,828,0
08/26/2026 08:45,878,215,0,209,872,0
08/26/2026 09:00,927,142,0,135,920,0
08/26/2026 09:15,984,292,0,289,981,0
08/26/2026 09:30,1034,169,0,164,1029,0
08/26/2026 09:45,1164,120,0,116,1160,0
08/26/2026 10:00,1145,133,0,134,1146,0
08/26/2026 10:15,1268,167,0,172,1273,0
08/26/2026 10:30,1274,134,0,132,1272,0
08/26/2026 10:45,1418,186,115,0,1117,0
08/26/2026 11:00,1420,528,688,0,204,0
08/26/2026 11:15,1512,546,849,0,117,0
08/26/2026 11:30,1458,836,598,0,24,0
08/26/2026 11:45,1573,692,858,0,23,0
08/26/2026 12:00,1588,938,624,0,26,0
08/26/2026 12:15,1269,599,618,0,52,0
08/26/2026 12:30,1389,504,881,0,4,0
08/26/2026 12:45,1668,677,982,0,9,0
08/26/2026 13:00,1465,631,824,0,10,0
08/26/2026 13:15,1687,502,1165,0,20,0
08/26/2026 13:30,1474,452,1012,0,10,0
08/26/2026 13:45,663,372,276,0,15,0
08/26/2026 14:00,1251,331,1252,0,0,332
08/26/2026 14:15,541,309,538,0,0,306
08/26/2026 14:30,1032,304,1027,0,0,299
08/26/2026 14:45,436,284,430,0,0,278
08/26/2026 15:00,1050,290,1051,0,0,291
08/26/2026 15:15,472,80,466,0,0,74
08/26/2026 15:30,514,296,506,0,0,288
08/26/2026 15:45,661,445,662,0,0,446
08/26/2026 16:00,255,80,252,0,0,77
08/26/2026 16:15,344,71,340,0,0,67
08/26/2026 16:30,550,90,543,0,0,83
08/26/2026 16:45,486,104,482,0,0,100
08/26/2026 17:00,452,87,445,0,0,80
08/26/2026 17:15,122,167,117,0,0,162
08/26/2026 17:30,152,99,149,0,0,96
08/26/2026 17:45,223,291,214,0,0,282
08/26/2026 18:00,95,347,92,0,0,344
08/26/2026 18:15,53,516,47,0,0,510
08/26/2026 18:30,43,398,41,0,0,396
08/26/2026 18:45,26,336,22,0,0,332
08/26/2026 19:00,7,389,0,19,9,372
08/26/2026 19:15,0,403,0,6,0,397
08/26/2026 19:30,0,365,0,3,0,362
08/26/2026 19:45,0,262,0,3,0,259
08/26/2026 20:00,0,189,0,4,0,185
08/26/2026 20:15,0,286,0,6,0,280
08/26/2026 20:30,0,366,0,2,0,364
08/26/2026 20:45,0,133,0,5,0,128
08/26/2026 21:00,0,115,0,3,0,112
08/26/2026 21:15,0,234,0,7,0,227
08/26/2026 21:30,0,558,0,6,0,552
08/26/2026 21:45,0,445,0,5,0,440
08/26/2026 22:00,0,270,0,3,0,267
08/26/2026 22:15,0,356,0,11,0,345
08/26/2026 22:30,0,676,0,6,0,670
08/26/2026 22:45,0,438,0,6,0,432
08/26/2026 23:00,0,385,0,1,0,384
08/26/2026 23:15,0,437,0,13,0,424
08/26/2026 23:30,0,385,0,1,0,384
08/26/2026 23:45,0,250,0,5,0,245
08/27/2026 00:00,0,254,0,8,0,246
08/27/2026 00:15,0,270,0,5,0,265
08/27/2026 00:30,0,134,0,6,0,128
08/27/2026 00:45,0,268,0,4,0,264
08/27/2026 01:00,0,111,0,7,0,104
08/27/2026 01:15,0,127,0,121,27,33
08/27/2026 01:30,0,115,0,122,7,0
08/27/2026 01:45,0,294,0,301,7,0
08/27/2026 02:00,0,349,0,356,7,0
08/27/2026 02:15,0,135,0,141,6,0
08/27/2026 02:30,0,98,0,105,7,0
08/27/2026 02:45,0,145,0,152,7,0
08/27/2026 03:00,0,149,0,156,7,0
08/27/2026 03:15,0,312,0,319,7,0
08/27/2026 03:30,0,163,0,171,8,0
08/27/2026 03:45,0,138,0,145,7,0
08/27/2026 04:00,0,118,0,125,7,0
08/27/2026 04:15,0,228,0,236,8,0
08/27/2026 04:30,0,194,0,201,7,0
08/27/2026 04:45,0,127,0,135,8,0
08/27/2026 05:00,0,98,0,222,124,0
08/27/2026 05:15,0,105,0,113,8,0
08/27/2026 05:30,0,130,0,137,7,0
08/27/2026 05:45,0,183,0,190,7,0
08/27/2026 06:00,0,126,0,134,8,0
08/27/2026 06:15,6,122,0,122,6,0
08/27/2026 06:30,52,128,0,83,7,0
08/27/2026 06:45,88,265,0,184,7,0
08/27/2026 07:00,162,297,0,280,145,0
08/27/2026 07:15,341,285,0,272,328,0
08/27/2026 07:30,577,294,0,287,570,0
08/27/2026 07:45,671,312,0,308,667,0
08/27/2026 08:00,747,207,0,202,742,0
08/27/2026 08:15,780,162,0,161,779,0
08/27/2026 08:30,836,149,0,148,835,0
08/27/2026 08:45,672,165,0,166,673,0
08/27/2026 09:00,695,156,0,154,693,0
08/27/2026 09:15,778,140,0,142,780,0
08/27/2026 09:30,549,195,0,194,548,0
08/27/2026 09:45,835,246,0,241,830,0
08/27/2026 10:00,1205,138,0,133,1200,0
08/27/2026 10:15,908,148,0,148,908,0
08/27/2026 10:30,999,149,0,144,994,0
08/27/2026 10:45,996,134,0,138,1000,0
08/27/2026 11:00,1055,506,0,506,1055,0
08/27/2026 11:15,346,757,0,758,347,0
08/27/2026 11:30,352,753,0,751,350,0
08/27/2026 11:45,1616,595,124,0,897,0
08/27/2026 12:00,1218,743,274,0,201,0
08/27/2026 12:15,1570,563,841,0,166,0
08/27/2026 12:30,1671,775,869,0,27,0
08/27/2026 12:45,1428,1060,368,0,0,0
08/27/2026 13:00,1154,749,346,0,59,0
08/27/2026 13:15,1173,499,644,0,30,0
08/27/2026 13:30,661,470,178,0,13,0
08/27/2026 13:45,590,378,209,0,3,0
08/27/2026 14:00,687,212,686,0,0,211
08/27/2026 14:15,693,315,690,0,0,312
08/27/2026 14:30,1164,318,1159,0,0,313
08/27/2026 14:45,1201,278,1197,0,0,274
08/27/2026 15:00,793,348,790,0,0,345
08/27/2026 15:15,752,127,753,0,0,128
08/27/2026 15:30,526,248,515,0,0,237
08/27/2026 15:45,677,407,678,0,0,408
08/27/2026 16:00,723,117,720,0,0,114
08/27/2026 16:15,596,253,590,0,0,247
08/27/2026 16:30,467,412,459,0,0,404
08/27/2026 16:45,522,260,523,0,0,261
08/27/2026 17:00,541,107,535,0,0,101
08/27/2026 17:15,375,130,369,0,0,124
08/27/2026 17:30,231,168,223,0,0,160
08/27/2026 17:45,331,251,323,0,0,243
08/27/2026 18:00,261,155,255,0,0,149
08/27/2026 18:15,179,236,171,0,0,228
08/27/2026 18:30,114,445,107,0,0,438
08/27/2026 18:45,86,500,78,0,0,492
08/27/2026 19:00,29,461,0,11,7,428
08/27/2026 19:15,2,551,0,11,0,538
08/27/2026 19:30,0,470,0,6,0,464
08/27/2026 19:45,0,1132,0,8,0,1124
08/27/2026 20:00,0,1477,0,1,0,1476
08/27/2026 20:15,0,558,1,0,0,559
08/27/2026 20:30,0,408,0,12,0,396
08/27/2026 20:45,0,396,0,3,0,393
08/27/2026 21:00,0,309,0,9,0,300
08/27/2026 21:15,0,306,0,8,0,298
08/27/2026 21:30,0,433,0,9,0,424
08/27/2026 21:45,0,423,0,6,0,417
08/27/2026 22:00,0,410,0,5,0,405
08/27/2026 22:15,0,382,0,4,0,378
08/27/2026 22:30,0,583,0,546,26,63
08/27/2026 22:45,0,484,0,491,7,0
08/27/2026 23:00,0,781,0,789,8,0
08/27/2026 23:15,0,350,0,356,6,0
08/27/2026 23:30,0,632,0,639,7,0
08/27/2026 23:45,0,425,0,432,7,0
08/28/2026 00:00,0,390,0,398,8,0
08/28/2026 00:15,0,524,0,530,6,0
08/28/2026 00:30,0,428,0,436,8,0
08/28/2026 00:45,0,307,0,314,7,0
08/28/2026 01:00,0,304,0,311,7,0
08/28/2026 01:15,0,325,0,333,8,0
08/28/2026 01:30,0,187,0,193,6,0
08/28/2026 01:45,0,144,0,151,7,0
08/28/2026 02:00,0,330,0,337,7,0
08/28/2026 02:15,0,218,0,343,125,0
08/28/2026 02:30,0,376,0,383,7,0
08/28/2026 02:45,0,304,0,312,8,0
08/28/2026 03:00,0,140,0,147,7,0
08/28/2026 03:15,0,160,0,167,7,0
08/28/2026 03:30,0,168,0,175,7,0
08/28/2026 03:45,0,281,0,288,7,0
08/28/2026 04:00,0,177,0,184,7,0
08/28/2026 04:15,0,142,0,268,126,0
08/28/2026 04:30,0,171,0,177,6,0
08/28/2026 04:45,0,292,0,300,8,0
08/28/2026 05:00,0,395,0,402,7,0
08/28/2026 05:15,0,243,0,250,7,0
08/28/2026 05:30,0,306,0,314,8,0
08/28/2026 05:45,0,329,0,337,8,0
08/28/2026 06:00,0,133,0,140,7,0
08/28/2026 06:15,16,134,0,247,130,1
08/28/2026 06:30,54,161,0,115,8,0
08/28/2026 06:45,46,258,0,218,6,0
08/28/2026 07:00,49,436,0,433,46,0
08/28/2026 07:15,101,303,0,301,99,0
08/28/2026 07:30,196,419,0,409,186,0
08/28/2026 07:45,414,398,0,393,409,0
08/28/2026 08:00,361,219,0,215,357,0
08/28/2026 08:15,299,290,0,288,297,0
08/28/2026 08:30,264,299,0,297,262,0
08/28/2026 08:45,214,270,0,261,205,0
08/28/2026 09:00,432,232,0,221,421,0
08/28/2026 09:15,693,214,0,201,680,0
08/28/2026 09:30,902,432,0,440,910,0
08/28/2026 09:45,672,352,0,353,673,0
08/28/2026 10:00,640,238,0,234,636,0
08/28/2026 10:15,655,298,0,296,653,0
08/28/2026 10:30,655,233,0,230,652,0
08/28/2026 10:45,704,175,0,171,700,0
08/28/2026 11:00,891,554,0,549,886,0
08/28/2026 11:15,1626,559,0,549,1616,0
08/28/2026 11:30,930,555,0,554,929,0
08/28/2026 11:45,1053,737,0,741,1057,0
08/28/2026 12:00,428,793,0,797,432,0
08/28/2026 12:15,848,798,0,786,836,0
08/28/2026 12:30,646,801,0,809,654,0
08/28/2026 12:45,456,1007,0,1004,453,0
08/28/2026 13:00,518,691,0,564,391,0
08/28/2026 13:15,608,483,0,45,170,0
08/28/2026 13:30,1234,412,728,0,94,0
08/28/2026 13:45,1192,268,916,0,8,0
08/28/2026 14:00,1078,408,1056,0,2,388
08/28/2026 14:15,886,342,885,0,0,341
08/28/2026 14:30,848,161,845,0,0,158
08/28/2026 14:45,551,373,541,0,0,363
08/28/2026 15:00,1039,601,1031,0,0,593
08/28/2026 15:15,546,555,544,0,0,553
08/28/2026 15:30,748,407,744,0,0,403
08/28/2026 15:45,976,336,973,0,0,333
08/28/2026 16:00,620,346,613,0,0,339
08/28/2026 16:15,835,327,830,0,0,322
08/28/2026 16:30,711,325,704,0,0,318
08/28/2026 16:45,485,326,479,0,0,320
08/28/2026 17:00,506,346,504,0,0,344
08/28/2026 17:15,393,352,388,0,0,347
08/28/2026 17:30,316,335,309,0,0,328
08/28/2026 17:45,261,284,258,0,0,281
08/28/2026 18:00,282,153,276,0,0,147
08/28/2026 18:15,192,439,186,0,0,433
08/28/2026 18:30,81,458,77,0,0,454
08/28/2026 18:45,40,438,36,0,0,434
08/28/2026 19:00,20,374,0,17,8,345
08/28/2026 19:15,2,518,0,5,0,511
08/28/2026 19:30,0,510,0,0,0,510
08/28/2026 19:45,0,636,0,11,0,625
08/28/2026 20:00,0,533,0,1,0,532
08/28/2026 20:15,0,504,0,4,0,500
08/28/2026 20:30,0,476,0,6,0,470
08/28/2026 20:45,0,390,0,8,0,382
08/28/2026 21:00,0,590,0,10,0,580
08/28/2026 21:15,0,710,0,10,0,700
08/28/2026 21:30,0,1117,0,579,4,542
08/28/2026 21:45,0,1512,0,1518,6,0
08/28/2026 22:00,0,527,0,535,8,0
08/28/2026 22:15,0,379,0,385,6,0
08/28/2026 22:30,0,369,0,377,8,0
08/28/2026 22:45,0,535,0,541,6,0
08/28/2026 23:00,0,351,0,359,8,0
08/28/2026 23:15,0,262,0,268,6,0
08/28/2026 23:30,0,388,0,396,8,0
08/28/2026 23:45,0,543,0,549,6,0
08/29/2026 00:00,0,668,0,676,8,0
08/29/2026 00:15,0,419,0,426,7,0
08/29/2026 00:30,0,333,0,340,7,0
08/29/2026 00:45,0,308,0,316,8,0
08/29/2026 01:00,0,387,0,393,6,0
08/29/2026 01:15,0,166,0,292,126,0
08/29/2026 01:30,0,145,0,152,7,0
08/29/2026 01:45,0,163,0,170,7,0
08/29/2026 02:00,0,230,0,237,7,0
08/29/2026 02:15,0,417,0,424,7,0
08/29/2026 02:30,0,325,0,332,7,0
08/29/2026 02:45,0,292,0,299,7,0
08/29/2026 03:00,0,153,0,160,7,0
08/29/2026 03:15,0,173,0,298,125,0
08/29/2026 03:30,0,159,0,166,7,0
08/29/2026 03:45,0,141,0,148,7,0
08/29/2026 04:00,0,143,0,150,7,0
08/29/2026 04:15,0,166,0,174,8,0
08/29/2026 04:30,0,222,0,228,6,0
08/29/2026 04:45,0,263,0,271,8,0
08/29/2026 05:00,0,137,0,145,8,0
08/29/2026 05:15,0,166,0,290,124,0
08/29/2026 05:30,0,161,0,168,7,0
08/29/2026 05:45,0,134,0,141,7,0
08/29/2026 06:00,0,205,0,213,8,0
08/29/2026 06:15,0,255,0,262,7,0
08/29/2026 06:30,38,165,0,134,7,0
08/29/2026 06:45,198,145,0,20,73,0
08/29/2026 07:00,325,367,0,349,307,0
08/29/2026 07:15,434,175,0,168,427,0
08/29/2026 07:30,525,185,0,177,517,0
08/29/2026 07:45,711,240,0,231,702,0
08/29/2026 08:00,802,228,0,225,799,0
08/29/2026 08:15,819,210,0,209,818,0
08/29/2026 08:30,904,391,0,384,897,0
08/29/2026 08:45,754,452,0,454,756,0
08/29/2026 09:00,875,480,0,483,878,0
08/29/2026 09:15,1025,350,0,346,1021,0
08/29/2026 09:30,1004,509,0,509,1004,0
08/29/2026 09:45,996,211,0,213,998,0
08/29/2026 10:00,1190,262,0,257,1185,0
08/29/2026 10:15,1267,377,0,378,1268,0
08/29/2026 10:30,1342,350,0,349,1341,0
08/29/2026 10:45,1434,170,41,0,1223,0
08/29/2026 11:00,1466,551,714,0,201,0
08/29/2026 11:15,1515,555,786,0,174,0
08/29/2026 11:30,1541,539,909,0,93,0
08/29/2026 11:45,1584,524,1046,0,14,0
08/29/2026 12:00,1587,545,1028,0,14,0
08/29/2026 12:15,1584,739,783,0,62,0
08/29/2026 12:30,1578,739,826,0,13,0
08/29/2026 12:45,1594,727,853,0,14,0
08/29/2026 13:00,1589,523,1058,0,8,0
08/29/2026 13:15,1579,531,1028,0,20,0
08/29/2026 13:30,1549,522,1011,0,16,0
08/29/2026 13:45,1525,395,1119,0,11,0
08/29/2026 14:00,1501,300,1498,0,0,297
08/29/2026 14:15,1450,319,1446,0,0,315
08/29/2026 14:30,1339,183,1337,0,0,181
08/29/2026 14:45,1265,293,1253,0,0,281
08/29/2026 15:00,1179,393,1180,0,0,394
08/29/2026 15:15,1140,290,1134,0,0,284
08/29/2026 15:30,1071,332,1067,0,0,328
08/29/2026 15:45,986,148,984,0,0,146
08/29/2026 16:00,891,98,887,0,0,94
08/29/2026 16:15,806,108,799,0,0,101
08/29/2026 16:30,734,129,728,0,0,123
08/29/2026 16:45,661,117,656,0,0,112
08/29/2026 17:00,527,102,521,0,0,96
08/29/2026 17:15,369,104,363,0,0,98
08/29/2026 17:30,268,129,263,0,0,124
08/29/2026 17:45,227,129,223,0,0,125
08/29/2026 18:00,179,101,174,0,0,96
08/29/2026 18:15,84,100,78,0,0,94
08/29/2026 18:30,46,110,43,0,0,107
08/29/2026 18:45,31,301,22,0,0,292
08/29/2026 19:00,13,409,0,20,8,384
08/29/2026 19:15,2,118,0,3,0,113
08/29/2026 19:30,0,107,0,10,0,97
08/29/2026 19:45,0,301,0,8,0,293
08/29/2026 20:00,0,216,0,3,0,213
08/29/2026 20:15,0,110,0,10,0,100
08/29/2026 20:30,0,110,0,10,0,100
08/29/2026 20:45,0,114,0,9,0,105
08/29/2026 21:00,0,140,0,11,0,129
08/29/2026 21:15,0,137,0,9,0,128
08/29/2026 21:30,0,312,0,9,0,303
08/29/2026 21:45,0,280,0,7,0,273
08/29/2026 22:00,0,297,0,9,0,288
08/29/2026 22:15,0,312,0,8,0,304
08/29/2026 22:30,0,290,0,5,0,285
08/29/2026 22:45,0,276,0,10,0,266
08/29/2026 23:00,0,162,0,17,3,148
08/29/2026 23:15,0,429,0,12,0,417
08/29/2026 23:30,0,244,0,5,0,239
08/29/2026 23:45,0,111,0,9,0,102
08/30/2026 00:00,0,227,0,9,0,218
08/30/2026 00:15,0,308,0,7,0,301
08/30/2026 00:30,0,202,0,5,0,197
08/30/2026 00:45,0,153,0,5,0,148
08/30/2026 01:00,0,134,0,7,0,127
08/30/2026 01:15,0,283,0,7,0,276
08/30/2026 01:30,0,224,0,6,0,218
08/30/2026 01:45,0,164,0,6,0,158
08/30/2026 02:00,0,143,0,7,0,136
08/30/2026 02:15,0,163,0,5,0,158
08/30/2026 02:30,0,136,0,7,0,129
08/30/2026 02:45,0,162,0,7,0,155
08/30/2026 03:00,0,311,0,8,0,303
08/30/2026 03:15,0,180,0,6,0,174
08/30/2026 03:30,0,140,0,7,0,133
08/30/2026 03:45,0,139,0,3,0,136
08/30/2026 04:00,0,164,0,6,0,158
08/30/2026 04:15,0,164,0,7,0,157
08/30/2026 04:30,0,197,0,6,0,191
08/30/2026 04:45,0,204,0,6,0,198
08/30/2026 05:00,0,168,0,5,0,163
08/30/2026 05:15,0,165,0,7,0,158
08/30/2026 05:30,0,161,0,5,0,156
08/30/2026 05:45,0,133,0,5,0,128
08/30/2026 06:00,0,135,7,35,35,142
08/30/2026 06:15,19,160,0,120,29,50
08/30/2026 06:30,124,163,0,49,10,0
08/30/2026 06:45,173,134,26,0,113,100
08/30/2026 07:00,353,147,0,131,337,0
08/30/2026 07:15,380,150,0,149,379,0
08/30/2026 07:30,242,181,0,178,239,0
08/30/2026 07:45,188,191,0,193,190,0
08/30/2026 08:00,316,160,0,153,309,0
08/30/2026 08:15,783,149,0,143,777,0
08/30/2026 08:30,776,150,0,147,773,0
08/30/2026 08:45,840,168,0,169,841,0
08/30/2026 09:00,689,180,0,180,689,0
08/30/2026 09:15,737,190,0,189,736,0
08/30/2026 09:30,949,151,0,150,948,0
08/30/2026 09:45,1052,154,0,151,1049,0
08/30/2026 10:00,1158,160,0,154,1152,0
08/30/2026 10:15,1321,181,0,178,1318,0
08/30/2026 10:30,1269,170,0,172,1271,0
08/30/2026 10:45,1260,163,0,172,1269,0
08/30/2026 11:00,1233,520,0,521,1234,0
08/30/2026 11:15,1486,531,390,0,565,0
08/30/2026 11:30,1403,555,648,0,200,0
08/30/2026 11:45,1120,548,376,0,196,0
08/30/2026 12:00,1061,525,437,0,99,0
08/30/2026 12:15,1094,522,567,0,5,0
08/30/2026 12:30,1087,531,527,0,29,0
08/30/2026 12:45,1511,734,741,0,36,0
08/30/2026 13:00,998,569,389,0,40,0
08/30/2026 13:15,1043,534,506,0,3,0
08/30/2026 13:30,1130,334,782,0,14,0
08/30/2026 13:45,1016,224,767,0,25,0
08/30/2026 14:00,796,372,800,0,0,376
08/30/2026 14:15,635,312,630,0,0,307
08/30/2026 14:30,638,182,635,0,0,179
08/30/2026 14:45,644,100,638,0,0,94
08/30/2026 15:00,461,227,451,0,0,217
08/30/2026 15:15,445,379,440,0,0,374
08/30/2026 15:30,396,299,396,0,0,299
08/30/2026 15:45,468,98,463,0,0,93
08/30/2026 16:00,265,98,257,0,0,90
08/30/2026 16:15,257,125,250,0,0,118
08/30/2026 16:30,342,127,336,0,0,121
08/30/2026 16:45,227,101,222,0,0,96
08/30/2026 17:00,219,100,211,0,0,92
08/30/2026 17:15,130,99,124,0,0,93
08/30/2026 17:30,103,133,97,0,0,127
08/30/2026 17:45,123,126,118,0,0,121
08/30/2026 18:00,84,99,79,0,0,94
08/30/2026 18:15,68,96,62,0,0,90
08/30/2026 18:30,36,108,30,0,0,102
08/30/2026 18:45,8,132,0,0,0,124
08/30/2026 19:00,0,215,0,22,12,205
08/30/2026 19:15,0,103,0,4,0,99
08/30/2026 19:30,0,110,0,11,0,99
08/30/2026 19:45,0,124,0,7,0,117
08/30/2026 20:00,0,136,0,11,0,125
08/30/2026 20:15,0,120,0,5,0,115
08/30/2026 20:30,0,108,0,12,0,96
08/30/2026 20:45,0,105,0,8,0,97
08/30/2026 21:00,0,131,0,8,0,123
08/30/2026 21:15,0,143,0,11,0,132
08/30/2026 21:30,0,358,0,7,0,351
08/30/2026 21:45,0,307,0,6,0,301
08/30/2026 22:00,0,305,0,8,0,297
08/30/2026 22:15,0,323,0,8,0,315
08/30/2026 22:30,0,324,0,6,0,318
08/30/2026 22:45,0,291,0,8,0,283
08/30/2026 23:00,0,284,0,9,0,275
08/30/2026 23:15,0,300,0,8,0,292
08/30/2026 23:30,0,299,0,5,0,294
08/30/2026 23:45,0,155,0,7,0,148
08/31/2026 00:00,0,133,0,7,0,126
08/31/2026 00:15,0,347,0,8,0,339
08/31/2026 00:30,0,335,0,7,0,328
08/31/2026 00:45,0,191,0,5,0,186
08/31/2026 01:00,0,121,0,5,0,116
08/31/2026 01:15,0,121,0,9,0,112
08/31/2026 01:30,0,314,0,6,0,308
08/31/2026 01:45,0,304,0,6,0,298
08/31/2026 02:00,0,161,0,3,0,158
08/31/2026 02:15,0,122,0,5,0,117
08/31/2026 02:30,0,106,0,6,0,100
08/31/2026 02:45,0,149,0,8,0,141
08/31/2026 03:00,0,307,0,6,0,301
08/31/2026 03:15,0,204,0,3,0,201
08/31/2026 03:30,0,110,0,6,0,104
08/31/2026 03:45,0,106,0,5,0,101
08/31/2026 04:00,0,112,0,6,0,106
08/31/2026 04:15,0,138,0,6,0,132
08/31/2026 04:30,0,132,0,5,0,127
08/31/2026 04:45,0,195,0,8,0,187
08/31/2026 05:00,0,218,0,5,0,213
08/31/2026 05:15,0,118,0,7,0,111
08/31/2026 05:30,0,136,0,5,0,131
08/31/2026 05:45,0,125,0,5,0,120
08/31/2026 06:00,0,104,0,13,4,95
08/31/2026 06:15,4,103,0,4,0,95
08/31/2026 06:30,94,120,0,2,6,30
08/31/2026 06:45,224,137,0,3,90,0
08/31/2026 07:00,328,129,0,129,328,0
08/31/2026 07:15,422,172,0,171,421,0
08/31/2026 07:30,522,218,0,213,517,0
08/31/2026 07:45,650,139,0,136,647,0
08/31/2026 08:00,725,160,0,156,721,0
08/31/2026 08:15,783,138,0,133,778,0
08/31/2026 08:30,817,129,0,127,815,0
08/31/2026 08:45,834,122,0,117,829,0
08/31/2026 09:00,860,145,0,141,856,0
08/31/2026 09:15,917,182,0,174,909,0
08/31/2026 09:30,993,133,0,122,982,0
08/31/2026 09:45,1075,122,0,115,1068,0
08/31/2026 10:00,1147,124,0,116,1139,0
08/31/2026 10:15,1227,151,0,142,1218,0
08/31/2026 10:30,1311,155,0,146,1302,0
08/31/2026 10:45,1382,144,536,0,702,0
08/31/2026 11:00,1446,502,743,0,201,0
08/31/2026 11:15,1503,505,831,0,167,0
08/31/2026 11:30,1543,531,958,0,54,0
08/31/2026 11:45,1488,519,951,0,18,0
08/31/2026 12:00,1579,500,1038,0,41,0
08/31/2026 12:15,1559,497,1039,0,23,0
08/31/2026 12:30,1350,518,791,0,41,0
08/31/2026 12:45,1343,527,783,0,33,0
08/31/2026 13:00,1381,304,1070,0,7,0
08/31/2026 13:15,1299,288,994,0,17,0
08/31/2026 13:30,1326,290,1029,0,7,0
08/31/2026 13:45,1119,208,894,0,17,0
08/31/2026 14:00,1050,106,1061,0,0,117
08/31/2026 14:15,1125,75,1122,0,0,72
08/31/2026 14:30,1031,74,1025,0,0,68
08/31/2026 14:45,1058,93,1053,0,0,88
08/31/2026 15:00,912,108,907,0,0,103
08/31/2026 15:15,791,91,789,0,0,89
08/31/2026 15:30,941,78,935,0,0,72
08/31/2026 15:45,979,75,974,0,0,70
08/31/2026 16:00,707,106,701,0,0,100
08/31/2026 16:15,517,103,512,0,0,98
08/31/2026 16:30,601,73,596,0,0,68
08/31/2026 16:45,465,78,457,0,0,70
08/31/2026 17:00,634,339,631,0,0,336
08/31/2026 17:15,417,304,413,0,0,300
08/31/2026 17:30,308,277,305,0,0,274
08/31/2026 17:45,252,266,246,0,0,260
08/31/2026 18:00,80,173,75,0,0,168
08/31/2026 18:15,56,308,52,0,0,304
08/31/2026 18:30,34,132,32,0,0,130
08/31/2026 18:45,22,85,15,0,0,78
08/31/2026 19:00,3,165,0,18,9,153
08/31/2026 19:15,0,80,0,5,0,75
08/31/2026 19:30,0,279,0,9,0,270
08/31/2026 19:45,0,242,0,1,0,241
08/31/2026 20:00,0,85,0,6,0,79
08/31/2026 20:15,0,81,0,5,0,76
08/31/2026 20:30,0,87,0,7,0,80
08/31/2026 20:45,0,115,0,10,0,105
08/31/2026 21:00,0,109,0,5,0,104
08/31/2026 21:15,0,89,0,7,0,82
08/31/2026 21:30,0,345,0,11,0,334
08/31/2026 21:45,0,320,0,6,0,314
08/31/2026 22:00,0,281,0,4,0,277
08/31/2026 22:15,0,270,0,5,0,265
08/31/2026 22:30,0,257,0,6,0,251
08/31/2026 22:45,0,253,0,5,0,248
08/31/2026 23:00,0,287,0,8,0,279
08/31/2026 23:15,0,287,0,6,0,281
08/31/2026 23:30,0,267,0,4,0,263
08/31/2026 23:45,0,280,0,5,0,275
