Date/Time,Energy Produced (Wh),Energy Consumed (Wh),Exported to Grid (Wh),Imported from Grid (Wh),Stored in batteries (Wh),Discharged from batteries (Wh)
06/01/2026 00:00,0,153,0,7,0,146
06/01/2026 00:15,0,141,0,7,0,134
06/01/2026 00:30,0,114,0,4,0,110
06/01/2026 00:45,0,117,0,7,0,110
06/01/2026 01:00,0,140,0,6,0,134
06/01/2026 01:15,0,137,0,5,0,132
06/01/2026 01:30,0,126,0,6,0,120
06/01/2026 01:45,0,117,0,6,0,111
06/01/2026 02:00,0,134,0,5,0,129
06/01/2026 02:15,0,139,0,6,0,133
06/01/2026 02:30,0,117,0,4,0,113
06/01/2026 02:45,0,138,0,7,0,131
06/01/2026 03:00,0,116,0,6,0,110
06/01/2026 03:15,0,125,0,7,0,118
06/01/2026 03:30,0,146,0,4,0,142
06/01/2026 03:45,0,118,0,6,0,112
06/01/2026 04:00,0,116,0,6,0,110
06/01/2026 04:15,0,126,0,6,0,120
06/01/2026 04:30,0,142,0,6,0,136
06/01/2026 04:45,0,141,0,7,0,134
06/01/2026 05:00,0,124,0,5,0,119
06/01/2026 05:15,0,114,0,12,4,106
06/01/2026 05:30,15,109,0,3,0,91
06/01/2026 05:45,55,143,0,6,0,82
06/01/2026 06:00,84,132,0,3,0,45
06/01/2026 06:15,120,116,0,7,12,1
06/01/2026 06:30,126,113,0,5,22,4
06/01/2026 06:45,186,146,0,7,48,1
06/01/2026 07:00,120,136,0,140,124,0
06/01/2026 07:15,158,194,0,189,153,0
06/01/2026 07:30,210,225,0,226,211,0
06/01/2026 07:45,116,198,0,203,121,0
06/01/2026 08:00,183,131,0,124,176,0
06/01/2026 08:15,264,656,0,654,262,0
06/01/2026 08:30,271,1598,0,1593,266,0
06/01/2026 08:45,414,895,0,887,406,0
06/01/2026 09:00,698,486,0,480,692,0
06/01/2026 09:15,647,342,0,343,648,0
06/01/2026 09:30,719,265,0,262,716,0
06/01/2026 09:45,793,394,0,389,788,0
06/01/2026 10:00,701,200,0,209,710,0
06/01/2026 10:15,312,163,0,169,318,0
06/01/2026 10:30,424,413,0,412,423,0
06/01/2026 10:45,629,212,0,208,625,0
06/01/2026 11:00,415,154,0,161,422,0
06/01/2026 11:15,632,403,0,399,628,0
06/01/2026 11:30,793,350,0,352,795,0
06/01/2026 11:45,915,322,0,323,916,0
06/01/2026 12:00,473,137,0,135,471,0
06/01/2026 12:15,1006,158,0,83,931,0
06/01/2026 12:30,1320,125,599,0,596,0
06/01/2026 12:45,1298,212,870,0,216,0
06/01/2026 13:00,1122,792,152,0,178,0
06/01/2026 13:15,1420,1042,276,0,102,0
06/01/2026 13:30,1373,1028,244,0,101,0
06/01/2026 13:45,1430,1064,264,0,102,0
06/01/2026 14:00,1293,428,1225,0,6,366
06/01/2026 14:15,1669,246,1663,0,0,240
06/01/2026 14:30,1678,173,1676,0,0,171
06/01/2026 14:45,1605,168,1601,0,0,164
06/01/2026 15:00,1518,144,1516,0,0,142
06/01/2026 15:15,1381,162,1376,0,0,157
06/01/2026 15:30,1313,205,1310,0,0,202
06/01/2026 15:45,1221,201,1218,0,0,198
06/01/2026 16:00,1134,156,1132,0,0,154
06/01/2026 16:15,1015,145,1010,0,0,140
06/01/2026 16:30,926,142,924,0,0,140
06/01/2026 16:45,853,144,849,0,0,140
06/01/2026 17:00,775,162,770,0,0,157
06/01/2026 17:15,692,132,688,0,0,128
06/01/2026 17:30,596,325,580,0,0,309
06/01/2026 17:45,497,416,498,0,0,417
06/01/2026 18:00,343,187,338,0,0,182
06/01/2026 18:15,184,153,179,0,0,148
06/01/2026 18:30,116,169,111,0,0,164
06/01/2026 18:45,88,158,84,0,0,154
06/01/2026 19:00,76,162,0,4,0,82
06/01/2026 19:15,55,189,0,10,0,124
06/01/2026 19:30,38,182,0,5,0,139
06/01/2026 19:45,22,164,0,4,0,138
06/01/2026 20:00,5,192,0,7,0,180
06/01/2026 20:15,0,179,0,7,0,172
06/01/2026 20:30,0,188,1,0,0,189
06/01/2026 20:45,0,302,0,7,0,295
06/01/2026 21:00,0,1588,0,13,0,1575
06/01/2026 21:15,0,1639,0,6,0,1633
06/01/2026 21:30,0,959,5,0,0,964
06/01/2026 21:45,0,551,0,8,0,543
06/01/2026 22:00,0,447,0,6,0,441
06/01/2026 22:15,0,632,0,7,0,625
06/01/2026 22:30,0,294,0,4,0,290
06/01/2026 22:45,0,152,0,6,0,146
06/01/2026 23:00,0,257,0,6,0,251
06/01/2026 23:15,0,133,0,6,0,127
06/01/2026 23:30,0,131,0,5,0,126
06/01/2026 23:45,0,145,0,8,0,137
06/02/2026 00:00,0,162,0,7,0,155
06/02/2026 00:15,0,128,0,131,6,3
06/02/2026 00:30,0,129,0,136,7,0
06/02/2026 00:45,0,130,0,137,7,0
06/02/2026 01:00,0,144,0,150,6,0
06/02/2026 01:15,0,180,0,188,8,0
06/02/2026 01:30,0,171,0,177,6,0
06/02/2026 01:45,0,125,0,133,8,0
06/02/2026 02:00,0,127,0,133,6,0
06/02/2026 02:15,0,136,0,144,8,0
06/02/2026 02:30,0,146,0,152,6,0
06/02/2026 02:45,0,127,0,135,8,0
06/02/2026 03:00,0,151,0,157,6,0
06/02/2026 03:15,0,138,0,146,8,0
06/02/2026 03:30,0,128,0,134,6,0
06/02/2026 03:45,0,125,0,133,8,0
06/02/2026 04:00,0,149,0,157,8,0
06/02/2026 04:15,0,131,0,137,6,0
06/02/2026 04:30,0,129,0,137,8,0
06/02/2026 04:45,0,158,0,164,6,0
06/02/2026 05:00,0,150,0,158,8,0
06/02/2026 05:15,6,134,0,134,6,0
06/02/2026 05:30,35,121,0,112,26,0
06/02/2026 05:45,179,145,0,86,120,0
06/02/2026 06:00,337,123,16,0,226,28
06/02/2026 06:15,426,123,18,0,314,29
06/02/2026 06:30,513,145,0,6,374,0
06/02/2026 06:45,608,161,0,7,454,0
06/02/2026 07:00,754,200,0,185,739,0
06/02/2026 07:15,865,144,0,138,859,0
06/02/2026 07:30,945,132,0,124,937,0
06/02/2026 07:45,1012,131,0,122,1003,0
06/02/2026 08:00,1086,131,0,122,1077,0
06/02/2026 08:15,1156,144,0,135,1147,0
06/02/2026 08:30,1218,113,0,105,1210,0
06/02/2026 08:45,1276,120,0,111,1267,0
06/02/2026 09:00,1325,128,0,119,1316,0
06/02/2026 09:15,1376,131,0,127,1372,0
06/02/2026 09:30,1435,112,0,114,1437,0
06/02/2026 09:45,1487,142,865,0,480,0
06/02/2026 10:00,1549,149,1195,0,205,0
06/02/2026 10:15,1603,120,1303,0,180,0
06/02/2026 10:30,1640,117,1408,0,115,0
06/02/2026 10:45,1688,131,1489,0,68,0
06/02/2026 11:00,1726,129,1589,0,8,0
06/02/2026 11:15,1746,120,1622,0,4,0
06/02/2026 11:30,1790,153,1603,0,34,0
06/02/2026 11:45,1806,131,1655,0,20,0
06/02/2026 12:00,1825,118,1703,0,4,0
06/02/2026 12:15,1813,120,1679,0,14,0
06/02/2026 12:30,1662,176,1461,0,25,0
06/02/2026 12:45,1542,124,1415,0,3,0
06/02/2026 13:00,1692,130,1543,0,19,0
06/02/2026 13:15,1648,141,1455,0,52,0
06/02/2026 13:30,1673,115,1530,0,28,0
06/02/2026 13:45,1401,119,1278,0,4,0
06/02/2026 14:00,1271,126,1279,0,2,136
06/02/2026 14:15,1253,131,1250,0,0,128
06/02/2026 14:30,1134,133,1130,0,0,129
06/02/2026 14:45,1232,166,1229,0,0,163
06/02/2026 15:00,1091,263,1084,0,0,256
06/02/2026 15:15,799,160,798,0,0,159
06/02/2026 15:30,922,140,918,0,0,136
06/02/2026 15:45,928,159,924,0,0,155
06/02/2026 16:00,888,153,883,0,0,148
06/02/2026 16:15,770,163,767,0,0,160
06/02/2026 16:30,662,135,659,0,0,132
06/02/2026 16:45,582,159,577,0,0,154
06/02/2026 17:00,539,283,532,0,0,276
06/02/2026 17:15,450,227,448,0,0,225
06/02/2026 17:30,409,160,405,0,0,156
06/02/2026 17:45,369,258,360,0,0,249
06/02/2026 18:00,359,167,357,0,0,165
06/02/2026 18:15,304,155,302,0,0,153
06/02/2026 18:30,155,176,148,0,0,169
06/02/2026 18:45,149,127,147,0,0,125
06/02/2026 19:00,108,125,1,0,12,30
06/02/2026 19:15,40,169,0,8,0,121
06/02/2026 19:30,18,174,0,5,0,151
06/02/2026 19:45,4,134,0,6,0,124
06/02/2026 20:00,0,131,0,6,0,125
06/02/2026 20:15,0,144,0,6,0,138
06/02/2026 20:30,0,199,0,9,0,190
06/02/2026 20:45,0,183,0,5,0,178
06/02/2026 21:00,0,237,0,8,0,229
06/02/2026 21:15,0,328,1,0,0,329
06/02/2026 21:30,0,347,0,5,0,342
06/02/2026 21:45,0,535,0,5,0,530
06/02/2026 22:00,0,508,0,10,0,498
06/02/2026 22:15,0,544,0,3,0,541
06/02/2026 22:30,0,148,0,6,0,142
06/02/2026 22:45,0,214,0,9,0,205
06/02/2026 23:00,0,191,0,5,0,186
06/02/2026 23:15,0,121,0,7,0,114
06/02/2026 23:30,0,118,0,4,0,114
06/02/2026 23:45,0,153,0,7,0,146
06/03/2026 00:00,0,138,0,4,0,134
06/03/2026 00:15,0,117,0,7,0,110
06/03/2026 00:30,0,118,0,6,0,112
06/03/2026 00:45,0,144,0,5,0,139
06/03/2026 01:00,0,136,0,7,0,129
06/03/2026 01:15,0,116,0,7,0,109
06/03/2026 01:30,0,165,0,8,0,157
06/03/2026 01:45,0,152,0,6,0,146
06/03/2026 02:00,0,140,0,5,0,135
06/03/2026 02:15,0,116,0,8,0,108
06/03/2026 02:30,0,117,0,6,0,111
06/03/2026 02:45,0,143,0,7,0,136
06/03/2026 03:00,0,147,0,7,0,140
06/03/2026 03:15,0,116,0,7,0,109
06/03/2026 03:30,0,118,0,7,0,111
06/03/2026 03:45,0,127,0,6,0,121
06/03/2026 04:00,0,134,0,5,0,129
06/03/2026 04:15,0,143,0,5,0,138
06/03/2026 04:30,0,124,0,7,0,117
06/03/2026 04:45,0,116,0,7,0,109
06/03/2026 05:00,0,115,0,10,1,106
06/03/2026 05:15,14,144,0,6,0,124
06/03/2026 05:30,33,125,0,6,0,86
06/03/2026 05:45,54,122,0,6,0,62
06/03/2026 06:00,215,113,0,6,111,3
06/03/2026 06:15,431,139,0,3,295,0
06/03/2026 06:30,511,124,0,5,392,0
06/03/2026 06:45,602,157,0,7,452,0
06/03/2026 07:00,747,133,0,119,733,0
06/03/2026 07:15,922,121,0,112,913,0
06/03/2026 07:30,1109,144,0,130,1095,0
06/03/2026 07:45,1011,133,0,134,1012,0
06/03/2026 08:00,1064,117,0,111,1058,0
06/03/2026 08:15,1127,300,0,295,1122,0
06/03/2026 08:30,1185,291,0,283,1177,0
06/03/2026 08:45,1235,136,0,132,1231,0
06/03/2026 09:00,1299,115,0,108,1292,0
06/03/2026 09:15,1364,111,19,0,1234,0
06/03/2026 09:30,1336,141,991,0,204,0
06/03/2026 09:45,1405,126,1074,0,205,0
06/03/2026 10:00,1516,142,1242,0,132,0
06/03/2026 10:15,1555,148,1375,0,32,0
06/03/2026 10:30,1597,126,1437,0,34,0
06/03/2026 10:45,1633,135,1471,0,27,0
06/03/2026 11:00,1668,156,1492,0,20,0
06/03/2026 11:15,1706,123,1560,0,23,0
06/03/2026 11:30,1742,144,1591,0,7,0
06/03/2026 11:45,1761,197,1542,0,22,0
06/03/2026 12:00,1811,145,1597,0,69,0
06/03/2026 12:15,1807,140,1664,0,3,0
06/03/2026 12:30,1773,131,1638,0,4,0
06/03/2026 12:45,1761,230,1498,0,33,0
06/03/2026 13:00,1769,228,1537,0,4,0
06/03/2026 13:15,1761,124,1633,0,4,0
06/03/2026 13:30,1739,138,1590,0,11,0
06/03/2026 13:45,1694,154,1523,0,17,0
06/03/2026 14:00,1642,124,1656,0,0,138
06/03/2026 14:15,1582,126,1578,0,0,122
06/03/2026 14:30,1537,169,1534,0,0,166
06/03/2026 14:45,1494,175,1491,0,0,172
06/03/2026 15:00,1443,269,1436,0,0,262
06/03/2026 15:15,1311,339,1309,0,0,337
06/03/2026 15:30,1237,229,1235,0,0,227
06/03/2026 15:45,1157,225,1154,0,0,222
06/03/2026 16:00,1069,224,1066,0,0,221
06/03/2026 16:15,951,225,946,0,0,220
06/03/2026 16:30,872,201,869,0,0,198
06/03/2026 16:45,798,121,795,0,0,118
06/03/2026 17:00,721,142,715,0,0,136
06/03/2026 17:15,646,144,643,0,0,141
06/03/2026 17:30,561,114,557,0,0,110
06/03/2026 17:45,472,633,455,0,0,616
06/03/2026 18:00,325,545,327,0,0,547
06/03/2026 18:15,187,356,182,0,0,351
06/03/2026 18:30,123,413,117,0,0,407
06/03/2026 18:45,100,318,97,0,0,315
06/03/2026 19:00,83,206,1,0,0,124
06/03/2026 19:15,61,170,0,8,0,101
06/03/2026 19:30,41,171,0,8,0,122
06/03/2026 19:45,20,1288,0,15,0,1253
06/03/2026 20:00,3,1348,0,3,0,1342
06/03/2026 20:15,0,273,0,6,0,267
06/03/2026 20:30,0,251,0,5,0,246
06/03/2026 20:45,0,186,0,7,0,179
06/03/2026 21:00,0,443,0,9,0,434
06/03/2026 21:15,0,293,1,0,0,294
06/03/2026 21:30,0,272,0,5,0,267
06/03/2026 21:45,0,293,0,4,0,289
06/03/2026 22:00,0,596,0,9,0,587
06/03/2026 22:15,0,497,0,6,0,491
06/03/2026 22:30,0,532,0,8,0,524
06/03/2026 22:45,0,558,0,2,0,556
06/03/2026 23:00,0,145,0,7,0,138
06/03/2026 23:15,0,304,0,9,0,295
06/03/2026 23:30,0,314,0,62,2,254
06/03/2026 23:45,0,154,0,161,7,0
06/04/2026 00:00,0,157,0,164,7,0
06/04/2026 00:15,0,269,0,275,6,0
06/04/2026 00:30,0,138,0,145,7,0
06/04/2026 00:45,0,145,0,152,7,0
06/04/2026 01:00,0,160,0,167,7,0
06/04/2026 01:15,0,232,0,239,7,0
06/04/2026 01:30,0,138,0,145,7,0
06/04/2026 01:45,0,127,0,134,7,0
06/04/2026 02:00,0,146,0,154,8,0
06/04/2026 02:15,0,217,0,224,7,0
06/04/2026 02:30,0,181,0,188,7,0
06/04/2026 02:45,0,134,0,142,8,0
06/04/2026 03:00,0,148,0,154,6,0
06/04/2026 03:15,0,125,0,133,8,0
06/04/2026 03:30,0,115,0,123,8,0
06/04/2026 03:45,0,134,0,142,8,0
06/04/2026 04:00,0,247,0,255,8,0
06/04/2026 04:15,0,161,0,168,7,0
06/04/2026 04:30,0,135,0,142,7,0
06/04/2026 04:45,0,118,0,126,8,0
06/04/2026 05:00,0,175,0,183,8,0
06/04/2026 05:15,5,212,0,215,8,0
06/04/2026 05:30,42,135,0,123,30,0
06/04/2026 05:45,187,130,0,98,155,0
06/04/2026 06:00,332,115,13,0,222,18
06/04/2026 06:15,414,119,0,3,298,0
06/04/2026 06:30,493,138,0,8,363,0
06/04/2026 06:45,585,142,0,6,449,0
06/04/2026 07:00,724,153,0,134,705,0
06/04/2026 07:15,829,170,0,162,821,0
06/04/2026 07:30,903,285,0,280,898,0
06/04/2026 07:45,971,224,0,219,966,0
06/04/2026 08:00,1045,200,0,193,1038,0
06/04/2026 08:15,1109,1219,0,110,0,0
06/04/2026 08:30,1174,1290,0,116,0,0
06/04/2026 08:45,1223,1353,0,130,0,0
06/04/2026 09:00,1269,1409,0,140,0,0
06/04/2026 09:15,1320,1456,0,136,0,0
06/04/2026 09:30,1343,1454,0,111,0,0
06/04/2026 09:45,1414,1269,145,0,0,0
06/04/2026 10:00,1474,139,1180,0,155,0
06/04/2026 10:15,1529,138,1210,0,181,0
06/04/2026 10:30,1580,137,1385,0,58,0
06/04/2026 10:45,1638,116,1522,0,0,0
06/04/2026 11:00,1672,121,1507,0,44,0
06/04/2026 11:15,1704,147,1501,0,56,0
06/04/2026 11:30,1729,133,1583,0,13,0
06/04/2026 11:45,1757,141,1613,0,3,0
06/04/2026 12:00,1762,118,1614,0,30,0
06/04/2026 12:15,1781,119,1637,0,25,0
06/04/2026 12:30,1753,142,1604,0,7,0
06/04/2026 12:45,1745,139,1599,0,7,0
06/04/2026 13:00,1757,115,1614,0,28,0
06/04/2026 13:15,1756,120,1630,0,6,0
06/04/2026 13:30,1743,177,1562,0,4,0
06/04/2026 13:45,1679,228,1427,0,24,0
06/04/2026 14:00,1628,142,1634,0,2,150
06/04/2026 14:15,1578,118,1573,0,0,113
06/04/2026 14:30,1536,117,1534,0,0,115
06/04/2026 14:45,1483,142,1479,0,0,138
06/04/2026 15:00,1394,145,1390,0,0,141
06/04/2026 15:15,1265,117,1262,0,0,114
06/04/2026 15:30,1185,121,1181,0,0,117
06/04/2026 15:45,803,137,799,0,0,133
06/04/2026 16:00,980,128,975,0,0,123
06/04/2026 16:15,924,148,922,0,0,146
06/04/2026 16:30,667,116,663,0,0,112
06/04/2026 16:45,804,210,798,0,0,204
06/04/2026 17:00,696,171,695,0,0,170
06/04/2026 17:15,408,147,403,0,0,142
06/04/2026 17:30,412,214,405,0,0,207
06/04/2026 17:45,313,445,305,0,0,437
06/04/2026 18:00,374,514,368,0,0,508
06/04/2026 18:15,339,438,338,0,0,437
06/04/2026 18:30,263,289,259,0,0,285
06/04/2026 18:45,167,454,157,0,0,444
06/04/2026 19:00,125,545,8,0,0,428
06/04/2026 19:15,94,358,0,9,0,255
06/04/2026 19:30,59,479,0,5,0,415
06/04/2026 19:45,24,351,0,4,0,323
06/04/2026 20:00,4,190,0,6,0,180
06/04/2026 20:15,0,247,0,9,0,238
06/04/2026 20:30,0,443,0,7,0,436
06/04/2026 20:45,0,382,0,6,0,376
06/04/2026 21:00,0,291,0,3,0,288
06/04/2026 21:15,0,216,0,0,0,216
06/04/2026 21:30,0,474,0,10,0,464
06/04/2026 21:45,0,435,0,2,0,433
06/04/2026 22:00,0,425,0,8,0,417
06/04/2026 22:15,0,422,0,5,0,417
06/04/2026 22:30,0,415,0,7,0,408
06/04/2026 22:45,0,608,0,4,0,604
06/04/2026 23:00,0,562,0,6,0,556
06/04/2026 23:15,0,636,0,2,0,634
06/04/2026 23:30,0,278,0,8,0,270
06/04/2026 23:45,0,269,0,4,0,265
06/05/2026 00:00,0,124,0,6,0,118
06/05/2026 00:15,0,273,0,8,0,265
06/05/2026 00:30,0,208,0,5,0,203
06/05/2026 00:45,0,140,0,6,0,134
06/05/2026 01:00,0,191,0,38,0,153
06/05/2026 01:15,0,303,0,311,8,0
06/05/2026 01:30,0,293,0,299,6,0
06/05/2026 01:45,0,140,0,147,7,0
06/05/2026 02:00,0,266,0,273,7,0
06/05/2026 02:15,0,273,0,281,8,0
06/05/2026 02:30,0,141,0,147,6,0
06/05/2026 02:45,0,124,0,131,7,0
06/05/2026 03:00,0,231,0,238,7,0
06/05/2026 03:15,0,200,0,206,6,0
06/05/2026 03:30,0,118,0,126,8,0
06/05/2026 03:45,0,162,0,168,6,0
06/05/2026 04:00,0,124,0,132,8,0
06/05/2026 04:15,0,205,0,211,6,0
06/05/2026 04:30,0,207,0,215,8,0
06/05/2026 04:45,0,129,0,136,7,0
06/05/2026 05:00,0,136,0,143,7,0
06/05/2026 05:15,7,112,0,113,8,0
06/05/2026 05:30,58,142,0,126,42,0
06/05/2026 05:45,162,123,0,11,50,0
06/05/2026 06:00,307,245,0,7,69,0
06/05/2026 06:15,285,159,0,9,135,0
06/05/2026 06:30,480,122,20,0,369,31
06/05/2026 06:45,589,154,0,6,441,0
06/05/2026 07:00,701,129,0,115,687,0
06/05/2026 07:15,764,150,0,151,765,0
06/05/2026 07:30,862,178,0,172,856,0
06/05/2026 07:45,937,192,0,188,933,0
06/05/2026 08:00,902,197,0,191,896,0
06/05/2026 08:15,1080,122,0,115,1073,0
06/05/2026 08:30,1152,145,0,135,1142,0
06/05/2026 08:45,1181,134,0,135,1182,0
06/05/2026 09:00,1232,322,0,304,1214,0
06/05/2026 09:15,1271,176,0,168,1263,0
06/05/2026 09:30,1372,188,0,173,1357,0
06/05/2026 09:45,1384,166,0,168,1386,0
06/05/2026 10:00,1325,183,455,0,687,0
06/05/2026 10:15,1499,725,582,0,192,0
06/05/2026 10:30,1477,1311,84,0,82,0
06/05/2026 10:45,1590,1105,485,0,0,0
06/05/2026 11:00,1667,1080,552,0,35,0
06/05/2026 11:15,1629,1125,482,0,22,0
06/05/2026 11:30,1693,1242,427,0,24,0
06/05/2026 11:45,1721,1401,310,0,10,0
06/05/2026 12:00,1756,1992,0,258,22,0
06/05/2026 12:15,1753,2475,0,793,71,0
06/05/2026 12:30,1749,1267,479,0,3,0
06/05/2026 12:45,1761,1141,617,0,3,0
06/05/2026 13:00,1529,1093,413,0,23,0
06/05/2026 13:15,1695,1289,394,0,12,0
06/05/2026 13:30,1689,1111,575,0,3,0
06/05/2026 13:45,1461,1112,345,0,4,0
06/05/2026 14:00,1602,172,1605,0,0,175
06/05/2026 14:15,1623,157,1621,0,0,155
06/05/2026 14:30,1501,163,1500,0,0,162
06/05/2026 14:45,1401,501,1396,0,0,496
06/05/2026 15:00,1253,312,1250,0,0,309
06/05/2026 15:15,1216,186,1212,0,0,182
06/05/2026 15:30,1145,206,1137,0,0,198
06/05/2026 15:45,985,579,977,0,0,571
06/05/2026 16:00,1132,315,1131,0,0,314
06/05/2026 16:15,952,250,950,0,0,248
06/05/2026 16:30,834,183,827,0,0,176
06/05/2026 16:45,801,555,789,0,0,543
06/05/2026 17:00,770,980,768,0,0,978
06/05/2026 17:15,659,458,662,0,0,461
06/05/2026 17:30,523,416,516,0,0,409
06/05/2026 17:45,408,438,409,0,0,439
06/05/2026 18:00,242,372,236,0,0,366
06/05/2026 18:15,187,366,175,0,0,354
06/05/2026 18:30,218,701,215,0,0,698
06/05/2026 18:45,221,459,219,0,0,457
06/05/2026 19:00,198,456,2,0,0,260
06/05/2026 19:15,109,634,0,9,0,516
06/05/2026 19:30,58,436,0,6,0,372
06/05/2026 19:45,31,365,0,6,0,328
06/05/2026 20:00,6,506,0,10,0,490
06/05/2026 20:15,0,521,0,6,0,515
06/05/2026 20:30,0,417,0,6,0,411
06/05/2026 20:45,0,311,0,8,0,303
06/05/2026 21:00,0,480,0,6,0,474
06/05/2026 21:15,0,361,2,0,0,363
06/05/2026 21:30,0,761,0,9,0,752
06/05/2026 21:45,0,702,0,227,3,478
06/05/2026 22:00,0,777,0,784,7,0
06/05/2026 22:15,0,710,0,716,6,0
06/05/2026 22:30,0,415,0,421,6,0
06/05/2026 22:45,0,326,0,333,7,0
06/05/2026 23:00,0,281,0,288,7,0
06/05/2026 23:15,0,193,0,199,6,0
06/05/2026 23:30,0,146,0,153,7,0
06/05/2026 23:45,0,276,0,283,7,0
06/06/2026 00:00,0,190,0,196,6,0
06/06/2026 00:15,0,279,0,287,8,0
06/06/2026 00:30,0,392,0,398,6,0
06/06/2026 00:45,0,171,0,178,7,0
06/06/2026 01:00,0,147,0,154,7,0
06/06/2026 01:15,0,239,0,245,6,0
06/06/2026 01:30,0,196,0,204,8,0
06/06/2026 01:45,0,127,0,134,7,0
06/06/2026 02:00,0,116,0,123,7,0
06/06/2026 02:15,0,259,0,266,7,0
06/06/2026 02:30,0,161,0,168,7,0
06/06/2026 02:45,0,255,0,262,7,0
06/06/2026 03:00,0,195,0,202,7,0
06/06/2026 03:15,0,257,0,265,8,0
06/06/2026 03:30,0,240,0,247,7,0
06/06/2026 03:45,0,179,0,186,7,0
06/06/2026 04:00,0,120,0,128,8,0
06/06/2026 04:15,0,134,0,142,8,0
06/06/2026 04:30,0,141,0,148,7,0
06/06/2026 04:45,0,273,0,280,7,0
06/06/2026 05:00,0,148,0,156,8,0
06/06/2026 05:15,15,136,0,134,13,0
06/06/2026 05:30,29,131,0,127,25,0
06/06/2026 05:45,46,123,0,111,34,0
06/06/2026 06:00,103,117,0,106,92,0
06/06/2026 06:15,210,168,0,82,124,0
06/06/2026 06:30,340,139,0,5,206,0
06/06/2026 06:45,254,130,105,0,206,187
06/06/2026 07:00,263,261,0,251,253,0
06/06/2026 07:15,458,170,0,167,455,0
06/06/2026 07:30,566,140,0,137,563,0
06/06/2026 07:45,795,335,0,299,759,0
06/06/2026 08:00,601,257,0,235,579,0
06/06/2026 08:15,992,1206,0,214,0,0
06/06/2026 08:30,773,151,0,142,764,0
06/06/2026 08:45,640,215,0,213,638,0
06/06/2026 09:00,652,137,0,133,648,0
06/06/2026 09:15,691,145,0,138,684,0
06/06/2026 09:30,713,140,0,136,709,0
06/06/2026 09:45,791,131,0,129,789,0
06/06/2026 10:00,798,126,0,127,799,0
06/06/2026 10:15,716,128,0,128,716,0
06/06/2026 10:30,734,116,0,110,728,0
06/06/2026 10:45,696,143,0,148,701,0
06/06/2026 11:00,876,294,0,285,867,0
06/06/2026 11:15,976,1155,0,179,0,0
06/06/2026 11:30,1116,1256,0,140,0,0
06/06/2026 11:45,937,204,70,0,663,0
06/06/2026 12:00,966,390,444,0,132,0
06/06/2026 12:15,957,1325,0,444,76,0
06/06/2026 12:30,900,1277,0,377,0,0
06/06/2026 12:45,996,1585,0,611,22,0
06/06/2026 13:00,1006,1723,0,794,77,0
06/06/2026 13:15,919,1444,0,535,10,0
06/06/2026 13:30,1273,1549,0,280,4,0
06/06/2026 13:45,1182,1890,0,727,20,1
06/06/2026 14:00,768,840,727,0,0,799
06/06/2026 14:15,1027,697,1022,0,0,692
06/06/2026 14:30,980,401,982,0,0,403
06/06/2026 14:45,473,519,457,0,0,503
06/06/2026 15:00,268,587,257,0,0,576
06/06/2026 15:15,487,886,481,0,0,880
06/06/2026 15:30,495,587,495,0,0,587
06/06/2026 15:45,602,456,598,0,0,452
06/06/2026 16:00,873,387,870,0,0,384
06/06/2026 16:15,557,325,554,0,0,322
06/06/2026 16:30,649,367,643,0,0,361
06/06/2026 16:45,366,332,363,0,0,329
06/06/2026 17:00,564,301,559,0,0,296
06/06/2026 17:15,516,310,512,0,0,306
06/06/2026 17:30,597,284,592,0,0,279
06/06/2026 17:45,479,329,474,0,0,324
06/06/2026 18:00,282,348,278,0,0,344
06/06/2026 18:15,240,355,237,0,0,352
06/06/2026 18:30,187,375,184,0,0,372
06/06/2026 18:45,109,307,103,0,0,301
06/06/2026 19:00,89,289,0,3,0,197
06/06/2026 19:15,72,490,0,12,0,406
06/06/2026 19:30,44,504,0,4,0,456
06/06/2026 19:45,19,414,0,5,0,390
06/06/2026 20:00,0,409,0,10,0,399
06/06/2026 20:15,0,585,0,3,0,582
06/06/2026 20:30,0,434,0,5,0,429
06/06/2026 20:45,0,344,0,7,0,337
06/06/2026 21:00,0,429,0,9,0,420
06/06/2026 21:15,0,584,0,91,2,495
06/06/2026 21:30,0,452,0,458,6,0
06/06/2026 21:45,0,791,0,799,8,0
06/06/2026 22:00,0,773,0,779,6,0
06/06/2026 22:15,0,386,0,392,6,0
06/06/2026 22:30,0,281,0,288,7,0
06/06/2026 22:45,0,332,0,339,7,0
06/06/2026 23:00,0,231,0,237,6,0
06/06/2026 23:15,0,127,0,133,6,0
06/06/2026 23:30,0,312,0,320,8,0
06/06/2026 23:45,0,353,0,359,6,0
06/07/2026 00:00,0,157,0,163,6,0
06/07/2026 00:15,0,130,0,137,7,0
06/07/2026 00:30,0,183,0,190,7,0
06/07/2026 00:45,0,226,0,233,7,0
06/07/2026 01:00,0,203,0,210,7,0
06/07/2026 01:15,0,196,0,202,6,0
06/07/2026 01:30,0,243,0,250,7,0
06/07/2026 01:45,0,247,0,253,7,1
06/07/2026 02:00,0,282,0,288,6,0
06/07/2026 02:15,0,272,0,279,7,0
06/07/2026 02:30,0,151,0,158,7,0
06/07/2026 02:45,0,378,0,384,6,0
06/07/2026 03:00,0,168,0,175,7,0
06/07/2026 03:15,0,148,0,155,7,0
06/07/2026 03:30,0,153,0,159,6,0
06/07/2026 03:45,0,125,0,133,8,0
06/07/2026 04:00,0,175,0,182,7,0
06/07/2026 04:15,0,240,0,247,7,0
06/07/2026 04:30,0,346,0,353,7,0
06/07/2026 04:45,0,149,0,157,8,0
06/07/2026 05:00,0,116,0,123,7,0
06/07/2026 05:15,5,131,0,133,7,0
06/07/2026 05:30,44,148,0,137,33,0
06/07/2026 05:45,182,158,0,145,169,0
06/07/2026 06:00,257,248,0,88,97,0
06/07/2026 06:15,354,121,16,0,243,26
06/07/2026 06:30,495,213,0,3,286,1
06/07/2026 06:45,544,128,0,8,424,0
06/07/2026 07:00,743,947,0,204,0,0
06/07/2026 07:15,349,382,0,365,332,0
06/07/2026 07:30,452,327,0,327,452,0
06/07/2026 07:45,554,455,0,453,552,0
06/07/2026 08:00,1074,1558,0,484,0,0
06/07/2026 08:15,1153,1614,0,461,0,0
06/07/2026 08:30,1181,1497,0,316,0,0
06/07/2026 08:45,1240,1638,0,398,0,0
06/07/2026 09:00,1293,1444,0,151,0,0
06/07/2026 09:15,1338,1615,0,277,0,0
06/07/2026 09:30,1377,1464,0,87,0,0
06/07/2026 09:45,1279,1526,0,247,0,0
06/07/2026 10:00,1221,1504,0,283,0,0
06/07/2026 10:15,1325,481,221,0,623,0
06/07/2026 10:30,1165,484,530,0,151,0
06/07/2026 10:45,1029,700,175,0,154,0
06/07/2026 11:00,1264,1636,0,430,58,0
06/07/2026 11:15,1832,875,931,0,26,0
06/07/2026 11:30,1245,157,1064,0,24,0
06/07/2026 11:45,1644,139,1463,0,42,0
06/07/2026 12:00,1234,233,994,0,7,0
06/07/2026 12:15,1280,564,707,0,9,0
06/07/2026 12:30,1360,647,690,0,23,0
06/07/2026 12:45,1074,568,451,0,55,0
06/07/2026 13:00,1330,601,727,0,2,0
06/07/2026 13:15,1550,346,1172,0,32,0
06/07/2026 13:30,1101,335,758,0,8,0
06/07/2026 13:45,755,386,353,0,16,0
06/07/2026 14:00,487,667,481,0,0,661
06/07/2026 14:15,756,445,747,0,0,436
06/07/2026 14:30,1144,568,1143,0,0,567
06/07/2026 14:45,1032,466,1029,0,0,463
06/07/2026 15:00,544,469,541,0,0,466
06/07/2026 15:15,275,430,270,0,0,425
06/07/2026 15:30,117,482,109,0,0,474
06/07/2026 15:45,543,522,538,0,0,517
06/07/2026 16:00,612,538,609,0,0,535
06/07/2026 16:15,470,432,466,0,0,428
06/07/2026 16:30,291,396,289,0,0,394
06/07/2026 16:45,452,381,445,0,0,374
06/07/2026 17:00,400,412,397,0,0,409
06/07/2026 17:15,259,643,246,0,0,630
06/07/2026 17:30,235,716,235,0,0,716
06/07/2026 17:45,230,541,223,0,0,534
06/07/2026 18:00,179,387,175,0,0,383
06/07/2026 18:15,137,299,133,0,0,295
06/07/2026 18:30,105,397,101,0,0,393
06/07/2026 18:45,71,348,64,0,0,341
06/07/2026 19:00,7,442,0,5,0,430
06/07/2026 19:15,0,229,0,4,0,225
06/07/2026 19:30,6,217,0,7,0,204
06/07/2026 19:45,8,403,0,5,0,390
06/07/2026 20:00,0,611,0,3,0,608
06/07/2026 20:15,0,632,0,1,0,631
06/07/2026 20:30,0,665,0,7,0,658
06/07/2026 20:45,0,309,0,1,0,308
06/07/2026 21:00,0,263,0,149,4,118
06/07/2026 21:15,0,329,0,335,6,0
06/07/2026 21:30,0,491,0,497,6,0
06/07/2026 21:45,0,391,0,397,6,0
06/07/2026 22:00,0,183,0,189,6,0
06/07/2026 22:15,0,184,0,190,6,0
06/07/2026 22:30,0,224,0,231,7,0
06/07/2026 22:45,0,292,0,298,6,0
06/07/2026 23:00,0,158,0,165,7,0
06/07/2026 23:15,0,225,0,231,6,0
06/07/2026 23:30,0,136,0,142,6,0
06/07/2026 23:45,0,137,0,144,7,0
06/08/2026 00:00,0,159,0,165,6,0
06/08/2026 00:15,0,134,0,141,7,0
06/08/2026 00:30,0,127,0,133,6,0
06/08/2026 00:45,0,373,0,380,7,0
06/08/2026 01:00,0,177,0,184,7,0
06/08/2026 01:15,0,131,0,138,7,0
06/08/2026 01:30,0,140,0,147,7,0
06/08/2026 01:45,0,117,0,124,7,0
06/08/2026 02:00,0,179,0,186,7,0
06/08/2026 02:15,0,174,0,181,7,0
06/08/2026 02:30,0,146,0,153,7,0
06/08/2026 02:45,0,122,0,129,7,0
06/08/2026 03:00,0,125,0,133,8,0
06/08/2026 03:15,0,146,0,153,7,0
06/08/2026 03:30,0,136,0,143,7,0
06/08/2026 03:45,0,146,0,154,8,0
06/08/2026 04:00,0,120,0,127,7,0
06/08/2026 04:15,0,118,0,125,7,0
06/08/2026 04:30,0,144,0,152,8,0
06/08/2026 04:45,0,128,0,135,7,0
06/08/2026 05:00,0,167,0,174,7,0
06/08/2026 05:15,6,127,0,129,8,0
06/08/2026 05:30,58,114,0,102,46,0
06/08/2026 05:45,204,142,0,129,191,0
06/08/2026 06:00,364,258,0,26,132,0
06/08/2026 06:15,449,142,12,0,306,11
06/08/2026 06:30,538,134,0,7,411,0
06/08/2026 06:45,632,127,0,4,509,0
06/08/2026 07:00,772,121,0,108,759,0
06/08/2026 07:15,881,140,0,131,872,0
06/08/2026 07:30,958,144,0,136,950,0
06/08/2026 07:45,1027,115,0,107,1019,0
06/08/2026 08:00,1105,190,0,185,1100,0
06/08/2026 08:15,1170,168,0,160,1162,0
06/08/2026 08:30,1235,291,0,284,1228,0
06/08/2026 08:45,1293,188,0,180,1285,0
06/08/2026 09:00,1343,168,0,161,1336,0
06/08/2026 09:15,1389,200,0,195,1384,0
06/08/2026 09:30,1445,213,0,207,1439,0
06/08/2026 09:45,1500,201,779,0,520,0
06/08/2026 10:00,1554,171,1195,0,188,0
06/08/2026 10:15,1605,155,1308,0,142,0
06/08/2026 10:30,1644,238,1354,0,52,0
06/08/2026 10:45,1655,916,717,0,22,0
06/08/2026 11:00,1725,1222,473,0,30,0
06/08/2026 11:15,1740,1311,398,0,31,0
06/08/2026 11:30,1793,2419,0,681,55,0
06/08/2026 11:45,1817,1246,568,0,3,0
06/08/2026 12:00,1839,354,1482,0,3,0
06/08/2026 12:15,1818,494,1299,0,25,0
06/08/2026 12:30,1819,503,1304,0,12,0
06/08/2026 12:45,1750,1776,0,30,4,0
06/08/2026 13:00,1499,942,539,0,18,0
06/08/2026 13:15,1679,164,1495,0,20,0
06/08/2026 13:30,1846,135,1709,0,2,0
06/08/2026 13:45,1792,131,1650,0,11,0
06/08/2026 14:00,1721,277,1726,0,1,283
06/08/2026 14:15,1635,269,1631,0,0,265
06/08/2026 14:30,1599,350,1597,0,0,348
06/08/2026 14:45,1541,307,1537,0,0,303
06/08/2026 15:00,1489,287,1486,0,0,284
06/08/2026 15:15,1257,284,1253,0,0,280
06/08/2026 15:30,1289,304,1287,0,0,302
06/08/2026 15:45,1164,159,1163,0,0,158
06/08/2026 16:00,1043,199,1037,0,0,193
06/08/2026 16:15,985,192,985,0,0,192
06/08/2026 16:30,900,398,891,0,0,389
06/08/2026 16:45,841,384,837,0,0,380
06/08/2026 17:00,759,325,756,0,0,322
06/08/2026 17:15,683,295,680,0,0,292
06/08/2026 17:30,611,286,605,0,0,280
06/08/2026 17:45,523,293,522,0,0,292
06/08/2026 18:00,354,290,349,0,0,285
06/08/2026 18:15,231,380,225,0,0,374
06/08/2026 18:30,163,257,161,0,0,255
06/08/2026 18:45,111,331,107,0,0,327
06/08/2026 19:00,103,283,0,0,0,180
06/08/2026 19:15,90,161,0,8,1,64
06/08/2026 19:30,68,365,0,6,0,291
06/08/2026 19:45,46,444,0,11,0,387
06/08/2026 20:00,18,615,0,4,0,593
06/08/2026 20:15,1,162,0,6,0,155
06/08/2026 20:30,0,158,0,6,0,152
06/08/2026 20:45,0,199,0,7,0,192
06/08/2026 21:00,0,188,0,7,0,181
06/08/2026 21:15,0,186,0,0,0,186
06/08/2026 21:30,0,344,0,6,0,338
06/08/2026 21:45,0,301,0,6,0,295
06/08/2026 22:00,0,370,0,7,0,363
06/08/2026 22:15,0,366,0,7,0,359
06/08/2026 22:30,0,313,0,3,0,310
06/08/2026 22:45,0,214,0,9,0,205
06/08/2026 23:00,0,154,0,6,0,148
06/08/2026 23:15,0,319,0,7,0,312
06/08/2026 23:30,0,142,0,4,0,138
06/08/2026 23:45,0,114,0,6,0,108
06/09/2026 00:00,0,195,0,6,0,189
06/09/2026 00:15,0,317,0,8,0,309
06/09/2026 00:30,0,206,0,4,0,202
06/09/2026 00:45,0,133,0,5,0,128
06/09/2026 01:00,0,114,0,6,0,108
06/09/2026 01:15,0,118,0,6,0,112
06/09/2026 01:30,0,138,0,6,0,132
06/09/2026 01:45,0,134,0,6,0,128
06/09/2026 02:00,0,184,0,7,0,177
06/09/2026 02:15,0,191,0,5,0,186
06/09/2026 02:30,0,119,0,7,0,112
06/09/2026 02:45,0,155,0,117,5,43
06/09/2026 03:00,0,128,0,135,7,0
06/09/2026 03:15,0,146,0,153,7,0
06/09/2026 03:30,0,116,0,124,8,0
06/09/2026 03:45,0,119,0,127,8,0
06/09/2026 04:00,0,139,0,146,7,0
06/09/2026 04:15,0,140,0,147,7,0
06/09/2026 04:30,0,135,0,143,8,0
06/09/2026 04:45,0,122,0,130,8,0
06/09/2026 05:00,0,116,0,123,7,0
06/09/2026 05:15,6,230,0,231,7,0
06/09/2026 05:30,57,168,0,118,7,0
06/09/2026 05:45,197,207,0,23,13,0
06/09/2026 06:00,307,158,0,4,153,0
06/09/2026 06:15,386,125,12,0,264,15
06/09/2026 06:30,472,135,0,6,343,0
06/09/2026 06:45,605,132,0,6,479,0
06/09/2026 07:00,744,146,0,137,735,0
06/09/2026 07:15,843,125,0,114,832,0
06/09/2026 07:30,939,117,0,109,931,0
06/09/2026 07:45,1010,130,0,126,1006,0
06/09/2026 08:00,1085,234,0,225,1076,0
06/09/2026 08:15,1153,185,0,179,1147,0
06/09/2026 08:30,1216,166,0,162,1212,0
06/09/2026 08:45,1266,160,0,154,1260,0
06/09/2026 09:00,1294,180,0,178,1292,0
06/09/2026 09:15,1364,321,0,319,1362,0
06/09/2026 09:30,1418,177,0,174,1415,0
06/09/2026 09:45,1480,191,614,0,675,0
06/09/2026 10:00,1535,178,1151,0,206,0
06/09/2026 10:15,1589,184,1241,0,164,0
06/09/2026 10:30,1635,182,1346,0,107,0
06/09/2026 10:45,1671,188,1427,0,56,0
06/09/2026 11:00,1729,190,1539,0,0,0
06/09/2026 11:15,1756,1119,627,0,10,0
06/09/2026 11:30,1793,1558,195,0,40,0
06/09/2026 11:45,1807,362,1421,0,24,0
06/09/2026 12:00,1830,166,1650,0,14,0
06/09/2026 12:15,1840,185,1578,0,77,0
06/09/2026 12:30,1824,1139,681,0,4,0
06/09/2026 12:45,1812,988,821,0,3,0
06/09/2026 13:00,1822,756,1047,0,19,0
06/09/2026 13:15,1794,381,1393,0,20,0
06/09/2026 13:30,1795,138,1653,0,4,0
06/09/2026 13:45,1770,224,1533,0,13,0
06/09/2026 14:00,1720,201,1733,0,0,214
06/09/2026 14:15,1628,152,1625,0,0,149
06/09/2026 14:30,1586,131,1583,0,0,128
06/09/2026 14:45,1542,138,1538,0,0,134
06/09/2026 15:00,1485,165,1482,0,0,162
06/09/2026 15:15,1366,168,1364,0,0,166
06/09/2026 15:30,1280,188,1275,0,0,183
06/09/2026 15:45,1200,192,1195,0,0,187
06/09/2026 16:00,1103,228,1093,0,0,218
06/09/2026 16:15,981,530,978,0,0,527
06/09/2026 16:30,901,162,900,0,0,161
06/09/2026 16:45,826,139,825,0,0,138
06/09/2026 17:00,749,223,740,0,0,214
06/09/2026 17:15,679,389,678,0,0,388
06/09/2026 17:30,601,132,599,0,0,130
06/09/2026 17:45,508,186,500,0,0,178
06/09/2026 18:00,366,517,364,0,0,515
06/09/2026 18:15,222,316,218,0,0,312
06/09/2026 18:30,137,301,133,0,0,297
06/09/2026 18:45,94,402,85,0,0,393
06/09/2026 19:00,76,398,0,0,0,322
06/09/2026 19:15,56,414,0,10,0,348
06/09/2026 19:30,43,594,0,4,0,547
06/09/2026 19:45,27,443,0,7,0,409
06/09/2026 20:00,13,604,0,9,0,582
06/09/2026 20:15,0,630,0,6,0,624
06/09/2026 20:30,0,341,0,3,0,338
06/09/2026 20:45,0,234,0,7,0,227
06/09/2026 21:00,0,406,0,8,0,398
06/09/2026 21:15,0,326,2,0,0,328
06/09/2026 21:30,0,433,0,7,0,426
06/09/2026 21:45,0,380,0,4,0,376
06/09/2026 22:00,0,496,0,10,0,486
06/09/2026 22:15,0,425,0,4,0,421
06/09/2026 22:30,0,319,0,9,0,310
06/09/2026 22:45,0,451,0,8,0,443
06/09/2026 23:00,0,401,0,6,0,395
06/09/2026 23:15,0,478,0,8,0,470
06/09/2026 23:30,0,269,0,3,0,266
06/09/2026 23:45,0,252,0,8,0,244
06/10/2026 00:00,0,223,0,167,6,62
06/10/2026 00:15,0,146,0,152,6,0
06/10/2026 00:30,0,286,0,293,7,0
06/10/2026 00:45,0,243,0,249,6,0
06/10/2026 01:00,0,318,0,325,7,0
06/10/2026 01:15,0,195,0,201,6,0
06/10/2026 01:30,0,292,0,299,7,0
06/10/2026 01:45,0,222,0,229,7,0
06/10/2026 02:00,0,256,0,262,6,0
06/10/2026 02:15,0,200,0,207,7,0
06/10/2026 02:30,0,289,0,296,7,0
06/10/2026 02:45,0,138,0,144,6,0
06/10/2026 03:00,0,122,0,130,8,0
06/10/2026 03:15,0,141,0,147,6,0
06/10/2026 03:30,0,181,0,189,8,0
06/10/2026 03:45,0,243,0,250,7,0
06/10/2026 04:00,0,213,0,220,7,0
06/10/2026 04:15,0,217,0,224,7,0
06/10/2026 04:30,0,116,0,123,7,0
06/10/2026 04:45,0,141,0,147,6,0
06/10/2026 05:00,0,123,0,131,8,0
06/10/2026 05:15,15,145,0,141,11,0
06/10/2026 05:30,91,119,0,107,79,0
06/10/2026 05:45,211,117,0,28,122,0
06/10/2026 06:00,351,132,20,0,232,33
06/10/2026 06:15,427,408,0,9,46,18
06/10/2026 06:30,428,236,0,4,196,0
06/10/2026 06:45,545,125,0,5,425,0
06/10/2026 07:00,670,117,0,110,663,0
06/10/2026 07:15,736,136,0,132,732,0
06/10/2026 07:30,709,145,0,142,706,0
06/10/2026 07:45,748,121,0,120,747,0
06/10/2026 08:00,877,115,0,109,871,0
06/10/2026 08:15,1040,135,0,128,1033,0
06/10/2026 08:30,1103,122,0,120,1101,0
06/10/2026 08:45,1159,151,0,148,1156,0
06/10/2026 09:00,1191,131,0,127,1187,0
06/10/2026 09:15,1259,118,0,117,1258,0
06/10/2026 09:30,1252,120,0,122,1254,0
06/10/2026 09:45,1342,143,0,115,1314,0
06/10/2026 10:00,1444,124,63,0,1257,0
06/10/2026 10:15,1490,139,1147,0,204,0
06/10/2026 10:30,1544,119,1249,0,176,0
06/10/2026 10:45,1562,119,1326,0,117,0
06/10/2026 11:00,1723,153,1536,0,34,0
06/10/2026 11:15,1610,154,1446,0,10,0
06/10/2026 11:30,1765,119,1616,0,30,0
06/10/2026 11:45,1002,116,829,0,57,0
06/10/2026 12:00,1525,136,1376,0,13,0
06/10/2026 12:15,1499,147,1348,0,4,0
06/10/2026 12:30,1429,157,1256,0,16,0
06/10/2026 12:45,1746,201,1521,0,24,0
06/10/2026 13:00,1718,155,1556,0,7,0
06/10/2026 13:15,1706,149,1541,0,16,0
06/10/2026 13:30,1695,152,1525,0,18,0
06/10/2026 13:45,1664,213,1441,0,10,0
06/10/2026 14:00,1613,236,1612,0,2,237
06/10/2026 14:15,1555,138,1552,0,0,135
06/10/2026 14:30,1458,365,1450,0,0,357
06/10/2026 14:45,1426,207,1427,0,0,208
06/10/2026 15:00,1117,130,1114,0,0,127
06/10/2026 15:15,1061,277,1054,0,0,270
06/10/2026 15:30,895,396,890,0,0,391
06/10/2026 15:45,752,176,753,0,0,177
06/10/2026 16:00,767,164,760,0,0,157
06/10/2026 16:15,1037,406,1033,0,0,402
06/10/2026 16:30,542,187,542,0,0,187
06/10/2026 16:45,510,321,502,0,0,313
06/10/2026 17:00,397,376,393,0,0,372
06/10/2026 17:15,478,426,474,0,0,422
06/10/2026 17:30,447,622,436,0,0,611
06/10/2026 17:45,379,678,379,0,0,678
06/10/2026 18:00,252,438,250,0,0,436
06/10/2026 18:15,169,346,166,0,0,343
06/10/2026 18:30,122,429,116,0,0,423
06/10/2026 18:45,207,289,205,0,0,287
06/10/2026 19:00,102,303,0,0,0,201
06/10/2026 19:15,58,387,0,7,0,322
06/10/2026 19:30,51,353,0,5,0,297
06/10/2026 19:45,35,299,0,9,0,255
06/10/2026 20:00,11,360,0,8,0,341
06/10/2026 20:15,0,532,0,8,0,524
06/10/2026 20:30,0,575,0,9,0,566
06/10/2026 20:45,0,533,0,4,0,529
06/10/2026 21:00,0,307,0,5,0,302
06/10/2026 21:15,0,334,3,0,0,337
06/10/2026 21:30,0,330,0,7,0,323
06/10/2026 21:45,0,342,0,4,0,338
06/10/2026 22:00,0,432,0,9,0,423
06/10/2026 22:15,0,404,0,9,0,395
06/10/2026 22:30,0,401,0,6,0,395
06/10/2026 22:45,0,568,0,8,0,560
06/10/2026 23:00,0,441,0,282,4,163
06/10/2026 23:15,0,296,0,302,6,0
06/10/2026 23:30,0,384,0,390,7,1
06/10/2026 23:45,0,345,0,352,7,0
06/11/2026 00:00,0,296,0,303,7,0
06/11/2026 00:15,0,261,0,268,7,0
06/11/2026 00:30,0,292,0,298,6,0
06/11/2026 00:45,0,189,0,196,7,0
06/11/2026 01:00,0,194,0,201,7,0
06/11/2026 01:15,0,419,0,425,6,0
06/11/2026 01:30,0,223,0,230,7,0
06/11/2026 01:45,0,215,0,222,7,0
06/11/2026 02:00,0,442,0,448,6,0
06/11/2026 02:15,0,393,0,400,7,0
06/11/2026 02:30,0,179,0,185,6,0
06/11/2026 02:45,0,386,0,393,7,0
06/11/2026 03:00,0,202,0,208,6,0
06/11/2026 03:15,0,187,0,194,7,0
06/11/2026 03:30,0,316,0,323,7,0
06/11/2026 03:45,0,154,0,161,7,0
06/11/2026 04:00,0,139,0,146,7,0
06/11/2026 04:15,0,285,0,292,7,0
06/11/2026 04:30,0,288,0,294,6,0
06/11/2026 04:45,0,293,0,300,7,0
06/11/2026 05:00,0,191,0,198,7,0
06/11/2026 05:15,0,269,0,276,7,0
06/11/2026 05:30,0,150,0,157,7,0
06/11/2026 05:45,0,301,0,308,7,0
06/11/2026 06:00,43,300,0,289,32,0
06/11/2026 06:15,96,314,0,306,88,0
06/11/2026 06:30,483,140,0,1,353,9
06/11/2026 06:45,177,120,0,10,71,4
06/11/2026 07:00,93,166,0,164,91,0
06/11/2026 07:15,179,189,0,180,170,0
06/11/2026 07:30,242,377,0,372,237,0
06/11/2026 07:45,514,195,0,184,503,0
06/11/2026 08:00,331,234,0,233,330,0
06/11/2026 08:15,398,250,0,241,389,0
06/11/2026 08:30,610,174,0,158,594,0
06/11/2026 08:45,644,765,0,121,0,0
06/11/2026 09:00,987,1088,0,101,0,0
06/11/2026 09:15,1279,1360,0,81,0,0
06/11/2026 09:30,1304,1438,0,134,0,0
06/11/2026 09:45,984,1110,0,126,0,0
06/11/2026 10:00,1159,1266,0,107,0,0
06/11/2026 10:15,579,695,0,116,0,0
06/11/2026 10:30,1169,1301,0,132,0,0
06/11/2026 10:45,1772,1890,0,118,0,0
06/11/2026 11:00,1243,1346,0,103,0,0
06/11/2026 11:15,1192,131,201,0,860,0
06/11/2026 11:30,1676,127,1362,0,187,0
06/11/2026 11:45,1204,221,889,0,94,0
06/11/2026 12:00,1059,171,871,0,17,0
06/11/2026 12:15,801,119,657,0,25,0
06/11/2026 12:30,622,116,475,0,31,0
06/11/2026 12:45,1733,136,1574,0,23,0
06/11/2026 13:00,1804,255,1545,0,4,0
06/11/2026 13:15,1731,151,1555,0,25,0
06/11/2026 13:30,1269,144,1072,0,53,0
06/11/2026 13:45,1160,117,1042,0,1,0
06/11/2026 14:00,1064,282,1072,0,1,291
06/11/2026 14:15,1329,270,1331,0,0,272
06/11/2026 14:30,1295,156,1291,0,0,152
06/11/2026 14:45,1431,130,1427,0,0,126
06/11/2026 15:00,1469,138,1466,0,0,135
06/11/2026 15:15,1132,316,1123,0,0,307
06/11/2026 15:30,1306,499,1294,0,0,487
06/11/2026 15:45,1157,526,1159,0,0,528
06/11/2026 16:00,667,436,663,0,0,432
06/11/2026 16:15,894,457,886,0,0,449
06/11/2026 16:30,916,335,916,0,0,335
06/11/2026 16:45,889,159,884,0,0,154
06/11/2026 17:00,758,932,735,0,0,909
06/11/2026 17:15,521,918,524,0,0,921
06/11/2026 17:30,644,632,646,0,0,634
06/11/2026 17:45,454,572,450,0,0,568
06/11/2026 18:00,348,562,341,0,0,555
06/11/2026 18:15,219,469,215,0,0,465
06/11/2026 18:30,132,471,129,0,0,468
06/11/2026 18:45,118,441,112,0,0,435
06/11/2026 19:00,83,524,0,6,0,435
06/11/2026 19:15,60,518,0,3,0,455
06/11/2026 19:30,49,325,0,6,0,270
06/11/2026 19:45,33,293,0,8,0,252
06/11/2026 20:00,9,296,0,5,0,282
06/11/2026 20:15,0,377,0,9,0,368
06/11/2026 20:30,0,505,0,9,0,496
06/11/2026 20:45,0,503,2,0,0,505
06/11/2026 21:00,0,372,0,7,0,365
06/11/2026 21:15,0,508,0,7,0,501
06/11/2026 21:30,0,483,0,108,1,376
06/11/2026 21:45,0,590,0,597,7,0
06/11/2026 22:00,0,550,0,556,6,0
06/11/2026 22:15,0,573,0,580,7,0
06/11/2026 22:30,0,634,0,640,6,0
06/11/2026 22:45,0,582,0,589,7,0
06/11/2026 23:00,0,333,0,340,7,0
06/11/2026 23:15,0,394,0,400,6,0
06/11/2026 23:30,0,529,0,537,8,0
06/11/2026 23:45,0,303,0,308,6,1
06/12/2026 00:00,0,275,0,281,6,0
06/12/2026 00:15,0,283,0,291,8,0
06/12/2026 00:30,0,351,0,357,6,0
06/12/2026 00:45,0,348,0,354,6,0
06/12/2026 01:00,0,258,0,266,8,0
06/12/2026 01:15,0,396,0,402,6,0
06/12/2026 01:30,0,284,0,290,6,0
06/12/2026 01:45,0,264,0,270,6,0
06/12/2026 02:00,0,277,0,285,8,0
06/12/2026 02:15,0,472,0,478,6,0
06/12/2026 02:30,0,337,0,343,6,0
06/12/2026 02:45,0,230,0,237,7,0
06/12/2026 03:00,0,115,0,122,7,0
06/12/2026 03:15,0,300,0,306,6,0
06/12/2026 03:30,0,344,0,350,6,0
06/12/2026 03:45,0,469,0,475,6,0
06/12/2026 04:00,0,472,0,479,7,0
06/12/2026 04:15,0,326,0,333,7,0
06/12/2026 04:30,0,120,0,126,6,0
06/12/2026 04:45,0,227,0,234,7,0
06/12/2026 05:00,0,347,0,354,7,0
06/12/2026 05:15,29,299,0,291,21,0
06/12/2026 05:30,74,193,0,187,68,0
06/12/2026 05:45,109,400,0,399,108,0
06/12/2026 06:00,120,283,0,243,80,0
06/12/2026 06:15,148,207,0,89,30,0
06/12/2026 06:30,234,145,0,12,101,0
06/12/2026 06:45,261,355,0,100,6,0
06/12/2026 07:00,266,556,0,546,256,0
06/12/2026 07:15,297,443,0,437,291,0
06/12/2026 07:30,746,154,0,152,744,0
06/12/2026 07:45,324,161,0,157,320,0
06/12/2026 08:00,409,222,0,216,403,0
06/12/2026 08:15,382,222,0,218,378,0
06/12/2026 08:30,461,328,0,322,455,0
06/12/2026 08:45,506,257,0,249,498,0
06/12/2026 09:00,673,304,0,297,666,0
06/12/2026 09:15,1018,296,0,289,1011,0
06/12/2026 09:30,682,211,0,216,687,0
06/12/2026 09:45,758,387,0,375,746,0
06/12/2026 10:00,1200,283,0,264,1181,0
06/12/2026 10:15,1419,157,0,122,1384,0
06/12/2026 10:30,1444,157,0,149,1436,0
06/12/2026 10:45,1587,166,0,160,1581,0
06/12/2026 11:00,1628,252,0,245,1621,0
06/12/2026 11:15,1616,686,114,0,816,0
06/12/2026 11:30,1602,1346,112,0,144,0
06/12/2026 11:45,1276,1578,0,365,63,0
06/12/2026 12:00,1731,1685,34,0,12,0
06/12/2026 12:15,1699,2529,0,833,3,0
06/12/2026 12:30,1706,1630,3,0,73,0
06/12/2026 12:45,1548,1151,397,0,0,0
06/12/2026 13:00,1652,1093,559,0,0,0
06/12/2026 13:15,1577,1078,467,0,32,0
06/12/2026 13:30,810,1086,0,322,46,0
06/12/2026 13:45,621,1061,0,444,4,0
06/12/2026 14:00,1136,570,1127,0,0,561
06/12/2026 14:15,1603,567,1600,0,0,564
06/12/2026 14:30,1565,454,1567,0,0,456
06/12/2026 14:45,1292,405,1289,0,0,402
06/12/2026 15:00,1587,264,1586,0,0,263
06/12/2026 15:15,1483,497,1470,0,0,484
06/12/2026 15:30,1314,700,1307,0,0,693
06/12/2026 15:45,900,737,896,0,0,733
06/12/2026 16:00,537,817,530,0,0,810
06/12/2026 16:15,771,649,770,0,0,648
06/12/2026 16:30,890,547,887,0,0,544
06/12/2026 16:45,722,455,717,0,0,450
06/12/2026 17:00,704,1040,695,0,0,1031
06/12/2026 17:15,276,726,275,0,0,725
06/12/2026 17:30,478,573,476,0,0,571
06/12/2026 17:45,578,462,570,0,0,454
06/12/2026 18:00,253,474,250,0,0,471
06/12/2026 18:15,214,399,209,0,0,394
06/12/2026 18:30,275,581,262,0,0,568
06/12/2026 18:45,192,624,188,0,0,620
06/12/2026 19:00,57,552,0,6,0,489
06/12/2026 19:15,27,499,0,7,0,465
06/12/2026 19:30,29,459,0,8,0,422
06/12/2026 19:45,26,452,0,178,3,251
06/12/2026 20:00,6,471,0,472,7,0
06/12/2026 20:15,0,409,0,415,6,0
06/12/2026 20:30,0,400,0,407,7,0
06/12/2026 20:45,0,495,0,502,7,0
06/12/2026 21:00,0,603,0,610,7,0
06/12/2026 21:15,0,511,0,517,6,0
06/12/2026 21:30,0,868,0,874,6,0
06/12/2026 21:45,0,721,0,728,7,0
06/12/2026 22:00,0,746,0,753,7,0
06/12/2026 22:15,0,414,0,420,6,0
06/12/2026 22:30,0,366,0,372,6,0
06/12/2026 22:45,0,397,0,403,6,0
06/12/2026 23:00,0,460,0,466,6,0
06/12/2026 23:15,0,497,0,505,8,0
06/12/2026 23:30,0,454,0,460,6,0
06/12/2026 23:45,0,438,0,444,6,0
06/13/2026 00:00,0,495,0,503,8,0
06/13/2026 00:15,0,390,0,396,6,0
06/13/2026 00:30,0,296,0,303,7,0
06/13/2026 00:45,0,279,0,286,7,0
06/13/2026 01:00,0,301,0,307,6,0
06/13/2026 01:15,0,304,0,311,7,0
06/13/2026 01:30,0,346,0,353,7,0
06/13/2026 01:45,0,274,0,280,6,0
06/13/2026 02:00,0,349,0,356,7,0
06/13/2026 02:15,0,338,0,344,7,1
06/13/2026 02:30,0,349,0,355,6,0
06/13/2026 02:45,0,293,0,300,7,0
06/13/2026 03:00,0,253,0,259,6,0
06/13/2026 03:15,0,179,0,186,7,0
06/13/2026 03:30,0,306,0,313,7,0
06/13/2026 03:45,0,389,0,395,6,0
06/13/2026 04:00,0,281,0,287,6,0
06/13/2026 04:15,0,293,0,301,8,0
06/13/2026 04:30,0,313,0,319,6,0
06/13/2026 04:45,0,121,0,129,8,0
06/13/2026 05:00,0,301,0,307,6,0
06/13/2026 05:15,21,348,0,341,14,0
06/13/2026 05:30,112,161,0,153,104,0
06/13/2026 05:45,221,160,0,155,216,0
06/13/2026 06:00,267,286,0,74,55,0
06/13/2026 06:15,406,503,0,125,28,0
06/13/2026 06:30,194,315,0,139,18,0
06/13/2026 06:45,203,302,0,111,12,0
06/13/2026 07:00,309,632,0,323,0,0
06/13/2026 07:15,355,681,0,326,0,0
06/13/2026 07:30,970,1204,0,234,0,0
06/13/2026 07:45,1033,1615,0,582,0,0
06/13/2026 08:00,1107,1596,0,489,0,0
06/13/2026 08:15,1171,1512,0,341,0,0
06/13/2026 08:30,1239,1548,0,309,0,0
06/13/2026 08:45,1297,1611,0,314,0,0
06/13/2026 09:00,1350,1669,0,319,0,0
06/13/2026 09:15,1397,1724,0,327,0,0
06/13/2026 09:30,1448,1785,0,337,0,0
06/13/2026 09:45,1500,1812,0,312,0,0
06/13/2026 10:00,1544,1511,33,0,0,0
06/13/2026 10:15,1602,342,1058,0,202,0
06/13/2026 10:30,1656,312,1191,0,153,0
06/13/2026 10:45,1691,155,1510,0,26,0
06/13/2026 11:00,1736,984,727,0,25,0
06/13/2026 11:15,1778,995,772,0,11,0
06/13/2026 11:30,1790,1026,723,0,41,0
06/13/2026 11:45,1807,1258,544,0,5,0
06/13/2026 12:00,1835,1391,432,0,12,0
06/13/2026 12:15,1845,1370,441,0,34,0
06/13/2026 12:30,1818,1185,600,0,33,0
06/13/2026 12:45,1795,515,1261,0,19,0
06/13/2026 13:00,1789,433,1349,0,7,0
06/13/2026 13:15,1790,390,1374,0,26,0
06/13/2026 13:30,1768,348,1414,0,6,0
06/13/2026 13:45,1748,322,1420,0,6,0
06/13/2026 14:00,1707,357,1697,0,2,349
06/13/2026 14:15,1624,367,1621,0,0,364
06/13/2026 14:30,1577,377,1572,0,0,372
06/13/2026 14:45,1530,621,1526,0,0,617
06/13/2026 15:00,1462,476,1452,0,0,466
06/13/2026 15:15,1361,462,1359,0,0,460
06/13/2026 15:30,1274,394,1270,0,0,390
06/13/2026 15:45,1206,336,1202,0,0,332
06/13/2026 16:00,1121,377,1117,0,0,373
06/13/2026 16:15,995,368,990,0,0,363
06/13/2026 16:30,917,348,912,0,0,343
06/13/2026 16:45,834,345,831,0,0,342
06/13/2026 17:00,760,364,755,0,0,359
06/13/2026 17:15,687,385,683,0,0,381
06/13/2026 17:30,610,724,604,0,0,718
06/13/2026 17:45,523,492,518,0,0,487
06/13/2026 18:00,382,363,374,0,0,355
06/13/2026 18:15,232,439,226,0,0,433
06/13/2026 18:30,139,628,133,0,0,622
06/13/2026 18:45,97,340,96,0,0,339
06/13/2026 19:00,86,320,0,1,0,233
06/13/2026 19:15,72,373,0,9,0,292
06/13/2026 19:30,60,335,0,6,0,269
06/13/2026 19:45,34,455,0,9,0,412
06/13/2026 20:00,11,524,0,6,0,507
06/13/2026 20:15,0,490,0,6,0,484
06/13/2026 20:30,0,574,0,8,0,566
06/13/2026 20:45,0,1216,0,7,0,1209
06/13/2026 21:00,0,1820,0,1363,5,462
06/13/2026 21:15,0,759,0,766,7,0
06/13/2026 21:30,0,529,0,535,6,0
06/13/2026 21:45,0,373,0,380,7,0
06/13/2026 22:00,0,380,0,387,7,0
06/13/2026 22:15,0,410,0,416,6,0
06/13/2026 22:30,0,345,0,352,7,0
06/13/2026 22:45,0,345,0,351,6,0
06/13/2026 23:00,0,415,0,422,7,0
06/13/2026 23:15,0,257,0,263,6,0
06/13/2026 23:30,0,265,0,272,7,0
06/13/2026 23:45,0,509,0,515,6,0
06/14/2026 00:00,0,373,0,381,8,0
06/14/2026 00:15,0,291,0,297,6,0
06/14/2026 00:30,0,292,0,298,6,0
06/14/2026 00:45,0,315,0,323,8,0
06/14/2026 01:00,0,345,0,351,6,0
06/14/2026 01:15,0,244,0,252,8,0
06/14/2026 01:30,0,131,0,137,6,0
06/14/2026 01:45,0,138,0,145,7,0
06/14/2026 02:00,0,293,0,300,7,0
06/14/2026 02:15,0,282,0,288,6,0
06/14/2026 02:30,0,285,0,293,8,0
06/14/2026 02:45,0,342,0,348,6,0
06/14/2026 03:00,0,187,0,195,8,0
06/14/2026 03:15,0,146,0,152,6,0
06/14/2026 03:30,0,268,0,274,6,0
06/14/2026 03:45,0,184,0,192,8,0
06/14/2026 04:00,0,119,0,125,6,0
06/14/2026 04:15,0,148,0,156,8,0
06/14/2026 04:30,0,202,0,208,6,0
06/14/2026 04:45,0,293,0,301,8,0
06/14/2026 05:00,0,173,0,179,6,0
06/14/2026 05:15,35,114,0,107,28,0
06/14/2026 05:30,124,119,0,111,116,0
06/14/2026 05:45,236,343,0,204,97,0
06/14/2026 06:00,243,270,0,119,92,0
06/14/2026 06:15,273,149,0,10,134,0
06/14/2026 06:30,273,131,132,0,177,167
06/14/2026 06:45,241,127,98,0,176,160
06/14/2026 07:00,433,334,0,317,416,0
06/14/2026 07:15,789,151,0,149,787,0
06/14/2026 07:30,758,200,0,197,755,0
06/14/2026 07:45,799,471,0,468,796,0
06/14/2026 08:00,1061,280,0,278,1059,0
06/14/2026 08:15,1107,151,0,147,1103,0
06/14/2026 08:30,1165,117,0,111,1159,0
06/14/2026 08:45,1225,124,0,118,1219,0
06/14/2026 09:00,1272,235,0,233,1270,0
06/14/2026 09:15,1319,184,0,181,1316,0
06/14/2026 09:30,1362,123,0,123,1362,0
06/14/2026 09:45,1379,137,0,130,1372,0
06/14/2026 10:00,1422,132,0,107,1397,0
06/14/2026 10:15,1542,135,1123,0,284,0
06/14/2026 10:30,1606,173,1286,0,147,0
06/14/2026 10:45,1615,1249,305,0,61,0
06/14/2026 11:00,1693,1292,380,0,21,0
06/14/2026 11:15,1719,384,1328,0,7,0
06/14/2026 11:30,1754,164,1532,0,58,0
06/14/2026 11:45,1772,158,1596,0,18,0
06/14/2026 12:00,1786,160,1612,0,14,0
06/14/2026 12:15,1815,138,1665,0,12,0
06/14/2026 12:30,1745,127,1605,0,13,0
06/14/2026 12:45,1555,428,1112,0,15,0
06/14/2026 13:00,1287,754,517,0,16,0
06/14/2026 13:15,1071,728,325,0,18,0
06/14/2026 13:30,1085,660,419,0,6,0
06/14/2026 13:45,1253,374,873,0,6,0
06/14/2026 14:00,1551,443,1551,0,2,445
06/14/2026 14:15,1255,984,1238,0,0,967
06/14/2026 14:30,503,746,508,0,0,751
06/14/2026 14:45,1000,481,991,0,0,472
06/14/2026 15:00,1370,549,1360,0,0,539
06/14/2026 15:15,731,673,724,0,0,666
06/14/2026 15:30,429,598,428,0,0,597
06/14/2026 15:45,255,666,247,0,0,658
06/14/2026 16:00,375,147,377,0,0,149
06/14/2026 16:15,637,148,633,0,0,144
06/14/2026 16:30,843,139,840,0,0,136
06/14/2026 16:45,601,119,596,0,0,114
06/14/2026 17:00,642,148,637,0,0,143
06/14/2026 17:15,509,128,505,0,0,124
06/14/2026 17:30,419,151,415,0,0,147
06/14/2026 17:45,496,280,486,0,0,270
06/14/2026 18:00,402,564,399,0,0,561
06/14/2026 18:15,222,524,216,0,0,518
06/14/2026 18:30,191,663,188,0,0,660
06/14/2026 18:45,140,427,139,0,0,426
06/14/2026 19:00,51,294,0,5,0,238
06/14/2026 19:15,20,338,0,6,0,312
06/14/2026 19:30,5,432,0,9,0,418
06/14/2026 19:45,0,422,0,8,0,414
06/14/2026 20:00,0,491,0,6,0,485
06/14/2026 20:15,0,385,0,8,0,377
06/14/2026 20:30,0,367,0,6,0,361
06/14/2026 20:45,0,582,0,12,0,570
06/14/2026 21:00,0,752,1,0,0,753
06/14/2026 21:15,0,586,0,108,0,478
06/14/2026 21:30,0,830,0,838,8,0
06/14/2026 21:45,0,816,0,822,6,0
06/14/2026 22:00,0,659,0,665,6,0
06/14/2026 22:15,0,330,0,336,6,0
06/14/2026 22:30,0,311,0,318,7,0
06/14/2026 22:45,0,241,0,248,7,0
06/14/2026 23:00,0,459,0,465,6,0
06/14/2026 23:15,0,495,0,501,7,1
06/14/2026 23:30,0,354,0,361,7,0
06/14/2026 23:45,0,283,0,289,6,0
06/15/2026 00:00,0,300,0,306,6,0
06/15/2026 00:15,0,433,0,439,6,0
06/15/2026 00:30,0,363,0,370,7,0
06/15/2026 00:45,0,206,0,213,7,0
06/15/2026 01:00,0,245,0,251,6,0
06/15/2026 01:15,0,254,0,260,6,0
06/15/2026 01:30,0,134,0,141,7,0
06/15/2026 01:45,0,115,0,122,7,0
06/15/2026 02:00,0,314,0,320,6,0
06/15/2026 02:15,0,535,0,541,6,0
06/15/2026 02:30,0,258,0,265,7,0
06/15/2026 02:45,0,133,0,139,6,0
06/15/2026 03:00,0,116,0,123,7,0
06/15/2026 03:15,0,205,0,211,6,0
06/15/2026 03:30,0,332,0,339,7,0
06/15/2026 03:45,0,188,0,194,6,0
06/15/2026 04:00,0,127,0,134,7,0
06/15/2026 04:15,0,126,0,133,7,0
06/15/2026 04:30,0,331,0,338,7,0
06/15/2026 04:45,0,433,0,440,7,0
06/15/2026 05:00,0,413,0,420,7,0
06/15/2026 05:15,0,127,0,133,6,0
06/15/2026 05:30,0,113,0,120,7,0
06/15/2026 05:45,7,118,0,120,9,0
06/15/2026 06:00,40,136,0,131,35,0
06/15/2026 06:15,102,134,0,131,99,0
06/15/2026 06:30,201,154,0,146,193,0
06/15/2026 06:45,252,139,0,10,123,0
06/15/2026 07:00,260,376,0,355,239,0
06/15/2026 07:15,433,330,0,275,378,0
06/15/2026 07:30,498,183,0,117,432,0
06/15/2026 07:45,869,231,0,114,752,0
06/15/2026 08:00,730,198,0,82,614,0
06/15/2026 08:15,783,321,0,263,725,0
06/15/2026 08:30,775,362,0,260,673,0
06/15/2026 08:45,317,200,0,201,318,0
06/15/2026 09:00,239,227,0,223,235,0
06/15/2026 09:15,520,198,0,193,515,0
06/15/2026 09:30,495,157,0,149,487,0
06/15/2026 09:45,1066,185,0,131,1012,0
06/15/2026 10:00,1503,170,0,71,1404,0
06/15/2026 10:15,932,172,0,62,822,0
06/15/2026 10:30,949,140,8,0,801,0
06/15/2026 10:45,727,143,0,121,705,0
06/15/2026 11:00,775,199,0,197,773,0
06/15/2026 11:15,1252,318,0,268,1202,0
06/15/2026 11:30,1506,211,0,115,1410,0
06/15/2026 11:45,1005,169,0,51,887,0
06/15/2026 12:00,1900,940,794,0,166,0
06/15/2026 12:15,1422,1117,229,0,76,0
06/15/2026 12:30,818,1082,0,264,0,0
06/15/2026 12:45,1247,2148,0,926,25,0
06/15/2026 13:00,1659,1578,32,0,49,0
06/15/2026 13:15,758,1047,0,325,36,0
06/15/2026 13:30,1645,1192,449,0,4,0
06/15/2026 13:45,1930,506,1401,0,23,0
06/15/2026 14:00,1221,153,1233,0,0,165
06/15/2026 14:15,1359,136,1356,0,0,133
06/15/2026 14:30,1528,166,1523,0,0,161
06/15/2026 14:45,765,166,761,0,0,162
06/15/2026 15:00,1358,173,1355,0,0,170
06/15/2026 15:15,1141,167,1135,0,0,161
06/15/2026 15:30,992,254,992,0,0,254
06/15/2026 15:45,1019,158,1015,0,0,154
06/15/2026 16:00,740,168,736,0,0,164
06/15/2026 16:15,1058,134,1056,0,0,132
06/15/2026 16:30,963,125,958,0,0,120
06/15/2026 16:45,863,148,857,0,0,142
06/15/2026 17:00,620,651,609,0,0,640
06/15/2026 17:15,580,467,582,0,0,469
06/15/2026 17:30,452,434,443,0,0,425
06/15/2026 17:45,641,684,630,0,0,673
06/15/2026 18:00,445,483,448,0,0,486
06/15/2026 18:15,314,304,310,0,0,300
06/15/2026 18:30,285,314,280,0,0,309
06/15/2026 18:45,194,295,189,0,0,290
06/15/2026 19:00,158,293,0,0,0,135
06/15/2026 19:15,147,497,0,8,0,342
06/15/2026 19:30,76,313,0,6,0,231
06/15/2026 19:45,29,288,0,7,0,252
06/15/2026 20:00,8,306,0,6,0,292
06/15/2026 20:15,0,306,0,6,0,300
06/15/2026 20:30,0,430,0,9,0,421
06/15/2026 20:45,0,374,0,0,0,374
06/15/2026 21:00,0,411,0,10,0,401
06/15/2026 21:15,0,323,0,5,0,318
06/15/2026 21:30,0,775,0,13,0,762
06/15/2026 21:45,0,943,0,5,0,938
06/15/2026 22:00,0,584,0,1,0,583
06/15/2026 22:15,0,579,0,9,0,570
06/15/2026 22:30,0,424,0,5,0,419
06/15/2026 22:45,0,369,0,8,0,361
06/15/2026 23:00,0,287,0,7,0,280
06/15/2026 23:15,0,300,0,6,0,294
06/15/2026 23:30,0,248,0,229,6,25
06/15/2026 23:45,0,278,0,285,7,0
06/16/2026 00:00,0,278,0,284,6,0
06/16/2026 00:15,0,246,0,252,6,0
06/16/2026 00:30,0,117,0,124,7,0
06/16/2026 00:45,0,140,0,147,7,0
06/16/2026 01:00,0,126,0,132,6,0
06/16/2026 01:15,0,221,0,227,6,0
06/16/2026 01:30,0,246,0,253,8,1
06/16/2026 01:45,0,176,0,182,6,0
06/16/2026 02:00,0,219,0,225,6,0
06/16/2026 02:15,0,268,0,275,7,0
06/16/2026 02:30,0,252,0,259,7,0
06/16/2026 02:45,0,123,0,129,6,0
06/16/2026 03:00,0,144,0,150,6,0
06/16/2026 03:15,0,155,0,162,7,0
06/16/2026 03:30,0,237,0,244,7,0
06/16/2026 03:45,0,129,0,135,6,0
06/16/2026 04:00,0,124,0,132,8,0
06/16/2026 04:15,0,134,0,140,6,0
06/16/2026 04:30,0,131,0,139,8,0
06/16/2026 04:45,0,142,0,148,6,0
06/16/2026 05:00,0,126,0,134,8,0
06/16/2026 05:15,2,111,0,115,6,0
06/16/2026 05:30,54,122,0,114,46,0
06/16/2026 05:45,213,141,0,84,156,0
06/16/2026 06:00,365,143,27,0,228,33
06/16/2026 06:15,444,209,0,8,243,0
06/16/2026 06:30,536,169,0,6,373,0
06/16/2026 06:45,634,347,0,8,295,0
06/16/2026 07:00,772,161,0,146,757,0
06/16/2026 07:15,882,141,0,136,877,0
06/16/2026 07:30,966,120,0,116,962,0
06/16/2026 07:45,1038,127,0,122,1033,0
06/16/2026 08:00,1117,135,0,131,1113,0
06/16/2026 08:15,1186,136,0,128,1178,0
06/16/2026 08:30,1254,132,0,133,1255,0
06/16/2026 08:45,1303,120,0,121,1304,0
06/16/2026 09:00,1356,128,0,125,1353,0
06/16/2026 09:15,1404,142,0,136,1398,0
06/16/2026 09:30,1454,129,0,130,1455,0
06/16/2026 09:45,1509,150,891,0,468,0
06/16/2026 10:00,1567,126,1287,0,154,0
06/16/2026 10:15,1614,119,1327,0,168,0
06/16/2026 10:30,1666,143,1460,0,63,0
06/16/2026 10:45,1709,123,1586,0,0,0
06/16/2026 11:00,1770,150,1581,0,39,0
06/16/2026 11:15,1732,131,1572,0,29,0
06/16/2026 11:30,1706,120,1576,0,10,0
06/16/2026 11:45,1533,136,1397,0,0,0
06/16/2026 12:00,1819,130,1651,0,38,0
06/16/2026 12:15,1744,147,1576,0,21,0
06/16/2026 12:30,1841,135,1703,0,3,0
06/16/2026 12:45,1876,118,1715,0,43,0
06/16/2026 13:00,1699,128,1558,0,13,0
06/16/2026 13:15,1766,134,1622,0,10,0
06/16/2026 13:30,1805,140,1659,0,6,0
06/16/2026 13:45,1748,146,1582,0,20,0
06/16/2026 14:00,1780,118,1795,0,0,133
06/16/2026 14:15,1667,124,1663,0,0,120
06/16/2026 14:30,1640,143,1639,0,0,142
06/16/2026 14:45,1612,134,1607,0,0,129
06/16/2026 15:00,1540,145,1537,0,0,142
06/16/2026 15:15,1241,118,1239,0,0,116
06/16/2026 15:30,1289,115,1285,0,0,111
06/16/2026 15:45,1199,138,1194,0,0,133
06/16/2026 16:00,1084,125,1079,0,0,120
06/16/2026 16:15,1063,145,1060,0,0,142
06/16/2026 16:30,1001,119,999,0,0,117
06/16/2026 16:45,858,119,851,0,0,112
06/16/2026 17:00,725,393,717,0,0,385
06/16/2026 17:15,574,210,573,0,0,209
06/16/2026 17:30,455,181,446,0,0,172
06/16/2026 17:45,269,171,266,0,0,168
06/16/2026 18:00,438,347,428,0,0,337
06/16/2026 18:15,296,332,293,0,0,329
06/16/2026 18:30,213,429,206,0,0,422
06/16/2026 18:45,107,434,99,0,0,426
06/16/2026 19:00,77,593,0,8,0,508
06/16/2026 19:15,89,492,0,4,0,399
06/16/2026 19:30,43,577,0,8,0,526
06/16/2026 19:45,29,620,0,5,0,586
06/16/2026 20:00,11,481,0,7,0,463
06/16/2026 20:15,2,467,0,2,0,463
06/16/2026 20:30,0,192,0,6,0,186
06/16/2026 20:45,0,296,0,7,0,289
06/16/2026 21:00,0,395,0,6,0,389
06/16/2026 21:15,0,221,1,0,0,222
06/16/2026 21:30,0,409,0,9,0,400
06/16/2026 21:45,0,558,0,8,0,550
06/16/2026 22:00,0,458,0,6,0,452
06/16/2026 22:15,0,412,0,6,0,406
06/16/2026 22:30,0,299,0,5,0,294
06/16/2026 22:45,0,166,0,6,0,160
06/16/2026 23:00,0,249,0,7,0,242
06/16/2026 23:15,0,334,0,8,0,326
06/16/2026 23:30,0,281,0,3,0,278
06/16/2026 23:45,0,123,0,6,0,117
06/17/2026 00:00,0,284,0,7,0,277
06/17/2026 00:15,0,172,0,5,0,167
06/17/2026 00:30,0,149,0,6,0,143
06/17/2026 00:45,0,127,0,8,0,119
06/17/2026 01:00,0,132,0,6,0,126
06/17/2026 01:15,0,252,0,7,0,245
06/17/2026 01:30,0,164,0,4,0,160
06/17/2026 01:45,0,145,0,6,0,139
06/17/2026 02:00,0,124,0,29,2,97
06/17/2026 02:15,0,113,0,121,8,0
06/17/2026 02:30,0,135,0,141,6,0
06/17/2026 02:45,0,137,0,145,8,0
06/17/2026 03:00,0,141,0,147,6,0
06/17/2026 03:15,0,129,0,136,7,0
06/17/2026 03:30,0,120,0,127,7,0
06/17/2026 03:45,0,135,0,143,8,0
06/17/2026 04:00,0,174,0,180,6,0
06/17/2026 04:15,0,290,0,298,8,0
06/17/2026 04:30,0,260,0,266,6,0
06/17/2026 04:45,0,168,0,176,8,0
06/17/2026 05:00,0,125,0,131,6,0
06/17/2026 05:15,5,127,0,130,8,0
06/17/2026 05:30,46,139,0,99,6,0
06/17/2026 05:45,146,128,0,26,44,0
06/17/2026 06:00,327,118,44,0,239,74
06/17/2026 06:15,181,128,44,0,92,83
06/17/2026 06:30,198,140,38,0,88,68
06/17/2026 06:45,302,151,93,0,235,177
06/17/2026 07:00,305,243,0,236,298,0
06/17/2026 07:15,707,209,0,201,699,0
06/17/2026 07:30,757,133,0,132,756,0
06/17/2026 07:45,998,132,0,127,993,0
06/17/2026 08:00,1081,142,0,135,1074,0
06/17/2026 08:15,1113,128,0,117,1102,0
06/17/2026 08:30,1205,114,0,108,1199,0
06/17/2026 08:45,1161,139,0,75,1097,0
06/17/2026 09:00,1370,140,0,132,1362,0
06/17/2026 09:15,1414,143,0,131,1402,0
06/17/2026 09:30,1347,141,0,83,1289,0
06/17/2026 09:45,1553,112,0,111,1552,0
06/17/2026 10:00,1238,113,146,0,979,0
06/17/2026 10:15,818,191,405,0,222,0
06/17/2026 10:30,530,147,192,0,191,0
06/17/2026 10:45,757,155,449,0,153,0
06/17/2026 11:00,1560,124,1283,0,153,0
06/17/2026 11:15,680,126,479,0,75,0
06/17/2026 11:30,736,151,585,0,0,0
06/17/2026 11:45,877,134,737,0,6,0
06/17/2026 12:00,1523,158,1295,0,70,0
06/17/2026 12:15,1691,298,1358,0,35,0
06/17/2026 12:30,1830,128,1697,0,5,0
06/17/2026 12:45,662,147,501,0,14,0
06/17/2026 13:00,1238,155,1058,0,25,0
06/17/2026 13:15,660,129,528,0,3,0
06/17/2026 13:30,573,216,350,0,7,0
06/17/2026 13:45,1518,185,1311,0,22,0
06/17/2026 14:00,708,135,717,0,1,145
06/17/2026 14:15,529,160,526,0,0,157
06/17/2026 14:30,1141,124,1138,0,0,121
06/17/2026 14:45,932,214,927,0,0,209
06/17/2026 15:00,779,155,776,0,0,152
06/17/2026 15:15,705,136,701,0,0,132
06/17/2026 15:30,1135,126,1133,0,0,124
06/17/2026 15:45,505,137,499,0,0,131
06/17/2026 16:00,553,153,549,0,0,149
06/17/2026 16:15,509,141,505,0,0,137
06/17/2026 16:30,439,343,430,0,0,334
06/17/2026 16:45,522,406,518,0,0,402
06/17/2026 17:00,785,333,779,0,0,327
06/17/2026 17:15,456,328,452,0,0,324
06/17/2026 17:30,478,215,473,0,0,210
06/17/2026 17:45,340,252,336,0,0,248
06/17/2026 18:00,416,167,412,0,0,163
06/17/2026 18:15,290,151,285,0,0,146
06/17/2026 18:30,167,416,160,0,0,409
06/17/2026 18:45,106,450,101,0,0,445
06/17/2026 19:00,77,457,0,3,0,377
06/17/2026 19:15,75,466,0,6,0,385
06/17/2026 19:30,43,387,0,7,0,337
06/17/2026 19:45,18,390,0,9,0,363
06/17/2026 20:00,8,380,0,4,0,368
06/17/2026 20:15,0,529,0,6,0,523
06/17/2026 20:30,0,403,0,6,0,397
06/17/2026 20:45,0,638,0,3,0,635
06/17/2026 21:00,0,468,2,0,0,470
06/17/2026 21:15,0,552,0,3,0,549
06/17/2026 21:30,0,691,0,7,0,684
06/17/2026 21:45,0,729,0,5,0,724
06/17/2026 22:00,0,427,0,8,0,419
06/17/2026 22:15,0,490,0,6,0,484
06/17/2026 22:30,0,334,0,6,0,328
06/17/2026 22:45,0,319,0,4,0,315
06/17/2026 23:00,0,287,0,8,0,279
06/17/2026 23:15,0,283,0,5,0,278
06/17/2026 23:30,0,182,0,4,0,178
06/17/2026 23:45,0,120,0,6,0,114
06/18/2026 00:00,0,329,0,219,3,113
06/18/2026 00:15,0,163,0,171,8,0
06/18/2026 00:30,0,251,0,257,6,0
06/18/2026 00:45,0,208,0,214,6,0
06/18/2026 01:00,0,260,0,268,8,0
06/18/2026 01:15,0,136,0,142,6,0
06/18/2026 01:30,0,187,0,193,6,0
06/18/2026 01:45,0,269,0,277,8,0
06/18/2026 02:00,0,190,0,196,6,0
06/18/2026 02:15,0,155,0,162,7,0
06/18/2026 02:30,0,244,0,251,7,0
06/18/2026 02:45,0,125,0,132,7,0
06/18/2026 03:00,0,151,0,158,7,0
06/18/2026 03:15,0,138,0,144,6,0
06/18/2026 03:30,0,122,0,130,8,0
06/18/2026 03:45,0,141,0,147,6,0
06/18/2026 04:00,0,156,0,164,8,0
06/18/2026 04:15,0,134,0,140,6,0
06/18/2026 04:30,0,119,0,127,8,0
06/18/2026 04:45,0,119,0,126,7,0
06/18/2026 05:00,0,149,0,156,7,0
06/18/2026 05:15,0,138,0,144,6,0
06/18/2026 05:30,0,124,0,132,8,0
06/18/2026 05:45,15,344,0,339,10,0
06/18/2026 06:00,114,299,0,288,103,0
06/18/2026 06:15,145,233,0,131,43,0
06/18/2026 06:30,164,184,0,42,22,0
06/18/2026 06:45,335,199,0,9,145,0
06/18/2026 07:00,150,168,0,160,142,0
06/18/2026 07:15,251,293,0,286,244,0
06/18/2026 07:30,237,173,0,174,238,0
06/18/2026 07:45,239,291,0,287,235,0
06/18/2026 08:00,137,277,0,278,138,0
06/18/2026 08:15,146,209,0,206,143,0
06/18/2026 08:30,273,211,0,202,264,0
06/18/2026 08:45,460,175,0,169,454,0
06/18/2026 09:00,523,189,0,190,524,0
06/18/2026 09:15,351,269,0,274,356,0
06/18/2026 09:30,523,257,0,249,515,0
06/18/2026 09:45,1127,184,0,72,1015,0
06/18/2026 10:00,1070,219,0,45,896,0
06/18/2026 10:15,1161,162,0,4,1003,0
06/18/2026 10:30,982,123,0,48,907,0
06/18/2026 10:45,571,144,0,143,570,0
06/18/2026 11:00,324,131,0,131,324,0
06/18/2026 11:15,572,112,0,101,561,0
06/18/2026 11:30,955,123,0,118,950,0
06/18/2026 11:45,1071,136,0,80,1015,0
06/18/2026 12:00,673,130,0,107,650,0
06/18/2026 12:15,351,145,0,140,346,0
06/18/2026 12:30,383,118,0,113,378,0
06/18/2026 12:45,332,176,0,177,333,0
06/18/2026 13:00,196,195,0,194,195,0
06/18/2026 13:15,162,121,0,120,161,0
06/18/2026 13:30,113,145,0,141,109,0
06/18/2026 13:45,109,121,0,118,106,0
06/18/2026 14:00,305,118,316,0,3,132
06/18/2026 14:15,444,124,439,0,0,119
06/18/2026 14:30,944,146,941,0,0,143
06/18/2026 14:45,564,139,558,0,0,133
06/18/2026 15:00,1143,135,1140,0,0,132
06/18/2026 15:15,1440,125,1439,0,0,124
06/18/2026 15:30,1347,186,1344,0,0,183
06/18/2026 15:45,1086,205,1081,0,0,200
06/18/2026 16:00,468,225,464,0,0,221
06/18/2026 16:15,662,200,657,0,0,195
06/18/2026 16:30,963,245,959,0,0,241
06/18/2026 16:45,854,179,0,188,1004,141
06/18/2026 17:00,545,142,0,2337,2740,0
06/18/2026 17:15,521,203,52,0,310,44
06/18/2026 17:30,331,231,327,0,0,227
06/18/2026 17:45,85,129,81,0,0,125
06/18/2026 18:00,0,119,0,4,0,115
06/18/2026 18:15,0,278,0,8,0,270
06/18/2026 18:30,8,469,0,2,0,459
06/18/2026 18:45,22,414,20,0,0,412
06/18/2026 19:00,30,337,1,0,0,308
06/18/2026 19:15,27,412,0,8,0,377
06/18/2026 19:30,8,292,0,2,0,282
06/18/2026 19:45,5,196,0,4,0,187
06/18/2026 20:00,5,252,0,9,0,238
06/18/2026 20:15,2,528,0,12,0,514
06/18/2026 20:30,0,325,0,1,0,324
06/18/2026 20:45,0,1533,0,7,0,1526
06/18/2026 21:00,0,931,3,0,0,934
06/18/2026 21:15,0,285,0,8,0,277
06/18/2026 21:30,0,572,0,9,0,563
06/18/2026 21:45,0,567,0,5,0,562
06/18/2026 22:00,0,684,0,5,0,679
06/18/2026 22:15,0,530,0,4,0,526
06/18/2026 22:30,0,574,0,5,0,569
06/18/2026 22:45,0,477,0,6,0,471
06/18/2026 23:00,0,389,0,6,0,383
06/18/2026 23:15,0,222,0,5,0,217
06/18/2026 23:30,0,289,0,9,0,280
06/18/2026 23:45,0,239,0,3,0,236
06/19/2026 00:00,0,257,0,8,0,249
06/19/2026 00:15,0,288,0,6,0,282
06/19/2026 00:30,0,220,0,5,0,215
06/19/2026 00:45,0,282,0,9,0,273
06/19/2026 01:00,0,279,0,2,0,277
06/19/2026 01:15,0,146,0,72,2,76
06/19/2026 01:30,0,139,0,146,7,0
06/19/2026 01:45,0,120,0,127,7,0
06/19/2026 02:00,0,124,0,132,8,0
06/19/2026 02:15,0,148,0,154,6,0
06/19/2026 02:30,0,152,0,159,7,0
06/19/2026 02:45,0,121,0,128,7,0
06/19/2026 03:00,0,171,0,177,6,0
06/19/2026 03:15,0,241,0,249,8,0
06/19/2026 03:30,0,268,0,274,6,0
06/19/2026 03:45,0,336,0,342,6,0
06/19/2026 04:00,0,267,0,274,7,0
06/19/2026 04:15,0,143,0,150,7,0
06/19/2026 04:30,0,131,0,138,7,0
06/19/2026 04:45,0,134,0,141,7,0
06/19/2026 05:00,7,251,0,251,7,0
06/19/2026 05:15,20,139,0,131,12,0
06/19/2026 05:30,71,117,0,88,42,0
06/19/2026 05:45,170,116,0,34,88,0
06/19/2026 06:00,410,144,23,0,271,28
06/19/2026 06:15,502,126,0,8,384,0
06/19/2026 06:30,334,147,0,8,195,0
06/19/2026 06:45,612,132,0,3,483,0
06/19/2026 07:00,673,221,0,196,648,0
06/19/2026 07:15,406,217,0,216,405,0
06/19/2026 07:30,509,197,0,177,489,0
06/19/2026 07:45,744,192,0,149,701,0
06/19/2026 08:00,806,247,0,197,756,0
06/19/2026 08:15,754,161,0,97,690,0
06/19/2026 08:30,914,158,0,133,889,0
06/19/2026 08:45,949,159,0,100,890,0
06/19/2026 09:00,1172,205,0,163,1130,0
06/19/2026 09:15,1077,137,0,86,1026,0
06/19/2026 09:30,1408,153,0,63,1318,0
06/19/2026 09:45,1483,137,0,47,1393,0
06/19/2026 10:00,1642,165,0,158,1635,0
06/19/2026 10:15,1668,139,672,0,857,0
06/19/2026 10:30,1520,134,1181,0,205,0
06/19/2026 10:45,1631,149,1307,0,175,0
06/19/2026 11:00,1560,134,1310,0,116,0
06/19/2026 11:15,1665,148,1454,0,63,0
06/19/2026 11:30,1755,131,1619,0,5,0
06/19/2026 11:45,1462,121,1290,0,51,0
06/19/2026 12:00,1688,173,1472,0,43,0
06/19/2026 12:15,1781,235,1536,0,10,0
06/19/2026 12:30,1885,127,1749,0,9,0
06/19/2026 12:45,1880,139,1727,0,14,0
06/19/2026 13:00,1685,117,1552,0,16,0
06/19/2026 13:15,1681,216,1457,0,8,0
06/19/2026 13:30,1577,611,956,0,10,0
06/19/2026 13:45,1740,257,1477,0,6,0
06/19/2026 14:00,1382,259,1387,0,0,264
06/19/2026 14:15,1427,528,1422,0,0,523
06/19/2026 14:30,1261,359,1257,0,0,355
06/19/2026 14:45,1283,269,1282,0,0,268
06/19/2026 15:00,1278,297,1269,0,0,288
06/19/2026 15:15,1499,425,1499,0,0,425
06/19/2026 15:30,900,381,892,0,0,373
06/19/2026 15:45,585,374,586,0,0,375
06/19/2026 16:00,823,151,818,0,0,146
06/19/2026 16:15,1121,124,1119,0,0,122
06/19/2026 16:30,1023,119,1020,0,0,116
06/19/2026 16:45,892,149,886,0,0,143
06/19/2026 17:00,806,143,804,0,0,141
06/19/2026 17:15,723,124,718,0,0,119
06/19/2026 17:30,638,196,630,0,0,188
06/19/2026 17:45,552,388,544,0,0,380
06/19/2026 18:00,409,268,397,0,0,256
06/19/2026 18:15,257,241,253,0,0,237
06/19/2026 18:30,151,461,145,0,0,455
06/19/2026 18:45,101,534,95,0,0,528
06/19/2026 19:00,74,521,0,1,0,446
06/19/2026 19:15,55,434,0,9,0,370
06/19/2026 19:30,41,405,0,7,0,357
06/19/2026 19:45,27,226,0,5,0,194
06/19/2026 20:00,10,135,0,7,0,118
06/19/2026 20:15,2,209,0,8,0,199
06/19/2026 20:30,0,414,0,8,0,406
06/19/2026 20:45,0,347,0,5,0,342
06/19/2026 21:00,0,218,0,0,0,218
06/19/2026 21:15,0,275,0,9,0,266
06/19/2026 21:30,0,535,0,9,0,526
06/19/2026 21:45,0,645,0,7,0,638
06/19/2026 22:00,0,791,0,5,0,786
06/19/2026 22:15,0,808,0,7,0,801
06/19/2026 22:30,0,459,0,4,0,455
06/19/2026 22:45,0,175,0,4,0,171
06/19/2026 23:00,0,201,0,10,0,191
06/19/2026 23:15,0,412,0,7,0,405
06/19/2026 23:30,0,281,0,73,2,210
06/19/2026 23:45,0,268,0,276,8,0
06/20/2026 00:00,0,335,0,341,6,0
06/20/2026 00:15,0,339,0,346,7,0
06/20/2026 00:30,0,157,0,164,7,0
06/20/2026 00:45,0,131,0,139,8,0
06/20/2026 01:00,0,152,0,159,7,0
06/20/2026 01:15,0,128,0,135,7,0
06/20/2026 01:30,0,117,0,125,8,0
06/20/2026 01:45,0,204,0,211,7,0
06/20/2026 02:00,0,345,0,353,8,0
06/20/2026 02:15,0,257,0,264,7,0
06/20/2026 02:30,0,154,0,161,7,0
06/20/2026 02:45,0,139,0,147,8,0
06/20/2026 03:00,0,144,0,152,8,0
06/20/2026 03:15,0,119,0,126,7,0
06/20/2026 03:30,0,118,0,125,7,0
06/20/2026 03:45,0,247,0,255,8,0
06/20/2026 04:00,0,173,0,180,7,0
06/20/2026 04:15,0,122,0,129,7,0
06/20/2026 04:30,0,119,0,127,8,0
06/20/2026 04:45,0,140,0,147,7,0
06/20/2026 05:00,0,142,0,149,7,0
06/20/2026 05:15,4,113,0,117,8,0
06/20/2026 05:30,57,114,0,109,52,0
06/20/2026 05:45,144,138,0,109,115,0
06/20/2026 06:00,291,143,0,6,154,0
06/20/2026 06:15,393,192,27,0,220,46
06/20/2026 06:30,526,348,0,7,185,0
06/20/2026 06:45,593,306,0,2,289,0
06/20/2026 07:00,748,158,0,146,736,0
06/20/2026 07:15,863,152,0,143,854,0
06/20/2026 07:30,939,172,0,163,930,0
06/20/2026 07:45,1014,266,0,261,1009,0
06/20/2026 08:00,1089,328,0,326,1087,0
06/20/2026 08:15,1160,173,0,168,1155,0
06/20/2026 08:30,1225,120,0,116,1221,0
06/20/2026 08:45,1229,165,0,104,1168,0
06/20/2026 09:00,1352,184,0,161,1329,0
06/20/2026 09:15,1408,205,0,172,1375,0
06/20/2026 09:30,1417,519,0,475,1373,0
06/20/2026 09:45,1490,887,0,562,1165,0
06/20/2026 10:00,1400,421,776,0,203,0
06/20/2026 10:15,1385,160,1044,0,181,0
06/20/2026 10:30,1244,160,962,0,122,0
06/20/2026 10:45,1102,175,901,0,26,0
06/20/2026 11:00,1201,122,1062,0,17,0
06/20/2026 11:15,1559,234,1299,0,26,0
06/20/2026 11:30,1675,266,1359,0,50,0
06/20/2026 11:45,1862,133,1716,0,13,0
06/20/2026 12:00,1827,116,1708,0,3,0
06/20/2026 12:15,1601,148,1430,0,23,0
06/20/2026 12:30,1789,147,1614,0,28,0
06/20/2026 12:45,1608,410,1188,0,10,0
06/20/2026 13:00,1580,722,842,0,16,0
06/20/2026 13:15,1546,419,1117,0,10,0
06/20/2026 13:30,1767,165,1592,0,10,0
06/20/2026 13:45,1205,219,972,0,14,0
06/20/2026 14:00,508,513,515,0,0,520
06/20/2026 14:15,975,437,974,0,0,436
06/20/2026 14:30,1017,478,1010,0,0,471
06/20/2026 14:45,1565,556,1556,0,0,547
06/20/2026 15:00,1260,439,1262,0,0,441
06/20/2026 15:15,1379,229,1374,0,0,224
06/20/2026 15:30,1415,426,1408,0,0,419
06/20/2026 15:45,1192,558,1191,0,0,557
06/20/2026 16:00,1200,182,1198,0,0,180
06/20/2026 16:15,792,163,789,0,0,160
06/20/2026 16:30,592,173,587,0,0,168
06/20/2026 16:45,962,159,958,0,0,155
06/20/2026 17:00,773,252,770,0,0,249
06/20/2026 17:15,435,159,429,0,0,153
06/20/2026 17:30,696,352,694,0,0,350
06/20/2026 17:45,546,235,545,0,0,234
06/20/2026 18:00,502,144,499,0,0,141
06/20/2026 18:15,291,279,281,0,0,269
06/20/2026 18:30,166,530,162,0,0,526
06/20/2026 18:45,232,389,230,0,0,387
06/20/2026 19:00,116,391,0,5,0,270
06/20/2026 19:15,112,396,0,5,0,279
06/20/2026 19:30,75,341,0,7,0,259
06/20/2026 19:45,28,331,0,8,0,295
06/20/2026 20:00,12,347,0,8,0,327
06/20/2026 20:15,0,269,0,4,0,265
06/20/2026 20:30,0,817,0,13,0,804
06/20/2026 20:45,0,1583,0,7,0,1576
06/20/2026 21:00,0,1209,0,3,0,1206
06/20/2026 21:15,0,648,4,0,0,652
06/20/2026 21:30,0,775,0,421,4,358
06/20/2026 21:45,0,640,0,647,7,0
06/20/2026 22:00,0,317,0,324,7,0
06/20/2026 22:15,0,357,0,363,6,0
06/20/2026 22:30,0,416,0,423,7,0
06/20/2026 22:45,0,204,0,211,7,0
06/20/2026 23:00,0,224,0,230,6,0
06/20/2026 23:15,0,323,0,329,6,0
06/20/2026 23:30,0,382,0,390,8,0
06/20/2026 23:45,0,268,0,274,6,0
06/21/2026 00:00,0,297,0,304,7,0
06/21/2026 00:15,0,238,0,245,7,0
06/21/2026 00:30,0,134,0,140,6,0
06/21/2026 00:45,0,272,0,280,8,0
06/21/2026 01:00,0,328,0,334,6,0
06/21/2026 01:15,0,130,0,138,8,0
06/21/2026 01:30,0,118,0,124,6,0
06/21/2026 01:45,0,127,0,135,8,0
06/21/2026 02:00,0,200,0,206,6,0
06/21/2026 02:15,0,271,0,279,8,0
06/21/2026 02:30,0,178,0,184,6,0
06/21/2026 02:45,0,129,0,137,8,0
06/21/2026 03:00,0,160,0,167,7,0
06/21/2026 03:15,0,163,0,170,7,0
06/21/2026 03:30,0,263,0,270,7,0
06/21/2026 03:45,0,154,0,161,7,0
06/21/2026 04:00,0,158,0,165,7,0
06/21/2026 04:15,0,136,0,144,8,0
06/21/2026 04:30,0,124,0,131,7,0
06/21/2026 04:45,0,134,0,141,7,0
06/21/2026 05:00,0,148,0,156,8,0
06/21/2026 05:15,4,125,0,128,7,0
06/21/2026 05:30,69,116,0,103,56,0
06/21/2026 05:45,191,126,0,112,177,0
06/21/2026 06:00,337,229,0,7,115,0
06/21/2026 06:15,418,337,0,15,96,0
06/21/2026 06:30,505,288,65,0,259,107
06/21/2026 06:45,596,156,0,5,445,0
06/21/2026 07:00,730,161,0,149,718,0
06/21/2026 07:15,841,379,0,375,837,0
06/21/2026 07:30,944,264,0,256,936,0
06/21/2026 07:45,1103,239,0,238,1102,0
06/21/2026 08:00,498,210,0,209,497,0
06/21/2026 08:15,884,222,0,217,879,0
06/21/2026 08:30,1249,131,0,133,1251,0
06/21/2026 08:45,1114,140,0,129,1103,0
06/21/2026 09:00,1295,221,0,217,1291,0
06/21/2026 09:15,1364,195,0,192,1361,0
06/21/2026 09:30,1423,111,0,109,1421,0
06/21/2026 09:45,1566,132,0,126,1560,0
06/21/2026 10:00,1493,145,580,0,768,0
06/21/2026 10:15,1650,125,1350,0,175,0
06/21/2026 10:30,1681,122,1478,0,81,0
06/21/2026 10:45,1646,149,1497,0,0,0
06/21/2026 11:00,1678,141,1512,0,25,0
06/21/2026 11:15,1514,118,1344,0,52,0
06/21/2026 11:30,1148,129,997,0,22,0
06/21/2026 11:45,1206,149,1051,0,6,0
06/21/2026 12:00,1589,130,1432,0,27,0
06/21/2026 12:15,1534,119,1400,0,15,0
06/21/2026 12:30,1797,129,1659,0,9,0
06/21/2026 12:45,1677,1157,484,0,36,0
06/21/2026 13:00,1558,1313,227,0,18,0
06/21/2026 13:15,734,1185,0,462,11,0
06/21/2026 13:30,1392,1017,364,0,11,0
06/21/2026 13:45,1779,1274,485,0,20,0
06/21/2026 14:00,1408,525,1397,0,1,515
06/21/2026 14:15,1405,296,1404,0,0,295
06/21/2026 14:30,1779,389,1772,0,0,382
06/21/2026 14:45,1643,627,1642,0,0,626
06/21/2026 15:00,1554,176,1556,0,0,178
06/21/2026 15:15,1275,180,1268,0,0,173
06/21/2026 15:30,637,474,631,0,0,468
06/21/2026 15:45,433,559,428,0,0,554
06/21/2026 16:00,460,149,456,0,0,145
06/21/2026 16:15,360,140,358,0,0,138
06/21/2026 16:30,1044,118,1040,0,0,114
06/21/2026 16:45,665,146,660,0,0,141
06/21/2026 17:00,534,288,525,0,0,279
06/21/2026 17:15,481,184,480,0,0,183
06/21/2026 17:30,582,172,573,0,0,163
06/21/2026 17:45,666,177,663,0,0,174
06/21/2026 18:00,429,130,424,0,0,125
06/21/2026 18:15,259,197,250,0,0,188
06/21/2026 18:30,152,518,145,0,0,511
06/21/2026 18:45,128,498,122,0,0,492
06/21/2026 19:00,103,491,2,0,0,390
06/21/2026 19:15,74,456,0,6,0,376
06/21/2026 19:30,45,361,0,6,0,310
06/21/2026 19:45,26,394,0,8,0,360
06/21/2026 20:00,12,376,0,3,0,361
06/21/2026 20:15,0,395,0,9,0,386
06/21/2026 20:30,0,514,0,6,0,508
06/21/2026 20:45,0,389,0,6,0,383
06/21/2026 21:00,0,253,0,8,0,245
06/21/2026 21:15,0,442,7,0,0,449
06/21/2026 21:30,0,538,0,11,0,527
06/21/2026 21:45,0,708,0,4,0,704
06/21/2026 22:00,0,609,0,6,0,603
06/21/2026 22:15,0,352,0,5,0,347
06/21/2026 22:30,0,195,0,6,0,189
06/21/2026 22:45,0,360,0,8,0,352
06/21/2026 23:00,0,298,0,56,2,244
06/21/2026 23:15,0,298,0,56,2,244
06/21/2026 23:30,0,246,0,252,6,0
06/21/2026 23:45,0,274,0,281,7,0
06/22/2026 00:00,0,277,0,284,7,0
06/22/2026 00:15,0,143,0,149,6,0
06/22/2026 00:30,0,155,0,161,6,0
06/22/2026 00:45,0,387,0,394,7,0
06/22/2026 01:00,0,306,0,312,6,0
06/22/2026 01:15,0,238,0,245,7,0
06/22/2026 01:30,0,119,0,125,6,0
06/22/2026 01:45,0,137,0,144,7,0
06/22/2026 02:00,0,142,0,149,7,0
06/22/2026 02:15,0,123,0,130,7,0
06/22/2026 02:30,0,212,0,219,7,0
06/22/2026 02:45,0,191,0,199,8,0
06/22/2026 03:00,0,129,0,136,7,0
06/22/2026 03:15,0,123,0,130,7,0
06/22/2026 03:30,0,139,0,146,7,0
06/22/2026 03:45,0,153,0,161,8,0
06/22/2026 04:00,0,258,0,265,7,0
06/22/2026 04:15,0,258,0,265,7,0
06/22/2026 04:30,0,233,0,240,7,0
06/22/2026 04:45,0,131,0,138,7,0
06/22/2026 05:00,0,114,0,122,8,0
06/22/2026 05:15,11,126,0,124,9,0
06/22/2026 05:30,90,145,0,140,85,0
06/22/2026 05:45,190,182,0,48,56,0
06/22/2026 06:00,346,296,0,14,64,0
06/22/2026 06:15,464,191,22,0,275,24
06/22/2026 06:30,549,219,0,7,337,0
06/22/2026 06:45,647,139,0,5,513,0
06/22/2026 07:00,682,134,0,130,678,0
06/22/2026 07:15,812,151,0,148,809,0
06/22/2026 07:30,903,152,0,148,899,0
06/22/2026 07:45,983,221,0,220,982,0
06/22/2026 08:00,1069,185,0,185,1069,0
06/22/2026 08:15,976,243,0,243,976,0
06/22/2026 08:30,1009,364,0,362,1007,0
06/22/2026 08:45,847,187,0,185,845,0
06/22/2026 09:00,886,187,0,180,879,0
06/22/2026 09:15,1003,199,0,195,999,0
06/22/2026 09:30,1179,316,0,311,1174,0
06/22/2026 09:45,1213,287,0,285,1211,0
06/22/2026 10:00,1101,300,0,298,1099,0
06/22/2026 10:15,1070,260,62,0,748,0
06/22/2026 10:30,1236,212,847,0,177,0
06/22/2026 10:45,1070,1638,0,611,43,0
06/22/2026 11:00,1332,2386,0,1054,0,0
06/22/2026 11:15,1319,1392,0,105,32,0
06/22/2026 11:30,1159,1086,3,0,70,0
06/22/2026 11:45,1223,1066,153,0,4,0
06/22/2026 12:00,1061,1131,0,74,4,0
06/22/2026 12:15,829,1068,0,269,30,0
06/22/2026 12:30,666,1041,0,383,8,0
06/22/2026 12:45,678,1046,0,372,4,0
06/22/2026 13:00,562,772,0,245,35,0
06/22/2026 13:15,478,234,220,0,24,0
06/22/2026 13:30,348,217,119,0,12,0
06/22/2026 13:45,148,159,0,21,10,0
06/22/2026 14:00,320,134,336,0,0,150
06/22/2026 14:15,270,147,264,0,0,141
06/22/2026 14:30,272,166,268,0,0,162
06/22/2026 14:45,239,254,234,0,0,249
06/22/2026 15:00,169,187,164,0,0,182
06/22/2026 15:15,127,194,122,0,0,189
06/22/2026 15:30,89,214,84,0,0,209
06/22/2026 15:45,125,301,123,0,0,299
06/22/2026 16:00,117,177,113,0,0,173
06/22/2026 16:15,105,184,100,0,0,179
06/22/2026 16:30,57,156,54,0,0,153
06/22/2026 16:45,64,134,59,0,0,129
06/22/2026 17:00,56,114,51,0,0,109
06/22/2026 17:15,51,176,48,0,0,173
06/22/2026 17:30,41,190,43,0,0,192
06/22/2026 17:45,25,357,14,0,0,346
06/22/2026 18:00,23,198,20,0,0,195
06/22/2026 18:15,12,169,7,0,0,164
06/22/2026 18:30,14,355,5,0,0,346
06/22/2026 18:45,50,481,44,0,0,475
06/22/2026 19:00,63,507,0,3,0,441
06/22/2026 19:15,14,468,0,5,0,449
06/22/2026 19:30,1,1259,0,9,0,1249
06/22/2026 19:45,0,1567,0,0,0,1567
06/22/2026 20:00,0,613,0,5,0,608
06/22/2026 20:15,0,305,0,9,0,296
06/22/2026 20:30,0,408,0,8,0,400
06/22/2026 20:45,0,462,0,9,0,453
06/22/2026 21:00,0,397,0,5,0,392
06/22/2026 21:15,0,361,0,1,0,360
06/22/2026 21:30,0,430,0,7,0,423
06/22/2026 21:45,0,343,0,6,0,337
06/22/2026 22:00,0,346,0,6,0,340
06/22/2026 22:15,0,337,0,5,0,332
06/22/2026 22:30,0,298,0,5,0,293
06/22/2026 22:45,0,242,0,8,0,234
06/22/2026 23:00,0,383,0,9,0,374
06/22/2026 23:15,0,239,0,247,8,0
06/22/2026 23:30,0,174,0,180,6,0
06/22/2026 23:45,0,313,0,320,7,0
06/23/2026 00:00,0,292,0,299,7,0
06/23/2026 00:15,0,274,0,282,8,0
06/23/2026 00:30,0,243,0,250,7,0
06/23/2026 00:45,0,246,0,253,7,0
06/23/2026 01:00,0,118,0,125,7,0
06/23/2026 01:15,0,147,0,155,8,0
06/23/2026 01:30,0,128,0,134,6,0
06/23/2026 01:45,0,130,0,138,8,0
06/23/2026 02:00,0,157,0,164,7,0
06/23/2026 02:15,0,218,0,225,7,0
06/23/2026 02:30,0,171,0,178,7,0
06/23/2026 02:45,0,149,0,156,7,0
06/23/2026 03:00,0,206,0,214,8,0
06/23/2026 03:15,0,379,0,386,7,0
06/23/2026 03:30,0,276,0,283,7,0
06/23/2026 03:45,0,345,0,353,8,0
06/23/2026 04:00,0,223,0,229,6,0
06/23/2026 04:15,0,120,0,128,8,0
06/23/2026 04:30,0,138,0,144,6,0
06/23/2026 04:45,0,142,0,150,8,0
06/23/2026 05:00,0,118,0,126,8,0
06/23/2026 05:15,0,140,0,147,7,0
06/23/2026 05:30,0,139,0,146,7,0
06/23/2026 05:45,0,120,0,128,8,0
06/23/2026 06:00,0,224,0,230,6,0
06/23/2026 06:15,0,229,0,237,8,0
06/23/2026 06:30,0,297,0,303,6,0
06/23/2026 06:45,28,342,0,335,21,0
06/23/2026 07:00,66,162,0,159,63,0
06/23/2026 07:15,71,156,0,151,66,0
06/23/2026 07:30,85,163,0,159,81,0
06/23/2026 07:45,102,280,0,280,102,0
06/23/2026 08:00,99,282,0,282,99,0
06/23/2026 08:15,148,289,0,284,143,0
06/23/2026 08:30,249,293,0,290,246,0
06/23/2026 08:45,223,440,0,440,223,0
06/23/2026 09:00,237,248,0,244,233,0
06/23/2026 09:15,354,243,0,242,353,0
06/23/2026 09:30,238,185,0,188,241,0
06/23/2026 09:45,244,136,0,130,238,0
06/23/2026 10:00,347,114,0,111,344,0
06/23/2026 10:15,302,192,0,190,300,0
06/23/2026 10:30,295,127,0,129,297,0
06/23/2026 10:45,242,125,0,123,240,0
06/23/2026 11:00,363,139,0,139,363,0
06/23/2026 11:15,267,132,0,129,264,0
06/23/2026 11:30,392,111,0,108,389,0
06/23/2026 11:45,409,143,0,142,408,0
06/23/2026 12:00,361,132,0,129,358,0
06/23/2026 12:15,557,116,0,105,546,0
06/23/2026 12:30,471,170,0,172,473,0
06/23/2026 12:45,257,225,0,226,258,0
06/23/2026 13:00,217,114,0,114,217,0
06/23/2026 13:15,322,134,0,125,313,0
06/23/2026 13:30,456,143,0,143,456,0
06/23/2026 13:45,630,114,0,101,617,0
06/23/2026 14:00,710,128,664,0,50,132
06/23/2026 14:15,577,260,571,0,0,254
06/23/2026 14:30,376,237,372,0,0,233
06/23/2026 14:45,600,241,596,0,0,237
06/23/2026 15:00,394,202,390,0,0,198
06/23/2026 15:15,456,248,454,0,0,246
06/23/2026 15:30,448,128,443,0,0,123
06/23/2026 15:45,384,157,380,0,0,153
06/23/2026 16:00,330,145,325,0,0,140
06/23/2026 16:15,396,173,391,0,0,168
06/23/2026 16:30,323,186,316,0,0,179
06/23/2026 16:45,281,205,275,0,0,199
06/23/2026 17:00,220,167,217,0,0,164
06/23/2026 17:15,224,270,214,0,0,260
06/23/2026 17:30,233,206,227,0,0,200
06/23/2026 17:45,209,229,202,0,0,222
06/23/2026 18:00,125,211,123,0,0,209
06/23/2026 18:15,96,172,87,0,0,163
06/23/2026 18:30,99,348,92,0,0,341
06/23/2026 18:45,85,405,82,0,0,402
06/23/2026 19:00,75,549,0,1,0,473
06/23/2026 19:15,55,573,0,7,0,511
06/23/2026 19:30,39,505,0,7,0,459
06/23/2026 19:45,16,582,0,4,0,562
06/23/2026 20:00,2,277,0,160,4,119
06/23/2026 20:15,2,498,0,503,7,0
06/23/2026 20:30,0,552,0,559,7,0
06/23/2026 20:45,0,438,0,444,6,0
06/23/2026 21:00,0,424,0,430,6,0
06/23/2026 21:15,0,239,0,245,6,0
06/23/2026 21:30,0,388,0,396,8,0
06/23/2026 21:45,0,428,0,434,6,0
06/23/2026 22:00,0,274,0,280,6,0
06/23/2026 22:15,0,171,0,177,6,0
06/23/2026 22:30,0,332,0,340,8,0
06/23/2026 22:45,0,380,0,386,6,0
06/23/2026 23:00,0,268,0,274,6,0
06/23/2026 23:15,0,182,0,189,7,0
06/23/2026 23:30,0,151,0,158,7,0
06/23/2026 23:45,0,139,0,145,6,0
06/24/2026 00:00,0,125,0,131,6,0
06/24/2026 00:15,0,214,0,221,7,0
06/24/2026 00:30,0,202,0,209,7,0
06/24/2026 00:45,0,226,0,232,6,0
06/24/2026 01:00,0,167,0,174,7,0
06/24/2026 01:15,0,229,0,236,7,0
06/24/2026 01:30,0,401,0,408,7,0
06/24/2026 01:45,0,329,0,335,6,0
06/24/2026 02:00,0,124,0,131,7,0
06/24/2026 02:15,0,150,0,157,7,0
06/24/2026 02:30,0,208,0,215,7,0
06/24/2026 02:45,0,120,0,127,7,0
06/24/2026 03:00,0,135,0,141,6,0
06/24/2026 03:15,0,146,0,154,8,0
06/24/2026 03:30,0,120,0,126,6,0
06/24/2026 03:45,0,117,0,125,8,0
06/24/2026 04:00,0,141,0,149,8,0
06/24/2026 04:15,0,150,0,156,6,0
06/24/2026 04:30,0,226,0,234,8,0
06/24/2026 04:45,0,309,0,317,8,0
06/24/2026 05:00,0,275,0,281,6,0
06/24/2026 05:15,10,174,0,174,10,0
06/24/2026 05:30,89,114,0,103,78,0
06/24/2026 05:45,181,113,0,107,175,0
06/24/2026 06:00,282,140,0,55,197,0
06/24/2026 06:15,151,316,0,172,7,0
06/24/2026 06:30,496,137,14,0,357,12
06/24/2026 06:45,579,128,0,8,459,0
06/24/2026 07:00,719,192,0,178,705,0
06/24/2026 07:15,853,288,0,282,847,0
06/24/2026 07:30,654,246,0,231,639,0
06/24/2026 07:45,585,233,0,240,592,0
06/24/2026 08:00,445,229,0,222,438,0
06/24/2026 08:15,591,139,0,140,592,0
06/24/2026 08:30,864,158,0,153,859,0
06/24/2026 08:45,1083,122,0,102,1063,0
06/24/2026 09:00,1028,141,0,139,1026,0
06/24/2026 09:15,1196,150,0,146,1192,0
06/24/2026 09:30,1416,120,0,118,1414,0
06/24/2026 09:45,1456,118,0,118,1456,0
06/24/2026 10:00,1517,131,0,125,1511,0
06/24/2026 10:15,1567,144,296,0,1127,0
06/24/2026 10:30,1625,127,1301,0,197,0
06/24/2026 10:45,1667,118,1438,0,111,0
06/24/2026 11:00,1716,183,1476,0,57,0
06/24/2026 11:15,1782,220,1521,0,41,0
06/24/2026 11:30,1588,226,1345,0,17,0
06/24/2026 11:45,1873,163,1677,0,33,0
06/24/2026 12:00,1485,127,1330,0,28,0
06/24/2026 12:15,1867,152,1687,0,28,0
06/24/2026 12:30,1538,124,1397,0,17,0
06/24/2026 12:45,1915,120,1789,0,7,1
06/24/2026 13:00,1325,133,1174,0,18,0
06/24/2026 13:15,1093,271,810,0,12,0
06/24/2026 13:30,1625,130,1481,0,14,0
06/24/2026 13:45,1405,116,1267,0,22,0
06/24/2026 14:00,1105,125,1120,0,0,140
06/24/2026 14:15,943,145,940,0,0,142
06/24/2026 14:30,1297,126,1294,0,0,123
06/24/2026 14:45,1568,116,1565,0,0,113
06/24/2026 15:00,696,124,691,0,0,119
06/24/2026 15:15,1515,150,1511,0,0,146
06/24/2026 15:30,1360,182,1356,0,0,178
06/24/2026 15:45,1030,177,1028,0,0,175
06/24/2026 16:00,645,126,639,0,0,120
06/24/2026 16:15,738,146,735,0,0,143
06/24/2026 16:30,774,124,770,0,0,120
06/24/2026 16:45,962,120,958,0,0,116
06/24/2026 17:00,798,127,794,0,0,123
06/24/2026 17:15,681,238,673,0,0,230
06/24/2026 17:30,608,630,600,0,0,622
06/24/2026 17:45,537,460,538,0,0,461
06/24/2026 18:00,397,474,394,0,0,471
06/24/2026 18:15,257,297,254,0,0,294
06/24/2026 18:30,153,584,140,0,0,571
06/24/2026 18:45,95,467,93,0,0,465
06/24/2026 19:00,75,429,0,5,0,349
06/24/2026 19:15,47,423,0,7,0,369
06/24/2026 19:30,50,494,0,9,0,435
06/24/2026 19:45,36,537,0,2,0,499
06/24/2026 20:00,14,429,0,6,0,409
06/24/2026 20:15,0,278,0,3,0,275
06/24/2026 20:30,0,226,0,7,0,219
06/24/2026 20:45,0,445,0,8,0,437
06/24/2026 21:00,0,502,0,10,0,492
06/24/2026 21:15,0,565,0,0,0,565
06/24/2026 21:30,0,445,0,7,0,438
06/24/2026 21:45,0,408,0,6,0,402
06/24/2026 22:00,0,420,0,7,0,413
06/24/2026 22:15,0,443,0,6,0,437
06/24/2026 22:30,0,352,0,8,0,344
06/24/2026 22:45,0,354,0,3,0,351
06/24/2026 23:00,0,254,0,4,0,250
06/24/2026 23:15,0,118,0,6,0,112
06/24/2026 23:30,0,245,0,8,0,237
06/24/2026 23:45,0,346,0,8,0,338
06/25/2026 00:00,0,202,0,4,0,198
06/25/2026 00:15,0,125,0,6,0,119
06/25/2026 00:30,0,116,0,6,0,110
06/25/2026 00:45,0,207,0,164,4,47
06/25/2026 01:00,0,332,0,340,8,0
06/25/2026 01:15,0,263,0,270,7,0
06/25/2026 01:30,0,164,0,171,7,0
06/25/2026 01:45,0,197,0,204,7,0
06/25/2026 02:00,0,131,0,138,7,0
06/25/2026 02:15,0,146,0,153,7,0
06/25/2026 02:30,0,154,0,162,8,0
06/25/2026 02:45,0,218,0,225,7,0
06/25/2026 03:00,0,249,0,256,7,0
06/25/2026 03:15,0,137,0,144,7,0
06/25/2026 03:30,0,131,0,138,7,0
06/25/2026 03:45,0,246,0,253,7,0
06/25/2026 04:00,0,176,0,183,7,0
06/25/2026 04:15,0,119,0,127,8,0
06/25/2026 04:30,0,123,0,129,6,0
06/25/2026 04:45,0,165,0,173,8,0
06/25/2026 05:00,0,302,0,308,6,0
06/25/2026 05:15,4,250,0,254,8,0
06/25/2026 05:30,47,207,0,192,32,0
06/25/2026 05:45,151,125,0,18,44,0
06/25/2026 06:00,336,138,13,0,199,14
06/25/2026 06:15,409,129,7,0,291,18
06/25/2026 06:30,512,135,0,6,383,0
06/25/2026 06:45,577,122,0,7,462,0
06/25/2026 07:00,736,128,0,114,722,0
06/25/2026 07:15,847,150,0,144,841,0
06/25/2026 07:30,874,221,0,221,874,0
06/25/2026 07:45,1019,212,0,206,1013,0
06/25/2026 08:00,954,311,0,299,942,0
06/25/2026 08:15,877,398,0,377,856,0
06/25/2026 08:30,1059,241,0,223,1041,0
06/25/2026 08:45,1003,316,0,312,999,0
06/25/2026 09:00,1173,185,0,138,1126,0
06/25/2026 09:15,1135,178,0,160,1117,0
06/25/2026 09:30,1221,264,0,263,1220,0
06/25/2026 09:45,1109,182,0,169,1096,0
06/25/2026 10:00,1373,145,42,0,1186,0
06/25/2026 10:15,1409,1003,192,0,214,0
06/25/2026 10:30,1455,1018,311,0,126,0
06/25/2026 10:45,1490,1034,423,0,33,0
06/25/2026 11:00,1290,1018,248,0,24,0
06/25/2026 11:15,1757,1087,631,0,39,0
06/25/2026 11:30,1762,1088,644,0,30,0
06/25/2026 11:45,1718,1008,700,0,10,0
06/25/2026 12:00,1287,1009,264,0,14,0
06/25/2026 12:15,1621,1033,566,0,22,0
06/25/2026 12:30,1737,1027,706,0,4,0
06/25/2026 12:45,1726,1003,695,0,28,0
06/25/2026 13:00,1620,1001,597,0,22,0
06/25/2026 13:15,1762,1028,723,0,11,0
06/25/2026 13:30,1513,1028,473,0,12,0
06/25/2026 13:45,1929,1019,893,0,17,0
06/25/2026 14:00,1242,117,1252,0,2,129
06/25/2026 14:15,947,130,943,0,0,126
06/25/2026 14:30,677,167,673,0,0,163
06/25/2026 14:45,1469,172,1467,0,0,170
06/25/2026 15:00,1673,345,1666,0,0,338
06/25/2026 15:15,1392,166,1392,0,0,166
06/25/2026 15:30,1126,129,1123,0,0,126
06/25/2026 15:45,1358,141,1353,0,0,136
06/25/2026 16:00,1013,171,1010,0,0,168
06/25/2026 16:15,1048,142,1045,0,0,139
06/25/2026 16:30,496,128,492,0,0,124
06/25/2026 16:45,700,136,693,0,0,129
06/25/2026 17:00,641,638,628,0,0,625
06/25/2026 17:15,663,588,661,0,0,586
06/25/2026 17:30,598,397,603,0,0,402
06/25/2026 17:45,489,459,481,0,0,451
06/25/2026 18:00,372,375,370,0,0,373
06/25/2026 18:15,294,341,287,0,0,334
06/25/2026 18:30,163,419,161,0,0,417
06/25/2026 18:45,153,342,148,0,0,337
06/25/2026 19:00,99,428,0,1,0,328
06/25/2026 19:15,88,350,0,8,0,254
06/25/2026 19:30,75,294,0,5,0,214
06/25/2026 19:45,40,351,0,9,0,302
06/25/2026 20:00,16,395,0,8,0,371
06/25/2026 20:15,0,306,0,6,0,300
06/25/2026 20:30,0,321,0,4,0,317
06/25/2026 20:45,0,362,0,9,0,353
06/25/2026 21:00,0,397,0,6,0,391
06/25/2026 21:15,0,325,0,8,0,317
06/25/2026 21:30,0,654,0,1,0,653
06/25/2026 21:45,0,671,0,6,0,665
06/25/2026 22:00,0,630,0,5,0,625
06/25/2026 22:15,0,577,0,6,0,571
06/25/2026 22:30,0,460,0,10,0,450
06/25/2026 22:45,0,696,0,5,0,691
06/25/2026 23:00,0,316,0,7,0,309
06/25/2026 23:15,0,426,0,167,2,261
06/25/2026 23:30,0,303,0,310,7,0
06/25/2026 23:45,0,276,0,283,7,0
06/26/2026 00:00,0,287,0,293,6,0
06/26/2026 00:15,0,261,0,268,7,0
06/26/2026 00:30,0,302,0,308,6,0
06/26/2026 00:45,0,306,0,314,8,0
06/26/2026 01:00,0,296,0,302,6,0
06/26/2026 01:15,0,297,0,305,8,0
06/26/2026 01:30,0,338,0,344,6,0
06/26/2026 01:45,0,237,0,245,8,0
06/26/2026 02:00,0,253,0,260,7,0
06/26/2026 02:15,0,196,0,203,7,0
06/26/2026 02:30,0,140,0,148,8,0
06/26/2026 02:45,0,268,0,274,6,0
06/26/2026 03:00,0,228,0,236,8,0
06/26/2026 03:15,0,200,0,206,6,0
06/26/2026 03:30,0,266,0,274,8,0
06/26/2026 03:45,0,136,0,143,7,0
06/26/2026 04:00,0,121,0,128,7,0
06/26/2026 04:15,0,121,0,129,8,0
06/26/2026 04:30,0,251,0,257,6,0
06/26/2026 04:45,0,290,0,298,8,0
06/26/2026 05:00,0,182,0,190,8,0
06/26/2026 05:15,0,147,0,154,7,0
06/26/2026 05:30,0,269,0,276,7,0
06/26/2026 05:45,0,121,0,129,8,0
06/26/2026 06:00,10,276,0,274,8,0
06/26/2026 06:15,15,326,0,319,8,0
06/26/2026 06:30,21,169,0,162,14,0
06/26/2026 06:45,76,204,0,199,71,0
06/26/2026 07:00,26,275,0,271,22,0
06/26/2026 07:15,59,194,0,187,52,0
06/26/2026 07:30,94,257,0,259,96,0
06/26/2026 07:45,60,234,0,228,54,0
06/26/2026 08:00,158,293,0,287,152,0
06/26/2026 08:15,167,439,0,437,165,0
06/26/2026 08:30,335,425,0,419,329,0
06/26/2026 08:45,641,1539,0,1498,600,0
06/26/2026 09:00,818,983,0,937,772,0
06/26/2026 09:15,941,141,0,58,858,0
06/26/2026 09:30,941,166,0,69,844,0
06/26/2026 09:45,761,167,0,124,718,0
06/26/2026 10:00,597,148,0,147,596,0
06/26/2026 10:15,532,131,0,131,532,0
06/26/2026 10:30,493,329,0,324,488,0
06/26/2026 10:45,554,220,0,220,554,0
06/26/2026 11:00,300,261,0,264,303,0
06/26/2026 11:15,185,182,0,181,184,0
06/26/2026 11:30,164,346,0,341,159,0
06/26/2026 11:45,274,371,0,365,268,0
06/26/2026 12:00,378,185,0,179,372,0
06/26/2026 12:15,534,243,0,237,528,0
06/26/2026 12:30,1093,250,0,226,1069,0
06/26/2026 12:45,930,333,0,305,902,0
06/26/2026 13:00,753,552,0,551,752,0
06/26/2026 13:15,557,351,0,352,558,0
06/26/2026 13:30,418,166,0,164,416,0
06/26/2026 13:45,1334,131,0,108,1311,0
06/26/2026 14:00,1838,480,1800,0,35,477
06/26/2026 14:15,1075,561,1074,0,0,560
06/26/2026 14:30,633,144,630,0,0,141
06/26/2026 14:45,565,135,562,0,0,132
06/26/2026 15:00,680,255,670,0,0,245
06/26/2026 15:15,935,506,927,0,0,498
06/26/2026 15:30,597,224,599,0,0,226
06/26/2026 15:45,760,121,757,0,0,118
06/26/2026 16:00,1184,127,1179,0,0,122
06/26/2026 16:15,973,158,968,0,0,153
06/26/2026 16:30,725,136,722,0,0,133
06/26/2026 16:45,910,118,905,0,0,113
06/26/2026 17:00,784,115,782,0,0,113
06/26/2026 17:15,686,138,681,0,0,133
06/26/2026 17:30,600,146,596,0,0,142
06/26/2026 17:45,475,127,472,0,0,124
06/26/2026 18:00,331,119,327,0,0,115
06/26/2026 18:15,274,262,267,0,0,255
06/26/2026 18:30,233,666,223,0,0,656
06/26/2026 18:45,163,717,160,0,0,714
06/26/2026 19:00,151,455,0,0,0,304
06/26/2026 19:15,102,383,0,8,0,273
06/26/2026 19:30,68,318,0,6,0,244
06/26/2026 19:45,31,375,0,10,0,334
06/26/2026 20:00,13,556,0,6,0,537
06/26/2026 20:15,0,401,0,5,0,396
06/26/2026 20:30,0,377,0,9,0,368
06/26/2026 20:45,0,462,0,4,0,458
06/26/2026 21:00,0,325,0,5,0,320
06/26/2026 21:15,0,269,0,0,0,269
06/26/2026 21:30,0,521,0,10,0,511
06/26/2026 21:45,0,683,0,0,0,683
06/26/2026 22:00,0,671,0,10,0,661
06/26/2026 22:15,0,611,0,6,0,605
06/26/2026 22:30,0,565,0,34,1,532
06/26/2026 22:45,0,536,0,542,6,0
06/26/2026 23:00,0,363,0,370,7,0
06/26/2026 23:15,0,283,0,290,7,0
06/26/2026 23:30,0,230,0,236,6,0
06/26/2026 23:45,0,336,0,343,7,0
06/27/2026 00:00,0,302,0,309,7,0
06/27/2026 00:15,0,196,0,202,6,0
06/27/2026 00:30,0,182,0,188,6,0
06/27/2026 00:45,0,152,0,159,7,0
06/27/2026 01:00,0,307,0,314,7,0
06/27/2026 01:15,0,158,0,164,6,0
06/27/2026 01:30,0,284,0,291,7,0
06/27/2026 01:45,0,354,0,361,7,0
06/27/2026 02:00,0,153,0,159,6,0
06/27/2026 02:15,0,118,0,125,7,0
06/27/2026 02:30,0,210,0,217,7,0
06/27/2026 02:45,0,335,0,342,7,0
06/27/2026 03:00,0,232,0,238,6,0
06/27/2026 03:15,0,131,0,138,7,0
06/27/2026 03:30,0,131,0,138,7,0
06/27/2026 03:45,0,149,0,156,7,0
06/27/2026 04:00,0,131,0,138,7,0
06/27/2026 04:15,0,121,0,128,7,0
06/27/2026 04:30,0,120,0,127,7,0
06/27/2026 04:45,0,250,0,257,7,0
06/27/2026 05:00,0,303,0,310,7,0
06/27/2026 05:15,0,259,0,267,8,0
06/27/2026 05:30,20,126,0,126,20,0
06/27/2026 05:45,41,231,0,220,30,0
06/27/2026 06:00,82,241,0,227,68,0
06/27/2026 06:15,156,285,0,260,131,0
06/27/2026 06:30,420,132,15,0,287,14
06/27/2026 06:45,582,114,0,7,475,0
06/27/2026 07:00,708,124,0,112,696,0
06/27/2026 07:15,823,155,0,149,817,0
06/27/2026 07:30,900,166,0,163,897,0
06/27/2026 07:45,972,316,0,310,966,0
06/27/2026 08:00,1044,373,0,371,1042,0
06/27/2026 08:15,1111,169,0,164,1106,0
06/27/2026 08:30,1165,147,0,141,1159,0
06/27/2026 08:45,1224,149,0,145,1220,0
06/27/2026 09:00,1279,148,0,142,1273,0
06/27/2026 09:15,1327,180,0,175,1322,0
06/27/2026 09:30,1384,221,0,220,1383,0
06/27/2026 09:45,1348,305,0,257,1300,0
06/27/2026 10:00,1159,744,0,76,491,0
06/27/2026 10:15,1592,1523,0,106,175,0
06/27/2026 10:30,1607,1580,0,74,101,0
06/27/2026 10:45,1728,1769,0,47,6,0
06/27/2026 11:00,1719,1815,0,123,27,0
06/27/2026 11:15,1745,1812,0,92,25,0
06/27/2026 11:30,1765,1784,0,71,52,0
06/27/2026 11:45,1786,1794,0,28,20,0
06/27/2026 12:00,1808,1196,595,0,17,0
06/27/2026 12:15,1765,362,1389,0,14,0
06/27/2026 12:30,1823,366,1447,0,10,0
06/27/2026 12:45,1783,383,1396,0,4,0
06/27/2026 13:00,1779,1152,605,0,22,0
06/27/2026 13:15,1789,2046,0,268,11,0
06/27/2026 13:30,1777,1056,710,0,11,0
06/27/2026 13:45,1759,318,1421,0,20,0
06/27/2026 14:00,1745,542,1736,0,0,533
06/27/2026 14:15,1200,532,1197,0,0,529
06/27/2026 14:30,1214,566,1207,0,0,559
06/27/2026 14:45,1047,529,1048,0,0,530
06/27/2026 15:00,848,284,844,0,0,280
06/27/2026 15:15,988,277,986,0,0,275
06/27/2026 15:30,1400,567,1391,0,0,558
06/27/2026 15:45,885,343,888,0,0,346
06/27/2026 16:00,926,125,923,0,0,122
06/27/2026 16:15,1015,131,1009,0,0,125
06/27/2026 16:30,940,149,936,0,0,145
06/27/2026 16:45,852,135,850,0,0,133
06/27/2026 17:00,768,209,762,0,0,203
06/27/2026 17:15,700,154,698,0,0,152
06/27/2026 17:30,676,146,672,0,0,142
06/27/2026 17:45,479,396,467,0,0,384
06/27/2026 18:00,324,404,317,0,0,397
06/27/2026 18:15,249,446,248,0,0,445
06/27/2026 18:30,149,529,143,0,0,523
06/27/2026 18:45,158,495,153,0,0,490
06/27/2026 19:00,88,494,0,0,0,406
06/27/2026 19:15,38,405,0,6,0,361
06/27/2026 19:30,35,373,0,7,0,331
06/27/2026 19:45,13,500,0,7,0,480
06/27/2026 20:00,2,511,0,7,0,502
06/27/2026 20:15,0,507,0,8,0,499
06/27/2026 20:30,0,359,3,0,0,362
06/27/2026 20:45,0,374,0,9,0,365
06/27/2026 21:00,0,335,0,6,0,329
06/27/2026 21:15,0,680,0,10,0,670
06/27/2026 21:30,0,633,0,3,0,630
06/27/2026 21:45,0,695,0,10,0,685
06/27/2026 22:00,0,672,0,247,3,428
06/27/2026 22:15,0,348,0,355,7,0
06/27/2026 22:30,0,366,0,372,6,0
06/27/2026 22:45,0,379,0,386,7,0
06/27/2026 23:00,0,374,0,381,7,0
06/27/2026 23:15,0,311,0,317,6,0
06/27/2026 23:30,0,280,0,287,7,0
06/27/2026 23:45,0,330,0,337,7,0
06/28/2026 00:00,0,248,0,254,6,0
06/28/2026 00:15,0,292,0,299,7,0
06/28/2026 00:30,0,336,0,342,6,0
06/28/2026 00:45,0,260,0,267,7,0
06/28/2026 01:00,0,248,0,254,6,0
06/28/2026 01:15,0,164,0,171,7,0
06/28/2026 01:30,0,248,0,255,7,0
06/28/2026 01:45,0,404,0,411,7,0
06/28/2026 02:00,0,226,0,233,7,0
06/28/2026 02:15,0,328,0,335,7,0
06/28/2026 02:30,0,189,0,196,7,0
06/28/2026 02:45,0,138,0,145,7,0
06/28/2026 03:00,0,169,0,176,7,0
06/28/2026 03:15,0,146,0,153,7,0
06/28/2026 03:30,0,165,0,172,7,0
06/28/2026 03:45,0,174,0,182,8,0
06/28/2026 04:00,0,263,0,269,6,0
06/28/2026 04:15,0,143,0,151,8,0
06/28/2026 04:30,0,265,0,271,6,0
06/28/2026 04:45,0,343,0,351,8,0
06/28/2026 05:00,0,281,0,287,6,0
06/28/2026 05:15,0,308,0,316,8,0
06/28/2026 05:30,4,120,0,122,6,0
06/28/2026 05:45,31,206,0,197,22,0
06/28/2026 06:00,67,207,0,201,61,0
06/28/2026 06:15,91,115,0,110,86,0
06/28/2026 06:30,131,116,0,95,110,0
06/28/2026 06:45,176,140,0,8,44,0
06/28/2026 07:00,149,131,0,118,136,0
06/28/2026 07:15,289,160,0,154,283,0
06/28/2026 07:30,378,142,0,139,375,0
06/28/2026 07:45,736,128,0,128,736,0
06/28/2026 08:00,897,359,0,360,898,0
06/28/2026 08:15,1041,283,0,281,1039,0
06/28/2026 08:30,1127,150,0,144,1121,0
06/28/2026 08:45,1229,128,0,118,1219,0
06/28/2026 09:00,1337,167,0,165,1335,0
06/28/2026 09:15,1347,260,0,250,1337,0
06/28/2026 09:30,1139,187,0,174,1126,0
06/28/2026 09:45,1433,119,0,113,1427,0
06/28/2026 10:00,1266,235,0,161,1192,0
06/28/2026 10:15,1714,181,0,156,1689,0
06/28/2026 10:30,1756,161,1160,0,435,0
06/28/2026 10:45,1838,236,1397,0,205,0
06/28/2026 11:00,1036,220,663,0,153,0
06/28/2026 11:15,1801,360,1417,0,24,0
06/28/2026 11:30,1582,378,1192,0,12,0
06/28/2026 11:45,1010,339,633,0,38,0
06/28/2026 12:00,876,121,697,0,58,0
06/28/2026 12:15,558,147,403,0,8,0
06/28/2026 12:30,998,139,847,0,12,0
06/28/2026 12:45,1153,1161,0,22,14,0
06/28/2026 13:00,1857,1856,0,12,13,0
06/28/2026 13:15,1831,1319,494,0,18,0
06/28/2026 13:30,1803,151,1637,0,15,0
06/28/2026 13:45,1795,408,1367,0,20,0
06/28/2026 14:00,1669,608,1648,0,0,587
06/28/2026 14:15,971,528,970,0,0,527
06/28/2026 14:30,978,458,976,0,0,456
06/28/2026 14:45,1148,555,1140,0,0,547
06/28/2026 15:00,1473,363,1474,0,0,364
06/28/2026 15:15,1381,439,1368,0,0,426
06/28/2026 15:30,1275,799,1272,0,0,796
06/28/2026 15:45,1205,765,1203,0,0,763
06/28/2026 16:00,1103,384,1101,0,0,382
06/28/2026 16:15,993,166,994,0,0,167
06/28/2026 16:30,906,145,901,0,0,140
06/28/2026 16:45,837,164,834,0,0,161
06/28/2026 17:00,761,130,760,0,0,129
06/28/2026 17:15,672,150,668,0,0,146
06/28/2026 17:30,601,163,597,0,0,159
06/28/2026 17:45,513,256,506,0,0,249
06/28/2026 18:00,388,270,384,0,0,266
06/28/2026 18:15,263,529,251,0,0,517
06/28/2026 18:30,179,595,173,0,0,589
06/28/2026 18:45,125,596,124,0,0,595
06/28/2026 19:00,94,464,0,1,0,369
06/28/2026 19:15,80,595,0,6,0,509
06/28/2026 19:30,58,552,0,8,0,486
06/28/2026 19:45,38,688,0,9,0,641
06/28/2026 20:00,16,535,0,5,0,514
06/28/2026 20:15,1,378,0,6,0,371
06/28/2026 20:30,0,366,0,5,0,361
06/28/2026 20:45,0,576,0,7,0,569
06/28/2026 21:00,0,489,0,3,0,486
06/28/2026 21:15,0,506,0,7,0,499
06/28/2026 21:30,0,595,0,398,5,202
06/28/2026 21:45,0,555,0,562,7,0
06/28/2026 22:00,0,354,0,361,7,0
06/28/2026 22:15,0,426,0,432,6,0
06/28/2026 22:30,0,442,0,449,7,0
06/28/2026 22:45,0,310,0,317,7,0
06/28/2026 23:00,0,333,0,340,7,0
06/28/2026 23:15,0,304,0,311,7,0
06/28/2026 23:30,0,317,0,324,7,0
06/28/2026 23:45,0,286,0,293,7,0
06/29/2026 00:00,0,237,0,243,6,0
06/29/2026 00:15,0,116,0,123,7,0
06/29/2026 00:30,0,126,0,133,7,0
06/29/2026 00:45,0,275,0,281,6,0
06/29/2026 01:00,0,355,0,362,7,0
06/29/2026 01:15,0,320,0,327,7,0
06/29/2026 01:30,0,464,0,469,6,1
06/29/2026 01:45,0,135,0,141,6,0
06/29/2026 02:00,0,131,0,138,7,0
06/29/2026 02:15,0,155,0,162,7,0
06/29/2026 02:30,0,295,0,302,7,0
06/29/2026 02:45,0,118,0,125,7,0
06/29/2026 03:00,0,127,0,133,6,0
06/29/2026 03:15,0,269,0,277,8,0
06/29/2026 03:30,0,222,0,229,7,0
06/29/2026 03:45,0,132,0,139,7,0
06/29/2026 04:00,0,164,0,172,8,0
06/29/2026 04:15,0,306,0,312,6,0
06/29/2026 04:30,0,270,0,278,8,0
06/29/2026 04:45,0,372,0,378,6,0
06/29/2026 05:00,0,200,0,208,8,0
06/29/2026 05:15,5,139,0,140,6,0
06/29/2026 05:30,49,223,0,216,42,0
06/29/2026 05:45,125,130,0,127,122,0
06/29/2026 06:00,186,150,0,49,85,0
06/29/2026 06:15,204,162,0,8,50,0
06/29/2026 06:30,234,137,0,6,103,0
06/29/2026 06:45,338,138,11,0,212,23
06/29/2026 07:00,470,277,0,265,458,0
06/29/2026 07:15,677,152,0,143,668,0
06/29/2026 07:30,792,265,0,256,783,0
06/29/2026 07:45,903,257,0,245,891,0
06/29/2026 08:00,1004,229,0,222,997,0
06/29/2026 08:15,1040,308,0,197,930,1
06/29/2026 08:30,1096,321,0,315,1090,0
06/29/2026 08:45,1147,358,0,355,1144,0
06/29/2026 09:00,1217,245,0,239,1211,0
06/29/2026 09:15,1271,236,0,232,1267,0
06/29/2026 09:30,1317,217,0,212,1312,0
06/29/2026 09:45,1376,206,0,199,1369,0
06/29/2026 10:00,1423,209,0,206,1420,0
06/29/2026 10:15,1483,363,521,0,599,0
06/29/2026 10:30,1538,291,1053,0,194,0
06/29/2026 10:45,1593,597,879,0,117,0
06/29/2026 11:00,1632,405,1222,0,5,0
06/29/2026 11:15,1624,556,1049,0,19,0
06/29/2026 11:30,1540,667,825,0,48,0
06/29/2026 11:45,1383,424,947,0,12,0
06/29/2026 12:00,1201,1003,194,0,4,0
06/29/2026 12:15,1690,1715,0,63,38,0
06/29/2026 12:30,1704,476,1187,0,41,0
06/29/2026 12:45,1768,1036,727,0,5,0
06/29/2026 13:00,1782,1310,451,0,21,0
06/29/2026 13:15,1547,826,699,0,22,0
06/29/2026 13:30,1717,297,1410,0,10,0
06/29/2026 13:45,1708,564,1138,0,6,0
06/29/2026 14:00,1671,163,1677,0,0,169
06/29/2026 14:15,1588,144,1585,0,0,141
06/29/2026 14:30,1549,180,1547,0,0,178
06/29/2026 14:45,1405,152,1403,0,0,150
06/29/2026 15:00,1446,155,1441,0,0,150
06/29/2026 15:15,1361,186,1359,0,0,184
06/29/2026 15:30,1255,299,1245,0,0,289
06/29/2026 15:45,1190,538,1185,0,0,533
06/29/2026 16:00,1103,344,1105,0,0,346
06/29/2026 16:15,995,127,990,0,0,122
06/29/2026 16:30,915,140,910,0,0,135
06/29/2026 16:45,837,459,828,0,0,450
06/29/2026 17:00,765,932,757,0,0,924
06/29/2026 17:15,689,563,691,0,0,565
06/29/2026 17:30,612,380,607,0,0,375
06/29/2026 17:45,531,382,524,0,0,375
06/29/2026 18:00,413,420,411,0,0,418
06/29/2026 18:15,271,287,266,0,0,282
06/29/2026 18:30,173,510,164,0,0,501
06/29/2026 18:45,121,346,119,0,0,344
06/29/2026 19:00,89,321,0,5,0,227
06/29/2026 19:15,74,302,0,6,0,222
06/29/2026 19:30,53,405,0,10,0,342
06/29/2026 19:45,32,409,0,7,0,370
06/29/2026 20:00,13,344,0,5,0,326
06/29/2026 20:15,1,284,0,6,0,277
06/29/2026 20:30,0,312,0,7,0,305
06/29/2026 20:45,0,454,0,8,0,446
06/29/2026 21:00,0,674,0,0,0,674
06/29/2026 21:15,0,297,0,0,0,297
06/29/2026 21:30,0,440,0,1,0,439
06/29/2026 21:45,0,570,0,8,0,562
06/29/2026 22:00,0,633,0,3,0,630
06/29/2026 22:15,0,576,0,10,0,566
06/29/2026 22:30,0,659,0,97,2,564
06/29/2026 22:45,0,290,0,298,8,0
06/29/2026 23:00,0,506,0,512,6,0
06/29/2026 23:15,0,301,0,309,8,0
06/29/2026 23:30,0,221,0,227,6,0
06/29/2026 23:45,0,194,0,202,8,0
06/30/2026 00:00,0,258,0,264,6,0
06/30/2026 00:15,0,120,0,128,8,0
06/30/2026 00:30,0,218,0,224,6,0
06/30/2026 00:45,0,296,0,304,8,0
06/30/2026 01:00,0,295,0,303,8,0
06/30/2026 01:15,0,256,0,262,6,0
06/30/2026 01:30,0,130,0,138,8,0
06/30/2026 01:45,0,148,0,156,8,0
06/30/2026 02:00,0,144,0,150,6,0
06/30/2026 02:15,0,126,0,134,8,0
06/30/2026 02:30,0,251,0,259,8,0
06/30/2026 02:45,0,185,0,191,6,0
06/30/2026 03:00,0,145,0,153,8,0
06/30/2026 03:15,0,115,0,123,8,0
06/30/2026 03:30,0,118,0,124,6,0
06/30/2026 03:45,0,251,0,259,8,0
06/30/2026 04:00,0,225,0,233,8,0
06/30/2026 04:15,0,295,0,301,6,0
06/30/2026 04:30,0,290,0,298,8,0
06/30/2026 04:45,0,158,0,166,8,0
06/30/2026 05:00,0,146,0,152,6,0
06/30/2026 05:15,7,113,0,114,8,0
06/30/2026 05:30,44,114,0,103,33,0
06/30/2026 05:45,96,133,0,125,88,0
06/30/2026 06:00,228,150,0,78,156,0
06/30/2026 06:15,307,198,0,7,116,0
06/30/2026 06:30,405,133,63,0,303,94
06/30/2026 06:45,514,265,0,8,257,0
06/30/2026 07:00,630,279,0,269,620,0
06/30/2026 07:15,742,265,0,256,733,0
06/30/2026 07:30,822,179,0,171,814,0
06/30/2026 07:45,918,284,0,274,908,0
06/30/2026 08:00,893,251,0,241,883,0
06/30/2026 08:15,1049,331,0,323,1041,0
06/30/2026 08:30,1100,182,0,178,1096,0
06/30/2026 08:45,1125,270,0,267,1122,0
06/30/2026 09:00,1174,207,0,202,1169,0
06/30/2026 09:15,1234,200,0,197,1231,0
06/30/2026 09:30,1296,117,0,113,1292,0
06/30/2026 09:45,1361,187,0,182,1356,0
06/30/2026 10:00,1392,155,0,134,1371,0
06/30/2026 10:15,1446,125,1046,0,275,0
06/30/2026 10:30,1524,151,1264,0,109,0
06/30/2026 10:45,1533,129,1338,0,66,0
06/30/2026 11:00,1572,121,1403,0,48,0
06/30/2026 11:15,1603,126,1477,0,0,0
06/30/2026 11:30,1661,152,1477,0,32,0
06/30/2026 11:45,1658,132,1513,0,13,0
06/30/2026 12:00,1729,117,1590,0,22,0
06/30/2026 12:15,1741,120,1609,0,12,0
06/30/2026 12:30,1740,157,1578,0,5,0
06/30/2026 12:45,1530,150,1301,0,79,0
06/30/2026 13:00,1754,118,1633,0,3,0
06/30/2026 13:15,1569,115,1439,0,15,0
06/30/2026 13:30,1777,310,1463,0,4,0
06/30/2026 13:45,1119,1533,0,436,22,0
06/30/2026 14:00,1590,209,1603,0,0,222
06/30/2026 14:15,935,135,931,0,0,131
06/30/2026 14:30,1483,133,1480,0,0,130
06/30/2026 14:45,1127,158,1123,0,0,154
06/30/2026 15:00,1216,297,1209,0,0,290
06/30/2026 15:15,848,339,843,0,0,334
06/30/2026 15:30,572,485,566,0,0,479
06/30/2026 15:45,441,208,439,0,0,206
06/30/2026 16:00,403,523,393,0,0,513
06/30/2026 16:15,528,485,526,0,0,483
06/30/2026 16:30,492,128,492,0,0,128
06/30/2026 16:45,194,257,183,0,0,246
06/30/2026 17:00,71,650,54,0,0,633
06/30/2026 17:15,36,648,35,0,0,647
06/30/2026 17:30,86,394,85,0,0,393
06/30/2026 17:45,198,364,192,0,0,358
06/30/2026 18:00,307,447,300,0,0,440
06/30/2026 18:15,324,315,320,0,0,311
06/30/2026 18:30,302,325,297,0,0,320
06/30/2026 18:45,185,324,180,0,0,319
06/30/2026 19:00,97,332,0,5,0,230
06/30/2026 19:15,49,319,0,8,0,262
06/30/2026 19:30,23,573,0,5,0,545
06/30/2026 19:45,20,447,0,7,0,420
06/30/2026 20:00,21,337,0,5,0,311
06/30/2026 20:15,0,385,0,9,0,376
06/30/2026 20:30,0,439,0,7,0,432
06/30/2026 20:45,0,496,0,7,0,489
06/30/2026 21:00,0,424,0,5,0,419
06/30/2026 21:15,0,398,0,9,0,389
06/30/2026 21:30,0,498,0,1,0,497
06/30/2026 21:45,0,416,0,6,0,410
06/30/2026 22:00,0,377,0,6,0,371
06/30/2026 22:15,0,352,0,7,0,345
06/30/2026 22:30,0,619,0,14,0,605
06/30/2026 22:45,0,661,0,669,8,0
06/30/2026 23:00,0,539,0,545,6,0
06/30/2026 23:15,0,635,0,641,6,0
06/30/2026 23:30,0,323,0,329,6,0
06/30/2026 23:45,0,442,0,450,8,0
