Date/Time,Energy Produced (Wh),Energy Consumed (Wh),Exported to Grid (Wh),Imported from Grid (Wh),Stored in batteries (Wh),Discharged from batteries (Wh)
04/01/2026 00:00,0,157,0,164,7,0
04/01/2026 00:15,0,124,0,130,6,0
04/01/2026 00:30,0,189,0,196,7,0
04/01/2026 00:45,0,440,0,447,7,0
04/01/2026 01:00,0,121,0,128,7,0
04/01/2026 01:15,0,116,0,123,7,0
04/01/2026 01:30,0,186,0,192,6,0
04/01/2026 01:45,0,452,0,551,99,0
04/01/2026 02:00,0,139,0,146,7,0
04/01/2026 02:15,0,136,0,143,7,0
04/01/2026 02:30,0,312,0,319,7,0
04/01/2026 02:45,0,582,0,589,7,0
04/01/2026 03:00,0,135,0,141,6,0
04/01/2026 03:15,0,192,0,280,88,0
04/01/2026 03:30,0,381,0,388,7,0
04/01/2026 03:45,0,141,0,148,7,0
04/01/2026 04:00,0,119,0,126,7,0
04/01/2026 04:15,0,119,0,210,91,0
04/01/2026 04:30,0,497,0,503,6,0
04/01/2026 04:45,0,592,0,599,7,0
04/01/2026 05:00,0,394,0,401,7,0
04/01/2026 05:15,0,405,0,412,7,0
04/01/2026 05:30,0,455,0,462,7,0
04/01/2026 05:45,0,378,0,469,91,0
04/01/2026 06:00,0,377,0,385,8,0
04/01/2026 06:15,0,400,0,407,7,0
04/01/2026 06:30,20,379,0,365,6,0
04/01/2026 06:45,88,431,0,350,7,0
04/01/2026 07:00,129,453,0,454,130,0
04/01/2026 07:15,71,207,0,214,78,0
04/01/2026 07:30,90,143,0,136,83,0
04/01/2026 07:45,187,123,0,117,181,0
04/01/2026 08:00,233,144,0,143,232,0
04/01/2026 08:15,124,123,0,125,126,0
04/01/2026 08:30,134,111,0,105,128,0
04/01/2026 08:45,158,123,0,116,151,0
04/01/2026 09:00,190,144,0,143,189,0
04/01/2026 09:15,229,120,0,120,229,0
04/01/2026 09:30,282,164,0,157,275,0
04/01/2026 09:45,473,496,0,492,469,0
04/01/2026 10:00,458,246,0,248,460,0
04/01/2026 10:15,687,112,0,116,691,0
04/01/2026 10:30,1006,109,0,105,1002,0
04/01/2026 10:45,872,128,0,140,884,0
04/01/2026 11:00,1225,118,0,112,1219,0
04/01/2026 11:15,1109,112,0,119,1116,0
04/01/2026 11:30,480,134,0,135,481,0
04/01/2026 11:45,716,129,0,124,711,0
04/01/2026 12:00,549,111,0,113,551,0
04/01/2026 12:15,540,110,0,104,534,0
04/01/2026 12:30,848,124,0,115,839,0
04/01/2026 12:45,457,123,0,133,467,0
04/01/2026 13:00,361,112,0,102,351,0
04/01/2026 13:15,440,136,0,139,443,0
04/01/2026 13:30,428,152,0,145,421,0
04/01/2026 13:45,179,109,0,1753,1823,0
04/01/2026 14:00,172,485,0,683,370,0
04/01/2026 14:15,186,459,0,469,196,0
04/01/2026 14:30,112,363,0,358,107,0
04/01/2026 14:45,108,353,0,271,26,0
04/01/2026 15:00,33,442,0,409,0,0
04/01/2026 15:15,67,133,0,76,10,0
04/01/2026 15:30,69,116,0,47,0,0
04/01/2026 15:45,77,116,0,69,30,0
04/01/2026 16:00,31,127,44,0,0,140
04/01/2026 16:15,45,125,40,0,0,120
04/01/2026 16:30,37,123,30,0,0,116
04/01/2026 16:45,74,144,69,0,0,139
04/01/2026 17:00,57,133,51,0,0,127
04/01/2026 17:15,49,525,35,0,0,511
04/01/2026 17:30,47,480,46,0,0,479
04/01/2026 17:45,30,596,30,0,0,596
04/01/2026 18:00,18,510,7,0,0,499
04/01/2026 18:15,7,160,7,0,0,160
04/01/2026 18:30,2,185,0,6,0,177
04/01/2026 18:45,0,158,0,5,0,153
04/01/2026 19:00,0,472,0,17,0,455
04/01/2026 19:15,0,330,2,0,0,332
04/01/2026 19:30,0,199,5,0,0,204
04/01/2026 19:45,0,454,0,12,0,442
04/01/2026 20:00,0,230,0,25,18,223
04/01/2026 20:15,0,258,0,5,0,253
04/01/2026 20:30,0,211,0,8,0,203
04/01/2026 20:45,0,312,0,10,0,302
04/01/2026 21:00,0,1547,0,11,0,1536
04/01/2026 21:15,0,1353,9,0,0,1362
04/01/2026 21:30,0,547,0,1,0,546
04/01/2026 21:45,0,250,0,4,0,246
04/01/2026 22:00,0,189,0,10,0,179
04/01/2026 22:15,0,425,0,10,0,415
04/01/2026 22:30,0,822,0,10,0,812
04/01/2026 22:45,0,482,0,1,0,481
04/01/2026 23:00,0,439,0,10,0,429
04/01/2026 23:15,0,179,0,3,0,176
04/01/2026 23:30,0,152,0,6,0,146
04/01/2026 23:45,0,254,0,11,0,243
04/02/2026 00:00,0,571,0,128,4,447
04/02/2026 00:15,0,130,0,136,6,0
04/02/2026 00:30,0,408,0,416,8,0
04/02/2026 00:45,0,120,0,126,6,0
04/02/2026 01:00,0,145,0,153,8,0
04/02/2026 01:15,0,433,0,439,6,0
04/02/2026 01:30,0,470,0,477,7,0
04/02/2026 01:45,0,125,0,132,7,0
04/02/2026 02:00,0,120,0,127,7,0
04/02/2026 02:15,0,161,0,168,7,0
04/02/2026 02:30,0,419,0,425,6,0
04/02/2026 02:45,0,259,0,267,8,0
04/02/2026 03:00,0,626,0,632,6,0
04/02/2026 03:15,0,578,0,586,8,0
04/02/2026 03:30,0,179,0,185,6,0
04/02/2026 03:45,0,119,0,127,8,0
04/02/2026 04:00,0,259,0,353,94,0
04/02/2026 04:15,0,473,0,480,7,0
04/02/2026 04:30,0,147,0,154,7,0
04/02/2026 04:45,0,472,0,479,7,0
04/02/2026 05:00,0,599,0,606,7,0
04/02/2026 05:15,0,128,0,135,7,0
04/02/2026 05:30,0,149,0,243,94,0
04/02/2026 05:45,0,483,0,491,8,0
04/02/2026 06:00,0,654,0,660,6,0
04/02/2026 06:15,0,576,0,584,8,0
04/02/2026 06:30,0,625,0,631,6,0
04/02/2026 06:45,0,595,0,683,88,0
04/02/2026 07:00,8,607,0,606,7,0
04/02/2026 07:15,10,646,0,645,9,0
04/02/2026 07:30,26,508,0,500,18,0
04/02/2026 07:45,55,157,0,149,47,0
04/02/2026 08:00,68,261,0,260,67,0
04/02/2026 08:15,80,232,0,226,74,0
04/02/2026 08:30,135,239,0,233,129,0
04/02/2026 08:45,145,168,0,170,147,0
04/02/2026 09:00,146,165,0,166,147,0
04/02/2026 09:15,180,196,0,190,174,0
04/02/2026 09:30,182,274,0,277,185,0
04/02/2026 09:45,189,642,0,641,188,0
04/02/2026 10:00,316,280,0,276,312,0
04/02/2026 10:15,331,185,0,187,333,0
04/02/2026 10:30,229,165,0,168,232,0
04/02/2026 10:45,180,170,0,170,180,0
04/02/2026 11:00,305,284,0,285,306,0
04/02/2026 11:15,190,694,0,695,191,0
04/02/2026 11:30,311,539,0,533,305,0
04/02/2026 11:45,407,571,0,565,401,0
04/02/2026 12:00,311,540,0,544,315,0
04/02/2026 12:15,299,579,0,581,301,0
04/02/2026 12:30,323,593,0,595,325,0
04/02/2026 12:45,267,570,0,575,272,0
04/02/2026 13:00,294,574,0,569,289,0
04/02/2026 13:15,376,678,0,678,376,0
04/02/2026 13:30,262,1002,0,1005,265,0
04/02/2026 13:45,223,648,0,1044,619,0
04/02/2026 14:00,220,577,0,1159,802,0
04/02/2026 14:15,245,540,0,1131,836,0
04/02/2026 14:30,218,531,0,1184,871,0
04/02/2026 14:45,239,566,0,1176,849,0
04/02/2026 15:00,264,547,0,1056,773,0
04/02/2026 15:15,249,531,0,860,578,0
04/02/2026 15:30,302,543,0,529,288,0
04/02/2026 15:45,201,572,0,472,101,0
04/02/2026 16:00,200,585,190,0,1,576
04/02/2026 16:15,175,598,171,0,0,594
04/02/2026 16:30,100,564,96,0,0,560
04/02/2026 16:45,96,571,94,0,0,569
04/02/2026 17:00,86,562,81,0,0,557
04/02/2026 17:15,95,580,89,0,0,574
04/02/2026 17:30,68,444,63,0,0,439
04/02/2026 17:45,33,190,34,0,0,191
04/02/2026 18:00,46,714,30,0,0,698
04/02/2026 18:15,16,496,12,0,0,492
04/02/2026 18:30,6,654,0,1,0,647
04/02/2026 18:45,0,433,1,0,0,434
04/02/2026 19:00,0,436,0,23,0,413
04/02/2026 19:15,0,883,0,1,0,882
04/02/2026 19:30,0,670,0,3,0,667
04/02/2026 19:45,0,756,1,0,0,757
04/02/2026 20:00,0,627,0,207,10,430
04/02/2026 20:15,0,640,0,646,6,0
04/02/2026 20:30,0,623,0,629,6,0
04/02/2026 20:45,0,692,0,698,6,0
04/02/2026 21:00,0,840,0,846,6,0
04/02/2026 21:15,0,1927,0,1931,4,0
04/02/2026 21:30,0,1961,0,1967,6,0
04/02/2026 21:45,0,624,0,630,6,0
04/02/2026 22:00,0,507,0,513,6,0
04/02/2026 22:15,0,218,0,224,6,0
04/02/2026 22:30,0,174,0,180,6,0
04/02/2026 22:45,0,647,0,653,6,0
04/02/2026 23:00,0,538,0,626,88,0
04/02/2026 23:15,0,146,0,154,8,0
04/02/2026 23:30,0,172,0,178,6,0
04/02/2026 23:45,0,182,0,188,6,0
04/03/2026 00:00,0,540,0,546,6,0
04/03/2026 00:15,0,139,0,226,87,0
04/03/2026 00:30,0,338,0,344,6,0
04/03/2026 00:45,0,635,0,642,7,0
04/03/2026 01:00,0,165,0,171,6,0
04/03/2026 01:15,0,145,0,151,6,0
04/03/2026 01:30,0,448,0,455,7,0
04/03/2026 01:45,0,142,0,222,80,0
04/03/2026 02:00,0,684,0,691,7,0
04/03/2026 02:15,0,652,0,658,6,0
04/03/2026 02:30,0,573,0,580,7,0
04/03/2026 02:45,0,608,0,614,6,0
04/03/2026 03:00,0,598,0,604,6,0
04/03/2026 03:15,0,590,0,664,74,0
04/03/2026 03:30,0,646,0,653,7,0
04/03/2026 03:45,0,556,0,563,7,0
04/03/2026 04:00,0,552,0,558,6,0
04/03/2026 04:15,0,553,0,633,80,0
04/03/2026 04:30,0,570,0,577,7,0
04/03/2026 04:45,0,541,0,547,6,0
04/03/2026 05:00,0,554,0,561,7,0
04/03/2026 05:15,0,457,0,464,7,0
04/03/2026 05:30,0,409,0,487,78,0
04/03/2026 05:45,0,408,0,416,8,0
04/03/2026 06:00,0,236,0,243,7,0
04/03/2026 06:15,0,394,0,400,6,0
04/03/2026 06:30,0,135,0,219,84,0
04/03/2026 06:45,1,115,0,120,6,0
04/03/2026 07:00,19,149,0,144,14,0
04/03/2026 07:15,30,451,0,441,20,0
04/03/2026 07:30,56,649,0,641,48,0
04/03/2026 07:45,67,161,0,156,62,0
04/03/2026 08:00,99,120,0,113,92,0
04/03/2026 08:15,142,133,0,131,140,0
04/03/2026 08:30,175,676,0,666,165,0
04/03/2026 08:45,254,1196,0,1192,250,0
04/03/2026 09:00,261,512,0,510,259,0
04/03/2026 09:15,304,735,0,738,307,0
04/03/2026 09:30,282,481,0,483,284,0
04/03/2026 09:45,371,745,0,742,368,0
04/03/2026 10:00,400,570,0,572,402,0
04/03/2026 10:15,432,677,0,675,430,0
04/03/2026 10:30,433,459,0,458,432,0
04/03/2026 10:45,525,460,0,456,521,0
04/03/2026 11:00,485,670,0,676,491,0
04/03/2026 11:15,577,441,0,434,570,0
04/03/2026 11:30,631,443,0,440,628,0
04/03/2026 11:45,602,873,0,873,602,0
04/03/2026 12:00,596,447,0,447,596,0
04/03/2026 12:15,600,293,0,293,600,0
04/03/2026 12:30,641,861,0,858,638,0
04/03/2026 12:45,768,1027,0,1028,769,0
04/03/2026 13:00,748,771,0,768,745,0
04/03/2026 13:15,900,535,0,533,898,0
04/03/2026 13:30,1199,423,0,417,1193,0
04/03/2026 13:45,1538,432,0,419,1525,0
04/03/2026 14:00,1261,660,0,753,1354,0
04/03/2026 14:15,1363,543,438,0,382,0
04/03/2026 14:30,1362,137,1114,0,111,0
04/03/2026 14:45,1235,143,1066,0,26,0
04/03/2026 15:00,1200,147,1035,0,18,0
04/03/2026 15:15,1114,135,929,0,50,0
04/03/2026 15:30,1010,146,831,0,33,0
04/03/2026 15:45,964,199,765,0,0,0
04/03/2026 16:00,849,134,859,0,0,144
04/03/2026 16:15,742,144,738,0,0,140
04/03/2026 16:30,632,156,632,0,0,156
04/03/2026 16:45,496,120,492,0,0,116
04/03/2026 17:00,512,280,502,0,0,270
04/03/2026 17:15,358,243,359,0,0,244
04/03/2026 17:30,331,121,327,0,0,117
04/03/2026 17:45,223,180,219,0,0,176
04/03/2026 18:00,153,423,143,0,0,413
04/03/2026 18:15,123,151,121,0,0,149
04/03/2026 18:30,72,142,68,0,0,138
04/03/2026 18:45,36,128,32,0,0,124
04/03/2026 19:00,6,268,0,3,0,259
04/03/2026 19:15,0,199,0,5,0,194
04/03/2026 19:30,0,188,0,5,0,183
04/03/2026 19:45,0,212,3,0,0,215
04/03/2026 20:00,0,186,0,25,14,175
04/03/2026 20:15,0,167,0,7,0,160
04/03/2026 20:30,0,224,0,7,0,217
04/03/2026 20:45,0,443,0,7,0,436
04/03/2026 21:00,0,350,0,5,0,345
04/03/2026 21:15,0,489,0,7,0,482
04/03/2026 21:30,0,183,0,4,0,179
04/03/2026 21:45,0,187,0,8,0,179
04/03/2026 22:00,0,174,0,5,0,169
04/03/2026 22:15,0,490,0,9,0,481
04/03/2026 22:30,0,230,0,1,0,229
04/03/2026 22:45,0,115,0,6,0,109
04/03/2026 23:00,0,121,0,5,0,116
04/03/2026 23:15,0,123,0,7,0,116
04/03/2026 23:30,0,143,0,4,0,139
04/03/2026 23:45,0,117,0,4,0,113
04/04/2026 00:00,0,145,0,6,0,139
04/04/2026 00:15,0,132,0,6,0,126
04/04/2026 00:30,0,115,0,6,0,109
04/04/2026 00:45,0,117,0,7,0,110
04/04/2026 01:00,0,132,0,7,0,125
04/04/2026 01:15,0,125,0,6,0,119
04/04/2026 01:30,0,118,0,4,0,114
04/04/2026 01:45,0,147,0,6,0,141
04/04/2026 02:00,0,131,0,8,0,123
04/04/2026 02:15,0,117,0,5,0,112
04/04/2026 02:30,0,115,0,7,0,108
04/04/2026 02:45,0,138,0,5,0,133
04/04/2026 03:00,0,123,0,7,0,116
04/04/2026 03:15,0,139,0,6,0,133
04/04/2026 03:30,0,144,0,6,0,138
04/04/2026 03:45,0,130,0,6,0,124
04/04/2026 04:00,0,119,0,5,0,114
04/04/2026 04:15,0,118,0,6,0,112
04/04/2026 04:30,0,131,0,6,0,125
04/04/2026 04:45,0,129,0,5,0,124
04/04/2026 05:00,0,116,0,6,0,110
04/04/2026 05:15,0,132,0,6,0,126
04/04/2026 05:30,0,142,0,5,0,137
04/04/2026 05:45,0,117,0,7,0,110
04/04/2026 06:00,0,372,0,8,0,364
04/04/2026 06:15,0,120,0,12,4,112
04/04/2026 06:30,0,376,0,8,0,368
04/04/2026 06:45,8,353,0,7,0,338
04/04/2026 07:00,67,374,0,381,76,2
04/04/2026 07:15,68,302,0,312,78,0
04/04/2026 07:30,236,171,0,165,230,0
04/04/2026 07:45,588,238,0,233,583,0
04/04/2026 08:00,654,420,0,415,649,0
04/04/2026 08:15,769,333,0,326,762,0
04/04/2026 08:30,681,160,0,159,680,0
04/04/2026 08:45,804,225,0,223,802,0
04/04/2026 09:00,847,154,0,151,844,0
04/04/2026 09:15,799,147,0,140,792,0
04/04/2026 09:30,967,148,0,151,970,0
04/04/2026 09:45,772,147,0,148,773,0
04/04/2026 10:00,934,123,0,123,934,0
04/04/2026 10:15,548,131,0,132,549,0
04/04/2026 10:30,268,131,0,130,267,0
04/04/2026 10:45,246,142,0,135,239,0
04/04/2026 11:00,322,118,0,112,316,0
04/04/2026 11:15,389,112,0,105,382,0
04/04/2026 11:30,454,113,0,106,447,0
04/04/2026 11:45,522,137,0,131,516,0
04/04/2026 12:00,577,407,0,399,569,0
04/04/2026 12:15,577,283,0,280,574,0
04/04/2026 12:30,565,119,0,116,562,0
04/04/2026 12:45,651,249,180,0,222,0
04/04/2026 13:00,698,330,333,0,35,0
04/04/2026 13:15,686,177,487,0,22,0
04/04/2026 13:30,784,136,610,0,38,0
04/04/2026 13:45,730,132,566,0,32,0
04/04/2026 14:00,648,513,135,0,0,0
04/04/2026 14:15,811,436,375,0,0,0
04/04/2026 14:30,655,114,530,0,11,0
04/04/2026 14:45,574,126,437,0,11,0
04/04/2026 15:00,486,131,355,0,0,0
04/04/2026 15:15,526,155,360,0,11,0
04/04/2026 15:30,514,620,0,108,2,0
04/04/2026 15:45,491,265,150,0,76,0
04/04/2026 16:00,442,118,460,0,0,136
04/04/2026 16:15,355,119,350,0,0,114
04/04/2026 16:30,353,404,340,0,0,391
04/04/2026 16:45,377,457,380,0,0,460
04/04/2026 17:00,200,176,191,0,0,167
04/04/2026 17:15,138,696,121,0,0,679
04/04/2026 17:30,103,432,106,0,0,435
04/04/2026 17:45,66,180,62,0,0,176
04/04/2026 18:00,25,516,15,0,0,506
04/04/2026 18:15,8,156,5,0,0,153
04/04/2026 18:30,14,159,11,0,0,156
04/04/2026 18:45,10,152,5,0,0,147
04/04/2026 19:00,0,498,0,15,0,483
04/04/2026 19:15,0,731,0,7,0,724
04/04/2026 19:30,0,544,12,0,0,556
04/04/2026 19:45,0,226,0,5,0,221
04/04/2026 20:00,0,549,0,26,11,534
04/04/2026 20:15,0,215,0,6,0,209
04/04/2026 20:30,0,1083,0,16,0,1067
04/04/2026 20:45,0,2118,0,12,0,2106
04/04/2026 21:00,0,1197,4,0,0,1201
04/04/2026 21:15,0,887,0,4,0,883
04/04/2026 21:30,0,515,0,2,0,513
04/04/2026 21:45,0,786,0,11,0,775
04/04/2026 22:00,0,317,0,260,13,70
04/04/2026 22:15,0,231,0,237,6,0
04/04/2026 22:30,0,200,0,206,6,0
04/04/2026 22:45,0,494,0,500,6,0
04/04/2026 23:00,0,285,0,290,5,0
04/04/2026 23:15,0,189,0,195,6,0
04/04/2026 23:30,0,268,0,275,7,0
04/04/2026 23:45,0,706,0,712,6,0
04/05/2026 00:00,0,454,0,461,7,0
04/05/2026 00:15,0,261,0,267,6,0
04/05/2026 00:30,0,577,0,584,7,0
04/05/2026 00:45,0,529,0,536,7,0
04/05/2026 01:00,0,512,0,519,7,0
04/05/2026 01:15,0,620,0,708,88,0
04/05/2026 01:30,0,549,0,557,8,0
04/05/2026 01:45,0,459,0,465,6,0
04/05/2026 02:00,0,485,0,491,6,0
04/05/2026 02:15,0,549,0,557,8,0
04/05/2026 02:30,0,528,0,618,90,0
04/05/2026 02:45,0,384,0,390,6,0
04/05/2026 03:00,0,243,0,249,6,0
04/05/2026 03:15,0,408,0,415,7,0
04/05/2026 03:30,0,151,0,158,7,0
04/05/2026 03:45,0,162,0,248,86,0
04/05/2026 04:00,0,401,0,407,6,0
04/05/2026 04:15,0,307,0,313,6,0
04/05/2026 04:30,0,154,0,162,8,0
04/05/2026 04:45,0,263,0,353,90,0
04/05/2026 05:00,0,526,0,532,6,0
04/05/2026 05:15,0,386,0,392,6,0
04/05/2026 05:30,0,321,0,329,8,0
04/05/2026 05:45,0,578,0,584,6,0
04/05/2026 06:00,0,235,0,243,8,0
04/05/2026 06:15,0,195,0,282,87,0
04/05/2026 06:30,0,638,0,645,7,0
04/05/2026 06:45,2,599,0,603,6,0
04/05/2026 07:00,3,500,0,504,7,0
04/05/2026 07:15,26,468,0,461,19,0
04/05/2026 07:30,94,615,0,610,89,0
04/05/2026 07:45,125,541,0,545,129,0
04/05/2026 08:00,121,404,0,403,120,0
04/05/2026 08:15,109,281,0,280,108,0
04/05/2026 08:30,221,250,0,246,217,0
04/05/2026 08:45,151,205,0,207,153,0
04/05/2026 09:00,126,201,0,201,126,0
04/05/2026 09:15,271,209,0,207,269,0
04/05/2026 09:30,245,249,0,254,250,0
04/05/2026 09:45,276,257,0,258,277,0
04/05/2026 10:00,185,271,0,274,188,0
04/05/2026 10:15,155,515,0,514,154,0
04/05/2026 10:30,154,632,0,639,161,0
04/05/2026 10:45,170,488,0,483,165,0
04/05/2026 11:00,314,479,0,475,310,0
04/05/2026 11:15,281,429,0,433,285,0
04/05/2026 11:30,349,480,0,485,354,0
04/05/2026 11:45,189,560,0,556,185,0
04/05/2026 12:00,180,1030,0,1032,182,0
04/05/2026 12:15,280,178,0,178,280,0
04/05/2026 12:30,197,501,0,506,202,0
04/05/2026 12:45,237,439,0,438,236,0
04/05/2026 13:00,335,353,0,352,334,0
04/05/2026 13:15,342,537,0,539,344,0
04/05/2026 13:30,274,208,0,213,279,0
04/05/2026 13:45,162,563,0,1633,1232,0
04/05/2026 14:00,171,1753,0,3375,1793,0
04/05/2026 14:15,173,381,0,2040,1832,0
04/05/2026 14:30,322,230,0,1897,1989,0
04/05/2026 14:45,185,843,0,2775,2117,0
04/05/2026 15:00,126,333,0,938,731,0
04/05/2026 15:15,139,281,0,222,80,0
04/05/2026 15:30,139,262,0,191,68,0
04/05/2026 15:45,117,503,0,397,11,0
04/05/2026 16:00,89,233,103,0,1,248
04/05/2026 16:15,62,227,57,0,0,222
04/05/2026 16:30,75,225,70,0,0,220
04/05/2026 16:45,96,577,77,0,0,558
04/05/2026 17:00,100,557,99,0,0,556
04/05/2026 17:15,79,367,75,0,0,363
04/05/2026 17:30,39,301,36,0,0,298
04/05/2026 17:45,50,276,43,0,0,269
04/05/2026 18:00,39,600,24,0,0,585
04/05/2026 18:15,42,465,42,0,0,465
04/05/2026 18:30,13,315,9,0,0,311
04/05/2026 18:45,5,400,0,1,0,394
04/05/2026 19:00,0,341,0,4,0,337
04/05/2026 19:15,0,317,0,5,0,312
04/05/2026 19:30,0,455,0,17,0,438
04/05/2026 19:45,0,564,3,0,0,567
04/05/2026 20:00,0,302,0,13,10,299
04/05/2026 20:15,0,526,0,8,0,518
04/05/2026 20:30,0,659,0,3,0,656
04/05/2026 20:45,0,572,0,6,0,566
04/05/2026 21:00,0,1554,0,15,0,1539
04/05/2026 21:15,0,1623,0,2,0,1621
04/05/2026 21:30,0,408,3,0,0,411
04/05/2026 21:45,0,220,0,6,0,214
04/05/2026 22:00,0,213,0,7,0,206
04/05/2026 22:15,0,557,0,12,0,545
04/05/2026 22:30,0,178,0,4,0,174
04/05/2026 22:45,0,178,0,169,26,35
04/05/2026 23:00,0,242,0,248,6,0
04/05/2026 23:15,0,275,0,282,7,0
04/05/2026 23:30,0,540,0,547,7,0
04/05/2026 23:45,0,246,0,252,6,0
04/06/2026 00:00,0,201,0,207,6,0
04/06/2026 00:15,0,208,0,214,6,0
04/06/2026 00:30,0,522,0,528,6,0
04/06/2026 00:45,0,531,0,537,6,0
04/06/2026 01:00,0,479,0,487,8,0
04/06/2026 01:15,0,481,0,487,6,0
04/06/2026 01:30,0,532,0,538,6,0
04/06/2026 01:45,0,545,0,551,6,0
04/06/2026 02:00,0,441,0,542,101,0
04/06/2026 02:15,0,503,0,510,7,0
04/06/2026 02:30,0,479,0,485,6,0
04/06/2026 02:45,0,182,0,190,8,0
04/06/2026 03:00,0,183,0,189,6,0
04/06/2026 03:15,0,152,0,158,6,0
04/06/2026 03:30,0,461,0,558,97,0
04/06/2026 03:45,0,211,0,218,7,0
04/06/2026 04:00,0,172,0,178,6,0
04/06/2026 04:15,0,193,0,200,7,0
04/06/2026 04:30,0,533,0,540,7,0
04/06/2026 04:45,0,198,0,299,101,0
04/06/2026 05:00,0,582,0,589,7,0
04/06/2026 05:15,0,441,0,448,7,0
04/06/2026 05:30,0,157,0,164,7,0
04/06/2026 05:45,0,230,0,237,7,0
04/06/2026 06:00,0,619,0,626,7,0
04/06/2026 06:15,0,450,0,541,91,0
04/06/2026 06:30,60,435,0,381,6,0
04/06/2026 06:45,205,439,0,240,6,0
04/06/2026 07:00,284,450,0,433,267,0
04/06/2026 07:15,398,518,0,506,386,0
04/06/2026 07:30,503,587,0,578,494,0
04/06/2026 07:45,640,542,0,533,631,0
04/06/2026 08:00,720,519,0,515,716,0
04/06/2026 08:15,789,244,0,233,778,0
04/06/2026 08:30,815,200,0,202,817,0
04/06/2026 08:45,590,188,0,186,588,0
04/06/2026 09:00,960,169,0,175,966,0
04/06/2026 09:15,935,197,0,201,939,0
04/06/2026 09:30,976,168,0,175,983,0
04/06/2026 09:45,784,169,0,170,785,0
04/06/2026 10:00,1039,313,0,325,1051,0
04/06/2026 10:15,1276,662,0,654,1268,0
04/06/2026 10:30,1071,301,0,308,1078,0
04/06/2026 10:45,1555,171,0,40,1424,0
04/06/2026 11:00,1429,287,150,0,992,0
04/06/2026 11:15,949,316,414,0,219,0
04/06/2026 11:30,892,170,579,0,143,0
04/06/2026 11:45,1131,168,893,0,70,0
04/06/2026 12:00,985,177,758,0,50,0
04/06/2026 12:15,951,158,701,0,92,0
04/06/2026 12:30,1258,171,1008,0,79,0
04/06/2026 12:45,973,265,656,0,52,0
04/06/2026 13:00,1241,596,593,0,52,0
04/06/2026 13:15,1225,411,782,0,32,0
04/06/2026 13:30,1125,522,599,0,4,0
04/06/2026 13:45,1279,441,838,0,0,0
04/06/2026 14:00,1292,622,665,0,5,0
04/06/2026 14:15,1134,520,607,0,7,0
04/06/2026 14:30,1682,408,1274,0,0,0
04/06/2026 14:45,1536,393,1143,0,0,0
04/06/2026 15:00,921,397,514,0,10,0
04/06/2026 15:15,1187,429,758,0,0,0
04/06/2026 15:30,1257,415,842,0,0,0
04/06/2026 15:45,1097,169,862,0,66,0
04/06/2026 16:00,786,178,775,0,3,170
04/06/2026 16:15,753,153,749,0,0,149
04/06/2026 16:30,782,151,778,0,0,147
04/06/2026 16:45,819,155,814,0,0,150
04/06/2026 17:00,630,177,624,0,0,171
04/06/2026 17:15,473,210,465,0,0,202
04/06/2026 17:30,339,847,326,0,0,834
04/06/2026 17:45,263,479,260,0,0,476
04/06/2026 18:00,236,461,236,0,0,461
04/06/2026 18:15,106,197,101,0,0,192
04/06/2026 18:30,53,498,45,0,0,490
04/06/2026 18:45,26,170,21,0,0,165
04/06/2026 19:00,10,251,4,0,0,245
04/06/2026 19:15,0,489,0,12,0,477
04/06/2026 19:30,0,476,0,13,0,463
04/06/2026 19:45,0,742,0,5,0,737
04/06/2026 20:00,0,580,0,18,4,566
04/06/2026 20:15,0,581,0,2,0,579
04/06/2026 20:30,0,411,0,3,0,408
04/06/2026 20:45,0,1227,0,11,0,1216
04/06/2026 21:00,0,1971,0,5,0,1966
04/06/2026 21:15,0,869,10,0,0,879
04/06/2026 21:30,0,280,0,9,0,271
04/06/2026 21:45,0,461,0,10,0,451
04/06/2026 22:00,0,344,0,8,0,336
04/06/2026 22:15,0,457,0,6,0,451
04/06/2026 22:30,0,469,0,396,9,82
04/06/2026 22:45,0,369,0,375,6,0
04/06/2026 23:00,0,458,0,464,6,0
04/06/2026 23:15,0,348,0,355,7,0
04/06/2026 23:30,0,193,0,199,6,0
04/06/2026 23:45,0,176,0,182,6,0
04/07/2026 00:00,0,260,0,267,7,0
04/07/2026 00:15,0,633,0,639,6,0
04/07/2026 00:30,0,237,0,244,7,0
04/07/2026 00:45,0,201,0,207,6,0
04/07/2026 01:00,0,629,0,635,6,0
04/07/2026 01:15,0,238,0,245,7,0
04/07/2026 01:30,0,264,0,270,6,0
04/07/2026 01:45,0,741,0,748,7,0
04/07/2026 02:00,0,911,0,992,81,0
04/07/2026 02:15,0,642,0,648,6,0
04/07/2026 02:30,0,677,0,684,7,0
04/07/2026 02:45,0,588,0,595,7,0
04/07/2026 03:00,0,559,0,565,6,0
04/07/2026 03:15,0,630,0,713,83,0
04/07/2026 03:30,0,589,0,595,6,0
04/07/2026 03:45,0,599,0,606,7,0
04/07/2026 04:00,0,698,0,705,7,0
04/07/2026 04:15,0,587,0,594,7,0
04/07/2026 04:30,0,647,0,729,82,0
04/07/2026 04:45,0,667,0,674,7,0
04/07/2026 05:00,0,199,0,206,7,0
04/07/2026 05:15,0,215,0,222,7,0
04/07/2026 05:30,0,508,0,581,73,0
04/07/2026 05:45,0,472,0,479,7,0
04/07/2026 06:00,0,682,0,689,7,0
04/07/2026 06:15,0,411,0,417,6,0
04/07/2026 06:30,0,126,0,208,82,0
04/07/2026 06:45,30,168,0,144,6,0
04/07/2026 07:00,42,404,0,396,34,0
04/07/2026 07:15,52,656,0,662,58,0
04/07/2026 07:30,29,368,0,369,30,0
04/07/2026 07:45,29,215,0,220,34,0
04/07/2026 08:00,120,181,0,172,111,0
04/07/2026 08:15,262,192,0,197,267,0
04/07/2026 08:30,85,698,0,702,89,0
04/07/2026 08:45,140,630,0,625,135,0
04/07/2026 09:00,235,535,0,539,239,0
04/07/2026 09:15,339,522,0,510,327,0
04/07/2026 09:30,641,569,0,578,650,0
04/07/2026 09:45,300,568,0,568,300,0
04/07/2026 10:00,258,558,0,564,264,0
04/07/2026 10:15,462,556,0,560,466,0
04/07/2026 10:30,327,526,0,524,325,0
04/07/2026 10:45,258,546,0,552,264,0
04/07/2026 11:00,318,529,0,529,318,0
04/07/2026 11:15,848,572,0,546,822,0
04/07/2026 11:30,485,588,0,580,477,0
04/07/2026 11:45,772,589,0,588,771,0
04/07/2026 12:00,1197,500,0,342,1039,0
04/07/2026 12:15,790,421,0,417,786,0
04/07/2026 12:30,1193,592,0,541,1142,0
04/07/2026 12:45,1618,276,0,167,1509,0
04/07/2026 13:00,1668,123,51,0,1494,0
04/07/2026 13:15,1022,143,0,142,1021,0
04/07/2026 13:30,859,116,0,123,866,0
04/07/2026 13:45,770,121,292,0,357,0
04/07/2026 14:00,1331,430,697,0,204,0
04/07/2026 14:15,1370,658,510,0,202,0
04/07/2026 14:30,367,544,0,371,194,0
04/07/2026 14:45,123,570,0,594,147,0
04/07/2026 15:00,356,560,0,228,24,0
04/07/2026 15:15,622,411,211,0,0,0
04/07/2026 15:30,533,418,105,0,10,0
04/07/2026 15:45,509,424,27,0,58,0
04/07/2026 16:00,465,444,442,0,4,425
04/07/2026 16:15,319,435,315,0,0,431
04/07/2026 16:30,567,442,562,0,0,437
04/07/2026 16:45,460,449,456,0,0,445
04/07/2026 17:00,323,429,318,0,0,424
04/07/2026 17:15,289,438,284,0,0,433
04/07/2026 17:30,199,614,190,0,0,605
04/07/2026 17:45,299,374,284,0,0,359
04/07/2026 18:00,285,886,269,0,0,870
04/07/2026 18:15,174,276,180,0,0,282
04/07/2026 18:30,70,480,52,0,0,462
04/07/2026 18:45,34,498,33,0,0,497
04/07/2026 19:00,11,263,11,0,0,263
04/07/2026 19:15,0,501,0,10,0,491
04/07/2026 19:30,0,356,0,7,0,349
04/07/2026 19:45,0,771,0,6,0,765
04/07/2026 20:00,0,737,0,19,6,724
04/07/2026 20:15,0,802,0,10,0,792
04/07/2026 20:30,0,867,0,0,0,867
04/07/2026 20:45,0,759,0,6,0,753
04/07/2026 21:00,0,734,0,7,0,727
04/07/2026 21:15,0,972,0,20,0,952
04/07/2026 21:30,0,1735,0,1226,6,515
04/07/2026 21:45,0,823,0,829,6,0
04/07/2026 22:00,0,508,0,514,6,0
04/07/2026 22:15,0,690,0,696,6,0
04/07/2026 22:30,0,530,0,536,6,0
04/07/2026 22:45,0,423,0,429,6,0
04/07/2026 23:00,0,561,0,568,7,0
04/07/2026 23:15,0,169,0,176,7,0
04/07/2026 23:30,0,255,0,261,6,0
04/07/2026 23:45,0,537,0,543,6,0
04/08/2026 00:00,0,152,0,158,6,0
04/08/2026 00:15,0,386,0,394,8,0
04/08/2026 00:30,0,306,0,312,6,0
04/08/2026 00:45,0,368,0,452,84,0
04/08/2026 01:00,0,389,0,397,8,0
04/08/2026 01:15,0,655,0,661,6,0
04/08/2026 01:30,0,743,0,749,6,0
04/08/2026 01:45,0,581,0,588,7,0
04/08/2026 02:00,0,668,0,746,78,0
04/08/2026 02:15,0,570,0,577,7,0
04/08/2026 02:30,0,571,0,577,6,0
04/08/2026 02:45,0,614,0,621,7,0
04/08/2026 03:00,0,527,0,534,7,0
04/08/2026 03:15,0,687,0,754,67,0
04/08/2026 03:30,0,526,0,532,6,0
04/08/2026 03:45,0,705,0,712,7,0
04/08/2026 04:00,0,639,0,705,66,0
04/08/2026 04:15,0,578,0,585,7,0
04/08/2026 04:30,0,647,0,654,7,0
04/08/2026 04:45,0,545,0,552,7,0
04/08/2026 05:00,0,678,0,723,45,0
04/08/2026 05:15,0,540,0,547,7,0
04/08/2026 05:30,0,700,0,707,7,0
04/08/2026 05:45,0,555,0,600,45,0
04/08/2026 06:00,0,626,0,632,6,0
04/08/2026 06:15,6,745,0,779,40,0
04/08/2026 06:30,92,695,0,646,43,0
04/08/2026 06:45,221,682,0,504,43,0
04/08/2026 07:00,311,569,0,552,294,0
04/08/2026 07:15,431,617,0,608,422,0
04/08/2026 07:30,537,652,0,643,528,0
04/08/2026 07:45,691,635,0,624,680,0
04/08/2026 08:00,771,658,0,652,765,0
04/08/2026 08:15,824,642,0,637,819,0
04/08/2026 08:30,885,661,0,656,880,0
04/08/2026 08:45,916,558,0,559,917,0
04/08/2026 09:00,946,562,0,556,940,0
04/08/2026 09:15,963,224,0,223,962,0
04/08/2026 09:30,1048,160,0,154,1042,0
04/08/2026 09:45,1167,186,0,175,1156,0
04/08/2026 10:00,1250,175,0,127,1202,0
04/08/2026 10:15,1333,156,0,31,1208,0
04/08/2026 10:30,1414,171,98,0,1145,0
04/08/2026 10:45,1490,165,348,0,977,0
04/08/2026 11:00,1550,146,695,0,709,0
04/08/2026 11:15,1607,174,1221,0,212,0
04/08/2026 11:30,1627,170,1435,0,22,0
04/08/2026 11:45,1657,149,1475,0,33,0
04/08/2026 12:00,1658,427,1209,0,22,0
04/08/2026 12:15,1675,743,896,0,36,0
04/08/2026 12:30,1675,507,1127,0,41,0
04/08/2026 12:45,1683,488,1176,0,19,0
04/08/2026 13:00,1697,497,1190,0,10,0
04/08/2026 13:15,1682,464,1190,0,28,0
04/08/2026 13:30,1638,433,1197,0,8,0
04/08/2026 13:45,1621,441,1180,0,0,0
04/08/2026 14:00,1609,622,981,0,6,0
04/08/2026 14:15,1569,531,1031,0,7,0
04/08/2026 14:30,1463,488,975,0,0,0
04/08/2026 14:45,1371,420,951,0,0,0
04/08/2026 15:00,1283,424,848,0,11,0
04/08/2026 15:15,1209,430,779,0,0,0
04/08/2026 15:30,1135,445,690,0,0,0
04/08/2026 15:45,1051,147,838,0,66,0
04/08/2026 16:00,954,154,941,0,4,145
04/08/2026 16:15,865,256,856,0,0,247
04/08/2026 16:30,794,151,794,0,0,151
04/08/2026 16:45,721,129,717,0,0,125
04/08/2026 17:00,577,172,570,0,0,165
04/08/2026 17:15,410,857,399,0,0,846
04/08/2026 17:30,309,420,314,0,0,425
04/08/2026 17:45,257,173,251,0,0,167
04/08/2026 18:00,229,579,211,0,0,561
04/08/2026 18:15,158,151,157,0,0,150
04/08/2026 18:30,77,361,61,0,0,345
04/08/2026 18:45,37,682,37,0,0,682
04/08/2026 19:00,14,639,8,0,0,633
04/08/2026 19:15,1,650,0,4,0,645
04/08/2026 19:30,0,619,0,4,0,615
04/08/2026 19:45,0,589,0,5,0,584
04/08/2026 20:00,0,613,0,16,4,601
04/08/2026 20:15,0,404,1,0,0,405
04/08/2026 20:30,0,218,0,7,0,211
04/08/2026 20:45,0,219,0,8,0,211
04/08/2026 21:00,0,534,0,17,0,517
04/08/2026 21:15,0,1898,0,14,0,1884
04/08/2026 21:30,0,1782,3,0,0,1785
04/08/2026 21:45,0,631,0,5,0,626
04/08/2026 22:00,0,286,0,261,31,56
04/08/2026 22:15,0,277,0,283,6,0
04/08/2026 22:30,0,509,0,516,7,0
04/08/2026 22:45,0,1037,0,1043,6,0
04/08/2026 23:00,0,445,0,451,6,0
04/08/2026 23:15,0,228,0,234,6,0
04/08/2026 23:30,0,237,0,243,6,0
04/08/2026 23:45,0,540,0,547,7,0
04/09/2026 00:00,0,145,0,152,7,0
04/09/2026 00:15,0,208,0,214,6,0
04/09/2026 00:30,0,202,0,208,6,0
04/09/2026 00:45,0,495,0,502,7,0
04/09/2026 01:00,0,218,0,225,7,0
04/09/2026 01:15,0,183,0,190,7,0
04/09/2026 01:30,0,829,0,913,84,0
04/09/2026 01:45,0,625,0,633,8,0
04/09/2026 02:00,0,669,0,676,7,0
04/09/2026 02:15,0,691,0,698,7,0
04/09/2026 02:30,0,552,0,559,7,0
04/09/2026 02:45,0,547,0,629,82,0
04/09/2026 03:00,0,747,0,754,7,0
04/09/2026 03:15,0,543,0,550,7,0
04/09/2026 03:30,0,547,0,554,7,0
04/09/2026 03:45,0,606,0,685,79,0
04/09/2026 04:00,0,606,0,612,6,0
04/09/2026 04:15,0,631,0,639,8,0
04/09/2026 04:30,0,772,0,778,6,0
04/09/2026 04:45,0,590,0,598,8,0
04/09/2026 05:00,0,749,0,813,64,0
04/09/2026 05:15,0,614,0,620,6,0
04/09/2026 05:30,0,596,0,604,8,0
04/09/2026 05:45,0,755,0,801,46,0
04/09/2026 06:00,0,714,0,720,6,0
04/09/2026 06:15,8,529,0,528,7,0
04/09/2026 06:30,103,625,0,566,44,0
04/09/2026 06:45,226,567,0,346,5,0
04/09/2026 07:00,320,540,0,522,302,0
04/09/2026 07:15,437,210,0,199,426,0
04/09/2026 07:30,535,288,0,277,524,0
04/09/2026 07:45,682,293,0,282,671,0
04/09/2026 08:00,757,232,0,224,749,0
04/09/2026 08:15,814,186,0,177,805,0
04/09/2026 08:30,870,191,0,185,864,0
04/09/2026 08:45,899,199,0,196,896,0
04/09/2026 09:00,925,142,0,136,919,0
04/09/2026 09:15,949,170,0,168,947,0
04/09/2026 09:30,1041,139,0,131,1033,0
04/09/2026 09:45,1155,418,0,407,1144,0
04/09/2026 10:00,1232,459,0,452,1225,0
04/09/2026 10:15,1325,116,0,106,1315,0
04/09/2026 10:30,1407,396,0,396,1407,0
04/09/2026 10:45,1487,434,0,51,1104,0
04/09/2026 11:00,1547,406,672,0,469,0
04/09/2026 11:15,1588,421,1141,0,26,0
04/09/2026 11:30,1613,386,1152,0,75,0
04/09/2026 11:45,1652,384,1267,0,1,0
04/09/2026 12:00,1654,372,1250,0,32,0
04/09/2026 12:15,1671,395,1252,0,24,0
04/09/2026 12:30,1666,354,1270,0,42,0
04/09/2026 12:45,1688,144,1528,0,16,0
04/09/2026 13:00,1702,150,1522,0,30,0
04/09/2026 13:15,1679,121,1541,0,17,0
04/09/2026 13:30,1632,120,1479,0,33,0
04/09/2026 13:45,1630,124,1497,0,9,0
04/09/2026 14:00,1608,409,1197,0,2,0
04/09/2026 14:15,1567,582,985,0,0,0
04/09/2026 14:30,1451,422,1029,0,0,0
04/09/2026 14:45,1365,351,1004,0,10,0
04/09/2026 15:00,1269,345,924,0,0,0
04/09/2026 15:15,1204,347,857,0,0,0
04/09/2026 15:30,1124,239,875,0,10,0
04/09/2026 15:45,1035,128,809,0,98,0
04/09/2026 16:00,941,137,956,0,0,152
04/09/2026 16:15,880,142,878,0,0,140
04/09/2026 16:30,799,121,794,0,0,116
04/09/2026 16:45,725,118,720,0,0,113
04/09/2026 17:00,580,120,575,0,0,115
04/09/2026 17:15,413,145,410,0,0,142
04/09/2026 17:30,307,481,306,0,0,480
04/09/2026 17:45,259,281,253,0,0,275
04/09/2026 18:00,227,416,214,0,0,403
04/09/2026 18:15,155,185,154,0,0,184
04/09/2026 18:30,82,154,76,0,0,148
04/09/2026 18:45,45,153,40,0,0,148
04/09/2026 19:00,18,347,3,0,0,332
04/09/2026 19:15,1,669,0,7,0,661
04/09/2026 19:30,0,443,0,4,0,439
04/09/2026 19:45,0,406,0,3,0,403
04/09/2026 20:00,0,352,7,26,26,359
04/09/2026 20:15,0,246,0,0,0,246
04/09/2026 20:30,0,252,0,7,0,245
04/09/2026 20:45,0,299,0,8,0,291
04/09/2026 21:00,0,619,0,7,0,612
04/09/2026 21:15,0,1579,0,5,0,1574
04/09/2026 21:30,0,1364,0,1,0,1363
04/09/2026 21:45,0,368,0,2,0,366
04/09/2026 22:00,0,495,0,10,0,485
04/09/2026 22:15,0,648,0,7,0,641
04/09/2026 22:30,0,365,0,2,0,363
04/09/2026 22:45,0,168,0,3,0,165
04/09/2026 23:00,0,194,0,5,0,189
04/09/2026 23:15,0,245,0,13,0,232
04/09/2026 23:30,0,432,0,5,0,427
04/09/2026 23:45,0,153,0,6,0,147
04/10/2026 00:00,0,153,0,4,0,149
04/10/2026 00:15,0,175,0,9,0,166
04/10/2026 00:30,0,518,0,83,6,441
04/10/2026 00:45,0,229,0,235,6,0
04/10/2026 01:00,0,145,0,151,6,0
04/10/2026 01:15,0,124,0,130,6,0
04/10/2026 01:30,0,439,0,445,6,0
04/10/2026 01:45,0,338,0,344,6,0
04/10/2026 02:00,0,639,0,647,8,0
04/10/2026 02:15,0,556,0,562,6,0
04/10/2026 02:30,0,569,0,575,6,0
04/10/2026 02:45,0,579,0,585,6,0
04/10/2026 03:00,0,548,0,556,8,0
04/10/2026 03:15,0,608,0,614,6,0
04/10/2026 03:30,0,559,0,565,6,0
04/10/2026 03:45,0,539,0,545,6,0
04/10/2026 04:00,0,584,0,674,90,0
04/10/2026 04:15,0,653,0,660,7,0
04/10/2026 04:30,0,547,0,554,7,0
04/10/2026 04:45,0,264,0,270,6,0
04/10/2026 05:00,0,419,0,425,6,0
04/10/2026 05:15,0,222,0,304,82,0
04/10/2026 05:30,0,140,0,146,6,0
04/10/2026 05:45,0,157,0,163,6,0
04/10/2026 06:00,0,654,0,661,7,0
04/10/2026 06:15,9,271,0,269,7,0
04/10/2026 06:30,82,136,0,139,85,0
04/10/2026 06:45,179,453,0,285,11,0
04/10/2026 07:00,271,522,0,503,252,0
04/10/2026 07:15,373,180,0,173,366,0
04/10/2026 07:30,478,164,0,155,469,0
04/10/2026 07:45,615,216,0,203,602,0
04/10/2026 08:00,704,207,0,199,696,0
04/10/2026 08:15,768,487,0,479,760,0
04/10/2026 08:30,823,695,0,687,815,0
04/10/2026 08:45,858,168,0,164,854,0
04/10/2026 09:00,891,153,0,146,884,0
04/10/2026 09:15,928,149,0,142,921,0
04/10/2026 09:30,1020,234,0,226,1012,0
04/10/2026 09:45,1104,604,0,596,1096,0
04/10/2026 10:00,1180,389,0,381,1172,0
04/10/2026 10:15,1273,348,0,339,1264,0
04/10/2026 10:30,1328,382,0,382,1328,0
04/10/2026 10:45,1413,395,0,362,1380,0
04/10/2026 11:00,1469,277,715,0,477,0
04/10/2026 11:15,1507,138,1215,0,154,0
04/10/2026 11:30,1538,135,1256,0,147,0
04/10/2026 11:45,1540,156,1294,0,90,0
04/10/2026 12:00,1577,136,1369,0,72,0
04/10/2026 12:15,1560,155,1361,0,44,0
04/10/2026 12:30,1566,579,983,0,4,0
04/10/2026 12:45,1601,1076,515,0,10,0
04/10/2026 13:00,1609,1075,502,0,32,0
04/10/2026 13:15,1583,1075,484,0,24,0
04/10/2026 13:30,1548,1041,491,0,16,0
04/10/2026 13:45,1524,1032,490,0,2,0
04/10/2026 14:00,1507,1537,0,40,10,0
04/10/2026 14:15,1463,1508,0,47,2,0
04/10/2026 14:30,1366,1466,0,108,8,0
04/10/2026 14:45,1296,1444,0,148,0,0
04/10/2026 15:00,1206,1293,0,87,0,0
04/10/2026 15:15,1134,1332,0,208,10,0
04/10/2026 15:30,1060,1246,0,186,0,0
04/10/2026 15:45,987,1233,0,301,55,0
04/10/2026 16:00,903,196,869,0,5,167
04/10/2026 16:15,814,136,811,0,0,133
04/10/2026 16:30,663,150,660,0,0,147
04/10/2026 16:45,551,144,546,0,0,139
04/10/2026 17:00,546,122,542,0,0,118
04/10/2026 17:15,322,126,318,0,0,122
04/10/2026 17:30,359,132,354,0,0,127
04/10/2026 17:45,188,122,183,0,0,117
04/10/2026 18:00,165,256,161,0,0,252
04/10/2026 18:15,124,305,122,0,0,303
04/10/2026 18:30,63,136,59,0,0,132
04/10/2026 18:45,32,138,29,0,0,135
04/10/2026 19:00,3,202,0,1,0,198
04/10/2026 19:15,0,223,0,3,0,220
04/10/2026 19:30,0,163,0,3,0,160
04/10/2026 19:45,0,144,0,5,0,139
04/10/2026 20:00,0,341,0,13,4,332
04/10/2026 20:15,0,181,0,0,0,181
04/10/2026 20:30,0,153,0,6,0,147
04/10/2026 20:45,0,145,0,6,0,139
04/10/2026 21:00,0,192,0,8,0,184
04/10/2026 21:15,0,239,0,9,0,230
04/10/2026 21:30,0,176,0,6,0,170
04/10/2026 21:45,0,188,0,7,0,181
04/10/2026 22:00,0,1326,0,13,0,1313
04/10/2026 22:15,0,999,2,0,0,1001
04/10/2026 22:30,0,172,0,4,0,168
04/10/2026 22:45,0,471,0,10,0,461
04/10/2026 23:00,0,375,16,15,15,391
04/10/2026 23:15,0,534,0,5,0,529
04/10/2026 23:30,0,145,0,3,0,142
04/10/2026 23:45,0,194,0,8,0,186
04/11/2026 00:00,0,151,0,6,0,145
04/11/2026 00:15,0,172,0,3,0,169
04/11/2026 00:30,0,128,0,7,0,121
04/11/2026 00:45,0,153,0,7,0,146
04/11/2026 01:00,0,153,0,7,0,146
04/11/2026 01:15,0,197,0,7,0,190
04/11/2026 01:30,0,118,0,4,0,114
04/11/2026 01:45,0,149,0,3,0,146
04/11/2026 02:00,0,118,0,4,0,114
04/11/2026 02:15,0,149,0,6,0,143
04/11/2026 02:30,0,135,0,5,0,130
04/11/2026 02:45,0,116,0,4,0,112
04/11/2026 03:00,0,117,0,8,0,109
04/11/2026 03:15,0,131,0,4,0,127
04/11/2026 03:30,0,130,0,5,0,125
04/11/2026 03:45,0,119,0,6,0,113
04/11/2026 04:00,0,146,0,1,0,145
04/11/2026 04:15,0,152,0,5,0,147
04/11/2026 04:30,0,229,0,5,0,224
04/11/2026 04:45,0,319,0,12,0,307
04/11/2026 05:00,0,343,0,3,0,340
04/11/2026 05:15,0,148,0,4,0,144
04/11/2026 05:30,0,126,0,4,0,122
04/11/2026 05:45,0,119,0,7,0,112
04/11/2026 06:00,0,116,0,11,3,108
04/11/2026 06:15,5,141,0,7,0,129
04/11/2026 06:30,128,436,0,222,20,106
04/11/2026 06:45,164,464,0,306,6,0
04/11/2026 07:00,208,435,0,429,202,0
04/11/2026 07:15,117,480,0,479,116,0
04/11/2026 07:30,185,137,0,136,184,0
04/11/2026 07:45,527,284,0,278,521,0
04/11/2026 08:00,782,412,0,414,784,0
04/11/2026 08:15,851,250,0,249,850,0
04/11/2026 08:30,894,138,0,135,891,0
04/11/2026 08:45,923,153,0,156,926,0
04/11/2026 09:00,962,130,0,135,967,0
04/11/2026 09:15,1027,115,0,119,1031,0
04/11/2026 09:30,1104,122,0,125,1107,0
04/11/2026 09:45,1182,128,0,123,1177,0
04/11/2026 10:00,1263,118,0,117,1262,0
04/11/2026 10:15,1346,141,0,145,1350,0
04/11/2026 10:30,1422,111,0,111,1422,0
04/11/2026 10:45,1506,111,256,0,1139,0
04/11/2026 11:00,1563,116,1242,0,205,0
04/11/2026 11:15,1598,140,1261,0,197,0
04/11/2026 11:30,1639,117,1365,0,157,0
04/11/2026 11:45,1668,132,1432,0,104,0
04/11/2026 12:00,1678,451,1227,0,0,0
04/11/2026 12:15,1655,257,1382,0,16,0
04/11/2026 12:30,1688,1091,521,0,76,0
04/11/2026 12:45,1681,1348,320,0,13,0
04/11/2026 13:00,1687,1410,267,0,10,0
04/11/2026 13:15,1670,1282,358,0,30,0
04/11/2026 13:30,1637,1191,436,0,10,0
04/11/2026 13:45,1641,1185,452,0,4,0
04/11/2026 14:00,1498,1203,283,0,12,0
04/11/2026 14:15,1653,1247,406,0,0,0
04/11/2026 14:30,1462,1183,279,0,0,0
04/11/2026 14:45,1221,1176,35,0,10,0
04/11/2026 15:00,1305,1185,120,0,0,0
04/11/2026 15:15,1090,1266,0,178,2,0
04/11/2026 15:30,894,1576,0,686,4,0
04/11/2026 15:45,1056,1216,0,220,60,0
04/11/2026 16:00,983,147,946,0,5,115
04/11/2026 16:15,859,135,854,0,0,130
04/11/2026 16:30,556,232,555,0,0,231
04/11/2026 16:45,712,160,711,0,0,159
04/11/2026 17:00,578,188,570,0,0,180
04/11/2026 17:15,406,329,402,0,0,325
04/11/2026 17:30,304,309,297,0,0,302
04/11/2026 17:45,250,424,243,0,0,417
04/11/2026 18:00,162,398,156,0,0,392
04/11/2026 18:15,140,115,135,0,0,110
04/11/2026 18:30,89,125,85,0,0,121
04/11/2026 18:45,42,147,35,0,0,140
04/11/2026 19:00,17,164,11,0,0,158
04/11/2026 19:15,2,188,0,2,0,184
04/11/2026 19:30,0,168,0,6,0,162
04/11/2026 19:45,0,196,0,5,0,191
04/11/2026 20:00,0,190,0,18,11,183
04/11/2026 20:15,0,185,0,5,0,180
04/11/2026 20:30,0,172,0,2,0,170
04/11/2026 20:45,0,193,0,7,0,186
04/11/2026 21:00,0,247,0,8,0,239
04/11/2026 21:15,0,425,0,5,0,420
04/11/2026 21:30,0,351,0,5,0,346
04/11/2026 21:45,0,535,0,11,0,524
04/11/2026 22:00,0,373,0,2,0,371
04/11/2026 22:15,0,246,0,8,0,238
04/11/2026 22:30,0,223,0,5,0,218
04/11/2026 22:45,0,141,0,6,0,135
04/11/2026 23:00,0,151,0,5,0,146
04/11/2026 23:15,0,122,0,3,0,119
04/11/2026 23:30,0,120,0,5,0,115
04/11/2026 23:45,0,120,0,5,0,115
04/12/2026 00:00,0,241,0,7,0,234
04/12/2026 00:15,0,134,0,4,0,130
04/12/2026 00:30,0,151,0,5,0,146
04/12/2026 00:45,0,126,0,5,0,121
04/12/2026 01:00,0,124,0,4,0,120
04/12/2026 01:15,0,296,0,12,0,284
04/12/2026 01:30,0,345,0,5,0,340
04/12/2026 01:45,0,128,0,4,0,124
04/12/2026 02:00,0,132,0,3,0,129
04/12/2026 02:15,0,150,0,6,0,144
04/12/2026 02:30,0,231,0,11,0,220
04/12/2026 02:45,0,442,0,7,0,435
04/12/2026 03:00,0,185,0,3,0,182
04/12/2026 03:15,0,143,0,4,0,139
04/12/2026 03:30,0,168,0,8,0,160
04/12/2026 03:45,0,526,0,10,0,516
04/12/2026 04:00,0,189,0,5,0,184
04/12/2026 04:15,0,132,0,4,0,128
04/12/2026 04:30,0,382,0,15,0,367
04/12/2026 04:45,0,309,0,3,0,306
04/12/2026 05:00,0,142,0,4,0,138
04/12/2026 05:15,0,260,0,10,0,250
04/12/2026 05:30,0,449,0,5,0,444
04/12/2026 05:45,0,140,34,28,28,174
04/12/2026 06:00,0,526,0,540,14,0
04/12/2026 06:15,13,587,0,580,6,0
04/12/2026 06:30,135,575,0,445,5,0
04/12/2026 06:45,255,553,0,303,5,0
04/12/2026 07:00,366,545,0,523,344,0
04/12/2026 07:15,472,562,0,552,462,0
04/12/2026 07:30,578,164,0,155,569,0
04/12/2026 07:45,720,159,0,152,713,0
04/12/2026 08:00,798,449,0,442,791,0
04/12/2026 08:15,867,304,0,297,860,0
04/12/2026 08:30,900,160,0,156,896,0
04/12/2026 08:45,927,446,0,444,925,0
04/12/2026 09:00,958,532,0,528,954,0
04/12/2026 09:15,1023,177,0,171,1017,0
04/12/2026 09:30,1101,410,0,402,1093,0
04/12/2026 09:45,1171,1429,0,1424,1166,0
04/12/2026 10:00,1260,865,0,857,1252,0
04/12/2026 10:15,1359,379,0,372,1352,0
04/12/2026 10:30,1428,514,0,363,1277,0
04/12/2026 10:45,1500,365,832,0,303,0
04/12/2026 11:00,1558,137,1218,0,203,0
04/12/2026 11:15,1594,145,1265,0,184,0
04/12/2026 11:30,1588,404,1056,0,128,0
04/12/2026 11:45,1626,1198,336,0,92,0
04/12/2026 12:00,1614,1515,61,0,38,0
04/12/2026 12:15,1583,1464,114,0,5,0
04/12/2026 12:30,1647,1364,213,0,70,0
04/12/2026 12:45,1628,1350,261,0,17,0
04/12/2026 13:00,1632,1198,434,0,0,0
04/12/2026 13:15,1632,1461,151,0,20,0
04/12/2026 13:30,1568,1266,278,0,24,0
04/12/2026 13:45,1515,1415,96,0,4,0
04/12/2026 14:00,1488,1661,0,178,5,0
04/12/2026 14:15,1327,1580,0,264,12,1
04/12/2026 14:30,1199,1435,0,236,0,0
04/12/2026 14:45,1159,1415,0,255,0,1
04/12/2026 15:00,1137,1190,0,62,9,0
04/12/2026 15:15,780,1175,0,395,0,0
04/12/2026 15:30,800,1187,0,387,0,0
04/12/2026 15:45,648,1191,0,606,63,0
04/12/2026 16:00,273,175,238,0,6,146
04/12/2026 16:15,373,140,372,0,0,139
04/12/2026 16:30,329,121,325,0,0,117
04/12/2026 16:45,245,114,239,0,0,108
04/12/2026 17:00,137,126,134,0,0,123
04/12/2026 17:15,83,167,73,0,0,157
04/12/2026 17:30,61,402,59,0,0,400
04/12/2026 17:45,79,249,72,0,0,242
04/12/2026 18:00,92,581,75,0,0,564
04/12/2026 18:15,65,534,64,0,0,533
04/12/2026 18:30,22,193,19,0,0,190
04/12/2026 18:45,5,276,0,1,0,270
04/12/2026 19:00,0,258,0,5,0,253
04/12/2026 19:15,0,168,0,3,0,165
04/12/2026 19:30,0,192,0,7,0,185
04/12/2026 19:45,0,282,0,4,0,278
04/12/2026 20:00,0,207,0,15,15,207
04/12/2026 20:15,0,339,0,6,0,333
04/12/2026 20:30,0,608,0,5,0,603
04/12/2026 20:45,0,422,0,6,0,416
04/12/2026 21:00,1,712,2,0,0,713
04/12/2026 21:15,0,465,0,4,0,461
04/12/2026 21:30,0,473,0,7,0,466
04/12/2026 21:45,0,254,0,7,0,247
04/12/2026 22:00,0,554,0,10,0,544
04/12/2026 22:15,0,177,0,6,0,171
04/12/2026 22:30,0,128,0,6,0,122
04/12/2026 22:45,0,219,0,7,0,212
04/12/2026 23:00,0,113,5,1,1,118
04/12/2026 23:15,0,374,0,14,2,362
04/12/2026 23:30,0,553,0,10,0,543
04/12/2026 23:45,0,156,0,6,0,150
04/13/2026 00:00,0,163,0,5,0,158
04/13/2026 00:15,0,136,0,6,0,130
04/13/2026 00:30,0,150,0,4,0,146
04/13/2026 00:45,0,370,0,12,0,358
04/13/2026 01:00,0,288,0,4,0,284
04/13/2026 01:15,0,181,0,3,0,178
04/13/2026 01:30,0,132,0,6,0,126
04/13/2026 01:45,0,130,0,6,0,124
04/13/2026 02:00,0,179,0,10,0,169
04/13/2026 02:15,0,453,0,7,0,446
04/13/2026 02:30,0,130,0,3,0,127
04/13/2026 02:45,0,136,0,5,0,131
04/13/2026 03:00,0,118,0,7,0,111
04/13/2026 03:15,0,374,0,13,0,361
04/13/2026 03:30,0,310,0,111,24,223
04/13/2026 03:45,0,161,0,167,6,0
04/13/2026 04:00,0,140,0,146,6,0
04/13/2026 04:15,0,119,0,125,6,0
04/13/2026 04:30,0,406,0,412,6,0
04/13/2026 04:45,0,142,0,148,6,0
04/13/2026 05:00,0,436,0,442,6,0
04/13/2026 05:15,0,367,0,373,6,0
04/13/2026 05:30,0,373,0,379,6,0
04/13/2026 05:45,0,436,0,443,7,0
04/13/2026 06:00,0,362,0,368,6,0
04/13/2026 06:15,0,359,0,365,6,0
04/13/2026 06:30,26,363,0,343,6,0
04/13/2026 06:45,62,433,0,376,5,0
04/13/2026 07:00,64,283,0,276,57,0
04/13/2026 07:15,84,248,0,244,80,0
04/13/2026 07:30,111,286,0,285,110,0
04/13/2026 07:45,77,247,0,254,84,0
04/13/2026 08:00,126,207,0,200,119,0
04/13/2026 08:15,287,172,0,167,282,0
04/13/2026 08:30,344,172,0,175,347,0
04/13/2026 08:45,306,175,0,169,300,0
04/13/2026 09:00,390,112,0,112,390,0
04/13/2026 09:15,354,125,0,125,354,0
04/13/2026 09:30,356,137,0,137,356,0
04/13/2026 09:45,529,113,0,106,522,0
04/13/2026 10:00,550,110,0,112,552,0
04/13/2026 10:15,461,109,0,119,471,0
04/13/2026 10:30,505,233,0,223,495,0
04/13/2026 10:45,1034,481,0,474,1027,0
04/13/2026 11:00,1234,165,0,172,1241,0
04/13/2026 11:15,924,132,0,140,932,0
04/13/2026 11:30,575,131,0,135,579,0
04/13/2026 11:45,504,111,0,107,500,0
04/13/2026 12:00,545,111,0,104,538,0
04/13/2026 12:15,441,110,0,113,444,0
04/13/2026 12:30,255,138,0,131,248,0
04/13/2026 12:45,424,113,0,110,421,0
04/13/2026 13:00,477,118,0,109,468,0
04/13/2026 13:15,1028,140,0,133,1021,0
04/13/2026 13:30,1018,114,0,117,1021,0
04/13/2026 13:45,1290,114,240,0,936,0
04/13/2026 14:00,1293,492,596,0,205,0
04/13/2026 14:15,748,492,68,0,188,0
04/13/2026 14:30,891,382,357,0,152,0
04/13/2026 14:45,585,350,85,0,150,0
04/13/2026 15:00,453,359,0,84,178,0
04/13/2026 15:15,572,131,314,0,127,0
04/13/2026 15:30,488,114,286,0,88,0
04/13/2026 15:45,758,116,602,0,40,0
04/13/2026 16:00,601,117,609,0,0,125
04/13/2026 16:15,419,136,417,0,0,134
04/13/2026 16:30,447,114,442,0,0,109
04/13/2026 16:45,415,145,411,0,0,141
04/13/2026 17:00,363,123,360,0,0,120
04/13/2026 17:15,446,114,441,0,0,109
04/13/2026 17:30,200,122,194,0,0,116
04/13/2026 17:45,139,216,135,0,0,212
04/13/2026 18:00,152,404,144,0,0,396
04/13/2026 18:15,112,140,108,0,0,136
04/13/2026 18:30,96,129,92,0,0,125
04/13/2026 18:45,51,126,47,0,0,122
04/13/2026 19:00,22,136,17,0,0,131
04/13/2026 19:15,1,135,0,3,0,131
04/13/2026 19:30,0,166,0,7,0,159
04/13/2026 19:45,0,296,0,11,0,285
04/13/2026 20:00,0,201,0,23,23,201
04/13/2026 20:15,0,212,0,8,0,204
04/13/2026 20:30,0,213,0,4,0,209
04/13/2026 20:45,0,233,0,6,0,227
04/13/2026 21:00,0,263,0,4,0,259
04/13/2026 21:15,0,482,0,5,0,477
04/13/2026 21:30,0,404,0,6,0,398
04/13/2026 21:45,0,495,0,5,0,490
04/13/2026 22:00,0,222,0,6,0,216
04/13/2026 22:15,0,276,0,8,0,268
04/13/2026 22:30,0,285,0,6,0,279
04/13/2026 22:45,0,164,0,5,0,159
04/13/2026 23:00,0,116,0,4,0,112
04/13/2026 23:15,0,126,0,2,0,124
04/13/2026 23:30,0,234,0,7,0,227
04/13/2026 23:45,0,142,0,6,0,136
04/14/2026 00:00,0,151,0,5,0,146
04/14/2026 00:15,0,123,0,5,0,118
04/14/2026 00:30,0,122,0,6,0,116
04/14/2026 00:45,0,116,0,6,0,110
04/14/2026 01:00,0,199,0,9,0,190
04/14/2026 01:15,0,169,0,4,0,165
04/14/2026 01:30,0,139,0,6,0,133
04/14/2026 01:45,0,136,0,5,0,131
04/14/2026 02:00,0,119,0,7,0,112
04/14/2026 02:15,0,121,0,5,0,116
04/14/2026 02:30,0,124,0,8,0,116
04/14/2026 02:45,0,136,0,6,0,130
04/14/2026 03:00,0,118,0,6,0,112
04/14/2026 03:15,0,166,0,8,0,158
04/14/2026 03:30,0,210,0,4,0,206
04/14/2026 03:45,0,118,0,4,0,114
04/14/2026 04:00,0,122,0,4,0,118
04/14/2026 04:15,0,150,0,2,0,148
04/14/2026 04:30,0,135,0,6,0,129
04/14/2026 04:45,0,118,0,5,0,113
04/14/2026 05:00,0,146,0,5,0,141
04/14/2026 05:15,0,127,0,6,0,121
04/14/2026 05:30,0,116,0,8,0,108
04/14/2026 05:45,0,114,0,11,4,107
04/14/2026 06:00,4,128,0,6,0,118
04/14/2026 06:15,63,127,0,2,0,62
04/14/2026 06:30,190,114,0,2,78,0
04/14/2026 06:45,216,187,0,12,68,27
04/14/2026 07:00,206,194,0,185,203,6
04/14/2026 07:15,356,269,0,272,359,0
04/14/2026 07:30,413,237,0,230,406,0
04/14/2026 07:45,636,231,0,230,635,0
04/14/2026 08:00,773,232,0,224,765,0
04/14/2026 08:15,805,152,0,152,805,0
04/14/2026 08:30,812,178,0,174,808,0
04/14/2026 08:45,876,141,0,137,872,0
04/14/2026 09:00,942,174,0,171,939,0
04/14/2026 09:15,1055,123,0,120,1052,0
04/14/2026 09:30,1006,135,0,133,1004,0
04/14/2026 09:45,1046,184,0,181,1043,0
04/14/2026 10:00,1145,136,0,136,1145,0
04/14/2026 10:15,1217,126,0,94,1185,0
04/14/2026 10:30,1332,117,970,0,245,0
04/14/2026 10:45,1385,141,1112,0,132,0
04/14/2026 11:00,1465,132,1231,0,102,0
04/14/2026 11:15,1482,133,1278,0,71,0
04/14/2026 11:30,1515,130,1350,0,35,0
04/14/2026 11:45,1559,153,1406,0,0,0
04/14/2026 12:00,1585,118,1416,0,51,0
04/14/2026 12:15,1490,119,1330,0,41,0
04/14/2026 12:30,1581,118,1446,0,17,0
04/14/2026 12:45,1584,145,1429,0,10,0
04/14/2026 13:00,1585,190,1384,0,11,0
04/14/2026 13:15,1576,186,1366,0,24,0
04/14/2026 13:30,1536,149,1374,0,13,0
04/14/2026 13:45,1532,147,1372,0,13,0
04/14/2026 14:00,1093,133,936,0,24,0
04/14/2026 14:15,801,112,675,0,14,0
04/14/2026 14:30,527,114,399,0,14,0
04/14/2026 14:45,855,140,703,0,12,0
04/14/2026 15:00,541,127,404,0,10,0
04/14/2026 15:15,339,139,197,0,3,0
04/14/2026 15:30,805,115,688,0,2,0
04/14/2026 15:45,615,111,442,0,62,0
04/14/2026 16:00,459,123,438,0,9,111
04/14/2026 16:15,764,126,762,0,0,124
04/14/2026 16:30,779,127,772,0,0,120
04/14/2026 16:45,693,141,692,0,0,140
04/14/2026 17:00,424,111,420,0,0,107
04/14/2026 17:15,243,149,239,0,0,145
04/14/2026 17:30,299,204,289,0,0,194
04/14/2026 17:45,211,197,204,0,0,190
04/14/2026 18:00,211,175,205,0,0,169
04/14/2026 18:15,224,204,221,0,0,201
04/14/2026 18:30,166,139,160,0,0,133
04/14/2026 18:45,68,152,61,0,0,145
04/14/2026 19:00,24,162,19,0,0,157
04/14/2026 19:15,1,222,0,2,0,219
04/14/2026 19:30,0,148,0,6,0,142
04/14/2026 19:45,0,177,0,5,0,172
04/14/2026 20:00,0,169,0,14,9,164
04/14/2026 20:15,0,483,2,0,0,485
04/14/2026 20:30,0,434,0,2,0,432
04/14/2026 20:45,0,280,0,7,0,273
04/14/2026 21:00,0,370,0,4,0,366
04/14/2026 21:15,0,206,0,3,0,203
04/14/2026 21:30,0,1273,0,9,0,1264
04/14/2026 21:45,0,1640,0,8,0,1632
04/14/2026 22:00,0,638,4,0,0,642
04/14/2026 22:15,0,381,0,10,0,371
04/14/2026 22:30,0,522,0,4,0,518
04/14/2026 22:45,0,153,0,1,0,152
04/14/2026 23:00,0,149,0,5,0,144
04/14/2026 23:15,0,147,0,6,0,141
04/14/2026 23:30,0,246,0,4,0,242
04/14/2026 23:45,0,131,0,3,0,128
04/15/2026 00:00,0,134,0,7,0,127
04/15/2026 00:15,0,148,0,4,0,144
04/15/2026 00:30,0,226,0,7,0,219
04/15/2026 00:45,0,136,0,5,0,131
04/15/2026 01:00,0,125,0,8,0,117
04/15/2026 01:15,0,235,0,4,0,231
04/15/2026 01:30,0,124,0,4,0,120
04/15/2026 01:45,0,172,0,6,0,166
04/15/2026 02:00,0,214,0,3,0,211
04/15/2026 02:15,0,122,0,6,0,116
04/15/2026 02:30,0,118,0,4,0,114
04/15/2026 02:45,0,142,0,5,0,137
04/15/2026 03:00,0,146,0,9,0,137
04/15/2026 03:15,0,116,0,3,0,113
04/15/2026 03:30,0,143,0,4,0,139
04/15/2026 03:45,0,221,0,2,0,219
04/15/2026 04:00,0,221,0,10,0,211
04/15/2026 04:15,0,143,0,126,25,42
04/15/2026 04:30,0,150,0,158,8,0
04/15/2026 04:45,0,118,0,125,7,0
04/15/2026 05:00,0,117,0,125,8,0
04/15/2026 05:15,0,127,0,134,7,0
04/15/2026 05:30,0,260,0,268,8,0
04/15/2026 05:45,0,131,0,138,7,0
04/15/2026 06:00,0,141,0,148,7,0
04/15/2026 06:15,31,115,0,91,7,0
04/15/2026 06:30,149,112,0,11,48,0
04/15/2026 06:45,282,190,0,8,100,0
04/15/2026 07:00,288,191,0,175,272,0
04/15/2026 07:15,326,238,0,228,316,0
04/15/2026 07:30,435,162,0,158,431,0
04/15/2026 07:45,621,109,0,100,612,0
04/15/2026 08:00,816,109,0,101,808,0
04/15/2026 08:15,810,109,0,107,808,0
04/15/2026 08:30,873,132,0,131,872,0
04/15/2026 08:45,894,186,0,183,891,0
04/15/2026 09:00,980,137,0,129,972,0
04/15/2026 09:15,1028,115,0,110,1023,0
04/15/2026 09:30,1133,112,0,102,1123,0
04/15/2026 09:45,1051,125,0,126,1052,0
04/15/2026 10:00,1243,125,0,114,1232,0
04/15/2026 10:15,1313,154,0,152,1311,0
04/15/2026 10:30,1062,216,0,211,1057,0
04/15/2026 10:45,1394,110,155,0,1129,0
04/15/2026 11:00,1527,117,1216,0,194,0
04/15/2026 11:15,1498,133,1226,0,139,0
04/15/2026 11:30,1538,155,1282,0,101,0
04/15/2026 11:45,1526,125,1324,0,77,0
04/15/2026 12:00,1526,115,1375,0,36,0
04/15/2026 12:15,1060,149,911,0,0,0
04/15/2026 12:30,1459,213,1234,0,12,0
04/15/2026 12:45,1597,127,1424,0,46,0
04/15/2026 13:00,1683,142,1526,0,15,0
04/15/2026 13:15,1569,109,1427,0,33,0
04/15/2026 13:30,1445,109,1330,0,6,0
04/15/2026 13:45,1234,116,1095,0,23,0
04/15/2026 14:00,1616,134,1482,0,0,0
04/15/2026 14:15,1345,128,1217,0,0,0
04/15/2026 14:30,1237,131,1042,0,64,0
04/15/2026 14:45,832,108,721,0,3,0
04/15/2026 15:00,983,143,840,0,0,0
04/15/2026 15:15,762,211,549,0,2,0
04/15/2026 15:30,1048,126,867,0,55,0
04/15/2026 15:45,750,133,610,0,7,0
04/15/2026 16:00,512,122,522,0,0,132
04/15/2026 16:15,373,107,369,0,0,103
04/15/2026 16:30,302,110,296,0,0,104
04/15/2026 16:45,361,130,357,0,0,126
04/15/2026 17:00,199,116,195,0,0,112
04/15/2026 17:15,329,130,323,0,0,124
04/15/2026 17:30,235,302,217,0,0,284
04/15/2026 17:45,291,317,290,0,0,316
04/15/2026 18:00,187,213,186,0,0,212
04/15/2026 18:15,72,162,66,0,0,156
04/15/2026 18:30,63,146,59,0,0,142
04/15/2026 18:45,48,115,44,0,0,111
04/15/2026 19:00,13,219,5,0,0,211
04/15/2026 19:15,0,202,0,6,0,196
04/15/2026 19:30,0,256,0,10,0,246
04/15/2026 19:45,0,262,0,4,0,258
04/15/2026 20:00,0,202,0,8,8,202
04/15/2026 20:15,0,206,0,6,0,200
04/15/2026 20:30,0,182,0,9,0,173
04/15/2026 20:45,0,171,0,6,0,165
04/15/2026 21:00,0,149,0,6,0,143
04/15/2026 21:15,0,169,0,5,0,164
04/15/2026 21:30,0,1318,0,12,0,1306
04/15/2026 21:45,0,1422,1,0,0,1423
04/15/2026 22:00,0,563,0,0,0,563
04/15/2026 22:15,0,150,0,9,0,141
04/15/2026 22:30,0,333,0,8,0,325
04/15/2026 22:45,0,314,0,4,0,310
04/15/2026 23:00,0,462,0,10,0,452
04/15/2026 23:15,0,316,0,5,0,311
04/15/2026 23:30,0,246,0,4,0,242
04/15/2026 23:45,0,223,0,6,0,217
04/16/2026 00:00,0,178,0,6,0,172
04/16/2026 00:15,0,182,0,5,0,177
04/16/2026 00:30,0,114,0,6,0,108
04/16/2026 00:45,0,113,0,5,0,108
04/16/2026 01:00,0,133,0,5,0,128
04/16/2026 01:15,0,180,0,8,0,172
04/16/2026 01:30,0,182,0,7,0,175
04/16/2026 01:45,0,140,0,5,0,135
04/16/2026 02:00,0,114,0,5,0,109
04/16/2026 02:15,0,112,0,4,0,108
04/16/2026 02:30,0,164,0,6,0,158
04/16/2026 02:45,0,142,0,4,0,138
04/16/2026 03:00,0,143,0,6,0,137
04/16/2026 03:15,0,218,0,4,0,214
04/16/2026 03:30,0,123,0,5,0,118
04/16/2026 03:45,0,116,0,5,0,111
04/16/2026 04:00,0,117,0,6,0,111
04/16/2026 04:15,0,133,0,4,0,129
04/16/2026 04:30,0,129,0,3,0,126
04/16/2026 04:45,0,129,0,6,0,123
04/16/2026 05:00,0,146,0,2,0,144
04/16/2026 05:15,0,131,0,4,0,127
04/16/2026 05:30,0,116,32,23,23,148
04/16/2026 05:45,0,114,0,126,15,3
04/16/2026 06:00,0,139,0,146,7,0
04/16/2026 06:15,0,110,0,117,7,0
04/16/2026 06:30,9,136,0,133,6,0
04/16/2026 06:45,35,239,0,210,6,0
04/16/2026 07:00,62,128,0,117,51,0
04/16/2026 07:15,124,131,0,120,113,0
04/16/2026 07:30,167,124,0,121,164,0
04/16/2026 07:45,190,157,0,156,189,0
04/16/2026 08:00,212,134,0,131,209,0
04/16/2026 08:15,221,147,0,145,219,0
04/16/2026 08:30,247,118,0,112,241,0
04/16/2026 08:45,300,130,0,127,297,0
04/16/2026 09:00,342,132,0,129,339,0
04/16/2026 09:15,390,156,0,155,389,0
04/16/2026 09:30,517,127,0,122,512,0
04/16/2026 09:45,485,251,0,244,478,0
04/16/2026 10:00,543,235,0,234,542,0
04/16/2026 10:15,422,252,0,250,420,0
04/16/2026 10:30,678,308,0,310,680,0
04/16/2026 10:45,666,301,0,294,659,0
04/16/2026 11:00,609,277,0,276,608,0
04/16/2026 11:15,1085,273,0,269,1081,0
04/16/2026 11:30,1163,260,0,262,1165,0
04/16/2026 11:45,1275,235,0,238,1278,0
04/16/2026 12:00,1647,173,0,167,1641,0
04/16/2026 12:15,1673,1267,0,1272,1678,0
04/16/2026 12:30,1620,1619,0,1228,1229,0
04/16/2026 12:45,1607,682,741,0,184,0
04/16/2026 13:00,1614,204,1298,0,112,0
04/16/2026 13:15,1614,181,1330,0,103,0
04/16/2026 13:30,1568,220,1254,0,94,0
04/16/2026 13:45,1558,219,1310,0,29,0
04/16/2026 14:00,1481,179,1302,0,0,0
04/16/2026 14:15,1454,161,1293,0,0,0
04/16/2026 14:30,1378,161,1192,0,25,0
04/16/2026 14:45,1308,173,1128,0,7,0
04/16/2026 15:00,1232,181,1051,0,0,0
04/16/2026 15:15,1099,162,927,0,10,0
04/16/2026 15:30,1037,172,845,0,20,0
04/16/2026 15:45,912,149,748,0,15,0
04/16/2026 16:00,1017,173,1033,0,1,190
04/16/2026 16:15,892,163,889,0,0,160
04/16/2026 16:30,746,181,741,0,0,176
04/16/2026 16:45,532,169,529,0,0,166
04/16/2026 17:00,592,151,588,0,0,147
04/16/2026 17:15,463,204,457,0,0,198
04/16/2026 17:30,390,206,386,0,0,202
04/16/2026 17:45,258,397,247,0,0,386
04/16/2026 18:00,272,228,267,0,0,223
04/16/2026 18:15,250,172,245,0,0,167
04/16/2026 18:30,169,248,164,0,0,243
04/16/2026 18:45,71,183,70,0,0,182
04/16/2026 19:00,27,410,16,0,0,399
04/16/2026 19:15,4,195,0,1,0,190
04/16/2026 19:30,0,199,5,0,0,204
04/16/2026 19:45,0,200,0,6,0,194
04/16/2026 20:00,0,227,19,43,43,246
04/16/2026 20:15,0,244,0,7,0,237
04/16/2026 20:30,0,287,0,8,0,279
04/16/2026 20:45,0,513,0,13,0,500
04/16/2026 21:00,0,1856,0,6,0,1850
04/16/2026 21:15,0,1688,5,0,0,1693
04/16/2026 21:30,0,778,0,4,0,774
04/16/2026 21:45,0,655,0,2,0,653
04/16/2026 22:00,0,473,0,9,0,464
04/16/2026 22:15,0,459,0,2,0,457
04/16/2026 22:30,0,231,0,6,0,225
04/16/2026 22:45,0,221,0,6,0,215
04/16/2026 23:00,0,167,0,6,0,161
04/16/2026 23:15,0,168,0,4,0,164
04/16/2026 23:30,0,188,0,5,0,183
04/16/2026 23:45,0,175,0,8,0,167
04/17/2026 00:00,0,155,0,7,0,148
04/17/2026 00:15,0,149,0,7,0,142
04/17/2026 00:30,0,144,0,5,0,139
04/17/2026 00:45,0,131,0,5,0,126
04/17/2026 01:00,0,118,0,6,0,112
04/17/2026 01:15,0,128,0,7,0,121
04/17/2026 01:30,0,157,0,5,0,152
04/17/2026 01:45,0,210,0,169,29,70
04/17/2026 02:00,0,114,0,121,7,0
04/17/2026 02:15,0,121,0,128,7,0
04/17/2026 02:30,0,144,0,152,8,0
04/17/2026 02:45,0,122,0,129,7,0
04/17/2026 03:00,0,112,0,119,7,0
04/17/2026 03:15,0,116,0,124,8,0
04/17/2026 03:30,0,136,0,143,7,0
04/17/2026 03:45,0,146,0,153,7,0
04/17/2026 04:00,0,117,0,125,8,0
04/17/2026 04:15,0,116,0,122,6,0
04/17/2026 04:30,0,115,0,123,8,0
04/17/2026 04:45,0,148,0,154,6,0
04/17/2026 05:00,0,141,0,149,8,0
04/17/2026 05:15,0,129,0,136,7,0
04/17/2026 05:30,0,119,0,229,110,0
04/17/2026 05:45,0,211,0,219,8,0
04/17/2026 06:00,0,136,0,143,7,0
04/17/2026 06:15,0,114,0,121,7,0
04/17/2026 06:30,0,141,0,148,7,0
04/17/2026 06:45,0,120,0,127,7,0
04/17/2026 07:00,0,131,0,137,6,0
04/17/2026 07:15,0,154,0,161,7,0
04/17/2026 07:30,50,267,0,366,149,0
04/17/2026 07:45,41,474,0,477,44,0
04/17/2026 08:00,103,334,0,325,94,0
04/17/2026 08:15,177,370,0,364,171,0
04/17/2026 08:30,198,176,0,173,195,0
04/17/2026 08:45,219,188,0,185,216,0
04/17/2026 09:00,170,144,0,149,175,0
04/17/2026 09:15,234,143,0,140,231,0
04/17/2026 09:30,157,149,0,158,166,0
04/17/2026 09:45,150,179,0,169,140,0
04/17/2026 10:00,242,153,0,145,234,0
04/17/2026 10:15,426,140,0,132,418,0
04/17/2026 10:30,686,186,0,179,679,0
04/17/2026 10:45,831,221,0,220,830,0
04/17/2026 11:00,921,163,0,165,923,0
04/17/2026 11:15,694,150,0,147,691,0
04/17/2026 11:30,435,150,0,156,441,0
04/17/2026 11:45,201,168,0,165,198,0
04/17/2026 12:00,212,188,0,188,212,0
04/17/2026 12:15,201,180,0,174,195,0
04/17/2026 12:30,177,144,0,144,177,0
04/17/2026 12:45,164,130,0,125,159,0
04/17/2026 13:00,367,119,0,110,358,0
04/17/2026 13:15,503,137,0,132,498,0
04/17/2026 13:30,669,166,0,163,666,0
04/17/2026 13:45,526,190,0,192,528,0
04/17/2026 14:00,509,343,0,338,504,0
04/17/2026 14:15,437,174,0,169,432,0
04/17/2026 14:30,578,280,0,275,573,0
04/17/2026 14:45,500,372,0,2165,2293,0
04/17/2026 15:00,689,368,0,1715,2036,0
04/17/2026 15:15,827,341,258,0,228,0
04/17/2026 15:30,583,247,209,0,127,0
04/17/2026 15:45,936,186,696,0,54,0
04/17/2026 16:00,708,181,700,0,2,175
04/17/2026 16:15,1015,236,1014,0,0,235
04/17/2026 16:30,1039,140,1037,0,0,138
04/17/2026 16:45,850,176,848,0,0,174
04/17/2026 17:00,609,135,607,0,0,133
04/17/2026 17:15,406,200,393,0,0,187
04/17/2026 17:30,297,247,293,0,0,243
04/17/2026 17:45,250,181,244,0,0,175
04/17/2026 18:00,187,140,184,0,0,137
04/17/2026 18:15,88,237,82,0,0,231
04/17/2026 18:30,96,143,93,0,0,140
04/17/2026 18:45,52,122,44,0,0,114
04/17/2026 19:00,25,408,16,0,0,399
04/17/2026 19:15,5,309,0,0,0,304
04/17/2026 19:30,0,214,0,6,0,208
04/17/2026 19:45,0,185,0,5,0,180
04/17/2026 20:00,0,326,0,18,14,322
04/17/2026 20:15,0,196,0,4,0,192
04/17/2026 20:30,0,189,0,0,0,189
04/17/2026 20:45,0,235,0,5,0,230
04/17/2026 21:00,0,352,0,4,0,348
04/17/2026 21:15,0,458,0,4,0,454
04/17/2026 21:30,0,352,0,7,0,345
04/17/2026 21:45,0,429,0,6,0,423
04/17/2026 22:00,0,228,0,6,0,222
04/17/2026 22:15,0,157,0,5,0,152
04/17/2026 22:30,0,268,0,8,0,260
04/17/2026 22:45,0,207,0,3,0,204
04/17/2026 23:00,0,121,0,6,0,115
04/17/2026 23:15,0,140,0,7,0,133
04/17/2026 23:30,0,141,0,5,0,136
04/17/2026 23:45,0,118,0,7,0,111
04/18/2026 00:00,0,158,0,6,0,152
04/18/2026 00:15,0,169,0,4,0,165
04/18/2026 00:30,0,113,0,5,0,108
04/18/2026 00:45,0,114,0,5,0,109
04/18/2026 01:00,0,132,0,7,0,125
04/18/2026 01:15,0,122,0,3,0,119
04/18/2026 01:30,0,189,0,9,0,180
04/18/2026 01:45,0,176,0,5,0,171
04/18/2026 02:00,0,123,0,4,0,119
04/18/2026 02:15,0,111,0,4,0,107
04/18/2026 02:30,0,118,0,6,0,112
04/18/2026 02:45,0,133,0,7,0,126
04/18/2026 03:00,0,116,0,5,0,111
04/18/2026 03:15,0,113,0,5,0,108
04/18/2026 03:30,0,142,0,8,0,134
04/18/2026 03:45,0,208,0,7,0,201
04/18/2026 04:00,0,140,0,4,0,136
04/18/2026 04:15,0,114,0,5,0,109
04/18/2026 04:30,0,129,0,6,0,123
04/18/2026 04:45,0,125,0,6,0,119
04/18/2026 05:00,0,114,0,6,0,108
04/18/2026 05:15,0,133,0,7,0,126
04/18/2026 05:30,0,162,0,3,0,159
04/18/2026 05:45,0,123,0,7,0,116
04/18/2026 06:00,0,116,0,11,4,109
04/18/2026 06:15,0,115,0,6,0,109
04/18/2026 06:30,26,135,0,5,0,104
04/18/2026 06:45,45,113,0,6,0,62
04/18/2026 07:00,60,128,0,130,62,0
04/18/2026 07:15,87,223,0,220,84,0
04/18/2026 07:30,94,280,0,282,96,0
04/18/2026 07:45,143,315,0,315,143,0
04/18/2026 08:00,131,137,0,137,131,0
04/18/2026 08:15,120,119,0,119,120,0
04/18/2026 08:30,176,176,0,174,174,0
04/18/2026 08:45,218,135,0,135,218,0
04/18/2026 09:00,318,241,0,240,317,0
04/18/2026 09:15,328,140,0,139,327,0
04/18/2026 09:30,471,154,0,153,470,0
04/18/2026 09:45,403,226,0,229,406,0
04/18/2026 10:00,442,265,0,261,438,0
04/18/2026 10:15,471,254,0,259,476,0
04/18/2026 10:30,381,245,0,248,384,0
04/18/2026 10:45,459,239,0,235,455,0
04/18/2026 11:00,817,-814,817,0,814,0
04/18/2026 11:15,1323,-1316,1323,0,1316,0
04/18/2026 11:30,1545,-1555,1555,10,1555,0
04/18/2026 11:45,1438,-1443,1443,5,1443,0
04/18/2026 12:00,1240,-1243,1243,3,1243,0
04/18/2026 12:15,1513,-1314,1513,0,1314,0
04/18/2026 12:30,1633,129,1300,0,204,0
04/18/2026 12:45,1718,313,1199,0,206,0
04/18/2026 13:00,1736,-204,1736,0,204,0
04/18/2026 13:15,1733,-139,1733,0,139,0
04/18/2026 13:30,1738,-37,1738,0,37,0
04/18/2026 13:45,1685,-16,1685,0,16,0
04/18/2026 14:00,1398,-26,1398,0,26,0
04/18/2026 14:15,987,-11,987,0,11,0
04/18/2026 14:30,942,-7,942,0,7,0
04/18/2026 14:45,849,-16,849,0,16,0
04/18/2026 15:00,917,-4,917,0,4,0
04/18/2026 15:15,930,-10,930,0,10,0
04/18/2026 15:30,844,-7,844,0,7,0
04/18/2026 15:45,702,-43,702,0,43,0
04/18/2026 16:00,740,127,726,0,2,115
04/18/2026 16:15,687,121,683,0,0,117
04/18/2026 16:30,544,143,538,0,0,137
04/18/2026 16:45,503,138,500,0,0,135
04/18/2026 17:00,420,118,416,0,0,114
04/18/2026 17:15,299,163,291,0,0,155
04/18/2026 17:30,219,324,213,0,0,318
04/18/2026 17:45,280,352,264,0,0,336
04/18/2026 18:00,113,245,109,0,0,241
04/18/2026 18:15,42,221,35,0,0,214
04/18/2026 18:30,23,313,17,0,0,307
04/18/2026 18:45,8,139,6,0,0,137
04/18/2026 19:00,0,225,0,6,0,219
04/18/2026 19:15,0,218,0,4,0,214
04/18/2026 19:30,0,162,0,4,0,158
04/18/2026 19:45,0,148,0,5,0,143
04/18/2026 20:00,0,171,0,15,8,164
04/18/2026 20:15,0,228,0,4,0,224
04/18/2026 20:30,0,475,0,8,0,467
04/18/2026 20:45,0,413,0,4,0,409
04/18/2026 21:00,0,473,0,7,0,466
04/18/2026 21:15,0,1389,0,13,0,1376
04/18/2026 21:30,0,1452,0,0,0,1452
04/18/2026 21:45,0,181,0,4,0,177
04/18/2026 22:00,0,155,0,8,0,147
04/18/2026 22:15,0,175,0,7,0,168
04/18/2026 22:30,0,188,0,5,0,183
04/18/2026 22:45,0,253,0,8,0,245
04/18/2026 23:00,0,255,0,3,0,252
04/18/2026 23:15,0,210,0,0,0,210
04/18/2026 23:30,0,140,0,6,0,134
04/18/2026 23:45,0,147,0,6,0,141
04/19/2026 00:00,0,277,0,4,0,273
04/19/2026 00:15,0,198,0,4,0,194
04/19/2026 00:30,0,133,0,6,0,127
04/19/2026 00:45,0,133,0,6,0,127
04/19/2026 01:00,0,227,0,7,0,220
04/19/2026 01:15,0,194,0,4,0,190
04/19/2026 01:30,0,127,0,5,0,122
04/19/2026 01:45,0,132,0,6,0,126
04/19/2026 02:00,0,140,0,8,0,132
04/19/2026 02:15,0,151,0,5,0,146
04/19/2026 02:30,0,176,0,7,0,169
04/19/2026 02:45,0,169,0,3,0,166
04/19/2026 03:00,0,114,0,6,0,108
04/19/2026 03:15,0,131,0,7,0,124
04/19/2026 03:30,0,144,0,6,0,138
04/19/2026 03:45,0,126,0,6,0,120
04/19/2026 04:00,0,114,0,6,0,108
04/19/2026 04:15,0,120,0,6,0,114
04/19/2026 04:30,0,189,0,8,0,181
04/19/2026 04:45,0,176,0,8,0,168
04/19/2026 05:00,0,134,26,44,44,160
04/19/2026 05:15,0,134,0,140,6,0
04/19/2026 05:30,0,115,0,123,8,0
04/19/2026 05:45,0,115,0,121,6,0
04/19/2026 06:00,0,138,0,144,6,0
04/19/2026 06:15,2,244,0,248,6,0
04/19/2026 06:30,1,161,0,167,7,0
04/19/2026 06:45,0,186,0,193,7,0
04/19/2026 07:00,12,175,0,173,10,0
04/19/2026 07:15,61,185,0,176,52,0
04/19/2026 07:30,74,191,0,183,66,0
04/19/2026 07:45,77,370,0,369,76,0
04/19/2026 08:00,106,374,0,379,111,0
04/19/2026 08:15,48,991,0,1001,58,0
04/19/2026 08:30,63,736,0,729,56,0
04/19/2026 08:45,68,425,0,422,65,0
04/19/2026 09:00,87,179,0,171,79,0
04/19/2026 09:15,78,783,0,786,81,0
04/19/2026 09:30,81,745,0,746,82,0
04/19/2026 09:45,75,437,0,438,76,0
04/19/2026 10:00,178,524,0,514,168,0
04/19/2026 10:15,190,267,0,270,193,0
04/19/2026 10:30,186,244,0,242,184,0
04/19/2026 10:45,274,233,0,239,280,0
04/19/2026 11:00,322,598,0,595,319,0
04/19/2026 11:15,253,362,0,362,253,0
04/19/2026 11:30,286,153,0,158,291,0
04/19/2026 11:45,227,180,0,182,229,0
04/19/2026 12:00,254,484,0,488,258,0
04/19/2026 12:15,147,628,0,631,150,0
04/19/2026 12:30,182,481,0,482,183,0
04/19/2026 12:45,127,343,0,345,129,0
04/19/2026 13:00,194,719,0,721,196,0
04/19/2026 13:15,174,678,0,681,177,0
04/19/2026 13:30,168,433,0,431,166,0
04/19/2026 13:45,171,816,0,817,172,0
04/19/2026 14:00,220,171,0,173,222,0
04/19/2026 14:15,173,469,0,470,174,0
04/19/2026 14:30,163,372,0,376,167,0
04/19/2026 14:45,163,296,0,1494,1361,0
04/19/2026 15:00,95,580,0,2467,1982,0
04/19/2026 15:15,75,458,0,2961,2578,0
04/19/2026 15:30,142,140,0,2773,2775,0
04/19/2026 15:45,87,168,0,1290,1209,0
04/19/2026 16:00,41,147,61,0,2,169
04/19/2026 16:15,44,132,40,0,0,128
04/19/2026 16:30,53,155,47,0,0,149
04/19/2026 16:45,54,167,49,0,0,162
04/19/2026 17:00,31,138,27,0,0,134
04/19/2026 17:15,12,178,5,0,0,171
04/19/2026 17:30,14,497,0,0,0,483
04/19/2026 17:45,28,212,23,0,0,207
04/19/2026 18:00,25,574,8,0,0,557
04/19/2026 18:15,15,420,16,0,0,421
04/19/2026 18:30,17,412,0,1,0,394
04/19/2026 18:45,102,682,100,0,0,680
04/19/2026 19:00,49,665,42,0,0,658
04/19/2026 19:15,15,753,8,0,0,746
04/19/2026 19:30,0,285,1,0,0,286
04/19/2026 19:45,0,236,0,3,0,233
04/19/2026 20:00,0,616,0,21,8,603
04/19/2026 20:15,0,254,0,2,0,252
04/19/2026 20:30,0,289,0,6,0,283
04/19/2026 20:45,0,630,0,11,0,619
04/19/2026 21:00,0,789,0,3,0,786
04/19/2026 21:15,0,447,0,7,0,440
04/19/2026 21:30,0,1032,0,8,0,1024
04/19/2026 21:45,0,807,0,4,0,803
04/19/2026 22:00,0,387,0,0,0,387
04/19/2026 22:15,0,428,0,15,0,413
04/19/2026 22:30,0,380,0,5,0,375
04/19/2026 22:45,0,686,0,10,0,676
04/19/2026 23:00,0,467,0,395,18,90
04/19/2026 23:15,0,348,0,354,6,0
04/19/2026 23:30,0,572,0,577,5,0
04/19/2026 23:45,0,639,0,644,5,0
04/20/2026 00:00,0,561,0,567,6,0
04/20/2026 00:15,0,213,0,219,6,0
04/20/2026 00:30,0,458,0,464,6,0
04/20/2026 00:45,0,192,0,198,6,0
04/20/2026 01:00,0,175,0,181,6,0
04/20/2026 01:15,0,664,0,670,6,0
04/20/2026 01:30,0,544,0,549,5,0
04/20/2026 01:45,0,308,0,313,5,0
04/20/2026 02:00,0,509,0,515,6,0
04/20/2026 02:15,0,146,0,224,78,0
04/20/2026 02:30,0,227,0,233,6,0
04/20/2026 02:45,0,643,0,649,6,0
04/20/2026 03:00,0,562,0,568,6,0
04/20/2026 03:15,0,691,0,781,90,0
04/20/2026 03:30,0,527,0,533,6,0
04/20/2026 03:45,0,516,0,522,6,0
04/20/2026 04:00,0,641,0,647,6,0
04/20/2026 04:15,0,587,0,667,80,0
04/20/2026 04:30,0,693,0,699,6,0
04/20/2026 04:45,0,639,0,645,6,0
04/20/2026 05:00,0,584,0,590,6,0
04/20/2026 05:15,0,613,0,688,75,0
04/20/2026 05:30,0,519,0,525,6,0
04/20/2026 05:45,0,594,0,600,6,0
04/20/2026 06:00,10,569,0,565,6,0
04/20/2026 06:15,73,633,0,566,6,0
04/20/2026 06:30,184,525,0,412,71,0
04/20/2026 06:45,346,237,0,50,165,6
04/20/2026 07:00,460,176,0,169,461,8
04/20/2026 07:15,546,171,0,162,537,0
04/20/2026 07:30,705,213,0,203,695,0
04/20/2026 07:45,835,1230,0,395,0,0
04/20/2026 08:00,901,1290,0,389,0,0
04/20/2026 08:15,959,1229,0,270,0,0
04/20/2026 08:30,1017,1204,0,187,0,0
04/20/2026 08:45,1075,1269,0,194,0,0
04/20/2026 09:00,1132,1316,0,184,0,0
04/20/2026 09:15,1042,1214,0,172,0,0
04/20/2026 09:30,1234,1413,0,179,0,0
04/20/2026 09:45,1302,1472,0,170,0,0
04/20/2026 10:00,1394,1539,0,145,0,0
04/20/2026 10:15,1466,1236,230,0,0,0
04/20/2026 10:30,1349,165,701,0,483,0
04/20/2026 10:45,1142,175,797,0,170,0
04/20/2026 11:00,1661,287,1245,0,129,0
04/20/2026 11:15,860,152,588,0,120,0
04/20/2026 11:30,1321,171,1027,0,123,0
04/20/2026 11:45,1474,161,1273,0,40,0
04/20/2026 12:00,710,188,522,0,0,0
04/20/2026 12:15,649,129,508,0,12,0
04/20/2026 12:30,726,138,563,0,25,0
04/20/2026 12:45,724,364,350,0,10,0
04/20/2026 13:00,940,457,479,0,4,0
04/20/2026 13:15,1301,730,539,0,32,0
04/20/2026 13:30,1125,683,390,0,52,0
04/20/2026 13:45,684,623,62,0,0,1
04/20/2026 14:00,1204,932,269,0,4,1
04/20/2026 14:15,880,376,480,0,24,0
04/20/2026 14:30,845,945,0,109,9,0
04/20/2026 14:45,1173,1282,0,109,0,0
04/20/2026 15:00,1392,1206,174,0,12,0
04/20/2026 15:15,898,1040,0,167,25,0
04/20/2026 15:30,957,1015,0,58,0,0
04/20/2026 15:45,761,1022,0,270,9,0
04/20/2026 16:00,664,134,677,0,0,147
04/20/2026 16:15,957,123,954,0,0,120
04/20/2026 16:30,529,133,525,0,0,129
04/20/2026 16:45,377,133,372,0,0,128
04/20/2026 17:00,263,143,259,0,0,139
04/20/2026 17:15,315,160,307,0,0,152
04/20/2026 17:30,214,617,197,0,0,600
04/20/2026 17:45,260,502,261,0,0,503
04/20/2026 18:00,330,492,328,0,0,490
04/20/2026 18:15,300,174,294,0,0,168
04/20/2026 18:30,160,477,152,0,0,469
04/20/2026 18:45,93,131,89,0,0,127
04/20/2026 19:00,34,152,28,0,0,146
04/20/2026 19:15,4,197,0,5,0,188
04/20/2026 19:30,0,509,0,8,0,501
04/20/2026 19:45,0,603,0,8,0,595
04/20/2026 20:00,0,557,0,24,12,545
04/20/2026 20:15,0,431,0,3,0,428
04/20/2026 20:30,0,228,0,9,0,219
04/20/2026 20:45,0,272,0,9,0,263
04/20/2026 21:00,0,520,0,9,0,511
04/20/2026 21:15,0,871,0,12,0,859
04/20/2026 21:30,0,1598,0,7,0,1591
04/20/2026 21:45,0,548,1,0,0,549
04/20/2026 22:00,0,647,0,10,0,637
04/20/2026 22:15,0,413,0,4,0,409
04/20/2026 22:30,0,364,0,4,0,360
04/20/2026 22:45,0,613,0,11,0,602
04/20/2026 23:00,0,705,0,6,0,699
04/20/2026 23:15,0,495,0,25,5,475
04/20/2026 23:30,0,460,0,426,21,55
04/20/2026 23:45,0,354,0,360,6,0
04/21/2026 00:00,0,428,0,434,6,0
04/21/2026 00:15,0,131,0,137,6,0
04/21/2026 00:30,0,146,0,152,6,0
04/21/2026 00:45,0,450,0,456,6,0
04/21/2026 01:00,0,617,0,624,7,0
04/21/2026 01:15,0,431,0,437,6,0
04/21/2026 01:30,0,158,0,164,6,0
04/21/2026 01:45,0,128,0,135,7,0
04/21/2026 02:00,0,471,0,477,6,0
04/21/2026 02:15,0,207,0,213,6,0
04/21/2026 02:30,0,501,0,507,6,0
04/21/2026 02:45,0,638,0,729,91,0
04/21/2026 03:00,0,559,0,566,7,0
04/21/2026 03:15,0,173,0,179,6,0
04/21/2026 03:30,0,311,0,317,6,0
04/21/2026 03:45,0,400,0,406,6,0
04/21/2026 04:00,0,217,0,223,6,0
04/21/2026 04:15,0,735,0,823,88,0
04/21/2026 04:30,0,614,0,620,6,0
04/21/2026 04:45,0,526,0,533,7,0
04/21/2026 05:00,0,632,0,639,7,0
04/21/2026 05:15,0,538,0,544,6,0
04/21/2026 05:30,0,633,0,714,81,0
04/21/2026 05:45,0,708,0,715,7,0
04/21/2026 06:00,14,592,0,584,6,0
04/21/2026 06:15,86,595,0,514,5,0
04/21/2026 06:30,216,487,0,285,14,0
04/21/2026 06:45,378,502,0,195,71,0
04/21/2026 07:00,490,159,0,143,474,0
04/21/2026 07:15,574,198,0,185,561,0
04/21/2026 07:30,738,958,0,220,0,0
04/21/2026 07:45,861,1098,0,237,0,0
04/21/2026 08:00,925,1172,0,247,0,0
04/21/2026 08:15,986,1201,0,215,0,0
04/21/2026 08:30,1039,1202,0,163,0,0
04/21/2026 08:45,1103,1259,0,156,0,0
04/21/2026 09:00,1153,1313,0,160,0,0
04/21/2026 09:15,1190,1340,0,150,0,0
04/21/2026 09:30,1266,1400,0,134,0,0
04/21/2026 09:45,1327,1454,0,127,0,0
04/21/2026 10:00,1420,1851,0,431,0,0
04/21/2026 10:15,1509,1418,91,0,0,0
04/21/2026 10:30,1567,253,1085,0,229,0
04/21/2026 10:45,1624,137,1335,0,152,0
04/21/2026 11:00,1671,116,1403,0,152,0
04/21/2026 11:15,1680,137,1367,0,176,0
04/21/2026 11:30,1742,130,1460,0,152,0
04/21/2026 11:45,1769,125,1530,0,114,0
04/21/2026 12:00,1775,509,1260,0,6,0
04/21/2026 12:15,1718,510,1198,0,10,0
04/21/2026 12:30,1740,403,1335,0,2,0
04/21/2026 12:45,1761,406,1329,0,26,0
04/21/2026 13:00,1763,433,1316,0,14,0
04/21/2026 13:15,1674,212,1458,0,4,0
04/21/2026 13:30,1747,118,1573,0,56,0
04/21/2026 13:45,1665,119,1546,0,0,0
04/21/2026 14:00,1594,466,1128,0,0,0
04/21/2026 14:15,1457,585,863,0,10,1
04/21/2026 14:30,1418,378,1013,0,27,0
04/21/2026 14:45,1244,363,881,0,0,0
04/21/2026 15:00,1385,365,1019,0,1,0
04/21/2026 15:15,1291,132,1124,0,35,0
04/21/2026 15:30,1206,135,1072,0,0,1
04/21/2026 15:45,1126,124,1003,0,0,1
04/21/2026 16:00,1034,162,1053,0,0,181
04/21/2026 16:15,816,120,812,0,0,116
04/21/2026 16:30,838,115,834,0,0,111
04/21/2026 16:45,766,296,749,0,0,279
04/21/2026 17:00,631,606,628,0,0,603
04/21/2026 17:15,465,389,463,0,0,387
04/21/2026 17:30,341,639,339,0,0,637
04/21/2026 17:45,276,204,268,0,0,196
04/21/2026 18:00,232,464,227,0,0,459
04/21/2026 18:15,175,159,167,0,0,151
04/21/2026 18:30,108,279,103,0,0,274
04/21/2026 18:45,69,216,67,0,0,214
04/21/2026 19:00,37,169,30,0,0,162
04/21/2026 19:15,11,187,8,0,0,184
04/21/2026 19:30,0,193,0,10,0,183
04/21/2026 19:45,0,625,0,7,0,618
04/21/2026 20:00,0,710,0,17,6,699
04/21/2026 20:15,0,767,0,3,0,764
04/21/2026 20:30,0,534,0,0,0,534
04/21/2026 20:45,0,405,0,8,0,397
04/21/2026 21:00,0,514,0,9,0,505
04/21/2026 21:15,0,313,0,5,0,308
04/21/2026 21:30,0,191,0,6,0,185
04/21/2026 21:45,0,202,0,7,0,195
04/21/2026 22:00,0,188,0,5,0,183
04/21/2026 22:15,0,349,0,12,0,337
04/21/2026 22:30,0,824,0,7,0,817
04/21/2026 22:45,0,394,0,7,0,387
04/21/2026 23:00,0,589,0,4,0,585
04/21/2026 23:15,0,480,0,6,0,474
04/21/2026 23:30,0,535,0,5,0,530
04/21/2026 23:45,0,531,0,5,0,526
04/22/2026 00:00,0,432,0,2,0,430
04/22/2026 00:15,0,403,0,252,12,163
04/22/2026 00:30,0,144,0,150,6,0
04/22/2026 00:45,0,127,0,133,6,0
04/22/2026 01:00,0,147,0,153,6,0
04/22/2026 01:15,0,194,0,200,6,0
04/22/2026 01:30,0,453,0,459,6,0
04/22/2026 01:45,0,711,0,719,8,0
04/22/2026 02:00,0,705,0,711,6,0
04/22/2026 02:15,0,528,0,534,6,0
04/22/2026 02:30,0,578,0,584,6,0
04/22/2026 02:45,0,593,0,599,6,0
04/22/2026 03:00,0,532,0,538,6,0
04/22/2026 03:15,0,149,0,156,7,0
04/22/2026 03:30,0,258,0,345,87,0
04/22/2026 03:45,0,388,0,394,6,0
04/22/2026 04:00,0,447,0,453,6,0
04/22/2026 04:15,0,557,0,564,7,0
04/22/2026 04:30,0,660,0,737,77,0
04/22/2026 04:45,0,671,0,677,6,0
04/22/2026 05:00,0,579,0,585,6,0
04/22/2026 05:15,0,603,0,609,6,0
04/22/2026 05:30,0,585,0,665,80,0
04/22/2026 05:45,0,558,0,564,6,0
04/22/2026 06:00,11,223,0,218,6,0
04/22/2026 06:15,52,501,0,455,6,0
04/22/2026 06:30,67,514,0,453,6,0
04/22/2026 06:45,86,359,0,360,87,0
04/22/2026 07:00,99,160,0,150,89,0
04/22/2026 07:15,127,210,0,204,121,0
04/22/2026 07:30,173,231,0,225,167,0
04/22/2026 07:45,183,218,0,217,182,0
04/22/2026 08:00,141,224,0,229,146,0
04/22/2026 08:15,145,210,0,209,144,0
04/22/2026 08:30,80,170,0,174,84,0
04/22/2026 08:45,76,471,0,469,74,0
04/22/2026 09:00,93,638,0,633,88,0
04/22/2026 09:15,123,376,0,367,114,0
04/22/2026 09:30,170,392,0,387,165,0
04/22/2026 09:45,196,405,0,404,195,0
04/22/2026 10:00,269,391,0,387,265,0
04/22/2026 10:15,314,340,0,334,308,0
04/22/2026 10:30,278,144,0,148,282,0
04/22/2026 10:45,222,206,0,205,221,0
04/22/2026 11:00,241,469,0,470,242,0
04/22/2026 11:15,249,372,0,369,246,0
04/22/2026 11:30,250,546,0,548,252,0
04/22/2026 11:45,210,445,0,447,212,0
04/22/2026 12:00,331,425,0,416,322,0
04/22/2026 12:15,331,453,0,457,335,0
04/22/2026 12:30,304,443,0,442,303,0
04/22/2026 12:45,298,428,0,435,305,0
04/22/2026 13:00,303,334,0,331,300,0
04/22/2026 13:15,326,144,0,142,324,0
04/22/2026 13:30,339,120,0,123,342,0
04/22/2026 13:45,354,117,0,108,345,0
04/22/2026 14:00,335,522,0,527,340,0
04/22/2026 14:15,305,495,0,495,305,0
04/22/2026 14:30,345,410,0,407,342,0
04/22/2026 14:45,597,408,0,855,1044,0
04/22/2026 15:00,332,428,0,1394,1298,0
04/22/2026 15:15,216,420,0,1515,1311,0
04/22/2026 15:30,142,412,0,1523,1253,0
04/22/2026 15:45,226,331,0,870,765,0
04/22/2026 16:00,169,126,179,0,4,140
04/22/2026 16:15,219,113,215,0,0,109
04/22/2026 16:30,167,113,162,0,0,108
04/22/2026 16:45,154,345,143,0,0,334
04/22/2026 17:00,204,539,192,0,0,527
04/22/2026 17:15,158,492,156,0,0,490
04/22/2026 17:30,132,455,124,0,0,447
04/22/2026 17:45,79,395,77,0,0,393
04/22/2026 18:00,56,579,45,0,0,568
04/22/2026 18:15,61,119,60,0,0,118
04/22/2026 18:30,46,450,31,0,0,435
04/22/2026 18:45,17,200,18,0,0,201
04/22/2026 19:00,3,157,1,0,0,155
04/22/2026 19:15,0,386,0,15,0,371
04/22/2026 19:30,0,823,0,12,0,811
04/22/2026 19:45,0,604,1,0,0,605
04/22/2026 20:00,0,436,0,6,5,435
04/22/2026 20:15,0,418,0,12,0,406
04/22/2026 20:30,0,236,0,5,0,231
04/22/2026 20:45,0,238,0,7,0,231
04/22/2026 21:00,0,171,0,6,0,165
04/22/2026 21:15,0,1892,0,22,0,1870
04/22/2026 21:30,0,2032,0,454,3,1581
04/22/2026 21:45,0,624,0,630,6,0
04/22/2026 22:00,0,484,0,490,6,0
04/22/2026 22:15,0,601,0,607,6,0
04/22/2026 22:30,0,466,0,471,5,0
04/22/2026 22:45,0,172,0,178,6,0
04/22/2026 23:00,0,161,0,167,6,0
04/22/2026 23:15,0,611,0,617,6,0
04/22/2026 23:30,0,635,0,641,6,0
04/22/2026 23:45,0,485,0,492,7,0
04/23/2026 00:00,0,167,0,262,95,0
04/23/2026 00:15,0,214,0,220,6,0
04/23/2026 00:30,0,368,0,375,7,0
04/23/2026 00:45,0,204,0,210,6,0
04/23/2026 01:00,0,119,0,127,8,0
04/23/2026 01:15,0,163,0,256,93,0
04/23/2026 01:30,0,643,0,650,7,0
04/23/2026 01:45,0,515,0,522,7,0
04/23/2026 02:00,0,234,0,241,7,0
04/23/2026 02:15,0,148,0,155,7,0
04/23/2026 02:30,0,158,0,165,7,0
04/23/2026 02:45,0,323,0,405,82,0
04/23/2026 03:00,0,621,0,628,7,0
04/23/2026 03:15,0,375,0,382,7,0
04/23/2026 03:30,0,468,0,475,7,0
04/23/2026 03:45,0,503,0,510,7,0
04/23/2026 04:00,0,194,0,201,7,0
04/23/2026 04:15,0,121,0,127,6,0
04/23/2026 04:30,0,141,0,244,103,0
04/23/2026 04:45,0,282,0,288,6,0
04/23/2026 05:00,0,283,0,291,8,0
04/23/2026 05:15,0,174,0,180,6,0
04/23/2026 05:30,0,519,0,526,7,0
04/23/2026 05:45,0,466,0,473,7,0
04/23/2026 06:00,26,238,0,310,98,0
04/23/2026 06:15,97,555,0,465,7,0
04/23/2026 06:30,208,482,0,280,6,0
04/23/2026 06:45,352,465,0,119,6,0
04/23/2026 07:00,410,439,0,419,390,0
04/23/2026 07:15,548,475,0,465,538,0
04/23/2026 07:30,684,265,0,257,676,0
04/23/2026 07:45,798,161,0,156,793,0
04/23/2026 08:00,793,196,0,195,792,0
04/23/2026 08:15,901,174,0,175,902,0
04/23/2026 08:30,921,129,0,128,920,0
04/23/2026 08:45,956,129,0,129,956,0
04/23/2026 09:00,1152,192,0,187,1147,0
04/23/2026 09:15,1169,134,0,132,1167,0
04/23/2026 09:30,1239,108,0,104,1235,0
04/23/2026 09:45,1323,110,0,111,1324,0
04/23/2026 10:00,1425,131,0,128,1422,0
04/23/2026 10:15,1517,111,0,102,1508,0
04/23/2026 10:30,1543,119,1064,0,360,0
04/23/2026 10:45,1588,148,1286,0,154,0
04/23/2026 11:00,1566,125,1286,0,155,0
04/23/2026 11:15,1622,115,1330,0,177,0
04/23/2026 11:30,1733,119,1534,0,80,0
04/23/2026 11:45,1758,140,1596,0,22,0
04/23/2026 12:00,1584,122,1454,0,9,1
04/23/2026 12:15,1739,120,1596,0,23,0
04/23/2026 12:30,1729,149,1568,0,12,0
04/23/2026 12:45,1754,132,1616,0,6,0
04/23/2026 13:00,1751,118,1613,0,20,0
04/23/2026 13:15,1759,116,1578,0,65,0
04/23/2026 13:30,1752,137,1616,0,0,1
04/23/2026 13:45,1664,124,1541,0,0,1
04/23/2026 14:00,1666,482,1159,0,25,0
04/23/2026 14:15,1617,530,1075,0,12,0
04/23/2026 14:30,1542,372,1171,0,0,1
04/23/2026 14:45,1402,235,1156,0,11,0
04/23/2026 15:00,1361,118,1217,0,26,0
04/23/2026 15:15,1262,124,1138,0,0,0
04/23/2026 15:30,1197,130,1065,0,4,2
04/23/2026 15:45,1103,125,936,0,42,0
04/23/2026 16:00,1015,158,1003,0,2,148
04/23/2026 16:15,942,128,940,0,0,126
04/23/2026 16:30,732,116,727,0,0,111
04/23/2026 16:45,786,114,782,0,0,110
04/23/2026 17:00,590,139,584,0,0,133
04/23/2026 17:15,497,115,493,0,0,111
04/23/2026 17:30,379,185,370,0,0,176
04/23/2026 17:45,294,384,287,0,0,377
04/23/2026 18:00,294,529,284,0,0,519
04/23/2026 18:15,202,152,198,0,0,148
04/23/2026 18:30,94,143,87,0,0,136
04/23/2026 18:45,49,140,46,0,0,137
04/23/2026 19:00,32,146,28,0,0,142
04/23/2026 19:15,12,194,2,0,0,184
04/23/2026 19:30,1,233,0,3,0,229
04/23/2026 19:45,0,291,1,0,0,292
04/23/2026 20:00,0,209,6,33,33,215
04/23/2026 20:15,0,194,0,8,0,186
04/23/2026 20:30,0,176,0,4,0,172
04/23/2026 20:45,0,518,0,18,0,500
04/23/2026 21:00,0,2024,0,3,0,2021
04/23/2026 21:15,0,1299,8,0,0,1307
04/23/2026 21:30,0,186,0,7,0,179
04/23/2026 21:45,0,243,0,9,0,234
04/23/2026 22:00,0,267,0,6,0,261
04/23/2026 22:15,0,413,0,6,0,407
04/23/2026 22:30,0,413,0,12,0,401
04/23/2026 22:45,0,889,0,7,0,882
04/23/2026 23:00,0,408,2,4,4,410
04/23/2026 23:15,0,398,0,5,0,393
04/23/2026 23:30,0,222,0,3,0,219
04/23/2026 23:45,0,163,0,5,0,158
04/24/2026 00:00,0,123,0,5,0,118
04/24/2026 00:15,0,119,0,5,0,114
04/24/2026 00:30,0,120,0,4,0,116
04/24/2026 00:45,0,172,0,6,0,166
04/24/2026 01:00,0,499,0,15,0,484
04/24/2026 01:15,0,571,0,5,0,566
04/24/2026 01:30,0,361,0,285,9,85
04/24/2026 01:45,0,119,0,126,7,0
04/24/2026 02:00,0,118,0,125,7,0
04/24/2026 02:15,0,136,0,143,7,0
04/24/2026 02:30,0,138,0,145,7,0
04/24/2026 02:45,0,456,0,463,7,0
04/24/2026 03:00,0,216,0,223,7,0
04/24/2026 03:15,0,542,0,549,7,0
04/24/2026 03:30,0,570,0,577,7,0
04/24/2026 03:45,0,274,0,281,7,0
04/24/2026 04:00,0,146,0,153,7,0
04/24/2026 04:15,0,120,0,127,7,0
04/24/2026 04:30,0,284,0,291,7,0
04/24/2026 04:45,0,477,0,484,7,0
04/24/2026 05:00,0,156,0,253,97,0
04/24/2026 05:15,0,560,0,566,6,0
04/24/2026 05:30,0,616,0,624,8,0
04/24/2026 05:45,1,324,0,329,6,0
04/24/2026 06:00,43,196,0,159,6,0
04/24/2026 06:15,123,147,0,30,6,0
04/24/2026 06:30,247,409,0,259,97,0
04/24/2026 06:45,398,295,0,83,215,29
04/24/2026 07:00,492,124,0,129,497,0
04/24/2026 07:15,588,168,0,157,577,0
04/24/2026 07:30,758,223,0,213,748,0
04/24/2026 07:45,881,222,0,212,871,0
04/24/2026 08:00,945,234,0,226,937,0
04/24/2026 08:15,1013,206,0,202,1009,0
04/24/2026 08:30,1083,156,0,150,1077,0
04/24/2026 08:45,1128,139,0,138,1127,0
04/24/2026 09:00,1178,131,0,125,1172,0
04/24/2026 09:15,1223,108,0,110,1225,0
04/24/2026 09:30,1302,116,0,112,1298,0
04/24/2026 09:45,1385,137,0,133,1381,0
04/24/2026 10:00,1464,120,0,110,1454,0
04/24/2026 10:15,1522,112,665,0,745,0
04/24/2026 10:30,1567,116,1307,0,144,0
04/24/2026 10:45,1621,137,1375,0,109,0
04/24/2026 11:00,1679,130,1454,0,95,0
04/24/2026 11:15,1702,116,1536,0,50,0
04/24/2026 11:30,1561,135,1400,0,26,0
04/24/2026 11:45,1616,150,1456,0,10,0
04/24/2026 12:00,1822,127,1687,0,8,0
04/24/2026 12:15,1787,117,1659,0,12,1
04/24/2026 12:30,1390,124,1228,0,38,0
04/24/2026 12:45,1793,142,1650,0,1,0
04/24/2026 13:00,1681,118,1516,0,47,0
04/24/2026 13:15,1657,118,1527,0,12,0
04/24/2026 13:30,1080,141,926,0,13,0
04/24/2026 13:45,1410,147,1257,0,6,0
04/24/2026 14:00,933,472,439,0,22,0
04/24/2026 14:15,1349,574,761,0,14,0
04/24/2026 14:30,1402,482,918,0,2,0
04/24/2026 14:45,1196,1279,0,97,14,0
04/24/2026 15:00,1123,1242,0,126,7,0
04/24/2026 15:15,1202,1335,0,142,9,0
04/24/2026 15:30,1101,1097,0,6,10,0
04/24/2026 15:45,1003,1008,0,30,25,0
04/24/2026 16:00,1047,120,1062,0,0,135
04/24/2026 16:15,879,130,874,0,0,125
04/24/2026 16:30,872,146,868,0,0,142
04/24/2026 16:45,683,139,678,0,0,134
04/24/2026 17:00,590,166,584,0,0,160
04/24/2026 17:15,462,149,457,0,0,144
04/24/2026 17:30,286,131,283,0,0,128
04/24/2026 17:45,283,170,278,0,0,165
04/24/2026 18:00,295,510,281,0,0,496
04/24/2026 18:15,174,248,174,0,0,248
04/24/2026 18:30,124,166,118,0,0,160
04/24/2026 18:45,109,361,96,0,0,348
04/24/2026 19:00,43,190,42,0,0,189
04/24/2026 19:15,15,250,7,0,0,242
04/24/2026 19:30,0,229,0,9,0,220
04/24/2026 19:45,0,400,0,4,0,396
04/24/2026 20:00,0,159,0,14,12,157
04/24/2026 20:15,0,221,0,9,0,212
04/24/2026 20:30,0,715,0,8,0,707
04/24/2026 20:45,0,516,0,6,0,510
04/24/2026 21:00,0,305,0,3,0,302
04/24/2026 21:15,0,257,0,12,0,245
04/24/2026 21:30,0,444,0,1,0,443
04/24/2026 21:45,0,413,0,7,0,406
04/24/2026 22:00,0,366,0,4,0,362
04/24/2026 22:15,0,470,0,9,0,461
04/24/2026 22:30,0,309,0,2,0,307
04/24/2026 22:45,0,497,0,12,0,485
04/24/2026 23:00,0,187,0,24,1,164
04/24/2026 23:15,0,187,0,24,1,164
04/24/2026 23:30,0,187,0,24,1,164
04/24/2026 23:45,0,122,0,5,0,117
04/25/2026 00:00,0,135,0,7,0,128
04/25/2026 00:15,0,147,0,5,0,142
04/25/2026 00:30,0,420,0,14,0,406
04/25/2026 00:45,0,205,0,5,0,200
04/25/2026 01:00,0,120,0,7,0,113
04/25/2026 01:15,0,224,0,5,0,219
04/25/2026 01:30,0,289,0,13,0,276
04/25/2026 01:45,0,360,0,4,0,356
04/25/2026 02:00,0,176,0,9,0,167
04/25/2026 02:15,0,132,0,4,0,128
04/25/2026 02:30,0,406,0,14,0,392
04/25/2026 02:45,0,292,0,4,0,288
04/25/2026 03:00,0,293,0,11,0,282
04/25/2026 03:15,0,622,0,9,0,613
04/25/2026 03:30,0,263,0,78,20,205
04/25/2026 03:45,0,151,0,159,8,0
04/25/2026 04:00,0,648,0,654,6,0
04/25/2026 04:15,0,559,0,566,7,0
04/25/2026 04:30,0,545,0,552,7,0
04/25/2026 04:45,0,612,0,618,6,0
04/25/2026 05:00,0,613,0,620,7,0
04/25/2026 05:15,0,589,0,596,7,0
04/25/2026 05:30,0,638,0,644,6,0
04/25/2026 05:45,4,681,0,683,6,0
04/25/2026 06:00,58,539,0,487,6,0
04/25/2026 06:15,140,451,0,317,6,0
04/25/2026 06:30,272,145,0,4,131,0
04/25/2026 06:45,417,239,11,0,193,26
04/25/2026 07:00,503,187,0,184,500,0
04/25/2026 07:15,598,165,0,157,590,0
04/25/2026 07:30,769,204,0,193,758,0
04/25/2026 07:45,918,329,0,328,917,0
04/25/2026 08:00,847,221,0,221,847,0
04/25/2026 08:15,1007,375,0,363,995,0
04/25/2026 08:30,1038,633,0,633,1038,0
04/25/2026 08:45,1072,1070,0,1066,1068,0
04/25/2026 09:00,1153,1848,0,1845,1150,0
04/25/2026 09:15,1217,891,0,892,1218,0
04/25/2026 09:30,1236,158,0,157,1235,0
04/25/2026 09:45,1327,134,0,137,1330,0
04/25/2026 10:00,1402,122,0,78,1358,0
04/25/2026 10:15,1400,183,199,0,1018,0
04/25/2026 10:30,1299,132,934,0,233,0
04/25/2026 10:45,1573,119,1320,0,134,0
04/25/2026 11:00,1362,123,1164,0,75,0
04/25/2026 11:15,1306,133,1136,0,37,0
04/25/2026 11:30,1575,114,1461,0,0,0
04/25/2026 11:45,1122,342,745,0,35,0
04/25/2026 12:00,1215,771,423,0,21,0
04/25/2026 12:15,1536,264,1268,0,4,0
04/25/2026 12:30,1277,310,957,0,10,0
04/25/2026 12:45,1212,228,954,0,30,0
04/25/2026 13:00,1068,170,868,0,30,0
04/25/2026 13:15,938,319,618,0,1,0
04/25/2026 13:30,938,145,782,0,11,0
04/25/2026 13:45,1024,132,866,0,26,0
04/25/2026 14:00,956,339,615,0,2,0
04/25/2026 14:15,1121,337,770,0,14,0
04/25/2026 14:30,1181,345,832,0,4,0
04/25/2026 14:45,786,131,635,0,20,0
04/25/2026 15:00,804,113,681,0,10,0
04/25/2026 15:15,800,116,684,0,0,0
04/25/2026 15:30,568,148,400,0,20,0
04/25/2026 15:45,687,238,431,0,18,0
04/25/2026 16:00,703,170,711,0,2,180
04/25/2026 16:15,602,124,603,0,0,125
04/25/2026 16:30,488,128,487,0,0,127
04/25/2026 16:45,430,167,422,0,0,159
04/25/2026 17:00,340,563,332,0,0,555
04/25/2026 17:15,288,276,290,0,0,278
04/25/2026 17:30,258,228,249,0,0,219
04/25/2026 17:45,185,136,185,0,0,136
04/25/2026 18:00,154,430,144,0,0,420
04/25/2026 18:15,106,143,101,0,0,138
04/25/2026 18:30,61,132,56,0,0,127
04/25/2026 18:45,37,127,33,0,0,123
04/25/2026 19:00,17,128,12,0,0,123
04/25/2026 19:15,4,157,0,4,0,149
04/25/2026 19:30,0,150,0,4,0,146
04/25/2026 19:45,0,358,0,14,0,344
04/25/2026 20:00,0,629,0,13,4,620
04/25/2026 20:15,0,464,0,1,0,463
04/25/2026 20:30,0,225,0,4,0,221
04/25/2026 20:45,0,171,0,7,0,164
04/25/2026 21:00,0,402,0,5,0,397
04/25/2026 21:15,0,333,0,10,0,323
04/25/2026 21:30,0,548,0,5,0,543
04/25/2026 21:45,0,301,0,5,0,296
04/25/2026 22:00,0,284,0,6,0,278
04/25/2026 22:15,0,383,0,8,0,375
04/25/2026 22:30,0,414,0,0,0,414
04/25/2026 22:45,0,529,0,15,0,514
04/25/2026 23:00,0,900,0,6,0,894
04/25/2026 23:15,0,333,0,1,0,332
04/25/2026 23:30,0,206,0,5,0,201
04/25/2026 23:45,0,181,0,9,0,172
04/26/2026 00:00,0,429,0,7,0,422
04/26/2026 00:15,0,147,0,2,0,145
04/26/2026 00:30,0,118,0,7,0,111
04/26/2026 00:45,0,128,0,7,0,121
04/26/2026 01:00,0,200,0,8,0,192
04/26/2026 01:15,0,500,0,11,0,489
04/26/2026 01:30,0,137,0,1,0,136
04/26/2026 01:45,0,121,0,7,0,114
04/26/2026 02:00,0,143,0,6,0,137
04/26/2026 02:15,0,199,0,11,0,188
04/26/2026 02:30,0,677,0,12,0,665
04/26/2026 02:45,0,424,0,85,14,353
04/26/2026 03:00,0,143,0,150,7,0
04/26/2026 03:15,0,117,0,124,7,0
04/26/2026 03:30,0,120,0,126,6,0
04/26/2026 03:45,0,421,0,429,8,0
04/26/2026 04:00,0,175,0,181,6,0
04/26/2026 04:15,0,120,0,128,8,0
04/26/2026 04:30,0,340,0,346,6,0
04/26/2026 04:45,0,689,0,697,8,0
04/26/2026 05:00,0,426,0,432,6,0
04/26/2026 05:15,0,383,0,390,7,0
04/26/2026 05:30,0,395,0,402,7,0
04/26/2026 05:45,0,394,0,400,6,0
04/26/2026 06:00,14,386,0,379,7,0
04/26/2026 06:15,69,384,0,413,98,0
04/26/2026 06:30,171,483,0,318,6,0
04/26/2026 06:45,334,335,0,75,74,0
04/26/2026 07:00,431,134,0,131,428,0
04/26/2026 07:15,363,442,0,449,370,0
04/26/2026 07:30,341,256,0,260,345,0
04/26/2026 07:45,364,386,0,376,354,0
04/26/2026 08:00,485,387,0,384,482,0
04/26/2026 08:15,470,174,0,173,469,0
04/26/2026 08:30,514,136,0,125,503,0
04/26/2026 08:45,523,153,0,159,529,0
04/26/2026 09:00,474,165,0,175,484,0
04/26/2026 09:15,486,140,0,136,482,0
04/26/2026 09:30,613,139,0,129,603,0
04/26/2026 09:45,674,224,0,222,672,0
04/26/2026 10:00,928,140,0,145,933,0
04/26/2026 10:15,974,150,0,146,970,0
04/26/2026 10:30,1047,147,0,154,1054,0
04/26/2026 10:45,1018,127,0,122,1013,0
04/26/2026 11:00,977,154,0,165,988,0
04/26/2026 11:15,914,132,0,133,915,0
04/26/2026 11:30,1086,125,0,131,1092,0
04/26/2026 11:45,983,166,0,172,989,0
04/26/2026 12:00,1019,594,0,305,730,0
04/26/2026 12:15,1162,475,555,0,132,0
04/26/2026 12:30,1052,181,780,0,91,0
04/26/2026 12:45,1258,404,850,0,4,0
04/26/2026 13:00,1336,381,952,0,3,0
04/26/2026 13:15,1432,117,1228,0,87,0
04/26/2026 13:30,1104,1219,0,123,8,0
04/26/2026 13:45,831,1012,0,181,0,0
04/26/2026 14:00,876,1136,0,270,10,0
04/26/2026 14:15,1089,1024,37,0,28,0
04/26/2026 14:30,1191,1010,181,0,0,0
04/26/2026 14:45,1139,1002,129,0,8,0
04/26/2026 15:00,1386,1005,369,0,12,0
04/26/2026 15:15,1430,1030,400,0,0,0
04/26/2026 15:30,1261,1009,252,0,0,0
04/26/2026 15:45,1151,1013,92,0,46,0
04/26/2026 16:00,1037,152,1017,0,8,140
04/26/2026 16:15,980,130,977,0,0,127
04/26/2026 16:30,992,119,988,0,0,115
04/26/2026 16:45,863,326,851,0,0,314
04/26/2026 17:00,717,276,716,0,0,275
04/26/2026 17:15,559,460,545,0,0,446
04/26/2026 17:30,394,237,390,0,0,233
04/26/2026 17:45,315,160,311,0,0,156
04/26/2026 18:00,253,191,247,0,0,185
04/26/2026 18:15,164,185,159,0,0,180
04/26/2026 18:30,96,257,90,0,0,251
04/26/2026 18:45,68,274,64,0,0,270
04/26/2026 19:00,40,200,37,0,0,197
04/26/2026 19:15,17,201,11,0,0,195
04/26/2026 19:30,2,190,0,3,0,185
04/26/2026 19:45,0,200,0,7,0,193
04/26/2026 20:00,0,237,0,14,11,234
04/26/2026 20:15,0,147,0,6,0,141
04/26/2026 20:30,0,240,0,7,0,233
04/26/2026 20:45,0,289,0,9,0,280
04/26/2026 21:00,0,273,0,7,0,266
04/26/2026 21:15,0,330,0,7,0,323
04/26/2026 21:30,0,1122,0,6,0,1116
04/26/2026 21:45,0,1858,0,4,0,1854
04/26/2026 22:00,0,797,0,0,0,797
04/26/2026 22:15,0,483,0,4,0,479
04/26/2026 22:30,0,198,0,9,0,189
04/26/2026 22:45,0,146,0,8,0,138
04/26/2026 23:00,0,332,0,11,0,321
04/26/2026 23:15,0,617,0,6,0,611
04/26/2026 23:30,0,422,0,8,0,414
04/26/2026 23:45,0,278,0,3,0,275
04/27/2026 00:00,0,125,0,4,0,121
04/27/2026 00:15,0,119,0,5,0,114
04/27/2026 00:30,0,129,0,5,0,124
04/27/2026 00:45,0,153,0,5,0,148
04/27/2026 01:00,0,135,0,8,0,127
04/27/2026 01:15,0,320,0,11,0,309
04/27/2026 01:30,0,577,0,10,0,567
04/27/2026 01:45,0,349,0,333,18,34
04/27/2026 02:00,0,135,0,142,7,0
04/27/2026 02:15,0,129,0,136,7,0
04/27/2026 02:30,0,128,0,135,7,0
04/27/2026 02:45,0,152,0,160,8,0
04/27/2026 03:00,0,121,0,127,6,0
04/27/2026 03:15,0,117,0,125,8,0
04/27/2026 03:30,0,124,0,130,6,0
04/27/2026 03:45,0,279,0,286,7,0
04/27/2026 04:00,0,673,0,680,7,0
04/27/2026 04:15,0,600,0,606,6,0
04/27/2026 04:30,0,212,0,220,8,0
04/27/2026 04:45,0,119,0,125,6,0
04/27/2026 05:00,0,118,0,126,8,0
04/27/2026 05:15,0,123,0,223,100,0
04/27/2026 05:30,0,132,0,140,8,0
04/27/2026 05:45,5,463,0,464,6,0
04/27/2026 06:00,78,414,0,342,6,0
04/27/2026 06:15,161,567,0,412,6,0
04/27/2026 06:30,290,569,0,371,92,0
04/27/2026 06:45,426,358,0,66,134,0
04/27/2026 07:00,499,129,0,111,481,0
04/27/2026 07:15,595,188,0,180,587,0
04/27/2026 07:30,759,202,0,190,747,0
04/27/2026 07:45,867,281,0,274,860,0
04/27/2026 08:00,936,203,0,195,928,0
04/27/2026 08:15,982,205,0,203,980,0
04/27/2026 08:30,1042,138,0,130,1034,0
04/27/2026 08:45,1086,124,0,118,1080,0
04/27/2026 09:00,1136,131,0,125,1130,0
04/27/2026 09:15,1194,154,0,146,1186,0
04/27/2026 09:30,1285,154,0,145,1276,0
04/27/2026 09:45,1367,130,0,124,1361,0
04/27/2026 10:00,1434,124,0,115,1425,0
04/27/2026 10:15,1493,146,471,0,876,0
04/27/2026 10:30,1541,136,1197,0,208,0
04/27/2026 10:45,1591,133,1257,0,201,0
04/27/2026 11:00,1644,156,1333,0,155,0
04/27/2026 11:15,1660,156,1471,0,33,0
04/27/2026 11:30,1696,132,1564,0,0,0
04/27/2026 11:45,1726,132,1545,0,49,0
04/27/2026 12:00,1729,134,1568,0,27,0
04/27/2026 12:15,1716,126,1590,0,0,0
04/27/2026 12:30,1712,119,1591,0,2,0
04/27/2026 12:45,1722,135,1553,0,34,0
04/27/2026 13:00,1727,145,1542,0,40,0
04/27/2026 13:15,1737,115,1622,0,0,0
04/27/2026 13:30,1715,119,1577,0,19,0
04/27/2026 13:45,1658,154,1487,0,17,0
04/27/2026 14:00,1615,490,1117,0,8,0
04/27/2026 14:15,1558,376,1170,0,12,0
04/27/2026 14:30,1502,370,1128,0,4,0
04/27/2026 14:45,1406,149,1238,0,19,0
04/27/2026 15:00,1346,121,1223,0,2,0
04/27/2026 15:15,1251,211,1033,0,7,0
04/27/2026 15:30,1178,1082,77,0,19,0
04/27/2026 15:45,1073,1081,0,20,12,0
04/27/2026 16:00,1001,228,1016,0,0,243
04/27/2026 16:15,928,162,923,0,0,157
04/27/2026 16:30,841,137,839,0,0,135
04/27/2026 16:45,728,125,724,0,0,121
04/27/2026 17:00,607,129,604,0,0,126
04/27/2026 17:15,489,138,488,0,0,137
04/27/2026 17:30,350,119,345,0,0,114
04/27/2026 17:45,278,150,273,0,0,145
04/27/2026 18:00,231,350,223,0,0,342
04/27/2026 18:15,150,161,151,0,0,162
04/27/2026 18:30,90,116,86,0,0,112
04/27/2026 18:45,63,164,57,0,0,158
04/27/2026 19:00,38,152,33,0,0,147
04/27/2026 19:15,17,131,12,0,0,126
04/27/2026 19:30,3,175,0,3,0,169
04/27/2026 19:45,0,174,0,4,0,170
04/27/2026 20:00,0,181,0,14,14,181
04/27/2026 20:15,0,259,0,5,0,254
04/27/2026 20:30,0,228,0,7,0,221
04/27/2026 20:45,0,221,0,7,0,214
04/27/2026 21:00,0,204,0,6,0,198
04/27/2026 21:15,0,852,0,14,0,838
04/27/2026 21:30,0,1819,2,0,0,1821
04/27/2026 21:45,0,462,0,1,0,461
04/27/2026 22:00,0,463,0,6,0,457
04/27/2026 22:15,0,212,0,4,0,208
04/27/2026 22:30,0,141,0,5,0,136
04/27/2026 22:45,0,133,0,5,0,128
04/27/2026 23:00,0,168,0,8,0,160
04/27/2026 23:15,0,238,0,6,0,232
04/27/2026 23:30,0,130,0,7,0,123
04/27/2026 23:45,0,138,0,4,0,134
04/28/2026 00:00,0,121,0,6,0,115
04/28/2026 00:15,0,118,0,7,0,111
04/28/2026 00:30,0,133,0,7,0,126
04/28/2026 00:45,0,128,0,6,0,122
04/28/2026 01:00,0,118,0,6,0,112
04/28/2026 01:15,0,121,0,4,0,117
04/28/2026 01:30,0,139,0,7,0,132
04/28/2026 01:45,0,124,0,5,0,119
04/28/2026 02:00,0,150,0,7,0,143
04/28/2026 02:15,0,225,0,7,0,218
04/28/2026 02:30,0,151,0,5,0,146
04/28/2026 02:45,0,150,0,6,0,144
04/28/2026 03:00,0,121,0,6,0,115
04/28/2026 03:15,0,120,0,7,0,113
04/28/2026 03:30,0,140,0,6,0,134
04/28/2026 03:45,0,123,0,7,0,116
04/28/2026 04:00,0,121,0,4,0,117
04/28/2026 04:15,0,120,0,6,0,114
04/28/2026 04:30,0,144,0,6,0,138
04/28/2026 04:45,0,119,0,7,0,112
04/28/2026 05:00,0,138,0,6,0,132
04/28/2026 05:15,0,146,0,6,0,140
04/28/2026 05:30,0,120,0,10,2,112
04/28/2026 05:45,11,136,0,7,0,118
04/28/2026 06:00,89,497,0,13,0,395
04/28/2026 06:15,173,121,0,0,60,8
04/28/2026 06:30,294,126,0,3,171,0
04/28/2026 06:45,420,371,0,11,94,34
04/28/2026 07:00,499,567,0,542,482,8
04/28/2026 07:15,604,150,0,138,592,0
04/28/2026 07:30,762,149,0,139,752,0
04/28/2026 07:45,876,128,0,120,868,0
04/28/2026 08:00,945,138,0,131,938,0
04/28/2026 08:15,1007,117,0,111,1001,0
04/28/2026 08:30,1059,110,0,101,1050,0
04/28/2026 08:45,1115,110,0,107,1112,0
04/28/2026 09:00,1171,136,0,129,1164,0
04/28/2026 09:15,1237,119,0,110,1228,0
04/28/2026 09:30,1315,123,0,119,1311,0
04/28/2026 09:45,1396,113,0,106,1389,0
04/28/2026 10:00,1451,136,166,0,1149,0
04/28/2026 10:15,1502,117,1156,0,229,0
04/28/2026 10:30,1548,142,1210,0,196,0
04/28/2026 10:45,1602,259,1211,0,132,0
04/28/2026 11:00,1651,345,1221,0,85,0
04/28/2026 11:15,1669,312,1357,0,0,0
04/28/2026 11:30,1703,280,1409,0,14,0
04/28/2026 11:45,1744,223,1489,0,32,0
04/28/2026 12:00,1756,213,1533,0,10,0
04/28/2026 12:15,1731,1591,106,0,34,0
04/28/2026 12:30,1735,2539,0,816,12,0
04/28/2026 12:45,1731,1567,136,0,28,0
04/28/2026 13:00,1741,1099,639,0,3,0
04/28/2026 13:15,1742,1040,665,0,37,0
04/28/2026 13:30,1753,1026,720,0,7,0
04/28/2026 13:45,1694,1055,635,0,4,0
04/28/2026 14:00,1667,1374,266,0,27,0
04/28/2026 14:15,1612,1295,310,0,7,0
04/28/2026 14:30,1554,1040,507,0,7,0
04/28/2026 14:45,1462,1017,430,0,15,0
04/28/2026 15:00,1403,1017,378,0,8,0
04/28/2026 15:15,1288,1038,250,0,0,0
04/28/2026 15:30,1202,900,302,0,0,0
04/28/2026 15:45,1155,120,982,0,53,0
04/28/2026 16:00,1066,146,1079,0,0,159
04/28/2026 16:15,977,138,974,0,0,135
04/28/2026 16:30,841,121,840,0,0,120
04/28/2026 16:45,724,147,720,0,0,143
04/28/2026 17:00,395,119,392,0,0,116
04/28/2026 17:15,508,123,505,0,0,120
04/28/2026 17:30,519,164,513,0,0,158
04/28/2026 17:45,309,277,303,0,0,271
04/28/2026 18:00,167,239,163,0,0,235
04/28/2026 18:15,122,147,115,0,0,140
04/28/2026 18:30,110,157,106,0,0,153
04/28/2026 18:45,87,136,84,0,0,133
04/28/2026 19:00,50,142,45,0,0,137
04/28/2026 19:15,23,200,16,0,0,193
04/28/2026 19:30,2,187,0,1,0,184
04/28/2026 19:45,0,170,0,4,0,166
04/28/2026 20:00,1,452,0,17,5,439
04/28/2026 20:15,0,265,0,0,0,265
04/28/2026 20:30,0,250,0,3,0,247
04/28/2026 20:45,0,444,0,1,0,443
04/28/2026 21:00,0,336,0,3,0,333
04/28/2026 21:15,0,483,0,8,0,475
04/28/2026 21:30,0,264,0,4,0,260
04/28/2026 21:45,0,174,0,6,0,168
04/28/2026 22:00,0,197,0,7,0,190
04/28/2026 22:15,0,161,0,6,0,155
04/28/2026 22:30,0,180,0,7,0,173
04/28/2026 22:45,0,140,0,7,0,133
04/28/2026 23:00,0,214,0,7,0,207
04/28/2026 23:15,0,625,0,13,0,612
04/28/2026 23:30,0,449,0,2,0,447
04/28/2026 23:45,0,409,0,5,0,404
04/29/2026 00:00,0,135,0,2,0,133
04/29/2026 00:15,0,118,0,7,0,111
04/29/2026 00:30,0,142,0,6,0,136
04/29/2026 00:45,0,126,0,6,0,120
04/29/2026 01:00,0,119,0,7,0,112
04/29/2026 01:15,0,289,0,13,0,276
04/29/2026 01:30,0,549,0,5,0,544
04/29/2026 01:45,0,314,0,3,0,311
04/29/2026 02:00,0,118,0,6,0,112
04/29/2026 02:15,0,132,0,7,0,125
04/29/2026 02:30,0,138,0,5,0,133
04/29/2026 02:45,0,124,0,6,0,118
04/29/2026 03:00,0,121,0,6,0,115
04/29/2026 03:15,0,139,0,5,0,134
04/29/2026 03:30,0,135,0,6,0,129
04/29/2026 03:45,0,470,0,15,0,455
04/29/2026 04:00,0,480,0,3,0,477
04/29/2026 04:15,0,413,0,11,0,402
04/29/2026 04:30,0,158,0,0,0,158
04/29/2026 04:45,0,137,0,6,0,131
04/29/2026 05:00,0,118,0,6,0,112
04/29/2026 05:15,0,147,0,7,0,140
04/29/2026 05:30,0,120,0,6,0,114
04/29/2026 05:45,0,113,0,11,4,106
04/29/2026 06:00,0,369,0,119,14,264
04/29/2026 06:15,35,554,0,525,6,0
04/29/2026 06:30,69,276,0,213,6,0
04/29/2026 06:45,110,127,0,29,12,0
04/29/2026 07:00,145,136,0,121,130,0
04/29/2026 07:15,163,172,0,169,160,0
04/29/2026 07:30,239,147,0,142,234,0
04/29/2026 07:45,214,115,0,119,218,0
04/29/2026 08:00,262,131,0,125,256,0
04/29/2026 08:15,271,229,0,231,273,0
04/29/2026 08:30,231,180,0,182,233,0
04/29/2026 08:45,256,297,0,300,259,0
04/29/2026 09:00,282,336,0,335,281,0
04/29/2026 09:15,269,345,0,342,266,0
04/29/2026 09:30,392,1506,0,1512,398,0
04/29/2026 09:45,346,931,0,935,350,0
04/29/2026 10:00,445,738,0,735,442,0
04/29/2026 10:15,432,533,0,532,431,0
04/29/2026 10:30,548,1217,0,1215,546,0
04/29/2026 10:45,746,1845,0,1843,744,0
04/29/2026 11:00,705,1089,0,1091,707,0
04/29/2026 11:15,884,444,0,440,880,0
04/29/2026 11:30,860,387,0,392,865,0
04/29/2026 11:45,906,357,0,362,911,0
04/29/2026 12:00,966,424,0,423,965,0
04/29/2026 12:15,1256,1648,0,1652,1260,0
04/29/2026 12:30,1306,665,0,674,1315,0
04/29/2026 12:45,1546,220,0,202,1528,0
04/29/2026 13:00,1550,342,869,0,339,0
04/29/2026 13:15,1676,361,1108,0,207,0
04/29/2026 13:30,1722,236,1280,0,206,0
04/29/2026 13:45,1661,209,1245,0,207,0
04/29/2026 14:00,1292,175,967,0,150,0
04/29/2026 14:15,1169,208,935,0,26,0
04/29/2026 14:30,1325,193,1106,0,26,0
04/29/2026 14:45,1171,203,968,0,0,0
04/29/2026 15:00,1170,203,949,0,18,0
04/29/2026 15:15,812,162,650,0,0,0
04/29/2026 15:30,883,163,719,0,1,0
04/29/2026 15:45,971,199,713,0,59,0
04/29/2026 16:00,734,214,709,0,10,199
04/29/2026 16:15,734,212,731,0,0,209
04/29/2026 16:30,622,240,616,0,0,234
04/29/2026 16:45,633,185,630,0,0,182
04/29/2026 17:00,464,153,459,0,0,148
04/29/2026 17:15,468,149,463,0,0,144
04/29/2026 17:30,292,239,287,0,0,234
04/29/2026 17:45,205,316,199,0,0,310
04/29/2026 18:00,128,567,118,0,0,557
04/29/2026 18:15,96,355,94,0,0,353
04/29/2026 18:30,81,200,81,0,0,200
04/29/2026 18:45,45,182,39,0,0,176
04/29/2026 19:00,28,214,19,0,0,205
04/29/2026 19:15,12,432,5,0,0,425
04/29/2026 19:30,0,178,0,5,0,173
04/29/2026 19:45,0,188,0,6,0,182
04/29/2026 20:00,0,204,0,15,13,202
04/29/2026 20:15,0,183,0,6,0,177
04/29/2026 20:30,0,174,0,8,0,166
04/29/2026 20:45,0,184,0,7,0,177
04/29/2026 21:00,0,215,0,7,0,208
04/29/2026 21:15,0,347,0,2,0,345
04/29/2026 21:30,0,352,0,3,0,349
04/29/2026 21:45,0,444,0,8,0,436
04/29/2026 22:00,0,380,0,5,0,375
04/29/2026 22:15,0,1009,0,12,0,997
04/29/2026 22:30,0,535,0,0,0,535
04/29/2026 22:45,0,420,0,4,0,416
04/29/2026 23:00,0,207,0,2,0,205
04/29/2026 23:15,0,135,0,4,0,131
04/29/2026 23:30,0,116,0,5,0,111
04/29/2026 23:45,0,136,0,8,0,128
04/30/2026 00:00,0,474,0,10,0,464
04/30/2026 00:15,0,119,0,4,0,115
04/30/2026 00:30,0,420,0,12,0,408
04/30/2026 00:45,0,443,0,4,0,439
04/30/2026 01:00,0,195,0,3,0,192
04/30/2026 01:15,0,116,0,7,0,109
04/30/2026 01:30,0,227,0,13,0,214
04/30/2026 01:45,0,353,0,5,0,348
04/30/2026 02:00,0,128,0,7,0,121
04/30/2026 02:15,0,147,0,7,0,140
04/30/2026 02:30,0,117,0,5,0,112
04/30/2026 02:45,0,171,0,9,0,162
04/30/2026 03:00,0,425,0,7,0,418
04/30/2026 03:15,0,268,0,10,0,258
04/30/2026 03:30,0,458,0,275,14,197
04/30/2026 03:45,0,300,0,308,8,0
04/30/2026 04:00,0,175,0,181,6,0
04/30/2026 04:15,0,367,0,375,8,0
04/30/2026 04:30,0,141,0,147,6,0
04/30/2026 04:45,0,137,0,144,7,0
04/30/2026 05:00,0,129,0,136,7,0
04/30/2026 05:15,0,430,0,436,6,0
04/30/2026 05:30,0,362,0,370,8,0
04/30/2026 05:45,0,146,0,153,7,0
04/30/2026 06:00,0,112,0,119,7,0
04/30/2026 06:15,13,410,0,403,6,0
04/30/2026 06:30,50,567,0,524,7,0
04/30/2026 06:45,56,241,0,191,6,0
04/30/2026 07:00,66,146,0,133,53,0
04/30/2026 07:15,92,176,0,173,89,0
04/30/2026 07:30,61,174,0,186,73,0
04/30/2026 07:45,144,115,0,108,137,0
04/30/2026 08:00,177,125,0,122,174,0
04/30/2026 08:15,160,208,0,210,162,0
04/30/2026 08:30,260,357,0,348,251,0
04/30/2026 08:45,268,402,0,410,276,0
04/30/2026 09:00,127,367,0,372,132,0
04/30/2026 09:15,136,306,0,298,128,0
04/30/2026 09:30,180,531,0,528,177,0
04/30/2026 09:45,206,1588,0,1589,207,0
04/30/2026 10:00,185,1268,0,1274,191,0
04/30/2026 10:15,180,322,0,325,183,0
04/30/2026 10:30,217,199,0,195,213,0
04/30/2026 10:45,176,174,0,174,176,0
04/30/2026 11:00,186,1179,0,1183,190,0
04/30/2026 11:15,247,1484,0,1481,244,0
04/30/2026 11:30,338,1478,0,1475,335,0
04/30/2026 11:45,275,1188,0,1193,280,0
04/30/2026 12:00,243,343,0,338,238,0
04/30/2026 12:15,318,606,0,606,318,0
04/30/2026 12:30,289,199,0,194,284,0
04/30/2026 12:45,307,1501,0,1507,313,0
04/30/2026 13:00,247,1201,0,1202,248,0
04/30/2026 13:15,242,329,0,334,247,0
04/30/2026 13:30,227,170,0,166,223,0
04/30/2026 13:45,431,1208,0,1207,430,0
04/30/2026 14:00,413,1481,0,1486,418,0
04/30/2026 14:15,288,596,0,601,293,0
04/30/2026 14:30,523,408,0,406,521,0
04/30/2026 14:45,489,550,0,1799,1738,0
04/30/2026 15:00,278,1883,0,4432,2827,0
04/30/2026 15:15,382,1567,0,3825,2640,0
04/30/2026 15:30,366,423,0,572,515,0
04/30/2026 15:45,375,166,12,0,197,0
04/30/2026 16:00,295,185,275,0,6,171
04/30/2026 16:15,358,174,356,0,0,172
04/30/2026 16:30,491,140,488,0,0,137
04/30/2026 16:45,471,117,466,0,0,112
04/30/2026 17:00,458,135,452,0,0,129
04/30/2026 17:15,392,124,388,0,0,120
04/30/2026 17:30,186,176,183,0,0,173
04/30/2026 17:45,121,168,117,0,0,164
04/30/2026 18:00,137,655,121,0,0,639
04/30/2026 18:15,122,379,121,0,0,378
04/30/2026 18:30,91,354,77,0,0,340
04/30/2026 18:45,53,281,53,0,0,281
04/30/2026 19:00,33,476,21,0,0,464
04/30/2026 19:15,20,323,22,0,0,325
04/30/2026 19:30,3,178,0,3,0,172
04/30/2026 19:45,0,352,0,9,0,343
04/30/2026 20:00,0,199,0,10,9,198
04/30/2026 20:15,0,229,0,9,0,220
04/30/2026 20:30,0,279,0,8,0,271
04/30/2026 20:45,0,248,0,6,0,242
04/30/2026 21:00,0,1143,0,14,0,1129
04/30/2026 21:15,0,1734,0,8,0,1726
04/30/2026 21:30,0,1280,1,0,0,1281
04/30/2026 21:45,0,831,0,0,0,831
04/30/2026 22:00,0,497,0,7,0,490
04/30/2026 22:15,0,267,0,3,0,264
04/30/2026 22:30,0,180,0,5,0,175
04/30/2026 22:45,0,147,0,5,0,142
04/30/2026 23:00,0,230,0,10,0,220
04/30/2026 23:15,0,340,0,6,0,334
04/30/2026 23:30,0,150,0,4,0,146
04/30/2026 23:45,0,234,0,4,0,230
