Date/Time,Energy Produced (Wh),Energy Consumed (Wh),Exported to Grid (Wh),Imported from Grid (Wh),Stored in batteries (Wh),Discharged from batteries (Wh)
05/01/2026 00:00,0,151,0,7,0,144
05/01/2026 00:15,0,154,0,4,0,150
05/01/2026 00:30,0,151,0,5,0,146
05/01/2026 00:45,0,126,0,8,0,118
05/01/2026 01:00,0,293,0,275,36,54
05/01/2026 01:15,0,282,0,290,8,0
05/01/2026 01:30,0,149,0,156,7,0
05/01/2026 01:45,0,117,0,124,7,0
05/01/2026 02:00,0,116,0,124,8,0
05/01/2026 02:15,0,135,0,141,6,0
05/01/2026 02:30,0,147,0,155,8,0
05/01/2026 02:45,0,392,0,399,7,0
05/01/2026 03:00,0,167,0,174,7,0
05/01/2026 03:15,0,118,0,126,8,0
05/01/2026 03:30,0,144,0,150,6,0
05/01/2026 03:45,0,406,0,414,8,0
05/01/2026 04:00,0,172,0,180,8,0
05/01/2026 04:15,0,122,0,129,7,0
05/01/2026 04:30,0,118,0,228,110,0
05/01/2026 04:45,0,273,0,280,7,0
05/01/2026 05:00,0,314,0,322,8,0
05/01/2026 05:15,0,123,0,130,7,0
05/01/2026 05:30,0,145,0,152,7,0
05/01/2026 05:45,2,118,0,122,6,0
05/01/2026 06:00,38,440,0,408,6,0
05/01/2026 06:15,195,115,0,113,193,0
05/01/2026 06:30,341,171,20,0,184,34
05/01/2026 06:45,485,553,0,9,118,177
05/01/2026 07:00,479,156,0,159,482,0
05/01/2026 07:15,684,168,0,167,683,0
05/01/2026 07:30,535,137,0,139,537,0
05/01/2026 07:45,652,115,0,113,650,0
05/01/2026 08:00,930,247,0,249,932,0
05/01/2026 08:15,1077,154,0,148,1071,0
05/01/2026 08:30,1124,188,0,190,1126,0
05/01/2026 08:45,1189,133,0,130,1186,0
05/01/2026 09:00,1273,109,0,113,1277,0
05/01/2026 09:15,1338,117,0,110,1331,0
05/01/2026 09:30,1405,138,0,131,1398,0
05/01/2026 09:45,1489,112,0,107,1484,0
05/01/2026 10:00,1375,107,0,105,1373,0
05/01/2026 10:15,1486,114,644,0,728,0
05/01/2026 10:30,1228,576,500,0,152,0
05/01/2026 10:45,1266,1077,88,0,101,0
05/01/2026 11:00,1469,1084,369,0,16,0
05/01/2026 11:15,1412,1052,354,0,6,0
05/01/2026 11:30,1824,1063,680,0,81,0
05/01/2026 11:45,1705,1087,607,0,11,0
05/01/2026 12:00,1820,1085,725,0,10,0
05/01/2026 12:15,1788,1453,325,0,10,0
05/01/2026 12:30,1694,1206,466,0,22,0
05/01/2026 12:45,1802,1187,601,0,14,0
05/01/2026 13:00,1800,1553,243,0,4,0
05/01/2026 13:15,1809,1238,548,0,23,0
05/01/2026 13:30,1769,1366,388,0,15,0
05/01/2026 13:45,1300,1058,227,0,15,0
05/01/2026 14:00,1849,1373,467,0,9,0
05/01/2026 14:15,1547,1325,212,0,10,0
05/01/2026 14:30,1502,1247,234,0,21,0
05/01/2026 14:45,1636,265,1366,0,5,0
05/01/2026 15:00,1380,147,1233,0,0,0
05/01/2026 15:15,1445,141,1294,0,10,0
05/01/2026 15:30,1343,251,1092,0,0,0
05/01/2026 15:45,1147,269,834,0,44,0
05/01/2026 16:00,1049,263,1053,0,0,267
05/01/2026 16:15,694,212,693,0,0,211
05/01/2026 16:30,884,116,879,0,0,111
05/01/2026 16:45,746,167,738,0,0,159
05/01/2026 17:00,510,144,506,0,0,140
05/01/2026 17:15,546,118,542,0,0,114
05/01/2026 17:30,406,114,402,0,0,110
05/01/2026 17:45,314,129,309,0,0,124
05/01/2026 18:00,232,322,223,0,0,313
05/01/2026 18:15,141,200,136,0,0,195
05/01/2026 18:30,88,169,84,0,0,165
05/01/2026 18:45,67,304,59,0,0,296
05/01/2026 19:00,39,174,35,0,0,170
05/01/2026 19:15,21,150,17,0,0,146
05/01/2026 19:30,5,128,1,0,0,124
05/01/2026 19:45,0,278,0,8,0,270
05/01/2026 20:00,0,279,2,20,20,281
05/01/2026 20:15,0,189,0,4,0,185
05/01/2026 20:30,0,261,0,8,0,253
05/01/2026 20:45,0,263,0,5,0,258
05/01/2026 21:00,0,1185,0,13,0,1172
05/01/2026 21:15,0,1516,4,0,0,1520
05/01/2026 21:30,0,579,0,5,0,574
05/01/2026 21:45,0,295,0,3,0,292
05/01/2026 22:00,0,175,0,8,0,167
05/01/2026 22:15,0,209,0,5,0,204
05/01/2026 22:30,0,174,0,7,0,167
05/01/2026 22:45,0,164,0,4,0,160
05/01/2026 23:00,0,121,0,5,0,116
05/01/2026 23:15,0,135,0,6,0,129
05/01/2026 23:30,0,135,0,5,0,130
05/01/2026 23:45,0,118,0,7,0,111
05/02/2026 00:00,0,145,0,6,0,139
05/02/2026 00:15,0,126,0,6,0,120
05/02/2026 00:30,0,132,0,6,0,126
05/02/2026 00:45,0,244,0,7,0,237
05/02/2026 01:00,0,130,0,4,0,126
05/02/2026 01:15,0,119,0,8,0,111
05/02/2026 01:30,0,148,0,4,0,144
05/02/2026 01:45,0,126,0,7,0,119
05/02/2026 02:00,0,127,0,4,0,123
05/02/2026 02:15,0,145,0,7,0,138
05/02/2026 02:30,0,121,0,5,0,116
05/02/2026 02:45,0,116,0,7,0,109
05/02/2026 03:00,0,140,0,8,0,132
05/02/2026 03:15,0,146,0,6,0,140
05/02/2026 03:30,0,209,0,4,0,205
05/02/2026 03:45,0,129,0,6,0,123
05/02/2026 04:00,0,152,0,3,0,149
05/02/2026 04:15,0,119,0,6,0,113
05/02/2026 04:30,0,118,0,6,0,112
05/02/2026 04:45,0,133,0,7,0,126
05/02/2026 05:00,0,137,0,4,0,133
05/02/2026 05:15,0,115,0,5,0,110
05/02/2026 05:30,0,119,0,7,0,112
05/02/2026 05:45,0,223,0,12,4,215
05/02/2026 06:00,58,141,0,1,0,82
05/02/2026 06:15,186,117,0,7,80,4
05/02/2026 06:30,65,477,0,27,0,385
05/02/2026 06:45,88,339,0,252,8,7
05/02/2026 07:00,102,194,0,188,96,0
05/02/2026 07:15,205,302,0,300,203,0
05/02/2026 07:30,210,196,0,197,211,0
05/02/2026 07:45,368,238,0,229,359,0
05/02/2026 08:00,405,247,0,255,413,0
05/02/2026 08:15,343,192,0,184,335,0
05/02/2026 08:30,390,167,0,176,399,0
05/02/2026 08:45,195,202,0,209,202,0
05/02/2026 09:00,158,344,0,342,156,0
05/02/2026 09:15,173,532,0,531,172,0
05/02/2026 09:30,372,540,0,532,364,0
05/02/2026 09:45,952,437,0,447,962,0
05/02/2026 10:00,687,184,0,181,684,0
05/02/2026 10:15,672,187,0,184,669,0
05/02/2026 10:30,1369,202,0,211,1378,0
05/02/2026 10:45,1405,113,0,114,1406,0
05/02/2026 11:00,1086,183,0,183,1086,0
05/02/2026 11:15,1061,127,0,128,1062,0
05/02/2026 11:30,477,139,0,136,474,0
05/02/2026 11:45,236,191,0,190,235,0
05/02/2026 12:00,359,461,0,457,355,0
05/02/2026 12:15,299,195,0,190,294,0
05/02/2026 12:30,412,226,0,221,407,0
05/02/2026 12:45,389,273,0,272,388,0
05/02/2026 13:00,285,141,0,136,280,0
05/02/2026 13:15,359,159,0,161,361,0
05/02/2026 13:30,229,320,0,311,220,0
05/02/2026 13:45,281,148,0,144,277,0
05/02/2026 14:00,563,244,0,237,556,0
05/02/2026 14:15,537,341,0,332,528,0
05/02/2026 14:30,605,257,292,0,56,0
05/02/2026 14:45,652,295,357,0,0,0
05/02/2026 15:00,803,231,572,0,0,0
05/02/2026 15:15,883,240,633,0,10,0
05/02/2026 15:30,1024,226,797,0,1,0
05/02/2026 15:45,1013,201,718,0,94,0
05/02/2026 16:00,1050,214,1053,0,0,217
05/02/2026 16:15,1027,142,1025,0,0,140
05/02/2026 16:30,1046,116,1042,0,0,112
05/02/2026 16:45,842,150,836,0,0,144
05/02/2026 17:00,355,145,351,0,0,141
05/02/2026 17:15,283,155,279,0,0,151
05/02/2026 17:30,148,167,143,0,0,162
05/02/2026 17:45,44,197,36,0,0,189
05/02/2026 18:00,40,601,28,0,0,589
05/02/2026 18:15,80,211,82,0,0,213
05/02/2026 18:30,54,185,49,0,0,180
05/02/2026 18:45,13,331,2,0,0,320
05/02/2026 19:00,34,313,33,0,0,312
05/02/2026 19:15,38,139,33,0,0,134
05/02/2026 19:30,8,178,2,0,0,172
05/02/2026 19:45,0,172,0,6,0,166
05/02/2026 20:00,0,166,0,17,10,159
05/02/2026 20:15,0,276,0,5,0,271
05/02/2026 20:30,0,163,0,1,0,162
05/02/2026 20:45,0,173,0,4,0,169
05/02/2026 21:00,0,264,0,6,0,258
05/02/2026 21:15,0,246,0,7,0,239
05/02/2026 21:30,0,979,0,13,0,966
05/02/2026 21:45,0,1508,1,0,0,1509
05/02/2026 22:00,0,264,0,0,0,264
05/02/2026 22:15,0,257,0,9,0,248
05/02/2026 22:30,0,258,0,5,0,253
05/02/2026 22:45,0,282,0,8,0,274
05/02/2026 23:00,0,844,0,9,0,835
05/02/2026 23:15,0,610,0,6,0,604
05/02/2026 23:30,0,544,0,1,0,543
05/02/2026 23:45,0,147,0,5,0,142
05/03/2026 00:00,0,138,0,6,0,132
05/03/2026 00:15,0,151,0,5,0,146
05/03/2026 00:30,0,142,0,6,0,136
05/03/2026 00:45,0,140,0,6,0,134
05/03/2026 01:00,0,221,0,12,0,209
05/03/2026 01:15,0,366,0,4,0,362
05/03/2026 01:30,0,136,0,6,0,130
05/03/2026 01:45,0,431,0,11,0,420
05/03/2026 02:00,0,442,0,4,0,438
05/03/2026 02:15,0,203,0,3,0,200
05/03/2026 02:30,0,148,0,53,24,119
05/03/2026 02:45,0,149,0,155,6,0
05/03/2026 03:00,0,128,0,136,8,0
05/03/2026 03:15,0,153,0,159,6,0
05/03/2026 03:30,0,147,0,155,8,0
05/03/2026 03:45,0,463,0,469,6,0
05/03/2026 04:00,0,182,0,190,8,0
05/03/2026 04:15,0,152,0,158,6,0
05/03/2026 04:30,0,213,0,219,6,0
05/03/2026 04:45,0,195,0,203,8,0
05/03/2026 05:00,0,487,0,493,6,0
05/03/2026 05:15,0,130,0,137,7,0
05/03/2026 05:30,0,142,0,149,7,0
05/03/2026 05:45,0,153,0,159,6,0
05/03/2026 06:00,7,279,0,374,102,0
05/03/2026 06:15,31,518,0,493,6,0
05/03/2026 06:30,94,511,0,423,6,0
05/03/2026 06:45,145,478,0,339,6,0
05/03/2026 07:00,190,354,0,344,180,0
05/03/2026 07:15,256,185,0,183,254,0
05/03/2026 07:30,589,195,0,185,579,0
05/03/2026 07:45,546,497,0,504,553,0
05/03/2026 08:00,464,315,0,315,464,0
05/03/2026 08:15,416,334,0,335,417,0
05/03/2026 08:30,412,176,0,178,414,0
05/03/2026 08:45,390,148,0,146,388,0
05/03/2026 09:00,352,232,0,227,347,0
05/03/2026 09:15,491,176,0,180,495,0
05/03/2026 09:30,529,160,0,164,533,0
05/03/2026 09:45,563,178,0,170,555,0
05/03/2026 10:00,817,173,0,165,809,0
05/03/2026 10:15,600,113,0,124,611,0
05/03/2026 10:30,494,137,0,133,490,0
05/03/2026 10:45,1376,222,0,211,1365,0
05/03/2026 11:00,1097,238,0,249,1108,0
05/03/2026 11:15,894,294,0,293,893,0
05/03/2026 11:30,900,384,0,386,902,0
05/03/2026 11:45,876,289,0,302,889,0
05/03/2026 12:00,704,602,0,605,707,0
05/03/2026 12:15,636,623,0,634,647,0
05/03/2026 12:30,408,521,0,524,411,0
05/03/2026 12:45,603,251,0,239,591,0
05/03/2026 13:00,1099,616,340,0,143,0
05/03/2026 13:15,1038,424,559,0,55,0
05/03/2026 13:30,865,495,352,0,19,1
05/03/2026 13:45,546,506,11,0,29,0
05/03/2026 14:00,537,322,157,0,58,0
05/03/2026 14:15,807,275,526,0,6,0
05/03/2026 14:30,987,250,701,0,36,0
05/03/2026 14:45,1132,503,625,0,4,0
05/03/2026 15:00,728,561,151,0,16,0
05/03/2026 15:15,360,343,18,0,0,1
05/03/2026 15:30,429,144,285,0,0,0
05/03/2026 15:45,478,194,208,0,76,0
05/03/2026 16:00,868,247,862,0,0,241
05/03/2026 16:15,524,254,519,0,0,249
05/03/2026 16:30,628,157,623,0,0,152
05/03/2026 16:45,412,119,409,0,0,116
05/03/2026 17:00,325,137,320,0,0,132
05/03/2026 17:15,321,142,316,0,0,137
05/03/2026 17:30,286,196,278,0,0,188
05/03/2026 17:45,221,182,213,0,0,174
05/03/2026 18:00,207,553,197,0,0,543
05/03/2026 18:15,168,190,167,0,0,189
05/03/2026 18:30,154,440,138,0,0,424
05/03/2026 18:45,109,343,113,0,0,347
05/03/2026 19:00,57,131,51,0,0,125
05/03/2026 19:15,32,224,26,0,0,218
05/03/2026 19:30,10,250,6,0,0,246
05/03/2026 19:45,0,364,0,17,0,347
05/03/2026 20:00,0,382,0,6,4,380
05/03/2026 20:15,0,208,0,6,0,202
05/03/2026 20:30,0,235,0,8,0,227
05/03/2026 20:45,0,582,0,14,0,568
05/03/2026 21:00,0,1932,0,5,0,1927
05/03/2026 21:15,0,1413,1,0,0,1414
05/03/2026 21:30,0,514,0,5,0,509
05/03/2026 21:45,0,271,0,3,0,268
05/03/2026 22:00,0,219,0,6,0,213
05/03/2026 22:15,0,210,0,7,0,203
05/03/2026 22:30,0,216,0,4,0,212
05/03/2026 22:45,0,146,0,4,0,142
05/03/2026 23:00,0,127,0,7,0,120
05/03/2026 23:15,0,298,0,13,0,285
05/03/2026 23:30,0,362,0,3,0,359
05/03/2026 23:45,0,153,0,7,0,146
05/04/2026 00:00,0,183,0,11,0,172
05/04/2026 00:15,0,195,0,3,0,192
05/04/2026 00:30,0,483,0,13,0,470
05/04/2026 00:45,0,188,0,4,0,184
05/04/2026 01:00,0,123,0,6,0,117
05/04/2026 01:15,0,140,0,7,0,133
05/04/2026 01:30,0,351,0,13,0,338
05/04/2026 01:45,0,287,0,239,12,60
05/04/2026 02:00,0,228,0,234,6,0
05/04/2026 02:15,0,127,0,134,7,0
05/04/2026 02:30,0,298,0,305,7,0
05/04/2026 02:45,0,296,0,303,7,0
05/04/2026 03:00,0,480,0,487,7,0
05/04/2026 03:15,0,417,0,423,6,0
05/04/2026 03:30,0,398,0,406,8,0
05/04/2026 03:45,0,407,0,413,6,0
05/04/2026 04:00,0,504,0,512,8,0
05/04/2026 04:15,0,414,0,420,6,0
05/04/2026 04:30,0,481,0,489,8,0
05/04/2026 04:45,0,494,0,500,6,0
05/04/2026 05:00,0,425,0,431,6,0
05/04/2026 05:15,0,279,0,369,90,0
05/04/2026 05:30,0,237,0,243,6,0
05/04/2026 05:45,8,271,0,269,6,0
05/04/2026 06:00,50,296,0,252,6,0
05/04/2026 06:15,99,146,0,142,95,0
05/04/2026 06:30,176,231,0,95,40,0
05/04/2026 06:45,441,262,25,0,204,50
05/04/2026 07:00,519,269,0,255,505,0
05/04/2026 07:15,630,231,0,226,625,0
05/04/2026 07:30,776,159,0,156,773,0
05/04/2026 07:45,648,214,0,219,653,0
05/04/2026 08:00,540,159,0,158,539,0
05/04/2026 08:15,1067,150,0,141,1058,0
05/04/2026 08:30,1070,163,0,169,1076,0
05/04/2026 08:45,1174,267,0,259,1166,0
05/04/2026 09:00,1243,168,0,159,1234,0
05/04/2026 09:15,1292,208,0,199,1283,0
05/04/2026 09:30,1348,237,0,230,1341,0
05/04/2026 09:45,1415,218,0,211,1408,0
05/04/2026 10:00,1475,218,0,210,1467,0
05/04/2026 10:15,1535,335,178,0,1022,0
05/04/2026 10:30,1591,239,1188,0,164,0
05/04/2026 10:45,1673,371,1157,0,145,0
05/04/2026 11:00,1628,561,948,0,119,0
05/04/2026 11:15,1731,173,1539,0,19,0
05/04/2026 11:30,1762,165,1591,0,6,0
05/04/2026 11:45,1786,159,1578,0,49,0
05/04/2026 12:00,1797,135,1609,0,53,0
05/04/2026 12:15,1768,116,1644,0,8,0
05/04/2026 12:30,1742,130,1575,0,37,0
05/04/2026 12:45,1752,145,1600,0,7,0
05/04/2026 13:00,1769,136,1616,0,17,0
05/04/2026 13:15,1783,131,1637,0,15,0
05/04/2026 13:30,1766,131,1628,0,7,0
05/04/2026 13:45,1703,184,1508,0,11,0
05/04/2026 14:00,1653,145,1497,0,11,0
05/04/2026 14:15,1600,153,1431,0,16,0
05/04/2026 14:30,1547,173,1365,0,9,0
05/04/2026 14:45,1469,148,1316,0,5,0
05/04/2026 15:00,1387,145,1232,0,10,0
05/04/2026 15:15,1302,147,1155,0,0,0
05/04/2026 15:30,1154,149,1005,0,0,0
05/04/2026 15:45,1109,148,911,0,50,0
05/04/2026 16:00,966,140,973,0,0,147
05/04/2026 16:15,823,134,821,0,0,132
05/04/2026 16:30,929,120,927,0,0,118
05/04/2026 16:45,794,130,789,0,0,125
05/04/2026 17:00,690,147,685,0,0,142
05/04/2026 17:15,507,127,503,0,0,123
05/04/2026 17:30,343,168,339,0,0,164
05/04/2026 17:45,244,169,239,0,0,164
05/04/2026 18:00,223,243,215,0,0,235
05/04/2026 18:15,148,177,143,0,0,172
05/04/2026 18:30,121,123,118,0,0,120
05/04/2026 18:45,70,111,65,0,0,106
05/04/2026 19:00,50,220,43,0,0,213
05/04/2026 19:15,28,243,24,0,0,239
05/04/2026 19:30,5,142,0,0,0,137
05/04/2026 19:45,0,231,0,7,0,224
05/04/2026 20:00,0,461,0,8,8,461
05/04/2026 20:15,0,295,0,4,0,291
05/04/2026 20:30,0,799,0,5,0,794
05/04/2026 20:45,0,1797,2,0,0,1799
05/04/2026 21:00,0,950,1,0,0,951
05/04/2026 21:15,0,381,0,9,0,372
05/04/2026 21:30,0,582,0,5,0,577
05/04/2026 21:45,0,498,0,2,0,496
05/04/2026 22:00,0,405,0,5,0,400
05/04/2026 22:15,0,193,0,5,0,188
05/04/2026 22:30,0,200,0,3,0,197
05/04/2026 22:45,0,145,0,6,0,139
05/04/2026 23:00,0,152,0,5,0,147
05/04/2026 23:15,0,130,0,6,0,124
05/04/2026 23:30,0,120,0,5,0,115
05/04/2026 23:45,0,136,0,5,0,131
05/05/2026 00:00,0,147,0,5,0,142
05/05/2026 00:15,0,120,0,4,0,116
05/05/2026 00:30,0,189,0,9,0,180
05/05/2026 00:45,0,150,0,6,0,144
05/05/2026 01:00,0,163,0,5,0,158
05/05/2026 01:15,0,127,0,4,0,123
05/05/2026 01:30,0,117,0,6,0,111
05/05/2026 01:45,0,115,0,6,0,109
05/05/2026 02:00,0,138,0,8,0,130
05/05/2026 02:15,0,141,0,5,0,136
05/05/2026 02:30,0,113,0,5,0,108
05/05/2026 02:45,0,120,0,6,0,114
05/05/2026 03:00,0,214,0,6,0,208
05/05/2026 03:15,0,145,0,3,0,142
05/05/2026 03:30,0,133,0,5,0,128
05/05/2026 03:45,0,134,0,5,0,129
05/05/2026 04:00,0,116,0,7,0,109
05/05/2026 04:15,0,114,0,6,0,108
05/05/2026 04:30,0,129,0,6,0,123
05/05/2026 04:45,0,130,0,5,0,125
05/05/2026 05:00,0,134,0,38,27,123
05/05/2026 05:15,0,135,0,142,7,0
05/05/2026 05:30,3,221,0,224,6,0
05/05/2026 05:45,35,171,0,142,6,0
05/05/2026 06:00,92,154,0,68,6,0
05/05/2026 06:15,241,158,11,0,124,52
05/05/2026 06:30,340,175,45,0,265,145
05/05/2026 06:45,431,201,0,3,233,0
05/05/2026 07:00,510,127,0,135,518,0
05/05/2026 07:15,608,135,0,123,596,0
05/05/2026 07:30,728,151,0,143,720,0
05/05/2026 07:45,839,131,0,123,831,0
05/05/2026 08:00,923,130,0,126,919,0
05/05/2026 08:15,1014,112,0,100,1002,0
05/05/2026 08:30,942,220,0,220,942,0
05/05/2026 08:45,1005,400,0,402,1007,0
05/05/2026 09:00,350,235,0,229,344,0
05/05/2026 09:15,547,265,0,269,551,0
05/05/2026 09:30,557,401,0,391,547,0
05/05/2026 09:45,1273,194,0,203,1282,0
05/05/2026 10:00,1017,147,0,145,1015,0
05/05/2026 10:15,815,140,0,134,809,0
05/05/2026 10:30,1534,107,0,111,1538,0
05/05/2026 10:45,1592,108,154,0,1330,0
05/05/2026 11:00,1335,136,1016,0,183,0
05/05/2026 11:15,1078,146,798,0,134,0
05/05/2026 11:30,1181,137,966,0,78,0
05/05/2026 11:45,1758,116,1626,0,16,0
05/05/2026 12:00,1721,117,1558,0,46,0
05/05/2026 12:15,1697,157,1508,0,32,0
05/05/2026 12:30,1653,175,1452,0,26,0
05/05/2026 12:45,1682,222,1431,0,29,0
05/05/2026 13:00,1706,117,1575,0,14,0
05/05/2026 13:15,1704,118,1569,0,17,0
05/05/2026 13:30,1696,128,1562,0,6,0
05/05/2026 13:45,1642,145,1479,0,18,0
05/05/2026 14:00,1593,167,1348,0,78,0
05/05/2026 14:15,1537,135,1400,0,2,0
05/05/2026 14:30,1481,249,1218,0,14,0
05/05/2026 14:45,1411,255,1154,0,2,0
05/05/2026 15:00,1335,147,1168,0,20,0
05/05/2026 15:15,1260,127,1131,0,2,0
05/05/2026 15:30,1136,151,979,0,6,0
05/05/2026 15:45,1041,150,858,0,33,0
05/05/2026 16:00,1015,120,1028,0,1,134
05/05/2026 16:15,807,117,803,0,0,113
05/05/2026 16:30,812,134,809,0,0,131
05/05/2026 16:45,704,241,700,0,0,237
05/05/2026 17:00,641,137,640,0,0,136
05/05/2026 17:15,528,128,522,0,0,122
05/05/2026 17:30,390,232,383,0,0,225
05/05/2026 17:45,291,411,290,0,0,410
05/05/2026 18:00,303,125,298,0,0,120
05/05/2026 18:15,238,150,234,0,0,146
05/05/2026 18:30,182,145,179,0,0,142
05/05/2026 18:45,133,126,127,0,0,120
05/05/2026 19:00,90,252,83,0,0,245
05/05/2026 19:15,47,220,44,0,0,217
05/05/2026 19:30,15,176,9,0,0,170
05/05/2026 19:45,0,279,0,8,0,271
05/05/2026 20:00,0,200,0,21,12,191
05/05/2026 20:15,0,185,0,5,0,180
05/05/2026 20:30,0,176,0,4,0,172
05/05/2026 20:45,0,218,0,8,0,210
05/05/2026 21:00,0,234,0,7,0,227
05/05/2026 21:15,0,1619,0,14,0,1605
05/05/2026 21:30,0,1543,9,0,0,1552
05/05/2026 21:45,0,499,0,6,0,493
05/05/2026 22:00,0,464,0,4,0,460
05/05/2026 22:15,0,226,0,5,0,221
05/05/2026 22:30,0,298,0,6,0,292
05/05/2026 22:45,0,194,0,6,0,188
05/05/2026 23:00,0,181,0,7,0,174
05/05/2026 23:15,0,171,0,5,0,166
05/05/2026 23:30,0,119,0,4,0,115
05/05/2026 23:45,0,204,0,9,0,195
05/06/2026 00:00,0,192,0,4,0,188
05/06/2026 00:15,0,137,0,8,0,129
05/06/2026 00:30,0,135,0,3,0,132
05/06/2026 00:45,0,114,0,6,0,108
05/06/2026 01:00,0,117,0,7,0,110
05/06/2026 01:15,0,136,0,6,0,130
05/06/2026 01:30,0,123,0,4,0,119
05/06/2026 01:45,0,146,0,6,0,140
05/06/2026 02:00,0,120,0,5,0,115
05/06/2026 02:15,0,180,0,8,0,172
05/06/2026 02:30,0,171,0,3,0,168
05/06/2026 02:45,0,122,0,5,0,117
05/06/2026 03:00,0,133,0,6,0,127
05/06/2026 03:15,0,141,0,5,0,136
05/06/2026 03:30,0,116,0,6,0,110
05/06/2026 03:45,0,115,0,7,0,108
05/06/2026 04:00,0,154,0,6,0,148
05/06/2026 04:15,0,116,0,6,0,110
05/06/2026 04:30,0,157,0,7,0,150
05/06/2026 04:45,0,227,0,6,0,221
05/06/2026 05:00,0,118,0,6,0,112
05/06/2026 05:15,0,125,0,7,0,118
05/06/2026 05:30,3,125,35,41,44,160
05/06/2026 05:45,59,125,0,59,38,45
05/06/2026 06:00,113,282,0,177,8,0
05/06/2026 06:15,90,181,0,98,7,0
05/06/2026 06:30,117,120,0,20,17,0
05/06/2026 06:45,402,126,24,0,296,44
05/06/2026 07:00,274,151,0,153,276,0
05/06/2026 07:15,318,140,0,133,311,0
05/06/2026 07:30,254,153,0,152,253,0
05/06/2026 07:45,463,143,0,140,460,0
05/06/2026 08:00,724,106,0,103,721,0
05/06/2026 08:15,631,112,0,106,625,0
05/06/2026 08:30,827,132,0,126,821,0
05/06/2026 08:45,784,130,0,134,788,0
05/06/2026 09:00,623,134,0,135,624,0
05/06/2026 09:15,599,144,0,142,597,0
05/06/2026 09:30,678,116,0,110,672,0
05/06/2026 09:45,1001,241,0,235,995,0
05/06/2026 10:00,1181,231,0,239,1189,0
05/06/2026 10:15,982,182,0,182,982,0
05/06/2026 10:30,1018,163,0,167,1022,0
05/06/2026 10:45,1175,151,0,150,1174,0
05/06/2026 11:00,1158,141,0,147,1164,0
05/06/2026 11:15,837,321,0,325,841,0
05/06/2026 11:30,731,160,0,141,712,0
05/06/2026 11:45,693,131,504,0,58,0
05/06/2026 12:00,885,135,750,0,0,0
05/06/2026 12:15,814,170,588,0,56,0
05/06/2026 12:30,801,154,622,0,25,0
05/06/2026 12:45,795,153,606,0,36,0
05/06/2026 13:00,982,133,832,0,17,0
05/06/2026 13:15,832,122,700,0,10,0
05/06/2026 13:30,847,161,677,0,9,0
05/06/2026 13:45,506,153,334,0,19,0
05/06/2026 14:00,266,116,146,0,4,0
05/06/2026 14:15,246,132,99,0,15,0
05/06/2026 14:30,252,129,106,0,17,0
05/06/2026 14:45,208,121,86,0,1,0
05/06/2026 15:00,174,144,19,0,11,0
05/06/2026 15:15,183,150,24,0,9,0
05/06/2026 15:30,276,131,145,0,0,0
05/06/2026 15:45,216,129,42,0,45,0
05/06/2026 16:00,137,134,146,0,0,143
05/06/2026 16:15,104,167,97,0,0,160
05/06/2026 16:30,126,134,124,0,0,132
05/06/2026 16:45,147,110,141,0,0,104
05/06/2026 17:00,177,128,172,0,0,123
05/06/2026 17:15,115,125,110,0,0,120
05/06/2026 17:30,54,174,46,0,0,166
05/06/2026 17:45,57,218,52,0,0,213
05/06/2026 18:00,50,220,44,0,0,214
05/06/2026 18:15,28,201,24,0,0,197
05/06/2026 18:30,9,177,4,0,0,172
05/06/2026 18:45,2,188,0,3,0,183
05/06/2026 19:00,0,145,0,4,0,141
05/06/2026 19:15,0,162,0,6,0,156
05/06/2026 19:30,0,175,0,6,0,169
05/06/2026 19:45,0,152,0,5,0,147
05/06/2026 20:00,0,131,0,19,12,124
05/06/2026 20:15,0,148,0,5,0,143
05/06/2026 20:30,0,160,0,1,0,159
05/06/2026 20:45,0,146,0,6,0,140
05/06/2026 21:00,0,148,0,5,0,143
05/06/2026 21:15,0,144,0,6,0,138
05/06/2026 21:30,0,253,0,6,0,247
05/06/2026 21:45,0,230,0,5,0,225
05/06/2026 22:00,0,487,0,4,0,483
05/06/2026 22:15,0,406,0,4,0,402
05/06/2026 22:30,0,486,0,7,0,479
05/06/2026 22:45,0,183,0,2,0,181
05/06/2026 23:00,0,130,0,6,0,124
05/06/2026 23:15,0,125,0,7,0,118
05/06/2026 23:30,0,144,0,5,0,139
05/06/2026 23:45,0,131,0,7,0,124
05/07/2026 00:00,0,115,0,5,0,110
05/07/2026 00:15,0,119,0,4,0,115
05/07/2026 00:30,0,143,0,6,0,137
05/07/2026 00:45,0,128,0,4,0,124
05/07/2026 01:00,0,110,0,6,0,104
05/07/2026 01:15,0,111,0,4,0,107
05/07/2026 01:30,0,135,0,5,0,130
05/07/2026 01:45,0,117,0,7,0,110
05/07/2026 02:00,0,143,0,5,0,138
05/07/2026 02:15,0,120,0,6,0,114
05/07/2026 02:30,0,112,0,3,0,109
05/07/2026 02:45,0,118,0,6,0,112
05/07/2026 03:00,0,129,0,3,0,126
05/07/2026 03:15,0,122,0,6,0,116
05/07/2026 03:30,0,142,0,4,0,138
05/07/2026 03:45,0,128,0,6,0,122
05/07/2026 04:00,0,113,0,7,0,106
05/07/2026 04:15,0,127,0,3,0,124
05/07/2026 04:30,0,125,0,5,0,120
05/07/2026 04:45,0,125,0,8,0,117
05/07/2026 05:00,0,142,0,5,0,137
05/07/2026 05:15,0,118,0,4,0,114
05/07/2026 05:30,0,117,0,6,0,111
05/07/2026 05:45,0,119,0,13,5,111
05/07/2026 06:00,1,123,0,5,0,117
05/07/2026 06:15,20,109,0,4,0,85
05/07/2026 06:30,31,173,0,4,0,138
05/07/2026 06:45,75,166,0,5,0,86
05/07/2026 07:00,52,132,0,124,44,0
05/07/2026 07:15,89,179,0,172,82,0
05/07/2026 07:30,165,221,0,213,157,0
05/07/2026 07:45,347,163,0,155,339,0
05/07/2026 08:00,460,141,0,144,463,0
05/07/2026 08:15,1032,164,0,161,1029,0
05/07/2026 08:30,1049,180,0,186,1055,0
05/07/2026 08:45,1224,184,0,180,1220,0
05/07/2026 09:00,1277,204,0,196,1269,0
05/07/2026 09:15,1340,186,0,181,1335,0
05/07/2026 09:30,1397,160,0,152,1389,0
05/07/2026 09:45,1455,165,0,159,1449,0
05/07/2026 10:00,1452,173,581,0,698,0
05/07/2026 10:15,1384,203,973,0,208,0
05/07/2026 10:30,1138,469,516,0,153,0
05/07/2026 10:45,809,213,479,0,117,0
05/07/2026 11:00,1050,139,817,0,94,0
05/07/2026 11:15,970,126,830,0,14,0
05/07/2026 11:30,1322,146,1176,0,0,0
05/07/2026 11:45,921,131,749,0,41,0
05/07/2026 12:00,1523,155,1336,0,32,0
05/07/2026 12:15,1001,123,864,0,14,0
05/07/2026 12:30,1572,185,1385,0,2,0
05/07/2026 12:45,1809,202,1577,0,30,0
05/07/2026 13:00,1809,194,1599,0,16,0
05/07/2026 13:15,1816,176,1634,0,6,0
05/07/2026 13:30,1797,215,1552,0,30,0
05/07/2026 13:45,1743,172,1553,0,18,0
05/07/2026 14:00,1687,181,1494,0,12,0
05/07/2026 14:15,1641,319,1310,0,12,0
05/07/2026 14:30,1587,131,1445,0,11,0
05/07/2026 14:45,1526,136,1379,0,11,0
05/07/2026 15:00,1427,800,627,0,0,0
05/07/2026 15:15,1353,1504,0,153,2,0
05/07/2026 15:30,1227,487,730,0,10,0
05/07/2026 15:45,1147,130,967,0,50,0
05/07/2026 16:00,1086,165,1100,0,0,179
05/07/2026 16:15,893,127,893,0,0,127
05/07/2026 16:30,898,150,894,0,0,146
05/07/2026 16:45,786,161,781,0,0,156
05/07/2026 17:00,658,137,653,0,0,132
05/07/2026 17:15,590,121,587,0,0,118
05/07/2026 17:30,448,154,443,0,0,149
05/07/2026 17:45,361,179,356,0,0,174
05/07/2026 18:00,222,203,217,0,0,198
05/07/2026 18:15,122,190,118,0,0,186
05/07/2026 18:30,89,186,85,0,0,182
05/07/2026 18:45,64,145,59,0,0,140
05/07/2026 19:00,47,151,43,0,0,147
05/07/2026 19:15,29,185,23,0,0,179
05/07/2026 19:30,12,197,7,0,0,192
05/07/2026 19:45,0,167,0,3,0,164
05/07/2026 20:00,0,161,0,18,12,155
05/07/2026 20:15,0,185,0,6,0,179
05/07/2026 20:30,0,295,0,9,0,286
05/07/2026 20:45,0,474,0,1,0,473
05/07/2026 21:00,0,411,0,7,0,404
05/07/2026 21:15,0,445,0,3,0,442
05/07/2026 21:30,0,233,0,7,0,226
05/07/2026 21:45,0,250,0,7,0,243
05/07/2026 22:00,0,230,0,5,0,225
05/07/2026 22:15,0,211,0,5,0,206
05/07/2026 22:30,0,220,0,5,0,215
05/07/2026 22:45,0,152,0,4,0,148
05/07/2026 23:00,0,123,0,5,0,118
05/07/2026 23:15,0,148,0,6,0,142
05/07/2026 23:30,0,130,0,4,0,126
05/07/2026 23:45,0,120,0,6,0,114
05/08/2026 00:00,0,120,0,4,0,116
05/08/2026 00:15,0,138,0,4,0,134
05/08/2026 00:30,0,113,0,6,0,107
05/08/2026 00:45,0,133,0,5,0,128
05/08/2026 01:00,0,133,0,5,0,128
05/08/2026 01:15,0,111,0,3,0,108
05/08/2026 01:30,0,114,0,6,0,108
05/08/2026 01:45,0,136,0,6,0,130
05/08/2026 02:00,0,120,0,6,0,114
05/08/2026 02:15,0,120,0,3,0,117
05/08/2026 02:30,0,148,0,7,0,141
05/08/2026 02:45,0,117,0,1,0,116
05/08/2026 03:00,0,126,0,7,0,119
05/08/2026 03:15,0,113,0,6,0,107
05/08/2026 03:30,0,138,0,7,0,131
05/08/2026 03:45,0,114,0,6,0,108
05/08/2026 04:00,0,127,0,3,0,124
05/08/2026 04:15,0,144,0,5,0,139
05/08/2026 04:30,0,114,0,5,0,109
05/08/2026 04:45,0,112,0,4,0,108
05/08/2026 05:00,0,118,0,6,0,112
05/08/2026 05:15,0,130,0,12,4,122
05/08/2026 05:30,0,157,0,7,0,150
05/08/2026 05:45,11,146,0,3,0,132
05/08/2026 06:00,34,164,0,6,0,124
05/08/2026 06:15,63,151,0,3,0,85
05/08/2026 06:30,347,150,0,1,201,3
05/08/2026 06:45,511,147,0,4,368,0
05/08/2026 07:00,580,159,0,166,587,0
05/08/2026 07:15,718,150,0,140,708,0
05/08/2026 07:30,835,144,0,136,827,0
05/08/2026 07:45,934,126,0,118,926,0
05/08/2026 08:00,1019,111,0,100,1008,0
05/08/2026 08:15,1098,112,0,103,1089,0
05/08/2026 08:30,1170,131,0,124,1163,0
05/08/2026 08:45,1239,108,0,102,1233,0
05/08/2026 09:00,1297,140,0,132,1289,0
05/08/2026 09:15,1357,153,0,67,1271,0
05/08/2026 09:30,1407,142,916,0,349,0
05/08/2026 09:45,1467,247,1087,0,133,0
05/08/2026 10:00,1528,391,1081,0,56,0
05/08/2026 10:15,1564,163,1401,0,0,0
05/08/2026 10:30,1565,161,1346,0,58,0
05/08/2026 10:45,1421,128,1253,0,40,0
05/08/2026 11:00,1695,278,1413,0,4,0
05/08/2026 11:15,1640,201,1431,0,8,0
05/08/2026 11:30,1359,164,1175,0,20,0
05/08/2026 11:45,1961,150,1799,0,12,0
05/08/2026 12:00,1392,117,1275,0,0,0
05/08/2026 12:15,1324,123,1181,0,20,0
05/08/2026 12:30,1034,151,841,0,42,0
05/08/2026 12:45,946,123,813,0,10,0
05/08/2026 13:00,1907,117,1772,0,18,0
05/08/2026 13:15,1360,121,1231,0,8,0
05/08/2026 13:30,848,145,693,0,10,0
05/08/2026 13:45,977,133,826,0,18,0
05/08/2026 14:00,1113,127,973,0,13,0
05/08/2026 14:15,1534,121,1408,0,5,0
05/08/2026 14:30,1328,146,1171,0,11,0
05/08/2026 14:45,1088,141,933,0,14,0
05/08/2026 15:00,1627,168,1459,0,0,0
05/08/2026 15:15,1127,152,975,0,0,0
05/08/2026 15:30,1319,149,1161,0,9,0
05/08/2026 15:45,1214,128,1043,0,43,0
05/08/2026 16:00,1197,146,1216,0,0,165
05/08/2026 16:15,837,141,834,0,0,138
05/08/2026 16:30,556,118,553,0,0,115
05/08/2026 16:45,710,113,706,0,0,109
05/08/2026 17:00,747,174,743,0,0,170
05/08/2026 17:15,605,142,599,0,0,136
05/08/2026 17:30,492,145,488,0,0,141
05/08/2026 17:45,371,174,365,0,0,168
05/08/2026 18:00,173,205,167,0,0,199
05/08/2026 18:15,126,168,121,0,0,163
05/08/2026 18:30,93,176,89,0,0,172
05/08/2026 18:45,73,132,68,0,0,127
05/08/2026 19:00,49,141,45,0,0,137
05/08/2026 19:15,26,157,25,0,0,156
05/08/2026 19:30,12,168,6,0,0,162
05/08/2026 19:45,0,141,0,3,0,138
05/08/2026 20:00,0,140,0,16,10,134
05/08/2026 20:15,0,150,0,4,0,146
05/08/2026 20:30,0,173,0,4,0,169
05/08/2026 20:45,0,228,0,5,0,223
05/08/2026 21:00,0,304,0,7,0,297
05/08/2026 21:15,0,396,0,7,0,389
05/08/2026 21:30,0,1727,0,12,0,1715
05/08/2026 21:45,0,1493,0,1,0,1492
05/08/2026 22:00,0,444,0,3,0,441
05/08/2026 22:15,0,276,0,6,0,270
05/08/2026 22:30,0,223,0,6,0,217
05/08/2026 22:45,0,235,0,5,0,230
05/08/2026 23:00,0,194,0,4,0,190
05/08/2026 23:15,0,173,0,4,0,169
05/08/2026 23:30,0,131,0,4,0,127
05/08/2026 23:45,0,118,0,6,0,112
05/09/2026 00:00,0,122,0,5,0,117
05/09/2026 00:15,0,140,0,3,0,137
05/09/2026 00:30,0,113,0,5,0,108
05/09/2026 00:45,0,143,0,5,0,138
05/09/2026 01:00,0,117,0,5,0,112
05/09/2026 01:15,0,113,0,5,0,108
05/09/2026 01:30,0,111,0,5,0,106
05/09/2026 01:45,0,137,0,2,0,135
05/09/2026 02:00,0,122,0,4,0,118
05/09/2026 02:15,0,136,0,4,0,132
05/09/2026 02:30,0,127,0,3,0,124
05/09/2026 02:45,0,112,0,5,0,107
05/09/2026 03:00,0,127,0,6,0,121
05/09/2026 03:15,0,126,0,6,0,120
05/09/2026 03:30,0,123,0,4,0,119
05/09/2026 03:45,0,117,0,7,0,110
05/09/2026 04:00,0,144,0,5,0,139
05/09/2026 04:15,0,121,0,6,0,115
05/09/2026 04:30,0,113,0,5,0,108
05/09/2026 04:45,0,112,0,4,0,108
05/09/2026 05:00,0,142,0,4,0,138
05/09/2026 05:15,0,113,0,11,4,106
05/09/2026 05:30,15,117,0,3,0,99
05/09/2026 05:45,57,213,0,1,0,155
05/09/2026 06:00,80,145,0,7,0,58
05/09/2026 06:15,92,111,0,6,0,13
05/09/2026 06:30,80,130,0,7,0,43
05/09/2026 06:45,69,131,0,3,0,59
05/09/2026 07:00,110,142,0,149,118,1
05/09/2026 07:15,72,145,0,149,76,0
05/09/2026 07:30,102,189,0,188,101,0
05/09/2026 07:45,113,337,0,339,115,0
05/09/2026 08:00,84,292,0,301,93,0
05/09/2026 08:15,93,260,0,255,88,0
05/09/2026 08:30,106,264,0,259,101,0
05/09/2026 08:45,255,212,0,205,248,0
05/09/2026 09:00,203,258,0,266,211,0
05/09/2026 09:15,278,738,0,733,273,0
05/09/2026 09:30,293,602,0,602,293,0
05/09/2026 09:45,442,439,0,441,444,0
05/09/2026 10:00,312,208,0,214,318,0
05/09/2026 10:15,315,184,0,178,309,0
05/09/2026 10:30,438,137,0,126,427,0
05/09/2026 10:45,541,125,0,123,539,0
05/09/2026 11:00,430,147,0,151,434,0
05/09/2026 11:15,577,233,0,228,572,0
05/09/2026 11:30,563,243,0,240,560,0
05/09/2026 11:45,750,213,0,213,750,0
05/09/2026 12:00,587,146,0,153,594,0
05/09/2026 12:15,485,140,0,142,487,0
05/09/2026 12:30,528,133,0,134,529,0
05/09/2026 12:45,374,205,0,205,374,0
05/09/2026 13:00,497,125,0,131,503,0
05/09/2026 13:15,610,148,0,146,608,0
05/09/2026 13:30,450,145,0,148,453,0
05/09/2026 13:45,501,136,0,141,506,0
05/09/2026 14:00,393,120,0,117,390,0
05/09/2026 14:15,630,121,0,110,619,0
05/09/2026 14:30,531,189,0,194,536,0
05/09/2026 14:45,400,278,0,887,1009,0
05/09/2026 15:00,471,251,0,345,565,0
05/09/2026 15:15,379,182,59,0,138,0
05/09/2026 15:30,122,187,0,199,134,0
05/09/2026 15:45,99,204,0,201,96,0
05/09/2026 16:00,84,204,95,0,1,216
05/09/2026 16:15,149,737,131,0,0,719
05/09/2026 16:30,232,519,241,0,0,528
05/09/2026 16:45,89,386,86,0,0,383
05/09/2026 17:00,88,141,86,0,0,139
05/09/2026 17:15,101,467,90,0,0,456
05/09/2026 17:30,91,509,87,0,0,505
05/09/2026 17:45,32,244,26,0,0,238
05/09/2026 18:00,41,506,27,0,0,492
05/09/2026 18:15,45,519,49,0,0,523
05/09/2026 18:30,13,381,0,0,0,368
05/09/2026 18:45,1,257,6,0,0,262
05/09/2026 19:00,0,421,0,15,0,406
05/09/2026 19:15,0,560,0,2,0,558
05/09/2026 19:30,0,498,0,6,0,492
05/09/2026 19:45,0,489,0,5,0,484
05/09/2026 20:00,0,525,0,11,3,517
05/09/2026 20:15,0,544,0,8,0,536
05/09/2026 20:30,0,844,0,1,0,843
05/09/2026 20:45,0,1368,0,11,0,1357
05/09/2026 21:00,0,1918,0,1,0,1917
05/09/2026 21:15,0,469,0,114,8,363
05/09/2026 21:30,0,319,0,326,7,0
05/09/2026 21:45,0,255,0,261,6,0
05/09/2026 22:00,0,233,0,239,6,0
05/09/2026 22:15,0,237,0,243,6,0
05/09/2026 22:30,0,411,0,417,6,0
05/09/2026 22:45,0,282,0,288,6,0
05/09/2026 23:00,0,248,0,254,6,0
05/09/2026 23:15,0,135,0,142,7,0
05/09/2026 23:30,0,121,0,128,7,0
05/09/2026 23:45,0,142,0,148,6,0
05/10/2026 00:00,0,135,0,143,8,0
05/10/2026 00:15,0,151,0,157,6,0
05/10/2026 00:30,0,410,0,416,6,0
05/10/2026 00:45,0,120,0,224,104,0
05/10/2026 01:00,0,116,0,123,7,0
05/10/2026 01:15,0,207,0,214,7,0
05/10/2026 01:30,0,158,0,165,7,0
05/10/2026 01:45,0,148,0,155,7,0
05/10/2026 02:00,0,136,0,142,6,0
05/10/2026 02:15,0,281,0,289,8,0
05/10/2026 02:30,0,226,0,326,100,0
05/10/2026 02:45,0,145,0,152,7,0
05/10/2026 03:00,0,116,0,123,7,0
05/10/2026 03:15,0,139,0,146,7,0
05/10/2026 03:30,0,138,0,145,7,0
05/10/2026 03:45,0,189,0,196,7,0
05/10/2026 04:00,0,488,0,603,115,0
05/10/2026 04:15,0,165,0,172,7,0
05/10/2026 04:30,0,125,0,133,8,0
05/10/2026 04:45,0,137,0,143,6,0
05/10/2026 05:00,0,165,0,172,7,0
05/10/2026 05:15,0,134,0,141,7,0
05/10/2026 05:30,0,114,0,122,8,0
05/10/2026 05:45,11,132,0,226,105,0
05/10/2026 06:00,51,248,0,205,8,0
05/10/2026 06:15,208,194,0,69,83,0
05/10/2026 06:30,139,555,0,423,7,0
05/10/2026 06:45,197,247,0,121,71,0
05/10/2026 07:00,204,167,0,158,195,0
05/10/2026 07:15,389,189,0,191,391,0
05/10/2026 07:30,245,282,0,289,252,0
05/10/2026 07:45,228,430,0,429,227,0
05/10/2026 08:00,452,423,0,420,449,0
05/10/2026 08:15,469,268,0,270,471,0
05/10/2026 08:30,1020,255,0,251,1016,0
05/10/2026 08:45,1242,181,0,190,1251,0
05/10/2026 09:00,727,205,0,211,733,0
05/10/2026 09:15,1294,141,0,135,1288,0
05/10/2026 09:30,952,126,0,142,968,0
05/10/2026 09:45,520,147,0,156,529,0
05/10/2026 10:00,597,211,0,204,590,0
05/10/2026 10:15,693,120,0,111,684,0
05/10/2026 10:30,786,109,0,117,794,0
05/10/2026 10:45,526,171,0,171,526,0
05/10/2026 11:00,1226,199,0,191,1218,0
05/10/2026 11:15,1317,121,0,130,1326,0
05/10/2026 11:30,1398,142,0,148,1404,0
05/10/2026 11:45,1313,125,1018,0,170,0
05/10/2026 12:00,1440,410,877,0,153,0
05/10/2026 12:15,1745,236,1501,0,8,0
05/10/2026 12:30,1724,145,1567,0,12,0
05/10/2026 12:45,1126,129,980,0,17,0
05/10/2026 13:00,1296,164,1047,0,85,0
05/10/2026 13:15,749,136,609,0,4,0
05/10/2026 13:30,871,127,740,0,4,0
05/10/2026 13:45,1343,192,1122,0,29,0
05/10/2026 14:00,727,163,515,0,49,0
05/10/2026 14:15,816,136,680,0,0,0
05/10/2026 14:30,1374,138,1224,0,12,0
05/10/2026 14:45,1250,246,975,0,29,0
05/10/2026 15:00,818,226,585,0,7,0
05/10/2026 15:15,978,160,810,0,8,0
05/10/2026 15:30,1238,129,1099,0,10,0
05/10/2026 15:45,1048,160,868,0,20,0
05/10/2026 16:00,960,128,978,0,0,146
05/10/2026 16:15,635,124,631,0,0,120
05/10/2026 16:30,264,118,262,0,0,116
05/10/2026 16:45,689,145,686,0,0,142
05/10/2026 17:00,683,131,679,0,0,127
05/10/2026 17:15,442,193,434,0,0,185
05/10/2026 17:30,450,234,449,0,0,233
05/10/2026 17:45,149,143,144,0,0,138
05/10/2026 18:00,152,392,141,0,0,381
05/10/2026 18:15,94,186,92,0,0,184
05/10/2026 18:30,120,140,116,0,0,136
05/10/2026 18:45,39,156,34,0,0,151
05/10/2026 19:00,24,166,17,0,0,159
05/10/2026 19:15,39,184,36,0,0,181
05/10/2026 19:30,16,181,11,0,0,176
05/10/2026 19:45,2,194,0,3,0,189
05/10/2026 20:00,0,195,0,19,14,190
05/10/2026 20:15,0,294,0,9,0,285
05/10/2026 20:30,0,328,0,8,0,320
05/10/2026 20:45,0,254,0,3,0,251
05/10/2026 21:00,0,1257,0,12,0,1245
05/10/2026 21:15,0,1580,2,0,0,1582
05/10/2026 21:30,0,810,0,1,0,809
05/10/2026 21:45,0,344,0,1,0,343
05/10/2026 22:00,0,195,0,6,0,189
05/10/2026 22:15,0,162,0,6,0,156
05/10/2026 22:30,0,154,0,6,0,148
05/10/2026 22:45,0,145,0,5,0,140
05/10/2026 23:00,0,153,0,6,0,147
05/10/2026 23:15,0,132,0,6,0,126
05/10/2026 23:30,0,123,0,7,0,116
05/10/2026 23:45,0,236,0,8,0,228
05/11/2026 00:00,0,159,0,2,0,157
05/11/2026 00:15,0,147,0,2,0,145
05/11/2026 00:30,0,113,0,5,0,108
05/11/2026 00:45,0,116,0,7,0,109
05/11/2026 01:00,0,130,0,8,0,122
05/11/2026 01:15,0,136,0,5,0,131
05/11/2026 01:30,0,130,0,7,0,123
05/11/2026 01:45,0,196,0,8,0,188
05/11/2026 02:00,0,168,0,5,0,163
05/11/2026 02:15,0,117,0,6,0,111
05/11/2026 02:30,0,122,0,5,0,117
05/11/2026 02:45,0,148,0,7,0,141
05/11/2026 03:00,0,132,0,4,0,128
05/11/2026 03:15,0,119,0,7,0,112
05/11/2026 03:30,0,116,0,7,0,109
05/11/2026 03:45,0,134,0,6,0,128
05/11/2026 04:00,0,128,0,6,0,122
05/11/2026 04:15,0,226,0,9,0,217
05/11/2026 04:30,0,177,0,4,0,173
05/11/2026 04:45,0,129,0,6,0,123
05/11/2026 05:00,0,121,0,5,0,116
05/11/2026 05:15,0,134,0,6,0,128
05/11/2026 05:30,0,126,0,10,4,120
05/11/2026 05:45,0,140,0,6,0,134
05/11/2026 06:00,25,154,0,11,0,118
05/11/2026 06:15,54,145,0,96,33,28
05/11/2026 06:30,95,133,0,45,7,0
05/11/2026 06:45,128,247,0,125,6,0
05/11/2026 07:00,193,255,0,251,189,0
05/11/2026 07:15,232,215,0,205,222,0
05/11/2026 07:30,298,170,0,169,297,0
05/11/2026 07:45,413,152,0,149,410,0
05/11/2026 08:00,320,123,0,124,321,0
05/11/2026 08:15,380,113,0,108,375,0
05/11/2026 08:30,459,114,0,109,454,0
05/11/2026 08:45,456,143,0,137,450,0
05/11/2026 09:00,627,162,0,158,623,0
05/11/2026 09:15,613,153,0,149,609,0
05/11/2026 09:30,1083,237,0,236,1082,0
05/11/2026 09:45,1279,251,0,257,1285,0
05/11/2026 10:00,1087,349,0,345,1083,0
05/11/2026 10:15,1536,245,0,246,1537,0
05/11/2026 10:30,1644,206,0,202,1640,0
05/11/2026 10:45,1689,184,0,179,1684,0
05/11/2026 11:00,1765,302,0,162,1625,0
05/11/2026 11:15,1723,329,1188,0,206,0
05/11/2026 11:30,1740,994,551,0,195,0
05/11/2026 11:45,1538,1556,0,172,154,0
05/11/2026 12:00,1573,972,479,0,122,0
05/11/2026 12:15,1480,177,1267,0,36,0
05/11/2026 12:30,1027,169,841,0,17,0
05/11/2026 12:45,1107,194,887,0,26,0
05/11/2026 13:00,975,518,406,0,51,0
05/11/2026 13:15,864,1026,0,183,21,0
05/11/2026 13:30,839,1040,0,217,16,0
05/11/2026 13:45,751,1030,0,284,5,0
05/11/2026 14:00,820,1029,0,222,13,0
05/11/2026 14:15,710,1029,0,355,36,0
05/11/2026 14:30,605,1038,0,439,6,0
05/11/2026 14:45,586,1007,0,431,10,0
05/11/2026 15:00,596,1011,0,425,10,0
05/11/2026 15:15,641,1025,0,384,0,0
05/11/2026 15:30,633,1047,0,414,0,0
05/11/2026 15:45,609,1062,0,515,62,0
05/11/2026 16:00,504,196,477,0,4,173
05/11/2026 16:15,452,194,449,0,0,191
05/11/2026 16:30,557,157,554,0,0,154
05/11/2026 16:45,563,139,559,0,0,135
05/11/2026 17:00,394,115,389,0,0,110
05/11/2026 17:15,313,131,307,0,0,125
05/11/2026 17:30,279,160,276,0,0,157
05/11/2026 17:45,212,111,208,0,0,107
05/11/2026 18:00,160,116,153,0,0,109
05/11/2026 18:15,173,150,169,0,0,146
05/11/2026 18:30,158,139,154,0,0,135
05/11/2026 18:45,106,129,101,0,0,124
05/11/2026 19:00,85,161,80,0,0,156
05/11/2026 19:15,59,212,49,0,0,202
05/11/2026 19:30,27,181,22,0,0,176
05/11/2026 19:45,7,163,2,0,0,158
05/11/2026 20:00,0,139,0,17,15,137
05/11/2026 20:15,0,135,0,5,0,130
05/11/2026 20:30,0,162,0,4,0,158
05/11/2026 20:45,0,159,0,2,0,157
05/11/2026 21:00,0,135,0,5,0,130
05/11/2026 21:15,0,136,0,4,0,132
05/11/2026 21:30,0,267,0,10,0,257
05/11/2026 21:45,0,565,0,3,0,562
05/11/2026 22:00,0,349,0,5,0,344
05/11/2026 22:15,0,1264,0,16,0,1248
05/11/2026 22:30,0,1439,5,0,0,1444
05/11/2026 22:45,0,346,0,4,0,342
05/11/2026 23:00,0,150,0,3,0,147
05/11/2026 23:15,0,118,0,6,0,112
05/11/2026 23:30,0,126,0,3,0,123
05/11/2026 23:45,0,165,0,5,0,160
05/12/2026 00:00,0,139,0,5,0,134
05/12/2026 00:15,0,116,0,5,0,111
05/12/2026 00:30,0,113,0,5,0,108
05/12/2026 00:45,0,142,0,6,0,136
05/12/2026 01:00,0,142,0,4,0,138
05/12/2026 01:15,0,115,0,3,0,112
05/12/2026 01:30,0,117,0,5,0,112
05/12/2026 01:45,0,126,0,6,0,120
05/12/2026 02:00,0,128,0,5,0,123
05/12/2026 02:15,0,134,0,2,0,132
05/12/2026 02:30,0,131,0,4,0,127
05/12/2026 02:45,0,113,0,5,0,108
05/12/2026 03:00,0,115,0,6,0,109
05/12/2026 03:15,0,134,0,4,0,130
05/12/2026 03:30,0,125,0,7,0,118
05/12/2026 03:45,0,137,0,7,0,130
05/12/2026 04:00,0,138,0,5,0,133
05/12/2026 04:15,0,116,0,6,0,110
05/12/2026 04:30,0,133,0,7,0,126
05/12/2026 04:45,0,130,0,6,0,124
05/12/2026 05:00,0,127,0,5,0,122
05/12/2026 05:15,0,124,0,11,3,116
05/12/2026 05:30,1,138,0,6,0,131
05/12/2026 05:45,40,112,0,1,1,72
05/12/2026 06:00,272,133,0,3,151,9
05/12/2026 06:15,367,143,3,0,232,11
05/12/2026 06:30,445,166,0,3,287,5
05/12/2026 06:45,518,139,0,2,381,0
05/12/2026 07:00,619,143,0,146,622,0
05/12/2026 07:15,755,131,0,122,746,0
05/12/2026 07:30,945,160,0,149,934,0
05/12/2026 07:45,850,158,0,158,850,0
05/12/2026 08:00,862,111,0,106,857,0
05/12/2026 08:15,1176,108,0,101,1169,0
05/12/2026 08:30,1165,120,0,119,1164,0
05/12/2026 08:45,1155,137,0,133,1151,0
05/12/2026 09:00,1325,137,0,136,1324,0
05/12/2026 09:15,1372,135,0,128,1365,0
05/12/2026 09:30,1267,126,108,0,1033,0
05/12/2026 09:45,1531,121,1202,0,208,0
05/12/2026 10:00,1457,159,1103,0,195,0
05/12/2026 10:15,1599,138,1346,0,115,0
05/12/2026 10:30,1621,142,1433,0,46,0
05/12/2026 10:45,1126,163,949,0,14,0
05/12/2026 11:00,1191,124,1043,0,24,0
05/12/2026 11:15,1451,113,1320,0,18,0
05/12/2026 11:30,1462,123,1317,0,22,0
05/12/2026 11:45,906,133,753,0,20,0
05/12/2026 12:00,1018,116,902,0,0,0
05/12/2026 12:15,1263,174,1053,0,36,0
05/12/2026 12:30,1076,152,914,0,10,0
05/12/2026 12:45,779,137,630,0,12,0
05/12/2026 13:00,1603,116,1483,0,4,0
05/12/2026 13:15,1109,114,973,0,22,0
05/12/2026 13:30,990,381,597,0,12,0
05/12/2026 13:45,1699,269,1426,0,4,0
05/12/2026 14:00,1503,298,1182,0,23,0
05/12/2026 14:15,1207,306,892,0,9,0
05/12/2026 14:30,1008,266,738,0,4,0
05/12/2026 14:45,1212,186,1014,0,12,0
05/12/2026 15:00,1013,161,852,0,0,0
05/12/2026 15:15,1448,127,1311,0,10,0
05/12/2026 15:30,999,126,873,0,0,0
05/12/2026 15:45,1260,123,1088,0,49,0
05/12/2026 16:00,1222,173,1210,0,3,164
05/12/2026 16:15,1111,146,1110,0,0,145
05/12/2026 16:30,900,123,896,0,0,119
05/12/2026 16:45,818,116,816,0,0,114
05/12/2026 17:00,730,144,725,0,0,139
05/12/2026 17:15,616,135,612,0,0,131
05/12/2026 17:30,502,117,497,0,0,112
05/12/2026 17:45,381,139,379,0,0,137
05/12/2026 18:00,211,171,204,0,0,164
05/12/2026 18:15,108,152,104,0,0,148
05/12/2026 18:30,84,145,79,0,0,140
05/12/2026 18:45,66,146,64,0,0,144
05/12/2026 19:00,51,127,46,0,0,122
05/12/2026 19:15,31,141,27,0,0,137
05/12/2026 19:30,18,156,12,0,0,150
05/12/2026 19:45,0,172,0,7,0,165
05/12/2026 20:00,0,252,0,18,13,247
05/12/2026 20:15,0,244,0,7,0,237
05/12/2026 20:30,0,146,0,2,0,144
05/12/2026 20:45,0,160,0,5,0,155
05/12/2026 21:00,0,635,0,10,0,625
05/12/2026 21:15,0,1524,0,4,0,1520
05/12/2026 21:30,0,362,0,0,0,362
05/12/2026 21:45,0,472,0,8,0,464
05/12/2026 22:00,0,460,0,6,0,454
05/12/2026 22:15,0,419,0,3,0,416
05/12/2026 22:30,0,157,0,6,0,151
05/12/2026 22:45,0,144,0,6,0,138
05/12/2026 23:00,0,134,0,5,0,129
05/12/2026 23:15,0,136,0,5,0,131
05/12/2026 23:30,0,148,0,6,0,142
05/12/2026 23:45,0,126,0,6,0,120
05/13/2026 00:00,0,132,0,5,0,127
05/13/2026 00:15,0,185,0,6,0,179
05/13/2026 00:30,0,182,0,5,0,177
05/13/2026 00:45,0,118,0,4,0,114
05/13/2026 01:00,0,144,0,4,0,140
05/13/2026 01:15,0,116,0,4,0,112
05/13/2026 01:30,0,116,0,5,0,111
05/13/2026 01:45,0,119,0,6,0,113
05/13/2026 02:00,0,138,0,4,0,134
05/13/2026 02:15,0,113,0,6,0,107
05/13/2026 02:30,0,144,0,5,0,139
05/13/2026 02:45,0,122,0,4,0,118
05/13/2026 03:00,0,112,0,4,0,108
05/13/2026 03:15,0,135,0,8,0,127
05/13/2026 03:30,0,227,0,6,0,221
05/13/2026 03:45,0,116,0,4,0,112
05/13/2026 04:00,0,133,0,9,0,124
05/13/2026 04:15,0,140,0,5,0,135
05/13/2026 04:30,0,118,0,6,0,112
05/13/2026 04:45,0,129,0,7,0,122
05/13/2026 05:00,0,125,0,7,0,118
05/13/2026 05:15,0,133,0,4,0,129
05/13/2026 05:30,0,117,0,13,4,108
05/13/2026 05:45,4,144,0,4,0,136
05/13/2026 06:00,33,218,0,1,0,184
05/13/2026 06:15,79,154,0,3,0,72
05/13/2026 06:30,141,158,0,1,14,30
05/13/2026 06:45,229,164,0,3,69,1
05/13/2026 07:00,253,237,0,240,256,0
05/13/2026 07:15,405,247,0,238,396,0
05/13/2026 07:30,693,139,0,139,693,0
05/13/2026 07:45,446,148,0,152,450,0
05/13/2026 08:00,197,145,0,155,207,0
05/13/2026 08:15,120,123,0,130,127,0
05/13/2026 08:30,91,141,0,148,98,0
05/13/2026 08:45,95,189,0,189,95,0
05/13/2026 09:00,173,312,0,303,164,0
05/13/2026 09:15,258,373,0,368,253,0
05/13/2026 09:30,313,282,0,279,310,0
05/13/2026 09:45,278,224,0,227,281,0
05/13/2026 10:00,578,138,0,132,572,0
05/13/2026 10:15,571,129,0,130,572,0
05/13/2026 10:30,601,244,0,251,608,0
05/13/2026 10:45,434,172,0,183,445,0
05/13/2026 11:00,414,108,0,103,409,0
05/13/2026 11:15,541,129,0,121,533,0
05/13/2026 11:30,573,135,0,144,582,0
05/13/2026 11:45,442,111,0,109,440,0
05/13/2026 12:00,645,111,0,100,634,0
05/13/2026 12:15,524,121,0,127,530,0
05/13/2026 12:30,498,122,0,120,496,0
05/13/2026 12:45,525,110,0,108,523,0
05/13/2026 13:00,460,109,0,113,464,0
05/13/2026 13:15,368,139,0,132,361,0
05/13/2026 13:30,711,130,0,117,698,0
05/13/2026 13:45,990,123,0,127,994,0
05/13/2026 14:00,945,133,41,0,771,0
05/13/2026 14:15,972,140,689,0,143,0
05/13/2026 14:30,1384,146,1123,0,115,0
05/13/2026 14:45,688,125,551,0,12,0
05/13/2026 15:00,815,131,684,0,0,0
05/13/2026 15:15,817,157,650,0,10,0
05/13/2026 15:30,740,143,579,0,18,0
05/13/2026 15:45,1107,131,958,0,18,0
05/13/2026 16:00,933,130,923,0,2,122
05/13/2026 16:15,796,152,796,0,0,152
05/13/2026 16:30,408,123,407,0,0,122
05/13/2026 16:45,366,154,361,0,0,149
05/13/2026 17:00,257,154,252,0,0,149
05/13/2026 17:15,150,173,145,0,0,168
05/13/2026 17:30,201,222,195,0,0,216
05/13/2026 17:45,200,169,194,0,0,163
05/13/2026 18:00,244,177,240,0,0,173
05/13/2026 18:15,209,164,205,0,0,160
05/13/2026 18:30,147,141,142,0,0,136
05/13/2026 18:45,107,139,103,0,0,135
05/13/2026 19:00,84,148,79,0,0,143
05/13/2026 19:15,36,162,30,0,0,156
05/13/2026 19:30,13,176,8,0,0,171
05/13/2026 19:45,1,163,0,5,0,157
05/13/2026 20:00,0,139,3,18,18,142
05/13/2026 20:15,0,140,0,4,0,136
05/13/2026 20:30,0,156,0,5,0,151
05/13/2026 20:45,0,189,0,6,0,183
05/13/2026 21:00,0,660,0,15,0,645
05/13/2026 21:15,0,1563,0,7,0,1556
05/13/2026 21:30,0,418,1,0,0,419
05/13/2026 21:45,0,760,4,0,0,764
05/13/2026 22:00,0,650,0,5,0,645
05/13/2026 22:15,0,344,0,7,0,337
05/13/2026 22:30,0,518,0,7,0,511
05/13/2026 22:45,0,302,0,0,0,302
05/13/2026 23:00,0,141,0,6,0,135
05/13/2026 23:15,0,120,0,6,0,114
05/13/2026 23:30,0,146,0,6,0,140
05/13/2026 23:45,0,144,0,6,0,138
05/14/2026 00:00,0,119,0,5,0,114
05/14/2026 00:15,0,128,0,6,0,122
05/14/2026 00:30,0,145,0,4,0,141
05/14/2026 00:45,0,133,0,5,0,128
05/14/2026 01:00,0,110,0,4,0,106
05/14/2026 01:15,0,194,0,10,0,184
05/14/2026 01:30,0,161,0,5,0,156
05/14/2026 01:45,0,138,0,4,0,134
05/14/2026 02:00,0,115,0,5,0,110
05/14/2026 02:15,0,111,0,5,0,106
05/14/2026 02:30,0,124,0,6,0,118
05/14/2026 02:45,0,144,0,5,0,139
05/14/2026 03:00,0,121,0,4,0,117
05/14/2026 03:15,0,113,0,6,0,107
05/14/2026 03:30,0,172,0,6,0,166
05/14/2026 03:45,0,188,0,6,0,182
05/14/2026 04:00,0,126,0,6,0,120
05/14/2026 04:15,0,134,0,4,0,130
05/14/2026 04:30,0,115,0,5,0,110
05/14/2026 04:45,0,113,0,5,0,108
05/14/2026 05:00,0,124,0,6,0,118
05/14/2026 05:15,0,154,0,7,0,147
05/14/2026 05:30,0,120,0,14,4,110
05/14/2026 05:45,0,176,0,7,0,169
05/14/2026 06:00,2,185,0,3,0,180
05/14/2026 06:15,12,154,0,8,0,134
05/14/2026 06:30,33,124,29,34,67,153
05/14/2026 06:45,53,192,0,146,7,0
05/14/2026 07:00,54,176,0,166,44,0
05/14/2026 07:15,75,298,0,293,70,0
05/14/2026 07:30,129,349,0,345,125,0
05/14/2026 07:45,145,450,0,450,145,0
05/14/2026 08:00,177,286,0,285,176,0
05/14/2026 08:15,248,260,0,256,244,0
05/14/2026 08:30,333,249,0,244,328,0
05/14/2026 08:45,424,134,0,132,422,0
05/14/2026 09:00,283,111,0,119,291,0
05/14/2026 09:15,205,160,0,158,203,0
05/14/2026 09:30,344,127,0,121,338,0
05/14/2026 09:45,193,153,0,154,194,0
05/14/2026 10:00,297,128,0,121,290,0
05/14/2026 10:15,527,166,0,159,520,0
05/14/2026 10:30,543,398,0,393,538,0
05/14/2026 10:45,559,250,0,248,557,0
05/14/2026 11:00,742,261,0,257,738,0
05/14/2026 11:15,623,143,0,149,629,0
05/14/2026 11:30,483,202,0,201,482,0
05/14/2026 11:45,716,256,0,246,706,0
05/14/2026 12:00,698,241,0,242,699,0
05/14/2026 12:15,510,239,0,241,512,0
05/14/2026 12:30,497,159,0,158,496,0
05/14/2026 12:45,228,130,0,129,227,0
05/14/2026 13:00,468,158,0,151,461,0
05/14/2026 13:15,762,248,0,245,759,0
05/14/2026 13:30,342,174,0,183,351,0
05/14/2026 13:45,387,125,0,115,377,0
05/14/2026 14:00,584,133,0,130,581,0
05/14/2026 14:15,587,270,0,270,587,0
05/14/2026 14:30,416,354,0,357,419,0
05/14/2026 14:45,200,381,0,1974,1793,0
05/14/2026 15:00,148,366,0,461,243,0
05/14/2026 15:15,166,155,0,169,180,0
05/14/2026 15:30,124,246,0,188,66,0
05/14/2026 15:45,63,177,0,114,0,0
05/14/2026 16:00,76,128,88,0,0,140
05/14/2026 16:15,122,138,116,0,0,132
05/14/2026 16:30,85,133,81,0,0,129
05/14/2026 16:45,56,150,47,0,0,141
05/14/2026 17:00,106,215,100,0,0,209
05/14/2026 17:15,81,190,77,0,0,186
05/14/2026 17:30,143,187,138,0,0,182
05/14/2026 17:45,154,315,151,0,0,312
05/14/2026 18:00,77,325,71,0,0,319
05/14/2026 18:15,35,299,32,0,0,296
05/14/2026 18:30,46,167,42,0,0,163
05/14/2026 18:45,31,180,24,0,0,173
05/14/2026 19:00,22,166,19,0,0,163
05/14/2026 19:15,5,303,0,6,0,292
05/14/2026 19:30,0,300,0,2,0,298
05/14/2026 19:45,0,238,0,2,0,236
05/14/2026 20:00,0,261,0,17,14,258
05/14/2026 20:15,0,287,0,8,0,279
05/14/2026 20:30,0,278,0,5,0,273
05/14/2026 20:45,0,253,0,6,0,247
05/14/2026 21:00,0,1418,0,14,0,1404
05/14/2026 21:15,0,1581,0,5,0,1576
05/14/2026 21:30,0,386,4,0,0,390
05/14/2026 21:45,0,185,0,7,0,178
05/14/2026 22:00,0,252,0,3,0,249
05/14/2026 22:15,0,327,0,7,0,320
05/14/2026 22:30,0,281,0,8,0,273
05/14/2026 22:45,0,195,0,4,0,191
05/14/2026 23:00,0,870,0,7,0,863
05/14/2026 23:15,0,931,3,0,0,934
05/14/2026 23:30,0,428,0,8,0,420
05/14/2026 23:45,0,546,0,3,0,543
05/15/2026 00:00,0,180,0,6,0,174
05/15/2026 00:15,0,144,0,7,0,137
05/15/2026 00:30,0,232,0,8,0,224
05/15/2026 00:45,0,139,0,5,0,134
05/15/2026 01:00,0,146,0,6,0,140
05/15/2026 01:15,0,128,0,100,22,50
05/15/2026 01:30,0,122,0,128,6,0
05/15/2026 01:45,0,126,0,134,8,0
05/15/2026 02:00,0,131,0,137,6,0
05/15/2026 02:15,0,116,0,122,6,0
05/15/2026 02:30,0,168,0,175,7,0
05/15/2026 02:45,0,199,0,206,7,0
05/15/2026 03:00,0,114,0,120,6,0
05/15/2026 03:15,0,119,0,125,6,0
05/15/2026 03:30,0,139,0,146,7,0
05/15/2026 03:45,0,127,0,134,7,0
05/15/2026 04:00,0,134,0,141,7,0
05/15/2026 04:15,0,137,0,144,7,0
05/15/2026 04:30,0,114,0,121,7,0
05/15/2026 04:45,0,196,0,295,99,0
05/15/2026 05:00,0,183,0,190,7,0
05/15/2026 05:15,0,129,0,136,7,0
05/15/2026 05:30,6,112,0,113,7,0
05/15/2026 05:45,70,237,0,173,6,0
05/15/2026 06:00,268,201,0,32,99,0
05/15/2026 06:15,367,112,15,0,266,26
05/15/2026 06:30,273,112,0,9,170,0
05/15/2026 06:45,343,136,0,5,212,0
05/15/2026 07:00,511,138,0,150,523,0
05/15/2026 07:15,261,111,0,109,259,0
05/15/2026 07:30,374,207,0,202,369,0
05/15/2026 07:45,521,236,0,238,523,0
05/15/2026 08:00,557,274,0,279,562,0
05/15/2026 08:15,489,257,0,258,490,0
05/15/2026 08:30,511,264,0,265,512,0
05/15/2026 08:45,558,233,0,231,556,0
05/15/2026 09:00,753,203,0,206,756,0
05/15/2026 09:15,539,345,0,343,537,0
05/15/2026 09:30,585,1161,0,1157,581,0
05/15/2026 09:45,560,923,0,923,560,0
05/15/2026 10:00,570,341,0,335,564,0
05/15/2026 10:15,413,170,0,170,413,0
05/15/2026 10:30,472,164,0,164,472,0
05/15/2026 10:45,400,370,0,371,401,0
05/15/2026 11:00,341,527,0,524,338,0
05/15/2026 11:15,505,243,0,240,502,0
05/15/2026 11:30,410,184,0,182,408,0
05/15/2026 11:45,449,159,0,156,446,0
05/15/2026 12:00,485,125,0,124,484,0
05/15/2026 12:15,562,192,0,192,562,0
05/15/2026 12:30,375,317,0,318,376,0
05/15/2026 12:45,418,213,0,206,411,0
05/15/2026 13:00,472,196,0,193,469,0
05/15/2026 13:15,459,144,0,141,456,0
05/15/2026 13:30,680,125,0,123,678,0
05/15/2026 13:45,731,108,0,86,709,0
05/15/2026 14:00,573,115,292,0,166,0
05/15/2026 14:15,522,150,348,0,24,0
05/15/2026 14:30,459,265,167,0,27,0
05/15/2026 14:45,290,245,45,0,0,0
05/15/2026 15:00,742,145,587,0,10,0
05/15/2026 15:15,292,224,68,0,0,0
05/15/2026 15:30,479,281,198,0,0,0
05/15/2026 15:45,503,157,284,0,62,0
05/15/2026 16:00,390,726,363,0,5,704
05/15/2026 16:15,463,1510,459,0,0,1506
05/15/2026 16:30,345,788,348,0,0,791
05/15/2026 16:45,244,137,240,0,0,133
05/15/2026 17:00,266,123,263,0,0,120
05/15/2026 17:15,230,170,224,0,0,164
05/15/2026 17:30,147,212,142,0,0,207
05/15/2026 17:45,132,191,125,0,0,184
05/15/2026 18:00,94,217,91,0,0,214
05/15/2026 18:15,167,160,162,0,0,155
05/15/2026 18:30,94,157,90,0,0,153
05/15/2026 18:45,107,159,101,0,0,153
05/15/2026 19:00,99,199,96,0,0,196
05/15/2026 19:15,73,355,64,0,0,346
05/15/2026 19:30,37,359,23,0,0,345
05/15/2026 19:45,4,331,4,0,0,331
05/15/2026 20:00,0,386,0,17,9,378
05/15/2026 20:15,0,317,0,3,0,314
05/15/2026 20:30,0,386,0,6,0,380
05/15/2026 20:45,0,1636,0,12,0,1624
05/15/2026 21:00,0,951,1,0,0,952
05/15/2026 21:15,0,640,0,10,0,630
05/15/2026 21:30,0,785,2,0,0,787
05/15/2026 21:45,0,526,0,5,0,521
05/15/2026 22:00,0,174,0,3,0,171
05/15/2026 22:15,0,157,0,6,0,151
05/15/2026 22:30,0,121,0,5,0,116
05/15/2026 22:45,0,121,0,4,0,117
05/15/2026 23:00,0,220,0,6,0,214
05/15/2026 23:15,0,149,0,4,0,145
05/15/2026 23:30,0,145,0,4,0,141
05/15/2026 23:45,0,119,0,4,0,115
05/16/2026 00:00,0,120,0,6,0,114
05/16/2026 00:15,0,122,46,44,44,168
05/16/2026 00:30,0,130,0,128,20,22
05/16/2026 00:45,0,120,0,126,6,0
05/16/2026 01:00,0,148,0,155,7,0
05/16/2026 01:15,0,190,0,197,7,0
05/16/2026 01:30,0,142,0,150,8,0
05/16/2026 01:45,0,125,0,132,7,0
05/16/2026 02:00,0,130,0,137,7,0
05/16/2026 02:15,0,119,0,126,7,0
05/16/2026 02:30,0,144,0,151,7,0
05/16/2026 02:45,0,126,0,132,6,0
05/16/2026 03:00,0,113,0,121,8,0
05/16/2026 03:15,0,115,0,121,6,0
05/16/2026 03:30,0,174,0,182,8,0
05/16/2026 03:45,0,196,0,202,6,0
05/16/2026 04:00,0,123,0,217,94,0
05/16/2026 04:15,0,144,0,152,8,0
05/16/2026 04:30,0,119,0,125,6,0
05/16/2026 04:45,0,114,0,122,8,0
05/16/2026 05:00,0,127,0,133,6,0
05/16/2026 05:15,0,127,0,135,8,0
05/16/2026 05:30,4,242,0,345,107,0
05/16/2026 05:45,49,162,0,120,7,0
05/16/2026 06:00,270,150,0,19,139,0
05/16/2026 06:15,375,115,21,0,290,51
05/16/2026 06:30,454,170,0,5,292,3
05/16/2026 06:45,534,151,0,0,383,0
05/16/2026 07:00,658,127,0,127,658,0
05/16/2026 07:15,790,220,0,209,779,0
05/16/2026 07:30,882,266,0,257,873,0
05/16/2026 07:45,963,258,0,251,956,0
05/16/2026 08:00,1046,250,0,241,1037,0
05/16/2026 08:15,1114,260,0,252,1106,0
05/16/2026 08:30,1183,258,0,250,1175,0
05/16/2026 08:45,1216,444,0,444,1216,0
05/16/2026 09:00,1276,424,0,422,1274,0
05/16/2026 09:15,1309,338,0,337,1308,0
05/16/2026 09:30,1371,561,0,557,1367,0
05/16/2026 09:45,1377,276,0,271,1372,0
05/16/2026 10:00,1376,139,925,0,312,0
05/16/2026 10:15,1533,133,1197,0,203,0
05/16/2026 10:30,1604,158,1361,0,85,0
05/16/2026 10:45,1652,134,1518,0,0,0
05/16/2026 11:00,1696,118,1553,0,25,0
05/16/2026 11:15,1731,119,1558,0,54,0
05/16/2026 11:30,1728,146,1559,0,23,0
05/16/2026 11:45,1789,125,1659,0,5,0
05/16/2026 12:00,1769,124,1618,0,27,0
05/16/2026 12:15,1796,133,1636,0,27,0
05/16/2026 12:30,1752,124,1620,0,8,0
05/16/2026 12:45,1783,145,1630,0,8,0
05/16/2026 13:00,1755,140,1592,0,23,0
05/16/2026 13:15,1776,117,1648,0,11,0
05/16/2026 13:30,1816,119,1686,0,11,0
05/16/2026 13:45,1798,143,1638,0,17,0
05/16/2026 14:00,1535,116,1405,0,14,0
05/16/2026 14:15,1553,145,1392,0,16,0
05/16/2026 14:30,1494,121,1360,0,13,0
05/16/2026 14:45,1503,114,1372,0,17,0
05/16/2026 15:00,1417,121,1294,0,2,0
05/16/2026 15:15,1331,135,1196,0,0,0
05/16/2026 15:30,1215,129,1074,0,12,0
05/16/2026 15:45,1133,138,946,0,49,0
05/16/2026 16:00,1067,113,1080,0,0,126
05/16/2026 16:15,980,113,976,0,0,109
05/16/2026 16:30,857,130,857,0,0,130
05/16/2026 16:45,770,117,767,0,0,114
05/16/2026 17:00,689,152,683,0,0,146
05/16/2026 17:15,601,129,598,0,0,126
05/16/2026 17:30,502,113,497,0,0,108
05/16/2026 17:45,395,112,390,0,0,107
05/16/2026 18:00,228,133,223,0,0,128
05/16/2026 18:15,113,113,108,0,0,108
05/16/2026 18:30,90,138,84,0,0,132
05/16/2026 18:45,76,120,72,0,0,116
05/16/2026 19:00,59,112,54,0,0,107
05/16/2026 19:15,36,111,31,0,0,106
05/16/2026 19:30,15,136,10,0,0,131
05/16/2026 19:45,0,122,0,7,0,115
05/16/2026 20:00,0,147,0,17,8,138
05/16/2026 20:15,0,121,0,4,0,117
05/16/2026 20:30,0,117,0,0,0,117
05/16/2026 20:45,0,126,0,7,0,119
05/16/2026 21:00,0,137,0,2,0,135
05/16/2026 21:15,0,139,0,6,0,133
05/16/2026 21:30,0,148,0,5,0,143
05/16/2026 21:45,0,121,0,4,0,117
05/16/2026 22:00,0,118,0,7,0,111
05/16/2026 22:15,0,124,0,7,0,117
05/16/2026 22:30,0,130,0,5,0,125
05/16/2026 22:45,0,126,0,6,0,120
05/16/2026 23:00,0,138,0,5,0,133
05/16/2026 23:15,0,112,0,5,0,107
05/16/2026 23:30,0,111,0,5,0,106
05/16/2026 23:45,0,125,0,7,0,118
05/17/2026 00:00,0,127,0,5,0,122
05/17/2026 00:15,0,128,0,7,0,121
05/17/2026 00:30,0,139,0,5,0,134
05/17/2026 00:45,0,118,0,6,0,112
05/17/2026 01:00,0,114,0,6,0,108
05/17/2026 01:15,0,140,0,6,0,134
05/17/2026 01:30,0,124,0,4,0,120
05/17/2026 01:45,0,128,0,4,0,124
05/17/2026 02:00,0,145,0,6,0,139
05/17/2026 02:15,0,116,0,7,0,109
05/17/2026 02:30,0,116,0,3,0,113
05/17/2026 02:45,0,131,0,5,0,126
05/17/2026 03:00,0,124,0,4,0,120
05/17/2026 03:15,0,129,0,7,0,122
05/17/2026 03:30,0,142,0,6,0,136
05/17/2026 03:45,0,114,0,6,0,108
05/17/2026 04:00,0,117,0,5,0,112
05/17/2026 04:15,0,130,0,6,0,124
05/17/2026 04:30,0,123,0,5,0,118
05/17/2026 04:45,0,126,0,8,0,118
05/17/2026 05:00,0,142,0,4,0,138
05/17/2026 05:15,0,120,0,14,4,110
05/17/2026 05:30,12,118,0,2,0,104
05/17/2026 05:45,62,127,0,2,0,63
05/17/2026 06:00,244,126,0,0,118,0
05/17/2026 06:15,345,116,0,1,230,0
05/17/2026 06:30,458,145,0,2,315,0
05/17/2026 06:45,479,123,0,8,364,0
05/17/2026 07:00,457,118,0,126,465,0
05/17/2026 07:15,663,116,0,116,663,0
05/17/2026 07:30,692,143,0,142,691,0
05/17/2026 07:45,904,218,0,211,897,0
05/17/2026 08:00,987,153,0,153,987,0
05/17/2026 08:15,776,144,0,144,776,0
05/17/2026 08:30,1146,145,0,137,1138,0
05/17/2026 08:45,1219,118,96,0,1005,0
05/17/2026 09:00,1265,114,948,0,203,0
05/17/2026 09:15,1316,145,1000,0,171,0
05/17/2026 09:30,1365,132,1084,0,149,0
05/17/2026 09:45,1385,142,1158,0,85,0
05/17/2026 10:00,1497,131,1366,0,0,0
05/17/2026 10:15,1526,117,1382,0,27,0
05/17/2026 10:30,1576,114,1408,0,54,0
05/17/2026 10:45,1617,140,1449,0,28,0
05/17/2026 11:00,1654,115,1517,0,22,0
05/17/2026 11:15,1695,146,1546,0,3,0
05/17/2026 11:30,1710,134,1549,0,27,0
05/17/2026 11:45,1725,116,1602,0,7,0
05/17/2026 12:00,1737,115,1615,0,7,0
05/17/2026 12:15,1739,140,1580,0,19,0
05/17/2026 12:30,1714,118,1585,0,11,0
05/17/2026 12:45,1627,145,1472,0,10,0
05/17/2026 13:00,1776,128,1634,0,14,0
05/17/2026 13:15,1323,133,1174,0,16,0
05/17/2026 13:30,1622,120,1490,0,12,0
05/17/2026 13:45,1735,143,1582,0,10,0
05/17/2026 14:00,1626,123,1483,0,20,0
05/17/2026 14:15,1378,146,1220,0,12,0
05/17/2026 14:30,1280,119,1151,0,10,0
05/17/2026 14:45,926,114,796,0,16,0
05/17/2026 15:00,1342,127,1213,0,2,0
05/17/2026 15:15,1190,130,1059,0,1,0
05/17/2026 15:30,1237,154,1080,0,3,0
05/17/2026 15:45,763,248,463,0,52,0
05/17/2026 16:00,415,131,422,0,0,138
05/17/2026 16:15,980,115,976,0,0,111
05/17/2026 16:30,797,136,792,0,0,131
05/17/2026 16:45,771,185,766,0,0,180
05/17/2026 17:00,683,190,681,0,0,188
05/17/2026 17:15,589,135,586,0,0,132
05/17/2026 17:30,439,111,435,0,0,107
05/17/2026 17:45,386,122,377,0,0,113
05/17/2026 18:00,225,196,220,0,0,191
05/17/2026 18:15,125,178,122,0,0,175
05/17/2026 18:30,95,137,90,0,0,132
05/17/2026 18:45,97,112,93,0,0,108
05/17/2026 19:00,79,110,75,0,0,106
05/17/2026 19:15,42,162,37,0,0,157
05/17/2026 19:30,22,210,19,0,0,207
05/17/2026 19:45,3,142,0,3,0,136
05/17/2026 20:00,0,128,0,19,14,123
05/17/2026 20:15,0,117,0,7,0,110
05/17/2026 20:30,0,215,0,2,0,213
05/17/2026 20:45,0,163,0,6,0,157
05/17/2026 21:00,0,147,0,7,0,140
05/17/2026 21:15,0,142,0,5,0,137
05/17/2026 21:30,0,116,0,5,0,111
05/17/2026 21:45,0,145,0,5,0,140
05/17/2026 22:00,0,231,0,7,0,224
05/17/2026 22:15,0,121,0,6,0,115
05/17/2026 22:30,0,143,0,6,0,137
05/17/2026 22:45,0,118,0,5,0,113
05/17/2026 23:00,0,114,0,6,0,108
05/17/2026 23:15,0,140,0,7,0,133
05/17/2026 23:30,0,226,0,5,0,221
05/17/2026 23:45,0,137,0,4,0,133
05/18/2026 00:00,0,135,0,5,0,130
05/18/2026 00:15,0,110,0,7,0,103
05/18/2026 00:30,0,113,0,4,0,109
05/18/2026 00:45,0,198,0,7,0,191
05/18/2026 01:00,0,175,0,3,0,172
05/18/2026 01:15,0,141,0,4,0,137
05/18/2026 01:30,0,116,0,5,0,111
05/18/2026 01:45,0,111,0,5,0,106
05/18/2026 02:00,0,130,0,5,0,125
05/18/2026 02:15,0,121,0,5,0,116
05/18/2026 02:30,0,140,0,7,0,133
05/18/2026 02:45,0,142,0,4,0,138
05/18/2026 03:00,0,135,0,5,0,130
05/18/2026 03:15,0,114,0,6,0,108
05/18/2026 03:30,0,136,0,6,0,130
05/18/2026 03:45,0,179,0,4,0,175
05/18/2026 04:00,0,217,0,4,0,213
05/18/2026 04:15,0,128,0,7,0,121
05/18/2026 04:30,0,133,0,6,0,127
05/18/2026 04:45,0,132,0,7,0,125
05/18/2026 05:00,0,125,0,5,0,120
05/18/2026 05:15,0,139,0,12,4,131
05/18/2026 05:30,10,126,0,5,0,111
05/18/2026 05:45,65,110,0,5,3,43
05/18/2026 06:00,211,116,0,3,98,0
05/18/2026 06:15,291,195,0,4,104,4
05/18/2026 06:30,427,122,0,5,310,0
05/18/2026 06:45,526,147,0,5,384,0
05/18/2026 07:00,606,111,0,106,601,0
05/18/2026 07:15,724,112,0,107,719,0
05/18/2026 07:30,827,126,0,115,816,0
05/18/2026 07:45,763,120,0,120,763,0
05/18/2026 08:00,951,131,0,128,948,0
05/18/2026 08:15,1078,137,0,131,1072,0
05/18/2026 08:30,634,109,0,117,642,0
05/18/2026 08:45,1157,109,0,99,1147,0
05/18/2026 09:00,987,131,0,126,982,0
05/18/2026 09:15,1293,125,818,0,350,0
05/18/2026 09:30,1403,148,1058,0,197,0
05/18/2026 09:45,1257,124,973,0,160,0
05/18/2026 10:00,1468,116,1277,0,75,0
05/18/2026 10:15,1473,132,1333,0,8,0
05/18/2026 10:30,1599,123,1438,0,38,0
05/18/2026 10:45,1700,141,1535,0,24,0
05/18/2026 11:00,1633,131,1438,0,64,0
05/18/2026 11:15,1652,119,1514,0,19,0
05/18/2026 11:30,1684,119,1558,0,7,0
05/18/2026 11:45,1710,136,1557,0,17,0
05/18/2026 12:00,1731,147,1569,0,15,0
05/18/2026 12:15,1731,140,1585,0,7,1
05/18/2026 12:30,1729,116,1604,0,9,0
05/18/2026 12:45,1729,115,1593,0,21,0
05/18/2026 13:00,1680,220,1450,0,10,0
05/18/2026 13:15,1711,128,1571,0,12,0
05/18/2026 13:30,1686,147,1517,0,22,0
05/18/2026 13:45,1635,118,1506,0,11,0
05/18/2026 14:00,1553,117,1429,0,7,0
05/18/2026 14:15,1533,142,1377,0,15,1
05/18/2026 14:30,1504,124,1364,0,16,0
05/18/2026 14:45,1438,146,1286,0,6,0
05/18/2026 15:00,1368,122,1245,0,1,0
05/18/2026 15:15,1249,114,1125,0,10,0
05/18/2026 15:30,1155,130,1024,0,1,0
05/18/2026 15:45,1065,181,838,0,46,0
05/18/2026 16:00,989,146,1003,0,0,160
05/18/2026 16:15,924,122,921,0,0,119
05/18/2026 16:30,780,114,777,0,0,111
05/18/2026 16:45,734,126,730,0,0,122
05/18/2026 17:00,657,126,654,0,0,123
05/18/2026 17:15,584,137,581,0,0,134
05/18/2026 17:30,497,128,493,0,0,124
05/18/2026 17:45,394,110,390,0,0,106
05/18/2026 18:00,246,116,240,0,0,110
05/18/2026 18:15,149,127,146,0,0,124
05/18/2026 18:30,120,191,116,0,0,187
05/18/2026 18:45,100,207,98,0,0,205
05/18/2026 19:00,77,113,72,0,0,108
05/18/2026 19:15,52,109,47,0,0,104
05/18/2026 19:30,28,151,23,0,0,146
05/18/2026 19:45,9,130,2,0,0,123
05/18/2026 20:00,0,143,0,16,10,137
05/18/2026 20:15,0,115,0,6,0,109
05/18/2026 20:30,0,118,0,4,0,114
05/18/2026 20:45,0,182,0,9,0,173
05/18/2026 21:00,0,190,0,4,0,186
05/18/2026 21:15,0,151,0,4,0,147
05/18/2026 21:30,0,118,0,5,0,113
05/18/2026 21:45,0,118,0,6,0,112
05/18/2026 22:00,0,137,0,5,0,132
05/18/2026 22:15,0,125,0,6,0,119
05/18/2026 22:30,0,144,0,5,0,139
05/18/2026 22:45,0,116,0,5,0,111
05/18/2026 23:00,0,126,0,6,0,120
05/18/2026 23:15,0,172,0,3,0,169
05/18/2026 23:30,0,124,0,5,0,119
05/18/2026 23:45,0,145,0,7,0,138
05/19/2026 00:00,0,125,0,5,0,120
05/19/2026 00:15,0,112,0,5,0,107
05/19/2026 00:30,0,171,0,8,0,163
05/19/2026 00:45,0,208,0,5,0,203
05/19/2026 01:00,0,138,0,8,0,130
05/19/2026 01:15,0,135,0,5,0,130
05/19/2026 01:30,0,115,0,7,0,108
05/19/2026 01:45,0,115,0,6,0,109
05/19/2026 02:00,0,138,0,3,0,135
05/19/2026 02:15,0,128,0,7,0,121
05/19/2026 02:30,0,138,0,4,0,134
05/19/2026 02:45,0,132,0,8,0,124
05/19/2026 03:00,0,211,0,6,0,205
05/19/2026 03:15,0,135,0,5,0,130
05/19/2026 03:30,0,126,0,8,0,118
05/19/2026 03:45,0,144,0,6,0,138
05/19/2026 04:00,0,119,0,4,0,115
05/19/2026 04:15,0,112,0,5,0,107
05/19/2026 04:30,0,130,0,2,0,128
05/19/2026 04:45,0,125,0,5,0,120
05/19/2026 05:00,0,187,0,8,0,179
05/19/2026 05:15,0,131,0,14,4,121
05/19/2026 05:30,16,176,0,6,0,154
05/19/2026 05:45,70,153,0,1,2,84
05/19/2026 06:00,195,135,0,2,62,0
05/19/2026 06:15,276,123,0,3,156,0
05/19/2026 06:30,348,157,0,7,198,0
05/19/2026 06:45,428,115,0,5,318,0
05/19/2026 07:00,555,113,0,116,558,0
05/19/2026 07:15,661,129,0,125,657,0
05/19/2026 07:30,747,115,0,108,740,0
05/19/2026 07:45,837,144,0,133,826,0
05/19/2026 08:00,928,118,0,111,921,0
05/19/2026 08:15,1003,114,0,106,995,0
05/19/2026 08:30,1062,118,0,115,1059,0
05/19/2026 08:45,1110,137,0,131,1104,0
05/19/2026 09:00,1144,186,0,70,1028,0
05/19/2026 09:15,1221,201,817,0,203,0
05/19/2026 09:30,1256,149,945,0,162,0
05/19/2026 09:45,1321,177,1098,0,46,0
05/19/2026 10:00,1387,197,1174,0,16,0
05/19/2026 10:15,1441,134,1272,0,35,0
05/19/2026 10:30,1501,130,1320,0,51,0
05/19/2026 10:45,1554,139,1400,0,15,0
05/19/2026 11:00,1598,129,1438,0,31,0
05/19/2026 11:15,1634,153,1474,0,7,0
05/19/2026 11:30,1668,214,1438,0,16,0
05/19/2026 11:45,1693,129,1547,0,17,0
05/19/2026 12:00,1680,138,1535,0,7,0
05/19/2026 12:15,1655,154,1491,0,10,0
05/19/2026 12:30,1676,219,1449,0,8,0
05/19/2026 12:45,1681,120,1545,0,16,0
05/19/2026 13:00,1685,139,1535,0,11,0
05/19/2026 13:15,1677,172,1495,0,10,0
05/19/2026 13:30,1654,235,1400,0,19,0
05/19/2026 13:45,1629,126,1492,0,11,0
05/19/2026 14:00,1540,117,1414,0,9,0
05/19/2026 14:15,1499,224,1260,0,15,0
05/19/2026 14:30,1462,180,1272,0,10,0
05/19/2026 14:45,1428,142,1281,0,5,0
05/19/2026 15:00,1253,117,1134,0,2,0
05/19/2026 15:15,1229,215,1006,0,8,0
05/19/2026 15:30,735,177,557,0,1,0
05/19/2026 15:45,972,125,806,0,41,0
05/19/2026 16:00,1022,242,1032,0,0,252
05/19/2026 16:15,733,223,729,0,0,219
05/19/2026 16:30,797,130,796,0,0,129
05/19/2026 16:45,674,138,669,0,0,133
05/19/2026 17:00,465,228,457,0,0,220
05/19/2026 17:15,117,232,113,0,0,228
05/19/2026 17:30,8,117,5,0,0,114
05/19/2026 17:45,19,131,13,0,0,125
05/19/2026 18:00,34,160,27,0,0,153
05/19/2026 18:15,52,230,49,0,0,227
05/19/2026 18:30,54,111,50,0,0,107
05/19/2026 18:45,62,110,55,0,0,103
05/19/2026 19:00,76,245,69,0,0,238
05/19/2026 19:15,44,175,43,0,0,174
05/19/2026 19:30,39,122,33,0,0,116
05/19/2026 19:45,18,184,12,0,0,178
05/19/2026 20:00,11,175,0,15,9,158
05/19/2026 20:15,0,136,0,2,0,134
05/19/2026 20:30,0,196,0,4,0,192
05/19/2026 20:45,0,207,0,5,0,202
05/19/2026 21:00,0,130,0,6,0,124
05/19/2026 21:15,0,149,0,7,0,142
05/19/2026 21:30,0,246,0,4,0,242
05/19/2026 21:45,0,175,0,4,0,171
05/19/2026 22:00,0,120,0,6,0,114
05/19/2026 22:15,0,171,0,7,0,164
05/19/2026 22:30,0,221,0,1,0,220
05/19/2026 22:45,0,146,0,6,0,140
05/19/2026 23:00,0,114,0,4,0,110
05/19/2026 23:15,0,112,0,6,0,106
05/19/2026 23:30,0,203,0,8,0,195
05/19/2026 23:45,0,198,0,4,0,194
05/20/2026 00:00,0,153,0,5,0,148
05/20/2026 00:15,0,115,0,6,0,109
05/20/2026 00:30,0,151,0,8,0,143
05/20/2026 00:45,0,239,0,6,0,233
05/20/2026 01:00,0,143,0,5,0,138
05/20/2026 01:15,0,120,0,3,0,117
05/20/2026 01:30,0,110,0,5,0,105
05/20/2026 01:45,0,247,0,7,0,240
05/20/2026 02:00,0,166,0,3,0,163
05/20/2026 02:15,0,144,0,5,0,139
05/20/2026 02:30,0,119,0,3,0,116
05/20/2026 02:45,0,124,0,4,0,120
05/20/2026 03:00,0,248,0,8,0,240
05/20/2026 03:15,0,175,0,4,0,171
05/20/2026 03:30,0,119,0,5,0,114
05/20/2026 03:45,0,140,0,6,0,134
05/20/2026 04:00,0,147,0,6,0,141
05/20/2026 04:15,0,230,0,5,0,225
05/20/2026 04:30,0,144,0,6,0,138
05/20/2026 04:45,0,120,0,4,0,116
05/20/2026 05:00,0,111,0,7,0,104
05/20/2026 05:15,0,192,0,13,4,183
05/20/2026 05:30,6,194,0,3,0,185
05/20/2026 05:45,60,153,0,4,0,89
05/20/2026 06:00,121,126,0,3,36,38
05/20/2026 06:15,328,147,0,7,188,0
05/20/2026 06:30,315,126,0,5,194,0
05/20/2026 06:45,520,212,0,5,313,0
05/20/2026 07:00,601,153,0,148,596,0
05/20/2026 07:15,719,122,0,115,712,0
05/20/2026 07:30,753,128,0,128,753,0
05/20/2026 07:45,767,217,0,214,764,0
05/20/2026 08:00,1036,161,0,155,1030,0
05/20/2026 08:15,1029,118,0,116,1027,0
05/20/2026 08:30,982,115,0,113,980,0
05/20/2026 08:45,1086,156,0,150,1080,0
05/20/2026 09:00,1232,199,0,196,1229,0
05/20/2026 09:15,1267,117,0,66,1216,0
05/20/2026 09:30,1263,140,795,0,328,0
05/20/2026 09:45,1333,159,1050,0,124,0
05/20/2026 10:00,1405,122,1198,0,85,0
05/20/2026 10:15,1487,197,1265,0,25,0
05/20/2026 10:30,1519,247,1272,0,0,0
05/20/2026 10:45,1525,126,1332,0,67,0
05/20/2026 11:00,1491,133,1315,0,43,0
05/20/2026 11:15,1553,145,1405,0,3,0
05/20/2026 11:30,1611,156,1417,0,38,0
05/20/2026 11:45,1741,173,1547,0,21,0
05/20/2026 12:00,1622,236,1380,0,6,0
05/20/2026 12:15,1008,153,845,0,10,0
05/20/2026 12:30,1602,146,1440,0,16,0
05/20/2026 12:45,1717,122,1579,0,16,0
05/20/2026 13:00,1734,146,1582,0,6,0
05/20/2026 13:15,1498,233,1247,0,18,0
05/20/2026 13:30,1373,240,1116,0,17,0
05/20/2026 13:45,1406,124,1275,0,7,0
05/20/2026 14:00,1715,128,1571,0,16,0
05/20/2026 14:15,1408,167,1224,0,17,0
05/20/2026 14:30,1425,243,1175,0,7,0
05/20/2026 14:45,733,166,562,0,5,0
05/20/2026 15:00,1065,124,933,0,8,0
05/20/2026 15:15,1336,114,1211,0,11,0
05/20/2026 15:30,842,206,636,0,0,0
05/20/2026 15:45,892,252,600,0,40,0
05/20/2026 16:00,1014,129,1026,0,0,141
05/20/2026 16:15,928,117,924,0,0,113
05/20/2026 16:30,843,176,840,0,0,173
05/20/2026 16:45,777,259,774,0,0,256
05/20/2026 17:00,680,145,678,0,0,143
05/20/2026 17:15,586,130,582,0,0,126
05/20/2026 17:30,458,123,454,0,0,119
05/20/2026 17:45,397,190,391,0,0,184
05/20/2026 18:00,233,259,229,0,0,255
05/20/2026 18:15,121,129,119,0,0,127
05/20/2026 18:30,94,107,91,0,0,104
05/20/2026 18:45,90,131,83,0,0,124
05/20/2026 19:00,69,210,62,0,0,203
05/20/2026 19:15,44,201,42,0,0,199
05/20/2026 19:30,27,113,23,0,0,109
05/20/2026 19:45,1,134,0,6,0,127
05/20/2026 20:00,0,146,0,17,14,143
05/20/2026 20:15,0,177,0,7,0,170
05/20/2026 20:30,0,224,0,3,0,221
05/20/2026 20:45,0,151,0,6,0,145
05/20/2026 21:00,0,132,0,4,0,128
05/20/2026 21:15,0,150,0,6,0,144
05/20/2026 21:30,0,125,0,4,0,121
05/20/2026 21:45,0,116,0,6,0,110
05/20/2026 22:00,0,137,0,5,0,132
05/20/2026 22:15,0,217,0,5,0,212
05/20/2026 22:30,0,204,0,4,0,200
05/20/2026 22:45,0,111,0,5,0,106
05/20/2026 23:00,0,129,0,6,0,123
05/20/2026 23:15,0,141,0,5,0,136
05/20/2026 23:30,0,124,0,6,0,118
05/20/2026 23:45,0,110,0,5,0,105
05/21/2026 00:00,0,143,0,3,0,140
05/21/2026 00:15,0,121,0,6,0,115
05/21/2026 00:30,0,148,0,3,0,145
05/21/2026 00:45,0,124,0,6,0,118
05/21/2026 01:00,0,209,0,5,0,204
05/21/2026 01:15,0,130,0,6,0,124
05/21/2026 01:30,0,143,0,7,0,136
05/21/2026 01:45,0,120,0,4,0,116
05/21/2026 02:00,0,113,0,5,0,108
05/21/2026 02:15,0,128,0,7,0,121
05/21/2026 02:30,0,145,0,4,0,141
05/21/2026 02:45,0,126,0,4,0,122
05/21/2026 03:00,0,112,0,5,0,107
05/21/2026 03:15,0,139,0,6,0,133
05/21/2026 03:30,0,132,0,6,0,126
05/21/2026 03:45,0,144,0,5,0,139
05/21/2026 04:00,0,125,0,4,0,121
05/21/2026 04:15,0,111,0,5,0,106
05/21/2026 04:30,0,128,0,5,0,123
05/21/2026 04:45,0,145,0,2,0,143
05/21/2026 05:00,0,126,0,6,0,120
05/21/2026 05:15,0,109,0,5,0,104
05/21/2026 05:30,0,125,0,5,0,120
05/21/2026 05:45,0,123,0,14,4,113
05/21/2026 06:00,14,138,0,4,0,120
05/21/2026 06:15,37,118,0,5,0,76
05/21/2026 06:30,62,110,0,4,0,44
05/21/2026 06:45,102,136,0,5,0,29
05/21/2026 07:00,136,145,0,141,132,0
05/21/2026 07:15,184,120,0,114,178,0
05/21/2026 07:30,185,111,0,104,178,0
05/21/2026 07:45,283,127,0,120,276,0
05/21/2026 08:00,354,121,0,111,344,0
05/21/2026 08:15,431,141,0,138,428,0
05/21/2026 08:30,713,119,0,109,703,0
05/21/2026 08:45,696,107,0,110,699,0
05/21/2026 09:00,728,126,0,129,731,0
05/21/2026 09:15,761,146,0,142,757,0
05/21/2026 09:30,1083,119,0,122,1086,0
05/21/2026 09:45,800,112,0,111,799,0
05/21/2026 10:00,1085,134,0,137,1088,0
05/21/2026 10:15,1085,120,0,112,1077,0
05/21/2026 10:30,1624,144,659,0,821,0
05/21/2026 10:45,1278,128,944,0,206,0
05/21/2026 11:00,1253,116,931,0,206,0
05/21/2026 11:15,1251,131,1002,0,118,0
05/21/2026 11:30,1379,146,1179,0,54,0
05/21/2026 11:45,1684,131,1509,0,44,0
05/21/2026 12:00,1857,115,1734,0,8,0
05/21/2026 12:15,1467,132,1317,0,18,0
05/21/2026 12:30,1425,127,1272,0,26,0
05/21/2026 12:45,1621,147,1460,0,14,0
05/21/2026 13:00,1495,129,1354,0,12,0
05/21/2026 13:15,1140,127,993,0,20,0
05/21/2026 13:30,1095,127,950,0,18,0
05/21/2026 13:45,959,150,791,0,18,0
05/21/2026 14:00,745,140,602,0,3,0
05/21/2026 14:15,949,198,740,0,11,0
05/21/2026 14:30,1038,154,864,0,20,0
05/21/2026 14:45,1093,149,938,0,6,0
05/21/2026 15:00,954,150,804,0,0,0
05/21/2026 15:15,743,113,620,0,10,0
05/21/2026 15:30,519,115,392,0,12,0
05/21/2026 15:45,528,144,355,0,29,0
05/21/2026 16:00,481,134,494,0,0,147
05/21/2026 16:15,386,116,381,0,0,111
05/21/2026 16:30,516,144,511,0,0,139
05/21/2026 16:45,400,112,397,0,0,109
05/21/2026 17:00,419,137,418,0,0,136
05/21/2026 17:15,394,137,389,0,0,132
05/21/2026 17:30,356,111,353,0,0,108
05/21/2026 17:45,304,113,299,0,0,108
05/21/2026 18:00,251,137,247,0,0,133
05/21/2026 18:15,202,130,197,0,0,125
05/21/2026 18:30,123,137,120,0,0,134
05/21/2026 18:45,88,109,85,0,0,106
05/21/2026 19:00,92,112,85,0,0,105
05/21/2026 19:15,48,136,45,0,0,133
05/21/2026 19:30,26,132,19,0,0,125
05/21/2026 19:45,11,143,6,0,0,138
05/21/2026 20:00,0,121,0,18,11,114
05/21/2026 20:15,0,118,0,6,0,112
05/21/2026 20:30,0,150,0,7,0,143
05/21/2026 20:45,0,135,0,0,0,135
05/21/2026 21:00,0,146,0,1,0,145
05/21/2026 21:15,0,119,0,5,0,114
05/21/2026 21:30,0,121,0,6,0,115
05/21/2026 21:45,0,148,0,6,0,142
05/21/2026 22:00,0,143,0,5,0,138
05/21/2026 22:15,0,118,0,7,0,111
05/21/2026 22:30,0,111,0,4,0,107
05/21/2026 22:45,0,140,0,7,0,133
05/21/2026 23:00,0,123,0,5,0,118
05/21/2026 23:15,0,156,0,1,0,155
05/21/2026 23:30,0,116,0,7,0,109
05/21/2026 23:45,0,121,0,8,0,113
05/22/2026 00:00,0,137,0,5,0,132
05/22/2026 00:15,0,125,0,6,0,119
05/22/2026 00:30,0,143,0,4,0,139
05/22/2026 00:45,0,116,0,4,0,112
05/22/2026 01:00,0,115,0,5,0,110
05/22/2026 01:15,0,132,0,5,0,127
05/22/2026 01:30,0,125,0,3,0,122
05/22/2026 01:45,0,147,0,6,0,141
05/22/2026 02:00,0,120,0,4,0,116
05/22/2026 02:15,0,121,0,6,0,115
05/22/2026 02:30,0,131,0,4,0,127
05/22/2026 02:45,0,124,0,3,0,121
05/22/2026 03:00,0,139,0,5,0,134
05/22/2026 03:15,0,131,0,5,0,126
05/22/2026 03:30,0,113,0,5,0,108
05/22/2026 03:45,0,122,0,6,0,116
05/22/2026 04:00,0,131,0,5,0,126
05/22/2026 04:15,0,132,0,6,0,126
05/22/2026 04:30,0,140,0,4,0,136
05/22/2026 04:45,0,114,0,6,0,108
05/22/2026 05:00,0,110,0,14,4,100
05/22/2026 05:15,3,135,0,6,0,126
05/22/2026 05:30,34,119,0,4,0,81
05/22/2026 05:45,86,149,0,2,0,61
05/22/2026 06:00,143,117,0,3,31,2
05/22/2026 06:15,194,114,0,4,85,1
05/22/2026 06:30,306,126,0,6,186,0
05/22/2026 06:45,366,122,0,6,250,0
05/22/2026 07:00,493,130,0,133,496,0
05/22/2026 07:15,710,134,0,136,712,0
05/22/2026 07:30,752,107,0,112,757,0
05/22/2026 07:45,724,116,0,114,722,0
05/22/2026 08:00,884,133,0,131,882,0
05/22/2026 08:15,1122,119,0,116,1119,0
05/22/2026 08:30,1105,140,0,138,1103,0
05/22/2026 08:45,1103,136,0,136,1103,0
05/22/2026 09:00,1273,113,815,0,345,0
05/22/2026 09:15,1163,133,823,0,207,0
05/22/2026 09:30,1214,127,893,0,194,0
05/22/2026 09:45,1336,135,1085,0,116,0
05/22/2026 10:00,1477,136,1254,0,87,0
05/22/2026 10:15,1480,119,1316,0,45,0
05/22/2026 10:30,1615,114,1496,0,5,0
05/22/2026 10:45,1592,139,1426,0,27,0
05/22/2026 11:00,1620,120,1486,0,14,0
05/22/2026 11:15,1718,147,1553,0,18,0
05/22/2026 11:30,1659,124,1532,0,3,0
05/22/2026 11:45,1503,125,1355,0,23,0
05/22/2026 12:00,1628,125,1489,0,14,0
05/22/2026 12:15,1654,129,1515,0,10,0
05/22/2026 12:30,1590,136,1434,0,20,0
05/22/2026 12:45,1492,137,1331,0,24,0
05/22/2026 13:00,1516,114,1398,0,4,0
05/22/2026 13:15,1464,115,1343,0,6,0
05/22/2026 13:30,1567,140,1407,0,20,0
05/22/2026 13:45,1565,123,1428,0,14,0
05/22/2026 14:00,1506,146,1353,0,7,0
05/22/2026 14:15,1454,125,1313,0,16,0
05/22/2026 14:30,1358,115,1225,0,18,0
05/22/2026 14:45,1178,135,1040,0,3,0
05/22/2026 15:00,1028,134,892,0,2,0
05/22/2026 15:15,912,138,756,0,18,0
05/22/2026 15:30,868,133,735,0,0,0
05/22/2026 15:45,872,117,724,0,31,0
05/22/2026 16:00,811,119,825,0,0,133
05/22/2026 16:15,752,137,749,0,0,134
05/22/2026 16:30,638,127,633,0,0,122
05/22/2026 16:45,589,145,586,0,0,142
05/22/2026 17:00,522,111,518,0,0,107
05/22/2026 17:15,466,114,462,0,0,110
05/22/2026 17:30,387,132,381,0,0,126
05/22/2026 17:45,333,117,330,0,0,114
05/22/2026 18:00,272,150,266,0,0,144
05/22/2026 18:15,214,124,210,0,0,120
05/22/2026 18:30,164,113,159,0,0,108
05/22/2026 18:45,123,119,117,0,0,113
05/22/2026 19:00,92,126,88,0,0,122
05/22/2026 19:15,59,127,53,0,0,121
05/22/2026 19:30,30,140,25,0,0,135
05/22/2026 19:45,7,116,3,0,0,112
05/22/2026 20:00,0,116,0,23,11,104
05/22/2026 20:15,0,140,0,6,0,134
05/22/2026 20:30,0,120,0,6,0,114
05/22/2026 20:45,0,152,0,0,0,152
05/22/2026 21:00,0,143,0,6,0,137
05/22/2026 21:15,0,119,0,1,0,118
05/22/2026 21:30,0,126,0,7,0,119
05/22/2026 21:45,0,134,0,5,0,129
05/22/2026 22:00,0,134,0,5,0,129
05/22/2026 22:15,0,144,0,6,0,138
05/22/2026 22:30,0,113,0,6,0,107
05/22/2026 22:45,0,113,0,5,0,108
05/22/2026 23:00,0,134,0,4,0,130
05/22/2026 23:15,0,119,0,5,0,114
05/22/2026 23:30,0,139,0,5,0,134
05/22/2026 23:45,0,126,0,5,0,121
05/23/2026 00:00,0,125,0,5,0,120
05/23/2026 00:15,0,120,0,6,0,114
05/23/2026 00:30,0,130,0,6,0,124
05/23/2026 00:45,0,123,0,6,0,117
05/23/2026 01:00,0,144,0,5,0,139
05/23/2026 01:15,0,114,0,4,0,110
05/23/2026 01:30,0,114,0,7,0,107
05/23/2026 01:45,0,133,0,6,0,127
05/23/2026 02:00,0,120,0,6,0,114
05/23/2026 02:15,0,130,0,8,0,122
05/23/2026 02:30,0,140,0,4,0,136
05/23/2026 02:45,0,114,0,6,0,108
05/23/2026 03:00,0,113,0,7,0,106
05/23/2026 03:15,0,144,0,7,0,137
05/23/2026 03:30,0,117,0,5,0,112
05/23/2026 03:45,0,131,0,4,0,127
05/23/2026 04:00,0,138,0,4,0,134
05/23/2026 04:15,0,116,0,3,0,113
05/23/2026 04:30,0,114,0,6,0,108
05/23/2026 04:45,0,134,0,4,0,130
05/23/2026 05:00,0,114,0,11,4,107
05/23/2026 05:15,0,124,0,9,0,115
05/23/2026 05:30,25,139,0,1,0,113
05/23/2026 05:45,64,110,0,4,0,42
05/23/2026 06:00,68,111,0,4,0,39
05/23/2026 06:15,76,136,0,5,0,55
05/23/2026 06:30,108,123,0,3,3,15
05/23/2026 06:45,171,114,0,2,61,2
05/23/2026 07:00,234,143,0,137,228,0
05/23/2026 07:15,311,121,0,112,302,0
05/23/2026 07:30,370,116,0,107,361,0
05/23/2026 07:45,421,115,0,106,412,0
05/23/2026 08:00,461,134,0,135,462,0
05/23/2026 08:15,456,112,0,109,453,0
05/23/2026 08:30,529,133,0,131,527,0
05/23/2026 08:45,589,133,0,127,583,0
05/23/2026 09:00,623,114,0,114,623,0
05/23/2026 09:15,564,116,0,127,575,0
05/23/2026 09:30,505,144,0,146,507,0
05/23/2026 09:45,635,109,0,94,620,0
05/23/2026 10:00,919,116,0,105,908,0
05/23/2026 10:15,1066,140,0,139,1065,0
05/23/2026 10:30,977,126,472,0,379,0
05/23/2026 10:45,967,120,642,0,205,0
05/23/2026 11:00,980,122,700,0,158,0
05/23/2026 11:15,1057,130,880,0,47,0
05/23/2026 11:30,1086,115,944,0,27,0
05/23/2026 11:45,923,135,774,0,14,0
05/23/2026 12:00,929,140,753,0,36,0
05/23/2026 12:15,994,111,869,0,14,0
05/23/2026 12:30,1153,121,1028,0,4,0
05/23/2026 12:45,1031,142,877,0,12,0
05/23/2026 13:00,973,116,833,0,24,0
05/23/2026 13:15,923,122,799,0,2,0
05/23/2026 13:30,973,147,794,0,32,0
05/23/2026 13:45,947,113,770,0,64,0
05/23/2026 14:00,718,112,606,0,0,0
05/23/2026 14:15,709,126,573,0,10,0
05/23/2026 14:30,784,123,660,0,1,0
05/23/2026 14:45,733,113,592,0,28,0
05/23/2026 15:00,727,144,583,0,0,0
05/23/2026 15:15,681,120,551,0,10,0
05/23/2026 15:30,593,114,459,0,20,0
05/23/2026 15:45,528,125,385,0,18,0
05/23/2026 16:00,484,130,470,0,2,118
05/23/2026 16:15,517,111,513,0,0,107
05/23/2026 16:30,579,139,576,0,0,136
05/23/2026 16:45,482,130,478,0,0,126
05/23/2026 17:00,337,111,334,0,0,108
05/23/2026 17:15,238,110,234,0,0,106
05/23/2026 17:30,210,135,205,0,0,130
05/23/2026 17:45,182,110,178,0,0,106
05/23/2026 18:00,154,130,149,0,0,125
05/23/2026 18:15,127,132,123,0,0,128
05/23/2026 18:30,104,110,99,0,0,105
05/23/2026 18:45,85,110,80,0,0,105
05/23/2026 19:00,58,147,53,0,0,142
05/23/2026 19:15,42,110,40,0,0,108
05/23/2026 19:30,20,127,15,0,0,122
05/23/2026 19:45,1,144,0,4,0,139
05/23/2026 20:00,0,118,0,16,10,112
05/23/2026 20:15,0,115,0,5,0,110
05/23/2026 20:30,0,131,0,3,0,128
05/23/2026 20:45,0,127,0,7,0,120
05/23/2026 21:00,0,121,0,5,0,116
05/23/2026 21:15,0,147,0,9,0,138
05/23/2026 21:30,0,129,0,4,0,125
05/23/2026 21:45,0,122,0,4,0,118
05/23/2026 22:00,0,118,0,6,0,112
05/23/2026 22:15,0,147,0,6,0,141
05/23/2026 22:30,0,116,0,6,0,110
05/23/2026 22:45,0,130,0,7,0,123
05/23/2026 23:00,0,143,0,5,0,138
05/23/2026 23:15,0,111,0,5,0,106
05/23/2026 23:30,0,113,0,5,0,108
05/23/2026 23:45,0,132,0,7,0,125
05/24/2026 00:00,0,120,0,4,0,116
05/24/2026 00:15,0,118,0,5,0,113
05/24/2026 00:30,0,146,0,4,0,142
05/24/2026 00:45,0,122,0,4,0,118
05/24/2026 01:00,0,115,0,6,0,109
05/24/2026 01:15,0,121,0,6,0,115
05/24/2026 01:30,0,138,0,4,0,134
05/24/2026 01:45,0,113,0,5,0,108
05/24/2026 02:00,0,132,0,5,0,127
05/24/2026 02:15,0,142,0,6,0,136
05/24/2026 02:30,0,114,0,5,0,109
05/24/2026 02:45,0,115,0,5,0,110
05/24/2026 03:00,0,135,0,5,0,130
05/24/2026 03:15,0,119,0,5,0,114
05/24/2026 03:30,0,116,0,6,0,110
05/24/2026 03:45,0,141,0,7,0,134
05/24/2026 04:00,0,133,0,5,0,128
05/24/2026 04:15,0,114,0,6,0,108
05/24/2026 04:30,0,124,0,6,0,118
05/24/2026 04:45,0,137,0,5,0,132
05/24/2026 05:00,0,115,0,6,0,109
05/24/2026 05:15,0,116,0,9,2,109
05/24/2026 05:30,0,147,0,7,0,140
05/24/2026 05:45,6,117,0,1,0,110
05/24/2026 06:00,28,113,0,7,0,78
05/24/2026 06:15,35,114,0,3,0,76
05/24/2026 06:30,56,131,0,5,0,70
05/24/2026 06:45,64,112,0,5,0,43
05/24/2026 07:00,83,114,0,115,84,0
05/24/2026 07:15,98,142,0,135,91,0
05/24/2026 07:30,151,131,0,124,144,0
05/24/2026 07:45,172,111,0,106,167,0
05/24/2026 08:00,223,121,0,113,215,0
05/24/2026 08:15,272,130,0,125,267,0
05/24/2026 08:30,305,116,0,116,305,0
05/24/2026 08:45,286,113,0,112,285,0
05/24/2026 09:00,320,147,0,144,317,0
05/24/2026 09:15,322,123,0,125,324,0
05/24/2026 09:30,386,112,0,101,375,0
05/24/2026 09:45,380,113,0,122,389,0
05/24/2026 10:00,373,133,0,125,365,0
05/24/2026 10:15,375,113,0,118,380,0
05/24/2026 10:30,343,116,0,115,342,0
05/24/2026 10:45,341,149,0,152,344,0
05/24/2026 11:00,363,125,0,121,359,0
05/24/2026 11:15,442,111,0,113,444,0
05/24/2026 11:30,414,110,0,114,418,0
05/24/2026 11:45,555,133,0,134,556,0
05/24/2026 12:00,526,110,0,105,521,0
05/24/2026 12:15,566,109,0,114,571,0
05/24/2026 12:30,405,136,0,137,406,0
05/24/2026 12:45,483,129,0,124,478,0
05/24/2026 13:00,398,114,0,117,401,0
05/24/2026 13:15,390,112,139,0,139,0
05/24/2026 13:30,363,137,212,0,14,0
05/24/2026 13:45,317,121,196,0,0,0
05/24/2026 14:00,323,119,128,0,76,0
05/24/2026 14:15,311,126,181,0,4,0
05/24/2026 14:30,322,137,175,0,10,0
05/24/2026 14:45,280,113,149,0,18,0
05/24/2026 15:00,314,112,182,0,20,0
05/24/2026 15:15,249,128,113,0,8,0
05/24/2026 15:30,158,118,38,0,2,0
05/24/2026 15:45,195,111,28,0,56,0
05/24/2026 16:00,134,128,146,0,0,140
05/24/2026 16:15,171,141,166,0,0,136
05/24/2026 16:30,156,116,154,0,0,114
05/24/2026 16:45,148,112,144,0,0,108
05/24/2026 17:00,121,127,116,0,0,122
05/24/2026 17:15,118,128,114,0,0,124
05/24/2026 17:30,121,113,117,0,0,109
05/24/2026 17:45,94,112,89,0,0,107
05/24/2026 18:00,104,141,99,0,0,136
05/24/2026 18:15,138,128,134,0,0,124
05/24/2026 18:30,58,112,53,0,0,107
05/24/2026 18:45,21,111,17,0,0,107
05/24/2026 19:00,19,133,13,0,0,127
05/24/2026 19:15,11,111,6,0,0,106
05/24/2026 19:30,4,114,0,0,0,110
05/24/2026 19:45,0,132,0,6,0,126
05/24/2026 20:00,0,157,0,16,10,151
05/24/2026 20:15,0,128,0,3,0,125
05/24/2026 20:30,0,118,0,2,0,116
05/24/2026 20:45,0,132,0,8,0,124
05/24/2026 21:00,0,131,0,3,0,128
05/24/2026 21:15,0,120,0,5,0,115
05/24/2026 21:30,0,124,0,5,0,119
05/24/2026 21:45,0,146,0,5,0,141
05/24/2026 22:00,0,130,0,3,0,127
05/24/2026 22:15,0,130,0,5,0,125
05/24/2026 22:30,0,114,0,5,0,109
05/24/2026 22:45,0,113,0,3,0,110
05/24/2026 23:00,0,129,0,5,0,124
05/24/2026 23:15,0,132,0,4,0,128
05/24/2026 23:30,0,115,0,6,0,109
05/24/2026 23:45,0,141,0,4,0,137
05/25/2026 00:00,0,129,0,3,0,126
05/25/2026 00:15,0,111,0,3,0,108
05/25/2026 00:30,0,115,0,6,0,109
05/25/2026 00:45,0,136,0,4,0,132
05/25/2026 01:00,0,112,0,5,0,107
05/25/2026 01:15,0,113,0,6,0,107
05/25/2026 01:30,0,131,0,5,0,126
05/25/2026 01:45,0,135,0,6,0,129
05/25/2026 02:00,0,134,0,5,0,129
05/25/2026 02:15,0,118,0,5,0,113
05/25/2026 02:30,0,127,0,5,0,122
05/25/2026 02:45,0,116,0,6,0,110
05/25/2026 03:00,0,135,0,5,0,130
05/25/2026 03:15,0,117,0,7,0,110
05/25/2026 03:30,0,121,0,4,0,117
05/25/2026 03:45,0,143,0,4,0,139
05/25/2026 04:00,0,115,0,6,0,109
05/25/2026 04:15,0,113,0,5,0,108
05/25/2026 04:30,0,118,0,7,0,111
05/25/2026 04:45,0,139,0,6,0,133
05/25/2026 05:00,0,197,0,4,0,193
05/25/2026 05:15,0,145,0,5,0,140
05/25/2026 05:30,0,150,0,12,4,142
05/25/2026 05:45,2,120,0,3,0,115
05/25/2026 06:00,16,111,0,2,0,93
05/25/2026 06:15,22,121,0,6,0,93
05/25/2026 06:30,43,120,0,3,0,74
05/25/2026 06:45,56,111,0,5,0,50
05/25/2026 07:00,75,116,0,114,74,1
05/25/2026 07:15,78,138,0,134,74,0
05/25/2026 07:30,126,117,0,112,121,0
05/25/2026 07:45,136,133,0,128,131,0
05/25/2026 08:00,251,111,0,107,247,0
05/25/2026 08:15,297,116,0,115,296,0
05/25/2026 08:30,254,124,0,127,257,0
05/25/2026 08:45,282,134,0,131,279,0
05/25/2026 09:00,280,110,0,119,289,0
05/25/2026 09:15,159,129,0,130,160,0
05/25/2026 09:30,210,139,0,139,210,0
05/25/2026 09:45,212,115,0,111,208,0
05/25/2026 10:00,237,110,0,113,240,0
05/25/2026 10:15,328,124,0,123,327,0
05/25/2026 10:30,379,122,0,119,376,0
05/25/2026 10:45,652,111,0,111,652,0
05/25/2026 11:00,602,110,0,102,594,0
05/25/2026 11:15,894,134,0,138,898,0
05/25/2026 11:30,857,120,0,119,856,0
05/25/2026 11:45,714,139,0,142,717,0
05/25/2026 12:00,701,118,0,114,697,0
05/25/2026 12:15,973,111,0,91,953,0
05/25/2026 12:30,1513,125,1138,0,250,0
05/25/2026 12:45,1178,132,984,0,62,0
05/25/2026 13:00,1363,123,1214,0,26,0
05/25/2026 13:15,1130,121,995,0,14,0
05/25/2026 13:30,1091,130,899,0,62,0
05/25/2026 13:45,631,138,482,0,11,0
05/25/2026 14:00,643,125,514,0,4,0
05/25/2026 14:15,873,117,728,0,28,0
05/25/2026 14:30,1231,117,1096,0,18,0
05/25/2026 14:45,1120,143,973,0,4,0
05/25/2026 15:00,1450,125,1315,0,10,0
05/25/2026 15:15,1241,121,1118,0,2,0
05/25/2026 15:30,1217,128,1087,0,2,0
05/25/2026 15:45,1170,146,964,0,60,0
05/25/2026 16:00,910,116,925,0,2,133
05/25/2026 16:15,832,117,828,0,0,113
05/25/2026 16:30,908,121,906,0,0,119
05/25/2026 16:45,822,135,818,0,0,131
05/25/2026 17:00,754,110,751,0,0,107
05/25/2026 17:15,320,115,315,0,0,110
05/25/2026 17:30,524,140,518,0,0,134
05/25/2026 17:45,459,133,456,0,0,130
05/25/2026 18:00,298,115,293,0,0,110
05/25/2026 18:15,190,117,186,0,0,113
05/25/2026 18:30,117,134,112,0,0,129
05/25/2026 18:45,100,111,96,0,0,107
05/25/2026 19:00,57,110,52,0,0,105
05/25/2026 19:15,69,125,63,0,0,119
05/25/2026 19:30,51,144,45,0,0,138
05/25/2026 19:45,18,118,15,0,0,115
05/25/2026 20:00,2,118,0,19,10,107
05/25/2026 20:15,0,128,0,5,0,123
05/25/2026 20:30,0,127,0,4,0,123
05/25/2026 20:45,0,120,0,0,0,120
05/25/2026 21:00,0,126,0,8,0,118
05/25/2026 21:15,0,158,0,5,0,153
05/25/2026 21:30,0,127,0,5,0,122
05/25/2026 21:45,0,118,0,5,0,113
05/25/2026 22:00,0,129,0,6,0,123
05/25/2026 22:15,0,145,0,5,0,140
05/25/2026 22:30,0,127,0,6,0,121
05/25/2026 22:45,0,112,0,5,0,107
05/25/2026 23:00,0,139,0,4,0,135
05/25/2026 23:15,0,130,0,4,0,126
05/25/2026 23:30,0,113,0,6,0,107
05/25/2026 23:45,0,113,0,5,0,108
05/26/2026 00:00,0,137,0,5,0,132
05/26/2026 00:15,0,121,0,6,0,115
05/26/2026 00:30,0,115,0,5,0,110
05/26/2026 00:45,0,136,0,6,0,130
05/26/2026 01:00,0,131,0,5,0,126
05/26/2026 01:15,0,111,0,4,0,107
05/26/2026 01:30,0,111,0,5,0,106
05/26/2026 01:45,0,137,0,5,0,132
05/26/2026 02:00,0,114,0,5,0,109
05/26/2026 02:15,0,113,0,6,0,107
05/26/2026 02:30,0,135,0,6,0,129
05/26/2026 02:45,0,132,0,4,0,128
05/26/2026 03:00,0,116,0,6,0,110
05/26/2026 03:15,0,125,0,5,0,120
05/26/2026 03:30,0,134,0,5,0,129
05/26/2026 03:45,0,113,0,5,0,108
05/26/2026 04:00,0,112,0,4,0,108
05/26/2026 04:15,0,135,0,8,0,127
05/26/2026 04:30,0,138,0,4,0,134
05/26/2026 04:45,0,113,0,5,0,108
05/26/2026 05:00,0,111,0,14,3,100
05/26/2026 05:15,0,131,0,9,0,122
05/26/2026 05:30,24,113,0,1,0,88
05/26/2026 05:45,73,110,0,2,1,36
05/26/2026 06:00,193,126,0,3,72,2
05/26/2026 06:15,319,145,0,9,183,0
05/26/2026 06:30,360,124,0,6,242,0
05/26/2026 06:45,531,114,0,2,419,0
05/26/2026 07:00,405,122,0,127,410,0
05/26/2026 07:15,557,130,0,122,549,0
05/26/2026 07:30,768,114,0,118,772,0
05/26/2026 07:45,649,111,0,110,648,0
05/26/2026 08:00,1087,140,0,138,1085,0
05/26/2026 08:15,908,127,0,126,907,0
05/26/2026 08:30,1104,111,0,109,1102,0
05/26/2026 08:45,1260,113,0,70,1217,0
05/26/2026 09:00,1305,135,893,0,277,0
05/26/2026 09:15,1347,117,1030,0,200,0
05/26/2026 09:30,1401,126,1196,0,79,0
05/26/2026 09:45,1451,148,1283,0,20,0
05/26/2026 10:00,1491,133,1298,0,60,0
05/26/2026 10:15,1560,119,1433,0,8,0
05/26/2026 10:30,1594,114,1454,0,26,0
05/26/2026 10:45,1641,136,1465,0,40,0
05/26/2026 11:00,1676,117,1547,0,12,0
05/26/2026 11:15,1712,121,1579,0,12,0
05/26/2026 11:30,1736,148,1569,0,19,0
05/26/2026 11:45,1766,119,1632,0,15,0
05/26/2026 12:00,1773,120,1636,0,17,0
05/26/2026 12:15,1788,123,1653,0,12,0
05/26/2026 12:30,1749,140,1588,0,21,0
05/26/2026 12:45,1759,115,1633,0,11,0
05/26/2026 13:00,1766,143,1613,0,10,0
05/26/2026 13:15,1762,129,1609,0,24,0
05/26/2026 13:30,1736,119,1603,0,14,0
05/26/2026 13:45,1699,135,1551,0,13,0
05/26/2026 14:00,1619,148,1446,0,25,0
05/26/2026 14:15,1591,155,1421,0,15,0
05/26/2026 14:30,1347,170,1167,0,10,0
05/26/2026 14:45,1164,1005,153,0,6,0
05/26/2026 15:00,1247,1078,159,0,10,0
05/26/2026 15:15,1083,1079,2,0,2,0
05/26/2026 15:30,1082,1086,0,4,0,0
05/26/2026 15:45,1152,1005,89,0,58,0
05/26/2026 16:00,931,157,944,0,0,170
05/26/2026 16:15,959,184,956,0,0,181
05/26/2026 16:30,747,511,737,0,0,501
05/26/2026 16:45,820,608,814,0,0,602
05/26/2026 17:00,648,392,640,0,0,384
05/26/2026 17:15,603,576,593,0,0,566
05/26/2026 17:30,541,349,542,0,0,350
05/26/2026 17:45,475,198,469,0,0,192
05/26/2026 18:00,323,195,321,0,0,193
05/26/2026 18:15,187,157,183,0,0,153
05/26/2026 18:30,152,438,136,0,0,422
05/26/2026 18:45,145,608,143,0,0,606
05/26/2026 19:00,117,352,118,0,0,353
05/26/2026 19:15,90,421,79,0,0,410
05/26/2026 19:30,49,182,49,0,0,182
05/26/2026 19:45,20,145,16,0,0,141
05/26/2026 20:00,0,290,0,22,14,282
05/26/2026 20:15,0,267,0,2,0,265
05/26/2026 20:30,0,153,0,5,0,148
05/26/2026 20:45,0,262,0,10,0,252
05/26/2026 21:00,0,521,0,1,0,520
05/26/2026 21:15,0,1220,0,8,0,1212
05/26/2026 21:30,0,1931,0,4,0,1927
05/26/2026 21:45,0,769,4,0,0,773
05/26/2026 22:00,0,832,0,7,0,825
05/26/2026 22:15,0,466,0,2,0,464
05/26/2026 22:30,0,289,0,6,0,283
05/26/2026 22:45,0,248,0,9,0,239
05/26/2026 23:00,0,380,0,336,268,312
05/26/2026 23:15,0,165,0,3,0,162
05/26/2026 23:30,0,153,0,41,38,150
05/26/2026 23:45,0,118,0,124,6,0
05/27/2026 00:00,0,314,0,320,6,0
05/27/2026 00:15,0,233,0,241,8,0
05/27/2026 00:30,0,131,0,137,6,0
05/27/2026 00:45,0,117,0,125,8,0
05/27/2026 01:00,0,250,0,256,6,0
05/27/2026 01:15,0,242,0,250,8,0
05/27/2026 01:30,0,184,0,192,8,0
05/27/2026 01:45,0,298,0,304,6,0
05/27/2026 02:00,0,307,0,315,8,0
05/27/2026 02:15,0,116,0,124,8,0
05/27/2026 02:30,0,123,0,129,6,0
05/27/2026 02:45,0,145,0,153,8,0
05/27/2026 03:00,0,144,0,150,6,0
05/27/2026 03:15,0,125,0,147,22,0
05/27/2026 03:30,0,122,0,233,111,0
05/27/2026 03:45,0,151,0,158,7,0
05/27/2026 04:00,0,146,0,154,8,0
05/27/2026 04:15,0,220,0,227,7,0
05/27/2026 04:30,0,125,0,133,8,0
05/27/2026 04:45,0,167,0,174,7,0
05/27/2026 05:00,0,291,0,299,8,0
05/27/2026 05:15,0,190,0,317,127,0
05/27/2026 05:30,16,152,0,144,8,0
05/27/2026 05:45,75,343,0,276,8,0
05/27/2026 06:00,131,333,0,210,8,0
05/27/2026 06:15,204,161,0,13,56,0
05/27/2026 06:30,266,132,7,0,157,30
05/27/2026 06:45,368,165,0,4,207,0
05/27/2026 07:00,346,311,0,309,344,0
05/27/2026 07:15,405,271,0,261,395,0
05/27/2026 07:30,602,254,0,245,593,0
05/27/2026 07:45,705,208,0,209,706,0
05/27/2026 08:00,871,221,0,218,868,0
05/27/2026 08:15,871,268,0,267,870,0
05/27/2026 08:30,935,223,0,222,934,0
05/27/2026 08:45,985,158,0,162,989,0
05/27/2026 09:00,813,131,0,131,813,0
05/27/2026 09:15,1059,115,0,107,1051,0
05/27/2026 09:30,1378,147,0,144,1375,0
05/27/2026 09:45,1340,144,0,140,1336,0
05/27/2026 10:00,1502,119,0,111,1494,0
05/27/2026 10:15,1315,128,0,134,1321,0
05/27/2026 10:30,1544,863,0,383,1064,0
05/27/2026 10:45,1327,1278,0,59,108,0
05/27/2026 11:00,1186,1148,0,98,136,0
05/27/2026 11:15,1590,1235,349,0,6,0
05/27/2026 11:30,1569,1028,532,0,9,0
05/27/2026 11:45,1745,1790,0,136,91,0
05/27/2026 12:00,1806,2277,0,473,2,0
05/27/2026 12:15,1731,1352,379,0,0,0
05/27/2026 12:30,1261,1770,0,519,10,0
05/27/2026 12:45,1311,1687,0,418,42,0
05/27/2026 13:00,1156,1269,0,129,16,0
05/27/2026 13:15,1191,1247,0,71,15,0
05/27/2026 13:30,1468,1184,264,0,20,0
05/27/2026 13:45,1537,1135,388,0,14,0
05/27/2026 14:00,1323,1036,273,0,14,0
05/27/2026 14:15,1234,1034,178,0,22,0
05/27/2026 14:30,1138,1033,91,0,14,0
05/27/2026 14:45,1120,1023,89,0,8,0
05/27/2026 15:00,888,1014,0,138,12,0
05/27/2026 15:15,761,1027,0,270,4,0
05/27/2026 15:30,718,1105,0,390,3,0
05/27/2026 15:45,1245,1447,0,249,47,0
05/27/2026 16:00,1151,610,1134,0,2,595
05/27/2026 16:15,640,561,638,0,0,559
05/27/2026 16:30,913,533,908,0,0,528
05/27/2026 16:45,563,514,558,0,0,509
05/27/2026 17:00,742,510,739,0,0,507
05/27/2026 17:15,566,199,567,0,0,200
05/27/2026 17:30,707,255,698,0,0,246
05/27/2026 17:45,496,471,490,0,0,465
05/27/2026 18:00,288,673,278,0,0,663
05/27/2026 18:15,147,587,148,0,0,588
05/27/2026 18:30,102,646,96,0,0,640
05/27/2026 18:45,79,467,78,0,0,466
05/27/2026 19:00,64,313,60,0,0,309
05/27/2026 19:15,40,357,33,0,0,350
05/27/2026 19:30,27,417,25,0,0,415
05/27/2026 19:45,16,304,13,0,0,301
05/27/2026 20:00,0,305,0,18,10,297
05/27/2026 20:15,0,374,0,7,0,367
05/27/2026 20:30,0,643,0,3,0,640
05/27/2026 20:45,0,403,0,0,0,403
05/27/2026 21:00,0,617,0,3,0,614
05/27/2026 21:15,0,486,0,1,0,485
05/27/2026 21:30,0,874,0,10,0,864
05/27/2026 21:45,0,738,0,2,0,736
05/27/2026 22:00,0,575,0,8,0,567
05/27/2026 22:15,0,584,0,5,0,579
05/27/2026 22:30,0,344,0,208,19,155
05/27/2026 22:45,0,293,0,301,8,0
05/27/2026 23:00,0,293,0,299,6,0
05/27/2026 23:15,0,293,0,299,6,0
05/27/2026 23:30,0,214,0,220,6,0
05/27/2026 23:45,0,136,0,144,8,0
05/28/2026 00:00,0,359,0,367,8,0
05/28/2026 00:15,0,168,0,174,6,0
05/28/2026 00:30,0,251,0,259,8,0
05/28/2026 00:45,0,361,0,369,8,0
05/28/2026 01:00,0,184,0,190,6,0
05/28/2026 01:15,0,153,0,161,8,0
05/28/2026 01:30,0,323,0,331,8,0
05/28/2026 01:45,0,310,0,316,6,0
05/28/2026 02:00,0,160,0,168,8,0
05/28/2026 02:15,0,147,0,153,6,0
05/28/2026 02:30,0,283,0,291,8,0
05/28/2026 02:45,0,243,0,369,126,0
05/28/2026 03:00,0,225,0,232,7,0
05/28/2026 03:15,0,148,0,155,7,0
05/28/2026 03:30,0,121,0,129,8,0
05/28/2026 03:45,0,208,0,215,7,0
05/28/2026 04:00,0,192,0,199,7,0
05/28/2026 04:15,0,151,0,159,8,0
05/28/2026 04:30,0,135,0,142,7,0
05/28/2026 04:45,0,168,0,298,130,0
05/28/2026 05:00,0,251,0,259,8,0
05/28/2026 05:15,0,332,0,338,6,0
05/28/2026 05:30,20,186,0,174,8,0
05/28/2026 05:45,149,195,0,54,8,0
05/28/2026 06:00,325,168,0,4,161,0
05/28/2026 06:15,417,157,19,0,273,32
05/28/2026 06:30,497,376,0,1,138,16
05/28/2026 06:45,581,346,0,2,245,8
05/28/2026 07:00,727,386,0,355,696,0
05/28/2026 07:15,841,334,0,326,833,0
05/28/2026 07:30,918,201,0,193,910,0
05/28/2026 07:45,993,298,0,289,984,0
05/28/2026 08:00,1070,326,0,318,1062,0
05/28/2026 08:15,1135,166,0,158,1127,0
05/28/2026 08:30,1200,170,0,164,1194,0
05/28/2026 08:45,1261,380,0,372,1253,0
05/28/2026 09:00,1315,200,0,197,1312,0
05/28/2026 09:15,1335,210,0,205,1330,0
05/28/2026 09:30,1290,204,0,201,1287,0
05/28/2026 09:45,1074,263,0,264,1075,0
05/28/2026 10:00,1127,439,0,40,728,0
05/28/2026 10:15,1618,182,1300,0,136,0
05/28/2026 10:30,1126,677,402,0,47,0
05/28/2026 10:45,646,1505,0,866,7,0
05/28/2026 11:00,1157,620,504,0,33,0
05/28/2026 11:15,1656,162,1476,0,18,0
05/28/2026 11:30,1422,152,1264,0,6,0
05/28/2026 11:45,1150,123,1001,0,26,0
05/28/2026 12:00,1406,142,1247,0,17,0
05/28/2026 12:15,1633,157,1466,0,10,0
05/28/2026 12:30,1602,139,1431,0,32,0
05/28/2026 12:45,1017,123,880,0,14,0
05/28/2026 13:00,1317,143,1162,0,12,0
05/28/2026 13:15,1140,274,856,0,10,0
05/28/2026 13:30,855,350,491,0,14,0
05/28/2026 13:45,305,337,0,50,18,0
05/28/2026 14:00,1098,622,470,0,6,0
05/28/2026 14:15,914,688,208,0,18,0
05/28/2026 14:30,1482,711,753,0,18,0
05/28/2026 14:45,332,327,3,0,2,0
05/28/2026 15:00,701,308,383,0,10,0
05/28/2026 15:15,1053,1497,0,450,6,0
05/28/2026 15:30,1161,1247,0,90,4,0
05/28/2026 15:45,1262,242,982,0,38,0
05/28/2026 16:00,771,382,738,0,6,355
05/28/2026 16:15,857,418,857,0,0,418
05/28/2026 16:30,494,319,488,0,0,313
05/28/2026 16:45,890,166,888,0,0,164
05/28/2026 17:00,500,395,497,0,0,392
05/28/2026 17:15,329,240,328,0,0,239
05/28/2026 17:30,677,122,673,0,0,118
05/28/2026 17:45,541,218,532,0,0,209
05/28/2026 18:00,458,260,454,0,0,256
05/28/2026 18:15,346,425,334,0,0,413
05/28/2026 18:30,152,545,145,0,0,538
05/28/2026 18:45,94,439,91,0,0,436
05/28/2026 19:00,56,331,55,0,0,330
05/28/2026 19:15,35,301,29,0,0,295
05/28/2026 19:30,24,245,21,0,0,242
05/28/2026 19:45,13,172,9,0,0,168
05/28/2026 20:00,0,252,0,15,10,247
05/28/2026 20:15,0,154,0,6,0,148
05/28/2026 20:30,0,176,0,5,0,171
05/28/2026 20:45,0,177,0,7,0,170
05/28/2026 21:00,0,313,0,2,0,311
05/28/2026 21:15,0,207,0,6,0,201
05/28/2026 21:30,0,387,0,11,0,376
05/28/2026 21:45,0,370,0,2,0,368
05/28/2026 22:00,0,552,0,4,0,548
05/28/2026 22:15,0,502,0,6,0,496
05/28/2026 22:30,0,538,0,3,0,535
05/28/2026 22:45,0,138,0,5,0,133
05/28/2026 23:00,0,282,0,8,0,274
05/28/2026 23:15,0,194,0,3,0,191
05/28/2026 23:30,0,123,0,6,0,117
05/28/2026 23:45,0,124,0,5,0,119
05/29/2026 00:00,0,229,0,8,0,221
05/29/2026 00:15,0,221,0,2,0,219
05/29/2026 00:30,0,117,0,5,0,112
05/29/2026 00:45,0,114,0,7,0,107
05/29/2026 01:00,0,146,0,6,0,140
05/29/2026 01:15,0,151,0,5,0,146
05/29/2026 01:30,0,118,0,6,0,112
05/29/2026 01:45,0,130,0,8,0,122
05/29/2026 02:00,0,272,0,4,0,268
05/29/2026 02:15,0,217,0,7,0,210
05/29/2026 02:30,0,176,0,5,0,171
05/29/2026 02:45,0,114,0,5,0,109
05/29/2026 03:00,0,143,0,8,0,135
05/29/2026 03:15,0,146,0,7,0,139
05/29/2026 03:30,0,117,0,5,0,112
05/29/2026 03:45,0,116,0,4,0,112
05/29/2026 04:00,0,151,0,6,0,145
05/29/2026 04:15,0,127,0,104,14,37
05/29/2026 04:30,0,227,0,235,8,0
05/29/2026 04:45,0,248,0,255,7,0
05/29/2026 05:00,0,213,0,220,7,0
05/29/2026 05:15,0,130,0,138,8,0
05/29/2026 05:30,35,144,0,115,6,0
05/29/2026 05:45,66,118,0,59,7,0
05/29/2026 06:00,89,132,0,50,7,0
05/29/2026 06:15,245,206,0,39,78,0
05/29/2026 06:30,380,157,33,0,250,60
05/29/2026 06:45,457,128,0,4,333,0
05/29/2026 07:00,748,126,0,121,743,0
05/29/2026 07:15,858,216,0,216,858,0
05/29/2026 07:30,927,155,0,148,920,0
05/29/2026 07:45,935,152,0,150,933,0
05/29/2026 08:00,1086,116,0,106,1076,0
05/29/2026 08:15,1157,143,0,134,1148,0
05/29/2026 08:30,1229,141,0,132,1220,0
05/29/2026 08:45,1290,131,0,93,1258,6
05/29/2026 09:00,1334,224,0,11,1121,0
05/29/2026 09:15,1388,354,4,0,1030,0
05/29/2026 09:30,1444,345,0,6,1105,0
05/29/2026 09:45,1482,260,92,0,1132,2
05/29/2026 10:00,1586,195,1024,0,367,0
05/29/2026 10:15,1512,220,1087,0,205,0
05/29/2026 10:30,1762,203,1401,0,158,0
05/29/2026 10:45,1598,150,1304,0,144,0
05/29/2026 11:00,902,151,635,0,116,0
05/29/2026 11:15,1087,164,844,0,79,0
05/29/2026 11:30,1316,130,1168,0,18,0
05/29/2026 11:45,1247,154,1075,0,18,0
05/29/2026 12:00,1177,175,1001,0,1,0
05/29/2026 12:15,1368,180,1162,0,26,0
05/29/2026 12:30,1426,156,1241,0,29,0
05/29/2026 12:45,975,159,816,0,0,0
05/29/2026 13:00,1332,149,1171,0,12,0
05/29/2026 13:15,1088,141,935,0,12,0
05/29/2026 13:30,1008,114,890,0,4,0
05/29/2026 13:45,965,399,544,0,22,0
05/29/2026 14:00,1155,1051,74,0,30,0
05/29/2026 14:15,620,1053,0,433,0,0
05/29/2026 14:30,475,1047,0,588,16,0
05/29/2026 14:45,258,1814,0,1597,41,0
05/29/2026 15:00,293,1050,0,768,11,0
05/29/2026 15:15,187,202,0,15,0,0
05/29/2026 15:30,180,197,0,25,8,0
05/29/2026 15:45,257,223,11,0,23,0
05/29/2026 16:00,249,197,253,0,0,201
05/29/2026 16:15,478,205,475,0,0,202
05/29/2026 16:30,537,226,533,0,0,222
05/29/2026 16:45,312,221,310,0,0,219
05/29/2026 17:00,301,127,297,0,0,123
05/29/2026 17:15,134,180,121,0,0,167
05/29/2026 17:30,74,231,63,0,0,220
05/29/2026 17:45,90,284,88,0,0,282
05/29/2026 18:00,95,177,91,0,0,173
05/29/2026 18:15,80,176,75,0,0,171
05/29/2026 18:30,35,178,29,0,0,172
05/29/2026 18:45,20,153,16,0,0,149
05/29/2026 19:00,22,165,17,0,0,160
05/29/2026 19:15,35,255,30,0,0,250
05/29/2026 19:30,3,172,0,1,0,168
05/29/2026 19:45,0,170,0,4,0,166
05/29/2026 20:00,0,214,0,19,10,205
05/29/2026 20:15,0,224,1,0,0,225
05/29/2026 20:30,0,204,0,6,0,198
05/29/2026 20:45,0,213,0,4,0,209
05/29/2026 21:00,0,477,0,8,0,469
05/29/2026 21:15,0,555,6,0,0,561
05/29/2026 21:30,0,540,0,10,0,530
05/29/2026 21:45,0,451,0,2,0,449
05/29/2026 22:00,0,269,0,6,0,263
05/29/2026 22:15,0,282,0,7,0,275
05/29/2026 22:30,0,179,0,4,0,175
05/29/2026 22:45,0,155,0,5,0,150
05/29/2026 23:00,0,162,0,5,0,157
05/29/2026 23:15,0,131,0,4,0,127
05/29/2026 23:30,0,119,0,5,0,114
05/29/2026 23:45,0,146,0,5,0,141
05/30/2026 00:00,0,148,0,5,0,143
05/30/2026 00:15,0,114,0,6,0,108
05/30/2026 00:30,0,149,0,8,0,141
05/30/2026 00:45,0,229,0,6,0,223
05/30/2026 01:00,0,132,0,5,0,127
05/30/2026 01:15,0,117,0,4,0,113
05/30/2026 01:30,0,128,0,6,0,122
05/30/2026 01:45,0,155,0,7,0,148
05/30/2026 02:00,0,125,0,5,0,120
05/30/2026 02:15,0,115,17,29,29,132
05/30/2026 02:30,0,136,0,7,0,129
05/30/2026 02:45,0,145,0,5,0,140
05/30/2026 03:00,0,167,0,7,0,160
05/30/2026 03:15,0,179,0,5,0,174
05/30/2026 03:30,0,141,0,5,0,136
05/30/2026 03:45,0,153,0,7,0,146
05/30/2026 04:00,0,238,0,6,0,232
05/30/2026 04:15,0,152,0,5,0,147
05/30/2026 04:30,0,151,0,6,0,145
05/30/2026 04:45,0,147,0,5,0,142
05/30/2026 05:00,0,119,0,5,0,114
05/30/2026 05:15,0,218,0,10,3,211
05/30/2026 05:30,0,135,0,7,0,128
05/30/2026 05:45,40,149,0,3,0,106
05/30/2026 06:00,98,151,0,5,1,49
05/30/2026 06:15,77,113,0,4,0,32
05/30/2026 06:30,143,144,0,6,22,17
05/30/2026 06:45,75,170,0,8,1,88
05/30/2026 07:00,41,221,0,226,51,5
05/30/2026 07:15,93,244,0,233,82,0
05/30/2026 07:30,120,323,0,326,123,0
05/30/2026 07:45,80,498,0,502,84,0
05/30/2026 08:00,41,478,0,483,46,0
05/30/2026 08:15,107,317,0,308,98,0
05/30/2026 08:30,148,184,0,183,147,0
05/30/2026 08:45,193,281,0,283,195,0
05/30/2026 09:00,189,168,0,169,190,0
05/30/2026 09:15,199,176,0,175,198,0
05/30/2026 09:30,247,237,0,236,246,0
05/30/2026 09:45,266,149,0,147,264,0
05/30/2026 10:00,280,159,0,160,281,0
05/30/2026 10:15,310,156,0,157,311,0
05/30/2026 10:30,350,137,0,135,348,0
05/30/2026 10:45,339,160,0,163,342,0
05/30/2026 11:00,352,165,0,168,355,0
05/30/2026 11:15,340,140,0,141,341,0
05/30/2026 11:30,398,137,0,135,396,0
05/30/2026 11:45,316,158,0,160,318,0
05/30/2026 12:00,301,146,0,148,303,0
05/30/2026 12:15,351,167,0,168,352,0
05/30/2026 12:30,406,135,0,133,404,0
05/30/2026 12:45,559,133,0,134,560,0
05/30/2026 13:00,482,165,0,168,485,0
05/30/2026 13:15,399,157,0,161,403,0
05/30/2026 13:30,276,210,0,212,278,0
05/30/2026 13:45,420,233,0,229,416,0
05/30/2026 14:00,521,684,0,685,522,0
05/30/2026 14:15,365,1475,0,1481,371,0
05/30/2026 14:30,364,638,0,636,362,0
05/30/2026 14:45,389,199,0,540,730,0
05/30/2026 15:00,624,151,0,404,877,0
05/30/2026 15:15,327,167,0,590,750,0
05/30/2026 15:30,300,162,0,231,369,0
05/30/2026 15:45,318,140,0,24,202,0
05/30/2026 16:00,319,219,294,0,9,203
05/30/2026 16:15,385,325,379,0,0,319
05/30/2026 16:30,344,332,343,0,0,331
05/30/2026 16:45,351,304,346,0,0,299
05/30/2026 17:00,433,162,433,0,0,162
05/30/2026 17:15,468,209,463,0,0,204
05/30/2026 17:30,327,157,325,0,0,155
05/30/2026 17:45,197,130,191,0,0,124
05/30/2026 18:00,308,183,305,0,0,180
05/30/2026 18:15,266,128,264,0,0,126
05/30/2026 18:30,244,146,241,0,0,143
05/30/2026 18:45,120,130,118,0,0,128
05/30/2026 19:00,79,131,74,0,0,126
05/30/2026 19:15,54,149,49,0,0,144
05/30/2026 19:30,35,321,29,0,0,315
05/30/2026 19:45,15,257,4,0,0,246
05/30/2026 20:00,3,193,0,9,6,187
05/30/2026 20:15,0,182,0,4,0,178
05/30/2026 20:30,0,236,0,4,1,233
05/30/2026 20:45,0,268,0,1,0,267
05/30/2026 21:00,0,540,0,8,0,532
05/30/2026 21:15,0,594,0,4,0,590
05/30/2026 21:30,0,698,0,7,0,691
05/30/2026 21:45,0,316,0,3,0,313
05/30/2026 22:00,0,270,0,5,0,265
05/30/2026 22:15,0,300,0,6,0,294
05/30/2026 22:30,0,246,0,5,0,241
05/30/2026 22:45,0,168,0,8,0,160
05/30/2026 23:00,0,187,0,4,0,183
05/30/2026 23:15,0,168,0,4,0,164
05/30/2026 23:30,0,156,0,4,0,152
05/30/2026 23:45,0,157,0,5,0,152
05/31/2026 00:00,0,133,0,6,0,127
05/31/2026 00:15,0,125,0,5,0,120
05/31/2026 00:30,0,136,0,5,0,131
05/31/2026 00:45,0,128,0,4,0,124
05/31/2026 01:00,0,142,0,6,0,136
05/31/2026 01:15,0,139,0,4,0,135
05/31/2026 01:30,0,119,0,7,0,112
05/31/2026 01:45,0,115,0,7,0,108
05/31/2026 02:00,0,137,0,6,0,131
05/31/2026 02:15,0,119,0,7,0,112
05/31/2026 02:30,0,141,0,9,0,132
05/31/2026 02:45,0,161,0,3,0,158
05/31/2026 03:00,0,119,0,5,0,114
05/31/2026 03:15,0,117,0,5,0,112
05/31/2026 03:30,0,138,0,8,0,130
05/31/2026 03:45,0,122,0,3,0,119
05/31/2026 04:00,0,131,0,7,0,124
05/31/2026 04:15,0,146,0,6,0,140
05/31/2026 04:30,0,131,0,3,0,128
05/31/2026 04:45,0,118,0,7,0,111
05/31/2026 05:00,0,116,0,13,3,106
05/31/2026 05:15,7,133,0,0,0,126
05/31/2026 05:30,44,115,0,3,0,68
05/31/2026 05:45,195,113,2,0,86,6
05/31/2026 06:00,333,142,0,6,197,0
05/31/2026 06:15,328,129,0,5,204,0
05/31/2026 06:30,460,121,0,5,344,0
05/31/2026 06:45,592,111,0,3,484,0
05/31/2026 07:00,664,158,0,165,671,0
05/31/2026 07:15,556,133,0,129,552,0
05/31/2026 07:30,790,165,0,160,785,0
05/31/2026 07:45,1062,240,0,235,1057,0
05/31/2026 08:00,1157,292,0,281,1146,0
05/31/2026 08:15,1214,188,0,186,1212,0
05/31/2026 08:30,1215,157,0,157,1215,0
05/31/2026 08:45,1229,189,0,189,1229,0
05/31/2026 09:00,1312,186,0,186,1312,0
05/31/2026 09:15,1378,147,0,142,1373,0
05/31/2026 09:30,1481,145,209,0,1127,0
05/31/2026 09:45,1510,153,1049,0,308,0
05/31/2026 10:00,1547,163,1177,0,207,0
05/31/2026 10:15,1616,153,1260,0,203,0
05/31/2026 10:30,1650,183,1328,0,139,0
05/31/2026 10:45,1773,488,1183,0,102,0
05/31/2026 11:00,1558,1041,451,0,66,0
05/31/2026 11:15,1445,1040,329,0,76,0
05/31/2026 11:30,1806,1078,677,0,51,0
05/31/2026 11:45,1524,1143,320,0,61,0
05/31/2026 12:00,760,1130,0,432,62,0
05/31/2026 12:15,772,1073,0,317,16,0
05/31/2026 12:30,453,776,0,335,12,0
05/31/2026 12:45,290,146,122,0,22,0
05/31/2026 13:00,830,243,573,0,14,0
05/31/2026 13:15,677,482,193,0,2,0
05/31/2026 13:30,478,499,0,41,20,0
05/31/2026 13:45,790,794,0,12,8,0
05/31/2026 14:00,475,1232,0,771,14,0
05/31/2026 14:15,540,996,0,468,12,0
05/31/2026 14:30,567,536,16,0,15,0
05/31/2026 14:45,507,1537,0,1043,13,0
05/31/2026 15:00,644,1233,0,599,10,0
05/31/2026 15:15,609,295,303,0,11,0
05/31/2026 15:30,535,175,350,0,10,0
05/31/2026 15:45,454,194,245,0,15,0
05/31/2026 16:00,190,215,195,0,0,220
05/31/2026 16:15,78,154,73,0,0,149
05/31/2026 16:30,209,154,207,0,0,152
05/31/2026 16:45,359,120,354,0,0,115
05/31/2026 17:00,380,154,377,0,0,151
05/31/2026 17:15,357,158,353,0,0,154
05/31/2026 17:30,335,125,331,0,0,121
05/31/2026 17:45,285,209,274,0,0,198
05/31/2026 18:00,190,276,191,0,0,277
05/31/2026 18:15,87,135,83,0,0,131
05/31/2026 18:30,32,163,28,0,0,159
05/31/2026 18:45,24,154,19,0,0,149
05/31/2026 19:00,16,158,6,0,0,148
05/31/2026 19:15,1,339,1,0,0,339
05/31/2026 19:30,0,220,0,4,0,216
05/31/2026 19:45,0,192,0,6,0,186
05/31/2026 20:00,0,197,0,18,14,193
05/31/2026 20:15,0,457,0,4,0,453
05/31/2026 20:30,0,421,0,6,0,415
05/31/2026 20:45,0,306,0,5,0,301
05/31/2026 21:00,0,290,0,7,0,283
05/31/2026 21:15,0,415,0,4,0,411
05/31/2026 21:30,0,503,0,5,0,498
05/31/2026 21:45,0,500,0,8,0,492
05/31/2026 22:00,0,414,1,0,0,415
05/31/2026 22:15,0,169,0,4,0,165
05/31/2026 22:30,0,166,0,7,0,159
05/31/2026 22:45,0,200,0,8,0,192
05/31/2026 23:00,0,251,0,5,0,246
05/31/2026 23:15,0,154,0,4,0,150
05/31/2026 23:30,0,122,0,4,0,118
05/31/2026 23:45,0,124,0,7,0,117
