Date/Time,Energy Produced (Wh),Energy Consumed (Wh),Exported to Grid (Wh),Imported from Grid (Wh),Stored in batteries (Wh),Discharged from batteries (Wh)
07/01/2026 00:00,0,366,0,372,6,0
07/01/2026 00:15,0,264,0,270,6,0
07/01/2026 00:30,0,170,0,176,6,0
07/01/2026 00:45,0,309,0,317,8,0
07/01/2026 01:00,0,189,0,195,6,0
07/01/2026 01:15,0,226,0,232,6,0
07/01/2026 01:30,0,389,0,395,6,0
07/01/2026 01:45,0,469,0,475,6,0
07/01/2026 02:00,0,257,0,263,6,0
07/01/2026 02:15,0,117,0,123,6,0
07/01/2026 02:30,0,233,0,239,6,0
07/01/2026 02:45,0,307,0,313,6,0
07/01/2026 03:00,0,190,0,196,6,0
07/01/2026 03:15,0,346,0,352,6,0
07/01/2026 03:30,0,217,0,223,6,0
07/01/2026 03:45,0,300,0,306,6,0
07/01/2026 04:00,0,333,0,339,6,0
07/01/2026 04:15,0,268,0,274,6,0
07/01/2026 04:30,0,157,0,163,6,0
07/01/2026 04:45,0,147,0,153,6,0
07/01/2026 05:00,0,158,0,165,7,0
07/01/2026 05:15,0,429,0,436,7,0
07/01/2026 05:30,15,281,0,276,10,0
07/01/2026 05:45,87,146,0,138,79,0
07/01/2026 06:00,246,138,0,94,202,0
07/01/2026 06:15,177,135,0,9,51,0
07/01/2026 06:30,127,140,0,22,9,0
07/01/2026 06:45,143,237,0,100,6,0
07/01/2026 07:00,192,422,0,408,178,0
07/01/2026 07:15,232,357,0,353,228,0
07/01/2026 07:30,265,340,0,334,259,0
07/01/2026 07:45,402,231,0,226,397,0
07/01/2026 08:00,402,205,0,205,402,0
07/01/2026 08:15,375,263,0,256,368,0
07/01/2026 08:30,393,286,0,280,387,0
07/01/2026 08:45,437,377,0,362,422,0
07/01/2026 09:00,842,302,0,242,782,0
07/01/2026 09:15,772,192,0,180,760,0
07/01/2026 09:30,1359,172,0,102,1289,0
07/01/2026 09:45,1370,151,0,145,1364,0
07/01/2026 10:00,1413,154,0,150,1409,0
07/01/2026 10:15,1461,147,0,142,1456,0
07/01/2026 10:30,1527,144,0,137,1520,0
07/01/2026 10:45,1412,126,0,44,1330,0
07/01/2026 11:00,1347,271,0,95,1171,0
07/01/2026 11:15,1674,764,272,0,638,0
07/01/2026 11:30,1715,1687,0,145,173,0
07/01/2026 11:45,1721,1471,125,0,125,0
07/01/2026 12:00,1738,1577,159,0,2,0
07/01/2026 12:15,1738,1931,0,206,13,0
07/01/2026 12:30,1344,3023,0,1719,40,0
07/01/2026 12:45,1649,1590,8,0,51,0
07/01/2026 13:00,1555,1356,196,0,3,0
07/01/2026 13:15,1566,1406,142,0,18,0
07/01/2026 13:30,1722,1560,142,0,20,0
07/01/2026 13:45,1650,1503,143,0,4,0
07/01/2026 14:00,1661,428,1646,0,0,413
07/01/2026 14:15,1594,587,1590,0,0,583
07/01/2026 14:30,1515,614,1513,0,0,612
07/01/2026 14:45,1473,701,1462,0,0,690
07/01/2026 15:00,1385,676,1391,0,0,682
07/01/2026 15:15,1296,453,1293,0,0,450
07/01/2026 15:30,1206,397,1205,0,0,396
07/01/2026 15:45,1142,133,1139,0,0,130
07/01/2026 16:00,1065,120,1058,0,0,113
07/01/2026 16:15,960,592,950,0,0,582
07/01/2026 16:30,875,663,878,0,0,666
07/01/2026 16:45,805,163,805,0,0,163
07/01/2026 17:00,736,710,716,0,0,690
07/01/2026 17:15,658,853,656,0,0,851
07/01/2026 17:30,581,922,571,0,0,912
07/01/2026 17:45,507,929,500,0,0,922
07/01/2026 18:00,393,789,391,0,0,787
07/01/2026 18:15,251,569,249,0,0,567
07/01/2026 18:30,158,566,155,0,0,563
07/01/2026 18:45,121,497,116,0,0,492
07/01/2026 19:00,94,714,0,4,0,616
07/01/2026 19:15,78,516,0,2,0,436
07/01/2026 19:30,48,786,0,9,0,729
07/01/2026 19:45,21,850,0,832,8,5
07/01/2026 20:00,6,818,0,818,6,0
07/01/2026 20:15,0,872,0,880,8,0
07/01/2026 20:30,0,829,0,835,6,0
07/01/2026 20:45,0,691,0,698,7,0
07/01/2026 21:00,0,698,0,705,7,0
07/01/2026 21:15,0,756,0,762,6,0
07/01/2026 21:30,0,858,0,866,8,0
07/01/2026 21:45,0,1079,0,1085,6,0
07/01/2026 22:00,0,1000,0,1007,7,0
07/01/2026 22:15,0,1008,0,1015,7,0
07/01/2026 22:30,0,772,0,778,6,0
07/01/2026 22:45,0,761,0,768,7,0
07/01/2026 23:00,0,692,0,699,7,0
07/01/2026 23:15,0,633,0,639,6,0
07/01/2026 23:30,0,681,0,688,7,0
07/01/2026 23:45,0,700,0,707,7,0
07/02/2026 00:00,0,752,0,758,6,0
07/02/2026 00:15,0,636,0,643,7,0
07/02/2026 00:30,0,618,0,625,7,0
07/02/2026 00:45,0,650,0,656,6,0
07/02/2026 01:00,0,734,0,741,7,0
07/02/2026 01:15,0,611,0,618,7,0
07/02/2026 01:30,0,603,0,609,6,0
07/02/2026 01:45,0,712,0,719,7,0
07/02/2026 02:00,0,638,0,645,7,0
07/02/2026 02:15,0,634,0,640,6,0
07/02/2026 02:30,0,714,0,721,7,0
07/02/2026 02:45,0,500,0,507,7,0
07/02/2026 03:00,0,514,0,520,6,0
07/02/2026 03:15,0,894,0,901,7,0
07/02/2026 03:30,0,662,0,668,7,1
07/02/2026 03:45,0,672,0,679,7,0
07/02/2026 04:00,0,778,0,784,6,0
07/02/2026 04:15,0,691,0,698,7,0
07/02/2026 04:30,0,681,0,688,7,0
07/02/2026 04:45,0,680,0,686,6,0
07/02/2026 05:00,0,556,0,563,7,0
07/02/2026 05:15,0,494,0,500,6,0
07/02/2026 05:30,15,403,0,395,7,0
07/02/2026 05:45,30,344,0,335,21,0
07/02/2026 06:00,36,348,0,340,28,0
07/02/2026 06:15,189,448,0,440,181,0
07/02/2026 06:30,383,196,0,91,278,0
07/02/2026 06:45,487,521,0,91,57,0
07/02/2026 07:00,621,796,0,755,580,0
07/02/2026 07:15,741,446,0,438,733,0
07/02/2026 07:30,810,331,0,327,806,0
07/02/2026 07:45,878,293,0,284,869,0
07/02/2026 08:00,979,148,0,136,967,0
07/02/2026 08:15,1018,213,0,204,1009,0
07/02/2026 08:30,1092,140,0,132,1084,0
07/02/2026 08:45,1150,146,0,141,1145,0
07/02/2026 09:00,1206,126,0,117,1197,0
07/02/2026 09:15,1249,117,0,103,1235,0
07/02/2026 09:30,1202,130,0,101,1173,0
07/02/2026 09:45,1200,128,63,0,1009,0
07/02/2026 10:00,1332,145,0,13,1200,0
07/02/2026 10:15,967,221,0,157,903,0
07/02/2026 10:30,1369,126,661,0,582,0
07/02/2026 10:45,1571,127,1391,0,53,0
07/02/2026 11:00,1607,252,1327,0,28,0
07/02/2026 11:15,1642,530,1080,0,32,0
07/02/2026 11:30,1678,344,1304,0,30,0
07/02/2026 11:45,1702,321,1345,0,36,0
07/02/2026 12:00,1731,217,1504,0,10,0
07/02/2026 12:15,1732,153,1577,0,2,0
07/02/2026 12:30,1726,147,1552,0,27,0
07/02/2026 12:45,1699,579,1094,0,26,0
07/02/2026 13:00,1699,648,1051,0,0,0
07/02/2026 13:15,1679,481,1173,0,25,0
07/02/2026 13:30,1678,148,1516,0,15,0
07/02/2026 13:45,1662,128,1523,0,11,0
07/02/2026 14:00,1617,504,1595,0,1,483
07/02/2026 14:15,1540,571,1538,0,0,569
07/02/2026 14:30,1512,563,1508,0,0,559
07/02/2026 14:45,1062,708,1053,0,0,699
07/02/2026 15:00,1193,548,1194,0,0,549
07/02/2026 15:15,1010,487,1006,0,0,483
07/02/2026 15:30,1218,492,1214,0,0,488
07/02/2026 15:45,1155,549,1149,0,0,543
07/02/2026 16:00,1003,645,1001,0,0,643
07/02/2026 16:15,960,578,954,0,0,572
07/02/2026 16:30,873,559,869,0,0,555
07/02/2026 16:45,786,590,775,0,0,579
07/02/2026 17:00,724,1038,716,0,0,1030
07/02/2026 17:15,647,805,648,0,0,806
07/02/2026 17:30,577,670,571,0,0,664
07/02/2026 17:45,496,684,495,0,0,683
07/02/2026 18:00,376,641,371,0,0,636
07/02/2026 18:15,256,658,250,0,0,652
07/02/2026 18:30,181,649,177,0,0,645
07/02/2026 18:45,132,496,129,0,0,493
07/02/2026 19:00,102,744,0,3,0,639
07/02/2026 19:15,79,772,0,545,6,154
07/02/2026 19:30,56,648,0,599,7,0
07/02/2026 19:45,37,616,0,586,7,0
07/02/2026 20:00,17,572,0,562,7,0
07/02/2026 20:15,0,602,0,608,6,0
07/02/2026 20:30,0,727,0,734,7,0
07/02/2026 20:45,0,1269,0,1276,7,0
07/02/2026 21:00,0,1366,0,1374,8,0
07/02/2026 21:15,0,1300,0,1306,6,0
07/02/2026 21:30,0,1492,0,1500,8,0
07/02/2026 21:45,0,1141,0,1147,6,0
07/02/2026 22:00,0,961,0,969,8,0
07/02/2026 22:15,0,1027,0,1033,6,0
07/02/2026 22:30,0,1001,0,1009,8,0
07/02/2026 22:45,0,926,0,932,6,0
07/02/2026 23:00,0,990,0,996,6,0
07/02/2026 23:15,0,952,0,960,8,0
07/02/2026 23:30,0,953,0,959,6,0
07/02/2026 23:45,0,935,0,942,7,0
07/03/2026 00:00,0,924,0,931,7,0
07/03/2026 00:15,0,938,0,944,6,0
07/03/2026 00:30,0,927,0,935,8,0
07/03/2026 00:45,0,997,0,1003,6,0
07/03/2026 01:00,0,927,0,934,7,0
07/03/2026 01:15,0,955,0,962,7,0
07/03/2026 01:30,0,999,0,1005,6,0
07/03/2026 01:45,0,926,0,934,8,0
07/03/2026 02:00,0,905,0,911,6,0
07/03/2026 02:15,0,892,0,900,8,0
07/03/2026 02:30,0,1062,0,1068,6,0
07/03/2026 02:45,0,948,0,956,8,0
07/03/2026 03:00,0,937,0,943,6,0
07/03/2026 03:15,0,899,0,905,6,0
07/03/2026 03:30,0,1012,0,1020,8,0
07/03/2026 03:45,0,923,0,929,6,0
07/03/2026 04:00,0,933,0,941,8,0
07/03/2026 04:15,0,860,0,866,6,0
07/03/2026 04:30,0,1115,0,1123,8,0
07/03/2026 04:45,0,1071,0,1077,6,0
07/03/2026 05:00,0,1348,0,1356,8,0
07/03/2026 05:15,0,1194,0,1201,7,0
07/03/2026 05:30,14,930,0,925,9,0
07/03/2026 05:45,83,828,0,819,74,0
07/03/2026 06:00,198,628,0,623,193,0
07/03/2026 06:15,274,803,0,694,165,0
07/03/2026 06:30,341,547,0,223,17,0
07/03/2026 06:45,454,476,0,44,22,0
07/03/2026 07:00,576,784,0,769,561,0
07/03/2026 07:15,692,958,0,952,686,0
07/03/2026 07:30,766,882,0,875,759,0
07/03/2026 07:45,826,571,0,563,818,0
07/03/2026 08:00,912,265,0,259,906,0
07/03/2026 08:15,989,613,0,601,977,0
07/03/2026 08:30,1040,815,0,799,1024,0
07/03/2026 08:45,1113,568,0,554,1099,0
07/03/2026 09:00,1175,367,0,360,1168,0
07/03/2026 09:15,1222,368,0,364,1218,0
07/03/2026 09:30,1292,310,0,302,1284,0
07/03/2026 09:45,1353,343,0,339,1349,0
07/03/2026 10:00,1400,341,0,333,1392,0
07/03/2026 10:15,1450,316,0,111,1245,0
07/03/2026 10:30,1505,312,1067,0,126,0
07/03/2026 10:45,1567,332,1152,0,83,0
07/03/2026 11:00,1612,331,1254,0,27,0
07/03/2026 11:15,1664,1001,630,0,33,0
07/03/2026 11:30,1687,1018,667,0,2,0
07/03/2026 11:45,1708,447,1243,0,18,0
07/03/2026 12:00,1735,535,1196,0,4,0
07/03/2026 12:15,1739,652,1067,0,20,0
07/03/2026 12:30,1730,313,1395,0,22,0
07/03/2026 12:45,1685,586,1081,0,18,0
07/03/2026 13:00,1701,722,947,0,32,0
07/03/2026 13:15,1698,615,1077,0,6,0
07/03/2026 13:30,1669,623,1028,0,18,0
07/03/2026 13:45,1658,626,1015,0,17,0
07/03/2026 14:00,1601,604,1599,0,0,602
07/03/2026 14:15,1536,572,1534,0,0,570
07/03/2026 14:30,1495,587,1488,0,0,580
07/03/2026 14:45,1451,733,1451,0,0,733
07/03/2026 15:00,1410,491,1404,0,0,485
07/03/2026 15:15,1319,733,1312,0,0,726
07/03/2026 15:30,1206,513,1209,0,0,516
07/03/2026 15:45,1144,479,1138,0,0,473
07/03/2026 16:00,1054,479,1049,0,0,474
07/03/2026 16:15,951,473,947,0,0,469
07/03/2026 16:30,864,444,860,0,0,440
07/03/2026 16:45,815,469,807,0,0,461
07/03/2026 17:00,750,798,738,0,0,786
07/03/2026 17:15,694,900,694,0,0,900
07/03/2026 17:30,620,608,617,0,0,605
07/03/2026 17:45,509,542,504,0,0,537
07/03/2026 18:00,415,450,412,0,0,447
07/03/2026 18:15,159,380,153,0,0,374
07/03/2026 18:30,122,648,111,0,0,637
07/03/2026 18:45,97,534,94,0,0,531
07/03/2026 19:00,127,807,0,11,0,669
07/03/2026 19:15,118,919,0,1,0,800
07/03/2026 19:30,83,1613,0,1232,6,304
07/03/2026 19:45,52,1898,0,1853,7,0
07/03/2026 20:00,19,743,0,730,6,0
07/03/2026 20:15,1,1020,0,1026,7,0
07/03/2026 20:30,0,1491,0,1498,7,0
07/03/2026 20:45,0,665,0,672,7,0
07/03/2026 21:00,0,520,0,527,7,0
07/03/2026 21:15,0,502,0,508,6,0
07/03/2026 21:30,0,586,0,593,7,0
07/03/2026 21:45,0,521,0,527,6,0
07/03/2026 22:00,0,612,0,618,7,1
07/03/2026 22:15,0,610,0,617,7,0
07/03/2026 22:30,0,713,0,720,7,0
07/03/2026 22:45,0,687,0,694,7,0
07/03/2026 23:00,0,647,0,653,6,0
07/03/2026 23:15,0,648,0,656,8,0
07/03/2026 23:30,0,648,0,654,6,0
07/03/2026 23:45,0,623,0,631,8,0
07/04/2026 00:00,0,713,0,720,7,0
07/04/2026 00:15,0,670,0,677,7,0
07/04/2026 00:30,0,776,0,783,7,0
07/04/2026 00:45,0,663,0,670,7,0
07/04/2026 01:00,0,716,0,723,7,0
07/04/2026 01:15,0,789,0,796,7,0
07/04/2026 01:30,0,805,0,812,7,0
07/04/2026 01:45,0,667,0,674,7,0
07/04/2026 02:00,0,608,0,615,7,0
07/04/2026 02:15,0,544,0,551,7,0
07/04/2026 02:30,0,692,0,700,8,0
07/04/2026 02:45,0,723,0,729,6,0
07/04/2026 03:00,0,709,0,717,8,0
07/04/2026 03:15,0,642,0,648,6,0
07/04/2026 03:30,0,749,0,757,8,0
07/04/2026 03:45,0,656,0,662,6,0
07/04/2026 04:00,0,583,0,591,8,0
07/04/2026 04:15,0,574,0,580,6,0
07/04/2026 04:30,0,659,0,667,8,0
07/04/2026 04:45,0,695,0,701,6,0
07/04/2026 05:00,0,844,0,851,7,0
07/04/2026 05:15,3,700,0,704,7,0
07/04/2026 05:30,35,692,0,681,24,0
07/04/2026 05:45,120,536,0,530,114,0
07/04/2026 06:00,259,493,0,491,257,0
07/04/2026 06:15,340,691,0,389,38,0
07/04/2026 06:30,413,542,0,149,20,0
07/04/2026 06:45,480,462,0,8,26,0
07/04/2026 07:00,586,731,0,711,566,0
07/04/2026 07:15,711,1217,0,1211,705,0
07/04/2026 07:30,801,764,0,757,794,0
07/04/2026 07:45,880,684,0,676,872,0
07/04/2026 08:00,948,646,0,637,939,0
07/04/2026 08:15,1022,634,0,628,1016,0
07/04/2026 08:30,1090,750,0,743,1083,0
07/04/2026 08:45,1135,604,0,598,1129,0
07/04/2026 09:00,1181,316,0,311,1176,0
07/04/2026 09:15,1243,317,0,300,1226,0
07/04/2026 09:30,1245,339,0,287,1193,0
07/04/2026 09:45,1294,372,0,211,1133,0
07/04/2026 10:00,1356,404,0,375,1327,0
07/04/2026 10:15,1445,399,0,233,1279,0
07/04/2026 10:30,1506,470,902,0,134,0
07/04/2026 10:45,1540,338,1104,0,98,0
07/04/2026 11:00,1628,317,1266,0,45,0
07/04/2026 11:15,1269,403,866,0,0,0
07/04/2026 11:30,1552,461,1057,0,34,0
07/04/2026 11:45,1229,361,858,0,10,0
07/04/2026 12:00,1629,332,1287,0,10,0
07/04/2026 12:15,1371,298,1055,0,18,0
07/04/2026 12:30,1742,548,1172,0,22,0
07/04/2026 12:45,937,1180,0,255,12,0
07/04/2026 13:00,926,912,14,0,0,0
07/04/2026 13:15,1180,969,191,0,20,0
07/04/2026 13:30,1729,1390,319,0,20,0
07/04/2026 13:45,1565,1626,0,81,20,0
07/04/2026 14:00,1421,489,1413,0,0,481
07/04/2026 14:15,1510,466,1507,0,0,463
07/04/2026 14:30,1281,470,1277,0,0,466
07/04/2026 14:45,1565,535,1560,0,0,530
07/04/2026 15:00,1281,533,1278,0,0,530
07/04/2026 15:15,767,496,763,0,0,492
07/04/2026 15:30,1247,505,1242,0,0,500
07/04/2026 15:45,648,524,641,0,0,517
07/04/2026 16:00,683,359,682,0,0,358
07/04/2026 16:15,603,333,599,0,0,329
07/04/2026 16:30,618,328,615,0,0,325
07/04/2026 16:45,537,365,530,0,0,358
07/04/2026 17:00,392,352,389,0,0,349
07/04/2026 17:15,755,377,750,0,0,372
07/04/2026 17:30,619,337,615,0,0,333
07/04/2026 17:45,503,339,499,0,0,335
07/04/2026 18:00,400,500,390,0,0,490
07/04/2026 18:15,218,545,216,0,0,543
07/04/2026 18:30,46,311,44,0,0,309
07/04/2026 18:45,137,306,130,0,0,299
07/04/2026 19:00,91,660,0,13,0,556
07/04/2026 19:15,43,747,0,6,0,698
07/04/2026 19:30,26,754,0,5,0,723
07/04/2026 19:45,10,467,0,5,0,452
07/04/2026 20:00,1,419,0,6,0,412
07/04/2026 20:15,0,519,0,9,0,510
07/04/2026 20:30,0,704,0,7,0,697
07/04/2026 20:45,0,648,0,94,0,554
07/04/2026 21:00,0,851,0,858,7,0
07/04/2026 21:15,0,544,0,551,7,0
07/04/2026 21:30,0,386,0,392,6,0
07/04/2026 21:45,0,393,0,400,7,0
07/04/2026 22:00,0,514,0,520,6,0
07/04/2026 22:15,0,574,0,581,7,0
07/04/2026 22:30,0,586,0,594,8,0
07/04/2026 22:45,0,591,0,597,6,0
07/04/2026 23:00,0,841,0,848,7,0
07/04/2026 23:15,0,819,0,826,7,0
07/04/2026 23:30,0,601,0,608,7,0
07/04/2026 23:45,0,743,0,750,7,0
07/05/2026 00:00,0,789,0,796,7,0
07/05/2026 00:15,0,643,0,650,7,0
07/05/2026 00:30,0,568,0,574,6,0
07/05/2026 00:45,0,629,0,637,8,0
07/05/2026 01:00,0,636,0,642,6,0
07/05/2026 01:15,0,667,0,674,7,0
07/05/2026 01:30,0,686,0,693,7,0
07/05/2026 01:45,0,651,0,657,6,0
07/05/2026 02:00,0,559,0,567,8,0
07/05/2026 02:15,0,661,0,667,6,0
07/05/2026 02:30,0,761,0,767,6,0
07/05/2026 02:45,0,238,0,246,8,0
07/05/2026 03:00,0,323,0,329,6,0
07/05/2026 03:15,0,380,0,386,6,0
07/05/2026 03:30,0,320,0,326,6,0
07/05/2026 03:45,0,133,0,139,6,0
07/05/2026 04:00,0,150,0,158,8,0
07/05/2026 04:15,0,235,0,241,6,0
07/05/2026 04:30,0,287,0,293,6,0
07/05/2026 04:45,0,298,0,304,6,0
07/05/2026 05:00,0,225,0,233,8,0
07/05/2026 05:15,13,145,0,141,9,0
07/05/2026 05:30,69,333,0,328,64,0
07/05/2026 05:45,122,426,0,425,121,0
07/05/2026 06:00,219,124,0,88,183,0
07/05/2026 06:15,306,131,0,3,178,0
07/05/2026 06:30,441,153,8,0,292,12
07/05/2026 06:45,431,133,0,8,306,0
07/05/2026 07:00,548,462,0,448,534,0
07/05/2026 07:15,662,465,0,458,655,0
07/05/2026 07:30,819,409,0,401,811,0
07/05/2026 07:45,838,450,0,425,813,0
07/05/2026 08:00,568,421,0,424,571,0
07/05/2026 08:15,628,139,0,139,628,0
07/05/2026 08:30,555,146,0,150,559,0
07/05/2026 08:45,585,161,0,146,570,0
07/05/2026 09:00,1051,231,0,121,941,0
07/05/2026 09:15,854,160,0,122,816,0
07/05/2026 09:30,1405,150,0,59,1314,0
07/05/2026 09:45,1329,301,0,68,1096,0
07/05/2026 10:00,1435,355,0,136,1216,0
07/05/2026 10:15,1622,432,0,411,1601,0
07/05/2026 10:30,1556,136,13,0,1407,0
07/05/2026 10:45,1273,147,927,0,199,0
07/05/2026 11:00,1354,121,1080,0,153,0
07/05/2026 11:15,1683,120,1475,0,88,0
07/05/2026 11:30,1618,128,1460,0,30,0
07/05/2026 11:45,1363,366,997,0,0,0
07/05/2026 12:00,1797,529,1257,0,11,0
07/05/2026 12:15,1652,504,1106,0,42,0
07/05/2026 12:30,1422,390,1022,0,10,0
07/05/2026 12:45,1593,576,1009,0,8,0
07/05/2026 13:00,1736,515,1191,0,30,0
07/05/2026 13:15,1756,555,1177,0,24,0
07/05/2026 13:30,1512,440,1070,0,2,0
07/05/2026 13:45,1042,722,306,0,14,0
07/05/2026 14:00,1617,409,1610,0,0,402
07/05/2026 14:15,1453,655,1442,0,0,644
07/05/2026 14:30,993,684,991,0,0,682
07/05/2026 14:45,782,482,782,0,0,482
07/05/2026 15:00,786,360,783,0,0,357
07/05/2026 15:15,834,462,823,0,0,451
07/05/2026 15:30,853,422,854,0,0,423
07/05/2026 15:45,967,306,964,0,0,303
07/05/2026 16:00,1004,327,998,0,0,321
07/05/2026 16:15,1063,289,1063,0,0,289
07/05/2026 16:30,905,104,900,0,0,99
07/05/2026 16:45,594,121,591,0,0,118
07/05/2026 17:00,726,110,723,0,0,107
07/05/2026 17:15,610,360,595,0,0,345
07/05/2026 17:30,601,625,601,0,0,625
07/05/2026 17:45,339,460,333,0,0,454
07/05/2026 18:00,336,320,338,0,0,322
07/05/2026 18:15,216,226,209,0,0,219
07/05/2026 18:30,186,613,176,0,0,603
07/05/2026 18:45,153,507,152,0,0,506
07/05/2026 19:00,111,580,0,3,0,466
07/05/2026 19:15,72,675,0,4,0,599
07/05/2026 19:30,59,399,0,7,0,333
07/05/2026 19:45,22,458,0,8,0,428
07/05/2026 20:00,0,430,0,5,0,425
07/05/2026 20:15,0,403,0,8,0,395
07/05/2026 20:30,0,580,0,7,0,573
07/05/2026 20:45,0,610,0,4,0,606
07/05/2026 21:00,0,525,0,5,0,520
07/05/2026 21:15,0,553,0,4,0,549
07/05/2026 21:30,0,791,0,514,4,281
07/05/2026 21:45,0,523,0,529,6,0
07/05/2026 22:00,0,641,0,647,6,0
07/05/2026 22:15,0,526,0,534,8,0
07/05/2026 22:30,0,301,0,307,6,0
07/05/2026 22:45,0,473,0,479,6,0
07/05/2026 23:00,0,332,0,340,8,0
07/05/2026 23:15,0,280,0,286,6,0
07/05/2026 23:30,0,335,0,340,6,1
07/05/2026 23:45,0,282,0,288,6,0
07/06/2026 00:00,0,312,0,320,8,0
07/06/2026 00:15,0,255,0,261,6,0
07/06/2026 00:30,0,331,0,337,6,0
07/06/2026 00:45,0,123,0,129,6,0
07/06/2026 01:00,0,320,0,328,8,0
07/06/2026 01:15,0,327,0,333,6,0
07/06/2026 01:30,0,344,0,350,6,0
07/06/2026 01:45,0,262,0,268,6,0
07/06/2026 02:00,0,261,0,267,6,0
07/06/2026 02:15,0,132,0,140,8,0
07/06/2026 02:30,0,326,0,332,6,0
07/06/2026 02:45,0,138,0,144,6,0
07/06/2026 03:00,0,309,0,315,6,0
07/06/2026 03:15,0,299,0,305,6,0
07/06/2026 03:30,0,271,0,277,6,0
07/06/2026 03:45,0,236,0,244,8,0
07/06/2026 04:00,0,326,0,332,6,0
07/06/2026 04:15,0,146,0,152,6,0
07/06/2026 04:30,0,115,0,121,6,0
07/06/2026 04:45,0,115,0,123,8,0
07/06/2026 05:00,0,135,0,141,6,0
07/06/2026 05:15,0,175,0,181,6,0
07/06/2026 05:30,0,340,0,346,6,0
07/06/2026 05:45,0,270,0,276,6,0
07/06/2026 06:00,0,130,0,136,6,0
07/06/2026 06:15,17,252,0,247,12,0
07/06/2026 06:30,36,284,0,276,28,0
07/06/2026 06:45,50,140,0,134,44,0
07/06/2026 07:00,75,317,0,317,75,0
07/06/2026 07:15,110,248,0,246,108,0
07/06/2026 07:30,129,545,0,543,127,0
07/06/2026 07:45,158,324,0,318,152,0
07/06/2026 08:00,158,145,0,146,159,0
07/06/2026 08:15,131,254,0,252,129,0
07/06/2026 08:30,190,301,0,294,183,0
07/06/2026 08:45,375,200,0,188,363,0
07/06/2026 09:00,447,238,0,238,447,0
07/06/2026 09:15,422,240,0,235,417,0
07/06/2026 09:30,535,304,0,294,525,0
07/06/2026 09:45,655,322,0,312,645,0
07/06/2026 10:00,704,189,0,187,702,0
07/06/2026 10:15,726,167,0,157,716,0
07/06/2026 10:30,827,195,0,191,823,0
07/06/2026 10:45,1146,209,0,203,1140,0
07/06/2026 11:00,1281,152,0,155,1284,0
07/06/2026 11:15,1407,318,0,308,1397,0
07/06/2026 11:30,1320,206,0,198,1312,0
07/06/2026 11:45,1620,302,0,293,1611,0
07/06/2026 12:00,1375,174,0,176,1377,0
07/06/2026 12:15,1098,147,0,130,1081,0
07/06/2026 12:30,1072,730,137,0,205,0
07/06/2026 12:45,814,572,139,0,103,0
07/06/2026 13:00,924,1253,0,329,0,0
07/06/2026 13:15,1017,1742,0,743,18,0
07/06/2026 13:30,1075,1011,19,0,45,0
07/06/2026 13:45,994,810,147,0,37,0
07/06/2026 14:00,1119,155,1121,0,0,157
07/06/2026 14:15,813,139,811,0,0,137
07/06/2026 14:30,753,159,748,0,0,154
07/06/2026 14:45,865,123,861,0,0,119
07/06/2026 15:00,831,130,828,0,0,127
07/06/2026 15:15,714,144,710,0,0,140
07/06/2026 15:30,506,146,502,0,0,142
07/06/2026 15:45,437,123,433,0,0,119
07/06/2026 16:00,440,127,437,0,0,124
07/06/2026 16:15,375,135,372,0,0,132
07/06/2026 16:30,309,123,305,0,0,119
07/06/2026 16:45,200,101,195,0,0,96
07/06/2026 17:00,223,326,216,0,0,319
07/06/2026 17:15,176,325,169,0,0,318
07/06/2026 17:30,110,341,101,0,0,332
07/06/2026 17:45,72,321,71,0,0,320
07/06/2026 18:00,159,144,154,0,0,139
07/06/2026 18:15,181,153,175,0,0,147
07/06/2026 18:30,72,425,64,0,0,417
07/06/2026 18:45,50,416,47,0,0,413
07/06/2026 19:00,45,471,0,9,0,417
07/06/2026 19:15,41,493,0,8,0,444
07/06/2026 19:30,27,452,0,6,0,419
07/06/2026 19:45,32,238,0,5,0,201
07/06/2026 20:00,5,300,0,6,0,289
07/06/2026 20:15,0,345,0,7,0,338
07/06/2026 20:30,0,515,0,8,0,507
07/06/2026 20:45,0,474,0,4,0,470
07/06/2026 21:00,0,322,0,9,0,313
07/06/2026 21:15,0,572,3,0,0,575
07/06/2026 21:30,0,749,0,12,0,737
07/06/2026 21:45,0,925,0,6,0,919
07/06/2026 22:00,0,854,0,6,0,848
07/06/2026 22:15,0,688,0,3,0,685
07/06/2026 22:30,0,431,0,4,0,427
07/06/2026 22:45,0,304,0,4,0,300
07/06/2026 23:00,0,297,0,7,0,290
07/06/2026 23:15,0,357,0,4,0,353
07/06/2026 23:30,0,183,0,4,0,179
07/06/2026 23:45,0,150,0,75,4,79
07/07/2026 00:00,0,153,0,159,6,0
07/07/2026 00:15,0,373,0,379,6,0
07/07/2026 00:30,0,340,0,346,6,0
07/07/2026 00:45,0,163,0,169,6,0
07/07/2026 01:00,0,365,0,373,8,0
07/07/2026 01:15,0,377,0,383,6,0
07/07/2026 01:30,0,167,0,173,6,0
07/07/2026 01:45,0,134,0,140,6,0
07/07/2026 02:00,0,124,0,130,6,0
07/07/2026 02:15,0,143,0,149,6,0
07/07/2026 02:30,0,155,0,162,7,0
07/07/2026 02:45,0,146,0,153,7,0
07/07/2026 03:00,0,122,0,128,6,0
07/07/2026 03:15,0,117,0,123,6,0
07/07/2026 03:30,0,150,0,156,6,0
07/07/2026 03:45,0,301,0,309,8,0
07/07/2026 04:00,0,292,0,298,6,0
07/07/2026 04:15,0,171,0,177,6,0
07/07/2026 04:30,0,128,0,134,6,0
07/07/2026 04:45,0,147,0,155,8,0
07/07/2026 05:00,0,152,0,158,6,0
07/07/2026 05:15,0,235,0,241,6,0
07/07/2026 05:30,0,119,0,125,6,0
07/07/2026 05:45,0,196,0,202,6,0
07/07/2026 06:00,0,263,0,269,6,0
07/07/2026 06:15,3,124,0,128,7,0
07/07/2026 06:30,15,117,0,110,8,0
07/07/2026 06:45,33,216,0,205,22,0
07/07/2026 07:00,40,257,0,254,37,0
07/07/2026 07:15,53,198,0,186,41,0
07/07/2026 07:30,80,379,0,379,80,0
07/07/2026 07:45,83,279,0,278,82,0
07/07/2026 08:00,109,304,0,305,110,0
07/07/2026 08:15,96,388,0,386,94,0
07/07/2026 08:30,181,258,0,254,177,0
07/07/2026 08:45,260,182,0,172,250,0
07/07/2026 09:00,341,191,0,187,337,0
07/07/2026 09:15,297,195,0,194,296,0
07/07/2026 09:30,263,269,0,265,259,0
07/07/2026 09:45,300,169,0,168,299,0
07/07/2026 10:00,263,121,0,117,259,0
07/07/2026 10:15,418,126,0,118,410,0
07/07/2026 10:30,548,146,0,147,549,0
07/07/2026 10:45,396,159,0,159,396,0
07/07/2026 11:00,410,129,0,124,405,0
07/07/2026 11:15,491,151,0,149,489,0
07/07/2026 11:30,478,231,0,229,476,0
07/07/2026 11:45,386,154,0,153,385,0
07/07/2026 12:00,294,245,0,241,290,0
07/07/2026 12:15,279,157,0,156,278,0
07/07/2026 12:30,360,183,0,175,352,0
07/07/2026 12:45,424,194,0,197,427,0
07/07/2026 13:00,354,129,0,122,347,0
07/07/2026 13:15,431,147,0,141,425,0
07/07/2026 13:30,653,126,0,126,653,0
07/07/2026 13:45,461,130,0,134,465,0
07/07/2026 14:00,366,113,378,0,7,132
07/07/2026 14:15,186,263,179,0,0,256
07/07/2026 14:30,169,145,168,0,0,144
07/07/2026 14:45,243,112,237,0,0,106
07/07/2026 15:00,345,206,339,0,0,200
07/07/2026 15:15,289,217,285,0,0,213
07/07/2026 15:30,147,232,141,0,0,226
07/07/2026 15:45,110,164,108,0,0,162
07/07/2026 16:00,72,169,64,0,0,161
07/07/2026 16:15,44,190,42,0,0,188
07/07/2026 16:30,32,136,27,0,0,131
07/07/2026 16:45,67,112,63,0,0,108
07/07/2026 17:00,63,126,58,0,0,121
07/07/2026 17:15,54,288,44,0,0,278
07/07/2026 17:30,31,228,27,0,0,224
07/07/2026 17:45,18,194,11,0,0,187
07/07/2026 18:00,22,214,15,0,0,207
07/07/2026 18:15,23,244,18,0,0,239
07/07/2026 18:30,25,205,21,0,0,201
07/07/2026 18:45,9,268,1,0,0,260
07/07/2026 19:00,0,431,0,4,0,427
07/07/2026 19:15,0,587,0,0,0,587
07/07/2026 19:30,0,566,0,3,0,563
07/07/2026 19:45,0,501,6,0,0,507
07/07/2026 20:00,0,240,0,4,0,236
07/07/2026 20:15,0,382,0,4,0,378
07/07/2026 20:30,0,387,0,3,0,384
07/07/2026 20:45,0,436,0,283,3,156
07/07/2026 21:00,0,704,0,710,6,0
07/07/2026 21:15,0,650,0,656,6,0
07/07/2026 21:30,0,983,0,989,6,0
07/07/2026 21:45,0,508,0,514,6,0
07/07/2026 22:00,0,512,0,518,6,0
07/07/2026 22:15,0,392,0,398,6,0
07/07/2026 22:30,0,353,0,359,6,0
07/07/2026 22:45,0,341,0,347,6,0
07/07/2026 23:00,0,182,0,188,6,0
07/07/2026 23:15,0,158,0,164,6,0
07/07/2026 23:30,0,144,0,150,6,0
07/07/2026 23:45,0,123,0,129,6,0
07/08/2026 00:00,0,146,0,152,6,0
07/08/2026 00:15,0,228,0,235,7,0
07/08/2026 00:30,0,312,0,318,6,0
07/08/2026 00:45,0,338,0,344,6,0
07/08/2026 01:00,0,292,0,298,6,0
07/08/2026 01:15,0,200,0,206,6,0
07/08/2026 01:30,0,125,0,133,8,0
07/08/2026 01:45,0,121,0,127,6,0
07/08/2026 02:00,0,142,0,148,6,0
07/08/2026 02:15,0,154,0,160,6,0
07/08/2026 02:30,0,132,0,138,6,0
07/08/2026 02:45,0,265,0,271,6,0
07/08/2026 03:00,0,133,0,139,6,0
07/08/2026 03:15,0,153,0,159,6,0
07/08/2026 03:30,0,185,0,191,6,0
07/08/2026 03:45,0,298,0,304,6,0
07/08/2026 04:00,0,248,0,254,6,0
07/08/2026 04:15,0,183,0,189,6,0
07/08/2026 04:30,0,146,0,152,6,0
07/08/2026 04:45,0,120,0,127,7,0
07/08/2026 05:00,0,121,0,127,6,0
07/08/2026 05:15,0,242,0,248,6,0
07/08/2026 05:30,21,253,0,246,14,0
07/08/2026 05:45,92,164,0,154,82,0
07/08/2026 06:00,248,141,0,126,233,0
07/08/2026 06:15,288,196,0,11,103,0
07/08/2026 06:30,452,171,23,0,298,40
07/08/2026 06:45,511,161,0,6,356,0
07/08/2026 07:00,633,119,0,108,622,0
07/08/2026 07:15,752,119,0,113,746,0
07/08/2026 07:30,837,121,0,115,831,0
07/08/2026 07:45,909,227,0,220,902,0
07/08/2026 08:00,992,271,0,254,975,0
07/08/2026 08:15,986,334,0,304,956,0
07/08/2026 08:30,918,447,0,241,712,0
07/08/2026 08:45,1192,302,0,56,946,0
07/08/2026 09:00,1201,209,0,65,1057,0
07/08/2026 09:15,1313,937,0,876,1252,0
07/08/2026 09:30,1400,1274,0,1226,1352,0
07/08/2026 09:45,1431,281,0,250,1400,0
07/08/2026 10:00,1478,156,0,123,1445,0
07/08/2026 10:15,1565,804,433,0,328,0
07/08/2026 10:30,1607,1275,155,0,177,0
07/08/2026 10:45,1636,1340,154,0,142,0
07/08/2026 11:00,1706,1402,173,0,131,0
07/08/2026 11:15,1723,1477,175,0,71,0
07/08/2026 11:30,1752,1563,186,0,3,0
07/08/2026 11:45,1768,1616,152,0,0,0
07/08/2026 12:00,1793,1617,123,0,53,0
07/08/2026 12:15,1817,1617,180,0,20,0
07/08/2026 12:30,1803,1656,147,0,0,0
07/08/2026 12:45,1769,1614,147,0,8,0
07/08/2026 13:00,1764,1458,258,0,48,0
07/08/2026 13:15,1766,1613,146,0,7,0
07/08/2026 13:30,1744,1596,144,0,4,0
07/08/2026 13:45,1719,1516,183,0,20,0
07/08/2026 14:00,1683,174,1695,0,0,186
07/08/2026 14:15,1594,146,1591,0,0,143
07/08/2026 14:30,1551,142,1547,0,0,138
07/08/2026 14:45,1515,144,1511,0,0,140
07/08/2026 15:00,1456,247,1450,0,0,241
07/08/2026 15:15,1362,215,1362,0,0,215
07/08/2026 15:30,1268,173,1262,0,0,167
07/08/2026 15:45,1211,224,1209,0,0,222
07/08/2026 16:00,1149,158,1146,0,0,155
07/08/2026 16:15,1079,176,1075,0,0,172
07/08/2026 16:30,937,274,925,0,0,262
07/08/2026 16:45,825,174,822,0,0,171
07/08/2026 17:00,759,128,754,0,0,123
07/08/2026 17:15,671,135,667,0,0,131
07/08/2026 17:30,599,240,590,0,0,231
07/08/2026 17:45,517,518,513,0,0,514
07/08/2026 18:00,402,367,399,0,0,364
07/08/2026 18:15,245,155,243,0,0,153
07/08/2026 18:30,158,615,145,0,0,602
07/08/2026 18:45,116,667,113,0,0,664
07/08/2026 19:00,96,611,0,5,0,510
07/08/2026 19:15,77,820,0,8,0,735
07/08/2026 19:30,54,820,0,7,0,759
07/08/2026 19:45,29,803,0,7,0,767
07/08/2026 20:00,12,634,0,1,0,621
07/08/2026 20:15,0,517,0,10,0,507
07/08/2026 20:30,0,448,0,5,0,443
07/08/2026 20:45,0,435,0,7,0,428
07/08/2026 21:00,0,429,0,2,0,427
07/08/2026 21:15,0,487,0,7,0,480
07/08/2026 21:30,0,411,0,4,0,407
07/08/2026 21:45,0,409,0,9,0,400
07/08/2026 22:00,0,409,0,6,0,403
07/08/2026 22:15,0,373,0,8,0,365
07/08/2026 22:30,0,289,0,6,0,283
07/08/2026 22:45,0,287,0,9,0,278
07/08/2026 23:00,0,312,0,283,6,35
07/08/2026 23:15,0,466,0,472,6,0
07/08/2026 23:30,0,368,0,374,6,0
07/08/2026 23:45,0,192,0,199,7,0
07/09/2026 00:00,0,199,0,206,7,0
07/09/2026 00:15,0,483,0,489,6,0
07/09/2026 00:30,0,181,0,187,6,0
07/09/2026 00:45,0,205,0,210,6,1
07/09/2026 01:00,0,362,0,369,7,0
07/09/2026 01:15,0,412,0,419,7,0
07/09/2026 01:30,0,259,0,265,6,0
07/09/2026 01:45,0,162,0,168,6,0
07/09/2026 02:00,0,151,0,157,6,0
07/09/2026 02:15,0,151,0,157,6,0
07/09/2026 02:30,0,209,0,215,6,0
07/09/2026 02:45,0,341,0,347,6,0
07/09/2026 03:00,0,182,0,188,6,0
07/09/2026 03:15,0,163,0,169,6,0
07/09/2026 03:30,0,319,0,325,6,0
07/09/2026 03:45,0,344,0,350,6,0
07/09/2026 04:00,0,173,0,181,8,0
07/09/2026 04:15,0,187,0,193,6,0
07/09/2026 04:30,0,196,0,202,6,0
07/09/2026 04:45,0,320,0,326,6,0
07/09/2026 05:00,0,138,0,144,6,0
07/09/2026 05:15,0,125,0,131,6,0
07/09/2026 05:30,24,146,0,136,14,0
07/09/2026 05:45,89,188,0,177,78,0
07/09/2026 06:00,228,277,0,194,145,0
07/09/2026 06:15,318,322,0,44,40,0
07/09/2026 06:30,378,166,27,0,223,38
07/09/2026 06:45,455,149,0,0,320,14
07/09/2026 07:00,578,115,0,110,572,0
07/09/2026 07:15,698,123,0,119,694,0
07/09/2026 07:30,771,124,0,122,769,0
07/09/2026 07:45,889,278,0,271,882,0
07/09/2026 08:00,937,292,0,288,933,0
07/09/2026 08:15,1046,423,0,415,1038,0
07/09/2026 08:30,1108,370,0,364,1102,0
07/09/2026 08:45,1164,233,0,225,1156,0
07/09/2026 09:00,1217,210,0,206,1213,0
07/09/2026 09:15,1265,152,0,144,1257,0
07/09/2026 09:30,1314,136,0,132,1310,0
07/09/2026 09:45,1370,125,0,117,1362,0
07/09/2026 10:00,1422,175,0,177,1424,0
07/09/2026 10:15,1474,933,288,0,253,0
07/09/2026 10:30,1533,1206,167,0,160,0
07/09/2026 10:45,1574,1336,175,0,63,0
07/09/2026 11:00,1634,1482,152,0,0,0
07/09/2026 11:15,1677,1490,158,0,29,0
07/09/2026 11:30,1687,1470,146,0,71,0
07/09/2026 11:45,1714,1530,180,0,4,0
07/09/2026 12:00,1735,1542,190,0,3,0
07/09/2026 12:15,1766,1461,267,0,38,0
07/09/2026 12:30,1617,1452,148,0,17,0
07/09/2026 12:45,1562,1374,184,0,4,0
07/09/2026 13:00,1676,1551,103,0,22,0
07/09/2026 13:15,1222,1282,0,70,10,0
07/09/2026 13:30,1589,1613,0,34,10,0
07/09/2026 13:45,1250,913,325,0,12,0
07/09/2026 14:00,1524,126,1541,0,0,143
07/09/2026 14:15,1617,184,1615,0,0,182
07/09/2026 14:30,1574,158,1569,0,0,153
07/09/2026 14:45,1388,337,1384,0,0,333
07/09/2026 15:00,1388,531,1376,0,0,519
07/09/2026 15:15,1418,586,1418,0,0,586
07/09/2026 15:30,1324,631,1318,0,0,625
07/09/2026 15:45,1257,653,1252,0,0,648
07/09/2026 16:00,875,468,875,0,0,468
07/09/2026 16:15,948,355,946,0,0,353
07/09/2026 16:30,863,444,860,0,0,441
07/09/2026 16:45,783,484,773,0,0,474
07/09/2026 17:00,644,562,641,0,0,559
07/09/2026 17:15,632,329,632,0,0,329
07/09/2026 17:30,761,267,757,0,0,263
07/09/2026 17:45,560,368,554,0,0,362
07/09/2026 18:00,424,425,419,0,0,420
07/09/2026 18:15,258,270,256,0,0,268
07/09/2026 18:30,156,399,147,0,0,390
07/09/2026 18:45,107,425,105,0,0,423
07/09/2026 19:00,77,471,0,6,0,388
07/09/2026 19:15,72,650,0,5,0,573
07/09/2026 19:30,65,619,0,5,0,549
07/09/2026 19:45,35,721,0,6,0,680
07/09/2026 20:00,7,505,0,6,0,492
07/09/2026 20:15,0,489,0,9,0,480
07/09/2026 20:30,0,684,0,3,0,681
07/09/2026 20:45,0,509,0,5,0,504
07/09/2026 21:00,0,415,0,6,0,409
07/09/2026 21:15,0,371,0,135,2,238
07/09/2026 21:30,0,531,0,539,8,0
07/09/2026 21:45,0,542,0,548,6,0
07/09/2026 22:00,0,659,0,665,6,0
07/09/2026 22:15,0,464,0,472,8,0
07/09/2026 22:30,0,405,0,411,6,0
07/09/2026 22:45,0,511,0,517,6,0
07/09/2026 23:00,0,458,0,466,8,0
07/09/2026 23:15,0,359,0,365,6,0
07/09/2026 23:30,0,259,0,267,8,0
07/09/2026 23:45,0,333,0,339,6,0
07/10/2026 00:00,0,289,0,295,6,0
07/10/2026 00:15,0,341,0,347,6,0
07/10/2026 00:30,0,281,0,289,8,0
07/10/2026 00:45,0,250,0,256,6,0
07/10/2026 01:00,0,305,0,313,8,0
07/10/2026 01:15,0,358,0,364,6,0
07/10/2026 01:30,0,353,0,359,6,0
07/10/2026 01:45,0,258,0,264,6,0
07/10/2026 02:00,0,320,0,326,6,0
07/10/2026 02:15,0,317,0,323,6,0
07/10/2026 02:30,0,290,0,296,6,0
07/10/2026 02:45,0,311,0,319,8,0
07/10/2026 03:00,0,287,0,293,6,0
07/10/2026 03:15,0,329,0,335,6,0
07/10/2026 03:30,0,297,0,303,6,0
07/10/2026 03:45,0,348,0,354,6,0
07/10/2026 04:00,0,300,0,306,6,0
07/10/2026 04:15,0,148,0,156,8,0
07/10/2026 04:30,0,156,0,162,6,0
07/10/2026 04:45,0,365,0,371,6,0
07/10/2026 05:00,0,399,0,405,6,0
07/10/2026 05:15,0,359,0,365,6,0
07/10/2026 05:30,31,279,0,268,20,0
07/10/2026 05:45,102,302,0,294,94,0
07/10/2026 06:00,200,411,0,408,197,0
07/10/2026 06:15,142,241,0,131,32,0
07/10/2026 06:30,238,119,0,6,125,0
07/10/2026 06:45,434,121,16,0,331,34
07/10/2026 07:00,557,126,0,115,546,0
07/10/2026 07:15,670,140,0,132,662,0
07/10/2026 07:30,763,131,0,121,753,0
07/10/2026 07:45,827,276,0,269,820,0
07/10/2026 08:00,911,210,0,201,902,0
07/10/2026 08:15,992,297,0,283,978,0
07/10/2026 08:30,1075,229,0,215,1061,0
07/10/2026 08:45,1136,243,0,225,1118,0
07/10/2026 09:00,1175,196,0,167,1146,0
07/10/2026 09:15,1124,259,0,201,1066,0
07/10/2026 09:30,1436,176,0,161,1421,0
07/10/2026 09:45,1445,254,0,249,1440,0
07/10/2026 10:00,1592,417,0,356,1531,0
07/10/2026 10:15,1163,839,0,149,473,0
07/10/2026 10:30,1514,1287,52,0,175,0
07/10/2026 10:45,1336,1069,135,0,132,0
07/10/2026 11:00,1408,1025,321,0,62,0
07/10/2026 11:15,1259,1518,0,257,0,2
07/10/2026 11:30,1616,1166,415,0,35,0
07/10/2026 11:45,1563,1397,136,0,30,0
07/10/2026 12:00,1709,1630,65,0,14,0
07/10/2026 12:15,1048,1663,0,627,12,0
07/10/2026 12:30,1790,1699,51,0,40,0
07/10/2026 12:45,1784,387,1368,0,29,0
07/10/2026 13:00,1735,140,1589,0,6,0
07/10/2026 13:15,1680,127,1523,0,30,0
07/10/2026 13:30,1496,161,1318,0,17,0
07/10/2026 13:45,1153,226,920,0,7,0
07/10/2026 14:00,1857,125,1869,0,0,137
07/10/2026 14:15,1071,117,1067,0,0,113
07/10/2026 14:30,1313,290,1307,0,0,284
07/10/2026 14:45,1180,193,1182,0,0,195
07/10/2026 15:00,1457,113,1454,0,0,110
07/10/2026 15:15,1480,106,1476,0,0,102
07/10/2026 15:30,991,224,987,0,0,220
07/10/2026 15:45,1231,133,1228,0,0,130
07/10/2026 16:00,858,106,855,0,0,103
07/10/2026 16:15,546,91,541,0,0,86
07/10/2026 16:30,299,217,295,0,0,213
07/10/2026 16:45,347,183,340,0,0,176
07/10/2026 17:00,338,165,337,0,0,164
07/10/2026 17:15,282,90,278,0,0,86
07/10/2026 17:30,239,600,215,0,0,576
07/10/2026 17:45,130,1138,124,0,0,1132
07/10/2026 18:00,120,1027,125,0,0,1032
07/10/2026 18:15,179,833,177,0,0,831
07/10/2026 18:30,239,723,238,0,0,722
07/10/2026 18:45,173,427,170,0,0,424
07/10/2026 19:00,83,413,0,1,0,329
07/10/2026 19:15,47,417,0,8,0,362
07/10/2026 19:30,61,496,0,9,0,426
07/10/2026 19:45,34,572,0,6,0,532
07/10/2026 20:00,18,462,0,6,0,438
07/10/2026 20:15,3,441,0,8,0,430
07/10/2026 20:30,0,466,0,6,0,460
07/10/2026 20:45,0,482,0,7,0,475
07/10/2026 21:00,0,533,0,5,0,528
07/10/2026 21:15,0,630,0,9,0,621
07/10/2026 21:30,0,806,0,0,0,806
07/10/2026 21:45,0,695,0,46,0,649
07/10/2026 22:00,0,630,0,636,7,1
07/10/2026 22:15,0,388,0,395,7,0
07/10/2026 22:30,0,398,0,404,6,0
07/10/2026 22:45,0,312,0,319,7,0
07/10/2026 23:00,0,323,0,330,7,0
07/10/2026 23:15,0,399,0,405,6,0
07/10/2026 23:30,0,551,0,558,7,0
07/10/2026 23:45,0,366,0,373,7,0
07/11/2026 00:00,0,324,0,330,6,0
07/11/2026 00:15,0,255,0,262,7,0
07/11/2026 00:30,0,260,0,267,7,0
07/11/2026 00:45,0,406,0,412,6,0
07/11/2026 01:00,0,438,0,444,6,0
07/11/2026 01:15,0,273,0,280,7,0
07/11/2026 01:30,0,120,0,127,7,0
07/11/2026 01:45,0,130,0,136,6,0
07/11/2026 02:00,0,291,0,297,6,0
07/11/2026 02:15,0,280,0,287,7,0
07/11/2026 02:30,0,365,0,371,6,0
07/11/2026 02:45,0,274,0,280,6,0
07/11/2026 03:00,0,203,0,210,7,0
07/11/2026 03:15,0,311,0,317,6,0
07/11/2026 03:30,0,132,0,138,6,0
07/11/2026 03:45,0,114,0,121,7,0
07/11/2026 04:00,0,128,0,134,6,0
07/11/2026 04:15,0,287,0,294,7,0
07/11/2026 04:30,0,451,0,457,6,0
07/11/2026 04:45,0,345,0,351,6,0
07/11/2026 05:00,0,167,0,173,6,0
07/11/2026 05:15,0,196,0,203,7,0
07/11/2026 05:30,17,144,0,138,11,0
07/11/2026 05:45,42,146,0,137,33,0
07/11/2026 06:00,125,120,0,114,119,0
07/11/2026 06:15,313,309,0,113,117,0
07/11/2026 06:30,337,140,7,0,203,13
07/11/2026 06:45,308,159,127,0,216,194
07/11/2026 07:00,391,363,0,354,384,2
07/11/2026 07:15,683,209,0,208,682,0
07/11/2026 07:30,829,117,0,113,825,0
07/11/2026 07:45,923,326,0,323,920,0
07/11/2026 08:00,773,251,0,249,771,0
07/11/2026 08:15,790,148,0,145,787,0
07/11/2026 08:30,1051,128,0,126,1049,0
07/11/2026 08:45,1160,244,0,242,1158,0
07/11/2026 09:00,1107,190,0,180,1097,0
07/11/2026 09:15,1034,150,0,151,1035,0
07/11/2026 09:30,1044,185,0,179,1038,0
07/11/2026 09:45,1130,315,0,314,1129,0
07/11/2026 10:00,1443,425,0,416,1434,0
07/11/2026 10:15,1376,331,0,333,1378,0
07/11/2026 10:30,1567,153,784,0,630,0
07/11/2026 10:45,1598,123,1345,0,130,0
07/11/2026 11:00,1651,143,1430,0,78,0
07/11/2026 11:15,1686,277,1365,0,44,0
07/11/2026 11:30,1738,129,1588,0,21,0
07/11/2026 11:45,1628,127,1491,0,10,0
07/11/2026 12:00,1857,468,1358,0,31,0
07/11/2026 12:15,1797,509,1263,0,25,0
07/11/2026 12:30,1805,520,1282,0,3,0
07/11/2026 12:45,1591,624,953,0,14,0
07/11/2026 13:00,1785,719,1040,0,26,0
07/11/2026 13:15,1603,448,1146,0,9,0
07/11/2026 13:30,1291,336,938,0,17,0
07/11/2026 13:45,1321,364,951,0,6,0
07/11/2026 14:00,1099,461,1109,0,0,471
07/11/2026 14:15,1370,496,1367,0,0,493
07/11/2026 14:30,1421,271,1421,0,0,271
07/11/2026 14:45,1088,504,1081,0,0,497
07/11/2026 15:00,1154,600,1144,0,0,590
07/11/2026 15:15,1569,693,1565,0,0,689
07/11/2026 15:30,1218,551,1217,0,0,550
07/11/2026 15:45,1217,472,1217,0,0,472
07/11/2026 16:00,952,162,948,0,0,158
07/11/2026 16:15,1010,140,1005,0,0,135
07/11/2026 16:30,906,139,902,0,0,135
07/11/2026 16:45,828,170,827,0,0,169
07/11/2026 17:00,737,163,732,0,0,158
07/11/2026 17:15,668,230,654,0,0,216
07/11/2026 17:30,593,524,587,0,0,518
07/11/2026 17:45,501,570,495,0,0,564
07/11/2026 18:00,395,570,389,0,0,564
07/11/2026 18:15,230,456,225,0,0,451
07/11/2026 18:30,89,445,84,0,0,440
07/11/2026 18:45,84,349,80,0,0,345
07/11/2026 19:00,81,396,0,7,0,308
07/11/2026 19:15,60,407,0,7,0,340
07/11/2026 19:30,47,498,0,8,0,443
07/11/2026 19:45,29,459,0,7,0,423
07/11/2026 20:00,9,404,0,5,0,390
07/11/2026 20:15,0,1669,0,14,0,1655
07/11/2026 20:30,0,2050,0,613,4,1441
07/11/2026 20:45,0,1018,0,1025,7,0
07/11/2026 21:00,0,720,0,727,7,0
07/11/2026 21:15,0,356,0,362,6,0
07/11/2026 21:30,0,588,0,596,8,0
07/11/2026 21:45,0,735,0,741,6,0
07/11/2026 22:00,0,724,0,730,6,0
07/11/2026 22:15,0,542,0,549,7,0
07/11/2026 22:30,0,427,0,434,7,0
07/11/2026 22:45,0,369,0,375,6,0
07/11/2026 23:00,0,333,0,340,7,0
07/11/2026 23:15,0,319,0,326,7,0
07/11/2026 23:30,0,342,0,348,6,0
07/11/2026 23:45,0,178,0,184,6,0
07/12/2026 00:00,0,173,0,180,7,0
07/12/2026 00:15,0,360,0,367,7,0
07/12/2026 00:30,0,327,0,332,6,1
07/12/2026 00:45,0,320,0,326,6,0
07/12/2026 01:00,0,238,0,244,6,0
07/12/2026 01:15,0,180,0,188,8,0
07/12/2026 01:30,0,287,0,293,6,0
07/12/2026 01:45,0,194,0,200,6,0
07/12/2026 02:00,0,178,0,184,6,0
07/12/2026 02:15,0,276,0,282,6,0
07/12/2026 02:30,0,263,0,269,6,0
07/12/2026 02:45,0,247,0,255,8,0
07/12/2026 03:00,0,404,0,410,6,0
07/12/2026 03:15,0,311,0,317,6,0
07/12/2026 03:30,0,187,0,193,6,0
07/12/2026 03:45,0,175,0,181,6,0
07/12/2026 04:00,0,148,0,156,8,0
07/12/2026 04:15,0,153,0,159,6,0
07/12/2026 04:30,0,167,0,173,6,0
07/12/2026 04:45,0,184,0,191,7,0
07/12/2026 05:00,0,161,0,168,7,0
07/12/2026 05:15,0,153,0,159,6,0
07/12/2026 05:30,13,145,0,142,10,0
07/12/2026 05:45,62,201,0,189,50,0
07/12/2026 06:00,229,322,0,311,218,0
07/12/2026 06:15,335,220,0,90,205,0
07/12/2026 06:30,423,146,10,0,279,12
07/12/2026 06:45,494,161,0,9,342,0
07/12/2026 07:00,619,287,0,270,602,0
07/12/2026 07:15,761,240,0,236,757,0
07/12/2026 07:30,834,435,0,424,823,0
07/12/2026 07:45,926,246,0,242,922,0
07/12/2026 08:00,1003,208,0,202,997,0
07/12/2026 08:15,1076,169,0,161,1068,0
07/12/2026 08:30,1141,167,0,162,1136,0
07/12/2026 08:45,1203,280,0,269,1192,0
07/12/2026 09:00,1264,293,0,283,1254,0
07/12/2026 09:15,1308,257,0,258,1309,0
07/12/2026 09:30,1354,409,0,409,1354,0
07/12/2026 09:45,1401,292,0,292,1401,0
07/12/2026 10:00,1455,174,486,0,795,0
07/12/2026 10:15,1521,180,1150,0,191,0
07/12/2026 10:30,1577,196,1270,0,111,0
07/12/2026 10:45,1614,227,1370,0,17,0
07/12/2026 11:00,1669,190,1454,0,25,0
07/12/2026 11:15,1717,166,1538,0,13,0
07/12/2026 11:30,1749,157,1552,0,40,0
07/12/2026 11:45,1483,159,1316,0,8,0
07/12/2026 12:00,1374,180,1185,0,9,0
07/12/2026 12:15,1159,179,919,0,61,0
07/12/2026 12:30,1750,148,1599,0,3,0
07/12/2026 12:45,1635,631,993,0,11,0
07/12/2026 13:00,1880,690,1176,0,14,0
07/12/2026 13:15,1869,1706,140,0,23,0
07/12/2026 13:30,1574,1395,176,0,3,0
07/12/2026 13:45,1326,1158,164,0,4,0
07/12/2026 14:00,1725,364,1724,0,1,364
07/12/2026 14:15,1625,485,1616,0,0,476
07/12/2026 14:30,1575,556,1576,0,0,557
07/12/2026 14:45,1522,428,1519,0,0,425
07/12/2026 15:00,1473,316,1472,0,0,315
07/12/2026 15:15,1366,243,1364,0,0,241
07/12/2026 15:30,1266,310,1252,0,0,296
07/12/2026 15:45,1195,604,1196,0,0,605
07/12/2026 16:00,1109,108,1105,0,0,104
07/12/2026 16:15,1015,121,1011,0,0,117
07/12/2026 16:30,908,126,904,0,0,122
07/12/2026 16:45,830,105,827,0,0,102
07/12/2026 17:00,752,94,750,0,0,92
07/12/2026 17:15,675,116,670,0,0,111
07/12/2026 17:30,597,149,594,0,0,146
07/12/2026 17:45,496,176,490,0,0,170
07/12/2026 18:00,396,368,388,0,0,360
07/12/2026 18:15,217,461,207,0,0,451
07/12/2026 18:30,129,478,125,0,0,474
07/12/2026 18:45,88,326,81,0,0,319
07/12/2026 19:00,71,443,0,5,0,367
07/12/2026 19:15,56,449,0,6,0,387
07/12/2026 19:30,42,644,0,9,0,593
07/12/2026 19:45,27,471,0,4,0,440
07/12/2026 20:00,9,1247,0,13,0,1225
07/12/2026 20:15,0,1950,0,8,0,1942
07/12/2026 20:30,0,898,3,0,0,901
07/12/2026 20:45,0,594,0,9,0,585
07/12/2026 21:00,0,896,0,320,3,579
07/12/2026 21:15,0,399,0,405,6,0
07/12/2026 21:30,0,606,0,614,8,0
07/12/2026 21:45,0,620,0,626,6,0
07/12/2026 22:00,0,829,0,835,6,0
07/12/2026 22:15,0,623,0,629,6,0
07/12/2026 22:30,0,457,0,464,7,0
07/12/2026 22:45,0,380,0,387,7,0
07/12/2026 23:00,0,326,0,332,6,0
07/12/2026 23:15,0,378,0,385,7,0
07/12/2026 23:30,0,273,0,279,6,0
07/12/2026 23:45,0,247,0,254,7,0
07/13/2026 00:00,0,243,0,249,6,0
07/13/2026 00:15,0,308,0,314,6,0
07/13/2026 00:30,0,216,0,223,7,0
07/13/2026 00:45,0,282,0,288,6,0
07/13/2026 01:00,0,281,0,287,6,0
07/13/2026 01:15,0,203,0,209,6,0
07/13/2026 01:30,0,330,0,336,6,0
07/13/2026 01:45,0,245,0,252,7,0
07/13/2026 02:00,0,310,0,316,6,0
07/13/2026 02:15,0,119,0,125,6,0
07/13/2026 02:30,0,134,0,141,7,0
07/13/2026 02:45,0,146,0,152,6,0
07/13/2026 03:00,0,134,0,141,7,0
07/13/2026 03:15,0,281,0,287,6,0
07/13/2026 03:30,0,268,0,275,7,0
07/13/2026 03:45,0,306,0,312,6,0
07/13/2026 04:00,0,393,0,400,7,0
07/13/2026 04:15,0,135,0,142,7,0
07/13/2026 04:30,0,117,0,123,6,0
07/13/2026 04:45,0,190,0,196,6,0
07/13/2026 05:00,0,211,0,219,8,0
07/13/2026 05:15,0,146,0,152,6,0
07/13/2026 05:30,12,129,0,125,8,0
07/13/2026 05:45,57,117,0,108,48,0
07/13/2026 06:00,222,119,0,116,219,0
07/13/2026 06:15,323,163,0,39,199,0
07/13/2026 06:30,394,166,25,0,247,44
07/13/2026 06:45,479,152,0,7,334,0
07/13/2026 07:00,584,379,0,366,571,0
07/13/2026 07:15,717,209,0,204,712,0
07/13/2026 07:30,812,226,0,219,805,0
07/13/2026 07:45,886,296,0,288,878,0
07/13/2026 08:00,964,225,0,217,956,0
07/13/2026 08:15,1040,188,0,180,1032,0
07/13/2026 08:30,1101,192,0,185,1094,0
07/13/2026 08:45,1151,211,0,205,1145,0
07/13/2026 09:00,1205,298,0,291,1198,0
07/13/2026 09:15,1265,309,0,304,1260,0
07/13/2026 09:30,1327,198,0,196,1325,0
07/13/2026 09:45,1380,292,0,287,1375,0
07/13/2026 10:00,1436,174,0,59,1321,0
07/13/2026 10:15,1500,299,991,0,210,0
07/13/2026 10:30,1542,1346,131,0,65,0
07/13/2026 10:45,1599,1315,221,0,63,0
07/13/2026 11:00,1648,1473,160,0,15,0
07/13/2026 11:15,1655,1462,171,0,22,0
07/13/2026 11:30,1698,1502,178,0,18,0
07/13/2026 11:45,1033,956,33,0,44,0
07/13/2026 12:00,1632,1281,333,0,18,0
07/13/2026 12:15,1796,1636,157,0,3,0
07/13/2026 12:30,1830,1682,136,0,12,0
07/13/2026 12:45,1629,1239,379,0,11,0
07/13/2026 13:00,1369,229,1124,0,16,0
07/13/2026 13:15,1372,290,1082,0,0,0
07/13/2026 13:30,1714,301,1394,0,19,0
07/13/2026 13:45,1735,421,1295,0,19,0
07/13/2026 14:00,1601,154,1618,0,0,171
07/13/2026 14:15,1470,126,1465,0,0,121
07/13/2026 14:30,1426,97,1423,0,0,94
07/13/2026 14:45,1329,78,1325,0,0,74
07/13/2026 15:00,1382,89,1376,0,0,83
07/13/2026 15:15,1158,108,1153,0,0,103
07/13/2026 15:30,1155,155,1149,0,0,149
07/13/2026 15:45,957,95,954,0,0,92
07/13/2026 16:00,686,175,680,0,0,169
07/13/2026 16:15,634,153,632,0,0,151
07/13/2026 16:30,817,107,812,0,0,102
07/13/2026 16:45,794,361,779,0,0,346
07/13/2026 17:00,564,894,562,0,0,892
07/13/2026 17:15,808,579,807,0,0,578
07/13/2026 17:30,629,365,625,0,0,361
07/13/2026 17:45,355,321,348,0,0,314
07/13/2026 18:00,326,306,323,0,0,303
07/13/2026 18:15,293,304,287,0,0,298
07/13/2026 18:30,188,378,185,0,0,375
07/13/2026 18:45,128,286,122,0,0,280
07/13/2026 19:00,103,596,0,5,0,488
07/13/2026 19:15,63,624,0,6,0,555
07/13/2026 19:30,34,576,0,7,0,535
07/13/2026 19:45,23,647,0,9,0,615
07/13/2026 20:00,11,554,0,6,0,537
07/13/2026 20:15,0,678,0,4,0,674
07/13/2026 20:30,0,493,0,9,0,484
07/13/2026 20:45,0,575,0,6,0,569
07/13/2026 21:00,0,481,0,2,0,479
07/13/2026 21:15,0,548,0,10,0,538
07/13/2026 21:30,0,649,2,0,0,651
07/13/2026 21:45,0,715,0,9,0,706
07/13/2026 22:00,0,633,0,4,0,629
07/13/2026 22:15,0,430,0,70,1,361
07/13/2026 22:30,0,391,0,398,7,0
07/13/2026 22:45,0,294,0,301,7,0
07/13/2026 23:00,0,261,0,267,6,0
07/13/2026 23:15,0,262,0,269,7,0
07/13/2026 23:30,0,292,0,299,7,0
07/13/2026 23:45,0,301,0,307,6,0
07/14/2026 00:00,0,281,0,287,6,0
07/14/2026 00:15,0,260,0,267,7,0
07/14/2026 00:30,0,393,0,400,7,0
07/14/2026 00:45,0,363,0,369,6,0
07/14/2026 01:00,0,127,0,133,6,0
07/14/2026 01:15,0,252,0,259,7,0
07/14/2026 01:30,0,397,0,404,7,0
07/14/2026 01:45,0,224,0,230,6,0
07/14/2026 02:00,0,324,0,330,6,0
07/14/2026 02:15,0,441,0,447,6,0
07/14/2026 02:30,0,251,0,258,7,0
07/14/2026 02:45,0,223,0,230,7,0
07/14/2026 03:00,0,169,0,175,6,0
07/14/2026 03:15,0,357,0,364,7,0
07/14/2026 03:30,0,265,0,272,7,0
07/14/2026 03:45,0,136,0,142,6,0
07/14/2026 04:00,0,151,0,157,6,0
07/14/2026 04:15,0,365,0,372,7,0
07/14/2026 04:30,0,338,0,345,7,0
07/14/2026 04:45,0,184,0,190,6,0
07/14/2026 05:00,0,137,0,143,6,0
07/14/2026 05:15,0,145,0,151,6,0
07/14/2026 05:30,7,205,0,206,8,0
07/14/2026 05:45,30,340,0,330,20,0
07/14/2026 06:00,125,220,0,210,115,0
07/14/2026 06:15,386,141,0,50,295,0
07/14/2026 06:30,242,259,0,48,31,0
07/14/2026 06:45,185,168,5,0,70,58
07/14/2026 07:00,266,451,0,443,258,0
07/14/2026 07:15,600,330,0,320,590,0
07/14/2026 07:30,707,157,0,154,704,0
07/14/2026 07:45,784,218,0,212,778,0
07/14/2026 08:00,774,121,0,117,770,0
07/14/2026 08:15,855,121,0,120,854,0
07/14/2026 08:30,931,138,0,132,925,0
07/14/2026 08:45,954,150,0,146,950,0
07/14/2026 09:00,1069,144,0,140,1065,0
07/14/2026 09:15,1148,141,0,133,1140,0
07/14/2026 09:30,1172,315,0,311,1168,0
07/14/2026 09:45,1175,222,0,212,1165,0
07/14/2026 10:00,1301,142,0,137,1296,0
07/14/2026 10:15,1217,121,0,118,1214,0
07/14/2026 10:30,1381,113,0,51,1319,0
07/14/2026 10:45,1286,117,995,0,174,0
07/14/2026 11:00,996,148,718,0,130,0
07/14/2026 11:15,883,146,728,0,9,0
07/14/2026 11:30,763,125,638,0,0,0
07/14/2026 11:45,850,118,671,0,61,0
07/14/2026 12:00,744,122,584,0,38,0
07/14/2026 12:15,756,146,606,0,4,0
07/14/2026 12:30,817,150,663,0,4,0
07/14/2026 12:45,850,119,699,0,32,0
07/14/2026 13:00,662,120,538,0,4,0
07/14/2026 13:15,562,126,432,0,4,0
07/14/2026 13:30,712,150,533,0,29,0
07/14/2026 13:45,1329,135,1186,0,8,0
07/14/2026 14:00,1295,148,1310,0,0,163
07/14/2026 14:15,1089,68,1085,0,0,64
07/14/2026 14:30,1014,85,1009,0,0,80
07/14/2026 14:45,1010,95,1004,0,0,89
07/14/2026 15:00,892,510,879,0,0,497
07/14/2026 15:15,986,660,984,0,0,658
07/14/2026 15:30,1066,458,1065,0,0,457
07/14/2026 15:45,1167,366,1166,0,0,365
07/14/2026 16:00,1046,118,1043,0,0,115
07/14/2026 16:15,810,110,805,0,0,105
07/14/2026 16:30,843,138,840,0,0,135
07/14/2026 16:45,812,108,803,0,0,99
07/14/2026 17:00,656,476,648,0,0,468
07/14/2026 17:15,454,500,448,0,0,494
07/14/2026 17:30,410,517,404,0,0,511
07/14/2026 17:45,296,657,293,0,0,654
07/14/2026 18:00,189,407,189,0,0,407
07/14/2026 18:15,204,212,195,0,0,203
07/14/2026 18:30,157,605,145,0,0,593
07/14/2026 18:45,171,823,156,0,0,808
07/14/2026 19:00,110,1361,0,2,0,1249
07/14/2026 19:15,84,999,0,2,0,913
07/14/2026 19:30,45,750,0,3,0,702
07/14/2026 19:45,25,632,0,6,0,601
07/14/2026 20:00,6,652,0,8,0,638
07/14/2026 20:15,0,505,0,3,0,502
07/14/2026 20:30,0,470,0,10,0,460
07/14/2026 20:45,0,460,0,8,0,452
07/14/2026 21:00,0,1326,0,921,4,409
07/14/2026 21:15,0,1918,0,1925,7,0
07/14/2026 21:30,0,939,0,946,7,0
07/14/2026 21:45,0,820,0,826,6,0
07/14/2026 22:00,0,563,0,569,6,0
07/14/2026 22:15,0,453,0,459,6,0
07/14/2026 22:30,0,350,0,356,6,0
07/14/2026 22:45,0,290,0,298,8,0
07/14/2026 23:00,0,295,0,301,6,0
07/14/2026 23:15,0,286,0,292,6,0
07/14/2026 23:30,0,269,0,277,8,0
07/14/2026 23:45,0,303,0,309,6,0
07/15/2026 00:00,0,317,0,323,6,0
07/15/2026 00:15,0,290,0,296,6,0
07/15/2026 00:30,0,263,0,271,8,0
07/15/2026 00:45,0,265,0,271,6,0
07/15/2026 01:00,0,274,0,280,6,0
07/15/2026 01:15,0,403,0,410,7,0
07/15/2026 01:30,0,332,0,339,7,0
07/15/2026 01:45,0,342,0,348,6,0
07/15/2026 02:00,0,116,0,122,6,0
07/15/2026 02:15,0,246,0,252,6,0
07/15/2026 02:30,0,386,0,392,6,0
07/15/2026 02:45,0,517,0,525,8,0
07/15/2026 03:00,0,355,0,361,6,0
07/15/2026 03:15,0,357,0,363,6,0
07/15/2026 03:30,0,198,0,204,6,0
07/15/2026 03:45,0,149,0,157,8,0
07/15/2026 04:00,0,275,0,281,6,0
07/15/2026 04:15,0,310,0,316,6,0
07/15/2026 04:30,0,194,0,200,6,0
07/15/2026 04:45,0,371,0,379,8,0
07/15/2026 05:00,0,435,0,441,6,0
07/15/2026 05:15,0,262,0,268,6,0
07/15/2026 05:30,0,289,0,297,8,0
07/15/2026 05:45,0,219,0,225,6,0
07/15/2026 06:00,5,273,0,276,8,0
07/15/2026 06:15,33,299,0,294,28,0
07/15/2026 06:30,121,130,0,126,117,0
07/15/2026 06:45,174,231,0,227,170,0
07/15/2026 07:00,172,653,0,651,170,0
07/15/2026 07:15,128,580,0,581,129,0
07/15/2026 07:30,109,452,0,450,107,0
07/15/2026 07:45,168,341,0,331,158,0
07/15/2026 08:00,233,246,0,241,228,0
07/15/2026 08:15,252,208,0,203,247,0
07/15/2026 08:30,167,308,0,307,166,0
07/15/2026 08:45,291,240,0,232,283,0
07/15/2026 09:00,324,240,0,232,316,0
07/15/2026 09:15,392,252,0,246,386,0
07/15/2026 09:30,454,203,0,201,452,0
07/15/2026 09:45,481,164,0,158,475,0
07/15/2026 10:00,319,148,0,146,317,0
07/15/2026 10:15,352,215,0,209,346,0
07/15/2026 10:30,446,213,0,207,440,0
07/15/2026 10:45,518,196,0,191,513,0
07/15/2026 11:00,459,165,0,163,457,0
07/15/2026 11:15,203,144,0,148,207,0
07/15/2026 11:30,117,124,0,116,109,0
07/15/2026 11:45,162,125,0,121,158,0
07/15/2026 12:00,170,151,0,143,162,0
07/15/2026 12:15,482,157,0,154,479,0
07/15/2026 12:30,517,126,0,119,510,0
07/15/2026 12:45,522,178,0,171,515,0
07/15/2026 13:00,639,162,0,159,636,0
07/15/2026 13:15,450,169,0,167,448,0
07/15/2026 13:30,571,142,0,138,567,0
07/15/2026 13:45,884,136,0,126,874,0
07/15/2026 14:00,949,313,912,0,35,311
07/15/2026 14:15,1003,187,1004,0,0,188
07/15/2026 14:30,676,141,671,0,0,136
07/15/2026 14:45,524,87,520,0,0,83
07/15/2026 15:00,477,75,470,0,0,68
07/15/2026 15:15,441,101,436,0,0,96
07/15/2026 15:30,357,102,351,0,0,96
07/15/2026 15:45,392,159,385,0,0,152
07/15/2026 16:00,323,111,321,0,0,109
07/15/2026 16:15,213,82,205,0,0,74
07/15/2026 16:30,75,209,69,0,0,203
07/15/2026 16:45,40,201,29,0,0,190
07/15/2026 17:00,66,681,56,0,0,671
07/15/2026 17:15,66,591,64,0,0,589
07/15/2026 17:30,65,328,61,0,0,324
07/15/2026 17:45,93,664,82,0,0,653
07/15/2026 18:00,102,398,99,0,0,395
07/15/2026 18:15,103,256,96,0,0,249
07/15/2026 18:30,103,382,97,0,0,376
07/15/2026 18:45,99,302,93,0,0,296
07/15/2026 19:00,88,696,0,7,0,601
07/15/2026 19:15,69,550,0,6,0,475
07/15/2026 19:30,55,556,0,10,0,491
07/15/2026 19:45,20,574,0,6,0,548
07/15/2026 20:00,6,560,0,5,0,549
07/15/2026 20:15,0,494,0,144,2,352
07/15/2026 20:30,0,301,0,307,6,0
07/15/2026 20:45,0,362,0,369,7,0
07/15/2026 21:00,0,573,0,579,6,0
07/15/2026 21:15,0,535,0,541,6,0
07/15/2026 21:30,0,522,0,530,8,0
07/15/2026 21:45,0,556,0,561,6,1
07/15/2026 22:00,0,556,0,562,6,0
07/15/2026 22:15,0,554,0,562,8,0
07/15/2026 22:30,0,438,0,444,6,0
07/15/2026 22:45,0,325,0,331,6,0
07/15/2026 23:00,0,318,0,324,6,0
07/15/2026 23:15,0,286,0,292,6,0
07/15/2026 23:30,0,313,0,321,8,0
07/15/2026 23:45,0,278,0,284,6,0
07/16/2026 00:00,0,155,0,161,6,0
07/16/2026 00:15,0,270,0,276,6,0
07/16/2026 00:30,0,248,0,254,6,0
07/16/2026 00:45,0,265,0,273,8,0
07/16/2026 01:00,0,293,0,299,6,0
07/16/2026 01:15,0,264,0,270,6,0
07/16/2026 01:30,0,145,0,151,6,0
07/16/2026 01:45,0,229,0,235,6,0
07/16/2026 02:00,0,279,0,286,7,0
07/16/2026 02:15,0,120,0,127,7,0
07/16/2026 02:30,0,117,0,123,6,0
07/16/2026 02:45,0,165,0,171,6,0
07/16/2026 03:00,0,147,0,154,7,0
07/16/2026 03:15,0,160,0,167,7,0
07/16/2026 03:30,0,301,0,307,6,0
07/16/2026 03:45,0,312,0,318,6,0
07/16/2026 04:00,0,289,0,296,7,0
07/16/2026 04:15,0,285,0,291,6,0
07/16/2026 04:30,0,179,0,185,6,0
07/16/2026 04:45,0,117,0,124,7,0
07/16/2026 05:00,0,132,0,138,6,0
07/16/2026 05:15,0,143,0,150,7,0
07/16/2026 05:30,5,128,0,129,6,0
07/16/2026 05:45,38,119,0,108,27,0
07/16/2026 06:00,191,114,0,102,179,0
07/16/2026 06:15,302,210,0,88,180,0
07/16/2026 06:30,388,149,16,0,251,28
07/16/2026 06:45,464,140,0,10,334,0
07/16/2026 07:00,570,296,0,283,557,0
07/16/2026 07:15,706,410,0,408,704,0
07/16/2026 07:30,802,254,0,246,794,0
07/16/2026 07:45,883,183,0,176,876,0
07/16/2026 08:00,964,250,0,244,958,0
07/16/2026 08:15,1039,252,0,243,1030,0
07/16/2026 08:30,1102,204,0,197,1095,0
07/16/2026 08:45,1170,189,0,181,1162,0
07/16/2026 09:00,1224,207,0,204,1221,0
07/16/2026 09:15,1275,241,0,236,1270,0
07/16/2026 09:30,1320,154,0,152,1318,0
07/16/2026 09:45,1374,133,0,124,1365,0
07/16/2026 10:00,1434,342,0,88,1180,0
07/16/2026 10:15,1498,1201,95,0,202,0
07/16/2026 10:30,1544,1261,116,0,167,0
07/16/2026 10:45,1592,1364,126,0,102,0
07/16/2026 11:00,1632,1471,118,0,43,0
07/16/2026 11:15,1681,1541,111,0,29,0
07/16/2026 11:30,1721,1610,102,0,9,0
07/16/2026 11:45,1744,1175,510,0,59,0
07/16/2026 12:00,1781,358,1414,0,9,0
07/16/2026 12:15,1779,226,1522,0,31,0
07/16/2026 12:30,1698,174,1515,0,9,0
07/16/2026 12:45,1620,166,1439,0,15,0
07/16/2026 13:00,1656,244,1395,0,17,0
07/16/2026 13:15,1741,157,1566,0,18,0
07/16/2026 13:30,1696,161,1523,0,12,0
07/16/2026 13:45,1682,162,1507,0,13,0
07/16/2026 14:00,1665,127,1679,0,1,142
07/16/2026 14:15,1326,381,1321,0,0,376
07/16/2026 14:30,1506,420,1503,0,0,417
07/16/2026 14:45,1417,204,1414,0,0,201
07/16/2026 15:00,1366,108,1362,0,0,104
07/16/2026 15:15,1270,104,1266,0,0,100
07/16/2026 15:30,1091,87,1086,0,0,82
07/16/2026 15:45,1093,113,1093,0,0,113
07/16/2026 16:00,1070,117,1066,0,0,113
07/16/2026 16:15,1037,100,1033,0,0,96
07/16/2026 16:30,821,72,816,0,0,67
07/16/2026 16:45,710,88,700,0,0,78
07/16/2026 17:00,738,719,725,0,0,706
07/16/2026 17:15,623,790,622,0,0,789
07/16/2026 17:30,584,463,584,0,0,463
07/16/2026 17:45,329,461,0,2010,2018,140
07/16/2026 18:00,135,364,0,1613,1612,228
07/16/2026 18:15,199,290,195,0,0,286
07/16/2026 18:30,177,279,174,0,0,276
07/16/2026 18:45,148,246,140,0,0,238
07/16/2026 19:00,75,563,0,4,0,484
07/16/2026 19:15,8,619,0,6,0,605
07/16/2026 19:30,5,567,0,6,0,556
07/16/2026 19:45,18,559,0,8,0,533
07/16/2026 20:00,0,541,0,6,0,535
07/16/2026 20:15,0,516,0,6,0,510
07/16/2026 20:30,0,433,0,4,0,429
07/16/2026 20:45,0,389,0,7,0,382
07/16/2026 21:00,0,397,0,7,0,390
07/16/2026 21:15,0,637,0,11,0,626
07/16/2026 21:30,0,1877,0,5,0,1872
07/16/2026 21:45,0,975,0,1,0,974
07/16/2026 22:00,0,852,0,7,0,845
07/16/2026 22:15,0,754,0,2,0,752
07/16/2026 22:30,0,660,0,6,0,654
07/16/2026 22:45,0,516,0,5,0,511
07/16/2026 23:00,0,295,0,6,0,289
07/16/2026 23:15,0,271,0,218,6,59
07/16/2026 23:30,0,256,0,262,6,0
07/16/2026 23:45,0,362,0,368,6,0
07/17/2026 00:00,0,347,0,353,6,0
07/17/2026 00:15,0,165,0,171,6,0
07/17/2026 00:30,0,240,0,246,6,0
07/17/2026 00:45,0,174,0,182,8,0
07/17/2026 01:00,0,134,0,140,6,0
07/17/2026 01:15,0,303,0,309,6,0
07/17/2026 01:30,0,335,0,341,6,0
07/17/2026 01:45,0,246,0,252,6,0
07/17/2026 02:00,0,341,0,347,6,0
07/17/2026 02:15,0,162,0,168,6,0
07/17/2026 02:30,0,254,0,260,6,0
07/17/2026 02:45,0,194,0,200,6,0
07/17/2026 03:00,0,114,0,120,6,0
07/17/2026 03:15,0,135,0,141,6,0
07/17/2026 03:30,0,166,0,172,6,0
07/17/2026 03:45,0,275,0,281,6,0
07/17/2026 04:00,0,219,0,226,7,0
07/17/2026 04:15,0,208,0,214,6,0
07/17/2026 04:30,0,210,0,216,6,0
07/17/2026 04:45,0,141,0,147,6,0
07/17/2026 05:00,0,111,0,118,7,0
07/17/2026 05:15,0,114,0,120,6,0
07/17/2026 05:30,8,129,0,127,6,0
07/17/2026 05:45,36,147,0,135,24,0
07/17/2026 06:00,197,199,0,181,179,0
07/17/2026 06:15,317,233,0,4,88,0
07/17/2026 06:30,416,130,16,0,296,26
07/17/2026 06:45,501,161,0,9,349,0
07/17/2026 07:00,615,365,0,359,609,0
07/17/2026 07:15,761,203,0,197,755,0
07/17/2026 07:30,855,249,0,244,850,0
07/17/2026 07:45,934,343,0,340,931,0
07/17/2026 08:00,1013,213,0,209,1009,0
07/17/2026 08:15,1090,170,0,164,1084,0
07/17/2026 08:30,1163,144,0,138,1157,0
07/17/2026 08:45,1270,211,0,188,1247,0
07/17/2026 09:00,1128,186,0,86,1028,0
07/17/2026 09:15,1471,165,0,134,1440,0
07/17/2026 09:30,975,146,0,62,891,0
07/17/2026 09:45,886,131,0,125,880,0
07/17/2026 10:00,954,153,0,135,936,0
07/17/2026 10:15,1330,159,324,0,847,0
07/17/2026 10:30,1100,138,759,0,203,0
07/17/2026 10:45,1398,155,1148,0,95,0
07/17/2026 11:00,1507,168,1339,0,0,0
07/17/2026 11:15,1757,161,1554,0,42,0
07/17/2026 11:30,1688,164,1480,0,44,0
07/17/2026 11:45,1771,132,1611,0,28,0
07/17/2026 12:00,1799,119,1680,0,0,0
07/17/2026 12:15,1817,227,1580,0,10,0
07/17/2026 12:30,1814,189,1598,0,28,1
07/17/2026 12:45,1791,267,1524,0,1,1
07/17/2026 13:00,1781,128,1644,0,9,0
07/17/2026 13:15,1784,166,1608,0,10,0
07/17/2026 13:30,1765,278,1467,0,20,0
07/17/2026 13:45,1740,169,1564,0,7,0
07/17/2026 14:00,1696,103,1715,0,0,122
07/17/2026 14:15,1607,89,1604,0,0,86
07/17/2026 14:30,1557,151,1546,0,0,140
07/17/2026 14:45,1507,216,1509,0,0,218
07/17/2026 15:00,1457,164,1452,0,0,159
07/17/2026 15:15,1359,160,1356,0,0,157
07/17/2026 15:30,1305,138,1301,0,0,134
07/17/2026 15:45,1219,142,1214,0,0,137
07/17/2026 16:00,1104,166,1100,0,0,162
07/17/2026 16:15,884,126,881,0,0,123
07/17/2026 16:30,755,74,751,0,0,70
07/17/2026 16:45,657,96,650,0,0,89
07/17/2026 17:00,638,459,630,0,0,451
07/17/2026 17:15,481,433,479,0,0,431
07/17/2026 17:30,441,348,436,0,0,343
07/17/2026 17:45,397,264,389,0,0,256
07/17/2026 18:00,422,278,412,0,0,268
07/17/2026 18:15,279,360,272,0,0,353
07/17/2026 18:30,128,389,127,0,0,388
07/17/2026 18:45,81,290,72,0,0,281
07/17/2026 19:00,100,668,0,10,0,558
07/17/2026 19:15,56,631,0,6,0,569
07/17/2026 19:30,67,539,0,7,0,465
07/17/2026 19:45,28,608,0,8,0,572
07/17/2026 20:00,8,747,0,7,0,732
07/17/2026 20:15,0,688,0,6,0,682
07/17/2026 20:30,0,642,0,6,0,636
07/17/2026 20:45,0,550,0,2,0,548
07/17/2026 21:00,0,620,0,5,0,615
07/17/2026 21:15,0,455,0,7,0,448
07/17/2026 21:30,0,812,0,6,0,806
07/17/2026 21:45,0,556,0,7,0,549
07/17/2026 22:00,0,887,0,6,0,881
07/17/2026 22:15,0,665,0,263,3,405
07/17/2026 22:30,0,422,0,428,6,0
07/17/2026 22:45,0,387,0,394,7,0
07/17/2026 23:00,0,260,0,263,3,0
07/17/2026 23:15,0,596,0,605,9,0
07/17/2026 23:30,0,347,0,354,7,0
07/17/2026 23:45,0,329,0,335,6,0
07/18/2026 00:00,0,234,0,240,6,0
07/18/2026 00:15,0,154,0,160,6,0
07/18/2026 00:30,0,157,0,163,6,0
07/18/2026 00:45,0,256,0,264,8,0
07/18/2026 01:00,0,123,0,129,6,0
07/18/2026 01:15,0,150,0,156,6,0
07/18/2026 01:30,0,180,0,186,6,0
07/18/2026 01:45,0,318,0,324,6,0
07/18/2026 02:00,0,256,0,262,6,0
07/18/2026 02:15,0,276,0,282,6,0
07/18/2026 02:30,0,235,0,243,8,0
07/18/2026 02:45,0,126,0,132,6,0
07/18/2026 03:00,0,116,0,122,6,0
07/18/2026 03:15,0,166,0,172,6,0
07/18/2026 03:30,0,241,0,247,6,0
07/18/2026 03:45,0,148,0,154,6,0
07/18/2026 04:00,0,118,0,124,6,0
07/18/2026 04:15,0,117,0,123,6,0
07/18/2026 04:30,0,124,0,131,7,0
07/18/2026 04:45,0,148,0,155,7,0
07/18/2026 05:00,0,142,0,148,6,0
07/18/2026 05:15,0,118,0,124,6,0
07/18/2026 05:30,13,257,0,254,10,0
07/18/2026 05:45,54,235,0,227,46,0
07/18/2026 06:00,106,146,0,139,99,0
07/18/2026 06:15,119,132,0,113,100,0
07/18/2026 06:30,181,116,0,5,70,0
07/18/2026 06:45,265,127,0,7,145,0
07/18/2026 07:00,226,273,0,269,222,0
07/18/2026 07:15,293,313,0,305,285,0
07/18/2026 07:30,546,166,0,161,541,0
07/18/2026 07:45,616,147,0,146,615,0
07/18/2026 08:00,714,116,0,107,705,0
07/18/2026 08:15,785,180,0,176,781,0
07/18/2026 08:30,849,278,0,270,841,0
07/18/2026 08:45,951,183,0,178,946,0
07/18/2026 09:00,999,175,0,171,995,0
07/18/2026 09:15,1063,232,0,225,1056,0
07/18/2026 09:30,1158,263,0,260,1155,0
07/18/2026 09:45,1102,159,0,154,1097,0
07/18/2026 10:00,1260,253,0,243,1250,0
07/18/2026 10:15,1323,117,0,114,1320,0
07/18/2026 10:30,1313,136,0,127,1304,0
07/18/2026 10:45,1335,143,131,0,1061,0
07/18/2026 11:00,1375,133,1095,0,147,0
07/18/2026 11:15,1001,116,744,0,141,0
07/18/2026 11:30,805,126,636,0,43,0
07/18/2026 11:45,902,148,754,0,0,0
07/18/2026 12:00,1026,147,841,0,38,0
07/18/2026 12:15,446,114,279,0,53,0
07/18/2026 12:30,406,116,280,0,10,0
07/18/2026 12:45,328,309,13,0,6,0
07/18/2026 13:00,218,416,0,226,28,0
07/18/2026 13:15,296,374,0,83,5,0
07/18/2026 13:30,393,285,105,0,3,0
07/18/2026 13:45,387,197,162,0,28,0
07/18/2026 14:00,432,322,440,0,0,330
07/18/2026 14:15,255,596,247,0,0,588
07/18/2026 14:30,114,196,116,0,0,198
07/18/2026 14:45,130,125,125,0,0,120
07/18/2026 15:00,160,325,147,0,0,312
07/18/2026 15:15,80,544,79,0,0,543
07/18/2026 15:30,129,341,119,0,0,331
07/18/2026 15:45,169,200,168,0,0,199
07/18/2026 16:00,111,100,106,0,0,95
07/18/2026 16:15,173,132,167,0,0,126
07/18/2026 16:30,357,125,353,0,0,121
07/18/2026 16:45,288,140,278,0,0,130
07/18/2026 17:00,137,445,128,0,0,436
07/18/2026 17:15,186,288,186,0,0,288
07/18/2026 17:30,176,202,166,0,0,192
07/18/2026 17:45,118,360,111,0,0,353
07/18/2026 18:00,139,114,138,0,0,113
07/18/2026 18:15,122,150,116,0,0,144
07/18/2026 18:30,107,430,93,0,0,416
07/18/2026 18:45,57,465,56,0,0,464
07/18/2026 19:00,54,598,0,7,0,537
07/18/2026 19:15,30,580,0,6,0,544
07/18/2026 19:30,26,487,0,5,0,456
07/18/2026 19:45,7,389,0,4,0,378
07/18/2026 20:00,0,321,0,5,0,316
07/18/2026 20:15,0,286,0,7,0,279
07/18/2026 20:30,0,525,0,5,0,520
07/18/2026 20:45,0,600,0,2,0,598
07/18/2026 21:00,0,470,0,9,0,461
07/18/2026 21:15,0,598,0,6,0,592
07/18/2026 21:30,0,571,0,7,0,564
07/18/2026 21:45,0,582,0,9,0,573
07/18/2026 22:00,0,915,0,2,0,913
07/18/2026 22:15,0,660,0,62,0,598
07/18/2026 22:30,0,485,0,491,6,0
07/18/2026 22:45,0,444,0,450,6,0
07/18/2026 23:00,0,510,0,517,7,0
07/18/2026 23:15,0,371,0,377,6,0
07/18/2026 23:30,0,373,0,380,7,0
07/18/2026 23:45,0,318,0,324,6,0
07/19/2026 00:00,0,306,0,312,6,0
07/19/2026 00:15,0,394,0,400,6,0
07/19/2026 00:30,0,335,0,341,6,0
07/19/2026 00:45,0,399,0,405,6,0
07/19/2026 01:00,0,272,0,279,7,0
07/19/2026 01:15,0,151,0,158,7,0
07/19/2026 01:30,0,182,0,188,6,0
07/19/2026 01:45,0,179,0,185,6,0
07/19/2026 02:00,0,183,0,189,6,0
07/19/2026 02:15,0,254,0,262,8,0
07/19/2026 02:30,0,275,0,281,6,0
07/19/2026 02:45,0,438,0,444,6,0
07/19/2026 03:00,0,367,0,373,6,0
07/19/2026 03:15,0,197,0,203,6,0
07/19/2026 03:30,0,150,0,156,6,0
07/19/2026 03:45,0,147,0,155,8,0
07/19/2026 04:00,0,176,0,182,6,0
07/19/2026 04:15,0,292,0,298,6,0
07/19/2026 04:30,0,320,0,326,6,0
07/19/2026 04:45,0,223,0,229,6,0
07/19/2026 05:00,0,150,0,156,6,0
07/19/2026 05:15,0,166,0,172,6,0
07/19/2026 05:30,0,177,0,184,7,0
07/19/2026 05:45,0,212,0,219,7,0
07/19/2026 06:00,39,385,0,374,28,0
07/19/2026 06:15,146,288,0,279,137,0
07/19/2026 06:30,260,214,0,83,129,0
07/19/2026 06:45,413,306,0,25,132,0
07/19/2026 07:00,571,185,0,180,566,0
07/19/2026 07:15,725,200,0,194,719,0
07/19/2026 07:30,844,218,0,211,837,0
07/19/2026 07:45,910,284,0,279,905,0
07/19/2026 08:00,969,247,0,241,963,0
07/19/2026 08:15,1054,199,0,192,1047,0
07/19/2026 08:30,1082,179,0,175,1078,0
07/19/2026 08:45,1173,205,0,198,1166,0
07/19/2026 09:00,1277,303,0,298,1272,0
07/19/2026 09:15,1368,1147,0,1094,1315,0
07/19/2026 09:30,1397,1260,0,1257,1394,0
07/19/2026 09:45,1478,175,0,172,1475,0
07/19/2026 10:00,1525,178,0,36,1383,0
07/19/2026 10:15,1552,182,1169,0,201,0
07/19/2026 10:30,1630,158,1336,0,136,0
07/19/2026 10:45,1676,156,1457,0,63,0
07/19/2026 11:00,1728,166,1544,0,18,0
07/19/2026 11:15,1764,295,1459,0,10,0
07/19/2026 11:30,1786,177,1555,0,54,0
07/19/2026 11:45,1657,154,1485,0,18,0
07/19/2026 12:00,1850,151,1689,0,10,0
07/19/2026 12:15,1859,158,1693,0,8,0
07/19/2026 12:30,1812,148,1644,0,20,0
07/19/2026 12:45,1819,323,1490,0,6,0
07/19/2026 13:00,1817,1034,765,0,18,0
07/19/2026 13:15,1814,1717,91,0,6,0
07/19/2026 13:30,1806,1660,134,0,12,0
07/19/2026 13:45,1806,1636,156,0,14,0
07/19/2026 14:00,1744,380,1756,0,0,392
07/19/2026 14:15,1617,385,1613,0,0,381
07/19/2026 14:30,1630,144,1628,0,0,142
07/19/2026 14:45,1562,251,1553,0,0,242
07/19/2026 15:00,1508,574,1504,0,0,570
07/19/2026 15:15,1391,713,1383,0,0,705
07/19/2026 15:30,1289,305,1286,0,0,302
07/19/2026 15:45,1203,412,1199,0,0,408
07/19/2026 16:00,1129,92,1124,0,0,87
07/19/2026 16:15,1053,80,1050,0,0,77
07/19/2026 16:30,931,97,925,0,0,91
07/19/2026 16:45,839,83,836,0,0,80
07/19/2026 17:00,763,69,757,0,0,63
07/19/2026 17:15,683,155,674,0,0,146
07/19/2026 17:30,592,381,585,0,0,374
07/19/2026 17:45,499,389,491,0,0,381
07/19/2026 18:00,369,330,367,0,0,328
07/19/2026 18:15,172,283,165,0,0,276
07/19/2026 18:30,104,369,98,0,0,363
07/19/2026 18:45,76,334,69,0,0,327
07/19/2026 19:00,63,558,0,7,0,488
07/19/2026 19:15,51,534,0,5,0,478
07/19/2026 19:30,36,573,0,11,0,526
07/19/2026 19:45,21,622,0,6,0,595
07/19/2026 20:00,5,799,0,9,0,785
07/19/2026 20:15,0,913,0,3,0,910
07/19/2026 20:30,0,447,0,7,0,440
07/19/2026 20:45,0,501,0,1,0,500
07/19/2026 21:00,0,369,0,6,0,363
07/19/2026 21:15,0,371,0,4,0,367
07/19/2026 21:30,0,494,0,11,0,483
07/19/2026 21:45,0,507,0,6,0,501
07/19/2026 22:00,0,639,0,6,0,633
07/19/2026 22:15,0,557,0,473,6,90
07/19/2026 22:30,0,463,0,469,6,0
07/19/2026 22:45,0,379,0,385,6,0
07/19/2026 23:00,0,340,0,347,7,0
07/19/2026 23:15,0,315,0,322,7,0
07/19/2026 23:30,0,143,0,149,6,0
07/19/2026 23:45,0,122,0,129,7,0
07/20/2026 00:00,0,266,0,272,6,0
07/20/2026 00:15,0,202,0,208,6,0
07/20/2026 00:30,0,214,0,220,6,0
07/20/2026 00:45,0,295,0,301,6,0
07/20/2026 01:00,0,297,0,304,7,0
07/20/2026 01:15,0,218,0,224,6,0
07/20/2026 01:30,0,136,0,142,6,0
07/20/2026 01:45,0,120,0,126,6,0
07/20/2026 02:00,0,118,0,124,6,0
07/20/2026 02:15,0,149,0,156,7,0
07/20/2026 02:30,0,172,0,178,6,0
07/20/2026 02:45,0,238,0,244,6,0
07/20/2026 03:00,0,154,0,160,6,0
07/20/2026 03:15,0,142,0,148,6,0
07/20/2026 03:30,0,164,0,170,6,0
07/20/2026 03:45,0,256,0,262,6,0
07/20/2026 04:00,0,202,0,209,7,0
07/20/2026 04:15,0,128,0,134,6,0
07/20/2026 04:30,0,152,0,159,7,0
07/20/2026 04:45,0,137,0,143,6,0
07/20/2026 05:00,0,117,0,123,6,0
07/20/2026 05:15,0,120,0,126,6,0
07/20/2026 05:30,2,135,0,140,7,0
07/20/2026 05:45,34,148,0,139,25,0
07/20/2026 06:00,109,129,0,123,103,0
07/20/2026 06:15,154,134,0,123,143,0
07/20/2026 06:30,306,135,0,5,176,0
07/20/2026 06:45,383,196,13,0,210,36
07/20/2026 07:00,468,289,0,280,459,0
07/20/2026 07:15,624,173,0,168,619,0
07/20/2026 07:30,720,137,0,132,715,0
07/20/2026 07:45,830,155,0,153,828,0
07/20/2026 08:00,853,168,0,165,850,0
07/20/2026 08:15,968,294,0,288,962,0
07/20/2026 08:30,1047,285,0,283,1045,0
07/20/2026 08:45,1077,271,0,267,1073,0
07/20/2026 09:00,1142,287,0,285,1140,0
07/20/2026 09:15,1197,244,0,238,1191,0
07/20/2026 09:30,1287,224,0,221,1284,0
07/20/2026 09:45,1292,207,0,208,1293,0
07/20/2026 10:00,1386,182,0,181,1385,0
07/20/2026 10:15,1413,233,34,0,1146,0
07/20/2026 10:30,1429,538,692,0,199,0
07/20/2026 10:45,1569,1298,110,0,161,0
07/20/2026 11:00,1598,1460,114,0,24,0
07/20/2026 11:15,1680,1283,397,0,0,0
07/20/2026 11:30,1664,1398,211,0,55,0
07/20/2026 11:45,1713,424,1237,0,52,0
07/20/2026 12:00,1754,195,1556,0,3,0
07/20/2026 12:15,1788,211,1572,0,5,0
07/20/2026 12:30,1738,903,801,0,34,0
07/20/2026 12:45,1503,1213,287,0,3,0
07/20/2026 13:00,1717,158,1556,0,3,0
07/20/2026 13:15,1732,296,1403,0,33,0
07/20/2026 13:30,1763,166,1582,0,15,0
07/20/2026 13:45,1738,136,1590,0,12,0
07/20/2026 14:00,1355,85,1376,0,1,107
07/20/2026 14:15,1639,111,1636,0,0,108
07/20/2026 14:30,1583,98,1580,0,0,95
07/20/2026 14:45,1539,88,1535,0,0,84
07/20/2026 15:00,1421,94,1420,0,0,93
07/20/2026 15:15,1361,109,1357,0,0,105
07/20/2026 15:30,1286,104,1283,0,0,101
07/20/2026 15:45,1058,92,1052,0,0,86
07/20/2026 16:00,1056,193,1051,0,0,188
07/20/2026 16:15,940,104,936,0,0,100
07/20/2026 16:30,932,103,928,0,0,99
07/20/2026 16:45,878,85,877,0,0,84
07/20/2026 17:00,766,353,756,0,0,343
07/20/2026 17:15,675,385,670,0,0,380
07/20/2026 17:30,578,325,579,0,0,326
07/20/2026 17:45,482,199,472,0,0,189
07/20/2026 18:00,356,107,350,0,0,101
07/20/2026 18:15,169,125,166,0,0,122
07/20/2026 18:30,123,564,104,0,0,545
07/20/2026 18:45,99,546,101,0,0,548
07/20/2026 19:00,82,439,0,8,0,349
07/20/2026 19:15,53,404,0,8,0,343
07/20/2026 19:30,36,395,0,7,0,352
07/20/2026 19:45,21,444,0,10,0,413
07/20/2026 20:00,5,483,0,5,0,473
07/20/2026 20:15,0,362,0,4,0,358
07/20/2026 20:30,0,393,1,0,0,394
07/20/2026 20:45,0,331,0,6,0,325
07/20/2026 21:00,0,213,0,5,0,208
07/20/2026 21:15,0,325,0,4,0,321
07/20/2026 21:30,0,768,0,5,0,763
07/20/2026 21:45,0,837,0,3,0,834
07/20/2026 22:00,0,848,0,12,0,836
07/20/2026 22:15,0,1033,0,4,0,1029
07/20/2026 22:30,0,465,0,1,0,464
07/20/2026 22:45,0,351,0,5,0,346
07/20/2026 23:00,0,257,0,4,0,253
07/20/2026 23:15,0,251,0,6,0,245
07/20/2026 23:30,0,266,0,4,0,262
07/20/2026 23:45,0,319,0,7,0,312
07/21/2026 00:00,0,194,0,145,4,53
07/21/2026 00:15,0,208,0,215,7,0
07/21/2026 00:30,0,281,0,288,7,0
07/21/2026 00:45,0,225,0,231,6,0
07/21/2026 01:00,0,241,0,247,6,0
07/21/2026 01:15,0,261,0,268,7,0
07/21/2026 01:30,0,165,0,172,7,0
07/21/2026 01:45,0,274,0,280,6,0
07/21/2026 02:00,0,177,0,183,6,0
07/21/2026 02:15,0,139,0,145,6,0
07/21/2026 02:30,0,119,0,126,7,0
07/21/2026 02:45,0,155,0,161,6,0
07/21/2026 03:00,0,141,0,148,7,0
07/21/2026 03:15,0,257,0,263,6,0
07/21/2026 03:30,0,187,0,193,6,0
07/21/2026 03:45,0,264,0,270,6,0
07/21/2026 04:00,0,303,0,310,7,0
07/21/2026 04:15,0,168,0,175,7,0
07/21/2026 04:30,0,158,0,164,6,0
07/21/2026 04:45,0,126,0,132,6,0
07/21/2026 05:00,0,120,0,126,6,0
07/21/2026 05:15,0,112,0,120,8,0
07/21/2026 05:30,0,143,0,149,6,0
07/21/2026 05:45,30,143,0,135,22,0
07/21/2026 06:00,89,124,0,114,79,0
07/21/2026 06:15,123,187,0,120,56,0
07/21/2026 06:30,163,191,0,57,29,0
07/21/2026 06:45,216,244,0,53,25,0
07/21/2026 07:00,230,266,0,253,217,0
07/21/2026 07:15,280,268,0,259,271,0
07/21/2026 07:30,476,230,0,225,471,0
07/21/2026 07:45,563,201,0,198,560,0
07/21/2026 08:00,397,138,0,129,388,0
07/21/2026 08:15,577,144,0,138,571,0
07/21/2026 08:30,940,124,0,121,937,0
07/21/2026 08:45,875,114,0,111,872,0
07/21/2026 09:00,1063,178,0,171,1056,0
07/21/2026 09:15,1017,210,0,209,1016,0
07/21/2026 09:30,936,145,0,131,922,0
07/21/2026 09:45,882,148,0,136,870,0
07/21/2026 10:00,1032,114,0,115,1033,0
07/21/2026 10:15,999,114,0,89,974,0
07/21/2026 10:30,939,143,0,137,933,0
07/21/2026 10:45,989,142,0,132,979,0
07/21/2026 11:00,1060,278,0,262,1044,0
07/21/2026 11:15,1221,273,0,273,1221,0
07/21/2026 11:30,873,276,388,0,209,0
07/21/2026 11:45,760,300,329,0,131,0
07/21/2026 12:00,802,308,479,0,15,0
07/21/2026 12:15,582,278,297,0,7,0
07/21/2026 12:30,685,276,351,0,58,0
07/21/2026 12:45,599,274,280,0,45,0
07/21/2026 13:00,583,161,418,0,4,0
07/21/2026 13:15,753,146,595,0,12,0
07/21/2026 13:30,901,124,757,0,20,0
07/21/2026 13:45,850,118,721,0,11,0
07/21/2026 14:00,508,70,522,0,0,84
07/21/2026 14:15,510,94,504,0,0,88
07/21/2026 14:30,941,95,936,0,0,90
07/21/2026 14:45,861,66,857,0,0,62
07/21/2026 15:00,647,66,643,0,0,62
07/21/2026 15:15,538,71,531,0,0,64
07/21/2026 15:30,469,100,464,0,0,95
07/21/2026 15:45,193,85,188,0,0,80
07/21/2026 16:00,44,60,38,0,0,54
07/21/2026 16:15,22,61,16,0,0,55
07/21/2026 16:30,9,72,1,0,0,64
07/21/2026 16:45,0,186,0,10,0,176
07/21/2026 17:00,20,115,19,0,0,114
07/21/2026 17:15,4,64,0,1,0,59
07/21/2026 17:30,0,79,0,5,0,74
07/21/2026 17:45,12,243,0,2,0,229
07/21/2026 18:00,195,604,183,0,0,592
07/21/2026 18:15,230,316,233,0,0,319
07/21/2026 18:30,68,336,62,0,0,330
07/21/2026 18:45,53,283,50,0,0,280
07/21/2026 19:00,28,387,0,7,0,352
07/21/2026 19:15,3,389,0,7,0,379
07/21/2026 19:30,0,405,0,2,0,403
07/21/2026 19:45,0,326,0,2,0,324
07/21/2026 20:00,0,384,0,5,0,379
07/21/2026 20:15,0,324,0,7,0,317
07/21/2026 20:30,0,402,0,10,0,392
07/21/2026 20:45,0,281,4,0,0,285
07/21/2026 21:00,0,228,0,7,0,221
07/21/2026 21:15,0,271,0,5,0,266
07/21/2026 21:30,0,575,0,12,0,563
07/21/2026 21:45,0,586,0,6,0,580
07/21/2026 22:00,0,754,0,8,0,746
07/21/2026 22:15,0,1019,0,8,0,1011
07/21/2026 22:30,0,797,0,2,0,795
07/21/2026 22:45,0,645,0,7,0,638
07/21/2026 23:00,0,376,0,5,0,371
07/21/2026 23:15,0,376,0,6,0,370
07/21/2026 23:30,0,258,0,6,0,252
07/21/2026 23:45,0,180,0,5,0,175
07/22/2026 00:00,0,159,0,7,0,152
07/22/2026 00:15,0,317,0,9,0,308
07/22/2026 00:30,0,238,0,7,0,231
07/22/2026 00:45,0,184,0,19,1,166
07/22/2026 01:00,0,169,0,175,6,0
07/22/2026 01:15,0,337,0,343,6,0
07/22/2026 01:30,0,316,0,323,7,0
07/22/2026 01:45,0,293,0,299,6,0
07/22/2026 02:00,0,516,0,523,7,0
07/22/2026 02:15,0,168,0,174,6,0
07/22/2026 02:30,0,186,0,192,6,0
07/22/2026 02:45,0,182,0,189,7,0
07/22/2026 03:00,0,154,0,161,7,0
07/22/2026 03:15,0,182,0,188,6,0
07/22/2026 03:30,0,299,0,305,6,0
07/22/2026 03:45,0,275,0,281,6,0
07/22/2026 04:00,0,361,0,368,7,0
07/22/2026 04:15,0,330,0,337,7,0
07/22/2026 04:30,0,224,0,230,6,0
07/22/2026 04:45,0,215,0,222,7,0
07/22/2026 05:00,0,306,0,313,7,0
07/22/2026 05:15,0,156,0,162,6,0
07/22/2026 05:30,0,332,0,338,6,0
07/22/2026 05:45,0,242,0,248,6,0
07/22/2026 06:00,22,197,0,191,16,0
07/22/2026 06:15,82,365,0,355,72,0
07/22/2026 06:30,89,220,0,161,30,0
07/22/2026 06:45,198,177,0,23,44,0
07/22/2026 07:00,239,317,0,306,228,0
07/22/2026 07:15,213,295,0,294,212,0
07/22/2026 07:30,355,287,0,279,347,0
07/22/2026 07:45,753,273,0,252,732,0
07/22/2026 08:00,328,282,0,282,328,0
07/22/2026 08:15,297,204,0,201,294,0
07/22/2026 08:30,375,157,0,150,368,0
07/22/2026 08:45,631,157,0,153,627,0
07/22/2026 09:00,628,179,0,169,618,0
07/22/2026 09:15,898,293,0,175,780,0
07/22/2026 09:30,1067,238,0,106,935,0
07/22/2026 09:45,1161,213,0,118,1066,0
07/22/2026 10:00,1132,216,2,0,914,0
07/22/2026 10:15,989,163,0,17,843,0
07/22/2026 10:30,932,186,0,102,848,0
07/22/2026 10:45,1061,171,0,53,943,0
07/22/2026 11:00,1338,314,0,114,1138,0
07/22/2026 11:15,1465,311,0,213,1367,0
07/22/2026 11:30,1576,326,0,222,1472,0
07/22/2026 11:45,1378,345,577,0,456,0
07/22/2026 12:00,1448,331,980,0,137,0
07/22/2026 12:15,1522,314,1158,0,50,0
07/22/2026 12:30,1094,316,744,0,34,0
07/22/2026 12:45,1278,341,901,0,36,0
07/22/2026 13:00,1254,244,999,0,11,0
07/22/2026 13:15,1462,343,1089,0,30,0
07/22/2026 13:30,1643,189,1432,0,22,0
07/22/2026 13:45,1546,154,1344,0,48,0
07/22/2026 14:00,1211,128,1224,0,1,142
07/22/2026 14:15,1627,133,1622,0,0,128
07/22/2026 14:30,1228,107,1223,0,0,102
07/22/2026 14:45,1586,134,1579,0,0,127
07/22/2026 15:00,1561,149,1558,0,0,146
07/22/2026 15:15,761,129,754,0,0,122
07/22/2026 15:30,186,115,181,0,0,110
07/22/2026 15:45,88,130,80,0,0,122
07/22/2026 16:00,88,271,80,0,0,263
07/22/2026 16:15,334,211,330,0,0,207
07/22/2026 16:30,609,199,607,0,0,197
07/22/2026 16:45,699,136,693,0,0,130
07/22/2026 17:00,366,464,352,0,0,450
07/22/2026 17:15,109,401,108,0,0,400
07/22/2026 17:30,167,278,159,0,0,270
07/22/2026 17:45,253,363,245,0,0,355
07/22/2026 18:00,279,351,272,0,0,344
07/22/2026 18:15,260,394,254,0,0,388
07/22/2026 18:30,208,406,203,0,0,401
07/22/2026 18:45,112,351,110,0,0,349
07/22/2026 19:00,122,426,0,5,0,299
07/22/2026 19:15,33,419,0,8,0,378
07/22/2026 19:30,32,413,0,6,0,375
07/22/2026 19:45,15,543,0,7,0,521
07/22/2026 20:00,2,515,0,5,0,508
07/22/2026 20:15,0,566,0,9,0,557
07/22/2026 20:30,0,429,0,3,0,426
07/22/2026 20:45,0,465,1,0,0,466
07/22/2026 21:00,0,425,0,6,0,419
07/22/2026 21:15,0,389,0,7,0,382
07/22/2026 21:30,0,733,0,11,0,722
07/22/2026 21:45,0,903,0,2,0,901
07/22/2026 22:00,0,661,0,4,0,657
07/22/2026 22:15,0,481,0,8,0,473
07/22/2026 22:30,0,460,0,4,0,456
07/22/2026 22:45,0,327,0,6,0,321
07/22/2026 23:00,0,413,0,195,2,220
07/22/2026 23:15,0,340,0,346,6,0
07/22/2026 23:30,0,397,0,403,6,0
07/22/2026 23:45,0,384,0,391,7,0
07/23/2026 00:00,0,244,0,251,7,0
07/23/2026 00:15,0,188,0,194,6,0
07/23/2026 00:30,0,198,0,204,6,0
07/23/2026 00:45,0,380,0,386,6,0
07/23/2026 01:00,0,378,0,384,6,0
07/23/2026 01:15,0,241,0,247,6,0
07/23/2026 01:30,0,186,0,193,7,0
07/23/2026 01:45,0,153,0,160,7,0
07/23/2026 02:00,0,308,0,314,6,0
07/23/2026 02:15,0,177,0,183,6,0
07/23/2026 02:30,0,201,0,207,6,0
07/23/2026 02:45,0,190,0,196,6,0
07/23/2026 03:00,0,274,0,280,6,0
07/23/2026 03:15,0,293,0,300,7,0
07/23/2026 03:30,0,248,0,255,7,0
07/23/2026 03:45,0,313,0,319,6,0
07/23/2026 04:00,0,170,0,176,6,0
07/23/2026 04:15,0,153,0,159,6,0
07/23/2026 04:30,0,155,0,161,6,0
07/23/2026 04:45,0,184,0,190,6,0
07/23/2026 05:00,0,182,0,189,7,0
07/23/2026 05:15,0,160,0,167,7,0
07/23/2026 05:30,0,151,0,157,6,0
07/23/2026 05:45,10,157,0,153,6,0
07/23/2026 06:00,103,183,0,172,92,0
07/23/2026 06:15,242,181,0,81,142,0
07/23/2026 06:30,308,195,0,12,125,0
07/23/2026 06:45,459,304,29,0,174,48
07/23/2026 07:00,573,190,0,183,566,0
07/23/2026 07:15,697,301,0,297,693,0
07/23/2026 07:30,795,387,0,379,787,0
07/23/2026 07:45,889,280,0,274,883,0
07/23/2026 08:00,969,204,0,198,963,0
07/23/2026 08:15,1072,444,0,440,1068,0
07/23/2026 08:30,1134,319,0,315,1130,0
07/23/2026 08:45,1198,260,0,252,1190,0
07/23/2026 09:00,1259,222,0,220,1257,0
07/23/2026 09:15,1320,220,0,213,1313,0
07/23/2026 09:30,1359,252,0,251,1358,0
07/23/2026 09:45,1431,214,0,209,1426,0
07/23/2026 10:00,1486,269,0,106,1323,0
07/23/2026 10:15,1534,1111,191,0,232,0
07/23/2026 10:30,1590,1313,118,0,159,0
07/23/2026 10:45,1638,1448,128,0,62,0
07/23/2026 11:00,1669,1606,36,0,27,0
07/23/2026 11:15,1711,1558,107,0,46,0
07/23/2026 11:30,1743,1635,100,0,8,0
07/23/2026 11:45,1758,1606,141,0,11,0
07/23/2026 12:00,1796,1857,0,70,9,0
07/23/2026 12:15,1802,2145,0,354,11,0
07/23/2026 12:30,1789,1666,93,0,30,0
07/23/2026 12:45,1744,1635,95,0,14,0
07/23/2026 13:00,1749,648,1078,0,23,0
07/23/2026 13:15,1751,216,1514,0,21,0
07/23/2026 13:30,1736,204,1522,0,10,0
07/23/2026 13:45,1713,183,1520,0,10,0
07/23/2026 14:00,1654,132,1670,0,0,148
07/23/2026 14:15,1583,259,1576,0,0,252
07/23/2026 14:30,1547,177,1545,0,0,175
07/23/2026 14:45,1512,123,1507,0,0,118
07/23/2026 15:00,1471,136,1466,0,0,131
07/23/2026 15:15,1357,153,1351,0,0,147
07/23/2026 15:30,1268,143,1265,0,0,140
07/23/2026 15:45,1171,120,1165,0,0,114
07/23/2026 16:00,1095,123,1090,0,0,118
07/23/2026 16:15,1014,145,1008,0,0,139
07/23/2026 16:30,910,141,905,0,0,136
07/23/2026 16:45,803,107,798,0,0,102
07/23/2026 17:00,725,330,716,0,0,321
07/23/2026 17:15,651,324,646,0,0,319
07/23/2026 17:30,577,337,571,0,0,331
07/23/2026 17:45,487,316,484,0,0,313
07/23/2026 18:00,364,307,356,0,0,299
07/23/2026 18:15,202,401,196,0,0,395
07/23/2026 18:30,142,409,137,0,0,404
07/23/2026 18:45,115,408,111,0,0,404
07/23/2026 19:00,92,509,0,8,0,409
07/23/2026 19:15,72,460,0,6,0,382
07/23/2026 19:30,49,415,0,7,0,359
07/23/2026 19:45,25,442,0,6,0,411
07/23/2026 20:00,3,406,0,6,0,397
07/23/2026 20:15,0,575,0,4,0,571
07/23/2026 20:30,0,377,0,8,0,369
07/23/2026 20:45,0,338,1,0,0,339
07/23/2026 21:00,0,599,0,10,0,589
07/23/2026 21:15,0,556,0,6,0,550
07/23/2026 21:30,0,794,0,9,0,785
07/23/2026 21:45,0,651,0,1,0,650
07/23/2026 22:00,0,821,0,11,0,810
07/23/2026 22:15,0,688,0,3,0,685
07/23/2026 22:30,0,356,0,3,0,353
07/23/2026 22:45,0,343,0,9,0,334
07/23/2026 23:00,0,337,0,27,0,310
07/23/2026 23:15,0,328,0,335,7,0
07/23/2026 23:30,0,292,0,298,6,0
07/23/2026 23:45,0,277,0,284,7,0
07/24/2026 00:00,0,310,0,316,6,0
07/24/2026 00:15,0,168,0,174,6,0
07/24/2026 00:30,0,154,0,161,7,0
07/24/2026 00:45,0,182,0,188,6,0
07/24/2026 01:00,0,281,0,287,6,0
07/24/2026 01:15,0,314,0,320,6,0
07/24/2026 01:30,0,286,0,292,6,0
07/24/2026 01:45,0,280,0,286,6,0
07/24/2026 02:00,0,175,0,181,6,0
07/24/2026 02:15,0,154,0,161,7,0
07/24/2026 02:30,0,175,0,181,6,0
07/24/2026 02:45,0,241,0,247,6,0
07/24/2026 03:00,0,284,0,290,6,0
07/24/2026 03:15,0,157,0,163,6,0
07/24/2026 03:30,0,172,0,178,6,0
07/24/2026 03:45,0,187,0,193,6,0
07/24/2026 04:00,0,161,0,168,7,0
07/24/2026 04:15,0,158,0,164,6,0
07/24/2026 04:30,0,171,0,177,6,0
07/24/2026 04:45,0,188,0,194,6,0
07/24/2026 05:00,0,162,0,168,6,0
07/24/2026 05:15,0,179,0,185,6,0
07/24/2026 05:30,0,325,0,331,6,0
07/24/2026 05:45,17,245,0,237,9,0
07/24/2026 06:00,130,159,0,146,117,0
07/24/2026 06:15,301,165,0,44,180,0
07/24/2026 06:30,391,184,19,0,218,30
07/24/2026 06:45,468,205,0,6,269,0
07/24/2026 07:00,555,177,0,165,543,0
07/24/2026 07:15,694,170,0,160,684,0
07/24/2026 07:30,803,262,0,256,797,0
07/24/2026 07:45,876,392,0,389,873,0
07/24/2026 08:00,955,264,0,259,950,0
07/24/2026 08:15,1035,181,0,174,1028,0
07/24/2026 08:30,1103,264,0,255,1094,0
07/24/2026 08:45,1162,238,0,234,1158,0
07/24/2026 09:00,1217,219,0,211,1209,0
07/24/2026 09:15,1262,379,0,375,1258,0
07/24/2026 09:30,1313,226,0,223,1310,0
07/24/2026 09:45,1365,350,0,347,1362,0
07/24/2026 10:00,1418,241,0,167,1344,0
07/24/2026 10:15,1481,203,1054,0,224,0
07/24/2026 10:30,1538,247,1099,0,192,0
07/24/2026 10:45,1586,252,1256,0,78,0
07/24/2026 11:00,1624,906,718,0,0,0
07/24/2026 11:15,1658,1510,120,0,28,0
07/24/2026 11:30,1694,530,1092,0,72,0
07/24/2026 11:45,1711,362,1345,0,4,0
07/24/2026 12:00,1734,337,1393,0,4,0
07/24/2026 12:15,1743,347,1372,0,24,0
07/24/2026 12:30,1735,1507,206,0,22,0
07/24/2026 12:45,1717,1629,82,0,6,0
07/24/2026 13:00,1721,1571,144,0,6,0
07/24/2026 13:15,1740,1617,95,0,28,0
07/24/2026 13:30,1731,414,1309,0,8,0
07/24/2026 13:45,1723,211,1510,0,2,0
07/24/2026 14:00,1656,128,1671,0,0,143
07/24/2026 14:15,1577,129,1573,0,0,125
07/24/2026 14:30,1543,154,1538,0,0,149
07/24/2026 14:45,1538,160,1533,0,0,155
07/24/2026 15:00,1346,184,1340,0,0,178
07/24/2026 15:15,1117,218,1113,0,0,214
07/24/2026 15:30,1262,158,1259,0,0,155
07/24/2026 15:45,1008,139,1003,0,0,134
07/24/2026 16:00,967,124,962,0,0,119
07/24/2026 16:15,895,127,893,0,0,125
07/24/2026 16:30,904,190,895,0,0,181
07/24/2026 16:45,710,357,705,0,0,352
07/24/2026 17:00,579,550,572,0,0,543
07/24/2026 17:15,248,419,246,0,0,417
07/24/2026 17:30,393,456,388,0,0,451
07/24/2026 17:45,391,472,387,0,0,468
07/24/2026 18:00,313,466,307,0,0,460
07/24/2026 18:15,205,495,199,0,0,489
07/24/2026 18:30,147,330,141,0,0,324
07/24/2026 18:45,122,327,115,0,0,320
07/24/2026 19:00,93,426,0,5,0,328
07/24/2026 19:15,68,439,0,8,0,363
07/24/2026 19:30,45,526,0,6,0,475
07/24/2026 19:45,22,471,0,7,0,442
07/24/2026 20:00,4,492,0,1,0,487
07/24/2026 20:15,0,437,0,2,0,435
07/24/2026 20:30,0,388,0,5,0,383
07/24/2026 20:45,0,496,0,7,0,489
07/24/2026 21:00,0,424,0,5,0,419
07/24/2026 21:15,0,331,0,7,0,324
07/24/2026 21:30,0,648,0,12,0,636
07/24/2026 21:45,0,636,0,7,0,629
07/24/2026 22:00,0,806,0,8,0,798
07/24/2026 22:15,0,627,0,4,0,623
07/24/2026 22:30,0,612,0,99,2,515
07/24/2026 22:45,0,629,0,635,6,0
07/24/2026 23:00,0,518,0,524,6,0
07/24/2026 23:15,0,386,0,392,6,0
07/24/2026 23:30,0,311,0,319,8,0
07/24/2026 23:45,0,355,0,361,6,0
07/25/2026 00:00,0,340,0,346,6,0
07/25/2026 00:15,0,162,0,168,6,0
07/25/2026 00:30,0,182,0,188,6,0
07/25/2026 00:45,0,341,0,347,6,0
07/25/2026 01:00,0,169,0,176,7,0
07/25/2026 01:15,0,155,0,162,7,0
07/25/2026 01:30,0,256,0,262,6,0
07/25/2026 01:45,0,411,0,417,6,0
07/25/2026 02:00,0,302,0,308,6,0
07/25/2026 02:15,0,171,0,177,6,0
07/25/2026 02:30,0,177,0,184,7,0
07/25/2026 02:45,0,186,0,193,7,0
07/25/2026 03:00,0,181,0,187,6,0
07/25/2026 03:15,0,266,0,272,6,0
07/25/2026 03:30,0,288,0,294,6,0
07/25/2026 03:45,0,247,0,253,6,0
07/25/2026 04:00,0,188,0,194,6,0
07/25/2026 04:15,0,162,0,170,8,0
07/25/2026 04:30,0,157,0,163,6,0
07/25/2026 04:45,0,183,0,189,6,0
07/25/2026 05:00,0,180,0,186,6,0
07/25/2026 05:15,0,245,0,251,6,0
07/25/2026 05:30,1,277,0,282,6,0
07/25/2026 05:45,26,175,0,165,16,0
07/25/2026 06:00,103,184,0,171,90,0
07/25/2026 06:15,234,152,0,89,171,0
07/25/2026 06:30,334,171,0,7,170,0
07/25/2026 06:45,425,293,18,0,150,36
07/25/2026 07:00,516,201,0,182,497,0
07/25/2026 07:15,667,194,0,182,655,0
07/25/2026 07:30,787,216,0,207,778,0
07/25/2026 07:45,865,299,0,296,862,0
07/25/2026 08:00,939,262,0,255,932,0
07/25/2026 08:15,1017,192,0,185,1010,0
07/25/2026 08:30,1079,233,0,228,1074,0
07/25/2026 08:45,1147,257,0,250,1140,0
07/25/2026 09:00,1200,213,0,207,1194,0
07/25/2026 09:15,1244,268,0,265,1241,0
07/25/2026 09:30,1294,278,0,276,1292,0
07/25/2026 09:45,1350,435,0,425,1340,0
07/25/2026 10:00,1404,400,0,400,1404,0
07/25/2026 10:15,1456,186,565,0,705,0
07/25/2026 10:30,1489,238,1075,0,176,0
07/25/2026 10:45,1550,284,1206,0,60,0
07/25/2026 11:00,1604,344,1219,0,41,0
07/25/2026 11:15,1655,317,1326,0,12,0
07/25/2026 11:30,1675,328,1305,0,42,0
07/25/2026 11:45,1678,348,1286,0,44,0
07/25/2026 12:00,1726,326,1374,0,26,0
07/25/2026 12:15,1740,318,1414,0,8,0
07/25/2026 12:30,1724,343,1357,0,24,0
07/25/2026 12:45,1728,697,1027,0,4,0
07/25/2026 13:00,1732,1001,723,0,8,0
07/25/2026 13:15,1741,421,1302,0,18,0
07/25/2026 13:30,1738,189,1533,0,16,0
07/25/2026 13:45,1728,452,1268,0,8,0
07/25/2026 14:00,1688,462,1679,0,0,453
07/25/2026 14:15,1607,173,1604,0,0,170
07/25/2026 14:30,1564,477,1545,0,0,458
07/25/2026 14:45,1518,1104,1512,0,0,1098
07/25/2026 15:00,1462,380,1468,0,0,386
07/25/2026 15:15,1362,238,1355,0,0,231
07/25/2026 15:30,1273,462,1267,0,0,456
07/25/2026 15:45,1171,502,1171,0,0,502
07/25/2026 16:00,1103,136,1102,0,0,135
07/25/2026 16:15,1030,107,1025,0,0,102
07/25/2026 16:30,926,109,921,0,0,104
07/25/2026 16:45,820,146,815,0,0,141
07/25/2026 17:00,741,131,736,0,0,126
07/25/2026 17:15,659,353,654,0,0,348
07/25/2026 17:30,570,358,558,0,0,346
07/25/2026 17:45,472,382,464,0,0,374
07/25/2026 18:00,343,389,345,0,0,391
07/25/2026 18:15,169,306,163,0,0,300
07/25/2026 18:30,116,450,109,0,0,443
07/25/2026 18:45,101,361,100,0,0,360
07/25/2026 19:00,87,377,0,4,0,286
07/25/2026 19:15,66,407,0,5,0,336
07/25/2026 19:30,42,405,0,8,0,355
07/25/2026 19:45,12,383,0,8,0,363
07/25/2026 20:00,0,436,0,8,0,428
07/25/2026 20:15,0,437,0,6,0,431
07/25/2026 20:30,0,672,0,2,0,670
07/25/2026 20:45,0,663,0,10,0,653
07/25/2026 21:00,0,716,0,5,0,711
07/25/2026 21:15,0,289,0,5,0,284
07/25/2026 21:30,0,499,0,8,0,491
07/25/2026 21:45,0,441,0,5,0,436
07/25/2026 22:00,0,372,0,7,0,365
07/25/2026 22:15,0,384,0,204,2,182
07/25/2026 22:30,0,356,0,364,8,0
07/25/2026 22:45,0,256,0,262,6,0
07/25/2026 23:00,0,228,0,234,6,0
07/25/2026 23:15,0,259,0,265,6,0
07/25/2026 23:30,0,332,0,338,6,0
07/25/2026 23:45,0,290,0,296,6,0
07/26/2026 00:00,0,307,0,315,8,0
07/26/2026 00:15,0,356,0,362,6,0
07/26/2026 00:30,0,274,0,280,6,0
07/26/2026 00:45,0,264,0,270,6,0
07/26/2026 01:00,0,168,0,176,8,0
07/26/2026 01:15,0,190,0,196,6,0
07/26/2026 01:30,0,178,0,184,6,0
07/26/2026 01:45,0,159,0,165,6,0
07/26/2026 02:00,0,174,0,181,7,0
07/26/2026 02:15,0,222,0,229,7,0
07/26/2026 02:30,0,307,0,313,6,0
07/26/2026 02:45,0,206,0,212,6,0
07/26/2026 03:00,0,160,0,166,6,0
07/26/2026 03:15,0,172,0,179,7,0
07/26/2026 03:30,0,187,0,194,7,0
07/26/2026 03:45,0,173,0,179,6,0
07/26/2026 04:00,0,161,0,167,6,0
07/26/2026 04:15,0,159,0,166,7,0
07/26/2026 04:30,0,187,0,193,6,0
07/26/2026 04:45,0,186,0,193,7,0
07/26/2026 05:00,0,158,0,164,6,0
07/26/2026 05:15,0,158,0,164,6,0
07/26/2026 05:30,0,158,0,165,7,0
07/26/2026 05:45,13,185,0,180,8,0
07/26/2026 06:00,115,180,0,169,104,0
07/26/2026 06:15,277,157,0,78,198,0
07/26/2026 06:30,381,159,15,0,225,18
07/26/2026 06:45,461,165,0,8,304,0
07/26/2026 07:00,555,201,0,183,537,0
07/26/2026 07:15,704,173,0,163,694,0
07/26/2026 07:30,816,134,0,127,809,0
07/26/2026 07:45,895,188,0,181,888,0
07/26/2026 08:00,976,228,0,221,969,0
07/26/2026 08:15,1057,143,0,138,1052,0
07/26/2026 08:30,1123,132,0,127,1118,0
07/26/2026 08:45,1170,142,0,139,1167,0
07/26/2026 09:00,1227,152,0,147,1222,0
07/26/2026 09:15,1283,155,0,151,1279,0
07/26/2026 09:30,1335,220,0,219,1334,0
07/26/2026 09:45,1400,175,0,170,1395,0
07/26/2026 10:00,1453,150,58,0,1245,0
07/26/2026 10:15,1516,158,1130,0,228,0
07/26/2026 10:30,1563,125,1297,0,141,0
07/26/2026 10:45,1609,131,1388,0,90,0
07/26/2026 11:00,1652,302,1322,0,28,0
07/26/2026 11:15,1682,321,1323,0,38,0
07/26/2026 11:30,1716,297,1379,0,40,0
07/26/2026 11:45,1742,386,1336,0,20,0
07/26/2026 12:00,1718,573,1131,0,14,0
07/26/2026 12:15,1783,325,1454,0,4,0
07/26/2026 12:30,1753,433,1298,0,22,0
07/26/2026 12:45,1733,692,1025,0,16,0
07/26/2026 13:00,1761,771,984,0,6,0
07/26/2026 13:15,1692,665,1009,0,18,0
07/26/2026 13:30,1621,479,1126,0,16,0
07/26/2026 13:45,1743,1679,56,0,8,0
07/26/2026 14:00,1683,845,1616,0,0,778
07/26/2026 14:15,1615,413,1606,0,0,404
07/26/2026 14:30,1482,354,1479,0,0,351
07/26/2026 14:45,1465,409,1460,0,0,404
07/26/2026 15:00,1406,251,1404,0,0,249
07/26/2026 15:15,1348,193,1342,0,0,187
07/26/2026 15:30,1247,418,1234,0,0,405
07/26/2026 15:45,1161,514,1161,0,0,514
07/26/2026 16:00,1119,120,1121,0,0,122
07/26/2026 16:15,1175,71,1170,0,0,66
07/26/2026 16:30,842,94,837,0,0,89
07/26/2026 16:45,793,100,789,0,0,96
07/26/2026 17:00,782,134,775,0,0,127
07/26/2026 17:15,769,384,770,0,0,385
07/26/2026 17:30,605,197,602,0,0,194
07/26/2026 17:45,379,263,371,0,0,255
07/26/2026 18:00,212,342,210,0,0,340
07/26/2026 18:15,187,262,182,0,0,257
07/26/2026 18:30,145,340,137,0,0,332
07/26/2026 18:45,116,353,111,0,0,348
07/26/2026 19:00,84,408,0,2,0,322
07/26/2026 19:15,56,373,0,7,0,310
07/26/2026 19:30,38,374,0,8,0,328
07/26/2026 19:45,15,367,0,6,0,346
07/26/2026 20:00,2,354,0,6,0,346
07/26/2026 20:15,0,269,0,6,0,263
07/26/2026 20:30,0,404,0,8,0,396
07/26/2026 20:45,0,522,0,7,0,515
07/26/2026 21:00,0,606,0,1,0,605
07/26/2026 21:15,0,347,0,6,0,341
07/26/2026 21:30,0,392,0,8,0,384
07/26/2026 21:45,0,358,0,5,0,353
07/26/2026 22:00,0,308,0,5,0,303
07/26/2026 22:15,0,401,0,9,0,392
07/26/2026 22:30,0,595,0,5,0,590
07/26/2026 22:45,0,392,0,3,0,389
07/26/2026 23:00,0,245,0,5,0,240
07/26/2026 23:15,0,275,0,7,0,268
07/26/2026 23:30,0,282,0,101,2,183
07/26/2026 23:45,0,367,0,373,6,0
07/27/2026 00:00,0,286,0,292,6,0
07/27/2026 00:15,0,156,0,163,7,0
07/27/2026 00:30,0,151,0,158,7,0
07/27/2026 00:45,0,286,0,292,6,0
07/27/2026 01:00,0,130,0,136,6,0
07/27/2026 01:15,0,127,0,133,6,0
07/27/2026 01:30,0,158,0,164,6,0
07/27/2026 01:45,0,142,0,150,8,0
07/27/2026 02:00,0,225,0,231,6,0
07/27/2026 02:15,0,240,0,246,6,0
07/27/2026 02:30,0,179,0,185,6,0
07/27/2026 02:45,0,248,0,254,6,0
07/27/2026 03:00,0,131,0,137,6,0
07/27/2026 03:15,0,119,0,127,8,0
07/27/2026 03:30,0,120,0,126,6,0
07/27/2026 03:45,0,149,0,155,6,0
07/27/2026 04:00,0,151,0,157,6,0
07/27/2026 04:15,0,133,0,139,6,0
07/27/2026 04:30,0,120,0,126,6,0
07/27/2026 04:45,0,126,0,132,6,0
07/27/2026 05:00,0,148,0,154,6,0
07/27/2026 05:15,0,153,0,160,7,0
07/27/2026 05:30,0,129,0,136,7,0
07/27/2026 05:45,4,119,0,121,6,0
07/27/2026 06:00,36,117,0,109,28,0
07/27/2026 06:15,185,194,0,154,145,0
07/27/2026 06:30,360,306,0,14,68,0
07/27/2026 06:45,321,179,0,8,150,0
07/27/2026 07:00,279,124,0,116,271,0
07/27/2026 07:15,439,133,0,130,436,0
07/27/2026 07:30,246,150,0,152,248,0
07/27/2026 07:45,292,151,0,142,283,0
07/27/2026 08:00,503,125,0,117,495,0
07/27/2026 08:15,872,124,0,118,866,0
07/27/2026 08:30,1023,242,0,240,1021,0
07/27/2026 08:45,1048,280,0,277,1045,0
07/27/2026 09:00,1143,392,0,392,1143,0
07/27/2026 09:15,1294,360,0,354,1288,0
07/27/2026 09:30,1075,265,0,249,1059,0
07/27/2026 09:45,1372,272,0,273,1373,0
07/27/2026 10:00,1401,354,0,350,1397,0
07/27/2026 10:15,1459,215,0,209,1453,0
07/27/2026 10:30,1509,306,0,309,1512,0
07/27/2026 10:45,1565,1309,0,126,382,0
07/27/2026 11:00,1602,1070,370,0,162,0
07/27/2026 11:15,1642,444,1110,0,88,0
07/27/2026 11:30,1668,380,1278,0,10,0
07/27/2026 11:45,1685,470,1197,0,18,0
07/27/2026 12:00,1716,477,1185,0,54,0
07/27/2026 12:15,1709,441,1248,0,20,0
07/27/2026 12:30,1696,371,1315,0,10,0
07/27/2026 12:45,1672,362,1295,0,15,0
07/27/2026 13:00,1691,627,1050,0,14,0
07/27/2026 13:15,1700,507,1178,0,15,0
07/27/2026 13:30,1691,224,1453,0,14,0
07/27/2026 13:45,1663,295,1346,0,22,0
07/27/2026 14:00,1613,112,1628,0,0,127
07/27/2026 14:15,1541,106,1535,0,0,100
07/27/2026 14:30,1500,131,1494,0,0,125
07/27/2026 14:45,1456,151,1450,0,0,145
07/27/2026 15:00,1395,214,1390,0,0,209
07/27/2026 15:15,1304,241,1297,0,0,234
07/27/2026 15:30,1216,370,1209,0,0,363
07/27/2026 15:45,1115,343,1114,0,0,342
07/27/2026 16:00,1050,119,1045,0,0,114
07/27/2026 16:15,981,103,976,0,0,98
07/27/2026 16:30,883,116,877,0,0,110
07/27/2026 16:45,777,143,772,0,0,138
07/27/2026 17:00,696,440,687,0,0,431
07/27/2026 17:15,617,267,616,0,0,266
07/27/2026 17:30,535,265,531,0,0,261
07/27/2026 17:45,432,141,429,0,0,138
07/27/2026 18:00,315,280,305,0,0,270
07/27/2026 18:15,163,484,155,0,0,476
07/27/2026 18:30,121,716,115,0,0,710
07/27/2026 18:45,102,578,101,0,0,577
07/27/2026 19:00,82,485,0,6,0,397
07/27/2026 19:15,59,426,0,8,0,359
07/27/2026 19:30,38,394,0,6,0,350
07/27/2026 19:45,15,339,0,6,0,318
07/27/2026 20:00,0,361,0,7,0,354
07/27/2026 20:15,0,322,0,5,0,317
07/27/2026 20:30,0,522,0,7,0,515
07/27/2026 20:45,0,568,5,0,0,573
07/27/2026 21:00,0,1049,0,11,0,1038
07/27/2026 21:15,0,1162,0,1,0,1161
07/27/2026 21:30,0,563,0,8,0,555
07/27/2026 21:45,0,792,0,7,0,785
07/27/2026 22:00,0,782,0,3,0,779
07/27/2026 22:15,0,805,0,646,6,165
07/27/2026 22:30,0,672,0,678,6,0
07/27/2026 22:45,0,340,0,346,6,0
07/27/2026 23:00,0,302,0,310,8,0
07/27/2026 23:15,0,296,0,302,6,0
07/27/2026 23:30,0,290,0,296,6,0
07/27/2026 23:45,0,290,0,298,8,0
07/28/2026 00:00,0,260,0,266,6,0
07/28/2026 00:15,0,154,0,160,6,0
07/28/2026 00:30,0,147,0,155,8,0
07/28/2026 00:45,0,179,0,185,6,0
07/28/2026 01:00,0,341,0,347,6,0
07/28/2026 01:15,0,301,0,309,8,0
07/28/2026 01:30,0,271,0,277,6,0
07/28/2026 01:45,0,128,0,136,8,0
07/28/2026 02:00,0,155,0,162,7,0
07/28/2026 02:15,0,253,0,260,7,0
07/28/2026 02:30,0,241,0,249,8,0
07/28/2026 02:45,0,124,0,131,7,0
07/28/2026 03:00,0,126,0,133,7,0
07/28/2026 03:15,0,161,0,169,8,0
07/28/2026 03:30,0,158,0,165,7,0
07/28/2026 03:45,0,183,0,190,7,0
07/28/2026 04:00,0,271,0,278,7,0
07/28/2026 04:15,0,215,0,222,7,0
07/28/2026 04:30,0,339,0,346,7,0
07/28/2026 04:45,0,214,0,221,7,0
07/28/2026 05:00,0,120,0,128,8,0
07/28/2026 05:15,0,144,0,151,7,0
07/28/2026 05:30,0,203,0,210,7,0
07/28/2026 05:45,0,203,0,210,7,0
07/28/2026 06:00,2,119,0,124,7,0
07/28/2026 06:15,27,137,0,126,16,0
07/28/2026 06:30,51,150,0,140,41,0
07/28/2026 06:45,74,314,0,309,69,0
07/28/2026 07:00,80,300,0,298,78,0
07/28/2026 07:15,119,263,0,262,118,0
07/28/2026 07:30,147,286,0,283,144,0
07/28/2026 07:45,136,236,0,233,133,0
07/28/2026 08:00,152,184,0,181,149,0
07/28/2026 08:15,272,118,0,107,261,0
07/28/2026 08:30,597,148,0,121,570,0
07/28/2026 08:45,901,158,0,78,821,0
07/28/2026 09:00,699,128,0,60,631,0
07/28/2026 09:15,1024,205,0,83,902,0
07/28/2026 09:30,1092,329,0,246,1009,0
07/28/2026 09:45,1173,177,0,99,1095,0
07/28/2026 10:00,1336,139,0,94,1291,0
07/28/2026 10:15,1013,116,0,15,912,0
07/28/2026 10:30,1071,119,0,20,972,0
07/28/2026 10:45,961,143,0,86,904,0
07/28/2026 11:00,1518,306,0,272,1484,0
07/28/2026 11:15,1679,282,0,206,1603,0
07/28/2026 11:30,1599,278,0,214,1535,0
07/28/2026 11:45,471,275,0,104,300,0
07/28/2026 12:00,637,308,311,0,18,0
07/28/2026 12:15,1373,311,1010,0,52,0
07/28/2026 12:30,1096,286,782,0,28,0
07/28/2026 12:45,1322,278,1012,0,32,0
07/28/2026 13:00,1072,176,862,0,34,0
07/28/2026 13:15,733,152,570,0,11,0
07/28/2026 13:30,546,246,299,0,1,0
07/28/2026 13:45,376,171,175,0,30,0
07/28/2026 14:00,1412,66,1428,0,0,82
07/28/2026 14:15,1228,82,1222,0,0,76
07/28/2026 14:30,1406,99,1402,0,0,95
07/28/2026 14:45,1034,79,1029,0,0,74
07/28/2026 15:00,1163,67,1159,0,0,63
07/28/2026 15:15,516,63,509,0,0,56
07/28/2026 15:30,408,94,402,0,0,88
07/28/2026 15:45,428,95,422,0,0,89
07/28/2026 16:00,447,64,443,0,0,60
07/28/2026 16:15,743,63,737,0,0,57
07/28/2026 16:30,725,81,720,0,0,76
07/28/2026 16:45,595,98,587,0,0,90
07/28/2026 17:00,498,343,491,0,0,336
07/28/2026 17:15,380,328,375,0,0,323
07/28/2026 17:30,301,316,297,0,0,312
07/28/2026 17:45,277,277,269,0,0,269
07/28/2026 18:00,227,398,224,0,0,395
07/28/2026 18:15,174,342,168,0,0,336
07/28/2026 18:30,153,512,146,0,0,505
07/28/2026 18:45,129,284,128,0,0,283
07/28/2026 19:00,100,360,0,2,0,258
07/28/2026 19:15,69,354,0,6,0,279
07/28/2026 19:30,35,388,0,8,0,345
07/28/2026 19:45,7,478,0,8,0,463
07/28/2026 20:00,0,438,0,5,0,433
07/28/2026 20:15,0,362,0,7,0,355
07/28/2026 20:30,0,286,0,7,0,279
07/28/2026 20:45,0,330,0,0,0,330
07/28/2026 21:00,0,260,0,4,0,256
07/28/2026 21:15,0,263,0,8,0,255
07/28/2026 21:30,0,451,0,10,0,441
07/28/2026 21:45,0,737,0,8,0,729
07/28/2026 22:00,0,595,0,5,0,590
07/28/2026 22:15,0,764,0,6,0,758
07/28/2026 22:30,0,652,0,6,0,646
07/28/2026 22:45,0,717,0,6,0,711
07/28/2026 23:00,0,721,0,4,0,717
07/28/2026 23:15,0,555,0,6,0,549
07/28/2026 23:30,0,269,0,5,0,264
07/28/2026 23:45,0,141,0,6,0,135
07/29/2026 00:00,0,271,0,8,0,263
07/29/2026 00:15,0,421,0,391,6,36
07/29/2026 00:30,0,283,0,289,6,0
07/29/2026 00:45,0,334,0,342,8,0
07/29/2026 01:00,0,357,0,363,6,0
07/29/2026 01:15,0,139,0,147,8,0
07/29/2026 01:30,0,146,0,152,6,0
07/29/2026 01:45,0,186,0,193,7,0
07/29/2026 02:00,0,313,0,319,7,1
07/29/2026 02:15,0,145,0,153,8,0
07/29/2026 02:30,0,359,0,365,6,0
07/29/2026 02:45,0,348,0,354,6,0
07/29/2026 03:00,0,345,0,353,8,0
07/29/2026 03:15,0,386,0,394,8,0
07/29/2026 03:30,0,170,0,176,6,0
07/29/2026 03:45,0,139,0,147,8,0
07/29/2026 04:00,0,152,0,159,7,0
07/29/2026 04:15,0,129,0,136,7,0
07/29/2026 04:30,0,341,0,349,8,0
07/29/2026 04:45,0,177,0,183,6,0
07/29/2026 05:00,0,118,0,126,8,0
07/29/2026 05:15,0,130,0,136,6,0
07/29/2026 05:30,0,294,0,302,8,0
07/29/2026 05:45,0,232,0,240,8,0
07/29/2026 06:00,0,376,0,383,7,0
07/29/2026 06:15,34,227,0,216,23,0
07/29/2026 06:30,61,120,0,110,51,0
07/29/2026 06:45,76,128,0,120,68,0
07/29/2026 07:00,103,428,0,427,102,0
07/29/2026 07:15,172,446,0,437,163,0
07/29/2026 07:30,235,383,0,378,230,0
07/29/2026 07:45,243,275,0,273,241,0
07/29/2026 08:00,227,129,0,126,224,0
07/29/2026 08:15,287,216,0,211,282,0
07/29/2026 08:30,429,160,0,149,418,0
07/29/2026 08:45,504,144,0,139,499,0
07/29/2026 09:00,431,127,0,126,430,0
07/29/2026 09:15,348,137,0,134,345,0
07/29/2026 09:30,343,183,0,176,336,0
07/29/2026 09:45,329,124,0,121,326,0
07/29/2026 10:00,244,120,0,115,239,0
07/29/2026 10:15,224,146,0,144,222,0
07/29/2026 10:30,190,186,0,185,189,0
07/29/2026 10:45,113,209,0,205,109,0
07/29/2026 11:00,99,325,0,321,95,0
07/29/2026 11:15,141,357,0,352,136,0
07/29/2026 11:30,213,286,0,279,206,0
07/29/2026 11:45,259,394,0,391,256,0
07/29/2026 12:00,260,303,0,298,255,0
07/29/2026 12:15,272,277,0,272,267,0
07/29/2026 12:30,229,273,0,273,229,0
07/29/2026 12:45,188,305,0,300,183,0
07/29/2026 13:00,265,144,0,140,261,0
07/29/2026 13:15,239,114,0,112,237,0
07/29/2026 13:30,213,132,0,2304,2385,0
07/29/2026 13:45,238,119,0,3595,3714,0
07/29/2026 14:00,278,65,278,0,16,81
07/29/2026 14:15,265,81,259,0,0,75
07/29/2026 14:30,258,162,249,0,0,153
07/29/2026 14:45,239,171,236,0,0,168
07/29/2026 15:00,216,70,212,0,0,66
07/29/2026 15:15,151,96,147,0,0,92
07/29/2026 15:30,254,69,251,0,0,66
07/29/2026 15:45,158,160,150,0,0,152
07/29/2026 16:00,162,215,158,0,0,211
07/29/2026 16:15,343,102,342,0,0,101
07/29/2026 16:30,388,68,383,0,0,63
07/29/2026 16:45,326,87,321,0,0,82
07/29/2026 17:00,211,84,207,0,0,80
07/29/2026 17:15,141,65,134,0,0,58
07/29/2026 17:30,52,219,42,0,0,209
07/29/2026 17:45,55,266,46,0,0,257
07/29/2026 18:00,46,354,42,0,0,350
07/29/2026 18:15,12,227,12,0,0,227
07/29/2026 18:30,0,328,0,9,0,319
07/29/2026 18:45,0,412,0,6,0,406
07/29/2026 19:00,1,448,0,15,6,438
07/29/2026 19:15,0,240,0,1,0,239
07/29/2026 19:30,0,264,0,6,0,258
07/29/2026 19:45,0,361,0,3,0,358
07/29/2026 20:00,0,266,0,2,0,264
07/29/2026 20:15,0,509,9,0,0,518
07/29/2026 20:30,0,279,0,2,0,277
07/29/2026 20:45,0,1272,0,10,0,1262
07/29/2026 21:00,0,860,4,0,0,864
07/29/2026 21:15,0,228,0,4,0,224
07/29/2026 21:30,0,394,0,6,0,388
07/29/2026 21:45,0,466,0,5,0,461
07/29/2026 22:00,0,637,0,3,0,634
07/29/2026 22:15,0,501,0,2,0,499
07/29/2026 22:30,0,375,1,0,0,376
07/29/2026 22:45,0,771,0,622,8,157
07/29/2026 23:00,0,403,0,411,8,0
07/29/2026 23:15,0,279,0,285,6,0
07/29/2026 23:30,0,291,0,297,6,0
07/29/2026 23:45,0,235,0,242,7,0
07/30/2026 00:00,0,141,0,148,7,0
07/30/2026 00:15,0,160,0,166,6,0
07/30/2026 00:30,0,134,0,140,6,0
07/30/2026 00:45,0,135,0,143,8,0
07/30/2026 01:00,0,322,0,328,6,0
07/30/2026 01:15,0,230,0,238,8,0
07/30/2026 01:30,0,175,0,181,6,0
07/30/2026 01:45,0,297,0,304,7,0
07/30/2026 02:00,0,211,0,218,7,0
07/30/2026 02:15,0,123,0,129,6,0
07/30/2026 02:30,0,218,0,345,127,0
07/30/2026 02:45,0,219,0,225,6,0
07/30/2026 03:00,0,123,0,131,8,0
07/30/2026 03:15,0,153,0,160,7,0
07/30/2026 03:30,0,135,0,142,7,0
07/30/2026 03:45,0,126,0,134,8,0
07/30/2026 04:00,0,147,0,153,6,0
07/30/2026 04:15,0,250,0,258,8,0
07/30/2026 04:30,0,278,0,403,125,0
07/30/2026 04:45,0,274,0,281,7,0
07/30/2026 05:00,0,257,0,264,7,0
07/30/2026 05:15,0,118,0,125,7,0
07/30/2026 05:30,0,270,0,277,7,0
07/30/2026 05:45,0,155,0,162,7,0
07/30/2026 06:00,0,122,0,129,7,0
07/30/2026 06:15,6,118,0,119,7,0
07/30/2026 06:30,32,142,0,116,6,0
07/30/2026 06:45,34,174,0,272,132,0
07/30/2026 07:00,46,145,0,140,41,0
07/30/2026 07:15,70,320,0,314,64,0
07/30/2026 07:30,99,295,0,289,93,0
07/30/2026 07:45,105,327,0,323,101,0
07/30/2026 08:00,173,243,0,240,170,0
07/30/2026 08:15,169,205,0,202,166,0
07/30/2026 08:30,204,116,0,112,200,0
07/30/2026 08:45,247,136,0,132,243,0
07/30/2026 09:00,234,149,0,147,232,0
07/30/2026 09:15,205,131,0,130,204,0
07/30/2026 09:30,189,235,0,231,185,0
07/30/2026 09:45,213,269,0,268,212,0
07/30/2026 10:00,225,146,0,142,221,0
07/30/2026 10:15,324,162,0,158,320,0
07/30/2026 10:30,259,181,0,179,257,0
07/30/2026 10:45,272,150,0,147,269,0
07/30/2026 11:00,313,271,0,264,306,0
07/30/2026 11:15,901,324,0,314,891,0
07/30/2026 11:30,942,404,0,402,940,0
07/30/2026 11:45,1188,302,0,300,1186,0
07/30/2026 12:00,789,274,0,276,791,0
07/30/2026 12:15,1032,287,0,283,1028,0
07/30/2026 12:30,530,298,0,302,534,0
07/30/2026 12:45,465,274,0,276,467,0
07/30/2026 13:00,264,148,0,3266,3382,0
07/30/2026 13:15,163,141,0,1867,1889,0
07/30/2026 13:30,886,129,528,0,229,0
07/30/2026 13:45,1270,116,1002,0,152,0
07/30/2026 14:00,891,83,871,0,9,72
07/30/2026 14:15,996,157,988,0,0,149
07/30/2026 14:30,751,169,749,0,0,167
07/30/2026 14:45,320,69,313,0,0,62
07/30/2026 15:00,312,93,306,0,0,87
07/30/2026 15:15,125,76,120,0,0,71
07/30/2026 15:30,798,65,794,0,0,61
07/30/2026 15:45,114,122,107,0,0,115
07/30/2026 16:00,134,195,129,0,0,190
07/30/2026 16:15,264,167,260,0,0,163
07/30/2026 16:30,332,68,328,0,0,64
07/30/2026 16:45,200,97,193,0,0,90
07/30/2026 17:00,201,72,197,0,0,68
07/30/2026 17:15,151,66,145,0,0,60
07/30/2026 17:30,88,122,79,0,0,113
07/30/2026 17:45,98,238,93,0,0,233
07/30/2026 18:00,80,229,78,0,0,227
07/30/2026 18:15,82,128,76,0,0,122
07/30/2026 18:30,151,330,143,0,0,322
07/30/2026 18:45,117,411,110,0,0,404
07/30/2026 19:00,21,635,0,13,5,606
07/30/2026 19:15,9,364,0,1,0,354
07/30/2026 19:30,5,234,0,8,0,221
07/30/2026 19:45,0,262,0,6,0,256
07/30/2026 20:00,0,426,0,8,0,418
07/30/2026 20:15,0,425,5,0,0,430
07/30/2026 20:30,0,308,0,2,0,306
07/30/2026 20:45,0,234,0,6,0,228
07/30/2026 21:00,0,212,0,2,0,210
07/30/2026 21:15,0,197,0,5,0,192
07/30/2026 21:30,0,200,0,3,0,197
07/30/2026 21:45,0,348,0,8,0,340
07/30/2026 22:00,0,397,0,4,0,393
07/30/2026 22:15,0,533,0,9,0,524
07/30/2026 22:30,0,373,0,2,0,371
07/30/2026 22:45,0,385,0,6,0,379
07/30/2026 23:00,0,656,0,7,0,649
07/30/2026 23:15,0,436,0,2,0,434
07/30/2026 23:30,0,278,0,5,0,273
07/30/2026 23:45,0,298,0,5,0,293
07/31/2026 00:00,0,328,0,4,0,324
07/31/2026 00:15,0,156,0,2,0,154
07/31/2026 00:30,0,144,0,4,0,140
07/31/2026 00:45,0,117,0,5,0,112
07/31/2026 01:00,0,166,0,9,0,157
07/31/2026 01:15,0,251,8,22,22,259
07/31/2026 01:30,0,172,0,159,20,33
07/31/2026 01:45,0,307,0,314,7,0
07/31/2026 02:00,0,314,0,321,7,0
07/31/2026 02:15,0,226,0,233,7,0
07/31/2026 02:30,0,243,0,250,7,0
07/31/2026 02:45,0,211,0,217,6,0
07/31/2026 03:00,0,210,0,217,7,0
07/31/2026 03:15,0,159,0,166,7,0
07/31/2026 03:30,0,150,0,157,7,0
07/31/2026 03:45,0,151,0,158,7,0
07/31/2026 04:00,0,127,0,133,6,0
07/31/2026 04:15,0,120,0,127,7,0
07/31/2026 04:30,0,132,0,139,7,0
07/31/2026 04:45,0,193,0,199,6,0
07/31/2026 05:00,0,377,0,498,121,0
07/31/2026 05:15,0,251,0,257,6,0
07/31/2026 05:30,0,153,0,161,8,0
07/31/2026 05:45,1,140,0,145,6,0
07/31/2026 06:00,57,244,0,194,7,0
07/31/2026 06:15,150,175,0,58,33,0
07/31/2026 06:30,195,119,0,19,95,0
07/31/2026 06:45,400,135,25,0,302,62
07/31/2026 07:00,482,151,0,150,481,0
07/31/2026 07:15,585,289,0,278,574,0
07/31/2026 07:30,700,271,0,263,692,0
07/31/2026 07:45,800,220,0,213,793,0
07/31/2026 08:00,880,265,0,262,877,0
07/31/2026 08:15,971,334,0,333,970,0
07/31/2026 08:30,1056,224,0,222,1054,0
07/31/2026 08:45,1117,130,0,125,1112,0
07/31/2026 09:00,1080,127,0,131,1084,0
07/31/2026 09:15,835,211,0,212,836,0
07/31/2026 09:30,736,295,0,296,737,0
07/31/2026 09:45,1360,191,0,183,1352,0
07/31/2026 10:00,823,134,0,138,827,0
07/31/2026 10:15,934,159,0,152,927,0
07/31/2026 10:30,1009,163,594,0,252,0
07/31/2026 10:45,1183,146,869,0,168,0
07/31/2026 11:00,1512,671,724,0,117,0
07/31/2026 11:15,665,434,115,0,116,0
07/31/2026 11:30,492,512,0,95,75,0
07/31/2026 11:45,1593,317,1275,0,1,0
07/31/2026 12:00,1234,336,884,0,14,0
07/31/2026 12:15,1455,440,973,0,42,0
07/31/2026 12:30,612,1655,0,1045,2,0
07/31/2026 12:45,1565,1177,386,0,2,0
07/31/2026 13:00,1721,193,1514,0,14,0
07/31/2026 13:15,848,145,649,0,54,0
07/31/2026 13:30,535,139,396,0,0,0
07/31/2026 13:45,379,175,194,0,10,0
07/31/2026 14:00,1688,234,1676,0,0,222
07/31/2026 14:15,883,85,881,0,0,83
07/31/2026 14:30,970,169,960,0,0,159
07/31/2026 14:45,484,171,483,0,0,170
07/31/2026 15:00,769,100,765,0,0,96
07/31/2026 15:15,636,85,631,0,0,80
07/31/2026 15:30,387,96,382,0,0,91
07/31/2026 15:45,1258,116,1254,0,0,112
07/31/2026 16:00,1264,98,1259,0,0,93
07/31/2026 16:15,525,277,520,0,0,272
07/31/2026 16:30,249,158,245,0,0,154
07/31/2026 16:45,441,97,436,0,0,92
07/31/2026 17:00,532,71,527,0,0,66
07/31/2026 17:15,213,65,208,0,0,60
07/31/2026 17:30,224,85,218,0,0,79
07/31/2026 17:45,510,276,497,0,0,263
07/31/2026 18:00,367,406,363,0,0,402
07/31/2026 18:15,186,317,180,0,0,311
07/31/2026 18:30,175,403,168,0,0,396
07/31/2026 18:45,120,417,114,0,0,411
07/31/2026 19:00,57,530,0,14,8,467
07/31/2026 19:15,29,538,0,9,0,500
07/31/2026 19:30,20,556,3,0,0,539
07/31/2026 19:45,7,456,2,0,0,451
07/31/2026 20:00,0,606,0,9,0,597
07/31/2026 20:15,0,642,0,3,0,639
07/31/2026 20:30,0,514,0,3,0,511
07/31/2026 20:45,0,277,0,2,0,275
07/31/2026 21:00,0,284,0,3,0,281
07/31/2026 21:15,0,510,0,9,0,501
07/31/2026 21:30,0,802,0,5,0,797
07/31/2026 21:45,0,578,0,6,0,572
07/31/2026 22:00,0,736,0,3,0,733
07/31/2026 22:15,0,544,0,1,0,543
07/31/2026 22:30,0,659,0,7,0,652
07/31/2026 22:45,0,535,0,12,0,523
07/31/2026 23:00,0,289,0,186,6,109
07/31/2026 23:15,0,289,0,186,6,109
07/31/2026 23:30,0,323,0,329,6,0
07/31/2026 23:45,0,339,0,345,6,0
