Date/Time,Energy Produced (Wh),Energy Consumed (Wh),Exported to Grid (Wh),Imported from Grid (Wh),Stored in batteries (Wh),Discharged from batteries (Wh)
2026-01-01 00:00:00 -0500,0,603,0,675,72,0
2026-01-01 00:15:00 -0500,0,606,0,668,62,0
2026-01-01 00:30:00 -0500,0,635,0,689,54,0
2026-01-01 00:45:00 -0500,0,625,0,691,66,0
2026-01-01 01:00:00 -0500,0,609,0,672,63,0
2026-01-01 01:15:00 -0500,0,656,0,719,63,0
2026-01-01 01:30:00 -0500,0,543,0,597,54,0
2026-01-01 01:45:00 -0500,0,539,0,611,72,0
2026-01-01 02:00:00 -0500,0,551,0,613,62,0
2026-01-01 02:15:00 -0500,0,528,0,580,52,0
2026-01-01 02:30:00 -0500,0,575,0,647,72,0
2026-01-01 02:45:00 -0500,0,688,0,750,62,0
2026-01-01 03:00:00 -0500,0,688,0,742,54,0
2026-01-01 03:15:00 -0500,0,660,0,725,65,0
2026-01-01 03:30:00 -0500,0,651,0,713,62,0
2026-01-01 03:45:00 -0500,0,610,0,671,61,0
2026-01-01 04:00:00 -0500,0,540,0,559,19,0
2026-01-01 04:15:00 -0500,0,554,0,574,20,0
2026-01-01 04:30:00 -0500,0,565,0,587,22,0
2026-01-01 04:45:00 -0500,0,576,0,576,0,0
2026-01-01 05:00:00 -0500,0,614,0,635,21,0
2026-01-01 05:15:00 -0500,0,531,0,553,22,0
2026-01-01 05:30:00 -0500,0,523,0,524,1,0
2026-01-01 05:45:00 -0500,0,577,0,587,10,0
2026-01-01 06:00:00 -0500,0,562,0,584,22,0
2026-01-01 06:15:00 -0500,0,578,0,588,10,0
2026-01-01 06:30:00 -0500,0,617,0,617,0,0
2026-01-01 06:45:00 -0500,0,700,0,720,20,0
2026-01-01 07:00:00 -0500,0,658,0,681,23,0
2026-01-01 07:15:00 -0500,0,701,0,707,6,0
2026-01-01 07:30:00 -0500,0,606,0,628,22,0
2026-01-01 07:45:00 -0500,0,571,0,588,17,0
2026-01-01 08:00:00 -0500,0,517,0,521,4,0
2026-01-01 08:15:00 -0500,3,539,0,550,14,0
2026-01-01 08:30:00 -0500,1,562,0,573,12,0
2026-01-01 08:45:00 -0500,26,564,0,547,9,0
2026-01-01 09:00:00 -0500,20,550,0,535,5,0
2026-01-01 09:15:00 -0500,18,567,0,568,19,0
2026-01-01 09:30:00 -0500,18,678,0,674,14,0
2026-01-01 09:45:00 -0500,16,642,0,626,0,0
2026-01-01 10:00:00 -0500,22,643,0,645,24,0
2026-01-01 10:15:00 -0500,42,608,0,574,8,0
2026-01-01 10:30:00 -0500,79,682,0,605,2,0
2026-01-01 10:45:00 -0500,69,563,0,506,12,0
2026-01-01 11:00:00 -0500,51,557,0,518,12,0
2026-01-01 11:15:00 -0500,65,560,0,510,15,0
2026-01-01 11:30:00 -0500,105,569,0,464,0,0
2026-01-01 11:45:00 -0500,93,1137,0,1069,25,0
2026-01-01 12:00:00 -0500,173,690,0,525,8,0
2026-01-01 12:15:00 -0500,72,1563,0,1491,0,0
2026-01-01 12:30:00 -0500,89,1835,0,1770,24,0
2026-01-01 12:45:00 -0500,186,1535,0,1358,9,0
2026-01-01 13:00:00 -0500,196,755,0,566,7,0
2026-01-01 13:15:00 -0500,265,1301,0,1042,6,0
2026-01-01 13:30:00 -0500,240,932,0,708,16,0
2026-01-01 13:45:00 -0500,138,1018,0,890,10,0
2026-01-01 14:00:00 -0500,95,952,0,857,0,0
2026-01-01 14:15:00 -0500,69,925,0,881,25,0
2026-01-01 14:30:00 -0500,51,860,0,817,8,0
2026-01-01 14:45:00 -0500,69,938,0,873,4,0
2026-01-01 15:00:00 -0500,50,1464,0,1431,17,0
2026-01-01 15:15:00 -0500,22,870,0,857,9,0
2026-01-01 15:30:00 -0500,18,910,0,898,6,0
2026-01-01 15:45:00 -0500,12,901,0,895,6,0
2026-01-01 16:00:00 -0500,2,849,0,32,0,815
2026-01-01 16:15:00 -0500,0,1612,0,201,0,1411
2026-01-01 16:30:00 -0500,0,1257,0,27,0,1230
2026-01-01 16:45:00 -0500,0,1288,0,10,0,1278
2026-01-01 17:00:00 -0500,0,910,8,0,0,918
2026-01-01 17:15:00 -0500,0,822,0,2,0,820
2026-01-01 17:30:00 -0500,0,1327,18,0,0,1345
2026-01-01 17:45:00 -0500,0,1029,3,0,0,1032
2026-01-01 18:00:00 -0500,0,1061,7,0,0,1068
2026-01-01 18:15:00 -0500,0,1101,0,317,3,787
2026-01-01 18:30:00 -0500,0,1038,0,1049,11,0
2026-01-01 18:45:00 -0500,0,1091,0,1096,5,0
2026-01-01 19:00:00 -0500,0,977,0,984,7,0
2026-01-01 19:15:00 -0500,0,935,0,941,6,0
2026-01-01 19:30:00 -0500,0,981,0,986,5,0
2026-01-01 19:45:00 -0500,0,1028,0,1031,3,0
2026-01-01 20:00:00 -0500,0,1188,0,1695,507,0
2026-01-01 20:15:00 -0500,0,1221,0,1981,760,0
2026-01-01 20:30:00 -0500,0,1550,0,2308,758,0
2026-01-01 20:45:00 -0500,0,2449,0,3208,759,0
2026-01-01 21:00:00 -0500,0,2137,0,2907,770,0
2026-01-01 21:15:00 -0500,0,1132,0,1892,760,0
2026-01-01 21:30:00 -0500,0,1298,0,2057,759,0
2026-01-01 21:45:00 -0500,0,1124,0,1864,740,0
2026-01-01 22:00:00 -0500,0,616,0,1328,712,0
2026-01-01 22:15:00 -0500,0,536,0,1215,679,0
2026-01-01 22:30:00 -0500,0,421,0,1061,640,0
2026-01-01 22:45:00 -0500,0,536,0,1121,585,0
2026-01-01 23:00:00 -0500,0,664,0,1164,500,0
2026-01-01 23:15:00 -0500,0,1111,0,1534,423,0
2026-01-01 23:30:00 -0500,0,974,0,1287,313,0
2026-01-01 23:45:00 -0500,0,1045,0,1283,238,0
2026-01-02 00:00:00 -0500,0,751,0,857,106,0
2026-01-02 00:15:00 -0500,0,1041,0,1092,51,0
2026-01-02 00:30:00 -0500,0,792,0,842,50,0
2026-01-02 00:45:00 -0500,0,909,0,981,72,0
2026-01-02 01:00:00 -0500,0,1059,0,1120,61,0
2026-01-02 01:15:00 -0500,0,865,0,932,67,0
2026-01-02 01:30:00 -0500,0,1016,0,1091,75,0
2026-01-02 01:45:00 -0500,0,681,0,747,66,0
2026-01-02 02:00:00 -0500,0,1149,0,1207,58,0
2026-01-02 02:15:00 -0500,0,847,0,915,68,0
2026-01-02 02:30:00 -0500,0,942,0,1004,62,0
2026-01-02 02:45:00 -0500,0,669,0,729,60,0
2026-01-02 03:00:00 -0500,0,869,0,926,57,0
2026-01-02 03:15:00 -0500,0,833,0,898,65,0
2026-01-02 03:30:00 -0500,0,856,0,921,65,0
2026-01-02 03:45:00 -0500,0,869,0,927,58,0
2026-01-02 04:00:00 -0500,0,817,0,881,64,0
2026-01-02 04:15:00 -0500,0,680,0,748,68,0
2026-01-02 04:30:00 -0500,0,796,0,853,57,0
2026-01-02 04:45:00 -0500,0,970,0,1037,67,0
2026-01-02 05:00:00 -0500,0,931,0,997,66,0
2026-01-02 05:15:00 -0500,0,1027,0,1086,59,0
2026-01-02 05:30:00 -0500,0,915,0,975,60,0
2026-01-02 05:45:00 -0500,0,862,0,925,63,0
2026-01-02 06:00:00 -0500,0,753,0,822,69,0
2026-01-02 06:15:00 -0500,0,911,0,966,55,0
2026-01-02 06:30:00 -0500,0,725,0,794,69,0
2026-01-02 06:45:00 -0500,0,922,0,986,64,0
2026-01-02 07:00:00 -0500,0,669,0,729,60,0
2026-01-02 07:15:00 -0500,0,848,0,913,65,0
2026-01-02 07:30:00 -0500,0,928,0,992,64,0
2026-01-02 07:45:00 -0500,2,890,0,950,62,0
2026-01-02 08:00:00 -0500,18,1135,0,1169,52,0
2026-01-02 08:15:00 -0500,43,1026,0,1049,66,0
2026-01-02 08:30:00 -0500,64,833,0,831,62,0
2026-01-02 08:45:00 -0500,50,750,0,756,56,0
2026-01-02 09:00:00 -0500,87,734,0,709,62,0
2026-01-02 09:15:00 -0500,137,696,0,625,66,0
2026-01-02 09:30:00 -0500,163,671,0,568,60,0
2026-01-02 09:45:00 -0500,203,741,0,602,64,0
2026-01-02 10:00:00 -0500,241,793,0,615,63,0
2026-01-02 10:15:00 -0500,330,771,0,503,62,0
2026-01-02 10:30:00 -0500,449,819,0,424,54,0
2026-01-02 10:45:00 -0500,518,865,0,414,67,0
2026-01-02 11:00:00 -0500,574,830,0,320,64,0
2026-01-02 11:15:00 -0500,621,1088,0,524,57,0
2026-01-02 11:30:00 -0500,659,1847,0,1255,67,0
2026-01-02 11:45:00 -0500,671,1811,0,1203,63,0
2026-01-02 12:00:00 -0500,678,1328,0,708,58,0
2026-01-02 12:15:00 -0500,705,1435,0,790,60,0
2026-01-02 12:30:00 -0500,703,1196,0,556,63,0
2026-01-02 12:45:00 -0500,685,1324,0,699,60,0
2026-01-02 13:00:00 -0500,632,1117,0,539,54,0
2026-01-02 13:15:00 -0500,508,1221,0,777,64,0
2026-01-02 13:30:00 -0500,352,1067,0,772,57,0
2026-01-02 13:45:00 -0500,260,973,0,767,54,0
2026-01-02 14:00:00 -0500,151,941,0,849,59,0
2026-01-02 14:15:00 -0500,188,945,0,819,62,0
2026-01-02 14:30:00 -0500,225,873,0,699,51,0
2026-01-02 14:45:00 -0500,169,942,0,835,62,0
2026-01-02 15:00:00 -0500,96,937,0,897,56,0
2026-01-02 15:15:00 -0500,69,1010,0,1001,60,0
2026-01-02 15:30:00 -0500,41,870,0,880,51,0
2026-01-02 15:45:00 -0500,20,791,0,834,63,0
2026-01-02 16:00:00 -0500,20,702,28,0,0,710
2026-01-02 16:15:00 -0500,1,702,0,2,0,699
2026-01-02 16:30:00 -0500,0,726,0,3,0,723
2026-01-02 16:45:00 -0500,0,773,0,6,0,767
2026-01-02 17:00:00 -0500,0,923,0,3,0,920
2026-01-02 17:15:00 -0500,0,904,0,0,0,904
2026-01-02 17:30:00 -0500,0,1143,0,49,0,1094
2026-01-02 17:45:00 -0500,0,1263,8,0,0,1271
2026-01-02 18:00:00 -0500,0,1232,5,0,0,1237
2026-01-02 18:15:00 -0500,0,671,3,0,0,674
2026-01-02 18:30:00 -0500,0,793,5,0,0,798
2026-01-02 18:45:00 -0500,0,739,0,61,1,679
2026-01-02 19:00:00 -0500,0,828,0,839,11,0
2026-01-02 19:15:00 -0500,0,931,0,934,3,0
2026-01-02 19:30:00 -0500,0,979,0,979,0,0
2026-01-02 19:45:00 -0500,0,863,0,863,0,0
2026-01-02 20:00:00 -0500,0,809,0,1566,757,0
2026-01-02 20:15:00 -0500,0,896,0,2023,1127,0
2026-01-02 20:30:00 -0500,0,987,0,2131,1144,0
2026-01-02 20:45:00 -0500,0,963,0,2129,1166,0
2026-01-02 21:00:00 -0500,0,839,0,2011,1172,0
2026-01-02 21:15:00 -0500,0,915,0,2095,1180,0
2026-01-02 21:30:00 -0500,0,900,0,2063,1163,0
2026-01-02 21:45:00 -0500,0,1161,0,2309,1148,0
2026-01-02 22:00:00 -0500,0,857,0,1952,1095,0
2026-01-02 22:15:00 -0500,0,974,0,1959,985,0
2026-01-02 22:30:00 -0500,0,607,0,1430,823,0
2026-01-02 22:45:00 -0500,0,233,0,854,621,0
2026-01-02 23:00:00 -0500,0,500,0,841,341,0
2026-01-02 23:15:00 -0500,2,409,0,435,30,2
2026-01-02 23:30:00 -0500,0,262,0,272,12,2
2026-01-02 23:45:00 -0500,0,781,0,801,20,0
2026-01-03 00:00:00 -0500,0,729,0,753,24,0
2026-01-03 00:15:00 -0500,0,914,0,914,0,0
2026-01-03 00:30:00 -0500,0,761,0,769,10,2
2026-01-03 00:45:00 -0500,0,899,0,932,33,0
2026-01-03 01:00:00 -0500,0,661,0,671,10,0
2026-01-03 01:15:00 -0500,0,896,0,906,10,0
2026-01-03 01:30:00 -0500,0,673,0,703,30,0
2026-01-03 01:45:00 -0500,0,923,0,937,14,0
2026-01-03 02:00:00 -0500,0,854,0,854,0,0
2026-01-03 02:15:00 -0500,0,860,0,872,12,0
2026-01-03 02:30:00 -0500,0,1049,0,1080,31,0
2026-01-03 02:45:00 -0500,0,836,0,841,5,0
2026-01-03 03:00:00 -0500,0,714,0,714,0,0
2026-01-03 03:15:00 -0500,0,631,0,655,24,0
2026-01-03 03:30:00 -0500,0,794,0,805,11,0
2026-01-03 03:45:00 -0500,0,645,0,650,5,0
2026-01-03 04:00:00 -0500,0,880,0,884,4,0
2026-01-03 04:15:00 -0500,0,733,0,763,30,0
2026-01-03 04:30:00 -0500,0,920,0,920,0,0
2026-01-03 04:45:00 -0500,0,718,0,723,5,0
2026-01-03 05:00:00 -0500,0,1234,0,1263,29,0
2026-01-03 05:15:00 -0500,0,886,0,892,6,0
2026-01-03 05:30:00 -0500,0,906,0,907,1,0
2026-01-03 05:45:00 -0500,0,680,0,703,23,0
2026-01-03 06:00:00 -0500,0,857,0,870,13,0
2026-01-03 06:15:00 -0500,0,666,0,669,3,0
2026-01-03 06:30:00 -0500,0,1270,0,1273,3,0
2026-01-03 06:45:00 -0500,0,544,0,576,32,0
2026-01-03 07:00:00 -0500,0,424,0,424,0,0
2026-01-03 07:15:00 -0500,0,726,0,730,4,0
2026-01-03 07:30:00 -0500,9,1061,0,1080,28,0
2026-01-03 07:45:00 -0500,42,1178,0,1142,6,0
2026-01-03 08:00:00 -0500,74,1276,0,1206,4,0
2026-01-03 08:15:00 -0500,88,1038,0,970,20,0
2026-01-03 08:30:00 -0500,91,765,0,688,14,0
2026-01-03 08:45:00 -0500,114,2041,0,1929,2,0
2026-01-03 09:00:00 -0500,167,2299,0,2136,4,0
2026-01-03 09:15:00 -0500,214,750,0,564,28,0
2026-01-03 09:30:00 -0500,255,718,0,467,4,0
2026-01-03 09:45:00 -0500,327,881,0,555,1,0
2026-01-03 10:00:00 -0500,472,961,0,520,31,0
2026-01-03 10:15:00 -0500,515,733,0,223,5,0
2026-01-03 10:30:00 -0500,655,2013,0,1360,2,0
2026-01-03 10:45:00 -0500,602,1911,0,1330,21,0
2026-01-03 11:00:00 -0500,385,1635,0,1262,12,0
2026-01-03 11:15:00 -0500,354,706,0,356,4,0
2026-01-03 11:30:00 -0500,363,559,0,197,1,0
2026-01-03 11:45:00 -0500,438,652,0,244,30,0
2026-01-03 12:00:00 -0500,559,1330,0,771,0,0
2026-01-03 12:15:00 -0500,658,602,52,0,4,0
2026-01-03 12:30:00 -0500,388,883,0,518,23,0
2026-01-03 12:45:00 -0500,392,965,0,580,7,0
2026-01-03 13:00:00 -0500,410,890,0,480,0,0
2026-01-03 13:15:00 -0500,354,1638,0,1303,19,0
2026-01-03 13:30:00 -0500,322,2346,0,2036,12,0
2026-01-03 13:45:00 -0500,354,2901,0,2551,4,0
2026-01-03 14:00:00 -0500,380,2509,0,2129,0,0
2026-01-03 14:15:00 -0500,263,1577,0,1344,30,0
2026-01-03 14:30:00 -0500,150,1577,0,1427,0,0
2026-01-03 14:45:00 -0500,99,2419,0,2320,0,0
2026-01-03 15:00:00 -0500,94,2940,0,2874,28,0
2026-01-03 15:15:00 -0500,107,1864,0,1762,5,0
2026-01-03 15:30:00 -0500,120,1886,0,1768,4,2
2026-01-03 15:45:00 -0500,46,1435,0,1402,13,0
2026-01-03 16:00:00 -0500,12,542,2,0,1,533
2026-01-03 16:15:00 -0500,1,604,0,8,0,595
2026-01-03 16:30:00 -0500,0,597,0,4,0,593
2026-01-03 16:45:00 -0500,0,560,0,5,0,555
2026-01-03 17:00:00 -0500,0,581,0,8,0,573
2026-01-03 17:15:00 -0500,0,685,0,7,0,678
2026-01-03 17:30:00 -0500,0,1011,5,0,0,1016
2026-01-03 17:45:00 -0500,0,802,10,0,0,812
2026-01-03 18:00:00 -0500,0,857,0,1,0,856
2026-01-03 18:15:00 -0500,0,624,0,9,0,615
2026-01-03 18:30:00 -0500,0,696,0,0,0,696
2026-01-03 18:45:00 -0500,0,675,2,0,0,677
2026-01-03 19:00:00 -0500,0,880,0,12,0,868
2026-01-03 19:15:00 -0500,0,778,13,0,0,791
2026-01-03 19:30:00 -0500,0,739,1,0,0,740
2026-01-03 19:45:00 -0500,0,807,4,0,0,811
2026-01-03 20:00:00 -0500,0,768,0,737,12,43
2026-01-03 20:15:00 -0500,0,1064,0,1072,8,0
2026-01-03 20:30:00 -0500,0,832,0,834,2,0
2026-01-03 20:45:00 -0500,0,750,0,752,2,0
2026-01-03 21:00:00 -0500,0,807,0,809,2,0
2026-01-03 21:15:00 -0500,0,704,0,704,0,0
2026-01-03 21:30:00 -0500,0,739,0,743,4,0
2026-01-03 21:45:00 -0500,0,896,0,898,2,0
2026-01-03 22:00:00 -0500,0,615,0,1319,704,0
2026-01-03 22:15:00 -0500,0,897,0,1918,1021,0
2026-01-03 22:30:00 -0500,0,823,0,1865,1042,0
2026-01-03 22:45:00 -0500,0,889,0,1963,1074,0
2026-01-03 23:00:00 -0500,0,967,0,2069,1102,0
2026-01-03 23:15:00 -0500,0,624,0,1749,1125,0
2026-01-03 23:30:00 -0500,0,691,0,1824,1133,0
2026-01-03 23:45:00 -0500,0,681,0,1836,1155,0
2026-01-04 00:00:00 -0500,0,660,0,1790,1130,0
2026-01-04 00:15:00 -0500,0,754,0,1833,1079,0
2026-01-04 00:30:00 -0500,0,611,0,1504,893,0
2026-01-04 00:45:00 -0500,0,602,0,1254,652,0
2026-01-04 01:00:00 -0500,0,631,0,1021,390,0
2026-01-04 01:15:00 -0500,0,586,0,725,139,0
2026-01-04 01:30:00 -0500,0,676,0,730,54,0
2026-01-04 01:45:00 -0500,0,634,0,701,67,0
2026-01-04 02:00:00 -0500,0,794,0,869,75,0
2026-01-04 02:15:00 -0500,0,721,0,787,66,0
2026-01-04 02:30:00 -0500,0,620,0,671,51,0
2026-01-04 02:45:00 -0500,0,772,0,835,63,0
2026-01-04 03:00:00 -0500,0,618,0,688,70,0
2026-01-04 03:15:00 -0500,0,602,0,655,53,0
2026-01-04 03:30:00 -0500,0,673,0,724,51,0
2026-01-04 03:45:00 -0500,0,555,0,626,71,0
2026-01-04 04:00:00 -0500,0,683,0,760,77,0
2026-01-04 04:15:00 -0500,0,776,0,828,52,0
2026-01-04 04:30:00 -0500,0,739,0,807,68,0
2026-01-04 04:45:00 -0500,0,823,0,885,62,0
2026-01-04 05:00:00 -0500,0,614,0,670,56,0
2026-01-04 05:15:00 -0500,0,648,0,710,62,0
2026-01-04 05:30:00 -0500,0,754,0,816,62,0
2026-01-04 05:45:00 -0500,0,658,0,720,62,0
2026-01-04 06:00:00 -0500,0,748,0,800,52,0
2026-01-04 06:15:00 -0500,0,537,0,609,72,0
2026-01-04 06:30:00 -0500,0,759,0,821,62,0
2026-01-04 06:45:00 -0500,0,740,0,791,51,0
2026-01-04 07:00:00 -0500,0,981,0,1045,64,0
2026-01-04 07:15:00 -0500,0,1025,0,1086,61,0
2026-01-04 07:30:00 -0500,0,936,0,988,52,0
2026-01-04 07:45:00 -0500,0,994,0,1022,28,0
2026-01-04 08:00:00 -0500,0,892,0,903,12,1
2026-01-04 08:15:00 -0500,26,897,0,888,17,0
2026-01-04 08:30:00 -0500,38,778,0,745,5,0
2026-01-04 08:45:00 -0500,27,953,0,946,20,0
2026-01-04 09:00:00 -0500,44,1119,0,1082,8,1
2026-01-04 09:15:00 -0500,93,389,0,308,12,0
2026-01-04 09:30:00 -0500,79,231,0,164,12,0
2026-01-04 09:45:00 -0500,119,582,0,471,8,0
2026-01-04 10:00:00 -0500,168,389,0,240,19,0
2026-01-04 10:15:00 -0500,253,262,0,16,7,0
2026-01-04 10:30:00 -0500,237,861,0,634,11,1
2026-01-04 10:45:00 -0500,197,797,0,613,13,0
2026-01-04 11:00:00 -0500,496,1236,0,746,7,1
2026-01-04 11:15:00 -0500,556,965,0,426,17,0
2026-01-04 11:30:00 -0500,706,824,0,128,10,0
2026-01-04 11:45:00 -0500,354,768,0,425,11,0
2026-01-04 12:00:00 -0500,443,1013,0,580,10,0
2026-01-04 12:15:00 -0500,571,291,269,0,11,0
2026-01-04 12:30:00 -0500,184,736,0,559,7,0
2026-01-04 12:45:00 -0500,243,719,0,493,17,0
2026-01-04 13:00:00 -0500,152,567,0,429,14,0
2026-01-04 13:15:00 -0500,113,886,0,784,11,0
2026-01-04 13:30:00 -0500,122,853,0,735,4,0
2026-01-04 13:45:00 -0500,180,834,0,669,16,1
2026-01-04 14:00:00 -0500,211,844,0,649,16,0
2026-01-04 14:15:00 -0500,247,894,0,649,2,0
2026-01-04 14:30:00 -0500,191,1020,0,838,9,0
2026-01-04 14:45:00 -0500,138,675,0,550,13,0
2026-01-04 15:00:00 -0500,104,901,0,807,10,0
2026-01-04 15:15:00 -0500,74,765,0,701,10,0
2026-01-04 15:30:00 -0500,46,639,0,607,14,0
2026-01-04 15:45:00 -0500,20,735,0,729,14,0
2026-01-04 16:00:00 -0500,5,568,0,11,0,552
2026-01-04 16:15:00 -0500,0,586,0,3,0,583
2026-01-04 16:30:00 -0500,0,777,2,0,0,779
2026-01-04 16:45:00 -0500,0,682,0,0,0,682
2026-01-04 17:00:00 -0500,0,626,7,0,0,633
2026-01-04 17:15:00 -0500,0,623,0,7,0,616
2026-01-04 17:30:00 -0500,0,819,0,5,0,814
2026-01-04 17:45:00 -0500,0,707,0,7,0,700
2026-01-04 18:00:00 -0500,0,710,0,5,0,705
2026-01-04 18:15:00 -0500,0,393,0,10,0,383
2026-01-04 18:30:00 -0500,0,847,0,3,0,844
2026-01-04 18:45:00 -0500,0,686,20,0,0,706
2026-01-04 19:00:00 -0500,0,710,0,10,0,700
2026-01-04 19:15:00 -0500,0,1004,0,0,0,1004
2026-01-04 19:30:00 -0500,0,670,1,0,0,671
2026-01-04 19:45:00 -0500,0,721,5,0,0,726
2026-01-04 20:00:00 -0500,0,647,0,606,13,54
2026-01-04 20:15:00 -0500,0,868,0,875,7,0
2026-01-04 20:30:00 -0500,0,739,0,742,3,0
2026-01-04 20:45:00 -0500,0,804,0,807,3,0
2026-01-04 21:00:00 -0500,0,2125,0,2129,4,0
2026-01-04 21:15:00 -0500,0,2218,0,2219,1,0
2026-01-04 21:30:00 -0500,0,1393,0,1396,3,0
2026-01-04 21:45:00 -0500,0,1102,0,1104,2,0
2026-01-04 22:00:00 -0500,0,403,0,1096,693,0
2026-01-04 22:15:00 -0500,0,203,0,1239,1036,0
2026-01-04 22:30:00 -0500,0,248,0,1316,1068,0
2026-01-04 22:45:00 -0500,0,566,0,1671,1105,0
2026-01-04 23:00:00 -0500,0,622,0,1754,1132,0
2026-01-04 23:15:00 -0500,0,673,0,1832,1159,0
2026-01-04 23:30:00 -0500,0,873,0,2043,1170,0
2026-01-04 23:45:00 -0500,0,650,0,1810,1160,0
2026-01-05 00:00:00 -0500,0,800,0,1961,1161,0
2026-01-05 00:15:00 -0500,0,739,0,1791,1052,0
2026-01-05 00:30:00 -0500,0,686,0,1445,759,0
2026-01-05 00:45:00 -0500,0,712,0,1194,482,0
2026-01-05 01:00:00 -0500,0,555,0,774,219,0
2026-01-05 01:15:00 -0500,0,645,0,714,69,0
2026-01-05 01:30:00 -0500,0,676,0,729,53,0
2026-01-05 01:45:00 -0500,0,647,0,708,61,0
2026-01-05 02:00:00 -0500,0,843,0,915,72,0
2026-01-05 02:15:00 -0500,0,667,0,721,54,0
2026-01-05 02:30:00 -0500,0,700,0,772,72,0
2026-01-05 02:45:00 -0500,0,795,0,866,71,0
2026-01-05 03:00:00 -0500,0,823,0,885,62,0
2026-01-05 03:15:00 -0500,0,884,0,937,53,0
2026-01-05 03:30:00 -0500,0,710,0,779,69,0
2026-01-05 03:45:00 -0500,0,878,0,943,65,0
2026-01-05 04:00:00 -0500,0,710,0,762,52,0
2026-01-05 04:15:00 -0500,0,875,0,933,58,0
2026-01-05 04:30:00 -0500,0,667,0,743,76,0
2026-01-05 04:45:00 -0500,0,771,0,825,54,0
2026-01-05 05:00:00 -0500,0,623,0,677,54,0
2026-01-05 05:15:00 -0500,0,766,0,838,72,0
2026-01-05 05:30:00 -0500,0,1174,0,1236,62,0
2026-01-05 05:45:00 -0500,0,862,0,915,53,0
2026-01-05 06:00:00 -0500,0,955,0,1023,68,0
2026-01-05 06:15:00 -0500,0,711,0,776,65,0
2026-01-05 06:30:00 -0500,0,1117,0,1170,53,0
2026-01-05 06:45:00 -0500,0,990,0,1046,56,0
2026-01-05 07:00:00 -0500,0,1030,0,1106,76,0
2026-01-05 07:15:00 -0500,2,1003,0,1057,56,0
2026-01-05 07:30:00 -0500,29,999,0,1021,51,0
2026-01-05 07:45:00 -0500,45,788,0,808,65,0
2026-01-05 08:00:00 -0500,86,886,0,848,48,0
2026-01-05 08:15:00 -0500,124,1131,0,1014,7,0
2026-01-05 08:30:00 -0500,231,1223,0,1020,28,0
2026-01-05 08:45:00 -0500,233,1001,0,784,16,0
2026-01-05 09:00:00 -0500,285,892,0,607,0,0
2026-01-05 09:15:00 -0500,292,1020,0,742,14,0
2026-01-05 09:30:00 -0500,327,1013,0,710,24,0
2026-01-05 09:45:00 -0500,501,985,0,490,6,0
2026-01-05 10:00:00 -0500,457,943,0,496,10,0
2026-01-05 10:15:00 -0500,457,732,0,295,20,0
2026-01-05 10:30:00 -0500,508,861,0,363,10,0
2026-01-05 10:45:00 -0500,505,1074,0,579,10,0
2026-01-05 11:00:00 -0500,558,1015,0,471,14,0
2026-01-05 11:15:00 -0500,505,888,0,397,14,0
2026-01-05 11:30:00 -0500,345,726,0,390,9,0
2026-01-05 11:45:00 -0500,674,719,0,47,2,0
2026-01-05 12:00:00 -0500,551,803,0,273,21,0
2026-01-05 12:15:00 -0500,415,897,0,487,5,0
2026-01-05 12:30:00 -0500,420,915,0,505,10,0
2026-01-05 12:45:00 -0500,557,1089,0,549,17,0
2026-01-05 13:00:00 -0500,493,738,0,257,12,0
2026-01-05 13:15:00 -0500,410,735,0,336,11,0
2026-01-05 13:30:00 -0500,327,1000,0,685,12,0
2026-01-05 13:45:00 -0500,403,850,0,464,17,0
2026-01-05 14:00:00 -0500,309,816,0,516,9,0
2026-01-05 14:15:00 -0500,255,585,0,332,2,0
2026-01-05 14:30:00 -0500,213,662,0,472,23,0
2026-01-05 14:45:00 -0500,138,789,0,656,5,0
2026-01-05 15:00:00 -0500,183,824,0,650,9,0
2026-01-05 15:15:00 -0500,181,807,0,644,18,0
2026-01-05 15:30:00 -0500,102,736,0,643,9,0
2026-01-05 15:45:00 -0500,59,788,0,738,9,0
2026-01-05 16:00:00 -0500,13,809,14,0,0,810
2026-01-05 16:15:00 -0500,0,916,0,5,0,911
2026-01-05 16:30:00 -0500,0,874,0,2,0,872
2026-01-05 16:45:00 -0500,0,882,0,5,0,877
2026-01-05 17:00:00 -0500,0,702,0,4,0,698
2026-01-05 17:15:00 -0500,0,731,0,4,0,727
2026-01-05 17:30:00 -0500,0,1193,19,0,0,1212
2026-01-05 17:45:00 -0500,0,878,0,1,0,877
2026-01-05 18:00:00 -0500,0,894,0,3,0,891
2026-01-05 18:15:00 -0500,0,728,0,11,0,717
2026-01-05 18:30:00 -0500,0,849,0,1,0,848
2026-01-05 18:45:00 -0500,0,877,0,2,0,875
2026-01-05 19:00:00 -0500,0,720,11,0,0,731
2026-01-05 19:15:00 -0500,0,749,0,7,0,742
2026-01-05 19:30:00 -0500,0,829,2,0,0,831
2026-01-05 19:45:00 -0500,0,726,0,0,0,726
2026-01-05 20:00:00 -0500,0,751,0,742,15,24
2026-01-05 20:15:00 -0500,0,840,0,846,6,0
2026-01-05 20:30:00 -0500,0,903,0,904,1,0
2026-01-05 20:45:00 -0500,0,885,0,885,0,0
2026-01-05 21:00:00 -0500,0,775,0,775,0,0
2026-01-05 21:15:00 -0500,0,1138,0,1138,0,0
2026-01-05 21:30:00 -0500,0,899,0,900,1,0
2026-01-05 21:45:00 -0500,0,1041,0,1042,1,0
2026-01-05 22:00:00 -0500,0,399,0,1223,824,0
2026-01-05 22:15:00 -0500,0,199,0,1395,1196,0
2026-01-05 22:30:00 -0500,0,266,0,1504,1238,0
2026-01-05 22:45:00 -0500,0,681,0,1954,1273,0
2026-01-05 23:00:00 -0500,0,650,0,1960,1310,0
2026-01-05 23:15:00 -0500,0,719,0,2068,1349,0
2026-01-05 23:30:00 -0500,0,645,0,2018,1373,0
2026-01-05 23:45:00 -0500,0,652,0,2040,1388,0
2026-01-06 00:00:00 -0500,0,655,0,2054,1399,0
2026-01-06 00:15:00 -0500,0,715,0,2153,1438,0
2026-01-06 00:30:00 -0500,0,742,0,2048,1306,0
2026-01-06 00:45:00 -0500,0,738,0,1721,983,0
2026-01-06 01:00:00 -0500,0,643,0,1327,684,0
2026-01-06 01:15:00 -0500,0,603,0,900,297,0
2026-01-06 01:30:00 -0500,0,658,0,660,2,0
2026-01-06 01:45:00 -0500,0,619,0,619,0,0
2026-01-06 02:00:00 -0500,0,671,0,719,48,0
2026-01-06 02:15:00 -0500,0,804,0,824,20,0
2026-01-06 02:30:00 -0500,0,647,0,647,0,0
2026-01-06 02:45:00 -0500,0,665,0,677,12,0
2026-01-06 03:00:00 -0500,0,869,0,906,37,0
2026-01-06 03:15:00 -0500,0,754,0,754,0,0
2026-01-06 03:30:00 -0500,0,773,0,814,41,0
2026-01-06 03:45:00 -0500,0,717,0,725,8,0
2026-01-06 04:00:00 -0500,0,581,0,593,12,0
2026-01-06 04:15:00 -0500,0,709,0,711,2,0
2026-01-06 04:30:00 -0500,0,668,0,686,18,0
2026-01-06 04:45:00 -0500,0,713,0,732,19,0
2026-01-06 05:00:00 -0500,0,765,0,766,1,0
2026-01-06 05:15:00 -0500,0,653,0,672,19,0
2026-01-06 05:30:00 -0500,0,710,0,731,21,0
2026-01-06 05:45:00 -0500,0,783,0,783,0,0
2026-01-06 06:00:00 -0500,0,759,0,774,15,0
2026-01-06 06:15:00 -0500,0,724,0,734,10,0
2026-01-06 06:30:00 -0500,0,747,0,762,15,0
2026-01-06 06:45:00 -0500,0,765,0,767,2,0
2026-01-06 07:00:00 -0500,0,854,0,873,19,0
2026-01-06 07:15:00 -0500,0,845,0,865,20,0
2026-01-06 07:30:00 -0500,0,865,0,865,0,0
2026-01-06 07:45:00 -0500,0,745,0,766,21,0
2026-01-06 08:00:00 -0500,15,666,0,670,19,0
2026-01-06 08:15:00 -0500,36,769,0,734,1,0
2026-01-06 08:30:00 -0500,56,978,0,938,16,0
2026-01-06 08:45:00 -0500,72,897,0,838,13,0
2026-01-06 09:00:00 -0500,85,759,0,691,17,0
2026-01-06 09:15:00 -0500,114,662,0,549,1,0
2026-01-06 09:30:00 -0500,113,688,0,598,23,0
2026-01-06 09:45:00 -0500,159,786,0,649,22,0
2026-01-06 10:00:00 -0500,208,800,0,593,1,0
2026-01-06 10:15:00 -0500,311,789,0,500,22,0
2026-01-06 10:30:00 -0500,341,672,0,349,18,0
2026-01-06 10:45:00 -0500,391,683,0,292,0,0
2026-01-06 11:00:00 -0500,395,691,0,309,13,0
2026-01-06 11:15:00 -0500,556,832,0,286,10,0
2026-01-06 11:30:00 -0500,663,780,0,133,16,0
2026-01-06 11:45:00 -0500,605,752,0,147,0,0
2026-01-06 12:00:00 -0500,321,557,0,255,19,0
2026-01-06 12:15:00 -0500,341,611,0,289,19,0
2026-01-06 12:30:00 -0500,329,631,0,302,0,0
2026-01-06 12:45:00 -0500,277,632,0,376,21,0
2026-01-06 13:00:00 -0500,250,749,0,517,18,0
2026-01-06 13:15:00 -0500,298,659,0,363,2,0
2026-01-06 13:30:00 -0500,354,553,0,209,10,0
2026-01-06 13:45:00 -0500,253,543,0,302,12,0
2026-01-06 14:00:00 -0500,170,579,0,424,15,0
2026-01-06 14:15:00 -0500,110,677,0,567,0,0
2026-01-06 14:30:00 -0500,89,733,0,664,20,0
2026-01-06 14:45:00 -0500,154,732,0,595,17,0
2026-01-06 15:00:00 -0500,190,571,0,381,0,0
2026-01-06 15:15:00 -0500,99,626,0,548,21,0
2026-01-06 15:30:00 -0500,45,682,0,652,15,0
2026-01-06 15:45:00 -0500,30,619,0,591,2,0
2026-01-06 16:00:00 -0500,26,631,26,0,0,631
2026-01-06 16:15:00 -0500,0,743,0,8,0,735
2026-01-06 16:30:00 -0500,0,805,19,0,0,824
2026-01-06 16:45:00 -0500,0,724,0,2,0,722
2026-01-06 17:00:00 -0500,0,671,0,5,0,666
2026-01-06 17:15:00 -0500,0,679,0,3,0,676
2026-01-06 17:30:00 -0500,0,916,1,0,0,917
2026-01-06 17:45:00 -0500,0,826,0,0,0,826
2026-01-06 18:00:00 -0500,0,882,0,3,0,879
2026-01-06 18:15:00 -0500,0,826,3,0,0,829
2026-01-06 18:30:00 -0500,0,684,0,1,0,683
2026-01-06 18:45:00 -0500,0,668,0,7,0,661
2026-01-06 19:00:00 -0500,0,705,3,0,0,708
2026-01-06 19:15:00 -0500,0,722,0,3,0,719
2026-01-06 19:30:00 -0500,0,658,0,1,0,657
2026-01-06 19:45:00 -0500,0,728,1,0,0,729
2026-01-06 20:00:00 -0500,0,642,0,604,16,54
2026-01-06 20:15:00 -0500,0,624,0,630,6,0
2026-01-06 20:30:00 -0500,0,703,0,705,2,0
2026-01-06 20:45:00 -0500,0,680,0,681,1,0
2026-01-06 21:00:00 -0500,0,755,0,761,6,0
2026-01-06 21:15:00 -0500,0,729,0,736,7,0
2026-01-06 21:30:00 -0500,0,654,0,660,6,0
2026-01-06 21:45:00 -0500,0,914,0,918,4,0
2026-01-06 22:00:00 -0500,0,735,0,1591,856,0
2026-01-06 22:15:00 -0500,0,492,0,1813,1321,0
2026-01-06 22:30:00 -0500,0,335,0,1719,1384,0
2026-01-06 22:45:00 -0500,0,681,0,2125,1444,0
2026-01-06 23:00:00 -0500,0,695,0,2188,1493,0
2026-01-06 23:15:00 -0500,0,651,0,2182,1531,0
2026-01-06 23:30:00 -0500,0,688,0,2249,1561,0
2026-01-06 23:45:00 -0500,0,526,0,2058,1532,0
2026-01-07 00:00:00 -0500,0,523,0,1991,1468,0
2026-01-07 00:15:00 -0500,0,627,0,1837,1210,0
2026-01-07 00:30:00 -0500,0,541,0,991,450,0
2026-01-07 00:45:00 -0500,0,532,0,567,35,0
2026-01-07 01:00:00 -0500,0,622,0,623,1,0
2026-01-07 01:15:00 -0500,0,534,0,561,27,0
2026-01-07 01:30:00 -0500,0,531,0,575,44,0
2026-01-07 01:45:00 -0500,0,590,0,594,4,0
2026-01-07 02:00:00 -0500,0,580,0,580,0,0
2026-01-07 02:15:00 -0500,0,609,0,653,44,0
2026-01-07 02:30:00 -0500,0,643,0,655,12,0
2026-01-07 02:45:00 -0500,0,589,0,589,0,0
2026-01-07 03:00:00 -0500,0,556,0,576,20,0
2026-01-07 03:15:00 -0500,0,605,0,623,18,0
2026-01-07 03:30:00 -0500,0,541,0,544,3,0
2026-01-07 03:45:00 -0500,0,560,0,566,6,0
2026-01-07 04:00:00 -0500,0,666,0,691,25,0
2026-01-07 04:15:00 -0500,0,638,0,649,11,0
2026-01-07 04:30:00 -0500,0,671,0,671,0,0
2026-01-07 04:45:00 -0500,0,653,0,684,31,0
2026-01-07 05:00:00 -0500,0,634,0,645,11,0
2026-01-07 05:15:00 -0500,0,579,0,579,0,0
2026-01-07 05:30:00 -0500,0,581,0,601,20,0
2026-01-07 05:45:00 -0500,0,541,0,559,18,0
2026-01-07 06:00:00 -0500,0,571,0,575,4,0
2026-01-07 06:15:00 -0500,0,600,0,605,5,0
2026-01-07 06:30:00 -0500,0,755,0,784,29,0
2026-01-07 06:45:00 -0500,0,824,0,834,10,0
2026-01-07 07:00:00 -0500,0,640,0,640,0,0
2026-01-07 07:15:00 -0500,0,781,0,811,30,0
2026-01-07 07:30:00 -0500,0,858,0,872,14,0
2026-01-07 07:45:00 -0500,0,739,0,739,0,0
2026-01-07 08:00:00 -0500,2,646,0,666,22,0
2026-01-07 08:15:00 -0500,2,640,0,650,12,0
2026-01-07 08:30:00 -0500,22,618,0,606,10,0
2026-01-07 08:45:00 -0500,36,588,0,554,2,0
2026-01-07 09:00:00 -0500,47,526,0,508,29,0
2026-01-07 09:15:00 -0500,52,587,0,543,8,0
2026-01-07 09:30:00 -0500,52,683,0,635,4,0
2026-01-07 09:45:00 -0500,62,750,0,715,27,0
2026-01-07 10:00:00 -0500,82,608,0,529,3,0
2026-01-07 10:15:00 -0500,77,536,0,470,11,0
2026-01-07 10:30:00 -0500,79,538,0,478,19,0
2026-01-07 10:45:00 -0500,111,646,0,547,12,0
2026-01-07 11:00:00 -0500,119,709,0,590,0,0
2026-01-07 11:15:00 -0500,145,758,0,622,9,0
2026-01-07 11:30:00 -0500,137,691,0,586,32,0
2026-01-07 11:45:00 -0500,180,670,0,490,0,0
2026-01-07 12:00:00 -0500,268,636,0,368,0,0
2026-01-07 12:15:00 -0500,260,707,0,474,27,0
2026-01-07 12:30:00 -0500,320,694,0,388,14,0
2026-01-07 12:45:00 -0500,195,656,0,462,1,0
2026-01-07 13:00:00 -0500,114,541,0,445,18,0
2026-01-07 13:15:00 -0500,129,609,0,491,11,0
2026-01-07 13:30:00 -0500,155,670,0,526,11,0
2026-01-07 13:45:00 -0500,135,768,0,634,1,0
2026-01-07 14:00:00 -0500,129,682,0,580,27,0
2026-01-07 14:15:00 -0500,205,554,0,349,0,0
2026-01-07 14:30:00 -0500,294,572,0,288,10,0
2026-01-07 14:45:00 -0500,285,553,0,290,22,0
2026-01-07 15:00:00 -0500,170,655,0,494,9,0
2026-01-07 15:15:00 -0500,178,688,0,511,1,0
2026-01-07 15:30:00 -0500,41,640,0,625,26,0
2026-01-07 15:45:00 -0500,49,764,0,727,12,0
2026-01-07 16:00:00 -0500,30,632,32,0,0,634
2026-01-07 16:15:00 -0500,8,699,8,0,0,699
2026-01-07 16:30:00 -0500,0,984,0,6,0,978
2026-01-07 16:45:00 -0500,0,675,7,0,0,682
2026-01-07 17:00:00 -0500,0,596,0,1,0,595
2026-01-07 17:15:00 -0500,0,674,0,8,0,666
2026-01-07 17:30:00 -0500,0,1122,22,0,0,1144
2026-01-07 17:45:00 -0500,0,715,1,0,0,716
2026-01-07 18:00:00 -0500,0,835,0,4,0,831
2026-01-07 18:15:00 -0500,0,791,0,8,0,783
2026-01-07 18:30:00 -0500,0,707,3,0,0,710
2026-01-07 18:45:00 -0500,0,666,0,3,0,663
2026-01-07 19:00:00 -0500,0,721,0,4,0,717
2026-01-07 19:15:00 -0500,0,640,1,0,0,641
2026-01-07 19:30:00 -0500,0,749,0,4,0,745
2026-01-07 19:45:00 -0500,0,637,3,0,0,640
2026-01-07 20:00:00 -0500,0,629,0,595,17,51
2026-01-07 20:15:00 -0500,0,762,0,770,8,0
2026-01-07 20:30:00 -0500,0,747,0,750,3,0
2026-01-07 20:45:00 -0500,0,819,0,821,2,0
2026-01-07 21:00:00 -0500,0,2181,0,2183,2,0
2026-01-07 21:15:00 -0500,0,2243,0,2243,0,0
2026-01-07 21:30:00 -0500,0,1078,0,1082,4,0
2026-01-07 21:45:00 -0500,0,636,0,640,4,0
2026-01-07 22:00:00 -0500,0,191,0,1088,897,0
2026-01-07 22:15:00 -0500,0,255,0,1644,1389,0
2026-01-07 22:30:00 -0500,0,503,0,1955,1452,0
2026-01-07 22:45:00 -0500,0,144,0,1656,1512,0
2026-01-07 23:00:00 -0500,0,444,0,1828,1384,0
2026-01-07 23:15:00 -0500,0,755,0,2366,1611,0
2026-01-07 23:30:00 -0500,0,637,0,2254,1617,0
2026-01-07 23:45:00 -0500,0,677,0,2243,1566,0
2026-01-08 00:00:00 -0500,0,563,0,2011,1448,0
2026-01-08 00:15:00 -0500,0,554,0,1562,1008,0
2026-01-08 00:30:00 -0500,0,640,0,841,201,0
2026-01-08 00:45:00 -0500,0,554,0,577,23,0
2026-01-08 01:00:00 -0500,0,545,0,572,27,0
2026-01-08 01:15:00 -0500,0,630,0,660,30,0
2026-01-08 01:30:00 -0500,0,549,0,576,27,0
2026-01-08 01:45:00 -0500,0,559,0,559,0,0
2026-01-08 02:00:00 -0500,0,724,0,743,19,0
2026-01-08 02:15:00 -0500,0,584,0,598,14,0
2026-01-08 02:30:00 -0500,0,625,0,631,6,0
2026-01-08 02:45:00 -0500,0,619,0,655,36,0
2026-01-08 03:00:00 -0500,0,595,0,605,10,0
2026-01-08 03:15:00 -0500,0,585,0,595,10,0
2026-01-08 03:30:00 -0500,0,647,0,647,0,0
2026-01-08 03:45:00 -0500,0,565,0,587,22,0
2026-01-08 04:00:00 -0500,0,554,0,572,18,0
2026-01-08 04:15:00 -0500,0,638,0,638,0,0
2026-01-08 04:30:00 -0500,0,616,0,636,20,0
2026-01-08 04:45:00 -0500,0,632,0,645,13,0
2026-01-08 05:00:00 -0500,0,703,0,710,7,0
2026-01-08 05:15:00 -0500,0,566,0,582,16,0
2026-01-08 05:30:00 -0500,0,545,0,558,13,0
2026-01-08 05:45:00 -0500,0,665,0,674,9,0
2026-01-08 06:00:00 -0500,0,652,0,654,2,0
2026-01-08 06:15:00 -0500,0,660,0,682,22,0
2026-01-08 06:30:00 -0500,0,743,0,761,18,0
2026-01-08 06:45:00 -0500,0,739,0,739,0,0
2026-01-08 07:00:00 -0500,0,804,0,824,20,0
2026-01-08 07:15:00 -0500,0,794,0,806,12,0
2026-01-08 07:30:00 -0500,11,839,0,836,8,0
2026-01-08 07:45:00 -0500,32,667,0,651,16,0
2026-01-08 08:00:00 -0500,68,564,0,512,16,0
2026-01-08 08:15:00 -0500,97,696,0,609,10,0
2026-01-08 08:30:00 -0500,135,695,0,560,0,0
2026-01-08 08:45:00 -0500,153,634,0,502,21,0
2026-01-08 09:00:00 -0500,228,743,0,534,19,0
2026-01-08 09:15:00 -0500,310,775,0,465,0,0
2026-01-08 09:30:00 -0500,367,630,0,283,20,0
2026-01-08 09:45:00 -0500,444,548,0,114,10,0
2026-01-08 10:00:00 -0500,502,550,0,56,8,0
2026-01-08 10:15:00 -0500,598,554,31,0,13,0
2026-01-08 10:30:00 -0500,690,574,100,0,16,0
2026-01-08 10:45:00 -0500,741,435,297,0,9,0
2026-01-08 11:00:00 -0500,783,546,237,0,0,0
2026-01-08 11:15:00 -0500,831,496,315,0,20,0
2026-01-08 11:30:00 -0500,845,515,312,0,18,0
2026-01-08 11:45:00 -0500,773,409,364,0,0,0
2026-01-08 12:00:00 -0500,834,425,389,0,20,0
2026-01-08 12:15:00 -0500,838,450,380,0,8,0
2026-01-08 12:30:00 -0500,807,415,383,0,9,0
2026-01-08 12:45:00 -0500,769,435,323,0,11,0
2026-01-08 13:00:00 -0500,711,431,265,0,15,0
2026-01-08 13:15:00 -0500,654,413,231,0,10,0
2026-01-08 13:30:00 -0500,604,397,207,0,0,0
2026-01-08 13:45:00 -0500,414,401,0,6,19,0
2026-01-08 14:00:00 -0500,419,414,0,11,16,0
2026-01-08 14:15:00 -0500,260,398,0,138,0,0
2026-01-08 14:30:00 -0500,163,426,0,282,19,0
2026-01-08 14:45:00 -0500,125,378,0,261,8,0
2026-01-08 15:00:00 -0500,99,119,0,30,10,0
2026-01-08 15:15:00 -0500,74,332,0,266,8,0
2026-01-08 15:30:00 -0500,61,469,0,420,14,2
2026-01-08 15:45:00 -0500,42,516,0,482,10,2
2026-01-08 16:00:00 -0500,21,507,35,0,0,521
2026-01-08 16:15:00 -0500,5,717,0,0,0,712
2026-01-08 16:30:00 -0500,0,515,0,0,0,515
2026-01-08 16:45:00 -0500,0,489,0,7,0,482
2026-01-08 17:00:00 -0500,0,606,0,5,0,601
2026-01-08 17:15:00 -0500,0,627,1,0,0,628
2026-01-08 17:30:00 -0500,0,755,0,4,0,751
2026-01-08 17:45:00 -0500,0,916,3,0,0,919
2026-01-08 18:00:00 -0500,1,567,7,0,0,573
2026-01-08 18:15:00 -0500,0,362,0,8,0,354
2026-01-08 18:30:00 -0500,0,571,0,2,0,569
2026-01-08 18:45:00 -0500,0,297,0,8,0,289
2026-01-08 19:00:00 -0500,0,656,0,3,0,653
2026-01-08 19:15:00 -0500,0,670,0,3,0,667
2026-01-08 19:30:00 -0500,0,252,0,2,0,250
2026-01-08 19:45:00 -0500,0,390,0,11,0,379
2026-01-08 20:00:00 -0500,0,828,0,772,16,72
2026-01-08 20:15:00 -0500,0,775,0,785,10,0
2026-01-08 20:30:00 -0500,0,669,0,671,2,0
2026-01-08 20:45:00 -0500,0,751,0,757,6,0
2026-01-08 21:00:00 -0500,0,715,0,717,2,0
2026-01-08 21:15:00 -0500,0,932,0,934,2,0
2026-01-08 21:30:00 -0500,0,950,0,952,2,0
2026-01-08 21:45:00 -0500,0,874,0,876,2,0
2026-01-08 22:00:00 -0500,0,215,0,1093,878,0
2026-01-08 22:15:00 -0500,0,307,0,1641,1334,0
2026-01-08 22:30:00 -0500,0,423,0,1722,1299,0
2026-01-08 22:45:00 -0500,0,134,0,1431,1297,0
2026-01-08 23:00:00 -0500,0,546,0,1792,1246,0
2026-01-08 23:15:00 -0500,0,534,0,1806,1272,0
2026-01-08 23:30:00 -0500,0,642,0,1884,1242,0
2026-01-08 23:45:00 -0500,0,701,0,1824,1123,0
2026-01-09 00:00:00 -0500,0,613,0,1455,842,0
2026-01-09 00:15:00 -0500,0,645,0,948,303,0
2026-01-09 00:30:00 -0500,0,726,0,727,1,0
2026-01-09 00:45:00 -0500,0,568,0,595,27,0
2026-01-09 01:00:00 -0500,0,323,0,377,54,0
2026-01-09 01:15:00 -0500,0,563,0,576,13,0
2026-01-09 01:30:00 -0500,0,177,0,177,0,0
2026-01-09 01:45:00 -0500,0,527,0,549,22,0
2026-01-09 02:00:00 -0500,0,630,0,650,20,0
2026-01-09 02:15:00 -0500,0,696,0,698,2,0
2026-01-09 02:30:00 -0500,0,817,0,849,32,0
2026-01-09 02:45:00 -0500,0,627,0,642,15,0
2026-01-09 03:00:00 -0500,0,764,0,773,9,0
2026-01-09 03:15:00 -0500,0,590,0,612,22,0
2026-01-09 03:30:00 -0500,0,600,0,622,22,0
2026-01-09 03:45:00 -0500,0,627,0,640,13,0
2026-01-09 04:00:00 -0500,0,557,0,558,1,0
2026-01-09 04:15:00 -0500,0,680,0,701,21,0
2026-01-09 04:30:00 -0500,0,668,0,689,21,0
2026-01-09 04:45:00 -0500,0,737,0,737,0,0
2026-01-09 05:00:00 -0500,0,742,0,759,17,0
2026-01-09 05:15:00 -0500,0,683,0,701,18,0
2026-01-09 05:30:00 -0500,0,783,0,791,8,0
2026-01-09 05:45:00 -0500,0,611,0,611,0,0
2026-01-09 06:00:00 -0500,0,632,0,660,28,0
2026-01-09 06:15:00 -0500,0,674,0,686,12,0
2026-01-09 06:30:00 -0500,0,780,0,780,0,0
2026-01-09 06:45:00 -0500,0,818,0,839,21,0
2026-01-09 07:00:00 -0500,7,736,0,748,19,0
2026-01-09 07:15:00 -0500,14,853,0,839,0,0
2026-01-09 07:30:00 -0500,35,971,0,952,16,0
2026-01-09 07:45:00 -0500,59,821,0,778,16,0
2026-01-09 08:00:00 -0500,102,653,0,561,10,0
2026-01-09 08:15:00 -0500,99,645,0,548,2,0
2026-01-09 08:30:00 -0500,137,699,0,590,28,0
2026-01-09 08:45:00 -0500,182,1056,0,884,10,0
2026-01-09 09:00:00 -0500,251,793,0,542,0,0
2026-01-09 09:15:00 -0500,330,740,0,430,20,0
2026-01-09 09:30:00 -0500,282,731,0,467,18,0
2026-01-09 09:45:00 -0500,414,608,0,193,0,1
2026-01-09 10:00:00 -0500,516,592,0,88,12,0
2026-01-09 10:15:00 -0500,593,573,4,0,16,0
2026-01-09 10:30:00 -0500,693,578,109,0,6,0
2026-01-09 10:45:00 -0500,670,614,56,0,0,0
2026-01-09 11:00:00 -0500,695,513,157,0,25,0
2026-01-09 11:15:00 -0500,564,407,146,0,11,0
2026-01-09 11:30:00 -0500,447,396,51,0,0,0
2026-01-09 11:45:00 -0500,612,504,89,0,19,0
2026-01-09 12:00:00 -0500,518,418,81,0,19,0
2026-01-09 12:15:00 -0500,353,423,0,70,0,0
2026-01-09 12:30:00 -0500,390,526,0,147,11,0
2026-01-09 12:45:00 -0500,525,567,0,59,17,0
2026-01-09 13:00:00 -0500,349,523,0,183,9,0
2026-01-09 13:15:00 -0500,389,442,0,52,0,1
2026-01-09 13:30:00 -0500,384,399,0,39,24,0
2026-01-09 13:45:00 -0500,331,393,0,74,12,0
2026-01-09 14:00:00 -0500,307,394,0,87,0,0
2026-01-09 14:15:00 -0500,182,446,0,284,20,0
2026-01-09 14:30:00 -0500,179,424,0,262,17,0
2026-01-09 14:45:00 -0500,108,551,0,444,1,0
2026-01-09 15:00:00 -0500,91,426,0,343,8,0
2026-01-09 15:15:00 -0500,71,155,0,104,20,0
2026-01-09 15:30:00 -0500,64,123,0,67,8,0
2026-01-09 15:45:00 -0500,52,255,0,204,1,0
2026-01-09 16:00:00 -0500,22,890,27,0,0,895
2026-01-09 16:15:00 -0500,0,540,3,0,0,543
2026-01-09 16:30:00 -0500,0,499,0,4,0,495
2026-01-09 16:45:00 -0500,0,467,0,4,0,463
2026-01-09 17:00:00 -0500,0,463,2,0,0,465
2026-01-09 17:15:00 -0500,0,600,0,5,0,595
2026-01-09 17:30:00 -0500,0,1123,0,2,0,1121
2026-01-09 17:45:00 -0500,0,517,1,0,0,518
2026-01-09 18:00:00 -0500,0,599,0,5,0,594
2026-01-09 18:15:00 -0500,0,237,0,4,0,233
2026-01-09 18:30:00 -0500,0,578,0,4,0,574
2026-01-09 18:45:00 -0500,0,258,0,2,0,256
2026-01-09 19:00:00 -0500,0,268,0,6,0,262
2026-01-09 19:15:00 -0500,0,584,0,4,0,580
2026-01-09 19:30:00 -0500,0,584,0,4,0,580
2026-01-09 19:45:00 -0500,0,195,0,2,0,193
2026-01-09 20:00:00 -0500,0,242,0,232,6,16
2026-01-09 20:15:00 -0500,0,677,0,678,1,0
2026-01-09 20:30:00 -0500,0,532,0,532,0,0
2026-01-09 20:45:00 -0500,0,478,0,478,0,0
2026-01-09 21:00:00 -0500,0,666,0,666,0,0
2026-01-09 21:15:00 -0500,0,760,0,760,0,0
2026-01-09 21:30:00 -0500,0,755,0,756,1,0
2026-01-09 21:45:00 -0500,0,600,0,601,1,0
2026-01-09 22:00:00 -0500,0,151,0,1325,1174,0
2026-01-09 22:15:00 -0500,0,120,0,1927,1807,0
2026-01-09 22:30:00 -0500,0,116,0,1912,1796,0
2026-01-09 22:45:00 -0500,0,123,0,1917,1794,0
2026-01-09 23:00:00 -0500,0,241,0,1963,1722,0
2026-01-09 23:15:00 -0500,0,301,0,1794,1493,0
2026-01-09 23:30:00 -0500,0,117,0,366,249,0
2026-01-09 23:45:00 -0500,0,116,0,234,118,0
2026-01-10 00:00:00 -0500,0,119,0,138,19,0
2026-01-10 00:15:00 -0500,0,474,0,478,4,0
2026-01-10 00:30:00 -0500,0,566,0,580,14,0
2026-01-10 00:45:00 -0500,0,355,0,375,20,0
2026-01-10 01:00:00 -0500,0,374,0,374,0,0
2026-01-10 01:15:00 -0500,0,305,0,315,10,0
2026-01-10 01:30:00 -0500,0,118,0,150,32,0
2026-01-10 01:45:00 -0500,0,116,0,129,13,0
2026-01-10 02:00:00 -0500,0,321,0,330,9,0
2026-01-10 02:15:00 -0500,0,199,0,209,10,0
2026-01-10 02:30:00 -0500,0,333,0,352,19,0
2026-01-10 02:45:00 -0500,0,480,0,483,3,0
2026-01-10 03:00:00 -0500,0,443,0,460,17,0
2026-01-10 03:15:00 -0500,0,406,0,420,14,0
2026-01-10 03:30:00 -0500,0,382,0,387,5,0
2026-01-10 03:45:00 -0500,0,409,0,419,10,0
2026-01-10 04:00:00 -0500,0,384,0,397,13,0
2026-01-10 04:15:00 -0500,0,488,0,503,15,0
2026-01-10 04:30:00 -0500,0,306,0,315,9,0
2026-01-10 04:45:00 -0500,0,119,0,129,10,0
2026-01-10 05:00:00 -0500,0,114,0,134,20,0
2026-01-10 05:15:00 -0500,0,253,0,255,2,0
2026-01-10 05:30:00 -0500,0,353,0,370,17,0
2026-01-10 05:45:00 -0500,0,475,0,490,15,0
2026-01-10 06:00:00 -0500,0,563,0,569,6,0
2026-01-10 06:15:00 -0500,0,706,0,716,10,0
2026-01-10 06:30:00 -0500,0,556,0,568,12,0
2026-01-10 06:45:00 -0500,0,581,0,598,17,0
2026-01-10 07:00:00 -0500,0,732,0,741,9,0
2026-01-10 07:15:00 -0500,0,600,0,610,10,0
2026-01-10 07:30:00 -0500,35,579,0,564,20,0
2026-01-10 07:45:00 -0500,60,680,0,622,2,0
2026-01-10 08:00:00 -0500,84,850,0,782,16,0
2026-01-10 08:15:00 -0500,123,610,0,504,17,0
2026-01-10 08:30:00 -0500,188,505,0,326,9,0
2026-01-10 08:45:00 -0500,231,233,0,12,10,0
2026-01-10 09:00:00 -0500,237,187,39,0,11,0
2026-01-10 09:15:00 -0500,300,143,141,0,16,0
2026-01-10 09:30:00 -0500,298,310,0,25,13,0
2026-01-10 09:45:00 -0500,273,450,0,187,10,0
2026-01-10 10:00:00 -0500,403,396,0,3,10,0
2026-01-10 10:15:00 -0500,319,161,150,0,8,0
2026-01-10 10:30:00 -0500,394,156,220,0,18,0
2026-01-10 10:45:00 -0500,470,500,0,36,6,0
2026-01-10 11:00:00 -0500,438,531,0,101,8,0
2026-01-10 11:15:00 -0500,745,450,281,0,14,0
2026-01-10 11:30:00 -0500,616,443,159,0,14,0
2026-01-10 11:45:00 -0500,566,370,188,0,8,0
2026-01-10 12:00:00 -0500,628,585,33,0,10,0
2026-01-10 12:15:00 -0500,561,282,265,0,14,0
2026-01-10 12:30:00 -0500,358,331,13,0,14,0
2026-01-10 12:45:00 -0500,289,530,0,241,0,0
2026-01-10 13:00:00 -0500,264,278,0,28,14,0
2026-01-10 13:15:00 -0500,298,458,0,168,8,0
2026-01-10 13:30:00 -0500,284,579,0,308,15,2
2026-01-10 13:45:00 -0500,173,499,0,333,7,0
2026-01-10 14:00:00 -0500,125,331,0,216,10,0
2026-01-10 14:15:00 -0500,113,295,0,190,9,1
2026-01-10 14:30:00 -0500,97,586,0,499,13,3
2026-01-10 14:45:00 -0500,68,323,0,260,9,4
2026-01-10 15:00:00 -0500,48,145,0,104,8,1
2026-01-10 15:15:00 -0500,40,161,0,118,0,3
2026-01-10 15:30:00 -0500,22,630,0,626,20,2
2026-01-10 15:45:00 -0500,11,501,0,489,3,4
2026-01-10 16:00:00 -0500,4,433,12,0,2,443
2026-01-10 16:15:00 -0500,0,420,0,4,0,416
2026-01-10 16:30:00 -0500,0,455,0,8,0,447
2026-01-10 16:45:00 -0500,0,526,0,3,0,523
2026-01-10 17:00:00 -0500,0,533,0,4,0,529
2026-01-10 17:15:00 -0500,0,240,10,0,0,250
2026-01-10 17:30:00 -0500,0,630,0,8,0,622
2026-01-10 17:45:00 -0500,0,325,0,3,0,322
2026-01-10 18:00:00 -0500,0,366,0,11,0,355
2026-01-10 18:15:00 -0500,0,417,0,1,0,416
2026-01-10 18:30:00 -0500,0,187,0,2,0,185
2026-01-10 18:45:00 -0500,0,189,0,4,0,185
2026-01-10 19:00:00 -0500,0,626,0,7,0,619
2026-01-10 19:15:00 -0500,0,835,8,0,0,843
2026-01-10 19:30:00 -0500,0,645,0,5,0,640
2026-01-10 19:45:00 -0500,0,636,1,0,0,637
2026-01-10 20:00:00 -0500,0,633,0,590,12,55
2026-01-10 20:15:00 -0500,0,532,0,538,6,0
2026-01-10 20:30:00 -0500,0,550,0,550,0,0
2026-01-10 20:45:00 -0500,0,250,0,252,2,0
2026-01-10 21:00:00 -0500,0,1530,0,1532,2,0
2026-01-10 21:15:00 -0500,0,1665,0,1665,0,0
2026-01-10 21:30:00 -0500,0,1985,0,1987,2,0
2026-01-10 21:45:00 -0500,0,686,0,686,0,0
2026-01-10 22:00:00 -0500,0,436,0,1457,1021,0
2026-01-10 22:15:00 -0500,0,427,0,1944,1517,0
2026-01-10 22:30:00 -0500,0,563,0,2116,1553,0
2026-01-10 22:45:00 -0500,0,224,0,1791,1567,0
2026-01-10 23:00:00 -0500,0,151,0,1655,1504,0
2026-01-10 23:15:00 -0500,0,304,0,1592,1288,0
2026-01-10 23:30:00 -0500,0,655,0,1250,595,0
2026-01-10 23:45:00 -0500,0,558,0,558,1,1
2026-01-11 00:00:00 -0500,0,569,0,647,78,0
2026-01-11 00:15:00 -0500,0,622,0,622,0,0
2026-01-11 00:30:00 -0500,0,572,0,603,32,1
2026-01-11 00:45:00 -0500,0,569,0,593,24,0
2026-01-11 01:00:00 -0500,0,411,0,432,21,0
2026-01-11 01:15:00 -0500,0,171,0,180,9,0
2026-01-11 01:30:00 -0500,0,167,0,185,18,0
2026-01-11 01:45:00 -0500,0,231,0,239,9,1
2026-01-11 02:00:00 -0500,0,621,0,622,1,0
2026-01-11 02:15:00 -0500,0,480,0,500,20,0
2026-01-11 02:30:00 -0500,0,483,0,494,11,0
2026-01-11 02:45:00 -0500,0,392,0,398,6,0
2026-01-11 03:00:00 -0500,0,418,0,434,16,0
2026-01-11 03:15:00 -0500,0,349,0,362,13,0
2026-01-11 03:30:00 -0500,0,562,0,572,10,0
2026-01-11 03:45:00 -0500,0,615,0,625,10,0
2026-01-11 04:00:00 -0500,0,595,0,614,19,0
2026-01-11 04:15:00 -0500,0,570,0,580,10,0
2026-01-11 04:30:00 -0500,0,591,0,591,0,0
2026-01-11 04:45:00 -0500,0,566,0,586,20,0
2026-01-11 05:00:00 -0500,0,588,0,600,12,0
2026-01-11 05:15:00 -0500,0,463,0,469,6,0
2026-01-11 05:30:00 -0500,0,335,0,350,15,0
2026-01-11 05:45:00 -0500,0,186,0,200,14,0
2026-01-11 06:00:00 -0500,0,166,0,176,10,0
2026-01-11 06:15:00 -0500,0,546,0,556,10,0
2026-01-11 06:30:00 -0500,0,656,0,676,20,0
2026-01-11 06:45:00 -0500,0,765,0,775,10,0
2026-01-11 07:00:00 -0500,0,769,0,769,0,0
2026-01-11 07:15:00 -0500,0,562,0,583,21,0
2026-01-11 07:30:00 -0500,0,581,0,594,13,0
2026-01-11 07:45:00 -0500,0,703,0,710,7,0
2026-01-11 08:00:00 -0500,10,656,0,659,13,0
2026-01-11 08:15:00 -0500,23,179,0,172,16,0
2026-01-11 08:30:00 -0500,58,169,0,119,8,0
2026-01-11 08:45:00 -0500,85,201,0,124,8,0
2026-01-11 09:00:00 -0500,126,560,0,454,20,0
2026-01-11 09:15:00 -0500,128,727,0,609,10,0
2026-01-11 09:30:00 -0500,138,520,0,382,0,0
2026-01-11 09:45:00 -0500,157,548,0,409,18,0
2026-01-11 10:00:00 -0500,133,551,0,429,11,0
2026-01-11 10:15:00 -0500,137,546,0,416,7,0
2026-01-11 10:30:00 -0500,182,573,0,402,11,0
2026-01-11 10:45:00 -0500,253,548,0,311,16,0
2026-01-11 11:00:00 -0500,244,544,0,309,9,0
2026-01-11 11:15:00 -0500,192,541,0,354,6,1
2026-01-11 11:30:00 -0500,162,567,0,421,17,1
2026-01-11 11:45:00 -0500,153,640,0,495,10,2
2026-01-11 12:00:00 -0500,156,739,0,583,0,0
2026-01-11 12:15:00 -0500,311,565,0,270,16,0
2026-01-11 12:30:00 -0500,526,627,0,111,10,0
2026-01-11 12:45:00 -0500,830,301,522,0,7,0
2026-01-11 13:00:00 -0500,650,547,92,0,11,0
2026-01-11 13:15:00 -0500,365,180,169,0,16,0
2026-01-11 13:30:00 -0500,427,148,270,0,9,0
2026-01-11 13:45:00 -0500,394,461,0,72,5,0
2026-01-11 14:00:00 -0500,321,915,0,615,21,0
2026-01-11 14:15:00 -0500,299,1801,0,1511,9,0
2026-01-11 14:30:00 -0500,259,662,0,405,2,0
2026-01-11 14:45:00 -0500,212,1788,0,1593,17,0
2026-01-11 15:00:00 -0500,172,569,0,407,10,0
2026-01-11 15:15:00 -0500,124,492,0,374,7,1
2026-01-11 15:30:00 -0500,105,365,0,267,8,1
2026-01-11 15:45:00 -0500,72,372,0,317,17,0
2026-01-11 16:00:00 -0500,19,147,34,0,0,162
2026-01-11 16:15:00 -0500,5,143,2,0,0,140
2026-01-11 16:30:00 -0500,0,172,0,4,0,168
2026-01-11 16:45:00 -0500,0,555,0,16,0,539
2026-01-11 17:00:00 -0500,0,665,0,0,0,665
2026-01-11 17:15:00 -0500,0,564,0,10,0,554
2026-01-11 17:30:00 -0500,0,653,9,0,0,662
2026-01-11 17:45:00 -0500,0,517,0,3,0,514
2026-01-11 18:00:00 -0500,0,488,1,0,0,489
2026-01-11 18:15:00 -0500,0,230,0,2,0,228
2026-01-11 18:30:00 -0500,0,649,0,10,0,639
2026-01-11 18:45:00 -0500,0,262,0,4,0,258
2026-01-11 19:00:00 -0500,0,264,0,4,0,260
2026-01-11 19:15:00 -0500,0,381,0,8,0,373
2026-01-11 19:30:00 -0500,0,1056,0,0,0,1056
2026-01-11 19:45:00 -0500,0,666,0,2,0,664
2026-01-11 20:00:00 -0500,0,626,0,584,12,54
2026-01-11 20:15:00 -0500,0,697,0,704,7,0
2026-01-11 20:30:00 -0500,0,647,0,647,0,0
2026-01-11 20:45:00 -0500,0,650,0,651,1,0
2026-01-11 21:00:00 -0500,0,706,0,712,6,0
2026-01-11 21:15:00 -0500,0,679,0,681,2,0
2026-01-11 21:30:00 -0500,0,647,0,647,0,0
2026-01-11 21:45:00 -0500,0,667,0,668,1,0
2026-01-11 22:00:00 -0500,0,338,0,1229,891,0
2026-01-11 22:15:00 -0500,0,237,0,1491,1254,0
2026-01-11 22:30:00 -0500,0,432,0,1684,1252,0
2026-01-11 22:45:00 -0500,0,550,0,1805,1255,0
2026-01-11 23:00:00 -0500,0,430,0,1673,1243,0
2026-01-11 23:15:00 -0500,0,495,0,1699,1204,0
2026-01-11 23:30:00 -0500,0,864,0,1940,1076,0
2026-01-11 23:45:00 -0500,0,652,0,1408,756,0
2026-01-12 00:00:00 -0500,0,705,0,819,114,0
2026-01-12 00:15:00 -0500,0,592,0,592,0,0
2026-01-12 00:30:00 -0500,0,581,0,657,76,0
2026-01-12 00:45:00 -0500,0,621,0,626,5,0
2026-01-12 01:00:00 -0500,0,542,0,548,6,0
2026-01-12 01:15:00 -0500,0,573,0,609,36,0
2026-01-12 01:30:00 -0500,0,625,0,639,14,0
2026-01-12 01:45:00 -0500,0,550,0,563,13,0
2026-01-12 02:00:00 -0500,0,666,0,679,13,0
2026-01-12 02:15:00 -0500,0,554,0,570,16,0
2026-01-12 02:30:00 -0500,0,599,0,611,12,0
2026-01-12 02:45:00 -0500,0,0,0,0,0,0
2026-01-12 03:00:00 -0500,0,0,0,0,0,0
2026-01-12 03:15:00 -0500,0,0,0,0,0,0
2026-01-12 03:30:00 -0500,0,0,0,0,0,0
2026-01-12 03:45:00 -0500,0,1164,0,1198,34,0
2026-01-12 04:00:00 -0500,0,660,0,660,0,0
2026-01-12 04:15:00 -0500,0,545,0,551,6,0
2026-01-12 04:30:00 -0500,0,690,0,690,0,0
2026-01-12 04:45:00 -0500,0,549,0,551,2,0
2026-01-12 05:00:00 -0500,0,681,0,681,0,0
2026-01-12 05:15:00 -0500,0,677,0,678,1,0
2026-01-12 05:30:00 -0500,0,614,0,615,1,0
2026-01-12 05:45:00 -0500,0,725,0,725,0,0
2026-01-12 06:00:00 -0500,0,544,0,546,2,0
2026-01-12 06:15:00 -0500,0,784,0,784,0,0
2026-01-12 06:30:00 -0500,0,682,0,682,0,0
2026-01-12 06:45:00 -0500,0,740,0,742,2,0
2026-01-12 07:00:00 -0500,1,877,0,877,1,0
2026-01-12 07:15:00 -0500,6,889,0,884,1,0
2026-01-12 07:30:00 -0500,34,1089,0,1055,0,0
2026-01-12 07:45:00 -0500,68,2004,0,1940,4,0
2026-01-12 08:00:00 -0500,71,1818,0,1749,2,0
2026-01-12 08:15:00 -0500,83,1002,0,923,4,0
2026-01-12 08:30:00 -0500,129,837,0,712,4,0
2026-01-12 08:45:00 -0500,150,716,0,566,0,0
2026-01-12 09:00:00 -0500,172,990,0,820,2,0
2026-01-12 09:15:00 -0500,256,1849,0,1593,0,0
2026-01-12 09:30:00 -0500,255,1305,0,1050,0,0
2026-01-12 09:45:00 -0500,295,735,0,440,0,0
2026-01-12 10:00:00 -0500,222,1070,0,848,0,0
2026-01-12 10:15:00 -0500,231,691,0,460,0,0
2026-01-12 10:30:00 -0500,539,1103,0,564,0,0
2026-01-12 10:45:00 -0500,691,985,0,294,0,0
2026-01-12 11:00:00 -0500,452,849,0,397,0,0
2026-01-12 11:15:00 -0500,491,1094,0,603,0,0
2026-01-12 11:30:00 -0500,599,1095,0,496,0,0
2026-01-12 11:45:00 -0500,521,794,0,273,0,0
2026-01-12 12:00:00 -0500,479,767,0,288,0,0
2026-01-12 12:15:00 -0500,539,799,0,260,0,0
2026-01-12 12:30:00 -0500,408,798,0,396,6,0
2026-01-12 12:45:00 -0500,355,771,0,420,4,0
2026-01-12 13:00:00 -0500,336,602,0,271,5,0
2026-01-12 13:15:00 -0500,462,592,0,135,5,0
2026-01-12 13:30:00 -0500,606,572,34,0,0,0
2026-01-12 13:45:00 -0500,466,592,0,130,4,0
2026-01-12 14:00:00 -0500,327,600,0,275,2,0
2026-01-12 14:15:00 -0500,180,604,0,424,0,0
2026-01-12 14:30:00 -0500,143,581,0,438,0,0
2026-01-12 14:45:00 -0500,130,580,0,450,0,0
2026-01-12 15:00:00 -0500,109,812,0,704,1,0
2026-01-12 15:15:00 -0500,79,797,0,718,0,0
2026-01-12 15:30:00 -0500,67,179,0,112,0,0
2026-01-12 15:45:00 -0500,52,137,0,86,1,0
2026-01-12 16:00:00 -0500,27,635,25,0,0,633
2026-01-12 16:15:00 -0500,11,546,8,0,0,543
2026-01-12 16:30:00 -0500,0,748,0,12,0,736
2026-01-12 16:45:00 -0500,0,817,0,2,0,815
2026-01-12 17:00:00 -0500,0,745,0,5,0,740
2026-01-12 17:15:00 -0500,0,655,0,6,0,649
2026-01-12 17:30:00 -0500,0,1193,0,5,0,1188
2026-01-12 17:45:00 -0500,0,658,0,6,0,652
2026-01-12 18:00:00 -0500,0,808,0,0,0,808
2026-01-12 18:15:00 -0500,0,344,0,9,0,335
2026-01-12 18:30:00 -0500,0,949,0,12,0,937
2026-01-12 18:45:00 -0500,0,379,0,3,0,376
2026-01-12 19:00:00 -0500,0,723,0,14,0,709
2026-01-12 19:15:00 -0500,0,660,0,1,0,659
2026-01-12 19:30:00 -0500,0,629,0,11,0,618
2026-01-12 19:45:00 -0500,0,859,0,7,0,852
2026-01-12 20:00:00 -0500,0,733,0,652,5,86
2026-01-12 20:15:00 -0500,0,822,0,827,5,0
2026-01-12 20:30:00 -0500,0,1240,0,1246,6,0
2026-01-12 20:45:00 -0500,0,2122,0,2126,4,0
2026-01-12 21:00:00 -0500,0,2237,0,2243,6,0
2026-01-12 21:15:00 -0500,0,895,0,900,5,0
2026-01-12 21:30:00 -0500,0,925,0,930,5,0
2026-01-12 21:45:00 -0500,0,645,0,651,6,0
2026-01-12 22:00:00 -0500,0,241,0,702,461,0
2026-01-12 22:15:00 -0500,0,662,0,1372,710,0
2026-01-12 22:30:00 -0500,0,531,0,1264,733,0
2026-01-12 22:45:00 -0500,0,651,0,1402,751,0
2026-01-12 23:00:00 -0500,0,313,0,1077,764,0
2026-01-12 23:15:00 -0500,0,715,0,1485,770,0
2026-01-12 23:30:00 -0500,0,830,0,1603,773,0
2026-01-12 23:45:00 -0500,0,831,0,1604,773,0
2026-01-13 00:00:00 -0500,0,599,0,1349,750,0
2026-01-13 00:15:00 -0500,0,665,0,1358,693,0
2026-01-13 00:30:00 -0500,0,694,0,1265,571,0
2026-01-13 00:45:00 -0500,0,974,0,1330,356,0
2026-01-13 01:00:00 -0500,0,533,0,664,131,0
2026-01-13 01:15:00 -0500,0,552,0,651,99,0
2026-01-13 01:30:00 -0500,0,609,0,745,136,0
2026-01-13 01:45:00 -0500,0,753,0,861,108,0
2026-01-13 02:00:00 -0500,0,725,0,825,100,0
2026-01-13 02:15:00 -0500,0,355,0,455,100,0
2026-01-13 02:30:00 -0500,0,149,0,259,110,0
2026-01-13 02:45:00 -0500,0,647,0,757,110,0
2026-01-13 03:00:00 -0500,0,757,0,856,99,0
2026-01-13 03:15:00 -0500,0,753,0,881,128,0
2026-01-13 03:30:00 -0500,0,604,0,715,111,0
2026-01-13 03:45:00 -0500,0,622,0,722,100,0
2026-01-13 04:00:00 -0500,0,592,0,692,100,0
2026-01-13 04:15:00 -0500,0,913,0,1031,118,0
2026-01-13 04:30:00 -0500,0,699,0,800,101,0
2026-01-13 04:45:00 -0500,0,563,0,663,100,0
2026-01-13 05:00:00 -0500,0,544,0,654,110,0
2026-01-13 05:15:00 -0500,0,891,0,1000,109,0
2026-01-13 05:30:00 -0500,0,632,0,732,100,0
2026-01-13 05:45:00 -0500,0,658,0,765,107,0
2026-01-13 06:00:00 -0500,0,147,0,259,112,0
2026-01-13 06:15:00 -0500,0,439,0,539,100,0
2026-01-13 06:30:00 -0500,0,806,0,906,100,0
2026-01-13 06:45:00 -0500,0,853,0,967,114,0
2026-01-13 07:00:00 -0500,0,909,0,1010,101,0
2026-01-13 07:15:00 -0500,7,1031,0,1124,100,0
2026-01-13 07:30:00 -0500,37,727,0,798,108,0
2026-01-13 07:45:00 -0500,50,668,0,727,109,0
2026-01-13 08:00:00 -0500,103,660,0,655,98,0
2026-01-13 08:15:00 -0500,97,939,0,947,105,0
2026-01-13 08:30:00 -0500,139,734,0,708,113,0
2026-01-13 08:45:00 -0500,169,687,0,618,100,0
2026-01-13 09:00:00 -0500,230,628,0,497,99,0
2026-01-13 09:15:00 -0500,326,584,0,374,116,0
2026-01-13 09:30:00 -0500,391,895,0,606,102,0
2026-01-13 09:45:00 -0500,462,627,0,266,101,0
2026-01-13 10:00:00 -0500,527,651,0,235,111,0
2026-01-13 10:15:00 -0500,618,711,0,201,108,0
2026-01-13 10:30:00 -0500,715,658,0,43,100,0
2026-01-13 10:45:00 -0500,766,715,0,55,106,0
2026-01-13 11:00:00 -0500,814,464,236,0,114,0
2026-01-13 11:15:00 -0500,858,533,226,0,99,0
2026-01-13 11:30:00 -0500,879,466,313,0,100,0
2026-01-13 11:45:00 -0500,873,701,57,0,115,0
2026-01-13 12:00:00 -0500,872,486,283,0,103,0
2026-01-13 12:15:00 -0500,827,458,267,0,102,0
2026-01-13 12:30:00 -0500,834,416,308,0,110,0
2026-01-13 12:45:00 -0500,824,423,292,0,109,0
2026-01-13 13:00:00 -0500,520,684,0,262,98,0
2026-01-13 13:15:00 -0500,600,417,80,0,103,0
2026-01-13 13:30:00 -0500,563,485,0,36,114,0
2026-01-13 13:45:00 -0500,415,431,0,116,100,0
2026-01-13 14:00:00 -0500,353,405,0,151,99,0
2026-01-13 14:15:00 -0500,312,650,0,451,113,0
2026-01-13 14:30:00 -0500,220,406,0,288,102,0
2026-01-13 14:45:00 -0500,127,433,0,404,98,0
2026-01-13 15:00:00 -0500,112,325,0,321,108,0
2026-01-13 15:15:00 -0500,93,152,0,164,105,0
2026-01-13 15:30:00 -0500,72,358,0,383,97,0
2026-01-13 15:45:00 -0500,49,292,0,345,102,0
2026-01-13 16:00:00 -0500,27,572,0,26,7,526
2026-01-13 16:15:00 -0500,11,582,15,0,0,586
2026-01-13 16:30:00 -0500,0,720,0,5,0,715
2026-01-13 16:45:00 -0500,0,497,0,8,0,489
2026-01-13 17:00:00 -0500,0,486,0,5,0,481
2026-01-13 17:15:00 -0500,0,504,0,2,0,502
2026-01-13 17:30:00 -0500,0,998,0,5,0,993
2026-01-13 17:45:00 -0500,0,705,0,4,0,701
2026-01-13 18:00:00 -0500,0,715,0,12,0,703
2026-01-13 18:15:00 -0500,0,234,1,0,0,235
2026-01-13 18:30:00 -0500,0,686,0,22,0,664
2026-01-13 18:45:00 -0500,0,284,6,0,0,290
2026-01-13 19:00:00 -0500,0,284,0,12,0,272
2026-01-13 19:15:00 -0500,0,864,0,12,0,852
2026-01-13 19:30:00 -0500,0,664,0,1,0,663
2026-01-13 19:45:00 -0500,0,890,0,7,0,883
2026-01-13 20:00:00 -0500,0,652,0,578,5,79
2026-01-13 20:15:00 -0500,0,674,0,679,5,0
2026-01-13 20:30:00 -0500,0,656,0,662,6,0
2026-01-13 20:45:00 -0500,0,690,0,695,5,0
2026-01-13 21:00:00 -0500,0,953,0,959,6,0
2026-01-13 21:15:00 -0500,0,719,0,725,6,0
2026-01-13 21:30:00 -0500,0,845,0,850,5,0
2026-01-13 21:45:00 -0500,0,434,0,439,5,0
2026-01-13 22:00:00 -0500,0,410,0,1372,962,0
2026-01-13 22:15:00 -0500,0,522,0,2099,1577,0
2026-01-13 22:30:00 -0500,0,547,0,2134,1587,0
2026-01-13 22:45:00 -0500,0,493,0,2125,1632,0
2026-01-13 23:00:00 -0500,0,336,0,1968,1632,0
2026-01-13 23:15:00 -0500,0,130,0,1703,1573,0
2026-01-13 23:30:00 -0500,0,658,0,2052,1394,0
2026-01-13 23:45:00 -0500,0,154,0,949,795,0
2026-01-14 00:00:00 -0500,0,386,0,405,19,0
2026-01-14 00:15:00 -0500,0,461,0,461,0,0
2026-01-14 00:30:00 -0500,0,441,0,441,0,0
2026-01-14 00:45:00 -0500,0,661,0,673,12,0
2026-01-14 01:00:00 -0500,0,457,0,457,0,0
2026-01-14 01:15:00 -0500,0,461,0,461,0,0
2026-01-14 01:30:00 -0500,0,455,0,463,8,0
2026-01-14 01:45:00 -0500,0,501,0,505,4,0
2026-01-14 02:00:00 -0500,0,656,0,656,0,0
2026-01-14 02:15:00 -0500,0,457,0,457,0,0
2026-01-14 02:30:00 -0500,0,431,0,443,12,0
2026-01-14 02:45:00 -0500,0,395,0,395,0,0
2026-01-14 03:00:00 -0500,0,298,0,298,0,0
2026-01-14 03:15:00 -0500,0,348,0,360,12,0
2026-01-14 03:30:00 -0500,0,379,0,380,1,0
2026-01-14 03:45:00 -0500,0,169,0,170,1,0
2026-01-14 04:00:00 -0500,0,632,0,638,6,0
2026-01-14 04:15:00 -0500,0,595,0,601,6,0
2026-01-14 04:30:00 -0500,0,402,0,404,2,0
2026-01-14 04:45:00 -0500,0,402,0,402,0,0
2026-01-14 05:00:00 -0500,0,660,0,672,12,0
2026-01-14 05:15:00 -0500,0,474,0,475,1,0
2026-01-14 05:30:00 -0500,0,121,0,122,1,0
2026-01-14 05:45:00 -0500,0,213,0,224,11,0
2026-01-14 06:00:00 -0500,0,514,0,515,1,0
2026-01-14 06:15:00 -0500,0,500,0,501,1,0
2026-01-14 06:30:00 -0500,0,839,0,844,5,0
2026-01-14 06:45:00 -0500,0,587,0,594,7,0
2026-01-14 07:00:00 -0500,0,633,0,635,2,0
2026-01-14 07:15:00 -0500,2,631,0,630,1,0
2026-01-14 07:30:00 -0500,39,607,0,581,13,0
2026-01-14 07:45:00 -0500,82,832,0,750,0,0
2026-01-14 08:00:00 -0500,121,567,0,447,1,0
2026-01-14 08:15:00 -0500,177,695,0,529,11,0
2026-01-14 08:30:00 -0500,220,564,0,344,0,0
2026-01-14 08:45:00 -0500,205,571,0,366,0,0
2026-01-14 09:00:00 -0500,230,426,0,200,4,0
2026-01-14 09:15:00 -0500,300,674,0,380,6,0
2026-01-14 09:30:00 -0500,343,446,0,104,1,0
2026-01-14 09:45:00 -0500,397,421,0,27,3,0
2026-01-14 10:00:00 -0500,530,153,366,0,11,0
2026-01-14 10:15:00 -0500,525,189,336,0,0,0
2026-01-14 10:30:00 -0500,439,192,246,0,1,0
2026-01-14 10:45:00 -0500,487,361,115,0,11,0
2026-01-14 11:00:00 -0500,489,872,0,384,1,0
2026-01-14 11:15:00 -0500,345,388,0,46,3,0
2026-01-14 11:30:00 -0500,364,367,0,9,6,0
2026-01-14 11:45:00 -0500,285,232,45,0,8,0
2026-01-14 12:00:00 -0500,329,584,0,257,2,0
2026-01-14 12:15:00 -0500,258,428,0,174,4,0
2026-01-14 12:30:00 -0500,261,411,0,162,12,0
2026-01-14 12:45:00 -0500,275,535,0,262,2,0
2026-01-14 13:00:00 -0500,258,422,0,166,2,0
2026-01-14 13:15:00 -0500,215,377,0,172,10,0
2026-01-14 13:30:00 -0500,174,213,0,41,2,0
2026-01-14 13:45:00 -0500,143,325,0,184,2,0
2026-01-14 14:00:00 -0500,137,173,0,38,2,0
2026-01-14 14:15:00 -0500,128,140,0,20,8,0
2026-01-14 14:30:00 -0500,113,355,0,242,0,0
2026-01-14 14:45:00 -0500,91,689,0,598,0,0
2026-01-14 15:00:00 -0500,65,535,0,480,10,0
2026-01-14 15:15:00 -0500,63,411,0,348,0,0
2026-01-14 15:30:00 -0500,62,366,0,304,0,0
2026-01-14 15:45:00 -0500,42,386,0,354,10,0
2026-01-14 16:00:00 -0500,26,663,6,0,0,643
2026-01-14 16:15:00 -0500,5,326,12,0,0,333
2026-01-14 16:30:00 -0500,0,188,0,7,0,181
2026-01-14 16:45:00 -0500,0,184,0,5,0,179
2026-01-14 17:00:00 -0500,0,254,0,2,0,252
2026-01-14 17:15:00 -0500,0,573,0,13,0,560
2026-01-14 17:30:00 -0500,0,1209,0,6,0,1203
2026-01-14 17:45:00 -0500,0,271,0,1,0,270
2026-01-14 18:00:00 -0500,0,383,0,14,0,369
2026-01-14 18:15:00 -0500,0,310,0,0,0,310
2026-01-14 18:30:00 -0500,0,217,0,3,0,214
2026-01-14 18:45:00 -0500,0,404,0,4,0,400
2026-01-14 19:00:00 -0500,0,512,0,17,0,495
2026-01-14 19:15:00 -0500,0,761,0,0,0,761
2026-01-14 19:30:00 -0500,0,448,0,6,0,442
2026-01-14 19:45:00 -0500,0,480,0,5,0,475
2026-01-14 20:00:00 -0500,0,460,0,404,6,62
2026-01-14 20:15:00 -0500,0,337,0,343,6,0
2026-01-14 20:30:00 -0500,0,402,0,408,6,0
2026-01-14 20:45:00 -0500,0,350,0,355,5,0
2026-01-14 21:00:00 -0500,0,317,0,322,5,0
2026-01-14 21:15:00 -0500,0,230,0,236,6,0
2026-01-14 21:30:00 -0500,0,630,0,636,6,0
2026-01-14 21:45:00 -0500,0,609,0,615,6,0
2026-01-14 22:00:00 -0500,0,834,0,1950,1116,0
2026-01-14 22:15:00 -0500,0,491,0,2232,1741,0
2026-01-14 22:30:00 -0500,0,384,0,2121,1737,0
2026-01-14 22:45:00 -0500,0,140,0,1850,1710,0
2026-01-14 23:00:00 -0500,0,272,0,1855,1583,0
2026-01-14 23:15:00 -0500,0,634,0,1654,1020,0
2026-01-14 23:30:00 -0500,0,664,0,832,168,0
2026-01-14 23:45:00 -0500,0,197,0,252,55,0
2026-01-15 00:00:00 -0500,0,119,0,119,0,0
2026-01-15 00:15:00 -0500,0,121,0,145,24,0
2026-01-15 00:30:00 -0500,0,295,0,326,31,0
2026-01-15 00:45:00 -0500,0,569,0,574,5,0
2026-01-15 01:00:00 -0500,0,407,0,431,24,0
2026-01-15 01:15:00 -0500,0,431,0,437,6,0
2026-01-15 01:30:00 -0500,0,243,0,277,34,0
2026-01-15 01:45:00 -0500,0,159,0,161,2,0
2026-01-15 02:00:00 -0500,0,671,0,689,18,0
2026-01-15 02:15:00 -0500,0,579,0,593,14,0
2026-01-15 02:30:00 -0500,0,421,0,425,4,0
2026-01-15 02:45:00 -0500,0,400,0,420,20,0
2026-01-15 03:00:00 -0500,0,528,0,536,8,0
2026-01-15 03:15:00 -0500,0,242,0,253,11,0
2026-01-15 03:30:00 -0500,0,124,0,143,19,0
2026-01-15 03:45:00 -0500,0,420,0,420,0,0
2026-01-15 04:00:00 -0500,0,567,0,586,19,0
2026-01-15 04:15:00 -0500,0,491,0,491,0,0
2026-01-15 04:30:00 -0500,0,208,0,226,18,0
2026-01-15 04:45:00 -0500,0,120,0,134,14,0
2026-01-15 05:00:00 -0500,0,184,0,190,6,0
2026-01-15 05:15:00 -0500,0,433,0,451,18,0
2026-01-15 05:30:00 -0500,0,943,0,951,8,0
2026-01-15 05:45:00 -0500,0,425,0,435,10,0
2026-01-15 06:00:00 -0500,0,407,0,425,18,0
2026-01-15 06:15:00 -0500,0,517,0,517,0,0
2026-01-15 06:30:00 -0500,0,430,0,450,20,0
2026-01-15 06:45:00 -0500,0,440,0,440,0,0
2026-01-15 07:00:00 -0500,0,477,0,495,18,0
2026-01-15 07:15:00 -0500,0,675,0,688,13,0
2026-01-15 07:30:00 -0500,0,410,0,417,7,0
2026-01-15 07:45:00 -0500,0,402,0,420,18,0
2026-01-15 08:00:00 -0500,19,421,0,408,6,0
2026-01-15 08:15:00 -0500,71,291,0,234,14,0
2026-01-15 08:30:00 -0500,82,341,0,273,14,0
2026-01-15 08:45:00 -0500,91,701,0,613,3,0
2026-01-15 09:00:00 -0500,158,297,0,159,20,0
2026-01-15 09:15:00 -0500,175,119,56,0,0,0
2026-01-15 09:30:00 -0500,241,115,108,0,18,0
2026-01-15 09:45:00 -0500,491,363,116,0,12,0
2026-01-15 10:00:00 -0500,391,645,0,262,8,0
2026-01-15 10:15:00 -0500,403,493,0,107,17,0
2026-01-15 10:30:00 -0500,631,425,200,0,6,0
2026-01-15 10:45:00 -0500,730,368,348,0,14,0
2026-01-15 11:00:00 -0500,801,591,197,0,13,0
2026-01-15 11:15:00 -0500,832,249,579,0,4,0
2026-01-15 11:30:00 -0500,810,138,653,0,19,0
2026-01-15 11:45:00 -0500,738,119,619,0,0,0
2026-01-15 12:00:00 -0500,471,119,334,0,18,0
2026-01-15 12:15:00 -0500,433,375,47,0,11,0
2026-01-15 12:30:00 -0500,711,483,219,0,9,0
2026-01-15 12:45:00 -0500,590,314,258,0,18,0
2026-01-15 13:00:00 -0500,373,118,251,0,4,0
2026-01-15 13:15:00 -0500,281,578,0,313,16,0
2026-01-15 13:30:00 -0500,356,505,0,161,12,0
2026-01-15 13:45:00 -0500,417,356,55,0,6,0
2026-01-15 14:00:00 -0500,139,381,0,262,20,0
2026-01-15 14:15:00 -0500,264,383,0,119,0,0
2026-01-15 14:30:00 -0500,144,348,0,220,16,0
2026-01-15 14:45:00 -0500,195,352,0,167,10,0
2026-01-15 15:00:00 -0500,168,314,0,156,10,0
2026-01-15 15:15:00 -0500,126,132,0,23,17,0
2026-01-15 15:30:00 -0500,101,167,0,69,3,0
2026-01-15 15:45:00 -0500,40,875,0,851,16,0
2026-01-15 16:00:00 -0500,7,372,0,2,0,363
2026-01-15 16:15:00 -0500,0,130,0,2,0,128
2026-01-15 16:30:00 -0500,0,211,0,8,0,203
2026-01-15 16:45:00 -0500,0,202,0,5,0,197
2026-01-15 17:00:00 -0500,0,359,0,14,0,345
2026-01-15 17:15:00 -0500,0,1000,0,6,0,994
2026-01-15 17:30:00 -0500,0,665,10,0,0,675
2026-01-15 17:45:00 -0500,0,591,0,9,0,582
2026-01-15 18:00:00 -0500,0,513,2,0,0,515
2026-01-15 18:15:00 -0500,0,346,0,10,0,336
2026-01-15 18:30:00 -0500,0,612,0,4,0,608
2026-01-15 18:45:00 -0500,0,279,0,4,0,275
2026-01-15 19:00:00 -0500,0,706,0,21,0,685
2026-01-15 19:15:00 -0500,0,831,0,3,0,828
2026-01-15 19:30:00 -0500,0,760,0,7,0,753
2026-01-15 19:45:00 -0500,0,584,2,0,0,586
2026-01-15 20:00:00 -0500,0,612,0,579,5,38
2026-01-15 20:15:00 -0500,0,319,0,324,5,0
2026-01-15 20:30:00 -0500,0,527,0,533,6,0
2026-01-15 20:45:00 -0500,0,1621,0,1627,6,0
2026-01-15 21:00:00 -0500,0,2123,0,2129,6,0
2026-01-15 21:15:00 -0500,0,1873,0,1879,6,0
2026-01-15 21:30:00 -0500,0,808,0,812,4,0
2026-01-15 21:45:00 -0500,0,373,0,379,6,0
2026-01-15 22:00:00 -0500,0,219,0,1081,862,0
2026-01-15 22:15:00 -0500,0,858,0,2161,1303,0
2026-01-15 22:30:00 -0500,0,365,0,1643,1278,0
2026-01-15 22:45:00 -0500,0,912,0,2183,1271,0
2026-01-15 23:00:00 -0500,0,763,0,2025,1262,0
2026-01-15 23:15:00 -0500,0,560,0,1779,1219,0
2026-01-15 23:30:00 -0500,0,562,0,1653,1091,0
2026-01-15 23:45:00 -0500,0,626,0,1443,817,0
2026-01-16 00:00:00 -0500,0,253,0,562,309,0
2026-01-16 00:15:00 -0500,0,473,0,474,1,0
2026-01-16 00:30:00 -0500,0,481,0,481,0,0
2026-01-16 00:45:00 -0500,0,640,0,641,1,0
2026-01-16 01:00:00 -0500,0,758,0,780,22,0
2026-01-16 01:15:00 -0500,0,722,0,722,0,0
2026-01-16 01:30:00 -0500,0,736,0,738,2,0
2026-01-16 01:45:00 -0500,0,539,0,559,20,0
2026-01-16 02:00:00 -0500,0,660,0,664,4,0
2026-01-16 02:15:00 -0500,0,507,0,509,2,0
2026-01-16 02:30:00 -0500,0,805,0,809,4,0
2026-01-16 02:45:00 -0500,0,622,0,642,20,0
2026-01-16 03:00:00 -0500,0,614,0,614,0,0
2026-01-16 03:15:00 -0500,0,644,0,644,0,0
2026-01-16 03:30:00 -0500,0,794,0,816,22,0
2026-01-16 03:45:00 -0500,0,712,0,714,2,0
2026-01-16 04:00:00 -0500,0,727,0,727,0,0
2026-01-16 04:15:00 -0500,0,818,0,840,22,0
2026-01-16 04:30:00 -0500,0,571,0,575,4,0
2026-01-16 04:45:00 -0500,0,722,0,724,2,0
2026-01-16 05:00:00 -0500,0,622,0,626,4,0
2026-01-16 05:15:00 -0500,0,1149,0,1169,20,0
2026-01-16 05:30:00 -0500,0,645,0,647,2,0
2026-01-16 05:45:00 -0500,0,716,0,716,0,0
2026-01-16 06:00:00 -0500,0,737,0,759,22,0
2026-01-16 06:15:00 -0500,0,771,0,771,0,0
2026-01-16 06:30:00 -0500,0,1122,0,1122,0,0
2026-01-16 06:45:00 -0500,0,1184,0,1204,20,0
2026-01-16 07:00:00 -0500,0,744,0,749,5,0
2026-01-16 07:15:00 -0500,0,723,0,727,4,0
2026-01-16 07:30:00 -0500,40,1015,0,976,1,0
2026-01-16 07:45:00 -0500,91,934,0,864,21,0
2026-01-16 08:00:00 -0500,85,878,0,795,2,0
2026-01-16 08:15:00 -0500,98,858,0,762,2,0
2026-01-16 08:30:00 -0500,146,895,0,770,21,0
2026-01-16 08:45:00 -0500,186,1024,0,839,1,0
2026-01-16 09:00:00 -0500,244,673,0,429,0,0
2026-01-16 09:15:00 -0500,353,793,0,458,18,0
2026-01-16 09:30:00 -0500,427,870,0,445,2,0
2026-01-16 09:45:00 -0500,503,860,0,357,0,0
2026-01-16 10:00:00 -0500,574,1013,0,439,0,0
2026-01-16 10:15:00 -0500,669,570,81,0,18,0
2026-01-16 10:30:00 -0500,776,662,114,0,0,0
2026-01-16 10:45:00 -0500,832,704,128,0,0,0
2026-01-16 11:00:00 -0500,878,725,135,0,18,0
2026-01-16 11:15:00 -0500,923,989,0,66,0,0
2026-01-16 11:30:00 -0500,946,797,149,0,0,0
2026-01-16 11:45:00 -0500,941,787,140,0,14,0
2026-01-16 12:00:00 -0500,944,579,362,0,3,0
2026-01-16 12:15:00 -0500,961,534,427,0,0,0
2026-01-16 12:30:00 -0500,933,771,162,0,0,0
2026-01-16 12:45:00 -0500,882,551,314,0,17,0
2026-01-16 13:00:00 -0500,818,697,121,0,0,0
2026-01-16 13:15:00 -0500,734,609,125,0,0,0
2026-01-16 13:30:00 -0500,598,734,0,153,17,0
2026-01-16 13:45:00 -0500,441,583,0,142,0,0
2026-01-16 14:00:00 -0500,279,533,0,254,0,0
2026-01-16 14:15:00 -0500,178,546,0,382,14,0
2026-01-16 14:30:00 -0500,147,674,0,531,4,0
2026-01-16 14:45:00 -0500,123,786,0,663,0,0
2026-01-16 15:00:00 -0500,104,572,0,468,0,0
2026-01-16 15:15:00 -0500,75,612,0,554,17,0
2026-01-16 15:30:00 -0500,95,656,0,561,0,0
2026-01-16 15:45:00 -0500,87,584,0,497,0,0
2026-01-16 16:00:00 -0500,43,870,12,0,3,842
2026-01-16 16:15:00 -0500,20,560,14,0,0,554
2026-01-16 16:30:00 -0500,1,551,0,6,0,544
2026-01-16 16:45:00 -0500,0,815,0,9,0,806
2026-01-16 17:00:00 -0500,0,816,0,7,0,809
2026-01-16 17:15:00 -0500,0,697,9,0,0,706
2026-01-16 17:30:00 -0500,0,1028,0,18,0,1010
2026-01-16 17:45:00 -0500,0,824,0,5,0,819
2026-01-16 18:00:00 -0500,0,1235,0,10,0,1225
2026-01-16 18:15:00 -0500,0,694,1,0,0,695
2026-01-16 18:30:00 -0500,0,842,0,8,0,834
2026-01-16 18:45:00 -0500,0,750,0,8,0,742
2026-01-16 19:00:00 -0500,0,1057,0,6,0,1051
2026-01-16 19:15:00 -0500,0,654,0,9,0,645
2026-01-16 19:30:00 -0500,1,748,0,4,0,743
2026-01-16 19:45:00 -0500,0,881,0,19,0,862
2026-01-16 20:00:00 -0500,0,853,0,723,4,134
2026-01-16 20:15:00 -0500,0,540,0,546,6,0
2026-01-16 20:30:00 -0500,0,544,0,550,6,0
2026-01-16 20:45:00 -0500,0,903,0,907,4,0
2026-01-16 21:00:00 -0500,0,1264,0,1270,6,0
2026-01-16 21:15:00 -0500,0,1850,0,1856,6,0
2026-01-16 21:30:00 -0500,0,2339,0,2343,4,0
2026-01-16 21:45:00 -0500,0,1205,0,1209,4,0
2026-01-16 22:00:00 -0500,0,692,0,1405,713,0
2026-01-16 22:15:00 -0500,0,600,0,1769,1169,0
2026-01-16 22:30:00 -0500,0,669,0,1854,1185,0
2026-01-16 22:45:00 -0500,0,757,0,1977,1220,0
2026-01-16 23:00:00 -0500,0,579,0,1826,1247,0
2026-01-16 23:15:00 -0500,0,894,0,2161,1267,0
2026-01-16 23:30:00 -0500,0,599,0,1883,1284,0
2026-01-16 23:45:00 -0500,0,740,0,2038,1298,0
2026-01-17 00:00:00 -0500,0,667,0,1961,1294,0
2026-01-17 00:15:00 -0500,0,822,0,2098,1276,0
2026-01-17 00:30:00 -0500,0,614,0,1828,1214,0
2026-01-17 00:45:00 -0500,0,796,0,1853,1057,0
2026-01-17 01:00:00 -0500,0,683,0,1523,840,0
2026-01-17 01:15:00 -0500,0,749,0,1308,559,0
2026-01-17 01:30:00 -0500,0,794,0,963,169,0
2026-01-17 01:45:00 -0500,0,536,0,592,56,0
2026-01-17 02:00:00 -0500,0,766,0,766,0,0
2026-01-17 02:15:00 -0500,0,721,0,731,10,0
2026-01-17 02:30:00 -0500,0,988,0,998,10,0
2026-01-17 02:45:00 -0500,0,653,0,663,10,0
2026-01-17 03:00:00 -0500,0,560,0,564,4,0
2026-01-17 03:15:00 -0500,0,220,0,226,6,0
2026-01-17 03:30:00 -0500,0,1017,0,1017,0,0
2026-01-17 03:45:00 -0500,0,653,0,653,0,0
2026-01-17 04:00:00 -0500,0,606,0,617,11,0
2026-01-17 04:15:00 -0500,0,728,0,728,0,0
2026-01-17 04:30:00 -0500,0,602,0,602,0,0
2026-01-17 04:45:00 -0500,0,894,0,905,11,0
2026-01-17 05:00:00 -0500,0,644,0,644,0,0
2026-01-17 05:15:00 -0500,0,780,0,780,0,0
2026-01-17 05:30:00 -0500,0,563,0,567,4,0
2026-01-17 05:45:00 -0500,0,566,0,573,7,0
2026-01-17 06:00:00 -0500,0,862,0,863,1,0
2026-01-17 06:15:00 -0500,0,634,0,634,0,0
2026-01-17 06:30:00 -0500,0,782,0,793,11,0
2026-01-17 06:45:00 -0500,0,719,0,719,0,0
2026-01-17 07:00:00 -0500,0,713,0,713,0,0
2026-01-17 07:15:00 -0500,0,660,0,671,11,0
2026-01-17 07:30:00 -0500,11,740,0,729,0,0
2026-01-17 07:45:00 -0500,31,868,0,837,0,0
2026-01-17 08:00:00 -0500,104,855,0,753,2,0
2026-01-17 08:15:00 -0500,131,592,0,470,9,0
2026-01-17 08:30:00 -0500,182,632,0,451,1,0
2026-01-17 08:45:00 -0500,159,654,0,495,0,0
2026-01-17 09:00:00 -0500,291,563,0,283,11,0
2026-01-17 09:15:00 -0500,266,805,0,541,2,0
2026-01-17 09:30:00 -0500,152,561,0,412,3,0
2026-01-17 09:45:00 -0500,190,667,0,489,12,0
2026-01-17 10:00:00 -0500,110,523,0,413,0,0
2026-01-17 10:15:00 -0500,131,677,0,546,0,0
2026-01-17 10:30:00 -0500,128,636,0,509,1,0
2026-01-17 10:45:00 -0500,145,748,0,612,9,0
2026-01-17 11:00:00 -0500,135,530,0,395,0,0
2026-01-17 11:15:00 -0500,177,559,0,421,39,0
2026-01-17 11:30:00 -0500,184,786,0,795,193,0
2026-01-17 11:45:00 -0500,81,615,0,622,88,0
2026-01-17 12:00:00 -0500,81,1225,0,1198,54,0
2026-01-17 12:15:00 -0500,101,611,0,518,8,0
2026-01-17 12:30:00 -0500,83,972,0,888,0,1
2026-01-17 12:45:00 -0500,58,652,0,609,16,1
2026-01-17 13:00:00 -0500,64,639,0,584,9,0
2026-01-17 13:15:00 -0500,51,756,0,714,9,0
2026-01-17 13:30:00 -0500,46,816,0,779,10,1
2026-01-17 13:45:00 -0500,50,806,0,774,18,0
2026-01-17 14:00:00 -0500,65,265,0,207,7,0
2026-01-17 14:15:00 -0500,62,738,0,680,4,0
2026-01-17 14:30:00 -0500,44,665,0,635,14,0
2026-01-17 14:45:00 -0500,55,328,0,289,16,0
2026-01-17 15:00:00 -0500,36,867,0,832,1,0
2026-01-17 15:15:00 -0500,36,820,0,801,17,0
2026-01-17 15:30:00 -0500,30,583,0,562,10,1
2026-01-17 15:45:00 -0500,17,667,0,656,6,0
2026-01-17 16:00:00 -0500,3,743,0,20,0,720
2026-01-17 16:15:00 -0500,0,680,0,0,0,680
2026-01-17 16:30:00 -0500,0,616,0,7,0,609
2026-01-17 16:45:00 -0500,0,646,0,7,0,639
2026-01-17 17:00:00 -0500,0,928,0,9,0,919
2026-01-17 17:15:00 -0500,1,1154,0,11,0,1142
2026-01-17 17:30:00 -0500,1,869,5,0,0,873
2026-01-17 17:45:00 -0500,0,285,0,10,0,275
2026-01-17 18:00:00 -0500,0,675,0,15,0,660
2026-01-17 18:15:00 -0500,0,704,0,2,0,702
2026-01-17 18:30:00 -0500,0,712,0,16,0,696
2026-01-17 18:45:00 -0500,0,643,0,2,0,641
2026-01-17 19:00:00 -0500,0,405,0,5,0,400
2026-01-17 19:15:00 -0500,0,761,0,12,0,749
2026-01-17 19:30:00 -0500,0,1132,0,2,0,1130
2026-01-17 19:45:00 -0500,0,700,0,8,0,692
2026-01-17 20:00:00 -0500,0,907,0,823,6,90
2026-01-17 20:15:00 -0500,1,978,0,981,4,0
2026-01-17 20:30:00 -0500,0,980,0,986,6,0
2026-01-17 20:45:00 -0500,0,1087,0,1092,5,0
2026-01-17 21:00:00 -0500,0,650,0,655,5,0
2026-01-17 21:15:00 -0500,0,414,0,420,6,0
2026-01-17 21:30:00 -0500,0,539,0,544,5,0
2026-01-17 21:45:00 -0500,0,801,0,807,6,0
2026-01-17 22:00:00 -0500,0,784,0,789,5,0
2026-01-17 22:15:00 -0500,0,496,0,501,5,0
2026-01-17 22:30:00 -0500,0,180,0,186,6,0
2026-01-17 22:45:00 -0500,0,438,0,443,5,0
2026-01-17 23:00:00 -0500,0,853,0,859,6,0
2026-01-17 23:15:00 -0500,0,642,0,647,5,0
2026-01-17 23:30:00 -0500,0,594,0,600,6,0
2026-01-17 23:45:00 -0500,0,478,0,483,5,0
2026-01-18 00:00:00 -0500,0,430,0,435,5,0
2026-01-18 00:15:00 -0500,0,812,0,818,6,0
2026-01-18 00:30:00 -0500,0,774,0,779,5,0
2026-01-18 00:45:00 -0500,0,810,0,815,5,0
2026-01-18 01:00:00 -0500,0,559,0,565,6,0
2026-01-18 01:15:00 -0500,0,526,0,532,6,0
2026-01-18 01:30:00 -0500,0,864,0,870,6,0
2026-01-18 01:45:00 -0500,0,709,0,715,6,0
2026-01-18 02:00:00 -0500,0,711,0,716,5,0
2026-01-18 02:15:00 -0500,0,569,0,574,5,0
2026-01-18 02:30:00 -0500,0,432,0,438,6,0
2026-01-18 02:45:00 -0500,0,710,0,716,6,0
2026-01-18 03:00:00 -0500,0,444,0,450,6,0
2026-01-18 03:15:00 -0500,0,903,0,909,6,0
2026-01-18 03:30:00 -0500,0,753,0,759,6,0
2026-01-18 03:45:00 -0500,0,944,0,950,6,0
2026-01-18 04:00:00 -0500,0,678,0,682,4,0
2026-01-18 04:15:00 -0500,0,532,0,538,6,0
2026-01-18 04:30:00 -0500,0,716,0,722,6,0
2026-01-18 04:45:00 -0500,0,693,0,699,6,0
2026-01-18 05:00:00 -0500,0,809,0,815,6,0
2026-01-18 05:15:00 -0500,0,535,0,541,6,0
2026-01-18 05:30:00 -0500,0,283,0,288,5,0
2026-01-18 05:45:00 -0500,0,751,0,756,5,0
2026-01-18 06:00:00 -0500,0,882,0,888,6,0
2026-01-18 06:15:00 -0500,0,942,0,948,6,0
2026-01-18 06:30:00 -0500,0,768,0,774,6,0
2026-01-18 06:45:00 -0500,0,670,0,676,6,0
2026-01-18 07:00:00 -0500,0,796,0,800,4,0
2026-01-18 07:15:00 -0500,0,854,0,860,6,0
2026-01-18 07:30:00 -0500,0,952,0,958,6,0
2026-01-18 07:45:00 -0500,17,908,0,901,10,0
2026-01-18 08:00:00 -0500,24,600,0,600,24,0
2026-01-18 08:15:00 -0500,42,850,0,839,31,0
2026-01-18 08:30:00 -0500,60,570,0,560,50,0
2026-01-18 08:45:00 -0500,65,579,0,572,58,0
2026-01-18 09:00:00 -0500,67,706,0,699,60,0
2026-01-18 09:15:00 -0500,74,868,0,860,66,0
2026-01-18 09:30:00 -0500,89,637,0,627,79,0
2026-01-18 09:45:00 -0500,93,583,0,579,89,0
2026-01-18 10:00:00 -0500,121,572,0,562,111,0
2026-01-18 10:15:00 -0500,165,574,0,571,162,0
2026-01-18 10:30:00 -0500,180,891,0,883,172,0
2026-01-18 10:45:00 -0500,169,670,0,676,175,0
2026-01-18 11:00:00 -0500,207,555,0,545,197,0
2026-01-18 11:15:00 -0500,217,559,0,562,220,0
2026-01-18 11:30:00 -0500,205,565,0,571,211,0
2026-01-18 11:45:00 -0500,181,962,0,964,183,0
2026-01-18 12:00:00 -0500,144,686,0,694,152,0
2026-01-18 12:15:00 -0500,117,1442,0,1446,121,0
2026-01-18 12:30:00 -0500,120,595,0,595,120,0
2026-01-18 12:45:00 -0500,103,794,0,800,109,0
2026-01-18 13:00:00 -0500,98,858,0,862,102,0
2026-01-18 13:15:00 -0500,85,266,0,270,89,0
2026-01-18 13:30:00 -0500,86,790,0,792,88,0
2026-01-18 13:45:00 -0500,79,717,0,718,80,0
2026-01-18 14:00:00 -0500,73,1521,0,1701,253,0
2026-01-18 14:15:00 -0500,69,1914,0,2039,194,0
2026-01-18 14:30:00 -0500,62,1329,0,1462,195,0
2026-01-18 14:45:00 -0500,46,646,0,796,196,0
2026-01-18 15:00:00 -0500,29,574,0,742,197,0
2026-01-18 15:15:00 -0500,23,823,0,996,196,0
2026-01-18 15:30:00 -0500,16,804,0,985,197,0
2026-01-18 15:45:00 -0500,8,555,0,738,191,0
2026-01-18 16:00:00 -0500,2,568,0,11,0,555
2026-01-18 16:15:00 -0500,0,583,0,5,0,578
2026-01-18 16:30:00 -0500,0,855,0,11,0,844
2026-01-18 16:45:00 -0500,0,722,0,6,0,716
2026-01-18 17:00:00 -0500,1,730,0,5,0,724
2026-01-18 17:15:00 -0500,0,403,1,0,0,404
2026-01-18 17:30:00 -0500,0,836,0,12,0,824
2026-01-18 17:45:00 -0500,0,647,0,378,4,273
2026-01-18 18:00:00 -0500,0,497,0,502,5,0
2026-01-18 18:15:00 -0500,0,729,0,735,6,0
2026-01-18 18:30:00 -0500,0,596,0,601,5,0
2026-01-18 18:45:00 -0500,0,1041,0,1047,6,0
2026-01-18 19:00:00 -0500,0,746,0,751,5,0
2026-01-18 19:15:00 -0500,0,660,0,665,5,0
2026-01-18 19:30:00 -0500,0,641,0,647,6,0
2026-01-18 19:45:00 -0500,0,708,0,713,5,0
2026-01-18 20:00:00 -0500,0,824,0,830,6,0
2026-01-18 20:15:00 -0500,0,917,0,922,5,0
2026-01-18 20:30:00 -0500,0,614,0,619,5,0
2026-01-18 20:45:00 -0500,0,530,0,535,5,0
2026-01-18 21:00:00 -0500,0,532,0,597,65,0
2026-01-18 21:15:00 -0500,0,1163,0,1167,4,0
2026-01-18 21:30:00 -0500,0,860,0,866,6,0
2026-01-18 21:45:00 -0500,0,875,0,881,6,0
2026-01-18 22:00:00 -0500,0,654,0,721,67,0
2026-01-18 22:15:00 -0500,0,173,0,906,733,0
2026-01-18 22:30:00 -0500,0,459,0,1160,701,0
2026-01-18 22:45:00 -0500,0,576,0,1304,728,0
2026-01-18 23:00:00 -0500,0,728,0,1478,750,0
2026-01-18 23:15:00 -0500,0,648,0,1421,773,0
2026-01-18 23:30:00 -0500,0,533,0,1326,793,0
2026-01-18 23:45:00 -0500,0,862,0,1674,812,0
2026-01-19 00:00:00 -0500,0,526,0,1351,825,0
2026-01-19 00:15:00 -0500,0,466,0,1293,827,0
2026-01-19 00:30:00 -0500,0,676,0,1472,796,0
2026-01-19 00:45:00 -0500,0,607,0,1282,675,0
2026-01-19 01:00:00 -0500,0,896,0,1420,524,0
2026-01-19 01:15:00 -0500,0,728,0,1067,339,0
2026-01-19 01:30:00 -0500,0,607,0,764,157,0
2026-01-19 01:45:00 -0500,0,663,0,766,103,0
2026-01-19 02:00:00 -0500,0,642,0,741,99,0
2026-01-19 02:15:00 -0500,0,907,0,1013,106,0
2026-01-19 02:30:00 -0500,0,704,0,816,112,0
2026-01-19 02:45:00 -0500,0,715,0,814,99,0
2026-01-19 03:00:00 -0500,0,595,0,722,127,0
2026-01-19 03:15:00 -0500,0,366,0,471,105,0
2026-01-19 03:30:00 -0500,0,605,0,708,103,0
2026-01-19 03:45:00 -0500,0,406,0,506,100,0
2026-01-19 04:00:00 -0500,0,816,0,925,109,0
2026-01-19 04:15:00 -0500,0,740,0,849,109,0
2026-01-19 04:30:00 -0500,0,700,0,800,100,0
2026-01-19 04:45:00 -0500,0,899,0,1007,108,0
2026-01-19 05:00:00 -0500,0,545,0,654,109,0
2026-01-19 05:15:00 -0500,0,646,0,744,98,0
2026-01-19 05:30:00 -0500,0,529,0,636,107,0
2026-01-19 05:45:00 -0500,0,806,0,913,107,0
2026-01-19 06:00:00 -0500,0,851,0,954,103,0
2026-01-19 06:15:00 -0500,0,458,0,557,99,0
2026-01-19 06:30:00 -0500,0,500,0,610,110,0
2026-01-19 06:45:00 -0500,0,721,0,829,108,0
2026-01-19 07:00:00 -0500,0,798,0,898,100,0
2026-01-19 07:15:00 -0500,0,1106,0,1215,109,0
2026-01-19 07:30:00 -0500,0,793,0,901,108,0
2026-01-19 07:45:00 -0500,0,862,0,961,99,0
2026-01-19 08:00:00 -0500,0,867,0,973,106,0
2026-01-19 08:15:00 -0500,0,642,0,749,107,0
2026-01-19 08:30:00 -0500,0,569,0,672,103,0
2026-01-19 08:45:00 -0500,0,569,0,669,100,0
2026-01-19 09:00:00 -0500,0,736,0,847,111,0
2026-01-19 09:15:00 -0500,0,711,0,822,111,0
2026-01-19 09:30:00 -0500,0,728,0,830,102,0
2026-01-19 09:45:00 -0500,0,562,0,673,111,0
2026-01-19 10:00:00 -0500,0,716,0,825,109,0
2026-01-19 10:15:00 -0500,0,721,0,821,100,0
2026-01-19 10:30:00 -0500,0,836,0,942,106,0
2026-01-19 10:45:00 -0500,11,730,0,828,109,0
2026-01-19 11:00:00 -0500,86,574,0,594,106,0
2026-01-19 11:15:00 -0500,109,168,0,157,98,0
2026-01-19 11:30:00 -0500,263,168,0,15,110,0
2026-01-19 11:45:00 -0500,62,431,0,477,108,0
2026-01-19 12:00:00 -0500,41,1064,0,1121,98,0
2026-01-19 12:15:00 -0500,156,977,0,930,109,0
2026-01-19 12:30:00 -0500,163,652,0,597,108,0
2026-01-19 12:45:00 -0500,354,583,0,329,100,0
2026-01-19 13:00:00 -0500,225,651,0,530,104,0
2026-01-19 13:15:00 -0500,265,675,0,515,105,0
2026-01-19 13:30:00 -0500,282,630,0,454,106,0
2026-01-19 13:45:00 -0500,292,558,0,364,98,0
2026-01-19 14:00:00 -0500,259,545,0,394,108,0
2026-01-19 14:15:00 -0500,150,599,0,554,105,0
2026-01-19 14:30:00 -0500,136,811,0,773,98,0
2026-01-19 14:45:00 -0500,109,203,0,201,107,0
2026-01-19 15:00:00 -0500,102,184,0,189,107,0
2026-01-19 15:15:00 -0500,68,161,0,190,97,0
2026-01-19 15:30:00 -0500,36,699,0,764,101,0
2026-01-19 15:45:00 -0500,17,1093,0,1181,105,0
2026-01-19 16:00:00 -0500,12,680,5,0,0,673
2026-01-19 16:15:00 -0500,6,580,2,0,0,576
2026-01-19 16:30:00 -0500,0,549,0,6,0,543
2026-01-19 16:45:00 -0500,0,695,0,10,0,685
2026-01-19 17:00:00 -0500,0,797,1,0,0,798
2026-01-19 17:15:00 -0500,0,729,0,3,0,726
2026-01-19 17:30:00 -0500,0,820,0,9,0,811
2026-01-19 17:45:00 -0500,0,811,0,0,0,811
2026-01-19 18:00:00 -0500,0,1065,0,7,0,1058
2026-01-19 18:15:00 -0500,0,613,0,2,0,611
2026-01-19 18:30:00 -0500,0,838,0,7,0,831
2026-01-19 18:45:00 -0500,0,926,0,16,0,910
2026-01-19 19:00:00 -0500,0,1100,0,1,0,1099
2026-01-19 19:15:00 -0500,0,683,2,0,0,685
2026-01-19 19:30:00 -0500,0,758,0,10,0,748
2026-01-19 19:45:00 -0500,0,642,0,14,0,628
2026-01-19 20:00:00 -0500,0,871,0,826,6,51
2026-01-19 20:15:00 -0500,0,798,0,803,5,0
2026-01-19 20:30:00 -0500,0,767,0,772,5,0
2026-01-19 20:45:00 -0500,0,775,0,781,6,0
2026-01-19 21:00:00 -0500,0,833,0,839,6,0
2026-01-19 21:15:00 -0500,0,704,0,708,4,0
2026-01-19 21:30:00 -0500,0,1216,0,1222,6,0
2026-01-19 21:45:00 -0500,0,1103,0,1107,4,0
2026-01-19 22:00:00 -0500,0,1006,0,2161,1155,0
2026-01-19 22:15:00 -0500,0,784,0,1954,1170,0
2026-01-19 22:30:00 -0500,0,464,0,1662,1198,0
2026-01-19 22:45:00 -0500,0,311,0,1544,1233,0
2026-01-19 23:00:00 -0500,0,606,0,1853,1247,0
2026-01-19 23:15:00 -0500,0,1053,0,2316,1263,0
2026-01-19 23:30:00 -0500,0,716,0,1983,1267,0
2026-01-19 23:45:00 -0500,0,746,0,1997,1251,0
2026-01-20 00:00:00 -0500,0,705,0,1945,1240,0
2026-01-20 00:15:00 -0500,0,801,0,1986,1185,0
2026-01-20 00:30:00 -0500,0,950,0,2023,1073,0
2026-01-20 00:45:00 -0500,0,569,0,1477,908,0
2026-01-20 01:00:00 -0500,0,704,0,1389,685,0
2026-01-20 01:15:00 -0500,0,579,0,1012,433,0
2026-01-20 01:30:00 -0500,0,1195,0,1389,194,0
2026-01-20 01:45:00 -0500,0,705,0,743,38,0
2026-01-20 02:00:00 -0500,0,912,0,922,10,0
2026-01-20 02:15:00 -0500,0,824,0,845,21,0
2026-01-20 02:30:00 -0500,0,782,0,782,0,0
2026-01-20 02:45:00 -0500,0,589,0,599,10,0
2026-01-20 03:00:00 -0500,0,390,0,411,21,0
2026-01-20 03:15:00 -0500,0,875,0,875,0,0
2026-01-20 03:30:00 -0500,0,1253,0,1253,0,0
2026-01-20 03:45:00 -0500,0,881,0,884,3,0
2026-01-20 04:00:00 -0500,0,700,0,708,8,0
2026-01-20 04:15:00 -0500,0,635,0,635,0,0
2026-01-20 04:30:00 -0500,0,772,0,772,0,0
2026-01-20 04:45:00 -0500,0,917,0,929,12,0
2026-01-20 05:00:00 -0500,0,1199,0,1199,0,0
2026-01-20 05:15:00 -0500,0,925,0,925,0,0
2026-01-20 05:30:00 -0500,0,849,0,859,10,0
2026-01-20 05:45:00 -0500,0,985,0,985,0,0
2026-01-20 06:00:00 -0500,0,661,0,662,1,0
2026-01-20 06:15:00 -0500,0,670,0,672,2,0
2026-01-20 06:30:00 -0500,0,1056,0,1065,9,0
2026-01-20 06:45:00 -0500,0,1056,0,1056,0,0
2026-01-20 07:00:00 -0500,0,1056,0,1058,2,0
2026-01-20 07:15:00 -0500,0,772,0,787,15,0
2026-01-20 07:30:00 -0500,3,1076,0,1076,3,0
2026-01-20 07:45:00 -0500,14,1254,0,1242,2,0
2026-01-20 08:00:00 -0500,23,960,0,950,13,0
2026-01-20 08:15:00 -0500,33,757,0,727,3,0
2026-01-20 08:30:00 -0500,39,935,0,896,0,0
2026-01-20 08:45:00 -0500,49,1177,0,1130,2,0
2026-01-20 09:00:00 -0500,58,1008,0,958,8,0
2026-01-20 09:15:00 -0500,79,841,0,762,0,0
2026-01-20 09:30:00 -0500,87,634,0,547,0,0
2026-01-20 09:45:00 -0500,107,821,0,726,12,0
2026-01-20 10:00:00 -0500,137,724,0,587,0,0
2026-01-20 10:15:00 -0500,208,888,0,680,0,0
2026-01-20 10:30:00 -0500,303,896,0,601,8,0
2026-01-20 10:45:00 -0500,367,1867,0,1500,0,0
2026-01-20 11:00:00 -0500,414,1834,0,1420,0,0
2026-01-20 11:15:00 -0500,443,964,0,521,0,0
2026-01-20 11:30:00 -0500,436,743,0,315,8,0
2026-01-20 11:45:00 -0500,427,996,0,569,0,0
2026-01-20 12:00:00 -0500,346,758,0,412,0,0
2026-01-20 12:15:00 -0500,410,805,0,403,8,0
2026-01-20 12:30:00 -0500,506,848,0,342,0,0
2026-01-20 12:45:00 -0500,431,923,0,492,0,0
2026-01-20 13:00:00 -0500,431,616,0,193,8,0
2026-01-20 13:15:00 -0500,410,623,0,213,0,0
2026-01-20 13:30:00 -0500,439,633,0,194,0,0
2026-01-20 13:45:00 -0500,342,922,0,580,0,0
2026-01-20 14:00:00 -0500,229,722,0,502,9,0
2026-01-20 14:15:00 -0500,131,561,0,430,0,0
2026-01-20 14:30:00 -0500,103,557,0,454,0,0
2026-01-20 14:45:00 -0500,106,683,0,585,8,0
2026-01-20 15:00:00 -0500,72,905,0,833,0,0
2026-01-20 15:15:00 -0500,49,722,0,673,0,0
2026-01-20 15:30:00 -0500,57,704,0,656,9,0
2026-01-20 15:45:00 -0500,55,887,0,835,3,0
2026-01-20 16:00:00 -0500,27,806,38,0,0,817
2026-01-20 16:15:00 -0500,11,688,1,0,0,678
2026-01-20 16:30:00 -0500,1,1002,0,13,0,988
2026-01-20 16:45:00 -0500,0,1136,0,17,0,1119
2026-01-20 17:00:00 -0500,0,943,0,1,0,942
2026-01-20 17:15:00 -0500,0,872,3,0,0,875
2026-01-20 17:30:00 -0500,0,1376,0,71,0,1305
2026-01-20 17:45:00 -0500,0,1013,0,10,0,1003
2026-01-20 18:00:00 -0500,0,995,3,0,0,998
2026-01-20 18:15:00 -0500,0,889,0,13,0,876
2026-01-20 18:30:00 -0500,0,1312,4,0,0,1316
2026-01-20 18:45:00 -0500,0,955,0,6,0,949
2026-01-20 19:00:00 -0500,0,726,0,4,0,722
2026-01-20 19:15:00 -0500,0,854,0,421,3,436
2026-01-20 19:30:00 -0500,0,896,0,901,5,0
2026-01-20 19:45:00 -0500,0,990,0,994,4,0
2026-01-20 20:00:00 -0500,0,844,0,849,5,0
2026-01-20 20:15:00 -0500,0,1034,0,1039,5,0
2026-01-20 20:30:00 -0500,0,1207,0,1212,5,0
2026-01-20 20:45:00 -0500,0,1249,0,1254,5,0
2026-01-20 21:00:00 -0500,0,1113,0,1118,5,0
2026-01-20 21:15:00 -0500,0,1111,0,1116,5,0
2026-01-20 21:30:00 -0500,0,1119,0,1124,5,0
2026-01-20 21:45:00 -0500,0,1117,0,1122,5,0
2026-01-20 22:00:00 -0500,0,1243,0,1626,383,0
2026-01-20 22:15:00 -0500,0,1173,0,1546,373,0
2026-01-20 22:30:00 -0500,0,670,0,1044,374,0
2026-01-20 22:45:00 -0500,0,845,0,1220,375,0
2026-01-20 23:00:00 -0500,0,881,0,1256,375,0
2026-01-20 23:15:00 -0500,0,823,0,1199,376,0
2026-01-20 23:30:00 -0500,0,805,0,1088,283,0
2026-01-20 23:45:00 -0500,0,1319,0,1779,461,1
2026-01-21 00:00:00 -0500,0,728,0,1281,553,0
2026-01-21 00:15:00 -0500,0,958,0,1512,554,0
2026-01-21 00:30:00 -0500,0,729,0,1284,555,0
2026-01-21 00:45:00 -0500,0,1398,0,1953,555,0
2026-01-21 01:00:00 -0500,0,872,0,1428,556,0
2026-01-21 01:15:00 -0500,0,969,0,1525,556,0
2026-01-21 01:30:00 -0500,0,1013,0,1570,557,0
2026-01-21 01:45:00 -0500,0,711,0,1269,558,0
2026-01-21 02:00:00 -0500,0,903,0,1462,559,0
2026-01-21 02:15:00 -0500,0,1311,0,1869,558,0
2026-01-21 02:30:00 -0500,0,923,0,1483,560,0
2026-01-21 02:45:00 -0500,0,990,0,1550,560,0
2026-01-21 03:00:00 -0500,0,908,0,1469,561,0
2026-01-21 03:15:00 -0500,0,1311,0,1871,560,0
2026-01-21 03:30:00 -0500,0,848,0,1409,561,0
2026-01-21 03:45:00 -0500,0,984,0,1543,559,0
2026-01-21 04:00:00 -0500,0,942,0,1489,547,0
2026-01-21 04:15:00 -0500,0,999,0,1529,530,0
2026-01-21 04:30:00 -0500,0,868,0,1379,511,0
2026-01-21 04:45:00 -0500,0,993,0,1476,483,0
2026-01-21 05:00:00 -0500,0,1495,0,1945,450,0
2026-01-21 05:15:00 -0500,0,1170,0,1583,413,0
2026-01-21 05:30:00 -0500,0,1202,0,1582,380,0
2026-01-21 05:45:00 -0500,0,1205,0,1554,349,0
2026-01-21 06:00:00 -0500,0,1113,0,1415,302,0
2026-01-21 06:15:00 -0500,0,994,0,1266,272,0
2026-01-21 06:30:00 -0500,0,1449,0,1673,224,0
2026-01-21 06:45:00 -0500,0,1033,0,1242,209,0
2026-01-21 07:00:00 -0500,0,756,0,905,149,0
2026-01-21 07:15:00 -0500,0,1492,0,1606,114,0
2026-01-21 07:30:00 -0500,4,1277,0,1350,77,0
2026-01-21 07:45:00 -0500,18,1063,0,1104,59,0
2026-01-21 08:00:00 -0500,24,1280,0,1268,12,0
2026-01-21 08:15:00 -0500,34,1035,0,1009,8,0
2026-01-21 08:30:00 -0500,44,1007,0,979,16,0
2026-01-21 08:45:00 -0500,56,1193,0,1153,16,0
2026-01-21 09:00:00 -0500,64,1121,0,1067,10,0
2026-01-21 09:15:00 -0500,89,1123,0,1034,0,0
2026-01-21 09:30:00 -0500,98,1010,0,922,10,0
2026-01-21 09:45:00 -0500,125,1007,0,897,15,0
2026-01-21 10:00:00 -0500,159,1072,0,914,1,0
2026-01-21 10:15:00 -0500,246,1050,0,816,12,0
2026-01-21 10:30:00 -0500,355,1050,0,697,2,0
2026-01-21 10:45:00 -0500,393,699,0,315,9,0
2026-01-21 11:00:00 -0500,381,734,0,362,9,0
2026-01-21 11:15:00 -0500,414,1068,0,657,3,0
2026-01-21 11:30:00 -0500,447,853,0,417,11,0
2026-01-21 11:45:00 -0500,450,837,0,387,0,0
2026-01-21 12:00:00 -0500,442,1061,0,630,11,0
2026-01-21 12:15:00 -0500,369,710,0,352,11,0
2026-01-21 12:30:00 -0500,307,870,0,564,1,0
2026-01-21 12:45:00 -0500,290,833,0,553,10,0
2026-01-21 13:00:00 -0500,262,1148,0,888,2,0
2026-01-21 13:15:00 -0500,311,820,0,519,10,0
2026-01-21 13:30:00 -0500,420,781,0,369,8,0
2026-01-21 13:45:00 -0500,314,1025,0,715,4,0
2026-01-21 14:00:00 -0500,212,775,0,573,10,0
2026-01-21 14:15:00 -0500,137,720,0,584,1,0
2026-01-21 14:30:00 -0500,110,680,0,581,11,0
2026-01-21 14:45:00 -0500,95,933,0,848,10,0
2026-01-21 15:00:00 -0500,77,836,0,761,2,0
2026-01-21 15:15:00 -0500,57,891,0,846,12,0
2026-01-21 15:30:00 -0500,54,1146,0,1092,0,0
2026-01-21 15:45:00 -0500,38,827,0,801,12,0
2026-01-21 16:00:00 -0500,23,842,29,0,0,848
2026-01-21 16:15:00 -0500,6,785,0,7,0,772
2026-01-21 16:30:00 -0500,0,948,0,2,0,946
2026-01-21 16:45:00 -0500,0,736,0,2,0,734
2026-01-21 17:00:00 -0500,0,706,0,7,0,699
2026-01-21 17:15:00 -0500,0,1065,0,3,0,1062
2026-01-21 17:30:00 -0500,0,909,0,16,0,893
2026-01-21 17:45:00 -0500,0,1075,0,6,0,1069
2026-01-21 18:00:00 -0500,0,1322,0,4,0,1318
2026-01-21 18:15:00 -0500,0,911,0,4,0,907
2026-01-21 18:30:00 -0500,0,950,0,3,0,947
2026-01-21 18:45:00 -0500,0,1227,0,16,0,1211
2026-01-21 19:00:00 -0500,0,891,5,0,0,896
2026-01-21 19:15:00 -0500,0,667,0,10,0,657
2026-01-21 19:30:00 -0500,0,696,0,267,3,432
2026-01-21 19:45:00 -0500,0,997,0,1002,5,0
2026-01-21 20:00:00 -0500,0,933,0,939,6,0
2026-01-21 20:15:00 -0500,0,1199,0,1203,4,0
2026-01-21 20:30:00 -0500,0,1128,0,1134,6,0
2026-01-21 20:45:00 -0500,0,2447,0,2452,5,0
2026-01-21 21:00:00 -0500,0,1830,0,1835,5,0
2026-01-21 21:15:00 -0500,0,674,0,680,6,0
2026-01-21 21:30:00 -0500,0,939,0,944,5,0
2026-01-21 21:45:00 -0500,0,779,0,784,5,0
2026-01-21 22:00:00 -0500,0,208,0,1424,1216,0
2026-01-21 22:15:00 -0500,0,225,0,1450,1225,0
2026-01-21 22:30:00 -0500,0,940,0,2206,1266,0
2026-01-21 22:45:00 -0500,0,836,0,2152,1316,0
2026-01-21 23:00:00 -0500,0,782,0,2144,1362,0
2026-01-21 23:15:00 -0500,0,929,0,2334,1405,0
2026-01-21 23:30:00 -0500,0,749,0,2187,1438,0
2026-01-21 23:45:00 -0500,0,877,0,2336,1459,0
2026-01-22 00:00:00 -0500,0,718,0,2184,1466,0
2026-01-22 00:15:00 -0500,0,907,0,2278,1371,0
2026-01-22 00:30:00 -0500,0,715,0,1884,1169,0
2026-01-22 00:45:00 -0500,0,696,0,1563,867,0
2026-01-22 01:00:00 -0500,0,783,0,1184,401,0
2026-01-22 01:15:00 -0500,0,755,0,760,5,0
2026-01-22 01:30:00 -0500,0,592,0,592,0,0
2026-01-22 01:45:00 -0500,0,645,0,645,0,0
2026-01-22 02:00:00 -0500,0,944,0,955,11,0
2026-01-22 02:15:00 -0500,0,746,0,746,0,0
2026-01-22 02:30:00 -0500,0,619,0,619,0,0
2026-01-22 02:45:00 -0500,0,650,0,662,12,0
2026-01-22 03:00:00 -0500,0,914,0,914,0,0
2026-01-22 03:15:00 -0500,0,791,0,791,0,0
2026-01-22 03:30:00 -0500,0,696,0,698,2,0
2026-01-22 03:45:00 -0500,0,802,0,810,8,0
2026-01-22 04:00:00 -0500,0,695,0,695,0,0
2026-01-22 04:15:00 -0500,0,836,0,836,0,0
2026-01-22 04:30:00 -0500,0,775,0,787,12,0
2026-01-22 04:45:00 -0500,0,660,0,660,0,0
2026-01-22 05:00:00 -0500,0,701,0,703,2,0
2026-01-22 05:15:00 -0500,0,684,0,694,10,0
2026-01-22 05:30:00 -0500,0,901,0,901,0,0
2026-01-22 05:45:00 -0500,0,606,0,606,0,0
2026-01-22 06:00:00 -0500,0,587,0,589,2,0
2026-01-22 06:15:00 -0500,0,576,0,586,10,0
2026-01-22 06:30:00 -0500,0,948,0,948,0,0
2026-01-22 06:45:00 -0500,0,733,0,735,2,0
2026-01-22 07:00:00 -0500,0,720,0,730,10,0
2026-01-22 07:15:00 -0500,1,803,0,803,1,0
2026-01-22 07:30:00 -0500,36,764,0,729,1,0
2026-01-22 07:45:00 -0500,68,536,0,479,11,0
2026-01-22 08:00:00 -0500,101,661,0,560,0,0
2026-01-22 08:15:00 -0500,122,829,0,708,1,0
2026-01-22 08:30:00 -0500,154,1037,0,883,0,0
2026-01-22 08:45:00 -0500,209,898,0,700,11,0
2026-01-22 09:00:00 -0500,248,867,0,620,1,0
2026-01-22 09:15:00 -0500,306,918,0,612,0,0
2026-01-22 09:30:00 -0500,327,914,0,597,10,0
2026-01-22 09:45:00 -0500,303,896,0,593,0,0
2026-01-22 10:00:00 -0500,322,918,0,596,0,0
2026-01-22 10:15:00 -0500,325,904,0,589,10,0
2026-01-22 10:30:00 -0500,359,817,0,458,0,0
2026-01-22 10:45:00 -0500,424,869,0,445,0,0
2026-01-22 11:00:00 -0500,484,855,0,371,0,0
2026-01-22 11:15:00 -0500,435,854,0,429,10,0
2026-01-22 11:30:00 -0500,381,848,0,468,1,0
2026-01-22 11:45:00 -0500,318,2013,0,1695,0,0
2026-01-22 12:00:00 -0500,445,2341,0,1905,9,0
2026-01-22 12:15:00 -0500,700,981,0,281,0,0
2026-01-22 12:30:00 -0500,677,772,0,95,0,0
2026-01-22 12:45:00 -0500,710,701,1,0,8,0
2026-01-22 13:00:00 -0500,689,489,199,0,1,0
2026-01-22 13:15:00 -0500,660,466,194,0,0,0
2026-01-22 13:30:00 -0500,466,431,35,0,0,0
2026-01-22 13:45:00 -0500,427,420,0,1,8,0
2026-01-22 14:00:00 -0500,396,935,0,539,0,0
2026-01-22 14:15:00 -0500,273,802,0,529,0,0
2026-01-22 14:30:00 -0500,162,681,0,528,9,0
2026-01-22 14:45:00 -0500,168,670,0,502,0,0
2026-01-22 15:00:00 -0500,165,464,0,299,0,0
2026-01-22 15:15:00 -0500,176,478,0,309,7,0
2026-01-22 15:30:00 -0500,114,462,0,350,2,0
2026-01-22 15:45:00 -0500,85,452,0,371,4,0
2026-01-22 16:00:00 -0500,50,387,61,0,0,398
2026-01-22 16:15:00 -0500,33,187,27,0,0,181
2026-01-22 16:30:00 -0500,6,181,1,0,0,176
2026-01-22 16:45:00 -0500,0,201,0,6,0,195
2026-01-22 17:00:00 -0500,0,362,0,15,0,347
2026-01-22 17:15:00 -0500,0,784,0,9,0,775
2026-01-22 17:30:00 -0500,0,910,0,0,0,910
2026-01-22 17:45:00 -0500,0,592,0,7,0,585
2026-01-22 18:00:00 -0500,0,726,0,4,0,722
2026-01-22 18:15:00 -0500,0,670,0,7,0,663
2026-01-22 18:30:00 -0500,0,463,2,0,0,465
2026-01-22 18:45:00 -0500,0,289,0,6,0,283
2026-01-22 19:00:00 -0500,0,637,0,16,0,621
2026-01-22 19:15:00 -0500,0,707,0,7,0,700
2026-01-22 19:30:00 -0500,0,589,0,2,0,587
2026-01-22 19:45:00 -0500,0,643,0,9,0,634
2026-01-22 20:00:00 -0500,0,308,0,289,6,25
2026-01-22 20:15:00 -0500,0,691,0,697,6,0
2026-01-22 20:30:00 -0500,0,1083,0,1088,5,0
2026-01-22 20:45:00 -0500,1,1090,0,1094,5,0
2026-01-22 21:00:00 -0500,0,991,0,997,6,0
2026-01-22 21:15:00 -0500,0,968,0,974,6,0
2026-01-22 21:30:00 -0500,0,675,0,679,4,0
2026-01-22 21:45:00 -0500,0,644,0,650,6,0
2026-01-22 22:00:00 -0500,0,317,0,1361,1044,0
2026-01-22 22:15:00 -0500,0,199,0,1215,1016,0
2026-01-22 22:30:00 -0500,0,305,0,1291,986,0
2026-01-22 22:45:00 -0500,0,517,0,1503,986,0
2026-01-22 23:00:00 -0500,0,172,0,1151,979,0
2026-01-22 23:15:00 -0500,0,605,0,1560,955,0
2026-01-22 23:30:00 -0500,0,902,0,1795,893,0
2026-01-22 23:45:00 -0500,0,963,0,1683,720,0
2026-01-23 00:00:00 -0500,0,795,0,1249,454,0
2026-01-23 00:15:00 -0500,0,578,0,695,117,0
2026-01-23 00:30:00 -0500,0,583,0,633,50,0
2026-01-23 00:45:00 -0500,0,711,0,761,50,0
2026-01-23 01:00:00 -0500,0,594,0,690,96,0
2026-01-23 01:15:00 -0500,0,686,0,751,65,0
2026-01-23 01:30:00 -0500,0,639,0,690,51,0
2026-01-23 01:45:00 -0500,0,614,0,689,75,0
2026-01-23 02:00:00 -0500,0,666,0,758,92,0
2026-01-23 02:15:00 -0500,0,685,0,735,50,0
2026-01-23 02:30:00 -0500,0,911,0,963,52,0
2026-01-23 02:45:00 -0500,0,865,0,951,86,0
2026-01-23 03:00:00 -0500,0,986,0,1042,56,0
2026-01-23 03:15:00 -0500,0,634,0,686,52,0
2026-01-23 03:30:00 -0500,0,603,0,671,68,0
2026-01-23 03:45:00 -0500,0,689,0,778,89,0
2026-01-23 04:00:00 -0500,0,589,0,640,51,0
2026-01-23 04:15:00 -0500,0,717,0,777,60,0
2026-01-23 04:30:00 -0500,0,673,0,735,62,0
2026-01-23 04:45:00 -0500,0,687,0,747,60,0
2026-01-23 05:00:00 -0500,0,817,0,868,51,0
2026-01-23 05:15:00 -0500,0,830,0,890,60,0
2026-01-23 05:30:00 -0500,0,809,0,889,80,0
2026-01-23 05:45:00 -0500,0,807,0,858,51,0
2026-01-23 06:00:00 -0500,0,839,0,900,61,0
2026-01-23 06:15:00 -0500,0,696,0,756,60,0
2026-01-23 06:30:00 -0500,0,814,0,876,62,0
2026-01-23 06:45:00 -0500,0,785,0,845,60,0
2026-01-23 07:00:00 -0500,0,799,0,861,62,0
2026-01-23 07:15:00 -0500,4,813,0,870,61,0
2026-01-23 07:30:00 -0500,33,899,0,918,52,0
2026-01-23 07:45:00 -0500,88,898,0,870,60,0
2026-01-23 08:00:00 -0500,84,737,0,719,66,0
2026-01-23 08:15:00 -0500,94,992,0,952,54,0
2026-01-23 08:30:00 -0500,125,1072,0,1007,60,0
2026-01-23 08:45:00 -0500,168,966,0,858,60,0
2026-01-23 09:00:00 -0500,211,891,0,740,60,0
2026-01-23 09:15:00 -0500,296,872,0,633,57,0
2026-01-23 09:30:00 -0500,328,926,0,659,61,0
2026-01-23 09:45:00 -0500,375,1057,0,745,63,0
2026-01-23 10:00:00 -0500,425,878,0,504,51,0
2026-01-23 10:15:00 -0500,519,834,0,376,61,0
2026-01-23 10:30:00 -0500,631,879,0,312,64,0
2026-01-23 10:45:00 -0500,696,995,0,355,56,0
2026-01-23 11:00:00 -0500,743,878,0,195,60,0
2026-01-23 11:15:00 -0500,791,958,0,228,61,0
2026-01-23 11:30:00 -0500,792,859,0,124,57,0
2026-01-23 11:45:00 -0500,850,825,17,0,8,0
2026-01-23 12:00:00 -0500,895,810,76,0,9,0
2026-01-23 12:15:00 -0500,776,831,0,68,13,0
2026-01-23 12:30:00 -0500,924,952,0,111,83,0
2026-01-23 12:45:00 -0500,801,850,0,99,50,0
2026-01-23 13:00:00 -0500,784,832,0,58,10,0
2026-01-23 13:15:00 -0500,735,811,0,80,4,0
2026-01-23 13:30:00 -0500,599,810,0,227,16,0
2026-01-23 13:45:00 -0500,479,812,0,347,14,0
2026-01-23 14:00:00 -0500,348,975,0,635,8,0
2026-01-23 14:15:00 -0500,362,845,0,487,4,0
2026-01-23 14:30:00 -0500,289,529,0,256,16,0
2026-01-23 14:45:00 -0500,252,445,0,203,10,0
2026-01-23 15:00:00 -0500,186,443,0,262,7,2
2026-01-23 15:15:00 -0500,126,877,0,768,18,1
2026-01-23 15:30:00 -0500,95,759,0,672,9,1
2026-01-23 15:45:00 -0500,58,640,0,590,8,0
2026-01-23 16:00:00 -0500,65,618,61,0,0,614
2026-01-23 16:15:00 -0500,30,691,19,0,0,680
2026-01-23 16:30:00 -0500,10,852,1,0,0,843
2026-01-23 16:45:00 -0500,0,673,0,3,0,670
2026-01-23 17:00:00 -0500,0,659,0,6,0,653
2026-01-23 17:15:00 -0500,0,635,3,0,0,638
2026-01-23 17:30:00 -0500,0,1087,0,10,0,1077
2026-01-23 17:45:00 -0500,0,888,0,10,0,878
2026-01-23 18:00:00 -0500,0,862,2,0,0,864
2026-01-23 18:15:00 -0500,0,745,0,10,0,735
2026-01-23 18:30:00 -0500,0,663,0,2,0,661
2026-01-23 18:45:00 -0500,0,815,0,14,0,801
2026-01-23 19:00:00 -0500,0,814,0,3,0,811
2026-01-23 19:15:00 -0500,0,831,0,5,0,826
2026-01-23 19:30:00 -0500,0,901,0,7,0,894
2026-01-23 19:45:00 -0500,0,339,0,3,0,336
2026-01-23 20:00:00 -0500,0,519,0,490,4,33
2026-01-23 20:15:00 -0500,0,1091,0,1096,5,0
2026-01-23 20:30:00 -0500,0,1126,0,1131,5,0
2026-01-23 20:45:00 -0500,0,1393,0,1398,5,0
2026-01-23 21:00:00 -0500,0,787,0,791,4,0
2026-01-23 21:15:00 -0500,0,745,0,751,6,0
2026-01-23 21:30:00 -0500,0,833,0,837,4,0
2026-01-23 21:45:00 -0500,0,589,0,595,6,0
2026-01-23 22:00:00 -0500,0,517,0,820,303,0
2026-01-23 22:15:00 -0500,0,281,0,568,287,0
2026-01-23 22:30:00 -0500,0,241,0,527,286,0
2026-01-23 22:45:00 -0500,0,631,0,918,287,0
2026-01-23 23:00:00 -0500,0,973,0,1259,286,0
2026-01-23 23:15:00 -0500,0,913,0,1200,287,0
2026-01-23 23:30:00 -0500,0,896,0,1182,286,0
2026-01-23 23:45:00 -0500,0,755,0,1041,286,0
2026-01-24 00:00:00 -0500,0,894,0,1181,287,0
2026-01-24 00:15:00 -0500,0,547,0,834,287,0
2026-01-24 00:30:00 -0500,0,605,0,893,288,0
2026-01-24 00:45:00 -0500,0,977,0,1264,287,0
2026-01-24 01:00:00 -0500,0,1117,0,1405,288,0
2026-01-24 01:15:00 -0500,0,1121,0,1409,288,0
2026-01-24 01:30:00 -0500,0,699,0,988,289,0
2026-01-24 01:45:00 -0500,0,872,0,1160,288,0
2026-01-24 02:00:00 -0500,0,814,0,1103,289,0
2026-01-24 02:15:00 -0500,0,1018,0,1307,289,0
2026-01-24 02:30:00 -0500,0,845,0,1134,289,0
2026-01-24 02:45:00 -0500,0,1038,0,1322,284,0
2026-01-24 03:00:00 -0500,0,1069,0,1345,276,0
2026-01-24 03:15:00 -0500,0,1035,0,1304,269,0
2026-01-24 03:30:00 -0500,0,836,0,1096,260,0
2026-01-24 03:45:00 -0500,0,931,0,1183,252,0
2026-01-24 04:00:00 -0500,0,823,0,1067,244,0
2026-01-24 04:15:00 -0500,0,785,0,1020,235,0
2026-01-24 04:30:00 -0500,0,1545,0,1768,223,0
2026-01-24 04:45:00 -0500,0,1182,0,1398,216,0
2026-01-24 05:00:00 -0500,0,1149,0,1354,205,0
2026-01-24 05:15:00 -0500,0,785,0,979,194,0
2026-01-24 05:30:00 -0500,0,1139,0,1298,159,0
2026-01-24 05:45:00 -0500,0,928,0,1091,163,0
2026-01-24 06:00:00 -0500,0,1449,0,1612,163,0
2026-01-24 06:15:00 -0500,0,987,0,1136,149,0
2026-01-24 06:30:00 -0500,0,1269,0,1417,148,0
2026-01-24 06:45:00 -0500,0,769,0,923,154,0
2026-01-24 07:00:00 -0500,0,1138,0,1290,152,0
2026-01-24 07:15:00 -0500,12,1461,0,1595,146,0
2026-01-24 07:30:00 -0500,47,1479,0,1579,147,0
2026-01-24 07:45:00 -0500,116,1288,0,1329,157,0
2026-01-24 08:00:00 -0500,100,1168,0,1216,148,0
2026-01-24 08:15:00 -0500,101,1185,0,1230,146,0
2026-01-24 08:30:00 -0500,136,1396,0,1419,159,0
2026-01-24 08:45:00 -0500,188,1371,0,1329,146,0
2026-01-24 09:00:00 -0500,213,1114,0,1049,148,0
2026-01-24 09:15:00 -0500,329,986,0,808,151,0
2026-01-24 09:30:00 -0500,400,763,0,517,154,0
2026-01-24 09:45:00 -0500,508,1468,0,1108,148,0
2026-01-24 10:00:00 -0500,479,1398,0,1066,147,0
2026-01-24 10:15:00 -0500,474,1119,0,804,159,0
2026-01-24 10:30:00 -0500,640,1172,0,682,150,0
2026-01-24 10:45:00 -0500,766,1151,0,534,149,0
2026-01-24 11:00:00 -0500,803,894,0,249,158,0
2026-01-24 11:15:00 -0500,823,1060,0,386,149,0
2026-01-24 11:30:00 -0500,842,1087,0,394,149,0
2026-01-24 11:45:00 -0500,872,854,0,134,152,0
2026-01-24 12:00:00 -0500,879,1155,0,429,153,0
2026-01-24 12:15:00 -0500,893,1078,0,334,149,0
2026-01-24 12:30:00 -0500,810,1297,0,634,147,0
2026-01-24 12:45:00 -0500,787,1081,0,451,157,0
2026-01-24 13:00:00 -0500,790,1150,0,505,145,0
2026-01-24 13:15:00 -0500,760,1794,0,1178,144,0
2026-01-24 13:30:00 -0500,668,1863,0,1352,157,0
2026-01-24 13:45:00 -0500,541,2141,0,1747,147,0
2026-01-24 14:00:00 -0500,392,2540,0,2292,144,0
2026-01-24 14:15:00 -0500,233,2307,0,2218,144,0
2026-01-24 14:30:00 -0500,153,1732,0,1728,149,0
2026-01-24 14:45:00 -0500,137,936,0,938,139,0
2026-01-24 15:00:00 -0500,120,1129,0,1146,137,0
2026-01-24 15:15:00 -0500,103,1177,0,1206,132,0
2026-01-24 15:30:00 -0500,102,993,0,1028,137,0
2026-01-24 15:45:00 -0500,104,998,0,1019,125,0
2026-01-24 16:00:00 -0500,65,737,12,0,6,690
2026-01-24 16:15:00 -0500,29,762,21,0,0,754
2026-01-24 16:30:00 -0500,14,998,8,0,0,992
2026-01-24 16:45:00 -0500,1,1088,0,5,0,1082
2026-01-24 17:00:00 -0500,0,1076,0,0,0,1076
2026-01-24 17:15:00 -0500,0,771,0,7,0,764
2026-01-24 17:30:00 -0500,1,966,0,15,0,950
2026-01-24 17:45:00 -0500,1,1075,0,4,0,1070
2026-01-24 18:00:00 -0500,1,1183,0,10,0,1172
2026-01-24 18:15:00 -0500,0,1084,0,7,0,1077
2026-01-24 18:30:00 -0500,0,1135,0,4,0,1131
2026-01-24 18:45:00 -0500,0,1083,0,10,0,1073
2026-01-24 19:00:00 -0500,0,1065,1,0,0,1066
2026-01-24 19:15:00 -0500,0,939,0,715,3,227
2026-01-24 19:30:00 -0500,0,1002,0,1007,5,0
2026-01-24 19:45:00 -0500,0,1030,0,1034,4,0
2026-01-24 20:00:00 -0500,0,940,0,944,4,0
2026-01-24 20:15:00 -0500,0,1526,0,1530,4,0
2026-01-24 20:30:00 -0500,0,1897,0,1901,4,0
2026-01-24 20:45:00 -0500,0,1663,0,1667,4,0
2026-01-24 21:00:00 -0500,0,1549,0,1553,4,0
2026-01-24 21:15:00 -0500,0,1599,0,1603,4,0
2026-01-24 21:30:00 -0500,0,1369,0,1372,3,0
2026-01-24 21:45:00 -0500,0,1282,0,1286,4,0
2026-01-24 22:00:00 -0500,0,754,0,1045,291,0
2026-01-24 22:15:00 -0500,0,936,0,1220,284,0
2026-01-24 22:30:00 -0500,0,679,0,965,286,0
2026-01-24 22:45:00 -0500,0,810,0,1095,285,0
2026-01-24 23:00:00 -0500,0,922,0,1207,285,0
2026-01-24 23:15:00 -0500,0,1268,0,1554,286,0
2026-01-24 23:30:00 -0500,0,707,0,994,287,0
2026-01-24 23:45:00 -0500,0,999,0,1286,287,0
2026-01-25 00:00:00 -0500,0,891,0,1178,287,0
2026-01-25 00:15:00 -0500,0,1042,0,1330,288,0
2026-01-25 00:30:00 -0500,0,1081,0,1368,287,0
2026-01-25 00:45:00 -0500,0,1199,0,1487,288,0
2026-01-25 01:00:00 -0500,0,1231,0,1518,287,0
2026-01-25 01:15:00 -0500,0,826,0,1115,289,0
2026-01-25 01:30:00 -0500,0,1110,0,1398,288,0
2026-01-25 01:45:00 -0500,0,1206,0,1494,288,0
2026-01-25 02:00:00 -0500,0,1339,0,1627,288,0
2026-01-25 02:15:00 -0500,0,1124,0,1412,288,0
2026-01-25 02:30:00 -0500,0,1169,0,1458,289,0
2026-01-25 02:45:00 -0500,0,940,0,1228,288,0
2026-01-25 03:00:00 -0500,0,1075,0,1362,287,0
2026-01-25 03:15:00 -0500,0,1207,0,1487,280,0
2026-01-25 03:30:00 -0500,0,1352,0,1627,275,0
2026-01-25 03:45:00 -0500,0,1068,0,1337,269,0
2026-01-25 04:00:00 -0500,0,829,0,1091,262,0
2026-01-25 04:15:00 -0500,0,1231,0,1488,257,0
2026-01-25 04:30:00 -0500,0,1341,0,1592,251,0
2026-01-25 04:45:00 -0500,0,1063,0,1306,243,0
2026-01-25 05:00:00 -0500,0,1470,0,1710,240,0
2026-01-25 05:15:00 -0500,0,1467,0,1702,235,0
2026-01-25 05:30:00 -0500,0,1150,0,1379,229,0
2026-01-25 05:45:00 -0500,0,1046,0,1266,220,0
2026-01-25 06:00:00 -0500,0,1095,0,1312,217,0
2026-01-25 06:15:00 -0500,0,1082,0,1292,210,0
2026-01-25 06:30:00 -0500,0,1023,0,1226,203,0
2026-01-25 06:45:00 -0500,0,1303,0,1501,198,0
2026-01-25 07:00:00 -0500,0,1382,0,1543,161,0
2026-01-25 07:15:00 -0500,0,900,0,1049,149,0
2026-01-25 07:30:00 -0500,1,1213,0,1360,148,0
2026-01-25 07:45:00 -0500,11,1416,0,1562,157,0
2026-01-25 08:00:00 -0500,32,1401,0,1516,147,0
2026-01-25 08:15:00 -0500,64,1423,0,1505,146,0
2026-01-25 08:30:00 -0500,114,1400,0,1453,167,0
2026-01-25 08:45:00 -0500,117,1364,0,1395,148,0
2026-01-25 09:00:00 -0500,102,1060,0,1106,148,0
2026-01-25 09:15:00 -0500,102,820,0,865,147,0
2026-01-25 09:30:00 -0500,92,1336,0,1400,156,0
2026-01-25 09:45:00 -0500,89,1253,0,1311,147,0
2026-01-25 10:00:00 -0500,78,1758,0,1830,150,0
2026-01-25 10:15:00 -0500,69,2545,0,2634,158,0
2026-01-25 10:30:00 -0500,56,1852,0,1942,146,0
2026-01-25 10:45:00 -0500,47,982,0,1083,148,0
2026-01-25 11:00:00 -0500,45,1232,0,1347,160,0
2026-01-25 11:15:00 -0500,32,1282,0,1396,146,0
2026-01-25 11:30:00 -0500,23,1150,0,1273,146,0
2026-01-25 11:45:00 -0500,18,884,0,1011,145,0
2026-01-25 12:00:00 -0500,16,1286,0,1428,158,0
2026-01-25 12:15:00 -0500,7,1715,0,1852,144,0
2026-01-25 12:30:00 -0500,4,1305,0,1447,146,0
2026-01-25 12:45:00 -0500,1,1535,0,1693,159,0
2026-01-25 13:00:00 -0500,0,1430,0,1576,146,0
2026-01-25 13:15:00 -0500,0,1221,0,1367,146,0
2026-01-25 13:30:00 -0500,0,1608,0,1752,144,0
2026-01-25 13:45:00 -0500,0,1557,0,1711,154,0
2026-01-25 14:00:00 -0500,0,2035,0,2180,145,0
2026-01-25 14:15:00 -0500,0,1819,0,1964,145,0
2026-01-25 14:30:00 -0500,0,1125,0,1281,156,0
2026-01-25 14:45:00 -0500,0,1850,0,1994,144,0
2026-01-25 15:00:00 -0500,0,1563,0,1709,146,0
2026-01-25 15:15:00 -0500,0,1226,0,1380,154,0
2026-01-25 15:30:00 -0500,0,865,0,1014,149,0
2026-01-25 15:45:00 -0500,0,1331,0,1475,144,0
2026-01-25 16:00:00 -0500,0,775,0,37,0,738
2026-01-25 16:15:00 -0500,0,994,0,7,0,987
2026-01-25 16:30:00 -0500,0,1006,0,6,0,1000
2026-01-25 16:45:00 -0500,0,1010,0,3,0,1007
2026-01-25 17:00:00 -0500,0,758,0,6,0,752
2026-01-25 17:15:00 -0500,0,951,0,15,0,936
2026-01-25 17:30:00 -0500,0,1514,0,142,0,1372
2026-01-25 17:45:00 -0500,0,1007,0,9,0,998
2026-01-25 18:00:00 -0500,0,1156,3,0,0,1159
2026-01-25 18:15:00 -0500,0,924,0,13,0,911
2026-01-25 18:30:00 -0500,0,849,3,0,0,852
2026-01-25 18:45:00 -0500,0,932,0,206,0,726
2026-01-25 19:00:00 -0500,0,1188,0,867,1,322
2026-01-25 19:15:00 -0500,0,1081,0,1086,5,0
2026-01-25 19:30:00 -0500,0,851,0,856,5,0
2026-01-25 19:45:00 -0500,0,1169,0,1174,5,0
2026-01-25 20:00:00 -0500,0,857,0,862,5,0
2026-01-25 20:15:00 -0500,0,1176,0,1181,5,0
2026-01-25 20:30:00 -0500,0,821,0,825,4,0
2026-01-25 20:45:00 -0500,0,1114,0,1120,6,0
2026-01-25 21:00:00 -0500,0,891,0,895,4,0
2026-01-25 21:15:00 -0500,0,878,0,884,6,0
2026-01-25 21:30:00 -0500,0,899,0,903,4,0
2026-01-25 21:45:00 -0500,0,872,0,878,6,0
2026-01-25 22:00:00 -0500,0,945,0,1412,467,0
2026-01-25 22:15:00 -0500,0,804,0,1267,463,0
2026-01-25 22:30:00 -0500,0,825,0,1289,464,0
2026-01-25 22:45:00 -0500,0,730,0,1194,464,0
2026-01-25 23:00:00 -0500,0,714,0,1256,542,0
2026-01-25 23:15:00 -0500,0,702,0,1277,575,0
2026-01-25 23:30:00 -0500,0,666,0,1311,645,0
2026-01-25 23:45:00 -0500,0,879,0,1575,696,0
2026-01-26 00:00:00 -0500,0,757,0,1496,739,0
2026-01-26 00:15:00 -0500,0,1235,0,2035,800,0
2026-01-26 00:30:00 -0500,0,1048,0,1845,797,0
2026-01-26 00:45:00 -0500,0,1299,0,2088,789,0
2026-01-26 01:00:00 -0500,0,703,0,1469,766,0
2026-01-26 01:15:00 -0500,0,1285,0,2027,742,0
2026-01-26 01:30:00 -0500,0,720,0,1431,711,0
2026-01-26 01:45:00 -0500,0,744,0,1411,667,0
2026-01-26 02:00:00 -0500,0,1056,0,1668,612,0
2026-01-26 02:15:00 -0500,0,1184,0,1735,551,0
2026-01-26 02:30:00 -0500,0,948,0,1435,487,0
2026-01-26 02:45:00 -0500,0,727,0,1131,404,0
2026-01-26 03:00:00 -0500,0,589,0,885,296,0
2026-01-26 03:15:00 -0500,0,1030,0,1291,261,0
2026-01-26 03:30:00 -0500,0,1175,0,1411,236,0
2026-01-26 03:45:00 -0500,0,1221,0,1434,213,0
2026-01-26 04:00:00 -0500,0,908,0,1046,138,0
2026-01-26 04:15:00 -0500,0,673,0,781,108,0
2026-01-26 04:30:00 -0500,0,892,0,980,88,0
2026-01-26 04:45:00 -0500,0,1197,0,1259,62,0
2026-01-26 05:00:00 -0500,0,696,0,748,52,0
2026-01-26 05:15:00 -0500,0,930,0,1009,79,0
2026-01-26 05:30:00 -0500,0,999,0,1076,77,0
2026-01-26 05:45:00 -0500,0,950,0,1000,50,0
2026-01-26 06:00:00 -0500,0,792,0,843,51,0
2026-01-26 06:15:00 -0500,0,1105,0,1183,78,0
2026-01-26 06:30:00 -0500,0,811,0,864,53,0
2026-01-26 06:45:00 -0500,0,805,0,855,50,0
2026-01-26 07:00:00 -0500,0,953,0,1038,85,0
2026-01-26 07:15:00 -0500,0,1115,0,1179,64,0
2026-01-26 07:30:00 -0500,0,1257,0,1307,50,0
2026-01-26 07:45:00 -0500,1,1274,0,1328,55,0
2026-01-26 08:00:00 -0500,14,1689,0,1753,78,0
2026-01-26 08:15:00 -0500,20,1473,0,1503,50,0
2026-01-26 08:30:00 -0500,28,1052,0,1075,51,0
2026-01-26 08:45:00 -0500,25,1112,0,1159,72,0
2026-01-26 09:00:00 -0500,26,1624,0,1658,60,0
2026-01-26 09:15:00 -0500,25,1207,0,1232,50,0
2026-01-26 09:30:00 -0500,32,1172,0,1204,64,0
2026-01-26 09:45:00 -0500,38,1189,0,1219,68,0
2026-01-26 10:00:00 -0500,37,1149,0,1161,49,0
2026-01-26 10:15:00 -0500,43,1531,0,1538,50,0
2026-01-26 10:30:00 -0500,50,914,0,950,86,0
2026-01-26 10:45:00 -0500,55,1245,0,1238,48,0
2026-01-26 11:00:00 -0500,72,1063,0,1040,49,0
2026-01-26 11:15:00 -0500,68,1111,0,1112,69,0
2026-01-26 11:30:00 -0500,79,1419,0,1400,60,0
2026-01-26 11:45:00 -0500,66,1051,0,1036,51,0
2026-01-26 12:00:00 -0500,67,1154,0,1148,61,0
2026-01-26 12:15:00 -0500,69,1109,0,1108,68,0
2026-01-26 12:30:00 -0500,52,1687,0,1684,49,0
2026-01-26 12:45:00 -0500,54,1232,0,1228,50,0
2026-01-26 13:00:00 -0500,68,1356,0,1360,72,0
2026-01-26 13:15:00 -0500,58,1129,0,1131,60,0
2026-01-26 13:30:00 -0500,53,1158,0,1155,50,0
2026-01-26 13:45:00 -0500,44,1037,0,1064,71,0
2026-01-26 14:00:00 -0500,38,1127,0,1149,60,0
2026-01-26 14:15:00 -0500,39,1159,0,1172,52,0
2026-01-26 14:30:00 -0500,33,921,0,945,57,0
2026-01-26 14:45:00 -0500,25,1015,0,1060,70,0
2026-01-26 15:00:00 -0500,19,853,0,884,50,0
2026-01-26 15:15:00 -0500,14,845,0,883,52,0
2026-01-26 15:30:00 -0500,8,816,0,878,70,0
2026-01-26 15:45:00 -0500,5,745,0,798,58,0
2026-01-26 16:00:00 -0500,1,663,0,29,1,634
2026-01-26 16:15:00 -0500,0,899,0,4,0,895
2026-01-26 16:30:00 -0500,0,676,0,6,0,670
2026-01-26 16:45:00 -0500,0,824,0,12,0,812
2026-01-26 17:00:00 -0500,0,915,0,0,0,915
2026-01-26 17:15:00 -0500,0,1025,0,7,0,1018
2026-01-26 17:30:00 -0500,0,734,0,1,0,733
2026-01-26 17:45:00 -0500,0,1279,0,12,0,1267
2026-01-26 18:00:00 -0500,0,913,0,11,0,902
2026-01-26 18:15:00 -0500,0,951,2,0,0,953
2026-01-26 18:30:00 -0500,0,853,0,10,0,843
2026-01-26 18:45:00 -0500,0,791,0,1,0,790
2026-01-26 19:00:00 -0500,0,856,0,4,0,852
2026-01-26 19:15:00 -0500,0,742,0,11,0,731
2026-01-26 19:30:00 -0500,0,1104,0,135,1,970
2026-01-26 19:45:00 -0500,0,1139,0,1143,4,0
2026-01-26 20:00:00 -0500,0,923,0,929,6,0
2026-01-26 20:15:00 -0500,0,789,0,794,5,0
2026-01-26 20:30:00 -0500,0,1320,0,1325,5,0
2026-01-26 20:45:00 -0500,0,1520,0,1525,5,0
2026-01-26 21:00:00 -0500,0,1385,0,1389,4,0
2026-01-26 21:15:00 -0500,0,1129,0,1134,5,0
2026-01-26 21:30:00 -0500,0,1392,0,1397,5,0
2026-01-26 21:45:00 -0500,0,1112,0,1116,4,0
2026-01-26 22:00:00 -0500,0,534,0,1108,574,0
2026-01-26 22:15:00 -0500,0,758,0,1338,580,0
2026-01-26 22:30:00 -0500,0,979,0,1562,583,0
2026-01-26 22:45:00 -0500,0,1112,0,1702,590,0
2026-01-26 23:00:00 -0500,0,769,0,1360,591,0
2026-01-26 23:15:00 -0500,0,1003,0,1604,601,0
2026-01-26 23:30:00 -0500,0,866,0,1462,596,0
2026-01-26 23:45:00 -0500,0,938,0,1536,598,0
2026-01-27 00:00:00 -0500,0,753,0,1348,595,0
2026-01-27 00:15:00 -0500,0,1018,0,1605,587,0
2026-01-27 00:30:00 -0500,0,603,0,1180,577,0
2026-01-27 00:45:00 -0500,0,854,0,1422,568,0
2026-01-27 01:00:00 -0500,0,813,0,1366,553,0
2026-01-27 01:15:00 -0500,0,1079,0,1605,526,0
2026-01-27 01:30:00 -0500,0,803,0,1296,493,0
2026-01-27 01:45:00 -0500,0,640,0,1101,461,0
2026-01-27 02:00:00 -0500,0,1159,0,1587,428,0
2026-01-27 02:15:00 -0500,0,1146,0,1551,405,0
2026-01-27 02:30:00 -0500,0,745,0,1107,362,0
2026-01-27 02:45:00 -0500,0,916,0,1259,343,0
2026-01-27 03:00:00 -0500,0,849,0,1181,332,0
2026-01-27 03:15:00 -0500,0,1091,0,1422,331,0
2026-01-27 03:30:00 -0500,0,952,0,1293,341,0
2026-01-27 03:45:00 -0500,0,1122,0,1451,329,0
2026-01-27 04:00:00 -0500,0,871,0,1185,314,0
2026-01-27 04:15:00 -0500,0,869,0,1164,295,0
2026-01-27 04:30:00 -0500,0,1051,0,1336,285,0
2026-01-27 04:45:00 -0500,0,1104,0,1362,258,0
2026-01-27 05:00:00 -0500,0,1016,0,1253,237,0
2026-01-27 05:15:00 -0500,0,816,0,1049,233,0
2026-01-27 05:30:00 -0500,0,1332,0,1533,201,0
2026-01-27 05:45:00 -0500,0,876,0,1056,180,0
2026-01-27 06:00:00 -0500,0,977,0,1144,167,0
2026-01-27 06:15:00 -0500,0,873,0,972,99,0
2026-01-27 06:30:00 -0500,0,1148,0,1216,68,0
2026-01-27 06:45:00 -0500,0,759,0,809,50,0
2026-01-27 07:00:00 -0500,0,696,0,764,68,0
2026-01-27 07:15:00 -0500,0,1431,0,1486,55,0
2026-01-27 07:30:00 -0500,0,1206,0,1264,58,0
2026-01-27 07:45:00 -0500,0,999,0,1062,63,0
2026-01-27 08:00:00 -0500,0,1080,0,1146,66,0
2026-01-27 08:15:00 -0500,0,873,0,932,59,0
2026-01-27 08:30:00 -0500,0,795,0,855,60,0
2026-01-27 08:45:00 -0500,0,810,0,869,59,0
2026-01-27 09:00:00 -0500,3,729,0,788,62,0
2026-01-27 09:15:00 -0500,11,847,0,888,52,0
2026-01-27 09:30:00 -0500,10,640,0,690,60,0
2026-01-27 09:45:00 -0500,14,804,0,852,62,0
2026-01-27 10:00:00 -0500,13,949,0,997,61,0
2026-01-27 10:15:00 -0500,18,1003,0,1048,63,0
2026-01-27 10:30:00 -0500,29,814,0,845,60,0
2026-01-27 10:45:00 -0500,17,794,0,839,62,0
2026-01-27 11:00:00 -0500,14,794,0,840,60,0
2026-01-27 11:15:00 -0500,17,722,0,769,64,0
2026-01-27 11:30:00 -0500,15,776,0,821,60,0
2026-01-27 11:45:00 -0500,16,679,0,713,50,0
2026-01-27 12:00:00 -0500,12,747,0,795,60,0
2026-01-27 12:15:00 -0500,11,687,0,736,60,0
2026-01-27 12:30:00 -0500,17,982,0,1024,59,0
2026-01-27 12:45:00 -0500,18,853,0,892,57,0
2026-01-27 13:00:00 -0500,17,878,0,919,58,0
2026-01-27 13:15:00 -0500,8,751,0,802,59,0
2026-01-27 13:30:00 -0500,9,687,0,734,56,0
2026-01-27 13:45:00 -0500,8,720,0,771,59,0
2026-01-27 14:00:00 -0500,9,650,0,699,58,0
2026-01-27 14:15:00 -0500,10,719,0,759,50,0
2026-01-27 14:30:00 -0500,8,731,0,781,58,0
2026-01-27 14:45:00 -0500,7,825,0,875,57,0
2026-01-27 15:00:00 -0500,6,701,0,752,57,0
2026-01-27 15:15:00 -0500,3,786,0,840,57,0
2026-01-27 15:30:00 -0500,2,867,0,922,57,0
2026-01-27 15:45:00 -0500,1,789,0,845,57,0
2026-01-27 16:00:00 -0500,0,636,0,24,0,612
2026-01-27 16:15:00 -0500,0,650,0,9,0,641
2026-01-27 16:30:00 -0500,0,688,0,0,0,688
2026-01-27 16:45:00 -0500,1,802,0,10,0,791
2026-01-27 17:00:00 -0500,0,860,0,5,0,855
2026-01-27 17:15:00 -0500,0,868,0,8,0,860
2026-01-27 17:30:00 -0500,0,1151,0,125,0,1026
2026-01-27 17:45:00 -0500,0,1002,0,12,0,990
2026-01-27 18:00:00 -0500,0,1098,0,15,0,1083
2026-01-27 18:15:00 -0500,0,631,6,0,0,637
2026-01-27 18:30:00 -0500,0,575,0,17,0,558
2026-01-27 18:45:00 -0500,0,880,0,7,0,873
2026-01-27 19:00:00 -0500,1,1097,0,18,0,1078
2026-01-27 19:15:00 -0500,0,1070,0,3,0,1067
2026-01-27 19:30:00 -0500,1,1309,0,100,0,1208
2026-01-27 19:45:00 -0500,1,1139,0,1142,4,0
2026-01-27 20:00:00 -0500,0,724,0,730,6,0
2026-01-27 20:15:00 -0500,0,552,0,556,4,0
2026-01-27 20:30:00 -0500,0,786,0,790,4,0
2026-01-27 20:45:00 -0500,0,878,0,884,6,0
2026-01-27 21:00:00 -0500,0,1175,0,1179,4,0
2026-01-27 21:15:00 -0500,0,2486,0,2490,4,0
2026-01-27 21:30:00 -0500,1,2969,0,2972,4,0
2026-01-27 21:45:00 -0500,0,1484,0,1489,5,0
2026-01-27 22:00:00 -0500,1,995,0,1590,596,0
2026-01-27 22:15:00 -0500,0,619,0,1170,551,0
2026-01-27 22:30:00 -0500,0,346,0,898,552,0
2026-01-27 22:45:00 -0500,0,890,0,1442,552,0
2026-01-27 23:00:00 -0500,0,832,0,1384,552,0
2026-01-27 23:15:00 -0500,0,1052,0,1606,554,0
2026-01-27 23:30:00 -0500,0,896,0,1449,553,0
2026-01-27 23:45:00 -0500,0,815,0,1370,555,0
2026-01-28 00:00:00 -0500,0,865,0,1419,554,0
2026-01-28 00:15:00 -0500,0,1296,0,1851,555,0
2026-01-28 00:30:00 -0500,0,802,0,1357,555,0
2026-01-28 00:45:00 -0500,0,948,0,1505,557,0
2026-01-28 01:00:00 -0500,0,843,0,1400,557,0
2026-01-28 01:15:00 -0500,0,1128,0,1656,528,0
2026-01-28 01:30:00 -0500,0,775,0,1363,588,0
2026-01-28 01:45:00 -0500,0,886,0,1445,559,0
2026-01-28 02:00:00 -0500,0,821,0,1380,559,0
2026-01-28 02:15:00 -0500,0,1007,0,1567,560,0
2026-01-28 02:30:00 -0500,0,751,0,1311,560,0
2026-01-28 02:45:00 -0500,0,1479,0,2040,561,0
2026-01-28 03:00:00 -0500,0,1084,0,1646,562,0
2026-01-28 03:15:00 -0500,0,947,0,1508,561,0
2026-01-28 03:30:00 -0500,0,850,0,1409,559,0
2026-01-28 03:45:00 -0500,0,1019,0,1555,536,0
2026-01-28 04:00:00 -0500,0,778,0,1280,502,0
2026-01-28 04:15:00 -0500,0,1135,0,1600,465,0
2026-01-28 04:30:00 -0500,0,1075,0,1509,434,0
2026-01-28 04:45:00 -0500,0,1078,0,1471,393,0
2026-01-28 05:00:00 -0500,0,677,0,1041,364,0
2026-01-28 05:15:00 -0500,0,1034,0,1363,329,0
2026-01-28 05:30:00 -0500,0,1208,0,1502,294,0
2026-01-28 05:45:00 -0500,0,1074,0,1334,260,0
2026-01-28 06:00:00 -0500,0,885,0,1111,226,0
2026-01-28 06:15:00 -0500,0,1275,0,1448,173,0
2026-01-28 06:30:00 -0500,0,855,0,931,76,0
2026-01-28 06:45:00 -0500,0,950,0,994,44,0
2026-01-28 07:00:00 -0500,0,856,0,884,28,0
2026-01-28 07:15:00 -0500,0,1032,0,1053,21,0
2026-01-28 07:30:00 -0500,0,1058,0,1068,10,0
2026-01-28 07:45:00 -0500,0,733,0,732,0,1
2026-01-28 08:00:00 -0500,0,1026,0,1045,19,0
2026-01-28 08:15:00 -0500,0,948,0,954,6,0
2026-01-28 08:30:00 -0500,0,1005,0,1013,8,0
2026-01-28 08:45:00 -0500,5,833,0,828,0,0
2026-01-28 09:00:00 -0500,13,790,0,787,10,0
2026-01-28 09:15:00 -0500,19,750,0,741,10,0
2026-01-28 09:30:00 -0500,20,816,0,798,2,0
2026-01-28 09:45:00 -0500,22,805,0,796,13,0
2026-01-28 10:00:00 -0500,21,910,0,901,12,0
2026-01-28 10:15:00 -0500,22,725,0,706,3,0
2026-01-28 10:30:00 -0500,23,817,0,804,10,0
2026-01-28 10:45:00 -0500,24,863,0,846,7,0
2026-01-28 11:00:00 -0500,23,1019,0,1008,12,0
2026-01-28 11:15:00 -0500,24,717,0,693,0,0
2026-01-28 11:30:00 -0500,22,710,0,700,12,0
2026-01-28 11:45:00 -0500,21,681,0,672,12,0
2026-01-28 12:00:00 -0500,22,714,0,692,0,0
2026-01-28 12:15:00 -0500,20,686,0,676,10,0
2026-01-28 12:30:00 -0500,19,707,0,699,11,0
2026-01-28 12:45:00 -0500,17,815,0,799,1,0
2026-01-28 13:00:00 -0500,17,693,0,686,10,0
2026-01-28 13:15:00 -0500,14,784,0,776,6,0
2026-01-28 13:30:00 -0500,13,856,0,853,10,0
2026-01-28 13:45:00 -0500,14,732,0,718,0,0
2026-01-28 14:00:00 -0500,11,622,0,621,10,0
2026-01-28 14:15:00 -0500,7,635,0,638,10,0
2026-01-28 14:30:00 -0500,8,711,0,703,0,0
2026-01-28 14:45:00 -0500,6,624,0,627,9,0
2026-01-28 15:00:00 -0500,7,763,0,765,9,0
2026-01-28 15:15:00 -0500,5,846,0,842,1,0
2026-01-28 15:30:00 -0500,2,707,0,710,5,0
2026-01-28 15:45:00 -0500,1,716,0,720,5,0
2026-01-28 16:00:00 -0500,0,841,0,44,1,798
2026-01-28 16:15:00 -0500,0,793,0,3,0,790
2026-01-28 16:30:00 -0500,0,685,0,6,0,679
2026-01-28 16:45:00 -0500,0,761,0,4,0,757
2026-01-28 17:00:00 -0500,0,689,0,8,0,681
2026-01-28 17:15:00 -0500,0,938,0,12,0,926
2026-01-28 17:30:00 -0500,0,1157,0,0,0,1157
2026-01-28 17:45:00 -0500,1,1053,0,33,0,1019
2026-01-28 18:00:00 -0500,0,1145,0,17,0,1128
2026-01-28 18:15:00 -0500,0,576,0,14,0,562
2026-01-28 18:30:00 -0500,0,913,0,8,0,905
2026-01-28 18:45:00 -0500,0,1018,0,11,0,1007
2026-01-28 19:00:00 -0500,0,982,1,0,0,983
2026-01-28 19:15:00 -0500,0,1057,0,6,0,1051
2026-01-28 19:30:00 -0500,0,911,0,24,0,887
2026-01-28 19:45:00 -0500,0,1067,0,1071,5,1
2026-01-28 20:00:00 -0500,0,980,0,985,5,0
2026-01-28 20:15:00 -0500,0,1038,0,1043,5,0
2026-01-28 20:30:00 -0500,0,641,0,645,4,0
2026-01-28 20:45:00 -0500,0,1372,0,1378,6,0
2026-01-28 21:00:00 -0500,0,1877,0,1881,4,0
2026-01-28 21:15:00 -0500,0,1801,0,1807,6,0
2026-01-28 21:30:00 -0500,0,1172,0,1176,4,0
2026-01-28 21:45:00 -0500,0,1329,0,1335,6,0
2026-01-28 22:00:00 -0500,0,483,0,1125,642,0
2026-01-28 22:15:00 -0500,0,800,0,1469,669,0
2026-01-28 22:30:00 -0500,0,827,0,1497,670,0
2026-01-28 22:45:00 -0500,0,938,0,1613,675,0
2026-01-28 23:00:00 -0500,0,784,0,1457,673,0
2026-01-28 23:15:00 -0500,0,779,0,1458,679,0
2026-01-28 23:30:00 -0500,0,706,0,1386,680,0
2026-01-28 23:45:00 -0500,0,1085,0,1763,678,0
2026-01-29 00:00:00 -0500,0,682,0,1360,678,0
2026-01-29 00:15:00 -0500,0,997,0,1668,671,0
2026-01-29 00:30:00 -0500,0,763,0,1426,663,0
2026-01-29 00:45:00 -0500,0,906,0,1559,653,0
2026-01-29 01:00:00 -0500,0,916,0,1553,637,0
2026-01-29 01:15:00 -0500,0,1027,0,1641,614,0
2026-01-29 01:30:00 -0500,0,796,0,1383,587,0
2026-01-29 01:45:00 -0500,0,982,0,1543,561,0
2026-01-29 02:00:00 -0500,0,749,0,1284,535,0
2026-01-29 02:15:00 -0500,0,1024,0,1535,511,0
2026-01-29 02:30:00 -0500,0,629,0,1124,495,0
2026-01-29 02:45:00 -0500,0,930,0,1383,453,0
2026-01-29 03:00:00 -0500,0,971,0,1392,421,0
2026-01-29 03:15:00 -0500,0,1200,0,1621,421,0
2026-01-29 03:30:00 -0500,0,793,0,1222,429,0
2026-01-29 03:45:00 -0500,0,1068,0,1495,427,0
2026-01-29 04:00:00 -0500,0,784,0,1198,414,0
2026-01-29 04:15:00 -0500,0,927,0,1339,412,0
2026-01-29 04:30:00 -0500,0,880,0,1234,354,0
2026-01-29 04:45:00 -0500,0,1177,0,1501,324,0
2026-01-29 05:00:00 -0500,0,943,0,1233,290,0
2026-01-29 05:15:00 -0500,0,672,0,942,270,0
2026-01-29 05:30:00 -0500,0,1118,0,1346,228,0
2026-01-29 05:45:00 -0500,0,1117,0,1307,190,0
2026-01-29 06:00:00 -0500,0,973,0,1134,161,0
2026-01-29 06:15:00 -0500,0,1031,0,1078,47,0
2026-01-29 06:30:00 -0500,0,967,0,970,3,0
2026-01-29 06:45:00 -0500,0,900,0,906,6,0
2026-01-29 07:00:00 -0500,0,958,0,984,26,0
2026-01-29 07:15:00 -0500,0,906,0,918,12,0
2026-01-29 07:30:00 -0500,0,1148,0,1148,0,0
2026-01-29 07:45:00 -0500,2,756,0,764,10,0
2026-01-29 08:00:00 -0500,1,832,0,841,10,0
2026-01-29 08:15:00 -0500,0,1002,0,1005,3,0
2026-01-29 08:30:00 -0500,3,884,0,881,0,0
2026-01-29 08:45:00 -0500,11,983,0,983,11,0
2026-01-29 09:00:00 -0500,18,823,0,815,10,0
2026-01-29 09:15:00 -0500,24,880,0,856,0,0
2026-01-29 09:30:00 -0500,26,701,0,685,10,0
2026-01-29 09:45:00 -0500,27,743,0,727,11,0
2026-01-29 10:00:00 -0500,27,686,0,659,0,0
2026-01-29 10:15:00 -0500,28,833,0,812,7,0
2026-01-29 10:30:00 -0500,29,714,0,695,10,0
2026-01-29 10:45:00 -0500,31,857,0,830,4,0
2026-01-29 11:00:00 -0500,31,857,0,826,0,0
2026-01-29 11:15:00 -0500,32,877,0,857,12,0
2026-01-29 11:30:00 -0500,29,710,0,693,12,0
2026-01-29 11:45:00 -0500,28,697,0,671,2,0
2026-01-29 12:00:00 -0500,45,641,0,608,12,0
2026-01-29 12:15:00 -0500,44,651,0,619,12,0
2026-01-29 12:30:00 -0500,43,804,0,763,2,0
2026-01-29 12:45:00 -0500,37,706,0,680,11,0
2026-01-29 13:00:00 -0500,36,668,0,642,10,0
2026-01-29 13:15:00 -0500,35,746,0,721,10,0
2026-01-29 13:30:00 -0500,63,741,0,678,0,0
2026-01-29 13:45:00 -0500,45,659,0,625,11,0
2026-01-29 14:00:00 -0500,40,685,0,654,9,0
2026-01-29 14:15:00 -0500,30,661,0,631,0,0
2026-01-29 14:30:00 -0500,14,748,0,744,10,0
2026-01-29 14:45:00 -0500,8,726,0,728,10,0
2026-01-29 15:00:00 -0500,6,719,0,713,0,0
2026-01-29 15:15:00 -0500,9,573,0,570,6,0
2026-01-29 15:30:00 -0500,7,692,0,694,9,0
2026-01-29 15:45:00 -0500,0,698,0,703,5,0
2026-01-29 16:00:00 -0500,1,852,0,39,0,812
2026-01-29 16:15:00 -0500,0,765,0,3,0,762
2026-01-29 16:30:00 -0500,0,717,0,8,0,709
2026-01-29 16:45:00 -0500,0,701,0,2,0,699
2026-01-29 17:00:00 -0500,0,697,0,8,0,689
2026-01-29 17:15:00 -0500,0,829,0,10,0,819
2026-01-29 17:30:00 -0500,0,1389,0,93,0,1296
2026-01-29 17:45:00 -0500,0,974,4,0,0,978
2026-01-29 18:00:00 -0500,0,955,2,0,0,957
2026-01-29 18:15:00 -0500,0,793,0,13,0,780
2026-01-29 18:30:00 -0500,0,822,0,8,0,814
2026-01-29 18:45:00 -0500,0,831,0,5,0,826
2026-01-29 19:00:00 -0500,0,1233,0,5,0,1228
2026-01-29 19:15:00 -0500,0,878,0,5,0,873
2026-01-29 19:30:00 -0500,0,981,0,11,0,970
2026-01-29 19:45:00 -0500,0,846,0,760,5,91
2026-01-29 20:00:00 -0500,0,936,0,940,4,0
2026-01-29 20:15:00 -0500,0,1086,0,1091,5,0
2026-01-29 20:30:00 -0500,0,1142,0,1147,5,0
2026-01-29 20:45:00 -0500,1,1802,0,1805,4,0
2026-01-29 21:00:00 -0500,1,2601,0,2604,4,0
2026-01-29 21:15:00 -0500,0,3074,0,3078,4,0
2026-01-29 21:30:00 -0500,0,1528,0,1532,4,0
2026-01-29 21:45:00 -0500,0,1580,0,1585,5,0
2026-01-29 22:00:00 -0500,0,823,0,1349,526,0
2026-01-29 22:15:00 -0500,0,844,0,1397,553,0
2026-01-29 22:30:00 -0500,0,613,0,1168,555,0
2026-01-29 22:45:00 -0500,0,956,0,1511,555,0
2026-01-29 23:00:00 -0500,0,703,0,1256,553,0
2026-01-29 23:15:00 -0500,0,872,0,1425,553,0
2026-01-29 23:30:00 -0500,0,629,0,1182,553,0
2026-01-29 23:45:00 -0500,0,709,0,1262,553,0
2026-01-30 00:00:00 -0500,0,801,0,1356,555,0
2026-01-30 00:15:00 -0500,0,1092,0,1646,554,0
2026-01-30 00:30:00 -0500,0,736,0,1291,555,0
2026-01-30 00:45:00 -0500,0,999,0,1555,556,0
2026-01-30 01:00:00 -0500,0,772,0,1329,557,0
2026-01-30 01:15:00 -0500,0,925,0,1483,558,0
2026-01-30 01:30:00 -0500,0,900,0,1458,558,0
2026-01-30 01:45:00 -0500,0,982,0,1540,558,0
2026-01-30 02:00:00 -0500,0,899,0,1458,559,0
2026-01-30 02:15:00 -0500,0,706,0,1266,560,0
2026-01-30 02:30:00 -0500,0,1142,0,1701,559,0
2026-01-30 02:45:00 -0500,0,1014,0,1575,561,0
2026-01-30 03:00:00 -0500,0,1105,0,1666,561,0
2026-01-30 03:15:00 -0500,0,809,0,1371,562,0
2026-01-30 03:30:00 -0500,0,1094,0,1653,559,0
2026-01-30 03:45:00 -0500,0,741,0,1277,536,0
2026-01-30 04:00:00 -0500,0,1175,0,1679,504,0
2026-01-30 04:15:00 -0500,0,764,0,1231,467,0
2026-01-30 04:30:00 -0500,0,1233,0,1669,436,0
2026-01-30 04:45:00 -0500,0,919,0,1321,402,0
2026-01-30 05:00:00 -0500,0,687,0,1053,366,0
2026-01-30 05:15:00 -0500,0,1253,0,1594,341,0
2026-01-30 05:30:00 -0500,0,1422,0,1725,303,0
2026-01-30 05:45:00 -0500,0,711,0,936,225,0
2026-01-30 06:00:00 -0500,0,1340,0,1548,208,0
2026-01-30 06:15:00 -0500,0,1228,0,1412,184,0
2026-01-30 06:30:00 -0500,0,1205,0,1326,121,0
2026-01-30 06:45:00 -0500,0,1154,0,1219,65,0
2026-01-30 07:00:00 -0500,0,1184,0,1212,28,0
2026-01-30 07:15:00 -0500,0,1387,0,1392,5,0
2026-01-30 07:30:00 -0500,3,1274,0,1287,16,0
2026-01-30 07:45:00 -0500,14,1240,0,1239,13,0
2026-01-30 08:00:00 -0500,15,1629,0,1625,11,0
2026-01-30 08:15:00 -0500,16,1525,0,1509,0,0
2026-01-30 08:30:00 -0500,20,1422,0,1423,21,0
2026-01-30 08:45:00 -0500,30,1865,0,1845,10,0
2026-01-30 09:00:00 -0500,37,1897,0,1860,0,0
2026-01-30 09:15:00 -0500,46,1933,0,1908,21,0
2026-01-30 09:30:00 -0500,49,1908,0,1862,3,0
2026-01-30 09:45:00 -0500,51,1648,0,1607,10,0
2026-01-30 10:00:00 -0500,56,1617,0,1570,9,0
2026-01-30 10:15:00 -0500,58,1198,0,1161,21,0
2026-01-30 10:30:00 -0500,63,1736,0,1688,15,0
2026-01-30 10:45:00 -0500,76,1651,0,1581,6,0
2026-01-30 11:00:00 -0500,102,1600,0,1524,26,0
2026-01-30 11:15:00 -0500,106,1500,0,1399,5,0
2026-01-30 11:30:00 -0500,104,1651,0,1550,3,0
2026-01-30 11:45:00 -0500,103,1543,0,1461,21,0
2026-01-30 12:00:00 -0500,99,1364,0,1266,1,0
2026-01-30 12:15:00 -0500,95,1550,0,1455,0,0
2026-01-30 12:30:00 -0500,91,1279,0,1192,4,0
2026-01-30 12:45:00 -0500,86,1228,0,1159,17,0
2026-01-30 13:00:00 -0500,79,1253,0,1174,0,0
2026-01-30 13:15:00 -0500,75,1347,0,1272,0,0
2026-01-30 13:30:00 -0500,70,1405,0,1357,22,0
2026-01-30 13:45:00 -0500,63,1194,0,1133,2,0
2026-01-30 14:00:00 -0500,57,1337,0,1280,0,0
2026-01-30 14:15:00 -0500,48,1262,0,1233,19,0
2026-01-30 14:30:00 -0500,32,1227,0,1196,1,0
2026-01-30 14:45:00 -0500,24,1231,0,1208,1,0
2026-01-30 15:00:00 -0500,21,1056,0,1039,4,0
2026-01-30 15:15:00 -0500,19,1068,0,1066,17,0
2026-01-30 15:30:00 -0500,20,946,0,926,0,0
2026-01-30 15:45:00 -0500,17,1188,0,1171,0,0
2026-01-30 16:00:00 -0500,10,934,0,42,0,882
2026-01-30 16:15:00 -0500,2,957,2,0,0,957
2026-01-30 16:30:00 -0500,0,785,0,7,0,778
2026-01-30 16:45:00 -0500,0,931,0,4,0,927
2026-01-30 17:00:00 -0500,0,967,0,12,0,955
2026-01-30 17:15:00 -0500,0,995,0,1,0,994
2026-01-30 17:30:00 -0500,0,1587,0,231,0,1356
2026-01-30 17:45:00 -0500,0,1182,0,17,0,1165
2026-01-30 18:00:00 -0500,0,1290,0,162,0,1128
2026-01-30 18:15:00 -0500,0,887,0,14,0,873
2026-01-30 18:30:00 -0500,0,1259,0,5,0,1254
2026-01-30 18:45:00 -0500,0,1066,1,0,0,1067
2026-01-30 19:00:00 -0500,0,1180,0,317,2,865
2026-01-30 19:15:00 -0500,0,931,0,935,4,0
2026-01-30 19:30:00 -0500,0,1300,0,1305,5,0
2026-01-30 19:45:00 -0500,1,1249,0,1252,4,0
2026-01-30 20:00:00 -0500,1,1792,0,1795,4,0
2026-01-30 20:15:00 -0500,0,1812,0,1816,4,0
2026-01-30 20:30:00 -0500,0,2031,0,2035,4,0
2026-01-30 20:45:00 -0500,0,2628,0,2632,4,0
2026-01-30 21:00:00 -0500,0,2862,0,2866,4,0
2026-01-30 21:15:00 -0500,0,1697,0,1701,4,0
2026-01-30 21:30:00 -0500,0,1398,0,1404,6,0
2026-01-30 21:45:00 -0500,0,1085,0,1089,4,0
2026-01-30 22:00:00 -0500,0,1453,0,1861,408,0
2026-01-30 22:15:00 -0500,0,1131,0,1505,374,0
2026-01-30 22:30:00 -0500,0,1263,0,1637,374,0
2026-01-30 22:45:00 -0500,0,976,0,1351,375,0
2026-01-30 23:00:00 -0500,0,1195,0,1571,376,0
2026-01-30 23:15:00 -0500,0,1082,0,1458,376,0
2026-01-30 23:30:00 -0500,0,987,0,1363,376,0
2026-01-30 23:45:00 -0500,0,1455,0,1831,376,0
2026-01-31 00:00:00 -0500,0,1109,0,1487,378,0
2026-01-31 00:15:00 -0500,0,1326,0,1703,377,0
2026-01-31 00:30:00 -0500,0,1124,0,1502,378,0
2026-01-31 00:45:00 -0500,0,1267,0,1645,378,0
2026-01-31 01:00:00 -0500,0,1524,0,1902,378,0
2026-01-31 01:15:00 -0500,0,1521,0,1900,379,0
2026-01-31 01:30:00 -0500,0,1143,0,1522,379,0
2026-01-31 01:45:00 -0500,0,1486,0,1865,379,0
2026-01-31 02:00:00 -0500,0,1056,0,1435,379,0
2026-01-31 02:15:00 -0500,0,1374,0,1754,380,0
2026-01-31 02:30:00 -0500,0,1710,0,2090,380,0
2026-01-31 02:45:00 -0500,0,1496,0,1868,372,0
2026-01-31 03:00:00 -0500,0,1627,0,1986,359,0
2026-01-31 03:15:00 -0500,0,1479,0,1823,344,0
2026-01-31 03:30:00 -0500,0,1339,0,1670,331,0
2026-01-31 03:45:00 -0500,0,1377,0,1695,318,0
2026-01-31 04:00:00 -0500,0,1528,0,1834,306,0
2026-01-31 04:15:00 -0500,0,1234,0,1528,294,0
2026-01-31 04:30:00 -0500,0,1738,0,2022,284,0
2026-01-31 04:45:00 -0500,0,873,0,1145,272,0
2026-01-31 05:00:00 -0500,0,1815,0,2078,263,0
2026-01-31 05:15:00 -0500,0,1348,0,1597,249,0
2026-01-31 05:30:00 -0500,0,1555,0,1792,237,0
2026-01-31 05:45:00 -0500,0,1340,0,1574,234,0
2026-01-31 06:00:00 -0500,0,1389,0,1614,225,0
2026-01-31 06:15:00 -0500,0,1557,0,1771,214,0
2026-01-31 06:30:00 -0500,0,1680,0,1879,199,0
2026-01-31 06:45:00 -0500,0,1628,0,1813,185,0
2026-01-31 07:00:00 -0500,0,1584,0,1763,179,0
2026-01-31 07:15:00 -0500,0,1312,0,1427,115,0
2026-01-31 07:30:00 -0500,8,1213,0,1270,65,0
2026-01-31 07:45:00 -0500,22,1870,0,1882,34,0
2026-01-31 08:00:00 -0500,20,1597,0,1600,23,0
2026-01-31 08:15:00 -0500,22,1792,0,1770,0,0
2026-01-31 08:30:00 -0500,25,1445,0,1421,1,0
2026-01-31 08:45:00 -0500,36,1452,0,1426,10,0
2026-01-31 09:00:00 -0500,45,1246,0,1211,10,0
2026-01-31 09:15:00 -0500,54,1412,0,1358,0,0
2026-01-31 09:30:00 -0500,58,1268,0,1222,12,0
2026-01-31 09:45:00 -0500,59,1321,0,1274,12,0
2026-01-31 10:00:00 -0500,63,1031,0,968,0,0
2026-01-31 10:15:00 -0500,64,1230,0,1182,16,0
2026-01-31 10:30:00 -0500,69,1310,0,1249,8,0
2026-01-31 10:45:00 -0500,80,1370,0,1294,4,0
2026-01-31 11:00:00 -0500,111,1321,0,1220,10,0
2026-01-31 11:15:00 -0500,116,1242,0,1166,40,0
2026-01-31 11:30:00 -0500,119,1004,0,994,109,0
2026-01-31 11:45:00 -0500,117,743,0,724,98,0
2026-01-31 12:00:00 -0500,146,1569,0,1534,111,0
2026-01-31 12:15:00 -0500,147,1485,0,1447,109,0
2026-01-31 12:30:00 -0500,141,734,0,694,101,0
2026-01-31 12:45:00 -0500,137,964,0,939,112,0
2026-01-31 13:00:00 -0500,129,1410,0,1387,106,0
2026-01-31 13:15:00 -0500,100,1382,0,1384,102,0
2026-01-31 13:30:00 -0500,88,1041,0,1061,108,0
2026-01-31 13:45:00 -0500,83,961,0,982,104,0
2026-01-31 14:00:00 -0500,68,1289,0,1328,107,0
2026-01-31 14:15:00 -0500,56,1317,0,1359,98,0
2026-01-31 14:30:00 -0500,38,1185,0,1256,109,0
2026-01-31 14:45:00 -0500,31,1110,0,1188,109,0
2026-01-31 15:00:00 -0500,28,1146,0,1217,99,0
2026-01-31 15:15:00 -0500,25,982,0,1071,114,0
2026-01-31 15:30:00 -0500,24,1270,0,1351,105,0
2026-01-31 15:45:00 -0500,21,930,0,1013,104,0
2026-01-31 16:00:00 -0500,12,793,1,0,0,782
2026-01-31 16:15:00 -0500,5,659,0,0,0,654
2026-01-31 16:30:00 -0500,0,723,0,6,0,717
2026-01-31 16:45:00 -0500,0,768,0,5,0,763
2026-01-31 17:00:00 -0500,0,872,0,13,0,859
2026-01-31 17:15:00 -0500,0,1166,3,0,0,1169
2026-01-31 17:30:00 -0500,0,1393,0,104,0,1289
2026-01-31 17:45:00 -0500,0,740,6,0,0,746
2026-01-31 18:00:00 -0500,0,910,0,11,0,899
2026-01-31 18:15:00 -0500,0,988,0,35,0,953
2026-01-31 18:30:00 -0500,0,1048,0,350,0,698
2026-01-31 18:45:00 -0500,0,935,0,238,0,697
2026-01-31 19:00:00 -0500,0,1017,0,239,2,780
2026-01-31 19:15:00 -0500,0,1016,0,1020,4,0
2026-01-31 19:30:00 -0500,0,1008,0,1012,4,0
2026-01-31 19:45:00 -0500,0,893,0,899,6,0
2026-01-31 20:00:00 -0500,0,1173,0,1178,5,0
2026-01-31 20:15:00 -0500,0,1032,0,1037,5,0
2026-01-31 20:30:00 -0500,0,1229,0,1234,5,0
2026-01-31 20:45:00 -0500,0,1610,0,1615,5,0
2026-01-31 21:00:00 -0500,0,1869,0,1873,4,0
2026-01-31 21:15:00 -0500,0,1945,0,1951,6,0
2026-01-31 21:30:00 -0500,0,1438,0,1442,4,0
2026-01-31 21:45:00 -0500,0,1685,0,1721,36,0
2026-01-31 22:00:00 -0500,0,1172,0,1711,539,0
2026-01-31 22:15:00 -0500,0,1112,0,1665,553,0
2026-01-31 22:30:00 -0500,0,1019,0,1572,553,0
2026-01-31 22:45:00 -0500,0,1136,0,1692,556,0
2026-01-31 23:00:00 -0500,0,1093,0,1646,553,0
2026-01-31 23:15:00 -0500,0,998,0,1552,554,0
2026-01-31 23:30:00 -0500,0,1267,0,1822,555,0
2026-01-31 23:45:00 -0500,0,1050,0,1604,554,0
