timestamp,produced_wh,consumed_wh,exported_wh,imported_wh,stored_wh,discharged_wh,is_peak,import_rate,export_rate
2025-01-01 00:00:00,0,921,0,1051,130,0,False,0.138,0.06
2025-01-01 01:00:00,0,1241,0,1337,96,0,False,0.138,0.06
2025-01-01 02:00:00,0,895,0,985,90,0,False,0.138,0.06
2025-01-01 03:00:00,0,845,0,971,126,0,False,0.138,0.06
2025-01-01 04:00:00,0,1634,0,1726,92,0,False,0.138,0.06
2025-01-01 05:00:00,0,1151,0,1255,104,0,False,0.138,0.06
2025-01-01 06:00:00,0,1468,0,1578,110,0,False,0.138,0.06
2025-01-01 07:00:00,0,2125,0,2237,112,0,False,0.138,0.06
2025-01-01 08:00:00,26,1630,0,1686,82,0,False,0.138,0.06
2025-01-01 09:00:00,436,1388,0,1080,128,0,False,0.138,0.06
2025-01-01 10:00:00,1565,1557,40,161,129,0,False,0.138,0.06
2025-01-01 11:00:00,571,1416,0,951,106,0,False,0.138,0.06
2025-01-01 12:00:00,608,1171,26,709,120,0,False,0.138,0.06
2025-01-01 13:00:00,505,1287,29,883,72,0,False,0.138,0.06
2025-01-01 14:00:00,919,1466,0,636,89,0,False,0.138,0.06
2025-01-01 15:00:00,280,580,0,439,139,0,False,0.138,0.06
2025-01-01 16:00:00,2,2015,0,2115,102,0,True,0.32,0.24
2025-01-01 17:00:00,0,724,0,859,135,0,True,0.32,0.24
2025-01-01 18:00:00,0,2164,0,2250,87,1,True,0.32,0.24
2025-01-01 19:00:00,0,1792,0,1926,134,0,True,0.32,0.24
2025-01-01 20:00:00,0,1236,0,1331,95,0,False,0.138,0.06
2025-01-01 21:00:00,0,1994,0,2104,110,0,False,0.138,0.06
2025-01-01 22:00:00,0,1129,0,1262,133,0,False,0.138,0.06
2025-01-01 23:00:00,0,1080,0,1186,106,0,False,0.138,0.06
2025-01-02 00:00:00,0,1403,0,1506,103,0,False,0.138,0.06
2025-01-02 01:00:00,0,1204,0,1329,125,0,False,0.138,0.06
2025-01-02 02:00:00,0,1126,0,1207,81,0,False,0.138,0.06
2025-01-02 03:00:00,0,1649,0,1790,141,0,False,0.138,0.06
2025-01-02 04:00:00,0,2210,0,2320,110,0,False,0.138,0.06
2025-01-02 05:00:00,0,2126,0,2237,111,0,False,0.138,0.06
2025-01-02 06:00:00,0,2360,0,2470,110,0,False,0.138,0.06
2025-01-02 07:00:00,90,2490,0,2486,86,0,False,0.138,0.06
2025-01-02 08:00:00,436,3229,0,2903,110,0,False,0.138,0.06
2025-01-02 09:00:00,1427,4189,3,2843,78,0,False,0.138,0.06
2025-01-02 10:00:00,2694,4246,0,1666,114,0,False,0.138,0.06
2025-01-02 11:00:00,3401,1419,1825,0,157,0,False,0.138,0.06
2025-01-02 12:00:00,3342,1583,1645,0,114,0,False,0.138,0.06
2025-01-02 13:00:00,2124,1795,262,16,83,0,False,0.138,0.06
2025-01-02 14:00:00,556,809,26,387,108,0,False,0.138,0.06
2025-01-02 15:00:00,321,1833,0,1565,53,0,False,0.138,0.06
2025-01-02 16:00:00,26,1727,21,23,2,1701,True,0.32,0.24
2025-01-02 17:00:00,0,2903,6,25,0,2884,True,0.32,0.24
2025-01-02 18:00:00,0,1596,0,12,0,1584,True,0.32,0.24
2025-01-02 19:00:00,0,2044,0,25,0,2019,True,0.32,0.24
2025-01-02 20:00:00,0,2640,0,2584,18,74,False,0.138,0.06
2025-01-02 21:00:00,0,1407,0,1408,1,0,False,0.138,0.06
2025-01-02 22:00:00,0,1481,0,1499,18,0,False,0.138,0.06
2025-01-02 23:00:00,0,1636,0,1642,6,0,False,0.138,0.06
2025-01-03 00:00:00,0,997,0,1003,6,0,False,0.138,0.06
2025-01-03 01:00:00,0,2257,0,2275,18,0,False,0.138,0.06
2025-01-03 02:00:00,0,2255,0,2269,14,0,False,0.138,0.06
2025-01-03 03:00:00,0,1951,0,1966,15,0,False,0.138,0.06
2025-01-03 04:00:00,0,2011,0,2029,18,0,False,0.138,0.06
2025-01-03 05:00:00,0,1713,0,1725,12,0,False,0.138,0.06
2025-01-03 06:00:00,0,2619,0,2631,12,0,False,0.138,0.06
2025-01-03 07:00:00,98,3136,0,3120,82,0,False,0.138,0.06
2025-01-03 08:00:00,730,3259,0,3244,715,0,False,0.138,0.06
2025-01-03 09:00:00,1468,2019,0,2001,1450,0,False,0.138,0.06
2025-01-03 10:00:00,2593,2260,0,2023,2356,0,False,0.138,0.06
2025-01-03 11:00:00,2585,1890,0,1467,2162,0,False,0.138,0.06
2025-01-03 12:00:00,2449,1806,0,1488,2131,0,False,0.138,0.06
2025-01-03 13:00:00,1444,2104,0,2021,1361,0,False,0.138,0.06
2025-01-03 14:00:00,893,1469,0,1477,901,0,False,0.138,0.06
2025-01-03 15:00:00,326,2223,0,2153,256,0,False,0.138,0.06
2025-01-03 16:00:00,22,2245,3,20,0,2206,True,0.32,0.24
2025-01-03 17:00:00,0,2347,7,12,0,2342,True,0.32,0.24
2025-01-03 18:00:00,0,2306,0,17,0,2289,True,0.32,0.24
2025-01-03 19:00:00,0,1894,0,45,1,1850,True,0.32,0.24
2025-01-03 20:00:00,0,2528,0,2539,11,0,False,0.138,0.06
2025-01-03 21:00:00,0,2542,0,2543,1,0,False,0.138,0.06
2025-01-03 22:00:00,0,1183,0,1183,0,0,False,0.138,0.06
2025-01-03 23:00:00,0,1594,0,1594,0,0,False,0.138,0.06
2025-01-04 00:00:00,0,2215,0,2217,2,0,False,0.138,0.06
2025-01-04 01:00:00,0,2377,0,2393,16,0,False,0.138,0.06
2025-01-04 02:00:00,0,2395,0,2406,11,0,False,0.138,0.06
2025-01-04 03:00:00,0,2570,0,2585,15,0,False,0.138,0.06
2025-01-04 04:00:00,0,2281,0,2295,14,0,False,0.138,0.06
2025-01-04 05:00:00,0,2606,0,2622,16,0,False,0.138,0.06
2025-01-04 06:00:00,0,2552,0,2564,12,0,False,0.138,0.06
2025-01-04 07:00:00,89,3175,0,3164,78,0,False,0.138,0.06
2025-01-04 08:00:00,505,2799,0,2783,489,0,False,0.138,0.06
2025-01-04 09:00:00,1728,3118,0,3084,1694,0,False,0.138,0.06
2025-01-04 10:00:00,2863,5384,0,4579,2058,0,False,0.138,0.06
2025-01-04 11:00:00,3564,2203,0,1247,2608,0,False,0.138,0.06
2025-01-04 12:00:00,3324,2707,0,1880,2497,0,False,0.138,0.06
2025-01-04 13:00:00,2383,2387,0,2010,2006,0,False,0.138,0.06
2025-01-04 14:00:00,857,4470,0,4077,464,0,False,0.138,0.06
2025-01-04 15:00:00,390,2964,0,2711,137,0,False,0.138,0.06
2025-01-04 16:00:00,27,2738,3,32,3,2685,True,0.32,0.24
2025-01-04 17:00:00,0,2426,0,17,0,2409,True,0.32,0.24
2025-01-04 18:00:00,0,2719,1,29,0,2691,True,0.32,0.24
2025-01-04 19:00:00,0,3172,0,2112,12,1072,True,0.32,0.24
2025-01-04 20:00:00,0,3201,0,3201,0,0,False,0.138,0.06
2025-01-04 21:00:00,0,2482,0,2483,1,0,False,0.138,0.06
2025-01-04 22:00:00,0,1240,0,1243,3,0,False,0.138,0.06
2025-01-04 23:00:00,0,1564,0,1565,1,0,False,0.138,0.06
2025-01-05 00:00:00,0,2336,0,2337,1,0,False,0.138,0.06
2025-01-05 01:00:00,0,2230,0,2238,8,0,False,0.138,0.06
2025-01-05 02:00:00,0,2626,0,2642,16,0,False,0.138,0.06
2025-01-05 03:00:00,0,2157,0,2172,15,0,False,0.138,0.06
2025-01-05 04:00:00,0,2533,0,2552,19,0,False,0.138,0.06
2025-01-05 05:00:00,0,2619,0,2632,13,0,False,0.138,0.06
2025-01-05 06:00:00,0,2529,0,2544,15,0,False,0.138,0.06
2025-01-05 07:00:00,37,3122,0,3127,42,0,False,0.138,0.06
2025-01-05 08:00:00,649,3259,0,3250,640,0,False,0.138,0.06
2025-01-05 09:00:00,1694,7245,0,7239,1688,0,False,0.138,0.06
2025-01-05 10:00:00,2101,4627,0,4342,1816,0,False,0.138,0.06
2025-01-05 11:00:00,1858,2289,0,2296,1865,0,False,0.138,0.06
2025-01-05 12:00:00,1126,2187,0,2202,1141,0,False,0.138,0.06
2025-01-05 13:00:00,871,3031,0,3034,874,0,False,0.138,0.06
2025-01-05 14:00:00,569,2426,0,2441,584,0,False,0.138,0.06
2025-01-05 15:00:00,290,2239,0,2270,321,0,False,0.138,0.06
2025-01-05 16:00:00,8,2434,0,19,3,2410,True,0.32,0.24
2025-01-05 17:00:00,0,2733,0,22,0,2711,True,0.32,0.24
2025-01-05 18:00:00,0,2365,0,1336,12,1041,True,0.32,0.24
2025-01-05 19:00:00,0,2957,0,2959,2,0,True,0.32,0.24
2025-01-05 20:00:00,0,2682,0,2684,2,0,False,0.138,0.06
2025-01-05 21:00:00,0,3107,0,3110,3,0,False,0.138,0.06
2025-01-05 22:00:00,0,1972,0,1981,9,0,False,0.138,0.06
2025-01-05 23:00:00,0,2038,0,2038,0,0,False,0.138,0.06
2025-01-06 00:00:00,0,2841,0,2851,10,0,False,0.138,0.06
2025-01-06 01:00:00,0,2653,0,2663,10,0,False,0.138,0.06
2025-01-06 02:00:00,0,3038,0,3052,14,0,False,0.138,0.06
2025-01-06 03:00:00,0,2955,0,2969,14,0,False,0.138,0.06
2025-01-06 04:00:00,0,2681,0,2695,14,0,False,0.138,0.06
2025-01-06 05:00:00,0,2942,0,2957,15,0,False,0.138,0.06
2025-01-06 06:00:00,0,3308,0,3317,9,0,False,0.138,0.06
2025-01-06 07:00:00,66,4384,0,4373,55,0,False,0.138,0.06
2025-01-06 08:00:00,540,3582,0,3564,522,0,False,0.138,0.06
2025-01-06 09:00:00,900,3129,0,3120,891,0,False,0.138,0.06
2025-01-06 10:00:00,1165,3636,0,3650,1179,0,False,0.138,0.06
2025-01-06 11:00:00,1151,3296,0,3300,1155,0,False,0.138,0.06
2025-01-06 12:00:00,799,5787,0,5803,815,0,False,0.138,0.06
2025-01-06 13:00:00,995,2830,0,2831,996,0,False,0.138,0.06
2025-01-06 14:00:00,877,2882,0,2884,879,0,False,0.138,0.06
2025-01-06 15:00:00,414,2844,0,2859,429,0,False,0.138,0.06
2025-01-06 16:00:00,36,3006,0,23,5,2952,True,0.32,0.24
2025-01-06 17:00:00,0,3373,0,1726,10,1657,True,0.32,0.24
2025-01-06 18:00:00,0,2992,0,2994,2,0,True,0.32,0.24
2025-01-06 19:00:00,0,3099,0,3100,1,0,True,0.32,0.24
2025-01-06 20:00:00,0,3841,0,3845,4,0,False,0.138,0.06
2025-01-06 21:00:00,0,3592,0,3596,4,0,False,0.138,0.06
2025-01-06 22:00:00,0,1927,0,1929,2,0,False,0.138,0.06
2025-01-06 23:00:00,0,2993,0,2993,0,0,False,0.138,0.06
2025-01-07 00:00:00,0,3051,0,3055,4,0,False,0.138,0.06
2025-01-07 01:00:00,0,3083,0,3092,9,0,False,0.138,0.06
2025-01-07 02:00:00,0,2985,0,2996,11,0,False,0.138,0.06
2025-01-07 03:00:00,0,3459,0,3470,11,0,False,0.138,0.06
2025-01-07 04:00:00,0,3037,0,3047,10,0,False,0.138,0.06
2025-01-07 05:00:00,0,3649,0,3661,12,0,False,0.138,0.06
2025-01-07 06:00:00,0,3685,0,3691,6,0,False,0.138,0.06
2025-01-07 07:00:00,84,4282,0,4273,75,0,False,0.138,0.06
2025-01-07 08:00:00,610,4441,0,4414,583,0,False,0.138,0.06
2025-01-07 09:00:00,1417,3514,0,3469,1372,0,False,0.138,0.06
2025-01-07 10:00:00,2312,3651,0,3266,1927,0,False,0.138,0.06
2025-01-07 11:00:00,2921,3115,0,2196,2002,0,False,0.138,0.06
2025-01-07 12:00:00,3011,4535,0,3493,1969,0,False,0.138,0.06
2025-01-07 13:00:00,2208,5158,0,4752,1802,0,False,0.138,0.06
2025-01-07 14:00:00,704,2853,0,2866,717,0,False,0.138,0.06
2025-01-07 15:00:00,532,3299,0,3408,641,0,False,0.138,0.06
2025-01-07 16:00:00,52,2560,49,24,1,2534,True,0.32,0.24
2025-01-07 17:00:00,0,2420,3,11,0,2412,True,0.32,0.24
2025-01-07 18:00:00,0,2449,1,56,0,2394,True,0.32,0.24
2025-01-07 19:00:00,0,3869,0,3825,9,53,True,0.32,0.24
2025-01-07 20:00:00,0,3323,0,3324,1,0,False,0.138,0.06
2025-01-07 21:00:00,0,3883,0,3884,1,0,False,0.138,0.06
2025-01-07 22:00:00,0,1863,0,1863,0,0,False,0.138,0.06
2025-01-07 23:00:00,0,2977,0,2977,0,0,False,0.138,0.06
2025-01-08 00:00:00,0,2775,0,2781,6,0,False,0.138,0.06
2025-01-08 01:00:00,0,2888,0,2896,8,0,False,0.138,0.06
2025-01-08 02:00:00,0,2855,0,2863,8,0,False,0.138,0.06
2025-01-08 03:00:00,0,2793,0,2807,14,0,False,0.138,0.06
2025-01-08 04:00:00,0,3021,0,3032,11,0,False,0.138,0.06
2025-01-08 05:00:00,0,2691,0,2702,11,0,False,0.138,0.06
2025-01-08 06:00:00,0,3516,0,3522,6,0,False,0.138,0.06
2025-01-08 07:00:00,83,3870,0,3856,69,0,False,0.138,0.06
2025-01-08 08:00:00,427,3809,0,3784,402,0,False,0.138,0.06
2025-01-08 09:00:00,1464,3472,0,3445,1437,0,False,0.138,0.06
2025-01-08 10:00:00,2753,5385,0,4800,2168,0,False,0.138,0.06
2025-01-08 11:00:00,3530,3175,0,1822,2177,0,False,0.138,0.06
2025-01-08 12:00:00,3495,2960,0,1593,2128,0,False,0.138,0.06
2025-01-08 13:00:00,2314,2870,0,2405,1849,0,False,0.138,0.06
2025-01-08 14:00:00,692,2800,0,2806,698,0,False,0.138,0.06
2025-01-08 15:00:00,413,2960,0,3360,813,0,False,0.138,0.06
2025-01-08 16:00:00,49,3141,9,577,74,2598,True,0.32,0.24
2025-01-08 17:00:00,0,3166,1,22,0,3145,True,0.32,0.24
2025-01-08 18:00:00,0,3178,1,23,0,3156,True,0.32,0.24
2025-01-08 19:00:00,0,3595,0,2400,7,1202,True,0.32,0.24
2025-01-08 20:00:00,0,3440,0,3441,1,0,False,0.138,0.06
2025-01-08 21:00:00,0,4350,0,4352,2,0,False,0.138,0.06
2025-01-08 22:00:00,0,2075,0,2190,115,0,False,0.138,0.06
2025-01-08 23:00:00,0,3005,0,3072,67,0,False,0.138,0.06
2025-01-09 00:00:00,0,2937,0,3083,146,0,False,0.138,0.06
2025-01-09 01:00:00,0,3051,0,3125,74,0,False,0.138,0.06
2025-01-09 02:00:00,0,3186,0,4333,1147,0,False,0.138,0.06
2025-01-09 03:00:00,0,2694,0,4917,2223,0,False,0.138,0.06
2025-01-09 04:00:00,0,3031,0,5265,2234,0,False,0.138,0.06
2025-01-09 05:00:00,0,3224,0,5453,2229,0,False,0.138,0.06
2025-01-09 06:00:00,0,3336,0,5459,2123,0,False,0.138,0.06
2025-01-09 07:00:00,63,4033,0,5702,1732,0,False,0.138,0.06
2025-01-09 08:00:00,549,4000,0,4485,1034,0,False,0.138,0.06
2025-01-09 09:00:00,1293,3524,0,2534,303,0,False,0.138,0.06
2025-01-09 10:00:00,2288,3101,0,862,49,0,False,0.138,0.06
2025-01-09 11:00:00,1987,3409,0,1520,98,0,False,0.138,0.06
2025-01-09 12:00:00,2682,4234,0,1661,109,0,False,0.138,0.06
2025-01-09 13:00:00,2112,3518,0,1498,92,0,False,0.138,0.06
2025-01-09 14:00:00,792,3387,0,2667,72,0,False,0.138,0.06
2025-01-09 15:00:00,361,3039,0,2775,97,0,False,0.138,0.06
2025-01-09 16:00:00,25,2901,0,287,10,2599,True,0.32,0.24
2025-01-09 17:00:00,0,3097,0,16,0,3081,True,0.32,0.24
2025-01-09 18:00:00,0,3280,0,20,0,3260,True,0.32,0.24
2025-01-09 19:00:00,0,3129,0,1742,9,1396,True,0.32,0.24
2025-01-09 20:00:00,0,3245,0,3246,1,0,False,0.138,0.06
2025-01-09 21:00:00,0,3311,0,3311,0,0,False,0.138,0.06
2025-01-09 22:00:00,0,2858,0,2975,117,0,False,0.138,0.06
2025-01-09 23:00:00,0,3396,0,3486,90,0,False,0.138,0.06
2025-01-10 00:00:00,0,2773,0,2879,106,0,False,0.138,0.06
2025-01-10 01:00:00,0,2709,0,2843,134,0,False,0.138,0.06
2025-01-10 02:00:00,0,2845,0,3013,168,0,False,0.138,0.06
2025-01-10 03:00:00,0,2621,0,2693,72,0,False,0.138,0.06
2025-01-10 04:00:00,0,2612,0,2716,104,0,False,0.138,0.06
2025-01-10 05:00:00,0,2811,0,2891,80,0,False,0.138,0.06
2025-01-10 06:00:00,0,3024,0,3154,130,0,False,0.138,0.06
2025-01-10 07:00:00,91,3733,0,3787,145,0,False,0.138,0.06
2025-01-10 08:00:00,423,3561,0,3552,414,0,False,0.138,0.06
2025-01-10 09:00:00,1436,2870,0,2842,1408,0,False,0.138,0.06
2025-01-10 10:00:00,2719,4492,0,3976,2203,0,False,0.138,0.06
2025-01-10 11:00:00,3508,3750,0,3148,2906,0,False,0.138,0.06
2025-01-10 12:00:00,3485,5195,0,5051,3341,0,False,0.138,0.06
2025-01-10 13:00:00,2387,1677,0,1726,2436,0,False,0.138,0.06
2025-01-10 14:00:00,669,1852,0,1428,245,0,False,0.138,0.06
2025-01-10 15:00:00,291,1559,0,1382,114,0,False,0.138,0.06
2025-01-10 16:00:00,32,1580,6,13,0,1541,True,0.32,0.24
2025-01-10 17:00:00,0,1945,2,19,0,1928,True,0.32,0.24
2025-01-10 18:00:00,0,2274,0,25,0,2249,True,0.32,0.24
2025-01-10 19:00:00,0,2315,0,31,0,2284,True,0.32,0.24
2025-01-10 20:00:00,0,3191,0,3169,30,52,False,0.138,0.06
2025-01-10 21:00:00,0,2800,0,2804,4,0,False,0.138,0.06
2025-01-10 22:00:00,0,1728,0,1730,2,0,False,0.138,0.06
2025-01-10 23:00:00,0,1724,0,1726,2,0,False,0.138,0.06
2025-01-11 00:00:00,0,2236,0,2240,4,0,False,0.138,0.06
2025-01-11 01:00:00,0,2448,0,2456,8,0,False,0.138,0.06
2025-01-11 02:00:00,0,2556,0,2562,6,0,False,0.138,0.06
2025-01-11 03:00:00,0,2389,0,2401,12,0,False,0.138,0.06
2025-01-11 04:00:00,0,2512,0,2524,12,0,False,0.138,0.06
2025-01-11 05:00:00,0,1547,0,1561,14,0,False,0.138,0.06
2025-01-11 06:00:00,0,2189,0,2201,12,0,False,0.138,0.06
2025-01-11 07:00:00,0,3682,0,3688,6,0,False,0.138,0.06
2025-01-11 08:00:00,1,1240,0,1245,6,0,False,0.138,0.06
2025-01-11 09:00:00,1,750,0,760,11,0,False,0.138,0.06
2025-01-11 10:00:00,1,421,0,436,16,0,False,0.138,0.06
2025-01-11 11:00:00,31,469,0,451,13,0,False,0.138,0.06
2025-01-11 12:00:00,78,469,0,431,40,0,False,0.138,0.06
2025-01-11 13:00:00,71,431,0,434,74,0,False,0.138,0.06
2025-01-11 14:00:00,26,430,0,471,67,0,False,0.138,0.06
2025-01-11 15:00:00,1,421,0,3718,3298,0,False,0.138,0.06
2025-01-11 16:00:00,0,516,17,17,0,516,True,0.32,0.24
2025-01-11 17:00:00,0,1666,5,25,0,1646,True,0.32,0.24
2025-01-11 18:00:00,0,2537,0,1044,10,1503,True,0.32,0.24
2025-01-11 19:00:00,0,1749,0,1751,2,0,True,0.32,0.24
2025-01-11 20:00:00,0,541,0,545,4,0,False,0.138,0.06
2025-01-11 21:00:00,0,1198,0,1284,86,0,False,0.138,0.06
2025-01-11 22:00:00,0,3107,0,3150,43,0,False,0.138,0.06
2025-01-11 23:00:00,0,2224,0,2260,36,0,False,0.138,0.06
2025-01-12 00:00:00,0,1206,0,1315,109,0,False,0.138,0.06
2025-01-12 01:00:00,0,1803,0,1908,105,0,False,0.138,0.06
2025-01-12 02:00:00,0,2474,0,2614,140,0,False,0.138,0.06
2025-01-12 03:00:00,0,2445,0,2553,108,0,False,0.138,0.06
2025-01-12 04:00:00,0,2338,0,2440,102,0,False,0.138,0.06
2025-01-12 05:00:00,0,2266,0,2314,48,0,False,0.138,0.06
2025-01-12 06:00:00,0,2812,0,2884,72,0,False,0.138,0.06
2025-01-12 07:00:00,0,2400,0,2535,135,0,False,0.138,0.06
2025-01-12 08:00:00,3,2270,0,2344,77,0,False,0.138,0.06
2025-01-12 09:00:00,77,2300,0,2353,130,0,False,0.138,0.06
2025-01-12 10:00:00,293,2180,0,2154,267,0,False,0.138,0.06
2025-01-12 11:00:00,1032,2835,0,2801,998,0,False,0.138,0.06
2025-01-12 12:00:00,1804,3075,0,3056,1785,0,False,0.138,0.06
2025-01-12 13:00:00,1786,2255,0,2264,1795,0,False,0.138,0.06
2025-01-12 14:00:00,537,2104,0,2139,572,0,False,0.138,0.06
2025-01-12 15:00:00,203,2196,0,5026,3033,0,False,0.138,0.06
2025-01-12 16:00:00,21,2302,7,17,1,2272,True,0.32,0.24
2025-01-12 17:00:00,0,2699,3,23,0,2679,True,0.32,0.24
2025-01-12 18:00:00,0,2215,0,682,9,1542,True,0.32,0.24
2025-01-12 19:00:00,0,2635,0,2638,3,0,True,0.32,0.24
2025-01-12 20:00:00,0,2630,0,2631,1,0,False,0.138,0.06
2025-01-12 21:00:00,0,2678,0,2733,55,0,False,0.138,0.06
2025-01-12 22:00:00,0,2665,0,2712,47,0,False,0.138,0.06
2025-01-12 23:00:00,0,2264,0,2376,112,0,False,0.138,0.06
2025-01-13 00:00:00,0,2369,0,2419,50,0,False,0.138,0.06
2025-01-13 01:00:00,0,2625,0,2709,84,0,False,0.138,0.06
2025-01-13 02:00:00,0,2124,0,2225,101,0,False,0.138,0.06
2025-01-13 03:00:00,0,2468,0,2601,133,0,False,0.138,0.06
2025-01-13 04:00:00,0,2336,0,2474,138,0,False,0.138,0.06
2025-01-13 05:00:00,0,2365,0,2469,104,0,False,0.138,0.06
2025-01-13 06:00:00,0,2653,0,2757,104,0,False,0.138,0.06
2025-01-13 07:00:00,42,2503,0,2577,116,0,False,0.138,0.06
2025-01-13 08:00:00,264,2329,0,2304,239,0,False,0.138,0.06
2025-01-13 09:00:00,700,2514,0,2491,677,0,False,0.138,0.06
2025-01-13 10:00:00,933,2058,0,2075,950,0,False,0.138,0.06
2025-01-13 11:00:00,849,2067,0,2059,841,0,False,0.138,0.06
2025-01-13 12:00:00,1186,2345,0,2324,1165,0,False,0.138,0.06
2025-01-13 13:00:00,1119,2554,0,2572,1137,0,False,0.138,0.06
2025-01-13 14:00:00,708,3312,0,3345,741,0,False,0.138,0.06
2025-01-13 15:00:00,285,5701,0,8775,3359,0,False,0.138,0.06
2025-01-13 16:00:00,18,2438,1,8,2,2415,True,0.32,0.24
2025-01-13 17:00:00,0,2897,0,16,0,2881,True,0.32,0.24
2025-01-13 18:00:00,0,1916,1,252,3,1668,True,0.32,0.24
2025-01-13 19:00:00,0,2440,0,2770,330,0,True,0.32,0.24
2025-01-13 20:00:00,0,4994,0,5085,91,0,False,0.138,0.06
2025-01-13 21:00:00,0,2716,0,2873,158,1,False,0.138,0.06
2025-01-13 22:00:00,0,1954,0,2040,86,0,False,0.138,0.06
2025-01-13 23:00:00,0,1574,0,1657,83,0,False,0.138,0.06
2025-01-14 00:00:00,0,1670,0,1777,107,0,False,0.138,0.06
2025-01-14 01:00:00,0,2547,0,2649,102,0,False,0.138,0.06
2025-01-14 02:00:00,0,2361,0,2410,49,0,False,0.138,0.06
2025-01-14 03:00:00,0,2425,0,2474,49,0,False,0.138,0.06
2025-01-14 04:00:00,0,2672,0,2770,98,0,False,0.138,0.06
2025-01-14 05:00:00,0,2445,0,2515,70,0,False,0.138,0.06
2025-01-14 06:00:00,0,2846,0,2976,130,0,False,0.138,0.06
2025-01-14 07:00:00,84,3223,0,3298,159,0,False,0.138,0.06
2025-01-14 08:00:00,397,3119,0,3108,386,0,False,0.138,0.06
2025-01-14 09:00:00,1188,2793,0,2768,1163,0,False,0.138,0.06
2025-01-14 10:00:00,2372,2595,0,2575,2352,0,False,0.138,0.06
2025-01-14 11:00:00,3261,1778,0,1763,3246,0,False,0.138,0.06
2025-01-14 12:00:00,3135,2422,0,2304,3017,0,False,0.138,0.06
2025-01-14 13:00:00,2466,2089,0,1775,2152,0,False,0.138,0.06
2025-01-14 14:00:00,1045,2563,0,1813,295,0,False,0.138,0.06
2025-01-14 15:00:00,621,2861,0,2399,159,0,False,0.138,0.06
2025-01-14 16:00:00,63,2581,52,13,0,2557,True,0.32,0.24
2025-01-14 17:00:00,0,2743,2,11,0,2734,True,0.32,0.24
2025-01-14 18:00:00,0,2445,0,29,0,2416,True,0.32,0.24
2025-01-14 19:00:00,0,3060,0,840,8,2228,True,0.32,0.24
2025-01-14 20:00:00,0,2503,0,2503,0,0,False,0.138,0.06
2025-01-14 21:00:00,0,3072,0,3076,4,0,False,0.138,0.06
2025-01-14 22:00:00,0,1625,0,1683,58,0,False,0.138,0.06
2025-01-14 23:00:00,0,1590,0,1687,97,0,False,0.138,0.06
2025-01-15 00:00:00,0,2760,0,2812,52,0,False,0.138,0.06
2025-01-15 01:00:00,0,2659,0,2769,110,0,False,0.138,0.06
2025-01-15 02:00:00,0,2719,0,2811,92,0,False,0.138,0.06
2025-01-15 03:00:00,0,2725,0,2861,136,0,False,0.138,0.06
2025-01-15 04:00:00,0,2881,0,2987,106,0,False,0.138,0.06
2025-01-15 05:00:00,0,2685,0,2768,83,0,False,0.138,0.06
2025-01-15 06:00:00,0,3226,0,3386,160,0,False,0.138,0.06
2025-01-15 07:00:00,101,3721,0,3807,187,0,False,0.138,0.06
2025-01-15 08:00:00,431,4348,0,4333,416,0,False,0.138,0.06
2025-01-15 09:00:00,1337,6090,0,6073,1320,0,False,0.138,0.06
2025-01-15 10:00:00,2538,3560,0,3187,2165,0,False,0.138,0.06
2025-01-15 11:00:00,3374,2731,0,1597,2240,0,False,0.138,0.06
2025-01-15 12:00:00,3519,1989,0,1087,2617,0,False,0.138,0.06
2025-01-15 13:00:00,2545,2965,0,2795,2375,0,False,0.138,0.06
2025-01-15 14:00:00,959,1694,0,2014,1279,0,False,0.138,0.06
2025-01-15 15:00:00,501,2803,0,2586,284,0,False,0.138,0.06
2025-01-15 16:00:00,53,2924,28,9,1,2891,True,0.32,0.24
2025-01-15 17:00:00,0,2392,0,14,0,2378,True,0.32,0.24
2025-01-15 18:00:00,0,3139,0,30,0,3109,True,0.32,0.24
2025-01-15 19:00:00,0,3040,0,1483,10,1567,True,0.32,0.24
2025-01-15 20:00:00,0,2714,0,2717,3,0,False,0.138,0.06
2025-01-15 21:00:00,0,3468,0,3469,1,0,False,0.138,0.06
2025-01-15 22:00:00,0,1803,0,1911,108,0,False,0.138,0.06
2025-01-15 23:00:00,0,2121,0,2242,121,0,False,0.138,0.06
2025-01-16 00:00:00,0,3343,0,3470,127,0,False,0.138,0.06
2025-01-16 01:00:00,0,3049,0,3144,95,0,False,0.138,0.06
2025-01-16 02:00:00,0,2894,0,2963,69,0,False,0.138,0.06
2025-01-16 03:00:00,0,2906,0,2983,77,0,False,0.138,0.06
2025-01-16 04:00:00,0,2884,0,2968,84,0,False,0.138,0.06
2025-01-16 05:00:00,0,3106,0,3172,66,0,False,0.138,0.06
2025-01-16 06:00:00,0,3942,0,4044,102,0,False,0.138,0.06
2025-01-16 07:00:00,165,4337,0,4375,203,0,False,0.138,0.06
2025-01-16 08:00:00,695,4006,0,3992,681,0,False,0.138,0.06
2025-01-16 09:00:00,1519,2990,0,2974,1503,0,False,0.138,0.06
2025-01-16 10:00:00,2148,2852,0,2855,2151,0,False,0.138,0.06
2025-01-16 11:00:00,2048,3219,0,3116,1945,0,False,0.138,0.06
2025-01-16 12:00:00,3313,2650,0,1616,2279,0,False,0.138,0.06
2025-01-16 13:00:00,1734,3096,0,3123,1761,0,False,0.138,0.06
2025-01-16 14:00:00,1291,3758,0,4143,1676,0,False,0.138,0.06
2025-01-16 15:00:00,630,2524,0,2649,755,0,False,0.138,0.06
2025-01-16 16:00:00,98,2689,71,10,0,2652,True,0.32,0.24
2025-01-16 17:00:00,0,3056,1,24,0,3033,True,0.32,0.24
2025-01-16 18:00:00,0,2628,0,25,0,2603,True,0.32,0.24
2025-01-16 19:00:00,0,3004,0,1534,171,1641,True,0.32,0.24
2025-01-16 20:00:00,0,2571,0,2716,145,0,False,0.138,0.06
2025-01-16 21:00:00,0,2528,0,2663,135,0,False,0.138,0.06
2025-01-16 22:00:00,0,1727,0,1862,135,0,False,0.138,0.06
2025-01-16 23:00:00,0,2132,0,2280,148,0,False,0.138,0.06
2025-01-17 00:00:00,0,2597,0,2685,88,0,False,0.138,0.06
2025-01-17 01:00:00,0,2683,0,2729,46,0,False,0.138,0.06
2025-01-17 02:00:00,0,2726,0,2896,170,0,False,0.138,0.06
2025-01-17 03:00:00,0,2742,0,2876,134,0,False,0.138,0.06
2025-01-17 04:00:00,0,2969,0,3103,134,0,False,0.138,0.06
2025-01-17 05:00:00,0,2736,0,2821,85,0,False,0.138,0.06
2025-01-17 06:00:00,0,3255,0,3340,85,0,False,0.138,0.06
2025-01-17 07:00:00,95,3571,0,3569,93,0,False,0.138,0.06
2025-01-17 08:00:00,415,3788,0,3773,400,0,False,0.138,0.06
2025-01-17 09:00:00,1298,4968,0,4942,1272,0,False,0.138,0.06
2025-01-17 10:00:00,2671,4332,0,3854,2193,0,False,0.138,0.06
2025-01-17 11:00:00,3505,2667,0,1509,2347,0,False,0.138,0.06
2025-01-17 12:00:00,3530,2308,0,1694,2916,0,False,0.138,0.06
2025-01-17 13:00:00,2571,2311,0,2223,2483,0,False,0.138,0.06
2025-01-17 14:00:00,786,2606,0,2524,704,0,False,0.138,0.06
2025-01-17 15:00:00,348,2672,0,2454,130,0,False,0.138,0.06
2025-01-17 16:00:00,58,2249,29,10,0,2210,True,0.32,0.24
2025-01-17 17:00:00,0,3051,0,35,0,3016,True,0.32,0.24
2025-01-17 18:00:00,0,2933,0,18,0,2915,True,0.32,0.24
2025-01-17 19:00:00,0,2664,0,1066,9,1607,True,0.32,0.24
2025-01-17 20:00:00,0,2981,0,2990,9,0,False,0.138,0.06
2025-01-17 21:00:00,0,2547,0,2552,5,0,False,0.138,0.06
2025-01-17 22:00:00,0,2535,0,2650,115,0,False,0.138,0.06
2025-01-17 23:00:00,0,1298,0,1345,47,0,False,0.138,0.06
2025-01-18 00:00:00,0,2713,0,2827,114,0,False,0.138,0.06
2025-01-18 01:00:00,0,2495,0,2606,111,0,False,0.138,0.06
2025-01-18 02:00:00,0,2682,0,2817,135,0,False,0.138,0.06
2025-01-18 03:00:00,0,2642,0,2783,141,0,False,0.138,0.06
2025-01-18 04:00:00,0,2578,0,2678,100,0,False,0.138,0.06
2025-01-18 05:00:00,0,2698,0,2836,138,0,False,0.138,0.06
2025-01-18 06:00:00,0,2590,0,2691,101,0,False,0.138,0.06
2025-01-18 07:00:00,165,2633,0,2658,190,0,False,0.138,0.06
2025-01-18 08:00:00,736,4276,0,4276,736,0,False,0.138,0.06
2025-01-18 09:00:00,1279,4797,0,4789,1271,0,False,0.138,0.06
2025-01-18 10:00:00,1322,3639,0,3636,1319,0,False,0.138,0.06
2025-01-18 11:00:00,1490,3355,0,3360,1495,0,False,0.138,0.06
2025-01-18 12:00:00,1073,3519,0,3528,1082,0,False,0.138,0.06
2025-01-18 13:00:00,698,2433,0,2441,706,0,False,0.138,0.06
2025-01-18 14:00:00,495,1983,0,3476,1988,0,False,0.138,0.06
2025-01-18 15:00:00,112,2040,0,5294,3366,0,False,0.138,0.06
2025-01-18 16:00:00,1,1911,0,2544,634,0,True,0.32,0.24
2025-01-18 17:00:00,0,2537,0,2585,48,0,True,0.32,0.24
2025-01-18 18:00:00,0,2388,0,2533,145,0,True,0.32,0.24
2025-01-18 19:00:00,0,2683,0,2784,101,0,True,0.32,0.24
2025-01-18 20:00:00,0,1093,0,1171,78,0,False,0.138,0.06
2025-01-18 21:00:00,0,2485,0,2596,111,0,False,0.138,0.06
2025-01-18 22:00:00,0,1525,0,1604,79,0,False,0.138,0.06
2025-01-18 23:00:00,0,966,0,1016,50,0,False,0.138,0.06
2025-01-19 00:00:00,0,1346,0,1452,106,0,False,0.138,0.06
2025-01-19 01:00:00,0,1917,0,1964,47,0,False,0.138,0.06
2025-01-19 02:00:00,0,2228,0,2256,28,0,False,0.138,0.06
2025-01-19 03:00:00,0,2365,0,2467,102,0,False,0.138,0.06
2025-01-19 04:00:00,0,2280,0,2330,50,0,False,0.138,0.06
2025-01-19 05:00:00,0,2242,0,2336,94,0,False,0.138,0.06
2025-01-19 06:00:00,0,2014,0,2106,92,0,False,0.138,0.06
2025-01-19 07:00:00,165,2758,0,2670,77,0,False,0.138,0.06
2025-01-19 08:00:00,532,4830,0,4349,51,0,False,0.138,0.06
2025-01-19 09:00:00,1455,4475,0,3120,100,0,False,0.138,0.06
2025-01-19 10:00:00,2749,1906,800,8,51,0,False,0.138,0.06
2025-01-19 11:00:00,3622,2070,1492,0,60,0,False,0.138,0.06
2025-01-19 12:00:00,3099,2261,771,3,70,0,False,0.138,0.06
2025-01-19 13:00:00,1252,4644,0,3460,68,0,False,0.138,0.06
2025-01-19 14:00:00,613,1559,0,1026,80,0,False,0.138,0.06
2025-01-19 15:00:00,82,1849,0,1825,58,0,False,0.138,0.06
2025-01-19 16:00:00,7,1779,0,1833,61,0,True,0.32,0.24
2025-01-19 17:00:00,0,2669,0,2767,98,0,True,0.32,0.24
2025-01-19 18:00:00,0,2804,0,2838,35,1,True,0.32,0.24
2025-01-19 19:00:00,0,2619,0,2679,60,0,True,0.32,0.24
2025-01-19 20:00:00,0,1470,0,1552,82,0,False,0.138,0.06
2025-01-19 21:00:00,0,3559,0,3616,57,0,False,0.138,0.06
2025-01-19 22:00:00,0,1310,0,1350,40,0,False,0.138,0.06
2025-01-19 23:00:00,0,1636,0,1662,26,0,False,0.138,0.06
2025-01-20 00:00:00,0,1976,0,2030,54,0,False,0.138,0.06
2025-01-20 01:00:00,0,1773,0,1841,68,0,False,0.138,0.06
2025-01-20 02:00:00,0,2669,0,2726,57,0,False,0.138,0.06
2025-01-20 03:00:00,0,2690,0,2761,71,0,False,0.138,0.06
2025-01-20 04:00:00,0,3061,0,3119,58,0,False,0.138,0.06
2025-01-20 05:00:00,0,2858,0,2922,64,0,False,0.138,0.06
2025-01-20 06:00:00,0,2985,0,3041,56,0,False,0.138,0.06
2025-01-20 07:00:00,0,3324,0,3386,62,0,False,0.138,0.06
2025-01-20 08:00:00,0,3782,0,3820,38,0,False,0.138,0.06
2025-01-20 09:00:00,0,3244,0,3254,10,0,False,0.138,0.06
2025-01-20 10:00:00,31,3021,0,3002,12,0,False,0.138,0.06
2025-01-20 11:00:00,94,2730,0,2698,62,0,False,0.138,0.06
2025-01-20 12:00:00,135,3155,0,3125,105,0,False,0.138,0.06
2025-01-20 13:00:00,129,2336,0,2326,119,0,False,0.138,0.06
2025-01-20 14:00:00,26,2945,0,2943,24,0,False,0.138,0.06
2025-01-20 15:00:00,2,2946,0,3032,88,0,False,0.138,0.06
2025-01-20 16:00:00,0,2588,0,71,0,2517,True,0.32,0.24
2025-01-20 17:00:00,0,3193,4,17,0,3180,True,0.32,0.24
2025-01-20 18:00:00,0,3060,2,24,0,3038,True,0.32,0.24
2025-01-20 19:00:00,0,3468,0,2201,5,1272,True,0.32,0.24
2025-01-20 20:00:00,1,4480,0,4479,1,1,False,0.138,0.06
2025-01-20 21:00:00,0,6462,0,6464,2,0,False,0.138,0.06
2025-01-20 22:00:00,0,2846,0,2957,112,1,False,0.138,0.06
2025-01-20 23:00:00,0,1823,0,1912,89,0,False,0.138,0.06
2025-01-21 00:00:00,0,3707,0,3788,81,0,False,0.138,0.06
2025-01-21 01:00:00,0,3932,0,4001,69,0,False,0.138,0.06
2025-01-21 02:00:00,0,3579,0,3654,75,0,False,0.138,0.06
2025-01-21 03:00:00,0,3717,0,3799,82,0,False,0.138,0.06
2025-01-21 04:00:00,0,4304,0,4380,76,0,False,0.138,0.06
2025-01-21 05:00:00,0,3856,0,3916,60,0,False,0.138,0.06
2025-01-21 06:00:00,0,4254,0,4402,148,0,False,0.138,0.06
2025-01-21 07:00:00,0,4755,0,4844,89,0,False,0.138,0.06
2025-01-21 08:00:00,0,4345,0,4386,41,0,False,0.138,0.06
2025-01-21 09:00:00,10,3768,0,3852,94,0,False,0.138,0.06
2025-01-21 10:00:00,56,3999,0,4021,78,0,False,0.138,0.06
2025-01-21 11:00:00,88,3661,0,3679,106,0,False,0.138,0.06
2025-01-21 12:00:00,74,3792,0,3804,86,0,False,0.138,0.06
2025-01-21 13:00:00,64,5598,0,5619,85,0,False,0.138,0.06
2025-01-21 14:00:00,37,3404,0,4408,1041,0,False,0.138,0.06
2025-01-21 15:00:00,8,3685,0,5711,2034,0,False,0.138,0.06
2025-01-21 16:00:00,0,3381,0,1190,97,2288,True,0.32,0.24
2025-01-21 17:00:00,0,3878,0,4041,163,0,True,0.32,0.24
2025-01-21 18:00:00,0,4175,0,4318,143,0,True,0.32,0.24
2025-01-21 19:00:00,0,4621,0,4785,164,0,True,0.32,0.24
2025-01-21 20:00:00,0,4478,0,4600,122,0,False,0.138,0.06
2025-01-21 21:00:00,0,4222,0,4317,95,0,False,0.138,0.06
2025-01-21 22:00:00,0,3140,0,3232,92,0,False,0.138,0.06
2025-01-21 23:00:00,0,2603,0,2755,152,0,False,0.138,0.06
2025-01-22 00:00:00,0,3495,0,3566,71,0,False,0.138,0.06
2025-01-22 01:00:00,0,3442,0,3526,84,0,False,0.138,0.06
2025-01-22 02:00:00,0,3765,0,3851,86,0,False,0.138,0.06
2025-01-22 03:00:00,0,3898,0,3981,83,0,False,0.138,0.06
2025-01-22 04:00:00,0,4475,0,4525,50,0,False,0.138,0.06
2025-01-22 05:00:00,0,4124,0,4233,109,0,False,0.138,0.06
2025-01-22 06:00:00,0,4326,0,4407,81,0,False,0.138,0.06
2025-01-22 07:00:00,0,5352,0,5381,29,0,False,0.138,0.06
2025-01-22 08:00:00,0,4778,0,4780,2,0,False,0.138,0.06
2025-01-22 09:00:00,28,4102,0,4078,4,0,False,0.138,0.06
2025-01-22 10:00:00,137,3686,0,3699,150,0,False,0.138,0.06
2025-01-22 11:00:00,291,3729,0,3799,361,0,False,0.138,0.06
2025-01-22 12:00:00,830,3329,0,3316,817,0,False,0.138,0.06
2025-01-22 13:00:00,840,3632,0,4199,1407,0,False,0.138,0.06
2025-01-22 14:00:00,196,3295,0,5112,2013,0,False,0.138,0.06
2025-01-22 15:00:00,100,3651,0,5413,1862,0,False,0.138,0.06
2025-01-22 16:00:00,13,3305,20,18,0,3294,True,0.32,0.24
2025-01-22 17:00:00,0,3675,0,2291,138,1522,True,0.32,0.24
2025-01-22 18:00:00,0,3769,0,3929,160,0,True,0.32,0.24
2025-01-22 19:00:00,0,3533,0,3676,143,0,True,0.32,0.24
2025-01-22 20:00:00,0,4185,0,4336,151,0,False,0.138,0.06
2025-01-22 21:00:00,0,3398,0,3526,128,0,False,0.138,0.06
2025-01-22 22:00:00,0,2199,0,2255,56,0,False,0.138,0.06
2025-01-22 23:00:00,0,2615,0,2663,48,0,False,0.138,0.06
2025-01-23 00:00:00,0,3287,0,3365,78,0,False,0.138,0.06
2025-01-23 01:00:00,0,3457,0,3594,137,0,False,0.138,0.06
2025-01-23 02:00:00,0,3666,0,3714,48,0,False,0.138,0.06
2025-01-23 03:00:00,0,3119,0,3201,82,0,False,0.138,0.06
2025-01-23 04:00:00,0,3651,0,3735,84,0,False,0.138,0.06
2025-01-23 05:00:00,0,3342,0,3422,80,0,False,0.138,0.06
2025-01-23 06:00:00,0,3735,0,3902,168,1,False,0.138,0.06
2025-01-23 07:00:00,6,4340,0,4486,152,0,False,0.138,0.06
2025-01-23 08:00:00,69,3696,0,3794,167,0,False,0.138,0.06
2025-01-23 09:00:00,199,3419,0,3416,196,0,False,0.138,0.06
2025-01-23 10:00:00,714,6022,0,6002,694,0,False,0.138,0.06
2025-01-23 11:00:00,1390,4073,0,4060,1377,0,False,0.138,0.06
2025-01-23 12:00:00,1480,3069,0,3063,1474,0,False,0.138,0.06
2025-01-23 13:00:00,1429,2753,0,3211,1887,0,False,0.138,0.06
2025-01-23 14:00:00,556,2282,0,3877,2151,0,False,0.138,0.06
2025-01-23 15:00:00,212,2585,0,4521,2148,0,False,0.138,0.06
2025-01-23 16:00:00,45,3128,41,7,1,3118,True,0.32,0.24
2025-01-23 17:00:00,0,3013,2,15,0,3000,True,0.32,0.24
2025-01-23 18:00:00,0,3039,0,1556,155,1638,True,0.32,0.24
2025-01-23 19:00:00,0,3859,0,4021,162,0,True,0.32,0.24
2025-01-23 20:00:00,0,2988,0,3113,125,0,False,0.138,0.06
2025-01-23 21:00:00,0,3749,0,3785,36,0,False,0.138,0.06
2025-01-23 22:00:00,0,3188,0,3230,42,0,False,0.138,0.06
2025-01-23 23:00:00,0,3226,0,3305,79,0,False,0.138,0.06
2025-01-24 00:00:00,0,3152,0,3311,159,0,False,0.138,0.06
2025-01-24 01:00:00,0,2749,0,2845,96,0,False,0.138,0.06
2025-01-24 02:00:00,0,2583,0,2731,148,0,False,0.138,0.06
2025-01-24 03:00:00,0,3977,0,4062,85,0,False,0.138,0.06
2025-01-24 04:00:00,0,2610,0,2657,47,0,False,0.138,0.06
2025-01-24 05:00:00,0,3375,0,3448,73,0,False,0.138,0.06
2025-01-24 06:00:00,0,3214,0,3313,99,0,False,0.138,0.06
2025-01-24 07:00:00,26,3785,0,3859,100,0,False,0.138,0.06
2025-01-24 08:00:00,131,3855,0,3860,136,0,False,0.138,0.06
2025-01-24 09:00:00,324,3160,0,3147,311,0,False,0.138,0.06
2025-01-24 10:00:00,1109,3068,0,3036,1077,0,False,0.138,0.06
2025-01-24 11:00:00,1991,4243,0,4212,1960,0,False,0.138,0.06
2025-01-24 12:00:00,2437,5648,0,5358,2147,0,False,0.138,0.06
2025-01-24 13:00:00,1712,2442,0,3004,2274,0,False,0.138,0.06
2025-01-24 14:00:00,709,2145,0,3784,2348,0,False,0.138,0.06
2025-01-24 15:00:00,234,2484,0,3814,1564,0,False,0.138,0.06
2025-01-24 16:00:00,48,2385,43,14,2,2368,True,0.32,0.24
2025-01-24 17:00:00,0,2920,1,11,0,2910,True,0.32,0.24
2025-01-24 18:00:00,0,2669,0,23,0,2646,True,0.32,0.24
2025-01-24 19:00:00,0,3205,0,2034,8,1179,True,0.32,0.24
2025-01-24 20:00:00,0,3001,0,3001,0,0,False,0.138,0.06
2025-01-24 21:00:00,0,3168,0,3169,1,0,False,0.138,0.06
2025-01-24 22:00:00,0,3437,0,3527,90,0,False,0.138,0.06
2025-01-24 23:00:00,0,2719,0,2850,131,0,False,0.138,0.06
2025-01-25 00:00:00,0,2678,0,2812,134,0,False,0.138,0.06
2025-01-25 01:00:00,0,3383,0,3476,93,0,False,0.138,0.06
2025-01-25 02:00:00,0,2791,0,2867,76,0,False,0.138,0.06
2025-01-25 03:00:00,0,3540,0,3588,48,0,False,0.138,0.06
2025-01-25 04:00:00,0,4150,0,4230,80,0,False,0.138,0.06
2025-01-25 05:00:00,0,3665,0,3830,165,0,False,0.138,0.06
2025-01-25 06:00:00,0,3609,0,3680,71,0,False,0.138,0.06
2025-01-25 07:00:00,26,4120,0,4201,107,0,False,0.138,0.06
2025-01-25 08:00:00,149,3826,0,3821,144,0,False,0.138,0.06
2025-01-25 09:00:00,373,4703,0,4687,357,0,False,0.138,0.06
2025-01-25 10:00:00,1234,6329,0,6298,1203,0,False,0.138,0.06
2025-01-25 11:00:00,2230,4256,0,4089,2063,0,False,0.138,0.06
2025-01-25 12:00:00,2683,3350,0,2797,2130,0,False,0.138,0.06
2025-01-25 13:00:00,2249,2896,0,2782,2135,0,False,0.138,0.06
2025-01-25 14:00:00,733,2682,0,4120,2171,0,False,0.138,0.06
2025-01-25 15:00:00,243,2368,0,3593,1468,0,False,0.138,0.06
2025-01-25 16:00:00,33,2435,36,8,0,2430,True,0.32,0.24
2025-01-25 17:00:00,0,3382,3,19,0,3366,True,0.32,0.24
2025-01-25 18:00:00,0,2605,0,20,0,2585,True,0.32,0.24
2025-01-25 19:00:00,0,2709,0,2093,8,624,True,0.32,0.24
2025-01-25 20:00:00,0,3498,0,3498,0,0,False,0.138,0.06
2025-01-25 21:00:00,0,3108,0,3108,0,0,False,0.138,0.06
2025-01-25 22:00:00,0,1977,0,2044,67,0,False,0.138,0.06
2025-01-25 23:00:00,0,2389,0,2429,40,0,False,0.138,0.06
2025-01-26 00:00:00,0,2791,0,2895,104,0,False,0.138,0.06
2025-01-26 01:00:00,0,2651,0,2743,92,0,False,0.138,0.06
2025-01-26 02:00:00,0,2915,0,3050,135,0,False,0.138,0.06
2025-01-26 03:00:00,0,3125,0,3291,166,0,False,0.138,0.06
2025-01-26 04:00:00,0,3181,0,3311,130,0,False,0.138,0.06
2025-01-26 05:00:00,0,3068,0,3162,94,0,False,0.138,0.06
2025-01-26 06:00:00,0,3215,0,3319,104,0,False,0.138,0.06
2025-01-26 07:00:00,38,3760,0,3795,73,0,False,0.138,0.06
2025-01-26 08:00:00,202,3367,0,3350,185,0,False,0.138,0.06
2025-01-26 09:00:00,422,2936,0,2926,412,0,False,0.138,0.06
2025-01-26 10:00:00,1376,2457,0,2435,1354,0,False,0.138,0.06
2025-01-26 11:00:00,2328,2470,0,2468,2326,0,False,0.138,0.06
2025-01-26 12:00:00,2547,3355,0,3359,2551,0,False,0.138,0.06
2025-01-26 13:00:00,2142,2286,0,2905,2761,0,False,0.138,0.06
2025-01-26 14:00:00,930,2189,0,3532,2273,0,False,0.138,0.06
2025-01-26 15:00:00,512,2385,0,2229,356,0,False,0.138,0.06
2025-01-26 16:00:00,71,2270,66,6,2,2261,True,0.32,0.24
2025-01-26 17:00:00,0,2258,4,12,0,2250,True,0.32,0.24
2025-01-26 18:00:00,0,2393,1,17,0,2377,True,0.32,0.24
2025-01-26 19:00:00,0,2606,2,79,1,2530,True,0.32,0.24
2025-01-26 20:00:00,0,2838,0,2851,13,0,False,0.138,0.06
2025-01-26 21:00:00,0,2733,0,2739,6,0,False,0.138,0.06
2025-01-26 22:00:00,0,2999,0,3001,2,0,False,0.138,0.06
2025-01-26 23:00:00,0,1384,0,1455,71,0,False,0.138,0.06
2025-01-27 00:00:00,0,2855,0,2978,123,0,False,0.138,0.06
2025-01-27 01:00:00,0,2596,0,2692,96,0,False,0.138,0.06
2025-01-27 02:00:00,0,2772,0,2852,80,0,False,0.138,0.06
2025-01-27 03:00:00,0,2801,0,2939,138,0,False,0.138,0.06
2025-01-27 04:00:00,0,2536,0,2674,138,0,False,0.138,0.06
2025-01-27 05:00:00,0,3179,0,3301,122,0,False,0.138,0.06
2025-01-27 06:00:00,0,3294,0,3409,115,0,False,0.138,0.06
2025-01-27 07:00:00,141,3159,0,3188,170,0,False,0.138,0.06
2025-01-27 08:00:00,381,6364,0,6364,381,0,False,0.138,0.06
2025-01-27 09:00:00,927,2940,0,2926,913,0,False,0.138,0.06
2025-01-27 10:00:00,1900,2346,0,2279,1833,0,False,0.138,0.06
2025-01-27 11:00:00,2934,2274,0,1861,2521,0,False,0.138,0.06
2025-01-27 12:00:00,3353,4971,0,4675,3057,0,False,0.138,0.06
2025-01-27 13:00:00,2764,2214,0,2050,2600,0,False,0.138,0.06
2025-01-27 14:00:00,957,2586,0,2327,698,0,False,0.138,0.06
2025-01-27 15:00:00,397,2189,0,1887,95,0,False,0.138,0.06
2025-01-27 16:00:00,123,2192,99,0,0,2168,True,0.32,0.24
2025-01-27 17:00:00,0,2434,0,27,0,2407,True,0.32,0.24
2025-01-27 18:00:00,0,2430,7,11,0,2426,True,0.32,0.24
2025-01-27 19:00:00,0,2462,0,50,0,2412,True,0.32,0.24
2025-01-27 20:00:00,0,2543,0,2555,12,0,False,0.138,0.06
2025-01-27 21:00:00,0,2806,0,2808,2,0,False,0.138,0.06
2025-01-27 22:00:00,0,1595,0,1597,2,0,False,0.138,0.06
2025-01-27 23:00:00,0,1991,0,2060,69,0,False,0.138,0.06
2025-01-28 00:00:00,0,2258,0,2374,116,0,False,0.138,0.06
2025-01-28 01:00:00,0,2221,0,2275,54,0,False,0.138,0.06
2025-01-28 02:00:00,0,2272,0,2382,110,0,False,0.138,0.06
2025-01-28 03:00:00,0,2196,0,2237,41,0,False,0.138,0.06
2025-01-28 04:00:00,0,2160,0,2252,92,0,False,0.138,0.06
2025-01-28 05:00:00,0,2262,0,2368,106,0,False,0.138,0.06
2025-01-28 06:00:00,0,2451,0,2545,94,0,False,0.138,0.06
2025-01-28 07:00:00,155,2577,0,2596,174,0,False,0.138,0.06
2025-01-28 08:00:00,639,2823,0,2812,628,0,False,0.138,0.06
2025-01-28 09:00:00,1377,2256,0,2254,1375,0,False,0.138,0.06
2025-01-28 10:00:00,1253,2101,0,2105,1257,0,False,0.138,0.06
2025-01-28 11:00:00,3199,2307,0,2308,3200,0,False,0.138,0.06
2025-01-28 12:00:00,3833,2482,0,2438,3789,0,False,0.138,0.06
2025-01-28 13:00:00,3065,2351,0,939,1653,0,False,0.138,0.06
2025-01-28 14:00:00,1077,2392,0,1427,112,0,False,0.138,0.06
2025-01-28 15:00:00,458,2197,0,1861,122,0,False,0.138,0.06
2025-01-28 16:00:00,129,2425,103,3,0,2396,True,0.32,0.24
2025-01-28 17:00:00,0,2745,7,16,0,2736,True,0.32,0.24
2025-01-28 18:00:00,0,2540,0,25,0,2515,True,0.32,0.24
2025-01-28 19:00:00,0,3203,4,525,8,2690,True,0.32,0.24
2025-01-28 20:00:00,0,2386,0,2396,10,0,False,0.138,0.06
2025-01-28 21:00:00,0,2918,0,2927,9,0,False,0.138,0.06
2025-01-28 22:00:00,0,1788,0,1789,1,0,False,0.138,0.06
2025-01-28 23:00:00,0,3429,0,3528,99,0,False,0.138,0.06
2025-01-29 00:00:00,0,2651,0,2703,52,0,False,0.138,0.06
2025-01-29 01:00:00,0,2574,0,2678,104,0,False,0.138,0.06
2025-01-29 02:00:00,0,2746,0,2792,46,0,False,0.138,0.06
2025-01-29 03:00:00,0,2803,0,2939,136,0,False,0.138,0.06
2025-01-29 04:00:00,0,2751,0,3959,1208,0,False,0.138,0.06
2025-01-29 05:00:00,0,2842,0,5104,2262,0,False,0.138,0.06
2025-01-29 06:00:00,0,3096,0,6330,3234,0,False,0.138,0.06
2025-01-29 07:00:00,0,3203,0,6488,3285,0,False,0.138,0.06
2025-01-29 08:00:00,53,3147,0,5554,2460,0,False,0.138,0.06
2025-01-29 09:00:00,213,2800,0,3324,737,0,False,0.138,0.06
2025-01-29 10:00:00,287,2395,0,2188,80,0,False,0.138,0.06
2025-01-29 11:00:00,2056,2139,205,360,72,0,False,0.138,0.06
2025-01-29 12:00:00,2919,1700,1136,28,111,0,False,0.138,0.06
2025-01-29 13:00:00,1717,1713,334,387,57,0,False,0.138,0.06
2025-01-29 14:00:00,1230,4617,0,3524,137,0,False,0.138,0.06
2025-01-29 15:00:00,659,2134,0,1544,69,0,False,0.138,0.06
2025-01-29 16:00:00,140,1982,0,1884,42,0,True,0.32,0.24
2025-01-29 17:00:00,0,2506,0,2578,72,0,True,0.32,0.24
2025-01-29 18:00:00,0,2346,0,2398,52,0,True,0.32,0.24
2025-01-29 19:00:00,0,2845,0,2930,85,0,True,0.32,0.24
2025-01-29 20:00:00,0,1868,0,1949,81,0,False,0.138,0.06
2025-01-29 21:00:00,0,2406,0,2463,57,0,False,0.138,0.06
2025-01-29 22:00:00,0,2611,0,2678,67,0,False,0.138,0.06
2025-01-29 23:00:00,0,1391,0,1407,16,0,False,0.138,0.06
2025-01-30 00:00:00,0,2634,0,2636,2,0,False,0.138,0.06
2025-01-30 01:00:00,0,2579,0,2593,14,0,False,0.138,0.06
2025-01-30 02:00:00,0,2713,0,2725,12,0,False,0.138,0.06
2025-01-30 03:00:00,0,2418,0,2430,12,0,False,0.138,0.06
2025-01-30 04:00:00,0,2775,0,2785,10,0,False,0.138,0.06
2025-01-30 05:00:00,0,2751,0,2765,14,0,False,0.138,0.06
2025-01-30 06:00:00,0,3413,0,3423,10,0,False,0.138,0.06
2025-01-30 07:00:00,352,3404,0,3388,336,0,False,0.138,0.06
2025-01-30 08:00:00,764,3652,0,3010,122,0,False,0.138,0.06
2025-01-30 09:00:00,1876,3714,0,1922,84,0,False,0.138,0.06
2025-01-30 10:00:00,3185,2598,667,150,70,0,False,0.138,0.06
2025-01-30 11:00:00,4162,2571,1530,0,61,0,False,0.138,0.06
2025-01-30 12:00:00,4196,4751,384,1016,77,0,False,0.138,0.06
2025-01-30 13:00:00,3300,2314,932,7,61,0,False,0.138,0.06
2025-01-30 14:00:00,1193,2332,0,1197,58,0,False,0.138,0.06
2025-01-30 15:00:00,510,2397,0,1953,66,0,False,0.138,0.06
2025-01-30 16:00:00,148,2487,95,0,0,2434,True,0.32,0.24
2025-01-30 17:00:00,0,2965,0,20,0,2945,True,0.32,0.24
2025-01-30 18:00:00,0,2683,10,8,0,2685,True,0.32,0.24
2025-01-30 19:00:00,0,3263,8,811,9,2469,True,0.32,0.24
2025-01-30 20:00:00,0,3091,0,3098,7,0,False,0.138,0.06
2025-01-30 21:00:00,0,3287,0,3289,2,0,False,0.138,0.06
2025-01-30 22:00:00,0,2573,0,2611,38,0,False,0.138,0.06
2025-01-30 23:00:00,0,1869,0,1990,121,0,False,0.138,0.06
2025-01-31 00:00:00,0,2653,0,2745,92,0,False,0.138,0.06
2025-01-31 01:00:00,0,2664,0,2796,132,0,False,0.138,0.06
2025-01-31 02:00:00,0,2397,0,2536,139,0,False,0.138,0.06
2025-01-31 03:00:00,0,2478,0,2618,140,0,False,0.138,0.06
2025-01-31 04:00:00,0,2452,0,2552,100,0,False,0.138,0.06
2025-01-31 05:00:00,0,2269,0,2406,137,0,False,0.138,0.06
2025-01-31 06:00:00,0,2848,0,2984,136,0,False,0.138,0.06
2025-01-31 07:00:00,67,2734,0,2806,139,0,False,0.138,0.06
2025-01-31 08:00:00,608,2808,0,2809,609,0,False,0.138,0.06
2025-01-31 09:00:00,651,2749,0,2772,674,0,False,0.138,0.06
2025-01-31 10:00:00,1019,2303,0,2321,1037,0,False,0.138,0.06
2025-01-31 11:00:00,717,2296,0,2310,731,0,False,0.138,0.06
2025-01-31 12:00:00,538,2308,0,2324,554,0,False,0.138,0.06
2025-01-31 13:00:00,471,2207,0,3890,2154,0,False,0.138,0.06
2025-01-31 14:00:00,282,2305,0,6351,4328,0,False,0.138,0.06
2025-01-31 15:00:00,163,2277,0,5199,3085,0,False,0.138,0.06
2025-01-31 16:00:00,17,2233,5,3,2,2220,True,0.32,0.24
2025-01-31 17:00:00,0,2839,7,11,0,2835,True,0.32,0.24
2025-01-31 18:00:00,0,2844,3,7,0,2840,True,0.32,0.24
2025-01-31 19:00:00,0,2785,0,208,4,2581,True,0.32,0.24
2025-01-31 20:00:00,0,1287,0,1305,18,0,False,0.138,0.06
2025-01-31 21:00:00,0,1731,0,1731,0,0,False,0.138,0.06
2025-01-31 22:00:00,0,2868,0,2868,0,0,False,0.138,0.06
2025-01-31 23:00:00,0,1699,0,1781,82,0,False,0.138,0.06
2025-02-01 00:00:00,0,1300,0,1448,148,0,False,0.138,0.06
2025-02-01 01:00:00,0,2274,0,2363,89,0,False,0.138,0.06
2025-02-01 02:00:00,0,1732,0,1812,80,0,False,0.138,0.06
2025-02-01 03:00:00,0,2106,0,2252,146,0,False,0.138,0.06
2025-02-01 04:00:00,0,2429,0,2517,88,0,False,0.138,0.06
2025-02-01 05:00:00,0,2018,0,2160,142,0,False,0.138,0.06
2025-02-01 06:00:00,0,2669,0,2813,144,0,False,0.138,0.06
2025-02-01 07:00:00,6,2650,0,2728,84,0,False,0.138,0.06
2025-02-01 08:00:00,141,2612,0,2658,187,0,False,0.138,0.06
2025-02-01 09:00:00,153,5437,0,5445,161,0,False,0.138,0.06
2025-02-01 10:00:00,563,2542,0,2546,567,0,False,0.138,0.06
2025-02-01 11:00:00,830,2576,0,2598,852,0,False,0.138,0.06
2025-02-01 12:00:00,872,2795,0,2808,885,0,False,0.138,0.06
2025-02-01 13:00:00,1386,3618,0,4536,2304,0,False,0.138,0.06
2025-02-01 14:00:00,1085,3928,0,6517,3674,0,False,0.138,0.06
2025-02-01 15:00:00,498,2827,0,5420,3091,0,False,0.138,0.06
2025-02-01 16:00:00,147,2540,125,0,6,2524,True,0.32,0.24
2025-02-01 17:00:00,0,2972,5,22,0,2955,True,0.32,0.24
2025-02-01 18:00:00,0,2983,1,18,0,2966,True,0.32,0.24
2025-02-01 19:00:00,0,3364,0,2621,14,757,True,0.32,0.24
2025-02-01 20:00:00,0,3189,0,3191,2,0,False,0.138,0.06
2025-02-01 21:00:00,0,3874,0,3882,8,0,False,0.138,0.06
2025-02-01 22:00:00,0,3202,0,3316,114,0,False,0.138,0.06
2025-02-01 23:00:00,0,2561,0,2664,103,0,False,0.138,0.06
2025-02-02 00:00:00,0,3352,0,3441,89,0,False,0.138,0.06
2025-02-02 01:00:00,0,3354,0,3506,152,0,False,0.138,0.06
2025-02-02 02:00:00,0,3882,0,3978,96,0,False,0.138,0.06
2025-02-02 03:00:00,0,3579,0,3635,56,0,False,0.138,0.06
2025-02-02 04:00:00,0,3824,0,3908,84,0,False,0.138,0.06
2025-02-02 05:00:00,0,4034,0,4114,80,0,False,0.138,0.06
2025-02-02 06:00:00,0,4210,0,4357,147,0,False,0.138,0.06
2025-02-02 07:00:00,398,4927,0,4923,394,0,False,0.138,0.06
2025-02-02 08:00:00,816,3670,0,3693,839,0,False,0.138,0.06
2025-02-02 09:00:00,2002,3878,0,3702,1826,0,False,0.138,0.06
2025-02-02 10:00:00,2835,6176,0,5421,2080,0,False,0.138,0.06
2025-02-02 11:00:00,2650,4284,0,3730,2096,0,False,0.138,0.06
2025-02-02 12:00:00,2723,3323,0,2649,2049,0,False,0.138,0.06
2025-02-02 13:00:00,2402,3374,0,2843,1871,0,False,0.138,0.06
2025-02-02 14:00:00,1667,3145,0,2995,1517,0,False,0.138,0.06
2025-02-02 15:00:00,778,2956,0,2915,737,0,False,0.138,0.06
2025-02-02 16:00:00,153,2835,98,1,0,2779,True,0.32,0.24
2025-02-02 17:00:00,0,2876,0,27,0,2849,True,0.32,0.24
2025-02-02 18:00:00,0,3091,3,9,0,3085,True,0.32,0.24
2025-02-02 19:00:00,0,3119,0,1398,12,1733,True,0.32,0.24
2025-02-02 20:00:00,0,3815,0,3817,2,0,False,0.138,0.06
2025-02-02 21:00:00,0,3144,0,3148,4,0,False,0.138,0.06
2025-02-02 22:00:00,0,2206,0,2276,70,0,False,0.138,0.06
2025-02-02 23:00:00,0,1824,0,1860,36,0,False,0.138,0.06
2025-02-03 00:00:00,0,2779,0,2816,37,0,False,0.138,0.06
2025-02-03 01:00:00,0,2704,0,2802,98,0,False,0.138,0.06
2025-02-03 02:00:00,0,3113,0,3213,100,0,False,0.138,0.06
2025-02-03 03:00:00,0,2661,0,2845,184,0,False,0.138,0.06
2025-02-03 04:00:00,0,2623,0,2683,60,0,False,0.138,0.06
2025-02-03 05:00:00,0,2780,0,2870,90,0,False,0.138,0.06
2025-02-03 06:00:00,0,2951,0,2989,38,0,False,0.138,0.06
2025-02-03 07:00:00,0,2603,0,2733,130,0,False,0.138,0.06
2025-02-03 08:00:00,17,2944,0,3056,129,0,False,0.138,0.06
2025-02-03 09:00:00,431,2982,0,2973,422,0,False,0.138,0.06
2025-02-03 10:00:00,1283,2577,0,2587,1293,0,False,0.138,0.06
2025-02-03 11:00:00,2644,2514,0,2513,2643,0,False,0.138,0.06
2025-02-03 12:00:00,3120,5212,0,5225,3133,0,False,0.138,0.06
2025-02-03 13:00:00,2335,2533,0,3537,3339,0,False,0.138,0.06
2025-02-03 14:00:00,1534,1633,0,2427,2328,0,False,0.138,0.06
2025-02-03 15:00:00,841,1379,131,830,161,0,False,0.138,0.06
2025-02-03 16:00:00,157,2009,116,0,0,1968,True,0.32,0.24
2025-02-03 17:00:00,0,2311,7,12,0,2306,True,0.32,0.24
2025-02-03 18:00:00,0,2002,0,15,0,1987,True,0.32,0.24
2025-02-03 19:00:00,0,2707,12,23,0,2696,True,0.32,0.24
2025-02-03 20:00:00,0,2549,0,2532,44,61,False,0.138,0.06
2025-02-03 21:00:00,0,2505,0,2505,0,0,False,0.138,0.06
2025-02-03 22:00:00,0,1770,0,1772,2,0,False,0.138,0.06
2025-02-03 23:00:00,0,675,0,675,0,0,False,0.138,0.06
2025-02-04 00:00:00,0,1270,0,1270,0,0,False,0.138,0.06
2025-02-04 01:00:00,0,1723,0,1731,8,0,False,0.138,0.06
2025-02-04 02:00:00,0,1658,0,1668,10,0,False,0.138,0.06
2025-02-04 03:00:00,0,1181,0,1189,8,0,False,0.138,0.06
2025-02-04 04:00:00,0,2019,0,2029,10,0,False,0.138,0.06
2025-02-04 05:00:00,0,1443,0,1459,16,0,False,0.138,0.06
2025-02-04 06:00:00,0,2611,0,2621,10,0,False,0.138,0.06
2025-02-04 07:00:00,388,2252,0,2233,369,0,False,0.138,0.06
2025-02-04 08:00:00,780,2537,0,2550,793,0,False,0.138,0.06
2025-02-04 09:00:00,1727,3806,0,3816,1737,0,False,0.138,0.06
2025-02-04 10:00:00,2934,3656,0,3665,2943,0,False,0.138,0.06
2025-02-04 11:00:00,3942,1936,0,1913,3919,0,False,0.138,0.06
2025-02-04 12:00:00,3655,1833,609,884,2097,0,False,0.138,0.06
2025-02-04 13:00:00,2923,1577,1212,0,134,0,False,0.138,0.06
2025-02-04 14:00:00,1502,1506,409,515,102,0,False,0.138,0.06
2025-02-04 15:00:00,502,2212,0,1839,129,0,False,0.138,0.06
2025-02-04 16:00:00,189,1873,30,362,42,1394,True,0.32,0.24
2025-02-04 17:00:00,0,2523,0,12,0,2511,True,0.32,0.24
2025-02-04 18:00:00,0,2345,5,9,0,2341,True,0.32,0.24
2025-02-04 19:00:00,0,2999,0,32,0,2967,True,0.32,0.24
2025-02-04 20:00:00,0,3164,0,3050,29,143,False,0.138,0.06
2025-02-04 21:00:00,0,3807,0,3809,2,0,False,0.138,0.06
2025-02-04 22:00:00,0,2222,0,2222,0,0,False,0.138,0.06
2025-02-04 23:00:00,0,2335,0,2335,0,0,False,0.138,0.06
2025-02-05 00:00:00,0,3059,0,3059,0,0,False,0.138,0.06
2025-02-05 01:00:00,0,2772,0,2788,16,0,False,0.138,0.06
2025-02-05 02:00:00,0,2966,0,2978,12,0,False,0.138,0.06
2025-02-05 03:00:00,0,2786,0,2798,12,0,False,0.138,0.06
2025-02-05 04:00:00,0,2885,0,2895,10,0,False,0.138,0.06
2025-02-05 05:00:00,0,2890,0,2904,14,0,False,0.138,0.06
2025-02-05 06:00:00,0,2867,0,2876,9,0,False,0.138,0.06
2025-02-05 07:00:00,428,3041,0,3034,421,0,False,0.138,0.06
2025-02-05 08:00:00,857,3510,0,3534,881,0,False,0.138,0.06
2025-02-05 09:00:00,2138,7002,0,6881,2017,0,False,0.138,0.06
2025-02-05 10:00:00,3522,4433,0,3146,2235,0,False,0.138,0.06
2025-02-05 11:00:00,4441,3941,0,1744,2244,0,False,0.138,0.06
2025-02-05 12:00:00,4450,3189,0,925,2186,0,False,0.138,0.06
2025-02-05 13:00:00,3601,2558,0,741,1784,0,False,0.138,0.06
2025-02-05 14:00:00,1465,3096,0,2282,651,0,False,0.138,0.06
2025-02-05 15:00:00,629,2866,0,2329,92,0,False,0.138,0.06
2025-02-05 16:00:00,196,2551,156,0,4,2515,True,0.32,0.24
2025-02-05 17:00:00,0,3127,1,18,0,3110,True,0.32,0.24
2025-02-05 18:00:00,0,3094,22,9,0,3107,True,0.32,0.24
2025-02-05 19:00:00,0,3389,2,1553,10,1848,True,0.32,0.24
2025-02-05 20:00:00,0,3606,0,3606,0,0,False,0.138,0.06
2025-02-05 21:00:00,0,3618,0,3618,0,0,False,0.138,0.06
2025-02-05 22:00:00,0,3442,0,4094,652,0,False,0.138,0.06
2025-02-05 23:00:00,0,3460,0,5664,2204,0,False,0.138,0.06
2025-02-06 00:00:00,0,2571,0,4789,2218,0,False,0.138,0.06
2025-02-06 01:00:00,0,3119,0,5351,2232,0,False,0.138,0.06
2025-02-06 02:00:00,0,3349,0,5588,2239,0,False,0.138,0.06
2025-02-06 03:00:00,0,3282,0,5413,2131,0,False,0.138,0.06
2025-02-06 04:00:00,0,3569,0,5061,1492,0,False,0.138,0.06
2025-02-06 05:00:00,0,3176,0,3681,505,0,False,0.138,0.06
2025-02-06 06:00:00,0,3431,0,3459,28,0,False,0.138,0.06
2025-02-06 07:00:00,18,3043,0,3132,107,0,False,0.138,0.06
2025-02-06 08:00:00,191,2584,0,2479,86,0,False,0.138,0.06
2025-02-06 09:00:00,90,3280,0,3292,102,0,False,0.138,0.06
2025-02-06 10:00:00,65,3068,0,3098,95,0,False,0.138,0.06
2025-02-06 11:00:00,80,3246,0,3314,146,0,False,0.138,0.06
2025-02-06 12:00:00,152,3985,0,3907,74,0,False,0.138,0.06
2025-02-06 13:00:00,400,3447,0,3139,92,0,False,0.138,0.06
2025-02-06 14:00:00,275,4086,0,3904,93,0,False,0.138,0.06
2025-02-06 15:00:00,220,2812,0,2660,68,0,False,0.138,0.06
2025-02-06 16:00:00,77,2826,21,269,20,2521,True,0.32,0.24
2025-02-06 17:00:00,0,3125,10,23,0,3112,True,0.32,0.24
2025-02-06 18:00:00,0,2979,9,6,0,2982,True,0.32,0.24
2025-02-06 19:00:00,0,2993,0,972,12,2033,True,0.32,0.24
2025-02-06 20:00:00,2,4789,0,4784,0,3,False,0.138,0.06
2025-02-06 21:00:00,0,7851,0,7851,0,0,False,0.138,0.06
2025-02-06 22:00:00,0,2738,0,2806,68,0,False,0.138,0.06
2025-02-06 23:00:00,0,1696,0,1767,71,0,False,0.138,0.06
2025-02-07 00:00:00,0,2551,0,2650,99,0,False,0.138,0.06
2025-02-07 01:00:00,0,2346,0,2392,46,0,False,0.138,0.06
2025-02-07 02:00:00,0,2091,0,2135,44,0,False,0.138,0.06
2025-02-07 03:00:00,0,2499,0,2597,98,0,False,0.138,0.06
2025-02-07 04:00:00,0,2377,0,2522,145,0,False,0.138,0.06
2025-02-07 05:00:00,0,2341,0,2454,113,0,False,0.138,0.06
2025-02-07 06:00:00,0,2532,0,2704,172,0,False,0.138,0.06
2025-02-07 07:00:00,170,2522,0,2523,171,0,False,0.138,0.06
2025-02-07 08:00:00,913,2499,0,2510,924,0,False,0.138,0.06
2025-02-07 09:00:00,1027,2448,0,2471,1050,0,False,0.138,0.06
2025-02-07 10:00:00,2261,3169,0,3132,2224,0,False,0.138,0.06
2025-02-07 11:00:00,3674,2235,0,2195,3634,0,False,0.138,0.06
2025-02-07 12:00:00,4390,2285,0,2004,4109,0,False,0.138,0.06
2025-02-07 13:00:00,2821,2495,45,903,1184,0,False,0.138,0.06
2025-02-07 14:00:00,1599,2635,0,1197,161,0,False,0.138,0.06
2025-02-07 15:00:00,687,2203,0,1663,147,0,False,0.138,0.06
2025-02-07 16:00:00,233,2574,218,0,1,2560,True,0.32,0.24
2025-02-07 17:00:00,2,2265,3,13,0,2253,True,0.32,0.24
2025-02-07 18:00:00,0,2575,6,6,0,2575,True,0.32,0.24
2025-02-07 19:00:00,0,2642,0,14,0,2628,True,0.32,0.24
2025-02-07 20:00:00,0,3740,0,3709,30,61,False,0.138,0.06
2025-02-07 21:00:00,0,6307,0,6308,1,0,False,0.138,0.06
2025-02-07 22:00:00,0,2550,0,2550,0,0,False,0.138,0.06
2025-02-07 23:00:00,0,1882,0,1882,0,0,False,0.138,0.06
2025-02-08 00:00:00,0,2580,0,2580,0,0,False,0.138,0.06
2025-02-08 01:00:00,0,2924,0,2932,8,0,False,0.138,0.06
2025-02-08 02:00:00,0,2983,0,2995,12,0,False,0.138,0.06
2025-02-08 03:00:00,0,2756,0,3895,1139,0,False,0.138,0.06
2025-02-08 04:00:00,0,3206,0,5419,2213,0,False,0.138,0.06
2025-02-08 05:00:00,0,2940,0,5257,2317,0,False,0.138,0.06
2025-02-08 06:00:00,0,3163,0,5852,2689,0,False,0.138,0.06
2025-02-08 07:00:00,450,3801,0,5823,2472,0,False,0.138,0.06
2025-02-08 08:00:00,948,3395,0,4144,1697,0,False,0.138,0.06
2025-02-08 09:00:00,2116,2734,0,1281,663,0,False,0.138,0.06
2025-02-08 10:00:00,3392,2380,955,0,57,0,False,0.138,0.06
2025-02-08 11:00:00,4016,2939,955,0,122,0,False,0.138,0.06
2025-02-08 12:00:00,3973,2433,1436,0,104,0,False,0.138,0.06
2025-02-08 13:00:00,3088,2541,500,88,135,0,False,0.138,0.06
2025-02-08 14:00:00,1855,2352,0,595,98,0,False,0.138,0.06
2025-02-08 15:00:00,1043,2322,0,1417,138,0,False,0.138,0.06
2025-02-08 16:00:00,285,2210,0,2036,111,0,True,0.32,0.24
2025-02-08 17:00:00,0,2288,0,2414,126,0,True,0.32,0.24
2025-02-08 18:00:00,0,2564,0,2682,118,0,True,0.32,0.24
2025-02-08 19:00:00,0,2553,0,2661,108,0,True,0.32,0.24
2025-02-08 20:00:00,0,3596,0,3697,101,0,False,0.138,0.06
2025-02-08 21:00:00,0,3216,0,3321,105,0,False,0.138,0.06
2025-02-08 22:00:00,0,2009,0,2102,93,0,False,0.138,0.06
2025-02-08 23:00:00,0,1725,0,1826,101,0,False,0.138,0.06
2025-02-09 00:00:00,0,1539,0,1617,78,0,False,0.138,0.06
2025-02-09 01:00:00,0,2501,0,2597,96,0,False,0.138,0.06
2025-02-09 02:00:00,0,2566,0,2673,107,0,False,0.138,0.06
2025-02-09 03:00:00,0,2496,0,2594,98,0,False,0.138,0.06
2025-02-09 04:00:00,0,2717,0,2809,92,0,False,0.138,0.06
2025-02-09 05:00:00,0,2644,0,2722,78,0,False,0.138,0.06
2025-02-09 06:00:00,0,2966,0,3054,88,0,False,0.138,0.06
2025-02-09 07:00:00,0,3250,0,3351,101,0,False,0.138,0.06
2025-02-09 08:00:00,0,3655,0,3740,85,0,False,0.138,0.06
2025-02-09 09:00:00,0,2772,0,2852,80,0,False,0.138,0.06
2025-02-09 10:00:00,172,2587,0,2497,82,0,False,0.138,0.06
2025-02-09 11:00:00,468,2650,0,2263,81,0,False,0.138,0.06
2025-02-09 12:00:00,686,2290,0,1703,99,0,False,0.138,0.06
2025-02-09 13:00:00,721,5387,0,4735,69,0,False,0.138,0.06
2025-02-09 14:00:00,505,2523,0,2092,74,0,False,0.138,0.06
2025-02-09 15:00:00,301,2540,0,2375,136,0,False,0.138,0.06
2025-02-09 16:00:00,69,2251,60,2,0,2240,True,0.32,0.24
2025-02-09 17:00:00,0,2470,3,9,0,2464,True,0.32,0.24
2025-02-09 18:00:00,0,2388,4,8,0,2384,True,0.32,0.24
2025-02-09 19:00:00,0,2636,0,22,0,2614,True,0.32,0.24
2025-02-09 20:00:00,0,3867,0,3830,35,72,False,0.138,0.06
2025-02-09 21:00:00,0,3811,0,3812,1,0,False,0.138,0.06
2025-02-09 22:00:00,0,3276,0,3276,0,0,False,0.138,0.06
2025-02-09 23:00:00,0,1717,0,1717,0,0,False,0.138,0.06
2025-02-10 00:00:00,0,1982,0,1982,0,0,False,0.138,0.06
2025-02-10 01:00:00,0,2427,0,2437,10,0,False,0.138,0.06
2025-02-10 02:00:00,0,2631,0,2645,14,0,False,0.138,0.06
2025-02-10 03:00:00,0,2795,0,2809,14,0,False,0.138,0.06
2025-02-10 04:00:00,0,2576,0,2588,12,0,False,0.138,0.06
2025-02-10 05:00:00,0,2497,0,2511,14,0,False,0.138,0.06
2025-02-10 06:00:00,0,3031,0,3043,12,0,False,0.138,0.06
2025-02-10 07:00:00,126,3071,0,3052,107,0,False,0.138,0.06
2025-02-10 08:00:00,214,5484,0,5482,212,0,False,0.138,0.06
2025-02-10 09:00:00,362,5712,0,5720,370,0,False,0.138,0.06
2025-02-10 10:00:00,1193,6240,0,6234,1187,0,False,0.138,0.06
2025-02-10 11:00:00,1002,3023,0,3029,1008,0,False,0.138,0.06
2025-02-10 12:00:00,668,3437,0,3463,694,0,False,0.138,0.06
2025-02-10 13:00:00,588,3429,0,4871,2030,0,False,0.138,0.06
2025-02-10 14:00:00,273,2512,0,4062,1823,0,False,0.138,0.06
2025-02-10 15:00:00,805,8546,0,12217,4476,0,False,0.138,0.06
2025-02-10 16:00:00,156,2420,142,0,3,2409,True,0.32,0.24
2025-02-10 17:00:00,0,2628,5,12,0,2621,True,0.32,0.24
2025-02-10 18:00:00,0,2753,11,3,0,2761,True,0.32,0.24
2025-02-10 19:00:00,0,2782,1,925,10,1868,True,0.32,0.24
2025-02-10 20:00:00,0,5971,0,5972,1,0,False,0.138,0.06
2025-02-10 21:00:00,1,4224,0,4223,0,0,False,0.138,0.06
2025-02-10 22:00:00,0,2877,0,2929,52,0,False,0.138,0.06
2025-02-10 23:00:00,0,1922,0,1974,52,0,False,0.138,0.06
2025-02-11 00:00:00,0,1371,0,1441,70,0,False,0.138,0.06
2025-02-11 01:00:00,0,3225,0,3313,88,0,False,0.138,0.06
2025-02-11 02:00:00,0,2817,0,2931,114,0,False,0.138,0.06
2025-02-11 03:00:00,0,3226,0,3362,136,0,False,0.138,0.06
2025-02-11 04:00:00,0,3087,0,3255,168,0,False,0.138,0.06
2025-02-11 05:00:00,0,3004,0,3102,98,0,False,0.138,0.06
2025-02-11 06:00:00,0,3663,0,3759,96,0,False,0.138,0.06
2025-02-11 07:00:00,176,2933,0,2968,211,0,False,0.138,0.06
2025-02-11 08:00:00,492,3465,0,3479,506,0,False,0.138,0.06
2025-02-11 09:00:00,859,3746,0,3769,882,0,False,0.138,0.06
2025-02-11 10:00:00,1324,4183,0,4194,1335,0,False,0.138,0.06
2025-02-11 11:00:00,1615,4143,0,4154,1626,0,False,0.138,0.06
2025-02-11 12:00:00,1742,2847,0,2866,1761,0,False,0.138,0.06
2025-02-11 13:00:00,1530,3331,0,4105,2304,0,False,0.138,0.06
2025-02-11 14:00:00,1044,5389,0,7247,2902,0,False,0.138,0.06
2025-02-11 15:00:00,557,3137,0,4480,1900,0,False,0.138,0.06
2025-02-11 16:00:00,138,2567,121,0,4,2554,True,0.32,0.24
2025-02-11 17:00:00,0,3391,6,1,0,3396,True,0.32,0.24
2025-02-11 18:00:00,0,3060,5,18,0,3047,True,0.32,0.24
2025-02-11 19:00:00,0,2955,4,1496,14,1477,True,0.32,0.24
2025-02-11 20:00:00,0,4006,0,4006,0,0,False,0.138,0.06
2025-02-11 21:00:00,1,4733,0,4732,0,0,False,0.138,0.06
2025-02-11 22:00:00,0,2850,0,2917,67,0,False,0.138,0.06
2025-02-11 23:00:00,0,2629,0,2700,71,0,False,0.138,0.06
2025-02-12 00:00:00,0,2202,0,2274,72,0,False,0.138,0.06
2025-02-12 01:00:00,0,2414,0,2551,137,0,False,0.138,0.06
2025-02-12 02:00:00,0,2277,0,2353,76,0,False,0.138,0.06
2025-02-12 03:00:00,0,2437,0,2493,56,0,False,0.138,0.06
2025-02-12 04:00:00,0,2538,0,2682,144,0,False,0.138,0.06
2025-02-12 05:00:00,0,2909,0,2953,44,0,False,0.138,0.06
2025-02-12 06:00:00,0,2526,0,2617,91,0,False,0.138,0.06
2025-02-12 07:00:00,138,3242,0,3255,151,0,False,0.138,0.06
2025-02-12 08:00:00,503,3485,0,3502,520,0,False,0.138,0.06
2025-02-12 09:00:00,878,2426,0,2462,914,0,False,0.138,0.06
2025-02-12 10:00:00,601,2246,0,2273,628,0,False,0.138,0.06
2025-02-12 11:00:00,687,2347,0,2363,703,0,False,0.138,0.06
2025-02-12 12:00:00,356,2901,0,2927,382,0,False,0.138,0.06
2025-02-12 13:00:00,286,3572,0,5145,1859,0,False,0.138,0.06
2025-02-12 14:00:00,248,3189,0,6662,3721,0,False,0.138,0.06
2025-02-12 15:00:00,122,2712,0,5806,3216,0,False,0.138,0.06
2025-02-12 16:00:00,23,2363,14,5,1,2350,True,0.32,0.24
2025-02-12 17:00:00,0,2758,5,8,0,2755,True,0.32,0.24
2025-02-12 18:00:00,0,2955,9,3,0,2961,True,0.32,0.24
2025-02-12 19:00:00,0,3112,0,1813,13,1312,True,0.32,0.24
2025-02-12 20:00:00,0,3009,0,3009,0,0,False,0.138,0.06
2025-02-12 21:00:00,0,6823,0,6823,0,0,False,0.138,0.06
2025-02-12 22:00:00,0,1660,0,1733,74,1,False,0.138,0.06
2025-02-12 23:00:00,0,1686,0,1754,68,0,False,0.138,0.06
2025-02-13 00:00:00,0,1165,0,1243,78,0,False,0.138,0.06
2025-02-13 01:00:00,0,2107,0,2193,86,0,False,0.138,0.06
2025-02-13 02:00:00,0,2622,0,2741,119,0,False,0.138,0.06
2025-02-13 03:00:00,0,2652,0,2832,180,0,False,0.138,0.06
2025-02-13 04:00:00,0,2711,0,2857,146,0,False,0.138,0.06
2025-02-13 05:00:00,0,2482,0,2510,28,0,False,0.138,0.06
2025-02-13 06:00:00,0,2529,0,2609,80,0,False,0.138,0.06
2025-02-13 07:00:00,0,2244,0,2339,95,0,False,0.138,0.06
2025-02-13 08:00:00,67,2790,0,2784,61,0,False,0.138,0.06
2025-02-13 09:00:00,307,2838,0,2850,319,0,False,0.138,0.06
2025-02-13 10:00:00,501,3305,0,3320,516,0,False,0.138,0.06
2025-02-13 11:00:00,618,3433,0,3458,643,0,False,0.138,0.06
2025-02-13 12:00:00,559,3081,0,4532,2010,0,False,0.138,0.06
2025-02-13 13:00:00,658,4913,0,9155,4900,0,False,0.138,0.06
2025-02-13 14:00:00,1203,3554,0,6705,4354,0,False,0.138,0.06
2025-02-13 15:00:00,715,2593,0,2371,493,0,False,0.138,0.06
2025-02-13 16:00:00,159,2260,115,0,15,2231,True,0.32,0.24
2025-02-13 17:00:00,1,1425,6,20,0,1410,True,0.32,0.24
2025-02-13 18:00:00,0,2278,5,17,0,2266,True,0.32,0.24
2025-02-13 19:00:00,0,2853,7,5,0,2855,True,0.32,0.24
2025-02-13 20:00:00,0,3431,0,3396,37,72,False,0.138,0.06
2025-02-13 21:00:00,0,2877,0,2880,3,0,False,0.138,0.06
2025-02-13 22:00:00,0,2518,0,2523,5,0,False,0.138,0.06
2025-02-13 23:00:00,0,1634,0,1635,1,0,False,0.138,0.06
2025-02-14 00:00:00,0,2282,0,2284,2,0,False,0.138,0.06
2025-02-14 01:00:00,0,2591,0,2599,8,0,False,0.138,0.06
2025-02-14 02:00:00,0,2429,0,2435,6,0,False,0.138,0.06
2025-02-14 03:00:00,0,2244,0,2259,15,0,False,0.138,0.06
2025-02-14 04:00:00,0,2898,0,2911,13,0,False,0.138,0.06
2025-02-14 05:00:00,0,2501,0,2518,17,0,False,0.138,0.06
2025-02-14 06:00:00,0,2797,0,2807,10,0,False,0.138,0.06
2025-02-14 07:00:00,392,3075,0,3065,382,0,False,0.138,0.06
2025-02-14 08:00:00,711,2921,0,2941,731,0,False,0.138,0.06
2025-02-14 09:00:00,1696,2995,0,3009,1710,0,False,0.138,0.06
2025-02-14 10:00:00,2879,3710,0,3691,2860,0,False,0.138,0.06
2025-02-14 11:00:00,3719,3189,0,2701,3231,0,False,0.138,0.06
2025-02-14 12:00:00,4010,3222,0,1655,2443,0,False,0.138,0.06
2025-02-14 13:00:00,3607,3020,420,310,477,0,False,0.138,0.06
2025-02-14 14:00:00,1881,3350,0,1613,144,0,False,0.138,0.06
2025-02-14 15:00:00,860,2180,0,1426,106,0,False,0.138,0.06
2025-02-14 16:00:00,270,1681,264,0,0,1675,True,0.32,0.24
2025-02-14 17:00:00,6,3357,10,17,0,3344,True,0.32,0.24
2025-02-14 18:00:00,0,2797,3,18,0,2782,True,0.32,0.24
2025-02-14 19:00:00,0,3293,1,450,4,2848,True,0.32,0.24
2025-02-14 20:00:00,0,3165,0,3170,6,1,False,0.138,0.06
2025-02-14 21:00:00,2,3704,0,3700,1,3,False,0.138,0.06
2025-02-14 22:00:00,0,2582,0,2583,1,0,False,0.138,0.06
2025-02-14 23:00:00,0,2635,0,2730,95,0,False,0.138,0.06
2025-02-15 00:00:00,0,1945,0,2033,88,0,False,0.138,0.06
2025-02-15 01:00:00,0,3594,0,3640,46,0,False,0.138,0.06
2025-02-15 02:00:00,0,3108,0,3215,107,0,False,0.138,0.06
2025-02-15 03:00:00,0,3289,0,4593,1304,0,False,0.138,0.06
2025-02-15 04:00:00,0,3024,0,5240,2216,0,False,0.138,0.06
2025-02-15 05:00:00,0,3434,0,5661,2227,0,False,0.138,0.06
2025-02-15 06:00:00,2,2965,0,5287,2324,0,False,0.138,0.06
2025-02-15 07:00:00,414,3177,0,5199,2436,0,False,0.138,0.06
2025-02-15 08:00:00,949,3749,0,4890,2090,0,False,0.138,0.06
2025-02-15 09:00:00,1907,2607,0,1738,1038,0,False,0.138,0.06
2025-02-15 10:00:00,2552,2455,85,51,63,0,False,0.138,0.06
2025-02-15 11:00:00,2520,2570,28,247,169,0,False,0.138,0.06
2025-02-15 12:00:00,1836,6126,0,4410,120,0,False,0.138,0.06
2025-02-15 13:00:00,1056,5512,0,4590,134,0,False,0.138,0.06
2025-02-15 14:00:00,784,3419,0,2737,102,0,False,0.138,0.06
2025-02-15 15:00:00,441,2541,0,2235,135,0,False,0.138,0.06
2025-02-15 16:00:00,90,2424,0,2458,124,0,True,0.32,0.24
2025-02-15 17:00:00,0,2450,0,2544,94,0,True,0.32,0.24
2025-02-15 18:00:00,0,2995,0,3121,127,1,True,0.32,0.24
2025-02-15 19:00:00,0,2932,0,3025,93,0,True,0.32,0.24
2025-02-15 20:00:00,0,3914,0,4015,101,0,False,0.138,0.06
2025-02-15 21:00:00,0,3057,0,3126,69,0,False,0.138,0.06
2025-02-15 22:00:00,0,2194,0,2266,72,0,False,0.138,0.06
2025-02-15 23:00:00,0,2700,0,2789,89,0,False,0.138,0.06
2025-02-16 00:00:00,0,2486,0,2562,76,0,False,0.138,0.06
2025-02-16 01:00:00,0,2810,0,2892,82,0,False,0.138,0.06
2025-02-16 02:00:00,0,2737,0,2849,112,0,False,0.138,0.06
2025-02-16 03:00:00,0,2720,0,2802,82,0,False,0.138,0.06
2025-02-16 04:00:00,0,3222,0,3331,109,0,False,0.138,0.06
2025-02-16 05:00:00,0,2789,0,2855,66,0,False,0.138,0.06
2025-02-16 06:00:00,0,2952,0,3032,80,0,False,0.138,0.06
2025-02-16 07:00:00,14,3080,0,3171,105,0,False,0.138,0.06
2025-02-16 08:00:00,76,2590,0,2596,82,0,False,0.138,0.06
2025-02-16 09:00:00,165,3864,0,3798,99,0,False,0.138,0.06
2025-02-16 10:00:00,251,2336,0,2154,69,0,False,0.138,0.06
2025-02-16 11:00:00,337,2233,0,1979,83,0,False,0.138,0.06
2025-02-16 12:00:00,345,2295,0,2083,133,0,False,0.138,0.06
2025-02-16 13:00:00,296,2742,0,2527,81,0,False,0.138,0.06
2025-02-16 14:00:00,179,2313,0,2260,126,0,False,0.138,0.06
2025-02-16 15:00:00,57,2435,0,2464,87,1,False,0.138,0.06
2025-02-16 16:00:00,31,2317,0,2376,90,0,True,0.32,0.24
2025-02-16 17:00:00,0,2606,0,2714,108,0,True,0.32,0.24
2025-02-16 18:00:00,0,2532,0,2630,98,0,True,0.32,0.24
2025-02-16 19:00:00,0,2710,0,2800,90,0,True,0.32,0.24
2025-02-16 20:00:00,0,4908,0,5024,116,0,False,0.138,0.06
2025-02-16 21:00:00,0,3381,0,3483,102,0,False,0.138,0.06
2025-02-16 22:00:00,0,1519,0,1565,46,0,False,0.138,0.06
2025-02-16 23:00:00,0,1156,0,1258,102,0,False,0.138,0.06
2025-02-17 00:00:00,0,1239,0,1341,102,0,False,0.138,0.06
2025-02-17 01:00:00,0,1990,0,2077,87,0,False,0.138,0.06
2025-02-17 02:00:00,0,2385,0,2469,84,0,False,0.138,0.06
2025-02-17 03:00:00,0,2462,0,2544,82,0,False,0.138,0.06
2025-02-17 04:00:00,0,2394,0,2458,64,0,False,0.138,0.06
2025-02-17 05:00:00,0,2466,0,2562,96,0,False,0.138,0.06
2025-02-17 06:00:00,5,2745,0,2804,64,0,False,0.138,0.06
2025-02-17 07:00:00,314,2920,0,2676,70,0,False,0.138,0.06
2025-02-17 08:00:00,745,3231,0,2560,74,0,False,0.138,0.06
2025-02-17 09:00:00,1262,5030,0,3853,85,0,False,0.138,0.06
2025-02-17 10:00:00,2375,6298,0,4008,85,0,False,0.138,0.06
2025-02-17 11:00:00,2659,4030,0,1451,80,0,False,0.138,0.06
2025-02-17 12:00:00,2680,3872,0,1273,81,0,False,0.138,0.06
2025-02-17 13:00:00,2504,4176,0,1731,59,0,False,0.138,0.06
2025-02-17 14:00:00,1902,3814,0,1973,61,0,False,0.138,0.06
2025-02-17 15:00:00,940,2661,0,1824,103,0,False,0.138,0.06
2025-02-17 16:00:00,282,2785,0,2578,75,0,True,0.32,0.24
2025-02-17 17:00:00,7,3215,0,3303,95,0,True,0.32,0.24
2025-02-17 18:00:00,0,2691,0,2752,61,0,True,0.32,0.24
2025-02-17 19:00:00,0,3254,0,3325,71,0,True,0.32,0.24
2025-02-17 20:00:00,0,4183,0,4275,92,0,False,0.138,0.06
2025-02-17 21:00:00,0,3347,0,3401,54,0,False,0.138,0.06
2025-02-17 22:00:00,1,1964,0,2035,72,0,False,0.138,0.06
2025-02-17 23:00:00,0,2924,0,3009,85,0,False,0.138,0.06
2025-02-18 00:00:00,0,2919,0,2999,80,0,False,0.138,0.06
2025-02-18 01:00:00,0,3113,0,3185,72,0,False,0.138,0.06
2025-02-18 02:00:00,0,2807,0,2891,84,0,False,0.138,0.06
2025-02-18 03:00:00,0,2908,0,2988,80,0,False,0.138,0.06
2025-02-18 04:00:00,0,3467,0,3538,71,0,False,0.138,0.06
2025-02-18 05:00:00,0,3420,0,3493,73,0,False,0.138,0.06
2025-02-18 06:00:00,2,4238,0,4309,73,0,False,0.138,0.06
2025-02-18 07:00:00,239,3102,0,2930,67,0,False,0.138,0.06
2025-02-18 08:00:00,490,3614,0,3194,70,0,False,0.138,0.06
2025-02-18 09:00:00,1020,4201,0,3248,67,0,False,0.138,0.06
2025-02-18 10:00:00,2174,3677,0,1578,75,0,False,0.138,0.06
2025-02-18 11:00:00,2962,3554,1,673,80,0,False,0.138,0.06
2025-02-18 12:00:00,3161,3647,0,564,78,0,False,0.138,0.06
2025-02-18 13:00:00,3155,3172,160,239,62,0,False,0.138,0.06
2025-02-18 14:00:00,1939,3339,0,1483,83,0,False,0.138,0.06
2025-02-18 15:00:00,996,2789,0,1867,74,0,False,0.138,0.06
2025-02-18 16:00:00,273,2500,0,2293,66,0,True,0.32,0.24
2025-02-18 17:00:00,10,3922,42,1551,42,2445,True,0.32,0.24
2025-02-18 18:00:00,0,3140,4,9,0,3135,True,0.32,0.24
2025-02-18 19:00:00,0,3349,5,19,0,3335,True,0.32,0.24
2025-02-18 20:00:00,0,3279,0,3248,32,63,False,0.138,0.06
2025-02-18 21:00:00,0,3294,0,3300,6,0,False,0.138,0.06
2025-02-18 22:00:00,0,2393,0,2394,1,0,False,0.138,0.06
2025-02-18 23:00:00,0,1966,0,1974,8,0,False,0.138,0.06
2025-02-19 00:00:00,0,2900,0,2910,10,0,False,0.138,0.06
2025-02-19 01:00:00,0,2802,0,2809,7,0,False,0.138,0.06
2025-02-19 02:00:00,0,2632,0,2636,4,0,False,0.138,0.06
2025-02-19 03:00:00,0,3108,0,3108,0,0,False,0.138,0.06
2025-02-19 04:00:00,0,3178,0,3180,2,0,False,0.138,0.06
2025-02-19 05:00:00,0,2912,0,2914,2,0,False,0.138,0.06
2025-02-19 06:00:00,7,3301,0,3296,2,0,False,0.138,0.06
2025-02-19 07:00:00,242,3884,0,3870,228,0,False,0.138,0.06
2025-02-19 08:00:00,509,2911,0,2926,524,0,False,0.138,0.06
2025-02-19 09:00:00,1038,3082,0,3090,1046,0,False,0.138,0.06
2025-02-19 10:00:00,2181,2993,0,2842,2030,0,False,0.138,0.06
2025-02-19 11:00:00,2974,5252,0,4480,2202,0,False,0.138,0.06
2025-02-19 12:00:00,3254,5950,0,4888,2192,0,False,0.138,0.06
2025-02-19 13:00:00,3146,3729,0,2652,2069,0,False,0.138,0.06
2025-02-19 14:00:00,1973,2895,0,2475,1553,0,False,0.138,0.06
2025-02-19 15:00:00,952,2451,0,1778,279,0,False,0.138,0.06
2025-02-19 16:00:00,393,2260,405,0,0,2272,True,0.32,0.24
2025-02-19 17:00:00,17,2972,22,20,0,2957,True,0.32,0.24
2025-02-19 18:00:00,0,3241,4,8,0,3237,True,0.32,0.24
2025-02-19 19:00:00,0,2819,0,723,10,2106,True,0.32,0.24
2025-02-19 20:00:00,0,6530,0,6532,2,0,False,0.138,0.06
2025-02-19 21:00:00,0,5673,0,5675,2,0,False,0.138,0.06
2025-02-19 22:00:00,0,2195,0,2235,40,0,False,0.138,0.06
2025-02-19 23:00:00,0,1939,0,2079,140,0,False,0.138,0.06
2025-02-20 00:00:00,0,2993,0,3127,134,0,False,0.138,0.06
2025-02-20 01:00:00,0,2904,0,3034,130,0,False,0.138,0.06
2025-02-20 02:00:00,0,3265,0,3390,125,0,False,0.138,0.06
2025-02-20 03:00:00,0,3083,0,3211,128,0,False,0.138,0.06
2025-02-20 04:00:00,0,2965,0,3077,112,0,False,0.138,0.06
2025-02-20 05:00:00,0,3375,0,3417,42,0,False,0.138,0.06
2025-02-20 06:00:00,2,3400,0,3512,114,0,False,0.138,0.06
2025-02-20 07:00:00,264,3625,0,3679,318,0,False,0.138,0.06
2025-02-20 08:00:00,618,3185,0,3202,635,0,False,0.138,0.06
2025-02-20 09:00:00,1226,3944,0,3960,1242,0,False,0.138,0.06
2025-02-20 10:00:00,1862,4302,0,4315,1875,0,False,0.138,0.06
2025-02-20 11:00:00,1904,3703,0,3731,1932,0,False,0.138,0.06
2025-02-20 12:00:00,1371,3364,0,3390,1397,0,False,0.138,0.06
2025-02-20 13:00:00,1771,3221,0,3715,2265,0,False,0.138,0.06
2025-02-20 14:00:00,1991,2836,0,3495,2650,0,False,0.138,0.06
2025-02-20 15:00:00,1043,2221,0,2508,1330,0,False,0.138,0.06
2025-02-20 16:00:00,336,2429,305,0,1,2399,True,0.32,0.24
2025-02-20 17:00:00,6,3331,4,9,0,3320,True,0.32,0.24
2025-02-20 18:00:00,0,2812,3,8,0,2807,True,0.32,0.24
2025-02-20 19:00:00,0,2996,1,975,12,2034,True,0.32,0.24
2025-02-20 20:00:00,1,4504,0,4505,2,0,False,0.138,0.06
2025-02-20 21:00:00,0,3898,0,3898,0,0,False,0.138,0.06
2025-02-20 22:00:00,0,2656,0,2820,164,0,False,0.138,0.06
2025-02-20 23:00:00,0,2259,0,2559,300,0,False,0.138,0.06
2025-02-21 00:00:00,0,1993,0,2075,82,0,False,0.138,0.06
2025-02-21 01:00:00,0,2695,0,2785,90,0,False,0.138,0.06
2025-02-21 02:00:00,0,2680,0,2730,50,0,False,0.138,0.06
2025-02-21 03:00:00,0,2715,0,2824,109,0,False,0.138,0.06
2025-02-21 04:00:00,0,2660,0,2793,133,0,False,0.138,0.06
2025-02-21 05:00:00,0,2656,0,2747,91,0,False,0.138,0.06
2025-02-21 06:00:00,24,3223,0,3309,110,0,False,0.138,0.06
2025-02-21 07:00:00,356,3063,0,3053,346,0,False,0.138,0.06
2025-02-21 08:00:00,881,3001,0,3014,894,0,False,0.138,0.06
2025-02-21 09:00:00,1499,2619,0,2641,1521,0,False,0.138,0.06
2025-02-21 10:00:00,2193,4168,0,3962,1987,0,False,0.138,0.06
2025-02-21 11:00:00,3081,3890,0,3590,2781,0,False,0.138,0.06
2025-02-21 12:00:00,3368,3237,0,2950,3081,0,False,0.138,0.06
2025-02-21 13:00:00,3292,5087,0,4101,2306,0,False,0.138,0.06
2025-02-21 14:00:00,2076,1694,408,306,280,0,False,0.138,0.06
2025-02-21 15:00:00,1015,2313,0,1425,127,0,False,0.138,0.06
2025-02-21 16:00:00,312,2394,289,0,0,2371,True,0.32,0.24
2025-02-21 17:00:00,15,3029,16,17,0,3013,True,0.32,0.24
2025-02-21 18:00:00,0,3245,15,14,0,3246,True,0.32,0.24
2025-02-21 19:00:00,0,2616,4,811,9,1818,True,0.32,0.24
2025-02-21 20:00:00,0,4225,0,4227,2,0,False,0.138,0.06
2025-02-21 21:00:00,0,5943,0,5944,1,0,False,0.138,0.06
2025-02-21 22:00:00,0,2746,0,2802,56,0,False,0.138,0.06
2025-02-21 23:00:00,0,3009,0,3099,90,0,False,0.138,0.06
2025-02-22 00:00:00,0,1613,0,1704,91,0,False,0.138,0.06
2025-02-22 01:00:00,0,3050,0,3183,134,1,False,0.138,0.06
2025-02-22 02:00:00,0,3102,0,3236,134,0,False,0.138,0.06
2025-02-22 03:00:00,0,2861,0,2953,92,0,False,0.138,0.06
2025-02-22 04:00:00,0,2926,0,3036,110,0,False,0.138,0.06
2025-02-22 05:00:00,0,3128,0,3172,44,0,False,0.138,0.06
2025-02-22 06:00:00,53,3494,0,3586,145,0,False,0.138,0.06
2025-02-22 07:00:00,423,3524,0,3537,436,0,False,0.138,0.06
2025-02-22 08:00:00,936,3395,0,3424,965,0,False,0.138,0.06
2025-02-22 09:00:00,1429,5135,0,5163,1457,0,False,0.138,0.06
2025-02-22 10:00:00,2304,3764,0,3568,2108,0,False,0.138,0.06
2025-02-22 11:00:00,3408,2471,0,1308,2245,0,False,0.138,0.06
2025-02-22 12:00:00,3545,2534,0,1702,2713,0,False,0.138,0.06
2025-02-22 13:00:00,3380,2710,0,1828,2498,0,False,0.138,0.06
2025-02-22 14:00:00,2146,1593,291,558,820,0,False,0.138,0.06
2025-02-22 15:00:00,1044,1712,79,857,110,0,False,0.138,0.06
2025-02-22 16:00:00,326,2375,304,0,0,2353,True,0.32,0.24
2025-02-22 17:00:00,17,3019,12,7,0,3007,True,0.32,0.24
2025-02-22 18:00:00,0,1726,6,10,0,1722,True,0.32,0.24
2025-02-22 19:00:00,0,2939,8,16,0,2931,True,0.32,0.24
2025-02-22 20:00:00,1,4587,0,4525,9,70,False,0.138,0.06
2025-02-22 21:00:00,0,3229,0,3229,0,0,False,0.138,0.06
2025-02-22 22:00:00,0,2004,0,2005,1,0,False,0.138,0.06
2025-02-22 23:00:00,0,1683,0,1683,0,0,False,0.138,0.06
2025-02-23 00:00:00,0,2666,0,2667,1,0,False,0.138,0.06
2025-02-23 01:00:00,0,2573,0,2580,7,0,False,0.138,0.06
2025-02-23 02:00:00,0,2461,0,2475,14,0,False,0.138,0.06
2025-02-23 03:00:00,0,2512,0,2520,8,0,False,0.138,0.06
2025-02-23 04:00:00,0,2551,0,2561,10,0,False,0.138,0.06
2025-02-23 05:00:00,0,2487,0,2495,8,0,False,0.138,0.06
2025-02-23 06:00:00,30,2302,0,2299,27,0,False,0.138,0.06
2025-02-23 07:00:00,386,3253,0,3268,401,0,False,0.138,0.06
2025-02-23 08:00:00,1013,3072,0,3089,1030,0,False,0.138,0.06
2025-02-23 09:00:00,1670,4438,0,4452,1684,0,False,0.138,0.06
2025-02-23 10:00:00,2678,3180,0,3147,2645,0,False,0.138,0.06
2025-02-23 11:00:00,3365,2331,0,2364,3398,0,False,0.138,0.06
2025-02-23 12:00:00,3771,2388,15,2117,3485,0,False,0.138,0.06
2025-02-23 13:00:00,2653,1190,1123,289,629,0,False,0.138,0.06
2025-02-23 14:00:00,1792,1291,425,35,111,0,False,0.138,0.06
2025-02-23 15:00:00,1358,1240,301,295,112,0,False,0.138,0.06
2025-02-23 16:00:00,365,2177,341,0,0,2153,True,0.32,0.24
2025-02-23 17:00:00,10,1891,24,11,0,1894,True,0.32,0.24
2025-02-23 18:00:00,0,1790,0,14,0,1776,True,0.32,0.24
2025-02-23 19:00:00,0,2522,3,12,0,2513,True,0.32,0.24
2025-02-23 20:00:00,0,3539,0,3472,14,81,False,0.138,0.06
2025-02-23 21:00:00,0,3045,0,3045,0,0,False,0.138,0.06
2025-02-23 22:00:00,0,1523,0,1531,8,0,False,0.138,0.06
2025-02-23 23:00:00,0,2164,0,2168,4,0,False,0.138,0.06
2025-02-24 00:00:00,0,2164,0,2170,6,0,False,0.138,0.06
2025-02-24 01:00:00,0,2419,0,2427,8,0,False,0.138,0.06
2025-02-24 02:00:00,0,2556,0,2569,13,0,False,0.138,0.06
2025-02-24 03:00:00,0,2333,0,2344,11,0,False,0.138,0.06
2025-02-24 04:00:00,0,2427,0,2441,14,0,False,0.138,0.06
2025-02-24 05:00:00,0,2515,0,2523,8,0,False,0.138,0.06
2025-02-24 06:00:00,16,2514,0,2514,16,0,False,0.138,0.06
2025-02-24 07:00:00,491,3050,0,3053,494,0,False,0.138,0.06
2025-02-24 08:00:00,965,2638,0,2657,984,0,False,0.138,0.06
2025-02-24 09:00:00,1754,7045,0,7053,1762,0,False,0.138,0.06
2025-02-24 10:00:00,2922,3178,0,3200,2944,0,False,0.138,0.06
2025-02-24 11:00:00,3761,1192,0,1097,3666,0,False,0.138,0.06
2025-02-24 12:00:00,4097,2373,715,347,1356,0,False,0.138,0.06
2025-02-24 13:00:00,2661,2211,406,74,118,0,False,0.138,0.06
2025-02-24 14:00:00,2190,1829,339,57,79,0,False,0.138,0.06
2025-02-24 15:00:00,1354,1498,240,476,92,0,False,0.138,0.06
2025-02-24 16:00:00,504,1785,486,0,0,1767,True,0.32,0.24
2025-02-24 17:00:00,23,2274,22,5,0,2268,True,0.32,0.24
2025-02-24 18:00:00,0,1741,0,21,0,1720,True,0.32,0.24
2025-02-24 19:00:00,0,1658,1,22,0,1637,True,0.32,0.24
2025-02-24 20:00:00,0,3749,0,3682,14,81,False,0.138,0.06
2025-02-24 21:00:00,0,1682,0,1686,4,0,False,0.138,0.06
2025-02-24 22:00:00,0,2114,0,2114,0,0,False,0.138,0.06
2025-02-24 23:00:00,0,1641,0,1648,7,0,False,0.138,0.06
2025-02-25 00:00:00,0,978,0,989,11,0,False,0.138,0.06
2025-02-25 01:00:00,0,1135,0,1145,10,0,False,0.138,0.06
2025-02-25 02:00:00,0,2101,0,2113,12,0,False,0.138,0.06
2025-02-25 03:00:00,0,2253,0,2263,10,0,False,0.138,0.06
2025-02-25 04:00:00,0,2282,0,2298,16,0,False,0.138,0.06
2025-02-25 05:00:00,0,2310,0,2324,14,0,False,0.138,0.06
2025-02-25 06:00:00,27,2414,0,2412,25,0,False,0.138,0.06
2025-02-25 07:00:00,619,2367,0,2363,615,0,False,0.138,0.06
2025-02-25 08:00:00,917,1706,0,1720,931,0,False,0.138,0.06
2025-02-25 09:00:00,1564,3505,0,3523,1582,0,False,0.138,0.06
2025-02-25 10:00:00,2167,2522,0,2544,2189,0,False,0.138,0.06
2025-02-25 11:00:00,4013,2127,0,1823,3709,0,False,0.138,0.06
2025-02-25 12:00:00,2627,1863,248,525,1041,0,False,0.138,0.06
2025-02-25 13:00:00,3208,1280,1813,0,115,0,False,0.138,0.06
2025-02-25 14:00:00,2323,2126,435,335,97,0,False,0.138,0.06
2025-02-25 15:00:00,1278,737,462,0,79,0,False,0.138,0.06
2025-02-25 16:00:00,608,1839,587,0,0,1818,True,0.32,0.24
2025-02-25 17:00:00,46,1469,40,3,0,1460,True,0.32,0.24
2025-02-25 18:00:00,0,1678,2,17,0,1663,True,0.32,0.24
2025-02-25 19:00:00,0,1144,0,13,0,1131,True,0.32,0.24
2025-02-25 20:00:00,0,2154,0,2145,9,18,False,0.138,0.06
2025-02-25 21:00:00,1,3750,0,3749,0,0,False,0.138,0.06
2025-02-25 22:00:00,0,1306,0,1311,5,0,False,0.138,0.06
2025-02-25 23:00:00,0,1183,0,1185,2,0,False,0.138,0.06
2025-02-26 00:00:00,0,920,0,922,2,0,False,0.138,0.06
2025-02-26 01:00:00,0,1587,0,1597,10,0,False,0.138,0.06
2025-02-26 02:00:00,0,1079,0,1088,9,0,False,0.138,0.06
2025-02-26 03:00:00,0,1863,0,1872,9,0,False,0.138,0.06
2025-02-26 04:00:00,0,2085,0,2098,13,0,False,0.138,0.06
2025-02-26 05:00:00,0,2463,0,2471,8,0,False,0.138,0.06
2025-02-26 06:00:00,106,2408,0,2402,100,0,False,0.138,0.06
2025-02-26 07:00:00,838,2331,0,2351,858,0,False,0.138,0.06
2025-02-26 08:00:00,1621,2597,0,2614,1638,0,False,0.138,0.06
2025-02-26 09:00:00,2825,4612,0,4640,2853,0,False,0.138,0.06
2025-02-26 10:00:00,4264,1471,555,689,2927,0,False,0.138,0.06
2025-02-26 11:00:00,2286,1682,462,0,142,0,False,0.138,0.06
2025-02-26 12:00:00,4690,1999,2590,0,101,0,False,0.138,0.06
2025-02-26 13:00:00,3992,669,3261,0,62,0,False,0.138,0.06
2025-02-26 14:00:00,2871,1595,1204,0,72,0,False,0.138,0.06
2025-02-26 15:00:00,1383,1412,270,367,68,0,False,0.138,0.06
2025-02-26 16:00:00,481,1068,468,0,0,1055,True,0.32,0.24
2025-02-26 17:00:00,52,1380,53,16,0,1365,True,0.32,0.24
2025-02-26 18:00:00,0,969,14,20,0,963,True,0.32,0.24
2025-02-26 19:00:00,0,1794,1,20,0,1775,True,0.32,0.24
2025-02-26 20:00:00,0,2588,16,2,0,2602,False,0.138,0.06
2025-02-26 21:00:00,0,2602,15,5,0,2612,False,0.138,0.06
2025-02-26 22:00:00,0,1777,11,89,4,1703,False,0.138,0.06
2025-02-26 23:00:00,0,854,0,866,12,0,False,0.138,0.06
2025-02-27 00:00:00,0,1521,0,1521,0,0,False,0.138,0.06
2025-02-27 01:00:00,0,1084,0,1092,8,0,False,0.138,0.06
2025-02-27 02:00:00,0,1481,0,1497,16,0,False,0.138,0.06
2025-02-27 03:00:00,0,1511,0,1522,11,0,False,0.138,0.06
2025-02-27 04:00:00,0,2275,0,2283,8,0,False,0.138,0.06
2025-02-27 05:00:00,0,1869,0,1882,13,0,False,0.138,0.06
2025-02-27 06:00:00,0,2071,0,2079,8,0,False,0.138,0.06
2025-02-27 07:00:00,93,2350,0,2347,90,0,False,0.138,0.06
2025-02-27 08:00:00,261,2440,0,2447,268,0,False,0.138,0.06
2025-02-27 09:00:00,532,1630,0,1637,539,0,False,0.138,0.06
2025-02-27 10:00:00,1155,3399,0,5170,2926,0,False,0.138,0.06
2025-02-27 11:00:00,3187,1482,0,2096,3801,0,False,0.138,0.06
2025-02-27 12:00:00,1732,2196,0,2230,1766,0,False,0.138,0.06
2025-02-27 13:00:00,965,1008,0,5799,5756,0,False,0.138,0.06
2025-02-27 14:00:00,804,2068,0,1819,555,0,False,0.138,0.06
2025-02-27 15:00:00,615,806,39,343,113,0,False,0.138,0.06
2025-02-27 16:00:00,206,975,169,0,0,938,True,0.32,0.24
2025-02-27 17:00:00,11,1394,7,27,0,1363,True,0.32,0.24
2025-02-27 18:00:00,0,1718,5,17,0,1706,True,0.32,0.24
2025-02-27 19:00:00,0,1608,4,15,0,1597,True,0.32,0.24
2025-02-27 20:00:00,0,2572,21,7,0,2586,False,0.138,0.06
2025-02-27 21:00:00,1,2472,13,2,0,2482,False,0.138,0.06
2025-02-27 22:00:00,0,1664,10,222,25,1477,False,0.138,0.06
2025-02-27 23:00:00,0,1505,0,1526,21,0,False,0.138,0.06
2025-02-28 00:00:00,0,1306,0,1318,12,0,False,0.138,0.06
2025-02-28 01:00:00,0,887,0,901,14,0,False,0.138,0.06
2025-02-28 02:00:00,0,1356,0,1455,99,0,False,0.138,0.06
2025-02-28 03:00:00,0,1071,0,1172,101,0,False,0.138,0.06
2025-02-28 04:00:00,0,1427,0,1520,93,0,False,0.138,0.06
2025-02-28 05:00:00,0,2281,0,2370,89,0,False,0.138,0.06
2025-02-28 06:00:00,150,2336,0,2341,155,0,False,0.138,0.06
2025-02-28 07:00:00,998,2254,0,2264,1008,0,False,0.138,0.06
2025-02-28 08:00:00,1812,2520,0,2523,1815,0,False,0.138,0.06
2025-02-28 09:00:00,3003,3438,0,3460,3025,0,False,0.138,0.06
2025-02-28 10:00:00,4502,2153,0,2168,4517,0,False,0.138,0.06
2025-02-28 11:00:00,4833,2381,0,2113,4565,0,False,0.138,0.06
2025-02-28 12:00:00,5240,1574,3289,0,377,0,False,0.138,0.06
2025-02-28 13:00:00,4659,642,3904,0,113,0,False,0.138,0.06
2025-02-28 14:00:00,2820,1740,1110,81,51,0,False,0.138,0.06
2025-02-28 15:00:00,1431,1744,0,391,78,0,False,0.138,0.06
2025-02-28 16:00:00,501,1247,482,0,0,1228,True,0.32,0.24
2025-02-28 17:00:00,36,1595,33,10,0,1582,True,0.32,0.24
2025-02-28 18:00:00,0,1775,2,23,0,1754,True,0.32,0.24
2025-02-28 19:00:00,0,1869,2,14,0,1857,True,0.32,0.24
2025-02-28 20:00:00,0,2522,1,8,0,2515,False,0.138,0.06
2025-02-28 21:00:00,0,2207,4,9,0,2202,False,0.138,0.06
2025-02-28 22:00:00,0,1738,0,778,15,975,False,0.138,0.06
2025-02-28 23:00:00,0,1430,0,1432,2,0,False,0.138,0.06
2025-03-01 00:00:00,0,1749,0,1753,4,0,False,0.138,0.06
2025-03-01 01:00:00,0,1132,0,1144,12,0,False,0.138,0.06
2025-03-01 02:00:00,0,2111,0,2131,20,0,False,0.138,0.06
2025-03-01 03:00:00,0,2415,0,2431,16,0,False,0.138,0.06
2025-03-01 04:00:00,0,2386,0,2400,14,0,False,0.138,0.06
2025-03-01 05:00:00,0,2280,0,2293,13,0,False,0.138,0.06
2025-03-01 06:00:00,19,1826,0,1829,22,0,False,0.138,0.06
2025-03-01 07:00:00,338,2345,0,2334,327,0,False,0.138,0.06
2025-03-01 08:00:00,1071,3082,0,3083,1072,0,False,0.138,0.06
2025-03-01 09:00:00,1105,2848,0,2873,1130,0,False,0.138,0.06
2025-03-01 10:00:00,1681,1772,0,1790,1699,0,False,0.138,0.06
2025-03-01 11:00:00,2403,3145,0,3114,2372,0,False,0.138,0.06
2025-03-01 12:00:00,1288,1910,0,1941,1319,0,False,0.138,0.06
2025-03-01 13:00:00,1013,1486,0,1494,1021,0,False,0.138,0.06
2025-03-01 14:00:00,2065,1163,0,1112,2014,0,False,0.138,0.06
2025-03-01 15:00:00,1632,843,0,861,1650,0,False,0.138,0.06
2025-03-01 16:00:00,304,809,295,13,15,802,True,0.32,0.24
2025-03-01 17:00:00,0,2799,2,15,0,2786,True,0.32,0.24
2025-03-01 18:00:00,0,2725,2,10,0,2717,True,0.32,0.24
2025-03-01 19:00:00,0,2064,0,24,0,2040,True,0.32,0.24
2025-03-01 20:00:00,0,1717,0,637,11,1091,False,0.138,0.06
2025-03-01 21:00:00,0,1685,0,1690,5,0,False,0.138,0.06
2025-03-01 22:00:00,0,2010,0,2010,0,0,False,0.138,0.06
2025-03-01 23:00:00,0,1416,0,1416,0,0,False,0.138,0.06
2025-03-02 00:00:00,0,3766,0,3767,1,0,False,0.138,0.06
2025-03-02 01:00:00,0,3183,0,3185,2,0,False,0.138,0.06
2025-03-02 02:00:00,0,2611,0,2615,4,0,False,0.138,0.06
2025-03-02 03:00:00,0,2971,0,2976,5,0,False,0.138,0.06
2025-03-02 04:00:00,0,2980,0,2985,5,0,False,0.138,0.06
2025-03-02 05:00:00,0,2829,0,2833,4,0,False,0.138,0.06
2025-03-02 06:00:00,247,3721,0,3715,241,0,False,0.138,0.06
2025-03-02 07:00:00,1257,3234,0,3249,1272,0,False,0.138,0.06
2025-03-02 08:00:00,2094,3404,0,3331,2021,0,False,0.138,0.06
2025-03-02 09:00:00,3290,5002,0,3933,2221,0,False,0.138,0.06
2025-03-02 10:00:00,4775,3378,0,835,2232,0,False,0.138,0.06
2025-03-02 11:00:00,5500,3318,151,207,2238,0,False,0.138,0.06
2025-03-02 12:00:00,5518,3142,378,545,2543,0,False,0.138,0.06
2025-03-02 13:00:00,4841,2562,326,199,2152,0,False,0.138,0.06
2025-03-02 14:00:00,3016,2538,0,745,1223,0,False,0.138,0.06
2025-03-02 15:00:00,1442,2108,34,816,116,0,False,0.138,0.06
2025-03-02 16:00:00,523,2743,486,0,0,2706,True,0.32,0.24
2025-03-02 17:00:00,50,2891,38,11,0,2868,True,0.32,0.24
2025-03-02 18:00:00,0,2807,10,19,0,2798,True,0.32,0.24
2025-03-02 19:00:00,0,3214,4,7,0,3211,True,0.32,0.24
2025-03-02 20:00:00,0,4635,0,3876,9,768,False,0.138,0.06
2025-03-02 21:00:00,0,4056,0,4057,1,0,False,0.138,0.06
2025-03-02 22:00:00,0,2116,0,2116,0,0,False,0.138,0.06
2025-03-02 23:00:00,0,2159,0,2159,0,0,False,0.138,0.06
2025-03-03 00:00:00,0,3233,0,3233,0,0,False,0.138,0.06
2025-03-03 01:00:00,0,3125,0,3128,3,0,False,0.138,0.06
2025-03-03 02:00:00,0,3248,0,3253,5,0,False,0.138,0.06
2025-03-03 03:00:00,0,3356,0,3358,2,0,False,0.138,0.06
2025-03-03 04:00:00,0,3712,0,3715,3,0,False,0.138,0.06
2025-03-03 05:00:00,0,3654,0,3656,2,0,False,0.138,0.06
2025-03-03 06:00:00,257,3999,0,3993,251,0,False,0.138,0.06
2025-03-03 07:00:00,1339,3865,0,3871,1345,0,False,0.138,0.06
2025-03-03 08:00:00,2170,3679,0,3589,2080,0,False,0.138,0.06
2025-03-03 09:00:00,3315,4375,0,3287,2227,0,False,0.138,0.06
2025-03-03 10:00:00,4780,6799,0,4252,2233,0,False,0.138,0.06
2025-03-03 11:00:00,5512,3491,51,275,2245,0,False,0.138,0.06
2025-03-03 12:00:00,5509,3116,249,125,2269,0,False,0.138,0.06
2025-03-03 13:00:00,4836,2816,103,240,2157,0,False,0.138,0.06
2025-03-03 14:00:00,3028,2707,0,1012,1333,0,False,0.138,0.06
2025-03-03 15:00:00,1458,2462,0,1087,84,1,False,0.138,0.06
2025-03-03 16:00:00,535,2182,480,0,0,2127,True,0.32,0.24
2025-03-03 17:00:00,69,2987,64,12,0,2970,True,0.32,0.24
2025-03-03 18:00:00,0,2428,20,27,0,2421,True,0.32,0.24
2025-03-03 19:00:00,0,2166,0,26,0,2140,True,0.32,0.24
2025-03-03 20:00:00,2,4350,0,1737,9,2620,False,0.138,0.06
2025-03-03 21:00:00,1,3529,0,3527,1,2,False,0.138,0.06
2025-03-03 22:00:00,0,1411,0,1413,2,0,False,0.138,0.06
2025-03-03 23:00:00,0,2577,0,2577,0,0,False,0.138,0.06
2025-03-04 00:00:00,0,2657,0,2659,2,0,False,0.138,0.06
2025-03-04 01:00:00,0,2719,0,2722,3,0,False,0.138,0.06
2025-03-04 02:00:00,0,2405,0,2412,7,0,False,0.138,0.06
2025-03-04 03:00:00,0,2743,0,2747,4,0,False,0.138,0.06
2025-03-04 04:00:00,0,2448,0,2456,8,0,False,0.138,0.06
2025-03-04 05:00:00,0,2492,0,2498,6,0,False,0.138,0.06
2025-03-04 06:00:00,298,2868,0,2857,287,0,False,0.138,0.06
2025-03-04 07:00:00,1254,2611,0,2620,1263,0,False,0.138,0.06
2025-03-04 08:00:00,2564,2311,0,2236,2489,0,False,0.138,0.06
2025-03-04 09:00:00,3158,2208,0,2197,3147,0,False,0.138,0.06
2025-03-04 10:00:00,3042,2985,0,2917,2974,0,False,0.138,0.06
2025-03-04 11:00:00,4563,2831,0,2302,4034,0,False,0.138,0.06
2025-03-04 12:00:00,3800,3020,19,881,1642,0,False,0.138,0.06
2025-03-04 13:00:00,3014,5049,434,2649,180,0,False,0.138,0.06
2025-03-04 14:00:00,2805,2057,651,17,114,0,False,0.138,0.06
2025-03-04 15:00:00,1673,1540,203,138,68,0,False,0.138,0.06
2025-03-04 16:00:00,465,1421,429,0,0,1385,True,0.32,0.24
2025-03-04 17:00:00,23,1899,16,5,0,1887,True,0.32,0.24
2025-03-04 18:00:00,0,2221,12,14,0,2219,True,0.32,0.24
2025-03-04 19:00:00,0,1221,0,20,0,1201,True,0.32,0.24
2025-03-04 20:00:00,0,1282,0,27,0,1255,False,0.138,0.06
2025-03-04 21:00:00,0,3242,2,15,0,3229,False,0.138,0.06
2025-03-04 22:00:00,0,2734,5,1784,20,975,False,0.138,0.06
2025-03-04 23:00:00,0,1396,0,1406,10,0,False,0.138,0.06
2025-03-05 00:00:00,0,1067,0,1067,0,0,False,0.138,0.06
2025-03-05 01:00:00,0,743,0,747,4,0,False,0.138,0.06
2025-03-05 02:00:00,0,1423,0,1431,8,0,False,0.138,0.06
2025-03-05 03:00:00,0,1954,0,1968,14,0,False,0.138,0.06
2025-03-05 04:00:00,0,1683,0,1693,10,0,False,0.138,0.06
2025-03-05 05:00:00,0,1478,0,1492,14,0,False,0.138,0.06
2025-03-05 06:00:00,27,1764,0,1761,24,0,False,0.138,0.06
2025-03-05 07:00:00,309,1611,0,1604,302,0,False,0.138,0.06
2025-03-05 08:00:00,272,1644,0,1663,291,0,False,0.138,0.06
2025-03-05 09:00:00,609,2260,0,2268,617,0,False,0.138,0.06
2025-03-05 10:00:00,1564,2531,0,2528,1561,0,False,0.138,0.06
2025-03-05 11:00:00,2222,2230,0,2243,2235,0,False,0.138,0.06
2025-03-05 12:00:00,1529,1330,0,1355,1554,0,False,0.138,0.06
2025-03-05 13:00:00,1200,775,0,796,1221,0,False,0.138,0.06
2025-03-05 14:00:00,850,1252,0,1280,878,0,False,0.138,0.06
2025-03-05 15:00:00,575,1580,0,1613,608,0,False,0.138,0.06
2025-03-05 16:00:00,535,1539,515,0,8,1527,True,0.32,0.24
2025-03-05 17:00:00,99,1610,96,5,0,1602,True,0.32,0.24
2025-03-05 18:00:00,0,1252,7,18,0,1241,True,0.32,0.24
2025-03-05 19:00:00,0,1218,0,14,0,1204,True,0.32,0.24
2025-03-05 20:00:00,0,3093,0,2088,19,1024,False,0.138,0.06
2025-03-05 21:00:00,0,1138,0,1143,5,0,False,0.138,0.06
2025-03-05 22:00:00,0,1034,0,1038,4,0,False,0.138,0.06
2025-03-05 23:00:00,0,1242,0,1247,5,0,False,0.138,0.06
2025-03-06 00:00:00,0,472,0,475,3,0,False,0.138,0.06
2025-03-06 01:00:00,0,794,0,798,4,0,False,0.138,0.06
2025-03-06 02:00:00,0,748,0,5577,4829,0,False,0.138,0.06
2025-03-06 03:00:00,0,465,0,10756,10291,0,False,0.138,0.06
2025-03-06 04:00:00,0,793,0,1078,285,0,False,0.138,0.06
2025-03-06 05:00:00,0,955,0,1023,68,0,False,0.138,0.06
2025-03-06 06:00:00,12,1180,0,1243,75,0,False,0.138,0.06
2025-03-06 07:00:00,244,1562,0,1328,10,0,False,0.138,0.06
2025-03-06 08:00:00,490,1656,0,1276,110,0,False,0.138,0.06
2025-03-06 09:00:00,1000,871,221,196,104,0,False,0.138,0.06
2025-03-06 10:00:00,1997,1386,690,175,96,0,False,0.138,0.06
2025-03-06 11:00:00,1698,1022,604,76,148,0,False,0.138,0.06
2025-03-06 12:00:00,2171,836,1225,0,110,0,False,0.138,0.06
2025-03-06 13:00:00,3036,3284,926,1293,119,0,False,0.138,0.06
2025-03-06 14:00:00,2033,957,987,21,110,0,False,0.138,0.06
2025-03-06 15:00:00,1003,1396,0,482,89,0,False,0.138,0.06
2025-03-06 16:00:00,311,1481,0,1274,104,0,True,0.32,0.24
2025-03-06 17:00:00,0,1430,0,1522,92,0,True,0.32,0.24
2025-03-06 18:00:00,0,1417,0,1533,116,0,True,0.32,0.24
2025-03-06 19:00:00,0,1176,0,1270,94,0,True,0.32,0.24
2025-03-06 20:00:00,0,2393,0,2501,108,0,False,0.138,0.06
2025-03-06 21:00:00,0,1735,0,1855,120,0,False,0.138,0.06
2025-03-06 22:00:00,0,2025,0,2118,93,0,False,0.138,0.06
2025-03-06 23:00:00,0,994,0,1131,137,0,False,0.138,0.06
2025-03-07 00:00:00,0,1124,0,1229,105,0,False,0.138,0.06
2025-03-07 01:00:00,0,1194,0,1304,110,0,False,0.138,0.06
2025-03-07 02:00:00,0,1445,0,1535,90,0,False,0.138,0.06
2025-03-07 03:00:00,0,1493,0,1597,104,0,False,0.138,0.06
2025-03-07 04:00:00,0,2458,0,2542,84,0,False,0.138,0.06
2025-03-07 05:00:00,0,2305,0,2449,144,0,False,0.138,0.06
2025-03-07 06:00:00,391,2439,0,2163,115,0,False,0.138,0.06
2025-03-07 07:00:00,1660,2528,0,962,94,0,False,0.138,0.06
2025-03-07 08:00:00,2395,3056,0,740,79,0,False,0.138,0.06
2025-03-07 09:00:00,3534,3267,252,81,96,0,False,0.138,0.06
2025-03-07 10:00:00,5023,2075,2846,0,102,0,False,0.138,0.06
2025-03-07 11:00:00,5681,2405,3177,0,99,0,False,0.138,0.06
2025-03-07 12:00:00,5078,1774,3168,0,137,1,False,0.138,0.06
2025-03-07 13:00:00,3669,1042,2542,0,85,0,False,0.138,0.06
2025-03-07 14:00:00,2175,2348,424,686,89,0,False,0.138,0.06
2025-03-07 15:00:00,1685,1862,166,419,76,0,False,0.138,0.06
2025-03-07 16:00:00,705,1774,0,1177,108,0,True,0.32,0.24
2025-03-07 17:00:00,115,2644,0,2637,108,0,True,0.32,0.24
2025-03-07 18:00:00,0,2229,0,2341,112,0,True,0.32,0.24
2025-03-07 19:00:00,0,1868,0,1099,18,787,True,0.32,0.24
2025-03-07 20:00:00,0,1626,2,22,0,1606,False,0.138,0.06
2025-03-07 21:00:00,0,2158,0,19,0,2139,False,0.138,0.06
2025-03-07 22:00:00,0,1802,4,16,0,1790,False,0.138,0.06
2025-03-07 23:00:00,0,2008,1,22,0,1987,False,0.138,0.06
2025-03-08 00:00:00,0,1651,0,19,0,1632,False,0.138,0.06
2025-03-08 01:00:00,0,2389,0,262,5,2132,False,0.138,0.06
2025-03-08 02:00:00,0,2378,0,2395,17,0,False,0.138,0.06
2025-03-08 03:00:00,0,2447,0,2456,9,0,False,0.138,0.06
2025-03-08 04:00:00,0,2012,0,2018,6,0,False,0.138,0.06
2025-03-08 05:00:00,0,1745,0,1757,12,0,False,0.138,0.06
2025-03-08 06:00:00,428,2430,0,2121,119,0,False,0.138,0.06
2025-03-08 07:00:00,1707,2393,0,792,106,0,False,0.138,0.06
2025-03-08 08:00:00,2447,4371,0,2087,163,0,False,0.138,0.06
2025-03-08 09:00:00,3587,2787,142,1500,2158,0,False,0.138,0.06
2025-03-08 10:00:00,4136,2883,0,3947,5200,0,False,0.138,0.06
2025-03-08 11:00:00,4550,4400,0,3796,3946,0,False,0.138,0.06
2025-03-08 12:00:00,3980,2191,0,1291,3080,0,False,0.138,0.06
2025-03-08 13:00:00,4320,2840,917,377,940,0,False,0.138,0.06
2025-03-08 14:00:00,3005,2490,753,383,145,0,False,0.138,0.06
2025-03-08 15:00:00,1850,1414,643,301,94,0,False,0.138,0.06
2025-03-08 16:00:00,583,2704,581,0,2,2704,True,0.32,0.24
2025-03-08 17:00:00,73,2633,62,5,0,2617,True,0.32,0.24
2025-03-08 18:00:00,0,2466,1,11,0,2456,True,0.32,0.24
2025-03-08 19:00:00,0,2651,0,17,0,2634,True,0.32,0.24
2025-03-08 20:00:00,0,3012,1,1007,10,2016,False,0.138,0.06
2025-03-08 21:00:00,0,4951,0,4956,5,0,False,0.138,0.06
2025-03-08 22:00:00,0,1444,0,1445,1,0,False,0.138,0.06
2025-03-08 23:00:00,0,1749,0,1749,0,0,False,0.138,0.06
2025-03-09 00:00:00,0,1674,0,1680,6,0,False,0.138,0.06
2025-03-09 01:00:00,0,2493,0,2503,10,0,False,0.138,0.06
2025-03-09 03:00:00,0,2339,0,2347,8,0,False,0.138,0.06
2025-03-09 04:00:00,0,2582,0,2588,6,0,False,0.138,0.06
2025-03-09 05:00:00,0,2312,0,2328,16,0,False,0.138,0.06
2025-03-09 06:00:00,0,2432,0,2438,6,0,False,0.138,0.06
2025-03-09 07:00:00,467,2324,0,2323,466,0,False,0.138,0.06
2025-03-09 08:00:00,1772,4312,0,4325,1785,0,False,0.138,0.06
2025-03-09 09:00:00,2500,3215,0,3224,2509,0,False,0.138,0.06
2025-03-09 10:00:00,3194,2814,0,2826,3206,0,False,0.138,0.06
2025-03-09 11:00:00,4959,2384,0,1876,4451,0,False,0.138,0.06
2025-03-09 12:00:00,5703,2695,275,594,3327,0,False,0.138,0.06
2025-03-09 13:00:00,4553,1302,3024,0,227,0,False,0.138,0.06
2025-03-09 14:00:00,4327,1497,2731,0,99,0,False,0.138,0.06
2025-03-09 15:00:00,3497,1863,1505,0,129,0,False,0.138,0.06
2025-03-09 16:00:00,1621,1490,1613,0,0,1482,True,0.32,0.24
2025-03-09 17:00:00,685,1661,664,0,0,1640,True,0.32,0.24
2025-03-09 18:00:00,111,2065,102,5,0,2051,True,0.32,0.24
2025-03-09 19:00:00,0,2521,0,14,0,2507,True,0.32,0.24
2025-03-09 20:00:00,0,2665,0,32,0,2633,False,0.138,0.06
2025-03-09 21:00:00,0,5654,0,3577,14,2091,False,0.138,0.06
2025-03-09 22:00:00,0,1883,0,1886,3,0,False,0.138,0.06
2025-03-09 23:00:00,0,1242,0,1246,4,0,False,0.138,0.06
2025-03-10 00:00:00,0,1235,0,1235,0,0,False,0.138,0.06
2025-03-10 01:00:00,0,2235,0,2235,0,0,False,0.138,0.06
2025-03-10 02:00:00,0,2457,0,2463,6,0,False,0.138,0.06
2025-03-10 03:00:00,0,2380,0,2386,6,0,False,0.138,0.06
2025-03-10 04:00:00,0,2220,0,2228,8,0,False,0.138,0.06
2025-03-10 05:00:00,0,1417,0,1427,10,0,False,0.138,0.06
2025-03-10 06:00:00,0,2143,0,2153,10,0,False,0.138,0.06
2025-03-10 07:00:00,458,2684,0,2673,447,0,False,0.138,0.06
2025-03-10 08:00:00,1801,2428,0,2441,1814,0,False,0.138,0.06
2025-03-10 09:00:00,2474,4711,0,4736,2499,0,False,0.138,0.06
2025-03-10 10:00:00,3510,2777,0,2786,3519,0,False,0.138,0.06
2025-03-10 11:00:00,4975,2244,0,2195,4926,0,False,0.138,0.06
2025-03-10 12:00:00,4572,775,1277,45,2565,0,False,0.138,0.06
2025-03-10 13:00:00,5036,851,3986,0,199,0,False,0.138,0.06
2025-03-10 14:00:00,4574,689,3753,0,132,0,False,0.138,0.06
2025-03-10 15:00:00,3097,1304,1673,0,120,0,False,0.138,0.06
2025-03-10 16:00:00,1628,727,1600,0,18,717,True,0.32,0.24
2025-03-10 17:00:00,552,1101,538,0,0,1087,True,0.32,0.24
2025-03-10 18:00:00,80,919,67,4,0,902,True,0.32,0.24
2025-03-10 19:00:00,0,1836,2,10,0,1828,True,0.32,0.24
2025-03-10 20:00:00,0,5291,10,10,0,5291,False,0.138,0.06
2025-03-10 21:00:00,0,1591,5,14,0,1582,False,0.138,0.06
2025-03-10 22:00:00,0,1774,0,931,14,857,False,0.138,0.06
2025-03-10 23:00:00,0,920,0,922,2,0,False,0.138,0.06
2025-03-11 00:00:00,0,1385,0,1385,0,0,False,0.138,0.06
2025-03-11 01:00:00,0,1300,0,1304,4,0,False,0.138,0.06
2025-03-11 02:00:00,0,1607,0,1613,6,0,False,0.138,0.06
2025-03-11 03:00:00,0,978,0,980,2,0,False,0.138,0.06
2025-03-11 04:00:00,0,1715,0,1725,10,0,False,0.138,0.06
2025-03-11 05:00:00,0,2463,0,2477,14,0,False,0.138,0.06
2025-03-11 06:00:00,0,2398,0,2404,6,0,False,0.138,0.06
2025-03-11 07:00:00,476,2086,0,2076,466,0,False,0.138,0.06
2025-03-11 08:00:00,1794,2322,0,2341,1813,0,False,0.138,0.06
2025-03-11 09:00:00,2473,1690,0,1710,2493,0,False,0.138,0.06
2025-03-11 10:00:00,3460,750,0,785,3495,0,False,0.138,0.06
2025-03-11 11:00:00,4929,415,0,436,4950,0,False,0.138,0.06
2025-03-11 12:00:00,5507,997,2146,30,2394,0,False,0.138,0.06
2025-03-11 13:00:00,5526,935,4371,0,220,0,False,0.138,0.06
2025-03-11 14:00:00,4861,454,4266,0,141,0,False,0.138,0.06
2025-03-11 15:00:00,3205,411,2652,0,142,0,False,0.138,0.06
2025-03-11 16:00:00,1652,427,1661,0,0,436,True,0.32,0.24
2025-03-11 17:00:00,578,957,556,0,0,935,True,0.32,0.24
2025-03-11 18:00:00,89,835,79,5,0,820,True,0.32,0.24
2025-03-11 19:00:00,0,768,3,19,0,752,True,0.32,0.24
2025-03-11 20:00:00,1,5228,6,21,0,5212,False,0.138,0.06
2025-03-11 21:00:00,0,2084,5,0,0,2089,False,0.138,0.06
2025-03-11 22:00:00,0,1568,0,22,0,1546,False,0.138,0.06
2025-03-11 23:00:00,0,1240,0,850,12,402,False,0.138,0.06
2025-03-12 00:00:00,0,729,0,736,7,0,False,0.138,0.06
2025-03-12 01:00:00,0,729,0,746,17,0,False,0.138,0.06
2025-03-12 02:00:00,0,689,0,707,18,0,False,0.138,0.06
2025-03-12 03:00:00,0,1165,0,1183,18,0,False,0.138,0.06
2025-03-12 04:00:00,0,791,0,809,18,0,False,0.138,0.06
2025-03-12 05:00:00,0,1123,0,1141,18,0,False,0.138,0.06
2025-03-12 06:00:00,0,1266,0,1283,17,0,False,0.138,0.06
2025-03-12 07:00:00,295,1783,0,1772,284,0,False,0.138,0.06
2025-03-12 08:00:00,1209,1748,0,1764,1225,0,False,0.138,0.06
2025-03-12 09:00:00,2207,1765,0,1795,2237,0,False,0.138,0.06
2025-03-12 10:00:00,3712,1272,0,1301,3741,0,False,0.138,0.06
2025-03-12 11:00:00,5158,830,0,845,5173,0,False,0.138,0.06
2025-03-12 12:00:00,5865,1282,2128,364,2819,0,False,0.138,0.06
2025-03-12 13:00:00,5707,646,4860,0,201,0,False,0.138,0.06
2025-03-12 14:00:00,4667,1150,3378,0,139,0,False,0.138,0.06
2025-03-12 15:00:00,3265,1021,2094,0,150,0,False,0.138,0.06
2025-03-12 16:00:00,1930,741,1934,0,0,745,True,0.32,0.24
2025-03-12 17:00:00,850,1724,842,0,0,1716,True,0.32,0.24
2025-03-12 18:00:00,113,1621,103,14,0,1597,True,0.32,0.24
2025-03-12 19:00:00,0,1980,3,8,0,1975,True,0.32,0.24
2025-03-12 20:00:00,0,3073,1,12,0,3062,False,0.138,0.06
2025-03-12 21:00:00,0,2082,0,15,0,2067,False,0.138,0.06
2025-03-12 22:00:00,0,2214,0,1154,19,1079,False,0.138,0.06
2025-03-12 23:00:00,0,933,0,941,8,0,False,0.138,0.06
2025-03-13 00:00:00,0,1724,0,1727,3,0,False,0.138,0.06
2025-03-13 01:00:00,0,1076,0,1086,10,0,False,0.138,0.06
2025-03-13 02:00:00,0,1329,0,1332,3,0,False,0.138,0.06
2025-03-13 03:00:00,0,1476,0,1485,9,0,False,0.138,0.06
2025-03-13 04:00:00,0,1053,0,1063,10,0,False,0.138,0.06
2025-03-13 05:00:00,0,1574,0,1590,16,0,False,0.138,0.06
2025-03-13 06:00:00,0,2461,0,2470,9,0,False,0.138,0.06
2025-03-13 07:00:00,197,2218,0,2206,185,0,False,0.138,0.06
2025-03-13 08:00:00,972,2285,0,2298,985,0,False,0.138,0.06
2025-03-13 09:00:00,2637,2277,0,2274,2634,0,False,0.138,0.06
2025-03-13 10:00:00,3785,563,0,576,3798,0,False,0.138,0.06
2025-03-13 11:00:00,5599,1165,0,1027,5461,0,False,0.138,0.06
2025-03-13 12:00:00,6087,913,2793,189,2570,0,False,0.138,0.06
2025-03-13 13:00:00,3999,1567,2224,0,208,0,False,0.138,0.06
2025-03-13 14:00:00,3994,1830,2023,0,141,0,False,0.138,0.06
2025-03-13 15:00:00,3568,530,2921,0,117,0,False,0.138,0.06
2025-03-13 16:00:00,1951,470,1967,0,0,486,True,0.32,0.24
2025-03-13 17:00:00,766,2054,754,0,0,2042,True,0.32,0.24
2025-03-13 18:00:00,135,1758,115,7,0,1731,True,0.32,0.24
2025-03-13 19:00:00,0,2560,8,12,0,2556,True,0.32,0.24
2025-03-13 20:00:00,0,2779,2,16,0,2765,False,0.138,0.06
2025-03-13 21:00:00,0,2526,6,8,0,2524,False,0.138,0.06
2025-03-13 22:00:00,0,2478,0,2328,4,154,False,0.138,0.06
2025-03-13 23:00:00,0,1123,0,1123,0,0,False,0.138,0.06
2025-03-14 00:00:00,0,1220,0,1226,6,0,False,0.138,0.06
2025-03-14 01:00:00,0,1242,0,1242,0,0,False,0.138,0.06
2025-03-14 02:00:00,0,2029,0,2031,2,0,False,0.138,0.06
2025-03-14 03:00:00,0,1306,0,1310,4,0,False,0.138,0.06
2025-03-14 04:00:00,0,2096,0,2100,4,0,False,0.138,0.06
2025-03-14 05:00:00,0,2433,0,2441,8,0,False,0.138,0.06
2025-03-14 06:00:00,0,1830,0,1838,8,0,False,0.138,0.06
2025-03-14 07:00:00,195,2212,0,2198,181,0,False,0.138,0.06
2025-03-14 08:00:00,1444,2259,0,2277,1462,0,False,0.138,0.06
2025-03-14 09:00:00,2657,2717,0,2738,2678,0,False,0.138,0.06
2025-03-14 10:00:00,3725,1275,0,1297,3747,0,False,0.138,0.06
2025-03-14 11:00:00,5075,926,0,956,5105,0,False,0.138,0.06
2025-03-14 12:00:00,5593,5032,0,1891,2452,0,False,0.138,0.06
2025-03-14 13:00:00,5602,2465,2952,0,185,0,False,0.138,0.06
2025-03-14 14:00:00,4912,1464,3293,0,155,0,False,0.138,0.06
2025-03-14 15:00:00,3315,907,2261,0,147,0,False,0.138,0.06
2025-03-14 16:00:00,1764,1262,1772,0,0,1270,True,0.32,0.24
2025-03-14 17:00:00,661,1283,645,0,0,1267,True,0.32,0.24
2025-03-14 18:00:00,119,1378,110,9,0,1360,True,0.32,0.24
2025-03-14 19:00:00,0,648,9,11,0,646,True,0.32,0.24
2025-03-14 20:00:00,0,2786,12,9,0,2789,False,0.138,0.06
2025-03-14 21:00:00,0,1617,12,0,0,1629,False,0.138,0.06
2025-03-14 22:00:00,0,1286,0,18,0,1268,False,0.138,0.06
2025-03-14 23:00:00,0,1218,0,23,0,1195,False,0.138,0.06
2025-03-15 00:00:00,0,1059,0,477,17,599,False,0.138,0.06
2025-03-15 01:00:00,0,1075,0,1076,1,0,False,0.138,0.06
2025-03-15 02:00:00,0,1057,0,1060,3,0,False,0.138,0.06
2025-03-15 03:00:00,0,1115,0,1124,9,0,False,0.138,0.06
2025-03-15 04:00:00,0,2347,0,2353,6,0,False,0.138,0.06
2025-03-15 05:00:00,0,2238,0,2252,14,0,False,0.138,0.06
2025-03-15 06:00:00,0,2384,0,2393,9,0,False,0.138,0.06
2025-03-15 07:00:00,118,2753,0,2746,111,0,False,0.138,0.06
2025-03-15 08:00:00,435,2456,0,2469,448,0,False,0.138,0.06
2025-03-15 09:00:00,909,639,0,651,921,0,False,0.138,0.06
2025-03-15 10:00:00,2284,1462,0,1426,2248,0,False,0.138,0.06
2025-03-15 11:00:00,5177,1293,0,1083,4967,0,False,0.138,0.06
2025-03-15 12:00:00,5661,1281,0,1293,5673,0,False,0.138,0.06
2025-03-15 13:00:00,5632,2102,2342,0,1188,0,False,0.138,0.06
2025-03-15 14:00:00,4851,626,4070,0,155,0,False,0.138,0.06
2025-03-15 15:00:00,3304,566,2580,0,158,0,False,0.138,0.06
2025-03-15 16:00:00,1742,450,1757,0,0,465,True,0.32,0.24
2025-03-15 17:00:00,655,1137,639,0,0,1121,True,0.32,0.24
2025-03-15 18:00:00,108,943,105,4,0,936,True,0.32,0.24
2025-03-15 19:00:00,0,1562,2,11,0,1553,True,0.32,0.24
2025-03-15 20:00:00,0,1617,0,12,0,1605,False,0.138,0.06
2025-03-15 21:00:00,0,1283,0,12,0,1271,False,0.138,0.06
2025-03-15 22:00:00,0,1112,0,11,0,1101,False,0.138,0.06
2025-03-15 23:00:00,0,519,0,20,0,499,False,0.138,0.06
2025-03-16 00:00:00,0,924,0,21,1,904,False,0.138,0.06
2025-03-16 01:00:00,0,942,0,26,0,916,False,0.138,0.06
2025-03-16 02:00:00,0,825,0,21,0,804,False,0.138,0.06
2025-03-16 03:00:00,0,840,0,306,7,541,False,0.138,0.06
2025-03-16 04:00:00,0,659,0,671,12,0,False,0.138,0.06
2025-03-16 05:00:00,0,821,0,825,4,0,False,0.138,0.06
2025-03-16 06:00:00,0,1341,0,1345,4,0,False,0.138,0.06
2025-03-16 07:00:00,93,1629,0,1631,95,0,False,0.138,0.06
2025-03-16 08:00:00,563,1444,0,1452,571,0,False,0.138,0.06
2025-03-16 09:00:00,981,1735,0,1739,985,0,False,0.138,0.06
2025-03-16 10:00:00,1368,510,0,522,1380,0,False,0.138,0.06
2025-03-16 11:00:00,2125,471,0,485,2139,0,False,0.138,0.06
2025-03-16 12:00:00,3049,1198,0,1051,2902,0,False,0.138,0.06
2025-03-16 13:00:00,3492,729,0,428,3191,0,False,0.138,0.06
2025-03-16 14:00:00,2601,1240,0,1167,2528,0,False,0.138,0.06
2025-03-16 15:00:00,2105,589,138,460,1838,0,False,0.138,0.06
2025-03-16 16:00:00,1336,532,1349,0,0,545,True,0.32,0.24
2025-03-16 17:00:00,401,924,383,0,0,906,True,0.32,0.24
2025-03-16 18:00:00,70,754,62,7,0,739,True,0.32,0.24
2025-03-16 19:00:00,0,693,5,9,0,689,True,0.32,0.24
2025-03-16 20:00:00,0,4088,0,25,0,4063,False,0.138,0.06
2025-03-16 21:00:00,0,1785,11,14,0,1782,False,0.138,0.06
2025-03-16 22:00:00,0,714,0,21,0,693,False,0.138,0.06
2025-03-16 23:00:00,0,470,0,23,0,447,False,0.138,0.06
2025-03-17 00:00:00,0,436,0,18,0,418,False,0.138,0.06
2025-03-17 01:00:00,0,455,0,19,0,436,False,0.138,0.06
2025-03-17 02:00:00,0,425,0,19,0,406,False,0.138,0.06
2025-03-17 03:00:00,0,456,0,20,0,436,False,0.138,0.06
2025-03-17 04:00:00,0,496,0,397,14,113,False,0.138,0.06
2025-03-17 05:00:00,0,449,0,467,18,0,False,0.138,0.06
2025-03-17 06:00:00,0,471,0,491,20,0,False,0.138,0.06
2025-03-17 07:00:00,0,589,0,601,12,0,False,0.138,0.06
2025-03-17 08:00:00,143,454,0,437,126,0,False,0.138,0.06
2025-03-17 09:00:00,396,574,0,587,409,0,False,0.138,0.06
2025-03-17 10:00:00,604,503,0,506,607,0,False,0.138,0.06
2025-03-17 11:00:00,1460,489,0,512,1483,0,False,0.138,0.06
2025-03-17 12:00:00,1856,417,0,419,1858,0,False,0.138,0.06
2025-03-17 13:00:00,862,426,0,428,864,0,False,0.138,0.06
2025-03-17 14:00:00,1292,421,0,420,1291,0,False,0.138,0.06
2025-03-17 15:00:00,1033,451,0,454,1036,0,False,0.138,0.06
2025-03-17 16:00:00,202,606,199,0,8,611,True,0.32,0.24
2025-03-17 17:00:00,113,1147,107,8,0,1133,True,0.32,0.24
2025-03-17 18:00:00,9,1076,4,17,0,1054,True,0.32,0.24
2025-03-17 19:00:00,0,930,4,17,0,917,True,0.32,0.24
2025-03-17 20:00:00,0,4396,0,3268,8,1136,False,0.138,0.06
2025-03-17 21:00:00,0,1803,0,1805,2,0,False,0.138,0.06
2025-03-17 22:00:00,0,2038,0,2038,0,0,False,0.138,0.06
2025-03-17 23:00:00,0,1041,0,1041,0,0,False,0.138,0.06
2025-03-18 00:00:00,0,944,0,948,4,0,False,0.138,0.06
2025-03-18 01:00:00,0,981,0,985,4,0,False,0.138,0.06
2025-03-18 02:00:00,0,925,0,931,6,0,False,0.138,0.06
2025-03-18 03:00:00,0,1119,0,1127,8,0,False,0.138,0.06
2025-03-18 04:00:00,0,1411,0,1420,9,0,False,0.138,0.06
2025-03-18 05:00:00,0,1117,0,1130,13,0,False,0.138,0.06
2025-03-18 06:00:00,0,1871,0,1882,11,0,False,0.138,0.06
2025-03-18 07:00:00,315,2288,0,2285,312,0,False,0.138,0.06
2025-03-18 08:00:00,1499,2142,0,2149,1506,0,False,0.138,0.06
2025-03-18 09:00:00,2471,1704,0,1733,2500,0,False,0.138,0.06
2025-03-18 10:00:00,3441,423,0,432,3450,0,False,0.138,0.06
2025-03-18 11:00:00,4729,1015,0,948,4662,0,False,0.138,0.06
2025-03-18 12:00:00,4491,1171,1257,529,2592,0,False,0.138,0.06
2025-03-18 13:00:00,5054,433,4456,0,165,0,False,0.138,0.06
2025-03-18 14:00:00,3676,425,3140,0,111,0,False,0.138,0.06
2025-03-18 15:00:00,2763,1247,1468,0,48,0,False,0.138,0.06
2025-03-18 16:00:00,1952,1534,1954,0,1,1537,True,0.32,0.24
2025-03-18 17:00:00,1188,1393,1176,0,0,1381,True,0.32,0.24
2025-03-18 18:00:00,330,868,314,0,0,852,True,0.32,0.24
2025-03-18 19:00:00,0,1193,4,20,0,1177,True,0.32,0.24
2025-03-18 20:00:00,0,2334,8,11,0,2331,False,0.138,0.06
2025-03-18 21:00:00,0,4069,8,3,0,4074,False,0.138,0.06
2025-03-18 22:00:00,0,1586,0,772,14,828,False,0.138,0.06
2025-03-18 23:00:00,0,904,0,910,6,0,False,0.138,0.06
2025-03-19 00:00:00,0,1085,0,1085,0,0,False,0.138,0.06
2025-03-19 01:00:00,0,1117,0,1125,8,0,False,0.138,0.06
2025-03-19 02:00:00,0,1218,0,1228,10,0,False,0.138,0.06
2025-03-19 03:00:00,0,2073,0,2085,12,0,False,0.138,0.06
2025-03-19 04:00:00,0,2242,0,2252,10,0,False,0.138,0.06
2025-03-19 05:00:00,0,2208,0,2220,12,0,False,0.138,0.06
2025-03-19 06:00:00,0,2488,0,2499,11,0,False,0.138,0.06
2025-03-19 07:00:00,853,2298,0,2294,849,0,False,0.138,0.06
2025-03-19 08:00:00,2336,2068,0,2084,2352,0,False,0.138,0.06
2025-03-19 09:00:00,2926,1682,0,1702,2946,0,False,0.138,0.06
2025-03-19 10:00:00,3976,482,0,517,4011,0,False,0.138,0.06
2025-03-19 11:00:00,5349,1236,82,822,4853,0,False,0.138,0.06
2025-03-19 12:00:00,5868,600,4623,0,645,0,False,0.138,0.06
2025-03-19 13:00:00,5857,423,5273,0,161,0,False,0.138,0.06
2025-03-19 14:00:00,5244,451,4690,0,103,0,False,0.138,0.06
2025-03-19 15:00:00,3622,1269,2211,0,142,0,False,0.138,0.06
2025-03-19 16:00:00,2119,673,2125,0,0,679,True,0.32,0.24
2025-03-19 17:00:00,748,1253,735,0,0,1240,True,0.32,0.24
2025-03-19 18:00:00,73,894,63,4,0,880,True,0.32,0.24
2025-03-19 19:00:00,0,1536,0,23,0,1513,True,0.32,0.24
2025-03-19 20:00:00,0,2461,7,0,0,2468,False,0.138,0.06
2025-03-19 21:00:00,0,1871,7,19,0,1859,False,0.138,0.06
2025-03-19 22:00:00,0,1748,0,14,0,1734,False,0.138,0.06
2025-03-19 23:00:00,0,950,0,28,0,922,False,0.138,0.06
2025-03-20 00:00:00,0,1031,0,370,18,679,False,0.138,0.06
2025-03-20 01:00:00,0,1022,0,1032,10,0,False,0.138,0.06
2025-03-20 02:00:00,0,989,0,1001,12,0,False,0.138,0.06
2025-03-20 03:00:00,0,1067,0,1083,16,0,False,0.138,0.06
2025-03-20 04:00:00,0,1412,0,1422,10,0,False,0.138,0.06
2025-03-20 05:00:00,0,2247,0,2258,11,0,False,0.138,0.06
2025-03-20 06:00:00,0,2324,0,2337,13,0,False,0.138,0.06
2025-03-20 07:00:00,87,2347,0,2336,76,0,False,0.138,0.06
2025-03-20 08:00:00,483,2225,0,2237,495,0,False,0.138,0.06
2025-03-20 09:00:00,1097,712,0,723,1108,0,False,0.138,0.06
2025-03-20 10:00:00,1754,957,0,971,1768,0,False,0.138,0.06
2025-03-20 11:00:00,2618,1564,0,1584,2638,0,False,0.138,0.06
2025-03-20 12:00:00,3630,1488,0,1517,3659,0,False,0.138,0.06
2025-03-20 13:00:00,5570,560,63,237,5184,0,False,0.138,0.06
2025-03-20 14:00:00,4531,439,3322,0,770,0,False,0.138,0.06
2025-03-20 15:00:00,1907,1607,262,119,157,0,False,0.138,0.06
2025-03-20 16:00:00,1284,417,1295,0,0,428,True,0.32,0.24
2025-03-20 17:00:00,612,1169,593,0,0,1150,True,0.32,0.24
2025-03-20 18:00:00,96,865,87,4,0,852,True,0.32,0.24
2025-03-20 19:00:00,0,1007,0,8,0,999,True,0.32,0.24
2025-03-20 20:00:00,0,3282,8,14,0,3276,False,0.138,0.06
2025-03-20 21:00:00,0,1230,0,21,0,1209,False,0.138,0.06
2025-03-20 22:00:00,0,1092,1,28,0,1065,False,0.138,0.06
2025-03-20 23:00:00,0,1165,0,9,0,1156,False,0.138,0.06
2025-03-21 00:00:00,0,818,0,22,0,796,False,0.138,0.06
2025-03-21 01:00:00,0,886,0,23,0,863,False,0.138,0.06
2025-03-21 02:00:00,0,529,0,397,4,136,False,0.138,0.06
2025-03-21 03:00:00,0,780,0,790,10,0,False,0.138,0.06
2025-03-21 04:00:00,0,881,0,887,6,0,False,0.138,0.06
2025-03-21 05:00:00,0,894,0,902,8,0,False,0.138,0.06
2025-03-21 06:00:00,0,1876,0,1882,6,0,False,0.138,0.06
2025-03-21 07:00:00,125,1724,0,1729,130,0,False,0.138,0.06
2025-03-21 08:00:00,153,1572,0,1572,153,0,False,0.138,0.06
2025-03-21 09:00:00,1385,1627,0,1642,1400,0,False,0.138,0.06
2025-03-21 10:00:00,3104,498,0,389,2995,0,False,0.138,0.06
2025-03-21 11:00:00,4440,1391,0,915,3964,0,False,0.138,0.06
2025-03-21 12:00:00,3626,710,0,473,3389,0,False,0.138,0.06
2025-03-21 13:00:00,3708,411,270,281,3308,0,False,0.138,0.06
2025-03-21 14:00:00,3230,1579,1407,0,244,0,False,0.138,0.06
2025-03-21 15:00:00,4423,1738,2521,0,164,0,False,0.138,0.06
2025-03-21 16:00:00,2095,1776,2089,0,0,1770,True,0.32,0.24
2025-03-21 17:00:00,862,1743,858,0,0,1739,True,0.32,0.24
2025-03-21 18:00:00,160,1608,140,0,0,1588,True,0.32,0.24
2025-03-21 19:00:00,0,1738,0,8,0,1730,True,0.32,0.24
2025-03-21 20:00:00,0,1292,0,19,0,1273,False,0.138,0.06
2025-03-21 21:00:00,0,1660,0,27,0,1633,False,0.138,0.06
2025-03-21 22:00:00,0,1336,0,23,0,1313,False,0.138,0.06
2025-03-21 23:00:00,0,1036,0,71,6,971,False,0.138,0.06
2025-03-22 00:00:00,0,1407,0,1419,12,0,False,0.138,0.06
2025-03-22 01:00:00,0,1520,0,1522,2,0,False,0.138,0.06
2025-03-22 02:00:00,0,2194,0,2198,4,0,False,0.138,0.06
2025-03-22 03:00:00,0,979,0,985,6,0,False,0.138,0.06
2025-03-22 04:00:00,0,1939,0,1946,7,0,False,0.138,0.06
2025-03-22 05:00:00,0,2353,0,2366,13,0,False,0.138,0.06
2025-03-22 06:00:00,13,2295,0,2298,16,0,False,0.138,0.06
2025-03-22 07:00:00,789,2604,0,2597,782,0,False,0.138,0.06
2025-03-22 08:00:00,2269,2195,0,2210,2284,0,False,0.138,0.06
2025-03-22 09:00:00,3087,3674,0,3696,3109,0,False,0.138,0.06
2025-03-22 10:00:00,4286,1290,0,1304,4300,0,False,0.138,0.06
2025-03-22 11:00:00,5406,1051,167,531,4719,0,False,0.138,0.06
2025-03-22 12:00:00,5965,1174,4363,0,428,0,False,0.138,0.06
2025-03-22 13:00:00,5923,1006,4725,0,192,0,False,0.138,0.06
2025-03-22 14:00:00,5144,1052,3925,0,167,0,False,0.138,0.06
2025-03-22 15:00:00,3685,717,2860,0,108,0,False,0.138,0.06
2025-03-22 16:00:00,1767,436,1790,0,1,460,True,0.32,0.24
2025-03-22 17:00:00,1098,1030,1079,0,0,1011,True,0.32,0.24
2025-03-22 18:00:00,222,923,214,0,0,915,True,0.32,0.24
2025-03-22 19:00:00,0,1273,1,17,0,1257,True,0.32,0.24
2025-03-22 20:00:00,0,1538,7,15,0,1530,False,0.138,0.06
2025-03-22 21:00:00,0,4002,6,9,0,3999,False,0.138,0.06
2025-03-22 22:00:00,0,1065,2,15,0,1052,False,0.138,0.06
2025-03-22 23:00:00,0,919,0,22,0,897,False,0.138,0.06
2025-03-23 00:00:00,0,740,0,24,0,716,False,0.138,0.06
2025-03-23 01:00:00,0,1106,0,962,22,166,False,0.138,0.06
2025-03-23 02:00:00,0,1124,0,1138,14,0,False,0.138,0.06
2025-03-23 03:00:00,0,1204,0,1214,10,0,False,0.138,0.06
2025-03-23 04:00:00,0,1793,0,1804,11,0,False,0.138,0.06
2025-03-23 05:00:00,0,2255,0,2267,12,0,False,0.138,0.06
2025-03-23 06:00:00,9,2325,0,2325,9,0,False,0.138,0.06
2025-03-23 07:00:00,1186,3084,0,3072,1174,0,False,0.138,0.06
2025-03-23 08:00:00,2756,3267,0,3280,2769,0,False,0.138,0.06
2025-03-23 09:00:00,3406,3662,0,3697,3441,0,False,0.138,0.06
2025-03-23 10:00:00,4715,2411,0,2048,4352,0,False,0.138,0.06
2025-03-23 11:00:00,5966,1411,1416,301,3440,0,False,0.138,0.06
2025-03-23 12:00:00,6425,1792,4221,0,412,0,False,0.138,0.06
2025-03-23 13:00:00,6368,2306,3904,0,158,0,False,0.138,0.06
2025-03-23 14:00:00,5665,1914,3605,0,146,0,False,0.138,0.06
2025-03-23 15:00:00,3948,1359,2467,0,122,0,False,0.138,0.06
2025-03-23 16:00:00,2301,1584,2305,0,0,1588,True,0.32,0.24
2025-03-23 17:00:00,878,1462,857,0,0,1441,True,0.32,0.24
2025-03-23 18:00:00,174,1127,163,3,0,1113,True,0.32,0.24
2025-03-23 19:00:00,0,1962,5,7,0,1960,True,0.32,0.24
2025-03-23 20:00:00,0,1224,0,22,0,1202,False,0.138,0.06
2025-03-23 21:00:00,0,5664,8,704,11,4979,False,0.138,0.06
2025-03-23 22:00:00,0,3435,0,3441,6,0,False,0.138,0.06
2025-03-23 23:00:00,0,3098,0,3098,0,0,False,0.138,0.06
2025-03-24 00:00:00,0,2561,0,2561,0,0,False,0.138,0.06
2025-03-24 01:00:00,0,2255,0,2255,0,0,False,0.138,0.06
2025-03-24 02:00:00,0,3487,0,3487,0,0,False,0.138,0.06
2025-03-24 03:00:00,0,3494,0,3494,0,0,False,0.138,0.06
2025-03-24 04:00:00,0,3554,0,3555,1,0,False,0.138,0.06
2025-03-24 05:00:00,0,2843,0,2843,0,0,False,0.138,0.06
2025-03-24 06:00:00,0,3112,0,3116,4,0,False,0.138,0.06
2025-03-24 07:00:00,69,2223,0,2218,64,0,False,0.138,0.06
2025-03-24 08:00:00,150,2106,0,2108,152,0,False,0.138,0.06
2025-03-24 09:00:00,333,2280,0,2287,340,0,False,0.138,0.06
2025-03-24 10:00:00,369,2154,0,2169,384,0,False,0.138,0.06
2025-03-24 11:00:00,497,2178,0,2186,505,0,False,0.138,0.06
2025-03-24 12:00:00,465,2146,0,2156,475,0,False,0.138,0.06
2025-03-24 13:00:00,389,1105,0,1118,402,0,False,0.138,0.06
2025-03-24 14:00:00,327,1022,0,1036,341,0,False,0.138,0.06
2025-03-24 15:00:00,205,1958,0,1979,226,0,False,0.138,0.06
2025-03-24 16:00:00,143,1923,115,432,10,1473,True,0.32,0.24
2025-03-24 17:00:00,75,2495,0,2440,20,0,True,0.32,0.24
2025-03-24 18:00:00,5,2342,0,2348,11,0,True,0.32,0.24
2025-03-24 19:00:00,0,1829,0,1830,1,0,True,0.32,0.24
2025-03-24 20:00:00,0,3753,0,3755,2,0,False,0.138,0.06
2025-03-24 21:00:00,0,3423,0,3433,10,0,False,0.138,0.06
2025-03-24 22:00:00,0,1167,0,1169,2,0,False,0.138,0.06
2025-03-24 23:00:00,0,1043,0,1043,0,0,False,0.138,0.06
2025-03-25 00:00:00,0,1288,0,1290,2,0,False,0.138,0.06
2025-03-25 01:00:00,0,2300,0,2303,3,0,False,0.138,0.06
2025-03-25 02:00:00,0,2265,0,2265,0,0,False,0.138,0.06
2025-03-25 03:00:00,0,1424,0,1427,3,0,False,0.138,0.06
2025-03-25 04:00:00,0,2051,0,2055,4,0,False,0.138,0.06
2025-03-25 05:00:00,0,2358,0,2370,12,0,False,0.138,0.06
2025-03-25 06:00:00,4,2404,0,2404,4,0,False,0.138,0.06
2025-03-25 07:00:00,677,2220,0,2207,664,0,False,0.138,0.06
2025-03-25 08:00:00,2588,2101,0,2118,2605,0,False,0.138,0.06
2025-03-25 09:00:00,3033,1694,0,1708,3047,0,False,0.138,0.06
2025-03-25 10:00:00,3614,1264,0,1091,3441,0,False,0.138,0.06
2025-03-25 11:00:00,4652,922,88,305,3947,0,False,0.138,0.06
2025-03-25 12:00:00,4484,1166,1206,244,2356,0,False,0.138,0.06
2025-03-25 13:00:00,4725,440,4053,0,232,0,False,0.138,0.06
2025-03-25 14:00:00,3336,428,2735,0,173,0,False,0.138,0.06
2025-03-25 15:00:00,2138,1339,625,0,174,0,False,0.138,0.06
2025-03-25 16:00:00,1935,1523,1929,0,0,1517,True,0.32,0.24
2025-03-25 17:00:00,968,1271,958,0,0,1261,True,0.32,0.24
2025-03-25 18:00:00,231,823,213,0,0,805,True,0.32,0.24
2025-03-25 19:00:00,0,1734,3,19,0,1718,True,0.32,0.24
2025-03-25 20:00:00,0,2316,14,3,0,2327,False,0.138,0.06
2025-03-25 21:00:00,0,1187,3,17,0,1173,False,0.138,0.06
2025-03-25 22:00:00,0,2360,4,8,0,2356,False,0.138,0.06
2025-03-25 23:00:00,0,2187,2,1288,17,918,False,0.138,0.06
2025-03-26 00:00:00,0,2216,0,2216,0,0,False,0.138,0.06
2025-03-26 01:00:00,0,2232,0,2232,0,0,False,0.138,0.06
2025-03-26 02:00:00,0,2490,0,2491,1,0,False,0.138,0.06
2025-03-26 03:00:00,0,3308,0,3308,0,0,False,0.138,0.06
2025-03-26 04:00:00,0,3425,0,3425,0,0,False,0.138,0.06
2025-03-26 05:00:00,0,3434,0,3434,0,0,False,0.138,0.06
2025-03-26 06:00:00,0,3148,0,3148,0,0,False,0.138,0.06
2025-03-26 07:00:00,588,3324,0,3317,581,0,False,0.138,0.06
2025-03-26 08:00:00,1109,2147,0,2163,1125,0,False,0.138,0.06
2025-03-26 09:00:00,1272,1084,0,1101,1289,0,False,0.138,0.06
2025-03-26 10:00:00,3429,1403,0,1408,3434,0,False,0.138,0.06
2025-03-26 11:00:00,3541,1659,0,1685,3567,0,False,0.138,0.06
2025-03-26 12:00:00,3938,1521,0,1542,3959,0,False,0.138,0.06
2025-03-26 13:00:00,4170,524,2019,224,1851,0,False,0.138,0.06
2025-03-26 14:00:00,4717,1252,3265,0,200,0,False,0.138,0.06
2025-03-26 15:00:00,3410,876,2465,0,69,0,False,0.138,0.06
2025-03-26 16:00:00,1646,410,1620,0,3,387,True,0.32,0.24
2025-03-26 17:00:00,1042,1876,1021,0,0,1855,True,0.32,0.24
2025-03-26 18:00:00,189,1951,181,0,0,1943,True,0.32,0.24
2025-03-26 19:00:00,0,1720,11,9,0,1722,True,0.32,0.24
2025-03-26 20:00:00,0,1932,4,8,0,1928,False,0.138,0.06
2025-03-26 21:00:00,0,2186,4,8,0,2182,False,0.138,0.06
2025-03-26 22:00:00,0,2508,2,310,8,2208,False,0.138,0.06
2025-03-26 23:00:00,0,2094,0,2102,8,0,False,0.138,0.06
2025-03-27 00:00:00,0,2149,0,2149,0,0,False,0.138,0.06
2025-03-27 01:00:00,0,2468,0,2468,0,0,False,0.138,0.06
2025-03-27 02:00:00,0,3148,0,3148,0,0,False,0.138,0.06
2025-03-27 03:00:00,0,3412,0,3412,0,0,False,0.138,0.06
2025-03-27 04:00:00,0,3494,0,3495,1,0,False,0.138,0.06
2025-03-27 05:00:00,0,3367,0,3367,0,0,False,0.138,0.06
2025-03-27 06:00:00,38,3360,0,3349,27,0,False,0.138,0.06
2025-03-27 07:00:00,1342,3093,0,3079,1328,0,False,0.138,0.06
2025-03-27 08:00:00,2802,2465,0,2482,2819,0,False,0.138,0.06
2025-03-27 09:00:00,3037,2493,0,2455,2999,0,False,0.138,0.06
2025-03-27 10:00:00,3942,876,15,464,3515,0,False,0.138,0.06
2025-03-27 11:00:00,3773,1745,0,1203,3231,0,False,0.138,0.06
2025-03-27 12:00:00,4562,3701,0,906,1767,0,False,0.138,0.06
2025-03-27 13:00:00,4518,1759,2555,0,204,0,False,0.138,0.06
2025-03-27 14:00:00,3506,503,2881,0,122,0,False,0.138,0.06
2025-03-27 15:00:00,3040,1760,1122,0,158,0,False,0.138,0.06
2025-03-27 16:00:00,2580,1555,2563,0,6,1544,True,0.32,0.24
2025-03-27 17:00:00,1075,1297,1063,0,0,1285,True,0.32,0.24
2025-03-27 18:00:00,209,1309,176,0,0,1276,True,0.32,0.24
2025-03-27 19:00:00,1,1893,14,10,0,1896,True,0.32,0.24
2025-03-27 20:00:00,0,3544,0,24,0,3520,False,0.138,0.06
2025-03-27 21:00:00,0,1671,3,21,0,1653,False,0.138,0.06
2025-03-27 22:00:00,0,2252,0,1243,18,1027,False,0.138,0.06
2025-03-27 23:00:00,0,2201,0,2201,0,0,False,0.138,0.06
2025-03-28 00:00:00,0,2209,0,2209,0,0,False,0.138,0.06
2025-03-28 01:00:00,0,3231,0,3231,0,0,False,0.138,0.06
2025-03-28 02:00:00,0,3446,0,3446,0,0,False,0.138,0.06
2025-03-28 03:00:00,0,3458,0,3458,0,0,False,0.138,0.06
2025-03-28 04:00:00,0,3400,0,3400,0,0,False,0.138,0.06
2025-03-28 05:00:00,0,3527,0,3527,0,0,False,0.138,0.06
2025-03-28 06:00:00,40,3439,0,3429,30,0,False,0.138,0.06
2025-03-28 07:00:00,694,3106,0,3098,686,0,False,0.138,0.06
2025-03-28 08:00:00,2505,1764,0,1778,2519,0,False,0.138,0.06
2025-03-28 09:00:00,3420,991,0,1012,3441,0,False,0.138,0.06
2025-03-28 10:00:00,4235,557,0,382,4060,0,False,0.138,0.06
2025-03-28 11:00:00,4780,514,0,383,4649,0,False,0.138,0.06
2025-03-28 12:00:00,4734,1891,2500,0,343,0,False,0.138,0.06
2025-03-28 13:00:00,5985,1261,4573,0,151,0,False,0.138,0.06
2025-03-28 14:00:00,5454,453,4827,0,174,0,False,0.138,0.06
2025-03-28 15:00:00,4242,448,3700,0,94,0,False,0.138,0.06
2025-03-28 16:00:00,2608,425,2599,0,12,428,True,0.32,0.24
2025-03-28 17:00:00,823,1153,802,0,1,1133,True,0.32,0.24
2025-03-28 18:00:00,60,1079,54,9,0,1064,True,0.32,0.24
2025-03-28 19:00:00,0,1183,4,15,0,1172,True,0.32,0.24
2025-03-28 20:00:00,0,2658,2,14,0,2646,False,0.138,0.06
2025-03-28 21:00:00,0,1656,3,14,0,1645,False,0.138,0.06
2025-03-28 22:00:00,0,691,0,21,0,670,False,0.138,0.06
2025-03-28 23:00:00,0,826,0,22,0,804,False,0.138,0.06
2025-03-29 00:00:00,0,777,0,23,0,754,False,0.138,0.06
2025-03-29 01:00:00,0,469,0,23,0,446,False,0.138,0.06
2025-03-29 02:00:00,0,813,0,23,0,790,False,0.138,0.06
2025-03-29 03:00:00,0,802,0,673,15,144,False,0.138,0.06
2025-03-29 04:00:00,0,471,0,492,21,0,False,0.138,0.06
2025-03-29 05:00:00,0,1859,0,1882,23,0,False,0.138,0.06
2025-03-29 06:00:00,0,2231,0,2249,18,0,False,0.138,0.06
2025-03-29 07:00:00,308,2347,0,2353,314,0,False,0.138,0.06
2025-03-29 08:00:00,254,3265,0,3278,267,0,False,0.138,0.06
2025-03-29 09:00:00,326,1823,0,1836,339,0,False,0.138,0.06
2025-03-29 10:00:00,439,1056,0,1065,448,0,False,0.138,0.06
2025-03-29 11:00:00,588,2438,0,2446,596,0,False,0.138,0.06
2025-03-29 12:00:00,817,2001,0,2009,825,0,False,0.138,0.06
2025-03-29 13:00:00,805,2278,0,2292,819,0,False,0.138,0.06
2025-03-29 14:00:00,842,2422,0,2428,848,0,False,0.138,0.06
2025-03-29 15:00:00,488,2416,0,2434,506,0,False,0.138,0.06
2025-03-29 16:00:00,361,2158,338,0,5,2140,True,0.32,0.24
2025-03-29 17:00:00,161,2046,112,660,10,1347,True,0.32,0.24
2025-03-29 18:00:00,42,2031,0,1994,5,0,True,0.32,0.24
2025-03-29 19:00:00,0,2240,0,2245,5,0,True,0.32,0.24
2025-03-29 20:00:00,1,4096,0,4093,0,2,False,0.138,0.06
2025-03-29 21:00:00,0,4096,0,4096,0,0,False,0.138,0.06
2025-03-29 22:00:00,0,1769,0,1769,0,0,False,0.138,0.06
2025-03-29 23:00:00,0,1870,0,1872,2,0,False,0.138,0.06
2025-03-30 00:00:00,0,1298,0,1300,2,0,False,0.138,0.06
2025-03-30 01:00:00,0,1349,0,1355,6,0,False,0.138,0.06
2025-03-30 02:00:00,0,1890,0,1900,10,0,False,0.138,0.06
2025-03-30 03:00:00,0,2315,0,2329,14,0,False,0.138,0.06
2025-03-30 04:00:00,0,1910,0,1921,11,0,False,0.138,0.06
2025-03-30 05:00:00,0,1400,0,1415,15,0,False,0.138,0.06
2025-03-30 06:00:00,0,2263,0,2278,15,0,False,0.138,0.06
2025-03-30 07:00:00,4,2539,0,2543,8,0,False,0.138,0.06
2025-03-30 08:00:00,241,2400,0,2395,236,0,False,0.138,0.06
2025-03-30 09:00:00,716,2246,0,2254,724,0,False,0.138,0.06
2025-03-30 10:00:00,1345,2242,0,2250,1353,0,False,0.138,0.06
2025-03-30 11:00:00,1944,2805,0,2817,1956,0,False,0.138,0.06
2025-03-30 12:00:00,2442,1776,0,1787,2453,0,False,0.138,0.06
2025-03-30 13:00:00,1898,2258,0,2268,1908,0,False,0.138,0.06
2025-03-30 14:00:00,2083,1803,0,1828,2108,0,False,0.138,0.06
2025-03-30 15:00:00,1427,1936,0,1953,1444,0,False,0.138,0.06
2025-03-30 16:00:00,901,621,880,0,14,614,True,0.32,0.24
2025-03-30 17:00:00,282,1937,258,0,0,1913,True,0.32,0.24
2025-03-30 18:00:00,42,1989,24,3,0,1968,True,0.32,0.24
2025-03-30 19:00:00,0,1512,6,10,0,1508,True,0.32,0.24
2025-03-30 20:00:00,0,5473,1,2696,15,2793,False,0.138,0.06
2025-03-30 21:00:00,3,5479,0,5477,2,1,False,0.138,0.06
2025-03-30 22:00:00,0,1655,0,1658,3,0,False,0.138,0.06
2025-03-30 23:00:00,0,1376,0,1376,0,0,False,0.138,0.06
2025-03-31 00:00:00,0,1125,0,1133,8,0,False,0.138,0.06
2025-03-31 01:00:00,0,942,0,951,9,0,False,0.138,0.06
2025-03-31 02:00:00,0,918,0,936,18,0,False,0.138,0.06
2025-03-31 03:00:00,0,758,0,772,14,0,False,0.138,0.06
2025-03-31 04:00:00,0,1056,0,1074,18,0,False,0.138,0.06
2025-03-31 05:00:00,0,1672,0,1688,16,0,False,0.138,0.06
2025-03-31 06:00:00,0,1645,0,1657,12,0,False,0.138,0.06
2025-03-31 07:00:00,177,1941,0,1947,183,0,False,0.138,0.06
2025-03-31 08:00:00,580,2065,0,2065,580,0,False,0.138,0.06
2025-03-31 09:00:00,1107,1073,0,1083,1117,0,False,0.138,0.06
2025-03-31 10:00:00,1807,1174,0,1176,1809,0,False,0.138,0.06
2025-03-31 11:00:00,2935,1125,0,1073,2883,0,False,0.138,0.06
2025-03-31 12:00:00,3278,3288,0,3123,3113,0,False,0.138,0.06
2025-03-31 13:00:00,1514,1835,0,1842,1521,0,False,0.138,0.06
2025-03-31 14:00:00,710,535,0,534,709,0,False,0.138,0.06
2025-03-31 15:00:00,711,465,0,467,713,0,False,0.138,0.06
2025-03-31 16:00:00,515,451,516,0,4,456,True,0.32,0.24
2025-03-31 17:00:00,349,894,327,0,0,872,True,0.32,0.24
2025-03-31 18:00:00,201,822,187,0,0,808,True,0.32,0.24
2025-03-31 19:00:00,2,819,3,8,0,812,True,0.32,0.24
2025-03-31 20:00:00,2,3962,2,9,0,3953,False,0.138,0.06
2025-03-31 21:00:00,0,1927,20,2,0,1945,False,0.138,0.06
2025-03-31 22:00:00,0,1239,0,911,26,354,False,0.138,0.06
2025-03-31 23:00:00,0,1436,0,1436,0,0,False,0.138,0.06
2025-04-01 00:00:00,0,1076,0,1078,2,0,False,0.138,0.06
2025-04-01 01:00:00,0,1215,0,1216,1,0,False,0.138,0.06
2025-04-01 02:00:00,0,1175,0,1175,0,0,False,0.138,0.06
2025-04-01 03:00:00,0,1474,0,1474,0,0,False,0.138,0.06
2025-04-01 04:00:00,0,1152,0,1153,1,0,False,0.138,0.06
2025-04-01 05:00:00,0,1517,0,1517,0,0,False,0.138,0.06
2025-04-01 06:00:00,0,1925,0,1926,1,0,False,0.138,0.06
2025-04-01 07:00:00,173,2308,0,2300,165,0,False,0.138,0.06
2025-04-01 08:00:00,931,2330,0,2340,941,0,False,0.138,0.06
2025-04-01 09:00:00,2240,1526,0,1453,2167,0,False,0.138,0.06
2025-04-01 10:00:00,5110,458,0,481,5133,0,False,0.138,0.06
2025-04-01 11:00:00,6233,419,71,322,6065,0,False,0.138,0.06
2025-04-01 12:00:00,6602,446,5158,0,998,0,False,0.138,0.06
2025-04-01 13:00:00,6462,1222,5027,0,213,0,False,0.138,0.06
2025-04-01 14:00:00,5771,1017,4591,0,163,0,False,0.138,0.06
2025-04-01 15:00:00,4208,1420,2669,0,119,0,False,0.138,0.06
2025-04-01 16:00:00,2633,613,2603,0,18,601,True,0.32,0.24
2025-04-01 17:00:00,1031,1361,1012,0,0,1342,True,0.32,0.24
2025-04-01 18:00:00,312,988,301,0,0,977,True,0.32,0.24
2025-04-01 19:00:00,3,1376,1,21,0,1353,True,0.32,0.24
2025-04-01 20:00:00,1,3477,7,3,0,3480,False,0.138,0.06
2025-04-01 21:00:00,0,2288,5,15,0,2278,False,0.138,0.06
2025-04-01 22:00:00,0,1983,0,16,0,1967,False,0.138,0.06
2025-04-01 23:00:00,0,1986,0,1885,16,117,False,0.138,0.06
2025-04-02 00:00:00,0,2038,0,2038,0,0,False,0.138,0.06
2025-04-02 01:00:00,0,2078,0,2079,1,0,False,0.138,0.06
2025-04-02 02:00:00,0,2805,0,2805,0,0,False,0.138,0.06
2025-04-02 03:00:00,0,3222,0,3223,1,0,False,0.138,0.06
2025-04-02 04:00:00,0,3186,0,3186,0,0,False,0.138,0.06
2025-04-02 05:00:00,0,3227,0,3227,0,0,False,0.138,0.06
2025-04-02 06:00:00,71,3250,0,3240,61,0,False,0.138,0.06
2025-04-02 07:00:00,1396,3079,0,3075,1392,0,False,0.138,0.06
2025-04-02 08:00:00,2783,1901,0,1919,2801,0,False,0.138,0.06
2025-04-02 09:00:00,3731,640,0,665,3756,0,False,0.138,0.06
2025-04-02 10:00:00,5084,2329,0,2176,4931,0,False,0.138,0.06
2025-04-02 11:00:00,6036,1309,2406,234,2555,0,False,0.138,0.06
2025-04-02 12:00:00,6229,1220,4830,0,179,0,False,0.138,0.06
2025-04-02 13:00:00,5621,2035,3429,0,157,0,False,0.138,0.06
2025-04-02 14:00:00,5550,1501,3917,0,132,0,False,0.138,0.06
2025-04-02 15:00:00,4101,451,3526,0,124,0,False,0.138,0.06
2025-04-02 16:00:00,2191,1771,2201,0,0,1781,True,0.32,0.24
2025-04-02 17:00:00,1044,1327,1028,0,0,1311,True,0.32,0.24
2025-04-02 18:00:00,247,1115,229,0,0,1097,True,0.32,0.24
2025-04-02 19:00:00,0,2472,5,17,0,2460,True,0.32,0.24
2025-04-02 20:00:00,0,3620,3,9,0,3614,False,0.138,0.06
2025-04-02 21:00:00,0,5752,0,3658,14,2108,False,0.138,0.06
2025-04-02 22:00:00,0,2999,0,2999,0,0,False,0.138,0.06
2025-04-02 23:00:00,0,2358,0,2358,0,0,False,0.138,0.06
2025-04-03 00:00:00,0,2452,0,2452,0,0,False,0.138,0.06
2025-04-03 01:00:00,0,2520,0,2520,0,0,False,0.138,0.06
2025-04-03 02:00:00,0,3705,0,3705,0,0,False,0.138,0.06
2025-04-03 03:00:00,0,3625,0,3625,0,0,False,0.138,0.06
2025-04-03 04:00:00,0,2527,0,2527,0,0,False,0.138,0.06
2025-04-03 05:00:00,0,2438,0,2438,0,0,False,0.138,0.06
2025-04-03 06:00:00,0,3054,0,3054,0,0,False,0.138,0.06
2025-04-03 07:00:00,20,3607,0,3595,8,0,False,0.138,0.06
2025-04-03 08:00:00,138,2515,0,2517,140,0,False,0.138,0.06
2025-04-03 09:00:00,179,2061,0,2073,191,0,False,0.138,0.06
2025-04-03 10:00:00,501,1970,0,1981,512,0,False,0.138,0.06
2025-04-03 11:00:00,2366,1707,0,1691,2350,0,False,0.138,0.06
2025-04-03 12:00:00,1560,499,0,511,1572,0,False,0.138,0.06
2025-04-03 13:00:00,3875,1635,0,1343,3583,0,False,0.138,0.06
2025-04-03 14:00:00,2487,804,0,839,2522,0,False,0.138,0.06
2025-04-03 15:00:00,1413,512,0,547,1448,0,False,0.138,0.06
2025-04-03 16:00:00,1122,1423,1111,0,11,1423,True,0.32,0.24
2025-04-03 17:00:00,719,1193,705,0,0,1179,True,0.32,0.24
2025-04-03 18:00:00,328,1030,314,0,0,1016,True,0.32,0.24
2025-04-03 19:00:00,1,1037,0,23,0,1013,True,0.32,0.24
2025-04-03 20:00:00,0,3213,11,9,0,3215,False,0.138,0.06
2025-04-03 21:00:00,0,2438,0,1334,23,1127,False,0.138,0.06
2025-04-03 22:00:00,1,2059,0,2057,0,1,False,0.138,0.06
2025-04-03 23:00:00,0,2176,0,2176,0,0,False,0.138,0.06
2025-04-04 00:00:00,0,1886,0,1886,0,0,False,0.138,0.06
2025-04-04 01:00:00,0,1888,0,1888,0,0,False,0.138,0.06
2025-04-04 02:00:00,0,1900,0,1900,0,0,False,0.138,0.06
2025-04-04 03:00:00,0,2168,0,2168,0,0,False,0.138,0.06
2025-04-04 04:00:00,0,1888,0,1888,0,0,False,0.138,0.06
2025-04-04 05:00:00,0,1864,0,1864,0,0,False,0.138,0.06
2025-04-04 06:00:00,2,1771,0,1771,2,0,False,0.138,0.06
2025-04-04 07:00:00,251,516,0,500,235,0,False,0.138,0.06
2025-04-04 08:00:00,1078,420,0,403,1061,0,False,0.138,0.06
2025-04-04 09:00:00,2204,533,0,514,2185,0,False,0.138,0.06
2025-04-04 10:00:00,4002,503,0,420,3919,0,False,0.138,0.06
2025-04-04 11:00:00,4786,494,0,376,4668,0,False,0.138,0.06
2025-04-04 12:00:00,6069,440,2256,119,3492,0,False,0.138,0.06
2025-04-04 13:00:00,6023,453,5298,0,272,0,False,0.138,0.06
2025-04-04 14:00:00,4821,444,4219,0,158,0,False,0.138,0.06
2025-04-04 15:00:00,4086,469,3458,0,159,0,False,0.138,0.06
2025-04-04 16:00:00,2433,445,2449,0,0,461,True,0.32,0.24
2025-04-04 17:00:00,1138,738,1120,0,0,720,True,0.32,0.24
2025-04-04 18:00:00,312,493,301,0,0,482,True,0.32,0.24
2025-04-04 19:00:00,3,798,6,9,0,792,True,0.32,0.24
2025-04-04 20:00:00,0,1141,0,29,0,1112,False,0.138,0.06
2025-04-04 21:00:00,1,5109,12,1,0,5119,False,0.138,0.06
2025-04-04 22:00:00,0,2756,4,8,0,2752,False,0.138,0.06
2025-04-04 23:00:00,0,1014,0,162,6,858,False,0.138,0.06
2025-04-05 00:00:00,0,457,0,469,12,0,False,0.138,0.06
2025-04-05 01:00:00,0,437,0,454,17,0,False,0.138,0.06
2025-04-05 02:00:00,0,436,0,454,18,0,False,0.138,0.06
2025-04-05 03:00:00,0,947,0,965,18,0,False,0.138,0.06
2025-04-05 04:00:00,0,469,0,482,13,0,False,0.138,0.06
2025-04-05 05:00:00,0,916,0,930,14,0,False,0.138,0.06
2025-04-05 06:00:00,21,874,0,881,28,0,False,0.138,0.06
2025-04-05 07:00:00,303,1216,0,1220,307,0,False,0.138,0.06
2025-04-05 08:00:00,404,1076,0,1101,429,0,False,0.138,0.06
2025-04-05 09:00:00,915,471,0,477,921,0,False,0.138,0.06
2025-04-05 10:00:00,1435,1525,0,1538,1448,0,False,0.138,0.06
2025-04-05 11:00:00,1577,814,0,832,1595,0,False,0.138,0.06
2025-04-05 12:00:00,1725,1248,0,1264,1741,0,False,0.138,0.06
2025-04-05 13:00:00,1241,1004,0,1031,1268,0,False,0.138,0.06
2025-04-05 14:00:00,831,1969,0,1994,856,0,False,0.138,0.06
2025-04-05 15:00:00,610,1730,0,1742,622,0,False,0.138,0.06
2025-04-05 16:00:00,379,1715,368,0,8,1712,True,0.32,0.24
2025-04-05 17:00:00,137,1437,122,0,0,1422,True,0.32,0.24
2025-04-05 18:00:00,9,1280,3,15,0,1259,True,0.32,0.24
2025-04-05 19:00:00,0,2151,5,7,0,2149,True,0.32,0.24
2025-04-05 20:00:00,0,2939,0,2838,14,115,False,0.138,0.06
2025-04-05 21:00:00,0,4481,0,4481,0,0,False,0.138,0.06
2025-04-05 22:00:00,0,846,0,846,0,0,False,0.138,0.06
2025-04-05 23:00:00,0,1046,0,1046,0,0,False,0.138,0.06
2025-04-06 00:00:00,0,1058,0,1058,0,0,False,0.138,0.06
2025-04-06 01:00:00,0,957,0,959,2,0,False,0.138,0.06
2025-04-06 02:00:00,0,1093,0,1099,6,0,False,0.138,0.06
2025-04-06 03:00:00,0,932,0,942,10,0,False,0.138,0.06
2025-04-06 04:00:00,0,944,0,956,12,0,False,0.138,0.06
2025-04-06 05:00:00,0,1494,0,1510,16,0,False,0.138,0.06
2025-04-06 06:00:00,0,1990,0,2000,10,0,False,0.138,0.06
2025-04-06 07:00:00,83,2206,0,2209,86,0,False,0.138,0.06
2025-04-06 08:00:00,300,1789,0,1799,310,0,False,0.138,0.06
2025-04-06 09:00:00,268,1845,0,1857,280,0,False,0.138,0.06
2025-04-06 10:00:00,1182,1898,0,1908,1192,0,False,0.138,0.06
2025-04-06 11:00:00,771,1608,0,1625,788,0,False,0.138,0.06
2025-04-06 12:00:00,885,3446,0,3455,894,0,False,0.138,0.06
2025-04-06 13:00:00,1343,1504,0,1521,1360,0,False,0.138,0.06
2025-04-06 14:00:00,1550,1728,0,1746,1568,0,False,0.138,0.06
2025-04-06 15:00:00,1756,951,0,964,1769,0,False,0.138,0.06
2025-04-06 16:00:00,1393,463,1358,0,37,465,True,0.32,0.24
2025-04-06 17:00:00,1104,2084,1089,0,0,2069,True,0.32,0.24
2025-04-06 18:00:00,322,952,315,0,0,945,True,0.32,0.24
2025-04-06 19:00:00,1,793,8,11,0,789,True,0.32,0.24
2025-04-06 20:00:00,2,4544,0,3218,18,1342,False,0.138,0.06
2025-04-06 21:00:00,1,3507,0,3506,0,0,False,0.138,0.06
2025-04-06 22:00:00,0,2435,0,2435,0,0,False,0.138,0.06
2025-04-06 23:00:00,0,1243,0,1247,4,0,False,0.138,0.06
2025-04-07 00:00:00,0,773,0,777,4,0,False,0.138,0.06
2025-04-07 01:00:00,0,899,0,908,9,0,False,0.138,0.06
2025-04-07 02:00:00,0,516,0,519,3,0,False,0.138,0.06
2025-04-07 03:00:00,0,798,0,810,12,0,False,0.138,0.06
2025-04-07 04:00:00,0,888,0,905,17,0,False,0.138,0.06
2025-04-07 05:00:00,0,901,0,906,5,0,False,0.138,0.06
2025-04-07 06:00:00,2,1733,0,1737,6,0,False,0.138,0.06
2025-04-07 07:00:00,267,2412,0,2401,256,0,False,0.138,0.06
2025-04-07 08:00:00,500,2118,0,2130,512,0,False,0.138,0.06
2025-04-07 09:00:00,615,2365,0,2380,630,0,False,0.138,0.06
2025-04-07 10:00:00,1287,2601,0,2606,1292,0,False,0.138,0.06
2025-04-07 11:00:00,997,1257,0,1280,1020,0,False,0.138,0.06
2025-04-07 12:00:00,689,1513,0,1525,701,0,False,0.138,0.06
2025-04-07 13:00:00,946,535,0,548,959,0,False,0.138,0.06
2025-04-07 14:00:00,659,2219,0,4176,2616,0,False,0.138,0.06
2025-04-07 15:00:00,378,2123,0,2139,394,0,False,0.138,0.06
2025-04-07 16:00:00,434,2182,418,0,6,2172,True,0.32,0.24
2025-04-07 17:00:00,171,1720,146,0,0,1695,True,0.32,0.24
2025-04-07 18:00:00,33,2243,19,115,4,2118,True,0.32,0.24
2025-04-07 19:00:00,0,2106,0,2118,12,0,True,0.32,0.24
2025-04-07 20:00:00,0,3256,0,3256,0,0,False,0.138,0.06
2025-04-07 21:00:00,0,6217,0,6217,0,0,False,0.138,0.06
2025-04-07 22:00:00,0,3201,0,3201,0,0,False,0.138,0.06
2025-04-07 23:00:00,0,2552,0,2552,0,0,False,0.138,0.06
2025-04-08 00:00:00,0,2555,0,2555,0,0,False,0.138,0.06
2025-04-08 01:00:00,0,3581,0,3581,0,0,False,0.138,0.06
2025-04-08 02:00:00,0,3632,0,3632,0,0,False,0.138,0.06
2025-04-08 03:00:00,0,3158,0,3160,2,0,False,0.138,0.06
2025-04-08 04:00:00,0,1484,0,1492,8,0,False,0.138,0.06
2025-04-08 05:00:00,0,1985,0,1991,6,0,False,0.138,0.06
2025-04-08 06:00:00,20,2485,0,2481,16,0,False,0.138,0.06
2025-04-08 07:00:00,215,2369,0,2383,229,0,False,0.138,0.06
2025-04-08 08:00:00,764,2118,0,2121,767,0,False,0.138,0.06
2025-04-08 09:00:00,1312,2218,0,2238,1332,0,False,0.138,0.06
2025-04-08 10:00:00,1079,2215,0,2240,1104,0,False,0.138,0.06
2025-04-08 11:00:00,1450,1077,0,1095,1468,0,False,0.138,0.06
2025-04-08 12:00:00,4397,532,271,114,3708,0,False,0.138,0.06
2025-04-08 13:00:00,5812,1270,401,251,4392,0,False,0.138,0.06
2025-04-08 14:00:00,5272,1836,593,200,3043,0,False,0.138,0.06
2025-04-08 15:00:00,3460,1645,1598,0,217,0,False,0.138,0.06
2025-04-08 16:00:00,2796,1672,2748,0,4,1628,True,0.32,0.24
2025-04-08 17:00:00,1405,2679,1396,0,0,2670,True,0.32,0.24
2025-04-08 18:00:00,478,1623,463,0,0,1608,True,0.32,0.24
2025-04-08 19:00:00,11,1472,23,30,0,1454,True,0.32,0.24
2025-04-08 20:00:00,0,4131,10,6,0,4135,False,0.138,0.06
2025-04-08 21:00:00,0,3647,0,2864,10,793,False,0.138,0.06
2025-04-08 22:00:00,3,4279,0,4272,0,4,False,0.138,0.06
2025-04-08 23:00:00,0,2826,0,2826,0,0,False,0.138,0.06
2025-04-09 00:00:00,0,3095,0,3095,0,0,False,0.138,0.06
2025-04-09 01:00:00,0,3688,0,3688,0,0,False,0.138,0.06
2025-04-09 02:00:00,0,3395,0,3398,3,0,False,0.138,0.06
2025-04-09 03:00:00,0,2441,0,2442,1,0,False,0.138,0.06
2025-04-09 04:00:00,0,2507,0,2508,1,0,False,0.138,0.06
2025-04-09 05:00:00,0,1996,0,2000,4,0,False,0.138,0.06
2025-04-09 06:00:00,353,2388,0,2379,344,0,False,0.138,0.06
2025-04-09 07:00:00,2084,2386,0,2176,1874,0,False,0.138,0.06
2025-04-09 08:00:00,3552,2201,0,2057,3408,0,False,0.138,0.06
2025-04-09 09:00:00,4393,2250,0,2035,4178,0,False,0.138,0.06
2025-04-09 10:00:00,5710,2219,0,675,4166,0,False,0.138,0.06
2025-04-09 11:00:00,6704,2150,2916,0,1638,0,False,0.138,0.06
2025-04-09 12:00:00,6954,1036,5814,0,104,0,False,0.138,0.06
2025-04-09 13:00:00,6857,949,5795,0,113,0,False,0.138,0.06
2025-04-09 14:00:00,6122,549,5498,0,75,0,False,0.138,0.06
2025-04-09 15:00:00,4487,1815,2607,0,65,0,False,0.138,0.06
2025-04-09 16:00:00,2967,1694,2941,0,0,1668,True,0.32,0.24
2025-04-09 17:00:00,1202,1172,1197,0,0,1167,True,0.32,0.24
2025-04-09 18:00:00,432,1290,409,0,0,1267,True,0.32,0.24
2025-04-09 19:00:00,15,1726,23,12,0,1722,True,0.32,0.24
2025-04-09 20:00:00,0,3157,28,0,0,3185,False,0.138,0.06
2025-04-09 21:00:00,0,2615,5,9,0,2611,False,0.138,0.06
2025-04-09 22:00:00,0,5293,0,4781,16,528,False,0.138,0.06
2025-04-09 23:00:00,0,3566,0,3566,0,0,False,0.138,0.06
2025-04-10 00:00:00,0,2458,0,2458,0,0,False,0.138,0.06
2025-04-10 01:00:00,0,3380,0,3380,0,0,False,0.138,0.06
2025-04-10 02:00:00,0,2186,0,2186,0,0,False,0.138,0.06
2025-04-10 03:00:00,0,2323,0,2325,2,0,False,0.138,0.06
2025-04-10 04:00:00,0,2250,0,2250,0,0,False,0.138,0.06
2025-04-10 05:00:00,0,2291,0,2293,2,0,False,0.138,0.06
2025-04-10 06:00:00,251,2308,0,2296,239,0,False,0.138,0.06
2025-04-10 07:00:00,2062,2551,0,2573,2084,0,False,0.138,0.06
2025-04-10 08:00:00,3437,2170,0,2208,3475,0,False,0.138,0.06
2025-04-10 09:00:00,4259,1799,0,1841,4301,0,False,0.138,0.06
2025-04-10 10:00:00,5517,524,459,221,4755,0,False,0.138,0.06
2025-04-10 11:00:00,6512,1502,4318,0,692,0,False,0.138,0.06
2025-04-10 12:00:00,6567,435,6041,0,91,0,False,0.138,0.06
2025-04-10 13:00:00,5954,990,4827,0,137,0,False,0.138,0.06
2025-04-10 14:00:00,4168,1083,2928,0,157,0,False,0.138,0.06
2025-04-10 15:00:00,3337,572,2631,0,134,0,False,0.138,0.06
2025-04-10 16:00:00,2618,1650,2616,0,1,1649,True,0.32,0.24
2025-04-10 17:00:00,1097,1897,1094,0,0,1894,True,0.32,0.24
2025-04-10 18:00:00,492,968,484,0,0,960,True,0.32,0.24
2025-04-10 19:00:00,16,1372,10,20,0,1346,True,0.32,0.24
2025-04-10 20:00:00,0,2646,6,2,0,2650,False,0.138,0.06
2025-04-10 21:00:00,0,2224,4,2,0,2226,False,0.138,0.06
2025-04-10 22:00:00,0,2606,2,1194,18,1432,False,0.138,0.06
2025-04-10 23:00:00,0,2361,0,2361,0,0,False,0.138,0.06
2025-04-11 00:00:00,0,2344,0,2344,0,0,False,0.138,0.06
2025-04-11 01:00:00,0,2316,0,2316,0,0,False,0.138,0.06
2025-04-11 02:00:00,0,3709,0,3709,0,0,False,0.138,0.06
2025-04-11 03:00:00,0,2652,0,2654,2,0,False,0.138,0.06
2025-04-11 04:00:00,0,1062,0,1076,14,0,False,0.138,0.06
2025-04-11 05:00:00,0,1481,0,1489,8,0,False,0.138,0.06
2025-04-11 06:00:00,2,2349,0,2355,8,0,False,0.138,0.06
2025-04-11 07:00:00,470,3021,0,3023,472,0,False,0.138,0.06
2025-04-11 08:00:00,501,2106,0,2126,521,0,False,0.138,0.06
2025-04-11 09:00:00,1051,2315,0,2337,1073,0,False,0.138,0.06
2025-04-11 10:00:00,1514,711,0,735,1538,0,False,0.138,0.06
2025-04-11 11:00:00,3075,1832,0,1877,3120,0,False,0.138,0.06
2025-04-11 12:00:00,3549,399,0,386,3536,0,False,0.138,0.06
2025-04-11 13:00:00,1995,1109,0,1142,2028,0,False,0.138,0.06
2025-04-11 14:00:00,3084,1674,0,1600,3010,0,False,0.138,0.06
2025-04-11 15:00:00,3695,1530,1469,15,711,0,False,0.138,0.06
2025-04-11 16:00:00,2413,434,2424,0,2,447,True,0.32,0.24
2025-04-11 17:00:00,1031,1829,1033,0,0,1831,True,0.32,0.24
2025-04-11 18:00:00,272,1708,269,0,0,1705,True,0.32,0.24
2025-04-11 19:00:00,6,1625,12,6,0,1625,True,0.32,0.24
2025-04-11 20:00:00,5,6657,4,10,0,6646,False,0.138,0.06
2025-04-11 21:00:00,0,4256,0,4130,15,141,False,0.138,0.06
2025-04-11 22:00:00,1,2495,0,2494,0,0,False,0.138,0.06
2025-04-11 23:00:00,0,2406,0,2406,0,0,False,0.138,0.06
2025-04-12 00:00:00,0,2443,0,2443,0,0,False,0.138,0.06
2025-04-12 01:00:00,0,2475,0,2475,0,0,False,0.138,0.06
2025-04-12 02:00:00,0,2776,0,2779,3,0,False,0.138,0.06
2025-04-12 03:00:00,0,2267,0,2274,7,0,False,0.138,0.06
2025-04-12 04:00:00,0,1905,0,1910,5,0,False,0.138,0.06
2025-04-12 05:00:00,0,1709,0,1719,10,0,False,0.138,0.06
2025-04-12 06:00:00,0,2490,0,2496,6,0,False,0.138,0.06
2025-04-12 07:00:00,115,3487,0,3489,117,0,False,0.138,0.06
2025-04-12 08:00:00,390,4298,0,4311,403,0,False,0.138,0.06
2025-04-12 09:00:00,712,4366,0,4378,724,0,False,0.138,0.06
2025-04-12 10:00:00,1061,3425,0,3435,1071,0,False,0.138,0.06
2025-04-12 11:00:00,1122,2953,0,2970,1139,0,False,0.138,0.06
2025-04-12 12:00:00,1258,2705,0,2727,1280,0,False,0.138,0.06
2025-04-12 13:00:00,1321,2353,0,2375,1343,0,False,0.138,0.06
2025-04-12 14:00:00,975,2417,0,2444,1002,0,False,0.138,0.06
2025-04-12 15:00:00,1157,2368,0,2391,1180,0,False,0.138,0.06
2025-04-12 16:00:00,839,2049,812,0,20,2042,True,0.32,0.24
2025-04-12 17:00:00,448,1379,442,0,6,1379,True,0.32,0.24
2025-04-12 18:00:00,109,1252,116,3,0,1256,True,0.32,0.24
2025-04-12 19:00:00,0,1582,0,665,12,929,True,0.32,0.24
2025-04-12 20:00:00,0,1481,0,1482,1,0,False,0.138,0.06
2025-04-12 21:00:00,0,1837,0,1839,2,0,False,0.138,0.06
2025-04-12 22:00:00,0,2158,0,2159,1,0,False,0.138,0.06
2025-04-12 23:00:00,0,1043,0,1043,0,0,False,0.138,0.06
2025-04-13 00:00:00,0,1408,0,1408,0,0,False,0.138,0.06
2025-04-13 01:00:00,0,1495,0,1495,0,0,False,0.138,0.06
2025-04-13 02:00:00,0,1177,0,1181,4,0,False,0.138,0.06
2025-04-13 03:00:00,0,1296,0,1298,2,0,False,0.138,0.06
2025-04-13 04:00:00,0,1721,0,1729,8,0,False,0.138,0.06
2025-04-13 05:00:00,0,2190,0,2196,6,0,False,0.138,0.06
2025-04-13 06:00:00,0,2263,0,2269,6,0,False,0.138,0.06
2025-04-13 07:00:00,48,2629,0,2621,40,0,False,0.138,0.06
2025-04-13 08:00:00,250,2610,0,2640,280,0,False,0.138,0.06
2025-04-13 09:00:00,512,4873,0,4900,539,0,False,0.138,0.06
2025-04-13 10:00:00,737,3677,0,3702,762,0,False,0.138,0.06
2025-04-13 11:00:00,1210,2759,0,2794,1245,0,False,0.138,0.06
2025-04-13 12:00:00,1129,1673,0,1706,1162,0,False,0.138,0.06
2025-04-13 13:00:00,1108,2302,0,2337,1143,0,False,0.138,0.06
2025-04-13 14:00:00,1068,5119,0,5159,1108,0,False,0.138,0.06
2025-04-13 15:00:00,798,1982,0,2007,823,0,False,0.138,0.06
2025-04-13 16:00:00,478,1604,465,0,9,1600,True,0.32,0.24
2025-04-13 17:00:00,209,1970,202,0,0,1963,True,0.32,0.24
2025-04-13 18:00:00,93,1438,63,287,5,1126,True,0.32,0.24
2025-04-13 19:00:00,2,1262,0,1264,4,0,True,0.32,0.24
2025-04-13 20:00:00,0,2055,0,2058,3,0,False,0.138,0.06
2025-04-13 21:00:00,0,883,0,899,16,0,False,0.138,0.06
2025-04-13 22:00:00,0,1013,0,1024,11,0,False,0.138,0.06
2025-04-13 23:00:00,0,1416,0,1416,0,0,False,0.138,0.06
2025-04-14 00:00:00,0,920,0,920,0,0,False,0.138,0.06
2025-04-14 01:00:00,0,1450,0,1456,6,0,False,0.138,0.06
2025-04-14 02:00:00,0,2208,0,2212,4,0,False,0.138,0.06
2025-04-14 03:00:00,0,1970,0,1975,5,0,False,0.138,0.06
2025-04-14 04:00:00,0,977,0,984,7,0,False,0.138,0.06
2025-04-14 05:00:00,0,1850,0,1862,12,0,False,0.138,0.06
2025-04-14 06:00:00,470,2383,0,2377,464,0,False,0.138,0.06
2025-04-14 07:00:00,2306,1777,0,1792,2321,0,False,0.138,0.06
2025-04-14 08:00:00,3642,681,0,701,3662,0,False,0.138,0.06
2025-04-14 09:00:00,4538,602,0,631,4567,0,False,0.138,0.06
2025-04-14 10:00:00,5801,1031,632,423,4561,0,False,0.138,0.06
2025-04-14 11:00:00,6667,1593,4806,0,268,0,False,0.138,0.06
2025-04-14 12:00:00,6960,1175,5594,0,191,0,False,0.138,0.06
2025-04-14 13:00:00,6752,415,6133,0,204,0,False,0.138,0.06
2025-04-14 14:00:00,5533,453,4966,0,114,0,False,0.138,0.06
2025-04-14 15:00:00,4236,417,3704,0,115,0,False,0.138,0.06
2025-04-14 16:00:00,2928,427,2956,0,0,455,True,0.32,0.24
2025-04-14 17:00:00,1397,686,1384,0,0,673,True,0.32,0.24
2025-04-14 18:00:00,541,519,527,0,0,505,True,0.32,0.24
2025-04-14 19:00:00,17,1048,15,14,0,1032,True,0.32,0.24
2025-04-14 20:00:00,0,3121,16,0,0,3137,False,0.138,0.06
2025-04-14 21:00:00,0,7568,17,1788,14,5811,False,0.138,0.06
2025-04-14 22:00:00,0,2008,0,2016,8,0,False,0.138,0.06
2025-04-14 23:00:00,0,1908,0,1908,0,0,False,0.138,0.06
2025-04-15 00:00:00,0,1901,0,1901,0,0,False,0.138,0.06
2025-04-15 01:00:00,0,1335,0,1339,4,0,False,0.138,0.06
2025-04-15 02:00:00,0,420,0,432,12,0,False,0.138,0.06
2025-04-15 03:00:00,0,661,0,669,8,0,False,0.138,0.06
2025-04-15 04:00:00,0,568,0,577,9,0,False,0.138,0.06
2025-04-15 05:00:00,0,789,0,799,10,0,False,0.138,0.06
2025-04-15 06:00:00,20,1095,0,1094,19,0,False,0.138,0.06
2025-04-15 07:00:00,164,1606,0,1624,182,0,False,0.138,0.06
2025-04-15 08:00:00,653,888,0,883,648,0,False,0.138,0.06
2025-04-15 09:00:00,2481,445,0,462,2498,0,False,0.138,0.06
2025-04-15 10:00:00,4467,423,15,213,4242,0,False,0.138,0.06
2025-04-15 11:00:00,3426,394,1,202,3233,0,False,0.138,0.06
2025-04-15 12:00:00,3078,422,0,420,3076,0,False,0.138,0.06
2025-04-15 13:00:00,1789,418,269,205,1307,0,False,0.138,0.06
2025-04-15 14:00:00,3994,437,3403,0,154,0,False,0.138,0.06
2025-04-15 15:00:00,4785,426,4301,0,58,0,False,0.138,0.06
2025-04-15 16:00:00,2911,432,2897,0,0,418,True,0.32,0.24
2025-04-15 17:00:00,718,812,702,0,0,796,True,0.32,0.24
2025-04-15 18:00:00,18,560,12,4,0,550,True,0.32,0.24
2025-04-15 19:00:00,1,678,10,10,0,677,True,0.32,0.24
2025-04-15 20:00:00,0,1250,1,16,0,1235,False,0.138,0.06
2025-04-15 21:00:00,0,2416,7,5,0,2418,False,0.138,0.06
2025-04-15 22:00:00,1,3222,13,3,0,3231,False,0.138,0.06
2025-04-15 23:00:00,0,1898,16,0,0,1914,False,0.138,0.06
2025-04-16 00:00:00,0,2316,0,1939,14,391,False,0.138,0.06
2025-04-16 01:00:00,0,2299,0,2299,0,0,False,0.138,0.06
2025-04-16 02:00:00,0,2016,0,2016,0,0,False,0.138,0.06
2025-04-16 03:00:00,0,772,0,780,8,0,False,0.138,0.06
2025-04-16 04:00:00,0,1011,0,1019,8,0,False,0.138,0.06
2025-04-16 05:00:00,0,989,0,1003,14,0,False,0.138,0.06
2025-04-16 06:00:00,516,1754,0,1442,204,0,False,0.138,0.06
2025-04-16 07:00:00,2345,1803,0,1789,2331,0,False,0.138,0.06
2025-04-16 08:00:00,2964,1704,0,1712,2972,0,False,0.138,0.06
2025-04-16 09:00:00,3204,534,0,494,3164,0,False,0.138,0.06
2025-04-16 10:00:00,3056,508,0,465,3013,0,False,0.138,0.06
2025-04-16 11:00:00,4234,1361,218,588,3243,0,False,0.138,0.06
2025-04-16 12:00:00,3386,1220,1948,0,218,0,False,0.138,0.06
2025-04-16 13:00:00,4804,516,4204,0,84,0,False,0.138,0.06
2025-04-16 14:00:00,4870,1302,3518,0,50,0,False,0.138,0.06
2025-04-16 15:00:00,3944,1635,2211,0,98,0,False,0.138,0.06
2025-04-16 16:00:00,2235,1162,2218,0,10,1155,True,0.32,0.24
2025-04-16 17:00:00,1321,916,1299,0,0,894,True,0.32,0.24
2025-04-16 18:00:00,417,1117,406,0,0,1106,True,0.32,0.24
2025-04-16 19:00:00,5,1670,4,16,0,1653,True,0.32,0.24
2025-04-16 20:00:00,0,5425,24,6,0,5443,False,0.138,0.06
2025-04-16 21:00:00,0,5770,0,3621,19,2168,False,0.138,0.06
2025-04-16 22:00:00,0,2725,0,2727,2,0,False,0.138,0.06
2025-04-16 23:00:00,0,3089,0,3089,0,0,False,0.138,0.06
2025-04-17 00:00:00,0,1753,0,1755,2,0,False,0.138,0.06
2025-04-17 01:00:00,0,909,0,913,4,0,False,0.138,0.06
2025-04-17 02:00:00,0,996,0,1005,9,0,False,0.138,0.06
2025-04-17 03:00:00,0,1773,0,1779,6,0,False,0.138,0.06
2025-04-17 04:00:00,0,1269,0,1283,14,0,False,0.138,0.06
2025-04-17 05:00:00,0,1877,0,1886,9,0,False,0.138,0.06
2025-04-17 06:00:00,527,2248,0,2093,372,0,False,0.138,0.06
2025-04-17 07:00:00,2382,2110,0,2123,2395,0,False,0.138,0.06
2025-04-17 08:00:00,3789,1169,0,1190,3810,0,False,0.138,0.06
2025-04-17 09:00:00,4675,420,0,459,4714,0,False,0.138,0.06
2025-04-17 10:00:00,5916,419,1476,202,4223,0,False,0.138,0.06
2025-04-17 11:00:00,6789,1187,5456,0,146,0,False,0.138,0.06
2025-04-17 12:00:00,7017,1071,5778,0,168,0,False,0.138,0.06
2025-04-17 13:00:00,6616,412,6105,0,99,0,False,0.138,0.06
2025-04-17 14:00:00,6203,559,5516,0,128,0,False,0.138,0.06
2025-04-17 15:00:00,4666,454,4100,0,112,0,False,0.138,0.06
2025-04-17 16:00:00,3193,1334,3206,0,0,1347,True,0.32,0.24
2025-04-17 17:00:00,1395,1546,1384,0,0,1535,True,0.32,0.24
2025-04-17 18:00:00,502,704,488,0,0,690,True,0.32,0.24
2025-04-17 19:00:00,34,633,29,6,0,622,True,0.32,0.24
2025-04-17 20:00:00,0,2234,9,5,0,2238,False,0.138,0.06
2025-04-17 21:00:00,0,2552,20,4,0,2568,False,0.138,0.06
2025-04-17 22:00:00,0,612,0,14,0,598,False,0.138,0.06
2025-04-17 23:00:00,0,970,2,21,0,951,False,0.138,0.06
2025-04-18 00:00:00,0,564,0,17,0,547,False,0.138,0.06
2025-04-18 01:00:00,0,898,0,129,4,773,False,0.138,0.06
2025-04-18 02:00:00,0,897,0,899,2,0,False,0.138,0.06
2025-04-18 03:00:00,0,1010,0,1014,4,0,False,0.138,0.06
2025-04-18 04:00:00,0,1958,0,1958,0,0,False,0.138,0.06
2025-04-18 05:00:00,0,2231,0,2236,5,0,False,0.138,0.06
2025-04-18 06:00:00,600,2361,0,1860,99,0,False,0.138,0.06
2025-04-18 07:00:00,2484,2461,0,2457,2480,0,False,0.138,0.06
2025-04-18 08:00:00,3861,4367,0,4400,3894,0,False,0.138,0.06
2025-04-18 09:00:00,4692,4587,0,4627,4732,0,False,0.138,0.06
2025-04-18 10:00:00,5920,1321,1325,659,3933,0,False,0.138,0.06
2025-04-18 11:00:00,6707,2179,4351,0,177,0,False,0.138,0.06
2025-04-18 12:00:00,6581,2484,3923,0,174,0,False,0.138,0.06
2025-04-18 13:00:00,6811,2650,4076,0,85,0,False,0.138,0.06
2025-04-18 14:00:00,5935,2056,3763,0,116,0,False,0.138,0.06
2025-04-18 15:00:00,4064,1340,2615,0,109,0,False,0.138,0.06
2025-04-18 16:00:00,2700,468,2717,0,1,486,True,0.32,0.24
2025-04-18 17:00:00,763,1328,751,0,0,1316,True,0.32,0.24
2025-04-18 18:00:00,322,646,313,0,0,637,True,0.32,0.24
2025-04-18 19:00:00,10,753,4,11,0,736,True,0.32,0.24
2025-04-18 20:00:00,0,5939,14,4,0,5949,False,0.138,0.06
2025-04-18 21:00:00,0,3826,6,552,13,3293,False,0.138,0.06
2025-04-18 22:00:00,0,526,0,539,13,0,False,0.138,0.06
2025-04-18 23:00:00,0,471,0,480,9,0,False,0.138,0.06
2025-04-19 00:00:00,0,455,0,467,12,0,False,0.138,0.06
2025-04-19 01:00:00,0,456,0,469,13,0,False,0.138,0.06
2025-04-19 02:00:00,0,434,0,451,17,0,False,0.138,0.06
2025-04-19 03:00:00,0,466,0,477,11,0,False,0.138,0.06
2025-04-19 04:00:00,0,495,0,508,13,0,False,0.138,0.06
2025-04-19 05:00:00,0,767,0,780,13,0,False,0.138,0.06
2025-04-19 06:00:00,325,423,0,391,293,0,False,0.138,0.06
2025-04-19 07:00:00,1437,753,0,753,1437,0,False,0.138,0.06
2025-04-19 08:00:00,1985,2428,0,2350,1907,0,False,0.138,0.06
2025-04-19 09:00:00,3676,1184,0,1158,3650,0,False,0.138,0.06
2025-04-19 10:00:00,4356,782,0,742,4316,0,False,0.138,0.06
2025-04-19 11:00:00,4278,795,189,595,3889,0,False,0.138,0.06
2025-04-19 12:00:00,3968,511,3296,0,161,0,False,0.138,0.06
2025-04-19 13:00:00,4693,529,3992,0,172,0,False,0.138,0.06
2025-04-19 14:00:00,4753,733,3959,0,61,0,False,0.138,0.06
2025-04-19 15:00:00,3344,524,2699,0,121,0,False,0.138,0.06
2025-04-19 16:00:00,2561,508,2574,0,0,521,True,0.32,0.24
2025-04-19 17:00:00,1399,529,1390,0,0,520,True,0.32,0.24
2025-04-19 18:00:00,360,436,351,0,0,427,True,0.32,0.24
2025-04-19 19:00:00,10,970,7,6,0,961,True,0.32,0.24
2025-04-19 20:00:00,0,1925,7,5,0,1927,False,0.138,0.06
2025-04-19 21:00:00,0,2328,20,1,0,2347,False,0.138,0.06
2025-04-19 22:00:00,0,516,0,15,0,501,False,0.138,0.06
2025-04-19 23:00:00,0,563,2,12,2,555,False,0.138,0.06
2025-04-20 00:00:00,0,467,0,17,0,450,False,0.138,0.06
2025-04-20 01:00:00,0,429,0,19,0,410,False,0.138,0.06
2025-04-20 02:00:00,0,421,0,16,0,405,False,0.138,0.06
2025-04-20 03:00:00,0,448,0,17,0,431,False,0.138,0.06
2025-04-20 04:00:00,0,440,0,14,0,426,False,0.138,0.06
2025-04-20 05:00:00,0,423,3,12,0,414,False,0.138,0.06
2025-04-20 06:00:00,559,434,0,29,252,98,False,0.138,0.06
2025-04-20 07:00:00,2122,689,0,668,2101,0,False,0.138,0.06
2025-04-20 08:00:00,3846,733,0,649,3762,0,False,0.138,0.06
2025-04-20 09:00:00,4906,529,0,464,4841,0,False,0.138,0.06
2025-04-20 10:00:00,6139,426,3318,97,2492,0,False,0.138,0.06
2025-04-20 11:00:00,6822,466,6154,0,202,0,False,0.138,0.06
2025-04-20 12:00:00,7076,419,6547,0,110,0,False,0.138,0.06
2025-04-20 13:00:00,7045,6097,1107,274,115,0,False,0.138,0.06
2025-04-20 14:00:00,6276,4315,2122,271,110,0,False,0.138,0.06
2025-04-20 15:00:00,4597,480,4015,0,102,0,False,0.138,0.06
2025-04-20 16:00:00,3201,489,3210,0,1,499,True,0.32,0.24
2025-04-20 17:00:00,1279,522,1266,0,0,509,True,0.32,0.24
2025-04-20 18:00:00,477,597,468,0,0,588,True,0.32,0.24
2025-04-20 19:00:00,39,630,34,5,0,620,True,0.32,0.24
2025-04-20 20:00:00,0,900,9,9,0,900,False,0.138,0.06
2025-04-20 21:00:00,0,3590,12,8,0,3594,False,0.138,0.06
2025-04-20 22:00:00,0,3086,15,10,0,3091,False,0.138,0.06
2025-04-20 23:00:00,0,468,0,16,0,452,False,0.138,0.06
2025-04-21 00:00:00,0,433,0,14,0,419,False,0.138,0.06
2025-04-21 01:00:00,0,430,0,16,0,414,False,0.138,0.06
2025-04-21 02:00:00,0,471,0,16,0,455,False,0.138,0.06
2025-04-21 03:00:00,0,421,0,120,4,305,False,0.138,0.06
2025-04-21 04:00:00,0,430,0,448,18,0,False,0.138,0.06
2025-04-21 05:00:00,1,444,0,455,12,0,False,0.138,0.06
2025-04-21 06:00:00,874,438,329,92,543,344,False,0.138,0.06
2025-04-21 07:00:00,2693,1875,0,1881,2717,18,False,0.138,0.06
2025-04-21 08:00:00,3851,5276,0,5324,3899,0,False,0.138,0.06
2025-04-21 09:00:00,4679,3366,0,3393,4706,0,False,0.138,0.06
2025-04-21 10:00:00,6018,1469,1636,721,3634,0,False,0.138,0.06
2025-04-21 11:00:00,6696,579,5988,0,129,0,False,0.138,0.06
2025-04-21 12:00:00,6879,934,5789,0,156,0,False,0.138,0.06
2025-04-21 13:00:00,6829,816,5901,0,112,0,False,0.138,0.06
2025-04-21 14:00:00,5852,634,5109,0,109,0,False,0.138,0.06
2025-04-21 15:00:00,3799,3848,1720,1876,108,1,False,0.138,0.06
2025-04-21 16:00:00,1649,708,1536,0,0,595,True,0.32,0.24
2025-04-21 17:00:00,537,1025,522,0,0,1010,True,0.32,0.24
2025-04-21 18:00:00,122,612,118,0,0,608,True,0.32,0.24
2025-04-21 19:00:00,1,787,5,7,0,784,True,0.32,0.24
2025-04-21 20:00:00,0,3408,19,0,0,3427,False,0.138,0.06
2025-04-21 21:00:00,0,1109,14,12,0,1111,False,0.138,0.06
2025-04-21 22:00:00,0,592,0,13,0,579,False,0.138,0.06
2025-04-21 23:00:00,0,500,0,20,0,480,False,0.138,0.06
2025-04-22 00:00:00,0,841,0,16,0,825,False,0.138,0.06
2025-04-22 01:00:00,0,446,0,17,0,429,False,0.138,0.06
2025-04-22 02:00:00,0,872,0,17,0,855,False,0.138,0.06
2025-04-22 03:00:00,0,454,0,12,1,443,False,0.138,0.06
2025-04-22 04:00:00,0,915,0,474,19,460,False,0.138,0.06
2025-04-22 05:00:00,0,541,0,555,14,0,False,0.138,0.06
2025-04-22 06:00:00,29,910,0,897,16,0,False,0.138,0.06
2025-04-22 07:00:00,550,515,0,518,553,0,False,0.138,0.06
2025-04-22 08:00:00,1307,856,0,867,1318,0,False,0.138,0.06
2025-04-22 09:00:00,1812,1349,0,1380,1843,0,False,0.138,0.06
2025-04-22 10:00:00,2651,1533,0,1579,2697,0,False,0.138,0.06
2025-04-22 11:00:00,4668,687,50,472,4403,0,False,0.138,0.06
2025-04-22 12:00:00,6751,421,2012,97,4415,0,False,0.138,0.06
2025-04-22 13:00:00,5542,4938,2031,1541,114,0,False,0.138,0.06
2025-04-22 14:00:00,5657,1994,3538,0,125,0,False,0.138,0.06
2025-04-22 15:00:00,4098,541,3447,0,110,0,False,0.138,0.06
2025-04-22 16:00:00,3091,504,3104,0,0,517,True,0.32,0.24
2025-04-22 17:00:00,1471,713,1462,0,0,704,True,0.32,0.24
2025-04-22 18:00:00,474,466,465,0,0,457,True,0.32,0.24
2025-04-22 19:00:00,52,573,46,6,0,561,True,0.32,0.24
2025-04-22 20:00:00,0,1605,11,3,0,1613,False,0.138,0.06
2025-04-22 21:00:00,0,835,1,7,0,829,False,0.138,0.06
2025-04-22 22:00:00,0,1089,3,9,0,1083,False,0.138,0.06
2025-04-22 23:00:00,0,455,0,18,0,437,False,0.138,0.06
2025-04-23 00:00:00,0,431,0,19,0,412,False,0.138,0.06
2025-04-23 01:00:00,0,743,0,18,0,725,False,0.138,0.06
2025-04-23 02:00:00,0,623,0,17,0,606,False,0.138,0.06
2025-04-23 03:00:00,0,417,0,19,0,398,False,0.138,0.06
2025-04-23 04:00:00,0,1206,5,23,0,1188,False,0.138,0.06
2025-04-23 05:00:00,5,404,0,18,0,381,False,0.138,0.06
2025-04-23 06:00:00,867,1065,1,26,310,483,False,0.138,0.06
2025-04-23 07:00:00,2361,907,0,920,2374,0,False,0.138,0.06
2025-04-23 08:00:00,4082,1788,0,1799,4093,0,False,0.138,0.06
2025-04-23 09:00:00,4935,2850,0,2850,4935,0,False,0.138,0.06
2025-04-23 10:00:00,6072,552,3571,25,1974,0,False,0.138,0.06
2025-04-23 11:00:00,6784,514,6121,0,149,0,False,0.138,0.06
2025-04-23 12:00:00,6940,517,6268,0,155,0,False,0.138,0.06
2025-04-23 13:00:00,6692,432,6128,0,132,0,False,0.138,0.06
2025-04-23 14:00:00,6167,467,5597,0,103,0,False,0.138,0.06
2025-04-23 15:00:00,4678,4999,12,445,112,0,False,0.138,0.06
2025-04-23 16:00:00,3206,610,3224,0,0,628,True,0.32,0.24
2025-04-23 17:00:00,1533,580,1529,0,0,576,True,0.32,0.24
2025-04-23 18:00:00,516,538,507,0,0,529,True,0.32,0.24
2025-04-23 19:00:00,49,634,39,4,1,621,True,0.32,0.24
2025-04-23 20:00:00,0,1291,11,6,0,1296,False,0.138,0.06
2025-04-23 21:00:00,0,1007,5,8,0,1004,False,0.138,0.06
2025-04-23 22:00:00,0,480,0,18,0,462,False,0.138,0.06
2025-04-23 23:00:00,0,449,0,18,0,431,False,0.138,0.06
2025-04-24 00:00:00,0,579,0,18,0,561,False,0.138,0.06
2025-04-24 01:00:00,0,520,0,18,0,502,False,0.138,0.06
2025-04-24 02:00:00,0,445,0,16,0,429,False,0.138,0.06
2025-04-24 03:00:00,0,452,0,21,0,431,False,0.138,0.06
2025-04-24 04:00:00,0,450,0,22,0,428,False,0.138,0.06
2025-04-24 05:00:00,0,427,0,21,0,406,False,0.138,0.06
2025-04-24 06:00:00,760,476,0,26,428,118,False,0.138,0.06
2025-04-24 07:00:00,2585,1758,0,1775,2602,0,False,0.138,0.06
2025-04-24 08:00:00,3695,759,0,726,3662,0,False,0.138,0.06
2025-04-24 09:00:00,3924,555,0,305,3674,0,False,0.138,0.06
2025-04-24 10:00:00,5453,644,3701,0,1108,0,False,0.138,0.06
2025-04-24 11:00:00,6344,488,5744,0,112,0,False,0.138,0.06
2025-04-24 12:00:00,6770,502,6166,0,102,0,False,0.138,0.06
2025-04-24 13:00:00,6723,3520,3072,0,131,0,False,0.138,0.06
2025-04-24 14:00:00,6036,2475,3451,0,110,0,False,0.138,0.06
2025-04-24 15:00:00,4632,512,4055,0,65,0,False,0.138,0.06
2025-04-24 16:00:00,3131,547,3156,0,0,572,True,0.32,0.24
2025-04-24 17:00:00,1484,432,1475,0,0,423,True,0.32,0.24
2025-04-24 18:00:00,505,462,492,0,0,449,True,0.32,0.24
2025-04-24 19:00:00,43,544,37,8,0,530,True,0.32,0.24
2025-04-24 20:00:00,0,3402,25,2,0,3425,False,0.138,0.06
2025-04-24 21:00:00,0,1061,5,9,0,1057,False,0.138,0.06
2025-04-24 22:00:00,0,621,0,19,0,602,False,0.138,0.06
2025-04-24 23:00:00,0,461,0,19,0,442,False,0.138,0.06
2025-04-25 00:00:00,0,465,0,18,0,447,False,0.138,0.06
2025-04-25 01:00:00,0,472,0,17,0,455,False,0.138,0.06
2025-04-25 02:00:00,0,436,0,21,0,415,False,0.138,0.06
2025-04-25 03:00:00,0,453,0,19,0,434,False,0.138,0.06
2025-04-25 04:00:00,0,425,0,19,0,406,False,0.138,0.06
2025-04-25 05:00:00,1,462,0,19,1,443,False,0.138,0.06
2025-04-25 06:00:00,377,498,0,28,19,112,False,0.138,0.06
2025-04-25 07:00:00,286,477,0,500,309,0,False,0.138,0.06
2025-04-25 08:00:00,1055,843,0,855,1067,0,False,0.138,0.06
2025-04-25 09:00:00,1313,1588,0,1588,1313,0,False,0.138,0.06
2025-04-25 10:00:00,921,1046,0,1037,912,0,False,0.138,0.06
2025-04-25 11:00:00,1801,755,0,741,1787,0,False,0.138,0.06
2025-04-25 12:00:00,6435,983,0,811,6263,0,False,0.138,0.06
2025-04-25 13:00:00,3941,544,1569,41,1869,0,False,0.138,0.06
2025-04-25 14:00:00,3562,557,2861,0,144,0,False,0.138,0.06
2025-04-25 15:00:00,3771,537,3101,0,133,0,False,0.138,0.06
2025-04-25 16:00:00,2305,536,2313,0,0,544,True,0.32,0.24
2025-04-25 17:00:00,1006,845,992,0,0,831,True,0.32,0.24
2025-04-25 18:00:00,330,583,316,0,0,569,True,0.32,0.24
2025-04-25 19:00:00,31,551,31,5,0,546,True,0.32,0.24
2025-04-25 20:00:00,0,1446,6,11,0,1441,False,0.138,0.06
2025-04-25 21:00:00,0,726,0,16,0,710,False,0.138,0.06
2025-04-25 22:00:00,0,1362,1,3,0,1360,False,0.138,0.06
2025-04-25 23:00:00,0,457,0,14,0,443,False,0.138,0.06
2025-04-26 00:00:00,0,447,0,20,0,427,False,0.138,0.06
2025-04-26 01:00:00,0,477,0,19,0,458,False,0.138,0.06
2025-04-26 02:00:00,0,434,0,18,0,416,False,0.138,0.06
2025-04-26 03:00:00,0,431,0,18,0,413,False,0.138,0.06
2025-04-26 04:00:00,0,458,0,22,0,436,False,0.138,0.06
2025-04-26 05:00:00,0,430,0,18,0,412,False,0.138,0.06
2025-04-26 06:00:00,0,527,0,19,1,509,False,0.138,0.06
2025-04-26 07:00:00,125,719,0,708,116,2,False,0.138,0.06
2025-04-26 08:00:00,518,1185,0,1167,500,0,False,0.138,0.06
2025-04-26 09:00:00,468,4088,0,4092,472,0,False,0.138,0.06
2025-04-26 10:00:00,890,1096,0,1082,876,0,False,0.138,0.06
2025-04-26 11:00:00,1527,921,0,907,1513,0,False,0.138,0.06
2025-04-26 12:00:00,1336,605,0,599,1330,0,False,0.138,0.06
2025-04-26 13:00:00,1000,1346,0,1343,997,0,False,0.138,0.06
2025-04-26 14:00:00,1096,1005,0,998,1089,0,False,0.138,0.06
2025-04-26 15:00:00,1085,593,0,585,1077,0,False,0.138,0.06
2025-04-26 16:00:00,792,743,791,0,7,749,True,0.32,0.24
2025-04-26 17:00:00,417,965,410,0,0,958,True,0.32,0.24
2025-04-26 18:00:00,143,602,130,0,0,589,True,0.32,0.24
2025-04-26 19:00:00,5,892,2,12,0,877,True,0.32,0.24
2025-04-26 20:00:00,0,1029,9,8,0,1030,False,0.138,0.06
2025-04-26 21:00:00,0,715,0,15,0,700,False,0.138,0.06
2025-04-26 22:00:00,0,1403,3,6,0,1400,False,0.138,0.06
2025-04-26 23:00:00,0,460,0,19,0,441,False,0.138,0.06
2025-04-27 00:00:00,0,469,0,17,0,452,False,0.138,0.06
2025-04-27 01:00:00,0,445,0,253,11,203,False,0.138,0.06
2025-04-27 02:00:00,0,458,0,468,10,0,False,0.138,0.06
2025-04-27 03:00:00,0,459,0,475,16,0,False,0.138,0.06
2025-04-27 04:00:00,0,437,0,452,15,0,False,0.138,0.06
2025-04-27 05:00:00,7,431,0,438,14,0,False,0.138,0.06
2025-04-27 06:00:00,997,482,23,84,606,30,False,0.138,0.06
2025-04-27 07:00:00,1975,660,0,677,1992,0,False,0.138,0.06
2025-04-27 08:00:00,1683,859,0,886,1710,0,False,0.138,0.06
2025-04-27 09:00:00,2721,520,0,515,2716,0,False,0.138,0.06
2025-04-27 10:00:00,4370,447,39,245,4129,0,False,0.138,0.06
2025-04-27 11:00:00,5041,396,1045,109,3709,0,False,0.138,0.06
2025-04-27 12:00:00,4055,457,2978,0,620,0,False,0.138,0.06
2025-04-27 13:00:00,5273,548,4614,0,111,0,False,0.138,0.06
2025-04-27 14:00:00,3415,729,2568,0,118,0,False,0.138,0.06
2025-04-27 15:00:00,3383,824,2469,0,90,0,False,0.138,0.06
2025-04-27 16:00:00,2455,576,2455,0,0,576,True,0.32,0.24
2025-04-27 17:00:00,1398,709,1387,0,0,698,True,0.32,0.24
2025-04-27 18:00:00,639,740,628,0,1,730,True,0.32,0.24
2025-04-27 19:00:00,76,2588,62,1,0,2573,True,0.32,0.24
2025-04-27 20:00:00,0,5243,34,3,0,5274,False,0.138,0.06
2025-04-27 21:00:00,0,3770,0,1206,23,2587,False,0.138,0.06
2025-04-27 22:00:00,0,616,0,620,4,0,False,0.138,0.06
2025-04-27 23:00:00,0,779,0,781,2,0,False,0.138,0.06
2025-04-28 00:00:00,0,828,0,830,2,0,False,0.138,0.06
2025-04-28 01:00:00,0,949,0,959,10,0,False,0.138,0.06
2025-04-28 02:00:00,0,613,0,629,16,0,False,0.138,0.06
2025-04-28 03:00:00,0,947,0,957,10,0,False,0.138,0.06
2025-04-28 04:00:00,0,1155,0,1173,18,0,False,0.138,0.06
2025-04-28 05:00:00,10,852,0,858,16,0,False,0.138,0.06
2025-04-28 06:00:00,983,1258,0,662,387,0,False,0.138,0.06
2025-04-28 07:00:00,2773,1453,0,1474,2794,0,False,0.138,0.06
2025-04-28 08:00:00,4212,742,0,774,4244,0,False,0.138,0.06
2025-04-28 09:00:00,5280,621,0,613,5272,0,False,0.138,0.06
2025-04-28 10:00:00,6243,680,2931,136,2768,0,False,0.138,0.06
2025-04-28 11:00:00,6910,1326,5369,0,215,0,False,0.138,0.06
2025-04-28 12:00:00,7037,5569,1345,0,123,0,False,0.138,0.06
2025-04-28 13:00:00,7009,4870,1989,0,150,0,False,0.138,0.06
2025-04-28 14:00:00,6235,524,5623,0,88,0,False,0.138,0.06
2025-04-28 15:00:00,4690,537,4021,0,132,0,False,0.138,0.06
2025-04-28 16:00:00,3215,498,3240,0,0,523,True,0.32,0.24
2025-04-28 17:00:00,1586,467,1573,0,0,454,True,0.32,0.24
2025-04-28 18:00:00,496,525,481,0,0,510,True,0.32,0.24
2025-04-28 19:00:00,51,768,45,4,0,758,True,0.32,0.24
2025-04-28 20:00:00,0,745,5,18,0,732,False,0.138,0.06
2025-04-28 21:00:00,0,1604,3,5,0,1602,False,0.138,0.06
2025-04-28 22:00:00,0,629,0,17,0,612,False,0.138,0.06
2025-04-28 23:00:00,0,464,0,18,0,446,False,0.138,0.06
2025-04-29 00:00:00,0,479,0,18,0,461,False,0.138,0.06
2025-04-29 01:00:00,0,445,0,18,0,427,False,0.138,0.06
2025-04-29 02:00:00,0,443,0,19,0,424,False,0.138,0.06
2025-04-29 03:00:00,0,438,0,20,0,418,False,0.138,0.06
2025-04-29 04:00:00,0,451,0,20,0,431,False,0.138,0.06
2025-04-29 05:00:00,20,446,0,20,0,406,False,0.138,0.06
2025-04-29 06:00:00,1064,496,9,23,628,46,False,0.138,0.06
2025-04-29 07:00:00,2668,467,0,487,2688,0,False,0.138,0.06
2025-04-29 08:00:00,3935,623,0,651,3963,0,False,0.138,0.06
2025-04-29 09:00:00,5097,663,1050,353,3737,0,False,0.138,0.06
2025-04-29 10:00:00,6102,571,5340,0,191,0,False,0.138,0.06
2025-04-29 11:00:00,6748,526,6106,0,116,0,False,0.138,0.06
2025-04-29 12:00:00,6848,449,6245,0,154,0,False,0.138,0.06
2025-04-29 13:00:00,6799,440,6243,0,116,0,False,0.138,0.06
2025-04-29 14:00:00,6001,2869,3022,0,110,0,False,0.138,0.06
2025-04-29 15:00:00,4483,7561,0,3195,117,0,False,0.138,0.06
2025-04-29 16:00:00,2818,607,2820,0,0,609,True,0.32,0.24
2025-04-29 17:00:00,1488,635,1478,0,0,625,True,0.32,0.24
2025-04-29 18:00:00,556,477,546,0,0,467,True,0.32,0.24
2025-04-29 19:00:00,75,787,64,4,0,772,True,0.32,0.24
2025-04-29 20:00:00,0,1255,21,0,0,1276,False,0.138,0.06
2025-04-29 21:00:00,0,1444,5,8,0,1441,False,0.138,0.06
2025-04-29 22:00:00,0,557,0,20,0,537,False,0.138,0.06
2025-04-29 23:00:00,0,530,0,19,0,511,False,0.138,0.06
2025-04-30 00:00:00,0,740,0,14,0,726,False,0.138,0.06
2025-04-30 01:00:00,0,535,0,16,0,519,False,0.138,0.06
2025-04-30 02:00:00,0,463,0,18,0,445,False,0.138,0.06
2025-04-30 03:00:00,0,631,2,18,0,615,False,0.138,0.06
2025-04-30 04:00:00,0,456,0,22,0,434,False,0.138,0.06
2025-04-30 05:00:00,7,432,0,12,1,414,False,0.138,0.06
2025-04-30 06:00:00,805,498,0,27,431,97,False,0.138,0.06
2025-04-30 07:00:00,1562,484,0,468,1546,0,False,0.138,0.06
2025-04-30 08:00:00,2116,937,0,915,2094,0,False,0.138,0.06
2025-04-30 09:00:00,4822,427,203,173,4365,0,False,0.138,0.06
2025-04-30 10:00:00,6330,508,1778,209,4253,0,False,0.138,0.06
2025-04-30 11:00:00,7039,483,6433,0,123,0,False,0.138,0.06
2025-04-30 12:00:00,7181,459,6603,0,119,0,False,0.138,0.06
2025-04-30 13:00:00,7140,559,6461,0,120,0,False,0.138,0.06
2025-04-30 14:00:00,6370,3208,3040,0,122,0,False,0.138,0.06
2025-04-30 15:00:00,4778,4805,163,299,109,0,False,0.138,0.06
2025-04-30 16:00:00,3284,525,3298,0,1,540,True,0.32,0.24
2025-04-30 17:00:00,1676,457,1664,0,0,445,True,0.32,0.24
2025-04-30 18:00:00,502,432,489,0,0,419,True,0.32,0.24
2025-04-30 19:00:00,116,492,106,4,0,478,True,0.32,0.24
2025-04-30 20:00:00,0,650,10,17,0,643,False,0.138,0.06
2025-04-30 21:00:00,0,1524,7,3,0,1528,False,0.138,0.06
2025-04-30 22:00:00,0,689,0,19,0,670,False,0.138,0.06
2025-04-30 23:00:00,0,478,0,18,0,460,False,0.138,0.06
2025-05-01 00:00:00,0,448,0,19,0,429,False,0.138,0.06
2025-05-01 01:00:00,0,467,0,17,0,450,False,0.138,0.06
2025-05-01 02:00:00,0,454,0,17,0,437,False,0.138,0.06
2025-05-01 03:00:00,0,436,0,19,0,417,False,0.138,0.06
2025-05-01 04:00:00,0,445,0,19,0,426,False,0.138,0.06
2025-05-01 05:00:00,18,461,0,18,0,425,False,0.138,0.06
2025-05-01 06:00:00,910,479,0,30,563,102,False,0.138,0.06
2025-05-01 07:00:00,2829,482,0,509,2856,0,False,0.138,0.06
2025-05-01 08:00:00,4260,427,0,465,4298,0,False,0.138,0.06
2025-05-01 09:00:00,5298,708,1871,117,2836,0,False,0.138,0.06
2025-05-01 10:00:00,6206,2404,3676,0,126,0,False,0.138,0.06
2025-05-01 11:00:00,6837,1597,5137,0,103,0,False,0.138,0.06
2025-05-01 12:00:00,7039,2035,4873,0,131,0,False,0.138,0.06
2025-05-01 13:00:00,7000,515,6386,0,99,0,False,0.138,0.06
2025-05-01 14:00:00,6216,524,5586,0,106,0,False,0.138,0.06
2025-05-01 15:00:00,4711,607,3994,0,110,0,False,0.138,0.06
2025-05-01 16:00:00,3102,854,3124,0,0,876,True,0.32,0.24
2025-05-01 17:00:00,1209,518,1199,0,0,508,True,0.32,0.24
2025-05-01 18:00:00,608,478,599,0,0,469,True,0.32,0.24
2025-05-01 19:00:00,99,671,87,7,1,653,True,0.32,0.24
2025-05-01 20:00:00,0,1469,15,2,0,1482,False,0.138,0.06
2025-05-01 21:00:00,0,635,0,20,0,615,False,0.138,0.06
2025-05-01 22:00:00,0,671,0,15,0,656,False,0.138,0.06
2025-05-01 23:00:00,0,516,0,18,0,498,False,0.138,0.06
2025-05-02 00:00:00,0,449,0,18,0,431,False,0.138,0.06
2025-05-02 01:00:00,0,441,0,19,0,422,False,0.138,0.06
2025-05-02 02:00:00,0,435,0,19,0,416,False,0.138,0.06
2025-05-02 03:00:00,0,438,0,19,0,419,False,0.138,0.06
2025-05-02 04:00:00,0,449,0,20,0,429,False,0.138,0.06
2025-05-02 05:00:00,0,440,0,18,0,422,False,0.138,0.06
2025-05-02 06:00:00,115,463,0,26,2,324,False,0.138,0.06
2025-05-02 07:00:00,506,527,0,542,523,2,False,0.138,0.06
2025-05-02 08:00:00,1017,741,0,757,1033,0,False,0.138,0.06
2025-05-02 09:00:00,1421,642,0,658,1437,0,False,0.138,0.06
2025-05-02 10:00:00,1354,685,0,707,1376,0,False,0.138,0.06
2025-05-02 11:00:00,2087,2042,0,2019,2064,0,False,0.138,0.06
2025-05-02 12:00:00,3115,2283,0,2250,3082,0,False,0.138,0.06
2025-05-02 13:00:00,4714,552,1767,32,2427,0,False,0.138,0.06
2025-05-02 14:00:00,5703,455,5113,0,135,0,False,0.138,0.06
2025-05-02 15:00:00,4382,460,3809,0,113,0,False,0.138,0.06
2025-05-02 16:00:00,3117,479,3135,0,2,499,True,0.32,0.24
2025-05-02 17:00:00,1588,521,1578,0,0,511,True,0.32,0.24
2025-05-02 18:00:00,492,535,479,0,0,522,True,0.32,0.24
2025-05-02 19:00:00,27,647,24,14,0,630,True,0.32,0.24
2025-05-02 20:00:00,0,3989,25,1,0,4013,False,0.138,0.06
2025-05-02 21:00:00,0,1342,13,2,0,1353,False,0.138,0.06
2025-05-02 22:00:00,0,632,0,14,0,618,False,0.138,0.06
2025-05-02 23:00:00,0,508,0,16,0,492,False,0.138,0.06
2025-05-03 00:00:00,0,482,0,18,0,464,False,0.138,0.06
2025-05-03 01:00:00,0,420,0,19,0,401,False,0.138,0.06
2025-05-03 02:00:00,0,452,0,20,0,432,False,0.138,0.06
2025-05-03 03:00:00,0,448,0,19,0,429,False,0.138,0.06
2025-05-03 04:00:00,0,434,0,18,0,416,False,0.138,0.06
2025-05-03 05:00:00,25,448,0,23,0,400,False,0.138,0.06
2025-05-03 06:00:00,886,462,0,26,500,50,False,0.138,0.06
2025-05-03 07:00:00,2588,574,0,516,2530,0,False,0.138,0.06
2025-05-03 08:00:00,3251,800,0,595,3046,0,False,0.138,0.06
2025-05-03 09:00:00,5093,592,0,536,5037,0,False,0.138,0.06
2025-05-03 10:00:00,5963,520,2283,267,3427,0,False,0.138,0.06
2025-05-03 11:00:00,6611,5231,1153,0,227,0,False,0.138,0.06
2025-05-03 12:00:00,6441,5453,827,0,161,0,False,0.138,0.06
2025-05-03 13:00:00,5839,3602,2111,0,126,0,False,0.138,0.06
2025-05-03 14:00:00,5688,1190,4424,0,74,0,False,0.138,0.06
2025-05-03 15:00:00,4434,713,3590,0,131,0,False,0.138,0.06
2025-05-03 16:00:00,1886,1329,1900,0,0,1343,True,0.32,0.24
2025-05-03 17:00:00,429,660,342,257,89,405,True,0.32,0.24
2025-05-03 18:00:00,299,609,0,593,283,0,True,0.32,0.24
2025-05-03 19:00:00,180,1547,101,272,49,1245,True,0.32,0.24
2025-05-03 20:00:00,0,1602,27,4,0,1625,False,0.138,0.06
2025-05-03 21:00:00,0,995,0,5,0,990,False,0.138,0.06
2025-05-03 22:00:00,0,933,0,13,0,920,False,0.138,0.06
2025-05-03 23:00:00,0,502,0,23,0,479,False,0.138,0.06
2025-05-04 00:00:00,0,488,0,20,0,468,False,0.138,0.06
2025-05-04 01:00:00,0,672,0,16,0,656,False,0.138,0.06
2025-05-04 02:00:00,0,464,0,17,0,447,False,0.138,0.06
2025-05-04 03:00:00,0,476,0,18,0,458,False,0.138,0.06
2025-05-04 04:00:00,0,470,0,21,0,449,False,0.138,0.06
2025-05-04 05:00:00,15,618,0,19,0,584,False,0.138,0.06
2025-05-04 06:00:00,501,555,0,23,100,131,False,0.138,0.06
2025-05-04 07:00:00,1375,551,0,528,1352,0,False,0.138,0.06
2025-05-04 08:00:00,3098,904,0,760,2954,0,False,0.138,0.06
2025-05-04 09:00:00,3353,772,27,400,2954,0,False,0.138,0.06
2025-05-04 10:00:00,2222,766,0,731,2187,0,False,0.138,0.06
2025-05-04 11:00:00,4188,443,453,254,3546,0,False,0.138,0.06
2025-05-04 12:00:00,5616,492,4790,0,334,0,False,0.138,0.06
2025-05-04 13:00:00,4809,736,3966,0,108,1,False,0.138,0.06
2025-05-04 14:00:00,1084,3030,132,2201,123,0,False,0.138,0.06
2025-05-04 15:00:00,1630,710,803,0,117,0,False,0.138,0.06
2025-05-04 16:00:00,1146,643,1148,0,0,645,True,0.32,0.24
2025-05-04 17:00:00,596,1423,582,0,0,1409,True,0.32,0.24
2025-05-04 18:00:00,185,880,165,0,0,860,True,0.32,0.24
2025-05-04 19:00:00,23,880,31,3,0,885,True,0.32,0.24
2025-05-04 20:00:00,0,1662,10,4,0,1668,False,0.138,0.06
2025-05-04 21:00:00,0,1159,6,11,0,1154,False,0.138,0.06
2025-05-04 22:00:00,0,771,2,14,0,759,False,0.138,0.06
2025-05-04 23:00:00,0,523,0,22,0,501,False,0.138,0.06
2025-05-05 00:00:00,0,452,0,22,0,430,False,0.138,0.06
2025-05-05 01:00:00,0,461,0,19,0,442,False,0.138,0.06
2025-05-05 02:00:00,0,478,0,19,0,459,False,0.138,0.06
2025-05-05 03:00:00,0,449,0,20,0,429,False,0.138,0.06
2025-05-05 04:00:00,0,457,0,18,0,439,False,0.138,0.06
2025-05-05 05:00:00,0,441,0,18,0,423,False,0.138,0.06
2025-05-05 06:00:00,17,540,0,18,1,506,False,0.138,0.06
2025-05-05 07:00:00,197,698,0,710,211,2,False,0.138,0.06
2025-05-05 08:00:00,207,795,0,800,212,0,False,0.138,0.06
2025-05-05 09:00:00,468,2692,0,2701,477,0,False,0.138,0.06
2025-05-05 10:00:00,929,1079,0,1086,936,0,False,0.138,0.06
2025-05-05 11:00:00,856,3161,0,3180,875,0,False,0.138,0.06
2025-05-05 12:00:00,1138,606,0,624,1156,0,False,0.138,0.06
2025-05-05 13:00:00,794,2798,0,2818,814,0,False,0.138,0.06
2025-05-05 14:00:00,919,526,0,536,929,0,False,0.138,0.06
2025-05-05 15:00:00,896,515,0,533,914,0,False,0.138,0.06
2025-05-05 16:00:00,647,547,647,0,6,553,True,0.32,0.24
2025-05-05 17:00:00,243,865,228,0,0,850,True,0.32,0.24
2025-05-05 18:00:00,108,578,94,0,0,564,True,0.32,0.24
2025-05-05 19:00:00,7,726,2,10,0,711,True,0.32,0.24
2025-05-05 20:00:00,0,1622,14,7,0,1629,False,0.138,0.06
2025-05-05 21:00:00,0,2813,0,2271,20,562,False,0.138,0.06
2025-05-05 22:00:00,0,1284,0,1302,18,0,False,0.138,0.06
2025-05-05 23:00:00,0,534,0,547,13,0,False,0.138,0.06
2025-05-06 00:00:00,0,440,0,455,15,0,False,0.138,0.06
2025-05-06 01:00:00,0,433,0,452,19,0,False,0.138,0.06
2025-05-06 02:00:00,0,474,0,495,21,0,False,0.138,0.06
2025-05-06 03:00:00,0,429,0,450,21,0,False,0.138,0.06
2025-05-06 04:00:00,0,632,0,652,20,0,False,0.138,0.06
2025-05-06 05:00:00,0,425,0,443,18,0,False,0.138,0.06
2025-05-06 06:00:00,77,605,0,602,74,0,False,0.138,0.06
2025-05-06 07:00:00,385,510,0,528,403,0,False,0.138,0.06
2025-05-06 08:00:00,912,619,0,633,926,0,False,0.138,0.06
2025-05-06 09:00:00,1185,660,0,682,1207,0,False,0.138,0.06
2025-05-06 10:00:00,810,578,0,595,827,0,False,0.138,0.06
2025-05-06 11:00:00,1067,489,0,505,1083,0,False,0.138,0.06
2025-05-06 12:00:00,1716,477,0,483,1722,0,False,0.138,0.06
2025-05-06 13:00:00,1418,517,0,518,1419,0,False,0.138,0.06
2025-05-06 14:00:00,1277,571,0,564,1270,0,False,0.138,0.06
2025-05-06 15:00:00,1618,599,0,600,1619,0,False,0.138,0.06
2025-05-06 16:00:00,892,648,891,0,7,654,True,0.32,0.24
2025-05-06 17:00:00,221,616,209,0,0,604,True,0.32,0.24
2025-05-06 18:00:00,169,709,151,0,0,691,True,0.32,0.24
2025-05-06 19:00:00,16,739,13,9,0,727,True,0.32,0.24
2025-05-06 20:00:00,0,1472,14,1,0,1485,False,0.138,0.06
2025-05-06 21:00:00,0,742,0,18,0,724,False,0.138,0.06
2025-05-06 22:00:00,0,762,0,18,0,744,False,0.138,0.06
2025-05-06 23:00:00,0,609,0,19,0,590,False,0.138,0.06
2025-05-07 00:00:00,0,610,0,22,0,588,False,0.138,0.06
2025-05-07 01:00:00,0,555,0,240,13,328,False,0.138,0.06
2025-05-07 02:00:00,0,581,0,604,23,0,False,0.138,0.06
2025-05-07 03:00:00,0,569,0,592,23,0,False,0.138,0.06
2025-05-07 04:00:00,0,568,0,591,23,0,False,0.138,0.06
2025-05-07 05:00:00,14,554,0,564,24,0,False,0.138,0.06
2025-05-07 06:00:00,836,638,87,170,374,93,False,0.138,0.06
2025-05-07 07:00:00,1824,713,0,720,1831,0,False,0.138,0.06
2025-05-07 08:00:00,2650,555,0,526,2621,0,False,0.138,0.06
2025-05-07 09:00:00,3716,648,0,561,3629,0,False,0.138,0.06
2025-05-07 10:00:00,5247,794,31,336,4758,0,False,0.138,0.06
2025-05-07 11:00:00,5631,652,2821,82,2240,0,False,0.138,0.06
2025-05-07 12:00:00,4593,634,3754,0,205,0,False,0.138,0.06
2025-05-07 13:00:00,2444,661,1634,0,149,0,False,0.138,0.06
2025-05-07 14:00:00,3655,648,2877,0,130,0,False,0.138,0.06
2025-05-07 15:00:00,4518,597,3789,0,132,0,False,0.138,0.06
2025-05-07 16:00:00,1471,580,1496,0,0,605,True,0.32,0.24
2025-05-07 17:00:00,927,742,904,0,0,719,True,0.32,0.24
2025-05-07 18:00:00,569,906,551,0,0,888,True,0.32,0.24
2025-05-07 19:00:00,91,791,81,5,0,776,True,0.32,0.24
2025-05-07 20:00:00,0,3221,8,6,0,3223,False,0.138,0.06
2025-05-07 21:00:00,0,2382,11,5,0,2388,False,0.138,0.06
2025-05-07 22:00:00,0,769,0,15,0,754,False,0.138,0.06
2025-05-07 23:00:00,0,639,0,17,0,622,False,0.138,0.06
2025-05-08 00:00:00,0,529,0,25,0,504,False,0.138,0.06
2025-05-08 01:00:00,0,454,0,25,0,429,False,0.138,0.06
2025-05-08 02:00:00,0,431,0,22,0,409,False,0.138,0.06
2025-05-08 03:00:00,0,433,0,36,2,399,False,0.138,0.06
2025-05-08 04:00:00,0,459,0,484,25,0,False,0.138,0.06
2025-05-08 05:00:00,27,418,0,412,21,0,False,0.138,0.06
2025-05-08 06:00:00,1472,543,408,4,905,380,False,0.138,0.06
2025-05-08 07:00:00,2233,636,0,605,2202,0,False,0.138,0.06
2025-05-08 08:00:00,3329,538,0,507,3298,0,False,0.138,0.06
2025-05-08 09:00:00,5019,867,0,765,4917,0,False,0.138,0.06
2025-05-08 10:00:00,6047,568,1539,257,4197,0,False,0.138,0.06
2025-05-08 11:00:00,4908,3768,1484,502,158,0,False,0.138,0.06
2025-05-08 12:00:00,4472,3942,708,296,118,0,False,0.138,0.06
2025-05-08 13:00:00,4106,3596,614,226,123,1,False,0.138,0.06
2025-05-08 14:00:00,2112,2340,593,948,127,0,False,0.138,0.06
2025-05-08 15:00:00,3993,518,3359,0,116,0,False,0.138,0.06
2025-05-08 16:00:00,3061,489,3070,0,0,498,True,0.32,0.24
2025-05-08 17:00:00,1776,461,1758,0,0,443,True,0.32,0.24
2025-05-08 18:00:00,597,1180,576,0,0,1159,True,0.32,0.24
2025-05-08 19:00:00,4,1268,3,2,0,1265,True,0.32,0.24
2025-05-08 20:00:00,0,769,0,18,0,751,False,0.138,0.06
2025-05-08 21:00:00,0,623,0,13,0,610,False,0.138,0.06
2025-05-08 22:00:00,0,821,0,14,0,807,False,0.138,0.06
2025-05-08 23:00:00,0,539,0,18,0,521,False,0.138,0.06
2025-05-09 00:00:00,0,471,0,23,0,448,False,0.138,0.06
2025-05-09 01:00:00,0,479,0,19,0,460,False,0.138,0.06
2025-05-09 02:00:00,0,462,0,23,0,439,False,0.138,0.06
2025-05-09 03:00:00,0,446,0,21,0,425,False,0.138,0.06
2025-05-09 04:00:00,0,451,0,20,0,431,False,0.138,0.06
2025-05-09 05:00:00,0,473,0,17,0,456,False,0.138,0.06
2025-05-09 06:00:00,115,575,0,24,2,438,False,0.138,0.06
2025-05-09 07:00:00,279,496,0,511,296,2,False,0.138,0.06
2025-05-09 08:00:00,383,630,0,644,397,0,False,0.138,0.06
2025-05-09 09:00:00,697,719,0,725,703,0,False,0.138,0.06
2025-05-09 10:00:00,864,746,0,770,888,0,False,0.138,0.06
2025-05-09 11:00:00,742,887,0,908,763,0,False,0.138,0.06
2025-05-09 12:00:00,708,1376,0,1400,732,0,False,0.138,0.06
2025-05-09 13:00:00,621,605,0,632,648,0,False,0.138,0.06
2025-05-09 14:00:00,592,2091,0,2112,613,0,False,0.138,0.06
2025-05-09 15:00:00,486,985,0,999,500,0,False,0.138,0.06
2025-05-09 16:00:00,201,1583,187,0,2,1571,True,0.32,0.24
2025-05-09 17:00:00,113,1438,85,0,0,1410,True,0.32,0.24
2025-05-09 18:00:00,106,1620,87,0,0,1601,True,0.32,0.24
2025-05-09 19:00:00,1,1143,5,21,0,1126,True,0.32,0.24
2025-05-09 20:00:00,0,1971,0,1657,26,340,False,0.138,0.06
2025-05-09 21:00:00,0,4868,0,4885,17,0,False,0.138,0.06
2025-05-09 22:00:00,0,3384,0,3400,16,0,False,0.138,0.06
2025-05-09 23:00:00,0,761,0,776,15,0,False,0.138,0.06
2025-05-10 00:00:00,0,1166,0,1169,3,0,False,0.138,0.06
2025-05-10 01:00:00,0,724,0,740,16,0,False,0.138,0.06
2025-05-10 02:00:00,0,667,0,687,20,0,False,0.138,0.06
2025-05-10 03:00:00,0,867,0,886,19,0,False,0.138,0.06
2025-05-10 04:00:00,0,894,0,915,21,0,False,0.138,0.06
2025-05-10 05:00:00,0,1139,0,1155,16,0,False,0.138,0.06
2025-05-10 06:00:00,0,644,0,660,16,0,False,0.138,0.06
2025-05-10 07:00:00,144,2586,0,2583,141,0,False,0.138,0.06
2025-05-10 08:00:00,416,1339,0,1355,432,0,False,0.138,0.06
2025-05-10 09:00:00,764,1164,0,1182,782,0,False,0.138,0.06
2025-05-10 10:00:00,1004,2838,0,2855,1021,0,False,0.138,0.06
2025-05-10 11:00:00,1706,2274,0,2290,1722,0,False,0.138,0.06
2025-05-10 12:00:00,2675,1570,0,1619,2724,0,False,0.138,0.06
2025-05-10 13:00:00,3074,1214,0,1257,3117,0,False,0.138,0.06
2025-05-10 14:00:00,2574,948,0,842,2468,0,False,0.138,0.06
2025-05-10 15:00:00,3559,1556,0,1137,3140,0,False,0.138,0.06
2025-05-10 16:00:00,3165,493,3148,0,6,482,True,0.32,0.24
2025-05-10 17:00:00,1606,898,1586,0,0,878,True,0.32,0.24
2025-05-10 18:00:00,861,948,843,0,0,930,True,0.32,0.24
2025-05-10 19:00:00,94,760,77,1,0,742,True,0.32,0.24
2025-05-10 20:00:00,0,1497,7,7,0,1497,False,0.138,0.06
2025-05-10 21:00:00,0,722,0,20,0,702,False,0.138,0.06
2025-05-10 22:00:00,0,566,0,23,0,543,False,0.138,0.06
2025-05-10 23:00:00,0,479,0,19,0,460,False,0.138,0.06
2025-05-11 00:00:00,0,453,0,15,0,438,False,0.138,0.06
2025-05-11 01:00:00,0,826,0,18,0,808,False,0.138,0.06
2025-05-11 02:00:00,0,572,1,15,0,558,False,0.138,0.06
2025-05-11 03:00:00,0,864,0,20,0,844,False,0.138,0.06
2025-05-11 04:00:00,0,431,0,20,0,411,False,0.138,0.06
2025-05-11 05:00:00,55,903,0,427,24,445,False,0.138,0.06
2025-05-11 06:00:00,1345,545,392,0,860,452,False,0.138,0.06
2025-05-11 07:00:00,2999,1773,0,1765,2991,0,False,0.138,0.06
2025-05-11 08:00:00,4516,897,0,887,4506,0,False,0.138,0.06
2025-05-11 09:00:00,5653,577,458,384,5002,0,False,0.138,0.06
2025-05-11 10:00:00,6551,447,5288,0,816,0,False,0.138,0.06
2025-05-11 11:00:00,7240,447,6606,0,187,0,False,0.138,0.06
2025-05-11 12:00:00,7318,432,6799,0,87,0,False,0.138,0.06
2025-05-11 13:00:00,7411,533,6827,0,51,0,False,0.138,0.06
2025-05-11 14:00:00,6569,493,6065,0,11,0,False,0.138,0.06
2025-05-11 15:00:00,4976,3250,1758,130,98,0,False,0.138,0.06
2025-05-11 16:00:00,3501,546,3516,0,0,561,True,0.32,0.24
2025-05-11 17:00:00,1968,596,1952,0,0,580,True,0.32,0.24
2025-05-11 18:00:00,479,888,461,0,0,870,True,0.32,0.24
2025-05-11 19:00:00,106,580,95,1,0,568,True,0.32,0.24
2025-05-11 20:00:00,0,1528,6,16,0,1518,False,0.138,0.06
2025-05-11 21:00:00,1,3411,32,1,0,3441,False,0.138,0.06
2025-05-11 22:00:00,0,677,0,19,0,658,False,0.138,0.06
2025-05-11 23:00:00,0,503,0,19,0,484,False,0.138,0.06
2025-05-12 00:00:00,0,445,0,21,0,424,False,0.138,0.06
2025-05-12 01:00:00,0,462,0,21,0,441,False,0.138,0.06
2025-05-12 02:00:00,0,467,0,22,0,445,False,0.138,0.06
2025-05-12 03:00:00,0,456,0,23,0,433,False,0.138,0.06
2025-05-12 04:00:00,0,466,0,20,0,446,False,0.138,0.06
2025-05-12 05:00:00,53,527,0,20,3,457,False,0.138,0.06
2025-05-12 06:00:00,1529,1019,0,38,684,136,False,0.138,0.06
2025-05-12 07:00:00,3209,1203,0,1224,3230,0,False,0.138,0.06
2025-05-12 08:00:00,4600,427,0,462,4635,0,False,0.138,0.06
2025-05-12 09:00:00,5584,636,0,578,5526,0,False,0.138,0.06
2025-05-12 10:00:00,6438,948,4631,0,859,0,False,0.138,0.06
2025-05-12 11:00:00,7093,1448,5538,0,108,1,False,0.138,0.06
2025-05-12 12:00:00,7229,938,6193,0,98,0,False,0.138,0.06
2025-05-12 13:00:00,7206,914,6168,0,124,0,False,0.138,0.06
2025-05-12 14:00:00,6333,1108,5132,0,93,0,False,0.138,0.06
2025-05-12 15:00:00,4763,617,4048,0,98,0,False,0.138,0.06
2025-05-12 16:00:00,3327,648,3350,0,0,671,True,0.32,0.24
2025-05-12 17:00:00,1924,598,1908,0,0,582,True,0.32,0.24
2025-05-12 18:00:00,541,582,526,0,0,567,True,0.32,0.24
2025-05-12 19:00:00,107,518,96,0,0,507,True,0.32,0.24
2025-05-12 20:00:00,0,862,14,17,0,859,False,0.138,0.06
2025-05-12 21:00:00,0,1105,0,17,0,1088,False,0.138,0.06
2025-05-12 22:00:00,0,1084,0,14,0,1070,False,0.138,0.06
2025-05-12 23:00:00,0,449,0,34,4,419,False,0.138,0.06
2025-05-13 00:00:00,0,623,0,19,0,604,False,0.138,0.06
2025-05-13 01:00:00,0,563,0,15,0,548,False,0.138,0.06
2025-05-13 02:00:00,0,534,0,21,0,513,False,0.138,0.06
2025-05-13 03:00:00,0,560,0,20,0,540,False,0.138,0.06
2025-05-13 04:00:00,0,546,0,15,0,531,False,0.138,0.06
2025-05-13 05:00:00,53,544,0,29,0,462,False,0.138,0.06
2025-05-13 06:00:00,622,650,0,26,122,124,False,0.138,0.06
2025-05-13 07:00:00,2300,635,0,626,2291,0,False,0.138,0.06
2025-05-13 08:00:00,4282,575,0,534,4241,0,False,0.138,0.06
2025-05-13 09:00:00,5419,611,85,431,5154,0,False,0.138,0.06
2025-05-13 10:00:00,6313,1109,4679,0,525,0,False,0.138,0.06
2025-05-13 11:00:00,7011,1093,5769,0,149,0,False,0.138,0.06
2025-05-13 12:00:00,6632,1131,5366,0,135,0,False,0.138,0.06
2025-05-13 13:00:00,6855,963,5797,0,95,0,False,0.138,0.06
2025-05-13 14:00:00,6235,623,5515,0,97,0,False,0.138,0.06
2025-05-13 15:00:00,4744,632,3990,0,122,0,False,0.138,0.06
2025-05-13 16:00:00,3323,643,3338,0,1,659,True,0.32,0.24
2025-05-13 17:00:00,1862,636,1850,0,0,624,True,0.32,0.24
2025-05-13 18:00:00,638,911,619,0,0,892,True,0.32,0.24
2025-05-13 19:00:00,159,558,149,0,0,548,True,0.32,0.24
2025-05-13 20:00:00,0,2395,5,13,0,2387,False,0.138,0.06
2025-05-13 21:00:00,0,2602,15,6,0,2611,False,0.138,0.06
2025-05-13 22:00:00,0,1279,6,6,0,1279,False,0.138,0.06
2025-05-13 23:00:00,0,535,0,22,0,513,False,0.138,0.06
2025-05-14 00:00:00,0,487,0,17,0,470,False,0.138,0.06
2025-05-14 01:00:00,0,468,0,22,0,446,False,0.138,0.06
2025-05-14 02:00:00,0,439,0,20,0,419,False,0.138,0.06
2025-05-14 03:00:00,0,458,0,18,1,441,False,0.138,0.06
2025-05-14 04:00:00,0,451,0,131,6,326,False,0.138,0.06
2025-05-14 05:00:00,102,601,0,515,16,0,False,0.138,0.06
2025-05-14 06:00:00,1506,572,182,18,984,214,False,0.138,0.06
2025-05-14 07:00:00,2472,477,0,491,2486,0,False,0.138,0.06
2025-05-14 08:00:00,3092,651,0,660,3101,0,False,0.138,0.06
2025-05-14 09:00:00,3844,932,0,921,3833,0,False,0.138,0.06
2025-05-14 10:00:00,4294,637,0,620,4277,0,False,0.138,0.06
2025-05-14 11:00:00,5290,495,4054,0,741,0,False,0.138,0.06
2025-05-14 12:00:00,6238,467,5565,0,206,0,False,0.138,0.06
2025-05-14 13:00:00,7379,459,6821,0,99,0,False,0.138,0.06
2025-05-14 14:00:00,6221,521,5588,0,112,0,False,0.138,0.06
2025-05-14 15:00:00,4627,457,4090,0,80,0,False,0.138,0.06
2025-05-14 16:00:00,3183,505,3206,0,0,528,True,0.32,0.24
2025-05-14 17:00:00,1927,465,1917,0,0,455,True,0.32,0.24
2025-05-14 18:00:00,337,487,324,0,0,474,True,0.32,0.24
2025-05-14 19:00:00,98,549,88,0,0,539,True,0.32,0.24
2025-05-14 20:00:00,0,950,10,7,0,953,False,0.138,0.06
2025-05-14 21:00:00,0,1446,1,4,0,1443,False,0.138,0.06
2025-05-14 22:00:00,0,817,0,13,0,804,False,0.138,0.06
2025-05-14 23:00:00,0,575,0,21,0,554,False,0.138,0.06
2025-05-15 00:00:00,0,466,0,19,0,447,False,0.138,0.06
2025-05-15 01:00:00,0,453,0,23,0,430,False,0.138,0.06
2025-05-15 02:00:00,0,443,0,21,0,422,False,0.138,0.06
2025-05-15 03:00:00,0,457,0,18,0,439,False,0.138,0.06
2025-05-15 04:00:00,0,454,0,18,0,436,False,0.138,0.06
2025-05-15 05:00:00,35,518,0,23,1,461,False,0.138,0.06
2025-05-15 06:00:00,99,501,0,26,0,376,False,0.138,0.06
2025-05-15 07:00:00,47,725,0,699,23,2,False,0.138,0.06
2025-05-15 08:00:00,329,686,0,668,311,0,False,0.138,0.06
2025-05-15 09:00:00,1119,520,0,513,1112,0,False,0.138,0.06
2025-05-15 10:00:00,1824,438,0,433,1819,0,False,0.138,0.06
2025-05-15 11:00:00,3080,524,0,500,3056,0,False,0.138,0.06
2025-05-15 12:00:00,3440,535,0,534,3439,0,False,0.138,0.06
2025-05-15 13:00:00,2159,435,0,416,2140,0,False,0.138,0.06
2025-05-15 14:00:00,938,435,313,97,287,0,False,0.138,0.06
2025-05-15 15:00:00,1442,511,809,0,122,0,False,0.138,0.06
2025-05-15 16:00:00,1629,573,1649,0,1,594,True,0.32,0.24
2025-05-15 17:00:00,858,533,846,0,1,522,True,0.32,0.24
2025-05-15 18:00:00,328,718,311,0,0,701,True,0.32,0.24
2025-05-15 19:00:00,147,1848,128,3,0,1826,True,0.32,0.24
2025-05-15 20:00:00,0,3299,22,0,0,3321,False,0.138,0.06
2025-05-15 21:00:00,0,2127,15,14,0,2128,False,0.138,0.06
2025-05-15 22:00:00,0,736,0,19,0,717,False,0.138,0.06
2025-05-15 23:00:00,0,514,0,19,0,495,False,0.138,0.06
2025-05-16 00:00:00,0,578,0,20,0,558,False,0.138,0.06
2025-05-16 01:00:00,0,443,0,23,0,420,False,0.138,0.06
2025-05-16 02:00:00,0,639,0,115,6,530,False,0.138,0.06
2025-05-16 03:00:00,0,427,0,449,22,0,False,0.138,0.06
2025-05-16 04:00:00,0,434,0,458,24,0,False,0.138,0.06
2025-05-16 05:00:00,0,627,0,651,24,0,False,0.138,0.06
2025-05-16 06:00:00,277,749,0,500,28,0,False,0.138,0.06
2025-05-16 07:00:00,773,522,0,505,756,0,False,0.138,0.06
2025-05-16 08:00:00,2236,553,0,531,2214,0,False,0.138,0.06
2025-05-16 09:00:00,2483,707,0,686,2462,0,False,0.138,0.06
2025-05-16 10:00:00,2284,655,0,641,2270,0,False,0.138,0.06
2025-05-16 11:00:00,2868,687,0,675,2856,0,False,0.138,0.06
2025-05-16 12:00:00,4793,574,57,318,4480,0,False,0.138,0.06
2025-05-16 13:00:00,5762,659,4721,0,382,0,False,0.138,0.06
2025-05-16 14:00:00,6263,1793,4340,0,130,0,False,0.138,0.06
2025-05-16 15:00:00,4114,2708,1655,384,135,0,False,0.138,0.06
2025-05-16 16:00:00,2939,702,2947,0,0,710,True,0.32,0.24
2025-05-16 17:00:00,1923,870,1902,0,0,849,True,0.32,0.24
2025-05-16 18:00:00,536,1248,526,0,0,1238,True,0.32,0.24
2025-05-16 19:00:00,169,1143,155,0,0,1129,True,0.32,0.24
2025-05-16 20:00:00,0,3262,12,9,0,3265,False,0.138,0.06
2025-05-16 21:00:00,0,2809,14,2,0,2821,False,0.138,0.06
2025-05-16 22:00:00,0,1370,0,17,0,1353,False,0.138,0.06
2025-05-16 23:00:00,0,1281,5,545,28,769,False,0.138,0.06
2025-05-17 00:00:00,0,759,0,783,24,0,False,0.138,0.06
2025-05-17 01:00:00,0,696,0,722,26,0,False,0.138,0.06
2025-05-17 02:00:00,0,677,0,699,23,1,False,0.138,0.06
2025-05-17 03:00:00,0,441,0,466,25,0,False,0.138,0.06
2025-05-17 04:00:00,0,808,0,831,23,0,False,0.138,0.06
2025-05-17 05:00:00,4,445,0,465,24,0,False,0.138,0.06
2025-05-17 06:00:00,255,753,0,662,164,0,False,0.138,0.06
2025-05-17 07:00:00,546,628,0,624,542,0,False,0.138,0.06
2025-05-17 08:00:00,1412,1878,0,1861,1395,0,False,0.138,0.06
2025-05-17 09:00:00,3374,745,0,552,3181,0,False,0.138,0.06
2025-05-17 10:00:00,1746,574,0,576,1748,0,False,0.138,0.06
2025-05-17 11:00:00,1717,1112,0,1112,1717,0,False,0.138,0.06
2025-05-17 12:00:00,1876,413,0,406,1869,0,False,0.138,0.06
2025-05-17 13:00:00,1810,1171,0,1160,1799,0,False,0.138,0.06
2025-05-17 14:00:00,1622,902,0,903,1623,0,False,0.138,0.06
2025-05-17 15:00:00,3151,828,812,350,1861,0,False,0.138,0.06
2025-05-17 16:00:00,3056,1119,3075,0,0,1138,True,0.32,0.24
2025-05-17 17:00:00,1923,1090,1913,0,0,1080,True,0.32,0.24
2025-05-17 18:00:00,559,1269,542,0,0,1252,True,0.32,0.24
2025-05-17 19:00:00,79,1561,60,9,1,1534,True,0.32,0.24
2025-05-17 20:00:00,0,2374,27,1,0,2400,False,0.138,0.06
2025-05-17 21:00:00,0,1744,7,17,0,1734,False,0.138,0.06
2025-05-17 22:00:00,0,3084,17,234,18,2885,False,0.138,0.06
2025-05-17 23:00:00,0,676,0,704,28,0,False,0.138,0.06
2025-05-18 00:00:00,0,657,0,682,25,0,False,0.138,0.06
2025-05-18 01:00:00,0,482,0,507,25,0,False,0.138,0.06
2025-05-18 02:00:00,0,638,0,662,24,0,False,0.138,0.06
2025-05-18 03:00:00,0,475,0,499,24,0,False,0.138,0.06
2025-05-18 04:00:00,0,659,0,683,24,0,False,0.138,0.06
2025-05-18 05:00:00,85,443,0,437,79,0,False,0.138,0.06
2025-05-18 06:00:00,1594,548,3,97,1154,14,False,0.138,0.06
2025-05-18 07:00:00,3135,747,0,686,3074,0,False,0.138,0.06
2025-05-18 08:00:00,4696,2049,0,2007,4654,0,False,0.138,0.06
2025-05-18 09:00:00,4014,1599,0,1284,3699,0,False,0.138,0.06
2025-05-18 10:00:00,5092,1011,2071,681,2691,0,False,0.138,0.06
2025-05-18 11:00:00,5366,468,4688,0,210,0,False,0.138,0.06
2025-05-18 12:00:00,3983,526,3268,0,189,0,False,0.138,0.06
2025-05-18 13:00:00,3178,489,2567,0,122,0,False,0.138,0.06
2025-05-18 14:00:00,2368,440,1805,0,123,0,False,0.138,0.06
2025-05-18 15:00:00,2722,430,2202,0,90,0,False,0.138,0.06
2025-05-18 16:00:00,2213,442,2216,0,8,453,True,0.32,0.24
2025-05-18 17:00:00,1182,529,1171,0,0,518,True,0.32,0.24
2025-05-18 18:00:00,820,460,808,0,0,448,True,0.32,0.24
2025-05-18 19:00:00,156,455,143,0,0,442,True,0.32,0.24
2025-05-18 20:00:00,0,422,6,14,0,414,False,0.138,0.06
2025-05-18 21:00:00,0,459,0,18,0,441,False,0.138,0.06
2025-05-18 22:00:00,0,461,0,19,0,442,False,0.138,0.06
2025-05-18 23:00:00,0,406,0,20,0,386,False,0.138,0.06
2025-05-19 00:00:00,0,425,0,19,0,406,False,0.138,0.06
2025-05-19 01:00:00,0,447,0,21,0,426,False,0.138,0.06
2025-05-19 02:00:00,0,413,0,22,0,391,False,0.138,0.06
2025-05-19 03:00:00,0,432,0,20,0,412,False,0.138,0.06
2025-05-19 04:00:00,0,417,0,20,0,397,False,0.138,0.06
2025-05-19 05:00:00,96,438,0,18,0,324,False,0.138,0.06
2025-05-19 06:00:00,1864,421,1,14,1457,1,False,0.138,0.06
2025-05-19 07:00:00,3387,407,0,405,3385,0,False,0.138,0.06
2025-05-19 08:00:00,3943,430,663,200,3050,0,False,0.138,0.06
2025-05-19 09:00:00,5115,429,4309,0,377,0,False,0.138,0.06
2025-05-19 10:00:00,6390,459,5771,0,160,0,False,0.138,0.06
2025-05-19 11:00:00,7497,445,6926,0,126,0,False,0.138,0.06
2025-05-19 12:00:00,6564,422,6031,0,111,0,False,0.138,0.06
2025-05-19 13:00:00,5120,430,4557,0,133,0,False,0.138,0.06
2025-05-19 14:00:00,4026,452,3491,0,83,0,False,0.138,0.06
2025-05-19 15:00:00,2557,399,2042,0,116,0,False,0.138,0.06
2025-05-19 16:00:00,1756,434,1779,0,1,458,True,0.32,0.24
2025-05-19 17:00:00,1202,416,1188,0,0,402,True,0.32,0.24
2025-05-19 18:00:00,643,406,632,0,0,395,True,0.32,0.24
2025-05-19 19:00:00,68,438,55,0,0,425,True,0.32,0.24
2025-05-19 20:00:00,0,421,6,18,0,409,False,0.138,0.06
2025-05-19 21:00:00,0,468,0,20,0,448,False,0.138,0.06
2025-05-19 22:00:00,0,446,0,23,0,423,False,0.138,0.06
2025-05-19 23:00:00,0,431,0,22,0,409,False,0.138,0.06
2025-05-20 00:00:00,0,434,0,20,0,414,False,0.138,0.06
2025-05-20 01:00:00,0,401,0,23,0,378,False,0.138,0.06
2025-05-20 02:00:00,0,436,0,19,0,417,False,0.138,0.06
2025-05-20 03:00:00,0,403,0,20,0,383,False,0.138,0.06
2025-05-20 04:00:00,0,410,0,22,0,388,False,0.138,0.06
2025-05-20 05:00:00,11,419,0,21,0,387,False,0.138,0.06
2025-05-20 06:00:00,404,414,0,33,129,106,False,0.138,0.06
2025-05-20 07:00:00,1139,418,0,432,1153,0,False,0.138,0.06
2025-05-20 08:00:00,2215,407,0,442,2250,0,False,0.138,0.06
2025-05-20 09:00:00,4316,423,196,240,3937,0,False,0.138,0.06
2025-05-20 10:00:00,3533,432,2329,0,772,0,False,0.138,0.06
2025-05-20 11:00:00,2136,427,1601,0,108,0,False,0.138,0.06
2025-05-20 12:00:00,2133,424,1578,0,131,0,False,0.138,0.06
2025-05-20 13:00:00,1779,414,1243,0,122,0,False,0.138,0.06
2025-05-20 14:00:00,1464,419,974,0,71,0,False,0.138,0.06
2025-05-20 15:00:00,1140,409,648,0,83,0,False,0.138,0.06
2025-05-20 16:00:00,741,415,749,0,1,424,True,0.32,0.24
2025-05-20 17:00:00,544,403,534,0,0,393,True,0.32,0.24
2025-05-20 18:00:00,161,417,148,0,0,404,True,0.32,0.24
2025-05-20 19:00:00,21,411,14,3,0,401,True,0.32,0.24
2025-05-20 20:00:00,0,450,2,18,0,434,False,0.138,0.06
2025-05-20 21:00:00,0,573,0,19,0,554,False,0.138,0.06
2025-05-20 22:00:00,0,427,0,20,0,407,False,0.138,0.06
2025-05-20 23:00:00,0,424,0,22,0,402,False,0.138,0.06
2025-05-21 00:00:00,0,418,0,21,0,397,False,0.138,0.06
2025-05-21 01:00:00,0,407,0,20,0,387,False,0.138,0.06
2025-05-21 02:00:00,0,426,0,24,0,402,False,0.138,0.06
2025-05-21 03:00:00,0,396,0,22,0,374,False,0.138,0.06
2025-05-21 04:00:00,0,421,0,21,0,400,False,0.138,0.06
2025-05-21 05:00:00,14,395,0,16,0,365,False,0.138,0.06
2025-05-21 06:00:00,397,432,0,29,98,104,False,0.138,0.06
2025-05-21 07:00:00,1775,391,0,325,1709,0,False,0.138,0.06
2025-05-21 08:00:00,871,414,0,439,896,0,False,0.138,0.06
2025-05-21 09:00:00,769,404,0,422,787,0,False,0.138,0.06
2025-05-21 10:00:00,1620,404,0,417,1633,0,False,0.138,0.06
2025-05-21 11:00:00,1959,419,0,447,1987,0,False,0.138,0.06
2025-05-21 12:00:00,986,401,0,431,1016,0,False,0.138,0.06
2025-05-21 13:00:00,1849,386,1145,156,474,0,False,0.138,0.06
2025-05-21 14:00:00,769,429,240,0,100,0,False,0.138,0.06
2025-05-21 15:00:00,895,395,398,0,102,0,False,0.138,0.06
2025-05-21 16:00:00,1043,417,1068,0,0,442,True,0.32,0.24
2025-05-21 17:00:00,629,392,615,0,0,378,True,0.32,0.24
2025-05-21 18:00:00,262,396,249,0,0,383,True,0.32,0.24
2025-05-21 19:00:00,32,426,25,6,0,413,True,0.32,0.24
2025-05-21 20:00:00,0,435,1,19,0,417,False,0.138,0.06
2025-05-21 21:00:00,0,422,0,23,0,399,False,0.138,0.06
2025-05-21 22:00:00,0,449,0,22,0,427,False,0.138,0.06
2025-05-21 23:00:00,0,394,0,21,0,373,False,0.138,0.06
2025-05-22 00:00:00,0,403,0,21,0,382,False,0.138,0.06
2025-05-22 01:00:00,0,423,0,21,0,402,False,0.138,0.06
2025-05-22 02:00:00,0,401,0,23,0,378,False,0.138,0.06
2025-05-22 03:00:00,0,409,0,23,0,386,False,0.138,0.06
2025-05-22 04:00:00,0,450,0,21,0,429,False,0.138,0.06
2025-05-22 05:00:00,0,389,0,21,0,368,False,0.138,0.06
2025-05-22 06:00:00,97,398,0,23,2,280,False,0.138,0.06
2025-05-22 07:00:00,269,414,0,419,275,1,False,0.138,0.06
2025-05-22 08:00:00,420,398,0,415,437,0,False,0.138,0.06
2025-05-22 09:00:00,650,394,0,400,656,0,False,0.138,0.06
2025-05-22 10:00:00,1503,411,0,424,1516,0,False,0.138,0.06
2025-05-22 11:00:00,821,412,0,426,835,0,False,0.138,0.06
2025-05-22 12:00:00,1018,419,0,428,1027,0,False,0.138,0.06
2025-05-22 13:00:00,1139,396,0,408,1151,0,False,0.138,0.06
2025-05-22 14:00:00,708,420,0,436,724,0,False,0.138,0.06
2025-05-22 15:00:00,691,400,0,419,710,0,False,0.138,0.06
2025-05-22 16:00:00,485,408,493,0,4,420,True,0.32,0.24
2025-05-22 17:00:00,245,410,234,0,0,399,True,0.32,0.24
2025-05-22 18:00:00,62,445,51,0,0,434,True,0.32,0.24
2025-05-22 19:00:00,1,472,0,12,0,459,True,0.32,0.24
2025-05-22 20:00:00,0,489,5,5,0,489,False,0.138,0.06
2025-05-22 21:00:00,0,507,0,21,2,488,False,0.138,0.06
2025-05-22 22:00:00,0,511,0,10,1,502,False,0.138,0.06
2025-05-22 23:00:00,0,464,0,11,1,454,False,0.138,0.06
2025-05-23 00:00:00,0,457,0,22,0,435,False,0.138,0.06
2025-05-23 01:00:00,0,455,0,18,1,438,False,0.138,0.06
2025-05-23 02:00:00,0,459,0,18,0,441,False,0.138,0.06
2025-05-23 03:00:00,0,425,0,16,1,410,False,0.138,0.06
2025-05-23 04:00:00,0,405,0,14,0,391,False,0.138,0.06
2025-05-23 05:00:00,82,408,1,13,2,316,False,0.138,0.06
2025-05-23 06:00:00,403,387,0,27,87,44,False,0.138,0.06
2025-05-23 07:00:00,947,422,0,431,956,0,False,0.138,0.06
2025-05-23 08:00:00,1590,400,0,413,1603,0,False,0.138,0.06
2025-05-23 09:00:00,3318,403,0,424,3339,0,False,0.138,0.06
2025-05-23 10:00:00,2936,396,0,434,2974,0,False,0.138,0.06
2025-05-23 11:00:00,2384,403,724,145,1402,0,False,0.138,0.06
2025-05-23 12:00:00,5504,427,4992,0,85,0,False,0.138,0.06
2025-05-23 13:00:00,3691,430,3136,0,125,0,False,0.138,0.06
2025-05-23 14:00:00,2968,399,2454,0,115,0,False,0.138,0.06
2025-05-23 15:00:00,1906,399,1404,0,103,0,False,0.138,0.06
2025-05-23 16:00:00,531,403,546,0,2,420,True,0.32,0.24
2025-05-23 17:00:00,297,403,289,0,0,395,True,0.32,0.24
2025-05-23 18:00:00,297,383,284,0,0,370,True,0.32,0.24
2025-05-23 19:00:00,43,393,33,5,0,378,True,0.32,0.24
2025-05-23 20:00:00,0,467,3,17,0,453,False,0.138,0.06
2025-05-23 21:00:00,0,437,0,21,1,417,False,0.138,0.06
2025-05-23 22:00:00,0,421,0,19,0,402,False,0.138,0.06
2025-05-23 23:00:00,0,392,0,21,0,371,False,0.138,0.06
2025-05-24 00:00:00,0,412,0,23,0,389,False,0.138,0.06
2025-05-24 01:00:00,0,404,0,20,0,384,False,0.138,0.06
2025-05-24 02:00:00,0,418,0,19,0,399,False,0.138,0.06
2025-05-24 03:00:00,0,390,0,22,0,368,False,0.138,0.06
2025-05-24 04:00:00,0,405,0,23,0,382,False,0.138,0.06
2025-05-24 05:00:00,120,403,6,20,9,278,False,0.138,0.06
2025-05-24 06:00:00,1302,409,0,32,926,1,False,0.138,0.06
2025-05-24 07:00:00,2858,406,0,442,2894,0,False,0.138,0.06
2025-05-24 08:00:00,2521,397,0,415,2539,0,False,0.138,0.06
2025-05-24 09:00:00,3235,412,1550,91,1364,0,False,0.138,0.06
2025-05-24 10:00:00,4594,420,3998,0,176,0,False,0.138,0.06
2025-05-24 11:00:00,5376,404,4836,0,136,0,False,0.138,0.06
2025-05-24 12:00:00,3655,435,3089,0,131,0,False,0.138,0.06
2025-05-24 13:00:00,2359,395,1848,0,117,1,False,0.138,0.06
2025-05-24 14:00:00,4205,415,3691,0,99,0,False,0.138,0.06
2025-05-24 15:00:00,2891,415,2362,0,114,0,False,0.138,0.06
2025-05-24 16:00:00,2887,417,2894,0,2,426,True,0.32,0.24
2025-05-24 17:00:00,1881,392,1873,0,0,384,True,0.32,0.24
2025-05-24 18:00:00,931,394,919,0,0,382,True,0.32,0.24
2025-05-24 19:00:00,207,411,197,0,0,401,True,0.32,0.24
2025-05-24 20:00:00,0,436,8,16,0,428,False,0.138,0.06
2025-05-24 21:00:00,0,436,0,21,0,415,False,0.138,0.06
2025-05-24 22:00:00,0,422,0,20,0,402,False,0.138,0.06
2025-05-24 23:00:00,0,404,0,24,0,380,False,0.138,0.06
2025-05-25 00:00:00,0,540,0,23,0,517,False,0.138,0.06
2025-05-25 01:00:00,0,419,0,19,0,400,False,0.138,0.06
2025-05-25 02:00:00,0,393,0,22,0,371,False,0.138,0.06
2025-05-25 03:00:00,0,436,0,22,0,414,False,0.138,0.06
2025-05-25 04:00:00,0,395,0,22,0,373,False,0.138,0.06
2025-05-25 05:00:00,95,401,0,27,0,279,False,0.138,0.06
2025-05-25 06:00:00,1860,395,0,34,1499,0,False,0.138,0.06
2025-05-25 07:00:00,3603,418,0,382,3567,0,False,0.138,0.06
2025-05-25 08:00:00,4871,407,1882,105,2687,0,False,0.138,0.06
2025-05-25 09:00:00,2738,416,2200,0,122,0,False,0.138,0.06
2025-05-25 10:00:00,2890,421,2320,0,149,0,False,0.138,0.06
2025-05-25 11:00:00,4679,418,4149,0,112,0,False,0.138,0.06
2025-05-25 12:00:00,3623,413,3099,0,111,0,False,0.138,0.06
2025-05-25 13:00:00,2344,419,1813,0,112,0,False,0.138,0.06
2025-05-25 14:00:00,2113,396,1614,0,103,0,False,0.138,0.06
2025-05-25 15:00:00,1704,407,1182,0,115,0,False,0.138,0.06
2025-05-25 16:00:00,2386,413,2390,0,4,421,True,0.32,0.24
2025-05-25 17:00:00,1423,400,1410,0,0,387,True,0.32,0.24
2025-05-25 18:00:00,500,413,490,0,0,403,True,0.32,0.24
2025-05-25 19:00:00,166,411,151,0,0,396,True,0.32,0.24
2025-05-25 20:00:00,0,419,0,25,0,394,False,0.138,0.06
2025-05-25 21:00:00,0,457,13,18,0,452,False,0.138,0.06
2025-05-25 22:00:00,0,409,0,18,0,391,False,0.138,0.06
2025-05-25 23:00:00,0,417,0,20,0,397,False,0.138,0.06
2025-05-26 00:00:00,0,411,0,20,0,391,False,0.138,0.06
2025-05-26 01:00:00,0,399,0,23,0,376,False,0.138,0.06
2025-05-26 02:00:00,0,402,0,23,0,379,False,0.138,0.06
2025-05-26 03:00:00,0,420,0,19,0,401,False,0.138,0.06
2025-05-26 04:00:00,0,401,0,22,0,379,False,0.138,0.06
2025-05-26 05:00:00,174,397,0,27,72,268,False,0.138,0.06
2025-05-26 06:00:00,1875,422,0,33,1486,0,False,0.138,0.06
2025-05-26 07:00:00,3592,398,0,412,3606,0,False,0.138,0.06
2025-05-26 08:00:00,4831,416,2131,124,2408,0,False,0.138,0.06
2025-05-26 09:00:00,5768,444,5195,0,129,0,False,0.138,0.06
2025-05-26 10:00:00,5508,411,4942,0,155,0,False,0.138,0.06
2025-05-26 11:00:00,6240,445,5690,0,105,0,False,0.138,0.06
2025-05-26 12:00:00,6312,415,5781,0,116,0,False,0.138,0.06
2025-05-26 13:00:00,7104,406,6575,0,123,0,False,0.138,0.06
2025-05-26 14:00:00,6389,427,5873,0,89,0,False,0.138,0.06
2025-05-26 15:00:00,5145,411,4617,0,117,0,False,0.138,0.06
2025-05-26 16:00:00,3624,421,3641,0,1,439,True,0.32,0.24
2025-05-26 17:00:00,2293,387,2281,0,0,375,True,0.32,0.24
2025-05-26 18:00:00,692,433,680,0,0,421,True,0.32,0.24
2025-05-26 19:00:00,187,388,175,0,0,376,True,0.32,0.24
2025-05-26 20:00:00,0,463,0,23,0,440,False,0.138,0.06
2025-05-26 21:00:00,0,421,9,15,0,415,False,0.138,0.06
2025-05-26 22:00:00,0,432,0,23,0,409,False,0.138,0.06
2025-05-26 23:00:00,0,410,0,21,0,389,False,0.138,0.06
2025-05-27 00:00:00,0,406,0,18,0,388,False,0.138,0.06
2025-05-27 01:00:00,0,407,0,19,0,388,False,0.138,0.06
2025-05-27 02:00:00,0,422,0,22,0,400,False,0.138,0.06
2025-05-27 03:00:00,0,409,0,19,0,390,False,0.138,0.06
2025-05-27 04:00:00,0,401,0,22,0,379,False,0.138,0.06
2025-05-27 05:00:00,161,428,0,28,49,288,False,0.138,0.06
2025-05-27 06:00:00,1820,404,0,36,1452,0,False,0.138,0.06
2025-05-27 07:00:00,3532,394,0,421,3559,0,False,0.138,0.06
2025-05-27 08:00:00,4746,437,1823,128,2614,0,False,0.138,0.06
2025-05-27 09:00:00,5624,438,5046,0,140,0,False,0.138,0.06
2025-05-27 10:00:00,6472,453,5858,0,161,0,False,0.138,0.06
2025-05-27 11:00:00,7153,409,6628,0,116,0,False,0.138,0.06
2025-05-27 12:00:00,7343,451,6807,0,85,0,False,0.138,0.06
2025-05-27 13:00:00,6768,400,6284,0,84,0,False,0.138,0.06
2025-05-27 14:00:00,6508,455,5955,0,98,0,False,0.138,0.06
2025-05-27 15:00:00,3533,509,2906,0,118,0,False,0.138,0.06
2025-05-27 16:00:00,2943,572,2948,0,0,577,True,0.32,0.24
2025-05-27 17:00:00,2239,528,2229,0,0,518,True,0.32,0.24
2025-05-27 18:00:00,1019,455,1004,0,0,440,True,0.32,0.24
2025-05-27 19:00:00,247,1359,224,0,0,1336,True,0.32,0.24
2025-05-27 20:00:00,0,1328,7,21,0,1314,False,0.138,0.06
2025-05-27 21:00:00,0,3283,17,5,0,3295,False,0.138,0.06
2025-05-27 22:00:00,0,1505,4,3,0,1506,False,0.138,0.06
2025-05-27 23:00:00,0,701,0,20,0,681,False,0.138,0.06
2025-05-28 00:00:00,0,510,0,20,0,490,False,0.138,0.06
2025-05-28 01:00:00,0,483,0,22,0,461,False,0.138,0.06
2025-05-28 02:00:00,0,509,0,19,0,490,False,0.138,0.06
2025-05-28 03:00:00,0,493,0,20,0,473,False,0.138,0.06
2025-05-28 04:00:00,0,491,0,479,21,33,False,0.138,0.06
2025-05-28 05:00:00,273,483,0,311,101,0,False,0.138,0.06
2025-05-28 06:00:00,1583,571,614,0,1004,606,False,0.138,0.06
2025-05-28 07:00:00,3245,712,0,688,3221,0,False,0.138,0.06
2025-05-28 08:00:00,4435,575,0,560,4420,0,False,0.138,0.06
2025-05-28 09:00:00,5386,669,0,652,5369,0,False,0.138,0.06
2025-05-28 10:00:00,6028,1191,3448,230,1619,0,False,0.138,0.06
2025-05-28 11:00:00,6386,1762,4438,0,186,0,False,0.138,0.06
2025-05-28 12:00:00,5504,1131,4282,0,92,1,False,0.138,0.06
2025-05-28 13:00:00,5822,1125,4577,0,120,0,False,0.138,0.06
2025-05-28 14:00:00,5995,1215,4706,0,74,0,False,0.138,0.06
2025-05-28 15:00:00,4848,848,3875,0,125,0,False,0.138,0.06
2025-05-28 16:00:00,3237,858,3251,0,0,872,True,0.32,0.24
2025-05-28 17:00:00,2022,673,2012,0,0,663,True,0.32,0.24
2025-05-28 18:00:00,975,587,959,0,0,571,True,0.32,0.24
2025-05-28 19:00:00,239,939,222,0,0,922,True,0.32,0.24
2025-05-28 20:00:00,0,602,0,26,0,576,False,0.138,0.06
2025-05-28 21:00:00,0,860,7,13,0,854,False,0.138,0.06
2025-05-28 22:00:00,0,1423,13,13,0,1423,False,0.138,0.06
2025-05-28 23:00:00,0,505,0,22,0,483,False,0.138,0.06
2025-05-29 00:00:00,0,549,0,14,0,535,False,0.138,0.06
2025-05-29 01:00:00,0,491,0,23,0,468,False,0.138,0.06
2025-05-29 02:00:00,0,581,0,18,0,563,False,0.138,0.06
2025-05-29 03:00:00,0,479,0,21,0,458,False,0.138,0.06
2025-05-29 04:00:00,0,559,0,20,0,539,False,0.138,0.06
2025-05-29 05:00:00,0,482,0,16,0,466,False,0.138,0.06
2025-05-29 06:00:00,599,710,0,23,150,238,False,0.138,0.06
2025-05-29 07:00:00,1481,659,0,646,1468,0,False,0.138,0.06
2025-05-29 08:00:00,3616,759,0,592,3449,0,False,0.138,0.06
2025-05-29 09:00:00,2228,842,0,813,2199,0,False,0.138,0.06
2025-05-29 10:00:00,2570,647,0,621,2544,0,False,0.138,0.06
2025-05-29 11:00:00,2818,636,0,623,2805,0,False,0.138,0.06
2025-05-29 12:00:00,3393,503,2379,0,511,0,False,0.138,0.06
2025-05-29 13:00:00,2568,3089,510,1182,151,0,False,0.138,0.06
2025-05-29 14:00:00,2263,694,1427,0,142,0,False,0.138,0.06
2025-05-29 15:00:00,2222,669,1433,0,120,0,False,0.138,0.06
2025-05-29 16:00:00,2290,661,2302,0,0,673,True,0.32,0.24
2025-05-29 17:00:00,1314,543,1297,0,0,526,True,0.32,0.24
2025-05-29 18:00:00,648,584,636,0,0,572,True,0.32,0.24
2025-05-29 19:00:00,158,980,142,0,0,964,True,0.32,0.24
2025-05-29 20:00:00,0,2314,19,3,0,2330,False,0.138,0.06
2025-05-29 21:00:00,0,2444,21,3,0,2462,False,0.138,0.06
2025-05-29 22:00:00,1,2979,15,3,0,2990,False,0.138,0.06
2025-05-29 23:00:00,0,2003,11,474,16,1556,False,0.138,0.06
2025-05-30 00:00:00,0,1905,0,1919,14,0,False,0.138,0.06
2025-05-30 01:00:00,0,2014,0,2020,6,0,False,0.138,0.06
2025-05-30 02:00:00,0,1981,0,1981,0,0,False,0.138,0.06
2025-05-30 03:00:00,0,2007,0,2007,0,0,False,0.138,0.06
2025-05-30 04:00:00,0,1915,0,1915,0,0,False,0.138,0.06
2025-05-30 05:00:00,22,1934,0,1924,12,0,False,0.138,0.06
2025-05-30 06:00:00,195,2125,0,2052,122,0,False,0.138,0.06
2025-05-30 07:00:00,1074,2380,0,2340,1034,0,False,0.138,0.06
2025-05-30 08:00:00,3858,639,0,573,3792,0,False,0.138,0.06
2025-05-30 09:00:00,5144,550,35,228,4787,0,False,0.138,0.06
2025-05-30 10:00:00,4113,792,0,499,3820,0,False,0.138,0.06
2025-05-30 11:00:00,4609,634,2280,0,1695,0,False,0.138,0.06
2025-05-30 12:00:00,1031,693,410,185,113,0,False,0.138,0.06
2025-05-30 13:00:00,2497,702,1696,0,99,0,False,0.138,0.06
2025-05-30 14:00:00,3865,702,3059,0,104,0,False,0.138,0.06
2025-05-30 15:00:00,3120,769,2228,0,123,0,False,0.138,0.06
2025-05-30 16:00:00,2788,770,2787,0,0,769,True,0.32,0.24
2025-05-30 17:00:00,1371,1132,1348,0,0,1109,True,0.32,0.24
2025-05-30 18:00:00,579,1371,567,0,0,1359,True,0.32,0.24
2025-05-30 19:00:00,147,1529,135,0,0,1517,True,0.32,0.24
2025-05-30 20:00:00,0,1213,0,6,0,1207,False,0.138,0.06
2025-05-30 21:00:00,0,3994,15,10,0,3999,False,0.138,0.06
2025-05-30 22:00:00,0,1638,7,4,0,1641,False,0.138,0.06
2025-05-30 23:00:00,0,844,0,458,23,409,False,0.138,0.06
2025-05-31 00:00:00,0,830,0,847,17,0,False,0.138,0.06
2025-05-31 01:00:00,0,712,0,722,10,0,False,0.0,0.0
2025-05-31 02:00:00,0,590,0,604,14,0,False,0.0,0.0
2025-05-31 03:00:00,0,749,0,761,12,0,False,0.0,0.0
2025-05-31 04:00:00,0,605,0,621,16,0,False,0.0,0.0
2025-05-31 05:00:00,0,483,0,499,16,0,False,0.0,0.0
2025-05-31 06:00:00,95,722,0,711,84,0,False,0.0,0.0
2025-05-31 07:00:00,303,754,0,752,301,0,False,0.0,0.0
2025-05-31 08:00:00,827,972,0,972,827,0,False,0.0,0.0
2025-05-31 09:00:00,1405,762,0,734,1377,0,False,0.0,0.0
2025-05-31 10:00:00,4655,686,133,93,3929,0,False,0.0,0.0
2025-05-31 11:00:00,5147,680,0,258,4725,0,False,0.0,0.0
2025-05-31 12:00:00,5361,1171,524,427,4093,0,False,0.0,0.0
2025-05-31 13:00:00,1803,1924,227,501,153,0,False,0.0,0.0
2025-05-31 14:00:00,1735,1876,110,379,128,0,False,0.0,0.0
2025-05-31 15:00:00,2459,1787,815,198,55,0,False,0.0,0.0
2025-05-31 16:00:00,1870,1131,1883,0,0,1144,False,0.0,0.0
2025-05-31 17:00:00,1279,1132,1267,0,0,1120,False,0.0,0.0
2025-05-31 18:00:00,818,637,801,0,0,620,False,0.0,0.0
2025-05-31 19:00:00,77,768,65,0,0,756,False,0.0,0.0
2025-05-31 20:00:00,0,1353,10,7,0,1356,False,0.0,0.0
2025-05-31 21:00:00,0,1572,7,10,0,1569,False,0.0,0.0
2025-05-31 22:00:00,0,3041,17,3,0,3055,False,0.0,0.0
2025-05-31 23:00:00,0,803,1,17,0,787,False,0.0,0.0
2025-06-01 00:00:00,0,855,0,19,0,836,False,0.14421,0.06275
2025-06-01 01:00:00,0,516,0,21,0,495,False,0.14421,0.06275
2025-06-01 02:00:00,0,445,0,363,14,96,False,0.14421,0.06275
2025-06-01 03:00:00,0,505,0,523,18,0,False,0.14421,0.06275
2025-06-01 04:00:00,0,456,0,470,14,0,False,0.14421,0.06275
2025-06-01 05:00:00,121,448,0,341,14,0,False,0.14421,0.06275
2025-06-01 06:00:00,641,538,0,81,184,0,False,0.14421,0.06275
2025-06-01 07:00:00,2619,767,0,775,2627,0,False,0.14421,0.06275
2025-06-01 08:00:00,3584,887,0,523,3220,0,False,0.14421,0.06275
2025-06-01 09:00:00,2994,683,0,568,2879,0,False,0.14421,0.06275
2025-06-01 10:00:00,4640,535,208,125,4022,0,False,0.14421,0.06275
2025-06-01 11:00:00,4793,646,2006,207,2348,0,False,0.14421,0.06275
2025-06-01 12:00:00,5995,489,5302,0,204,0,False,0.14421,0.06275
2025-06-01 13:00:00,5559,525,5569,0,0,535,False,0.14421,0.06275
2025-06-01 14:00:00,5895,885,5882,0,0,872,True,0.54232,0.46086
2025-06-01 15:00:00,3913,668,3899,0,0,654,True,0.54232,0.46086
2025-06-01 16:00:00,2884,553,2878,0,0,547,True,0.54232,0.46086
2025-06-01 17:00:00,2102,1149,2085,0,0,1132,True,0.54232,0.46086
2025-06-01 18:00:00,957,749,948,0,0,740,True,0.54232,0.46086
2025-06-01 19:00:00,311,740,7,20,18,434,False,0.14421,0.06275
2025-06-01 20:00:00,9,4126,21,2,0,4136,False,0.14421,0.06275
2025-06-01 21:00:00,0,2926,10,17,0,2919,False,0.14421,0.06275
2025-06-01 22:00:00,0,584,0,592,34,26,False,0.14421,0.06275
2025-06-01 23:00:00,0,534,0,554,20,0,False,0.14421,0.06275
2025-06-02 00:00:00,0,486,0,502,16,0,False,0.14421,0.06275
2025-06-02 01:00:00,0,479,0,496,17,0,False,0.14421,0.06275
2025-06-02 02:00:00,0,454,0,473,19,0,False,0.14421,0.06275
2025-06-02 03:00:00,0,471,0,489,18,0,False,0.14421,0.06275
2025-06-02 04:00:00,0,439,0,457,18,0,False,0.14421,0.06275
2025-06-02 05:00:00,74,462,0,462,74,0,False,0.14421,0.06275
2025-06-02 06:00:00,1966,474,10,66,1562,14,False,0.14421,0.06275
2025-06-02 07:00:00,3673,514,0,569,3728,0,False,0.14421,0.06275
2025-06-02 08:00:00,4882,440,0,431,4873,0,False,0.14421,0.06275
2025-06-02 09:00:00,5767,473,661,316,4949,0,False,0.14421,0.06275
2025-06-02 10:00:00,6494,507,5743,0,244,0,False,0.14421,0.06275
2025-06-02 11:00:00,6994,896,5898,0,200,0,False,0.14421,0.06275
2025-06-02 12:00:00,6748,820,5814,0,114,0,False,0.14421,0.06275
2025-06-02 13:00:00,7034,562,7045,0,1,574,False,0.14421,0.06275
2025-06-02 14:00:00,6110,497,6100,0,0,487,True,0.54232,0.46086
2025-06-02 15:00:00,4468,550,4455,0,0,537,True,0.54232,0.46086
2025-06-02 16:00:00,3351,466,3336,0,0,451,True,0.54232,0.46086
2025-06-02 17:00:00,2105,715,2091,0,0,701,True,0.54232,0.46086
2025-06-02 18:00:00,1041,976,1022,0,0,957,True,0.54232,0.46086
2025-06-02 19:00:00,204,2893,27,14,1,2703,False,0.14421,0.06275
2025-06-02 20:00:00,3,3327,31,12,0,3343,False,0.14421,0.06275
2025-06-02 21:00:00,0,2023,19,1,0,2041,False,0.14421,0.06275
2025-06-02 22:00:00,0,1795,0,1606,42,231,False,0.14421,0.06275
2025-06-02 23:00:00,0,599,0,620,21,0,False,0.14421,0.06275
2025-06-03 00:00:00,0,475,0,494,19,0,False,0.14421,0.06275
2025-06-03 01:00:00,0,623,0,641,18,0,False,0.14421,0.06275
2025-06-03 02:00:00,0,490,0,507,17,0,False,0.14421,0.06275
2025-06-03 03:00:00,0,547,0,560,13,0,False,0.14421,0.06275
2025-06-03 04:00:00,0,459,0,477,18,0,False,0.14421,0.06275
2025-06-03 05:00:00,291,427,0,369,233,0,False,0.14421,0.06275
2025-06-03 06:00:00,1802,443,246,14,1360,233,False,0.14421,0.06275
2025-06-03 07:00:00,3449,517,0,487,3419,0,False,0.14421,0.06275
2025-06-03 08:00:00,4684,619,0,584,4649,0,False,0.14421,0.06275
2025-06-03 09:00:00,5602,428,0,345,5519,0,False,0.14421,0.06275
2025-06-03 10:00:00,6498,455,5538,0,505,0,False,0.14421,0.06275
2025-06-03 11:00:00,7217,457,6610,0,150,0,False,0.14421,0.06275
2025-06-03 12:00:00,7413,453,6829,0,131,0,False,0.14421,0.06275
2025-06-03 13:00:00,7316,576,7340,0,1,601,False,0.14421,0.06275
2025-06-03 14:00:00,6521,471,6511,0,0,461,True,0.54232,0.46086
2025-06-03 15:00:00,4948,604,4934,0,0,590,True,0.54232,0.46086
2025-06-03 16:00:00,3855,707,3844,0,0,696,True,0.54232,0.46086
2025-06-03 17:00:00,2528,919,2512,0,0,903,True,0.54232,0.46086
2025-06-03 18:00:00,763,1093,750,0,0,1080,True,0.54232,0.46086
2025-06-03 19:00:00,314,1151,11,19,0,829,False,0.14421,0.06275
2025-06-03 20:00:00,7,1817,1,14,0,1797,False,0.14421,0.06275
2025-06-03 21:00:00,0,3217,9,3,0,3223,False,0.14421,0.06275
2025-06-03 22:00:00,0,2537,5,763,22,1801,False,0.14421,0.06275
2025-06-03 23:00:00,0,677,0,701,24,0,False,0.14421,0.06275
2025-06-04 00:00:00,0,743,0,759,16,0,False,0.14421,0.06275
2025-06-04 01:00:00,0,485,0,504,19,0,False,0.14421,0.06275
2025-06-04 02:00:00,0,520,0,539,19,0,False,0.14421,0.06275
2025-06-04 03:00:00,0,445,0,463,18,0,False,0.14421,0.06275
2025-06-04 04:00:00,0,459,0,477,18,0,False,0.14421,0.06275
2025-06-04 05:00:00,82,497,0,491,76,0,False,0.14421,0.06275
2025-06-04 06:00:00,816,460,136,123,475,132,False,0.14421,0.06275
2025-06-04 07:00:00,2180,503,0,464,2143,2,False,0.14421,0.06275
2025-06-04 08:00:00,3645,501,0,468,3612,0,False,0.14421,0.06275
2025-06-04 09:00:00,4276,464,0,426,4238,0,False,0.14421,0.06275
2025-06-04 10:00:00,5298,498,200,276,4876,0,False,0.14421,0.06275
2025-06-04 11:00:00,6376,515,5586,0,275,0,False,0.14421,0.06275
2025-06-04 12:00:00,6105,464,5520,0,121,0,False,0.14421,0.06275
2025-06-04 13:00:00,6221,564,6235,0,0,578,False,0.14421,0.06275
2025-06-04 14:00:00,5268,601,5257,0,0,590,True,0.54232,0.46086
2025-06-04 15:00:00,4174,681,4165,0,0,672,True,0.54232,0.46086
2025-06-04 16:00:00,2709,1277,2692,0,0,1260,True,0.54232,0.46086
2025-06-04 17:00:00,1703,1206,1693,0,0,1196,True,0.54232,0.46086
2025-06-04 18:00:00,933,1190,915,0,0,1172,True,0.54232,0.46086
2025-06-04 19:00:00,443,2597,34,5,0,2183,False,0.14421,0.06275
2025-06-04 20:00:00,33,2484,23,18,0,2456,False,0.14421,0.06275
2025-06-04 21:00:00,0,1534,16,0,0,1550,False,0.14421,0.06275
2025-06-04 22:00:00,0,1602,0,1374,30,258,False,0.14421,0.06275
2025-06-04 23:00:00,0,987,0,994,7,0,False,0.14421,0.06275
2025-06-05 00:00:00,0,616,0,637,21,0,False,0.14421,0.06275
2025-06-05 01:00:00,0,603,0,622,19,0,False,0.14421,0.06275
2025-06-05 02:00:00,0,551,0,570,19,0,False,0.14421,0.06275
2025-06-05 03:00:00,0,700,0,720,20,0,False,0.14421,0.06275
2025-06-05 04:00:00,0,613,0,634,21,0,False,0.14421,0.06275
2025-06-05 05:00:00,197,577,0,557,177,0,False,0.14421,0.06275
2025-06-05 06:00:00,1521,587,372,7,915,346,False,0.14421,0.06275
2025-06-05 07:00:00,3135,775,0,748,3108,0,False,0.14421,0.06275
2025-06-05 08:00:00,4309,779,0,763,4293,0,False,0.14421,0.06275
2025-06-05 09:00:00,5234,589,0,577,5222,0,False,0.14421,0.06275
2025-06-05 10:00:00,6154,536,3795,203,2026,0,False,0.14421,0.06275
2025-06-05 11:00:00,6789,538,6087,0,164,0,False,0.14421,0.06275
2025-06-05 12:00:00,6397,1463,4787,0,147,0,False,0.14421,0.06275
2025-06-05 13:00:00,6678,1412,6668,0,12,1414,False,0.14421,0.06275
2025-06-05 14:00:00,6418,1431,6402,0,0,1415,True,0.54232,0.46086
2025-06-05 15:00:00,3584,1441,3575,0,0,1432,True,0.54232,0.46086
2025-06-05 16:00:00,3281,1525,3269,0,0,1513,True,0.54232,0.46086
2025-06-05 17:00:00,2167,1951,2149,0,0,1933,True,0.54232,0.46086
2025-06-05 18:00:00,886,2279,873,0,0,2266,True,0.54232,0.46086
2025-06-05 19:00:00,256,2236,20,2,0,1998,False,0.14421,0.06275
2025-06-05 20:00:00,1,4209,0,4142,63,129,False,0.14421,0.06275
2025-06-05 21:00:00,0,1923,0,1986,64,1,False,0.14421,0.06275
2025-06-05 22:00:00,0,1957,0,1984,28,1,False,0.14421,0.06275
2025-06-05 23:00:00,0,1380,0,1400,20,0,False,0.14421,0.06275
2025-06-06 00:00:00,0,1046,0,1068,22,0,False,0.14421,0.06275
2025-06-06 01:00:00,0,1045,0,1065,20,0,False,0.14421,0.06275
2025-06-06 02:00:00,0,1058,0,1082,24,0,False,0.14421,0.06275
2025-06-06 03:00:00,0,964,0,988,24,0,False,0.14421,0.06275
2025-06-06 04:00:00,0,972,0,994,22,0,False,0.14421,0.06275
2025-06-06 05:00:00,96,616,0,610,90,0,False,0.14421,0.06275
2025-06-06 06:00:00,1208,1087,45,1355,1479,48,False,0.14421,0.06275
2025-06-06 07:00:00,1818,673,0,3267,4412,0,False,0.14421,0.06275
2025-06-06 08:00:00,2197,751,0,684,2130,0,False,0.14421,0.06275
2025-06-06 09:00:00,3877,598,20,563,3822,0,False,0.14421,0.06275
2025-06-06 10:00:00,5586,1923,980,1056,3739,0,False,0.14421,0.06275
2025-06-06 11:00:00,5324,3078,2221,211,236,0,False,0.14421,0.06275
2025-06-06 12:00:00,3803,1446,2204,0,154,1,False,0.14421,0.06275
2025-06-06 13:00:00,5369,835,5382,0,1,849,False,0.14421,0.06275
2025-06-06 14:00:00,4896,1344,4883,0,0,1331,True,0.54232,0.46086
2025-06-06 15:00:00,3698,1165,3345,599,871,1084,True,0.54232,0.46086
2025-06-06 16:00:00,707,1629,307,3370,3102,961,True,0.54232,0.46086
2025-06-06 17:00:00,865,1713,855,0,0,1703,True,0.54232,0.46086
2025-06-06 18:00:00,71,1443,57,0,0,1429,True,0.54232,0.46086
2025-06-06 19:00:00,9,1556,11,6,0,1552,False,0.14421,0.06275
2025-06-06 20:00:00,0,1710,6,11,0,1705,False,0.14421,0.06275
2025-06-06 21:00:00,0,3385,11,6,0,3390,False,0.14421,0.06275
2025-06-06 22:00:00,0,1766,0,452,16,1330,False,0.14421,0.06275
2025-06-06 23:00:00,0,1241,0,1262,22,1,False,0.14421,0.06275
2025-06-07 00:00:00,0,739,0,757,18,0,False,0.14421,0.06275
2025-06-07 01:00:00,0,690,0,705,15,0,False,0.14421,0.06275
2025-06-07 02:00:00,0,668,0,680,12,0,False,0.14421,0.06275
2025-06-07 03:00:00,0,1009,0,1024,15,0,False,0.14421,0.06275
2025-06-07 04:00:00,0,598,0,618,20,0,False,0.14421,0.06275
2025-06-07 05:00:00,0,738,0,754,16,0,False,0.14421,0.06275
2025-06-07 06:00:00,62,581,0,575,56,0,False,0.14421,0.06275
2025-06-07 07:00:00,547,1220,0,1199,526,0,False,0.14421,0.06275
2025-06-07 08:00:00,884,801,0,799,882,0,False,0.14421,0.06275
2025-06-07 09:00:00,949,822,0,826,953,0,False,0.14421,0.06275
2025-06-07 10:00:00,797,802,0,783,778,0,False,0.14421,0.06275
2025-06-07 11:00:00,1235,566,0,571,1240,0,False,0.14421,0.06275
2025-06-07 12:00:00,824,834,0,822,812,0,False,0.14421,0.06275
2025-06-07 13:00:00,371,1302,375,0,0,1306,False,0.14421,0.06275
2025-06-07 14:00:00,593,1083,347,566,758,1029,True,0.54232,0.46086
2025-06-07 15:00:00,708,669,360,3791,3985,515,True,0.54232,0.46086
2025-06-07 16:00:00,187,1491,180,0,0,1484,True,0.54232,0.46086
2025-06-07 17:00:00,154,1396,147,0,0,1389,True,0.54232,0.46086
2025-06-07 18:00:00,342,801,322,0,0,781,True,0.54232,0.46086
2025-06-07 19:00:00,308,1573,10,456,10,829,False,0.14421,0.06275
2025-06-07 20:00:00,21,3012,0,3007,16,0,False,0.14421,0.06275
2025-06-07 21:00:00,0,1015,0,1021,6,0,False,0.14421,0.06275
2025-06-07 22:00:00,0,755,0,767,12,0,False,0.14421,0.06275
2025-06-07 23:00:00,0,1159,0,1171,12,0,False,0.14421,0.06275
2025-06-08 00:00:00,0,921,0,930,9,0,False,0.14421,0.06275
2025-06-08 01:00:00,0,749,0,768,19,0,False,0.14421,0.06275
2025-06-08 02:00:00,0,495,0,513,18,0,False,0.14421,0.06275
2025-06-08 03:00:00,0,794,0,810,16,0,False,0.14421,0.06275
2025-06-08 04:00:00,0,582,0,595,13,0,False,0.14421,0.06275
2025-06-08 05:00:00,191,469,0,448,170,0,False,0.14421,0.06275
2025-06-08 06:00:00,1227,733,250,168,648,236,False,0.14421,0.06275
2025-06-08 07:00:00,2363,721,0,701,2345,2,False,0.14421,0.06275
2025-06-08 08:00:00,3434,1026,0,996,3404,0,False,0.14421,0.06275
2025-06-08 09:00:00,3656,1230,0,1067,3493,0,False,0.14421,0.06275
2025-06-08 10:00:00,5055,1174,0,712,4593,0,False,0.14421,0.06275
2025-06-08 11:00:00,5094,1442,2452,114,1314,0,False,0.14421,0.06275
2025-06-08 12:00:00,5859,1215,4503,0,141,0,False,0.14421,0.06275
2025-06-08 13:00:00,4038,1119,2747,0,172,0,False,0.14421,0.06275
2025-06-08 14:00:00,3979,791,3987,0,0,799,True,0.54232,0.46086
2025-06-08 15:00:00,4139,1112,4125,0,0,1098,True,0.54232,0.46086
2025-06-08 16:00:00,3615,565,3604,0,0,554,True,0.54232,0.46086
2025-06-08 17:00:00,2262,1402,2254,0,0,1394,True,0.54232,0.46086
2025-06-08 18:00:00,846,801,834,0,0,789,True,0.54232,0.46086
2025-06-08 19:00:00,171,1108,10,7,2,942,False,0.14421,0.06275
2025-06-08 20:00:00,6,827,0,23,0,798,False,0.14421,0.06275
2025-06-08 21:00:00,0,2114,20,3,0,2131,False,0.14421,0.06275
2025-06-08 22:00:00,0,1172,0,15,0,1157,False,0.14421,0.06275
2025-06-08 23:00:00,0,927,0,11,0,916,False,0.14421,0.06275
2025-06-09 00:00:00,0,606,0,18,0,588,False,0.14421,0.06275
2025-06-09 01:00:00,0,592,0,134,9,467,False,0.14421,0.06275
2025-06-09 02:00:00,0,534,0,552,18,0,False,0.14421,0.06275
2025-06-09 03:00:00,0,471,0,491,20,0,False,0.14421,0.06275
2025-06-09 04:00:00,0,568,0,589,21,0,False,0.14421,0.06275
2025-06-09 05:00:00,62,834,0,791,19,0,False,0.14421,0.06275
2025-06-09 06:00:00,429,504,0,153,78,0,False,0.14421,0.06275
2025-06-09 07:00:00,1043,639,0,628,1032,0,False,0.14421,0.06275
2025-06-09 08:00:00,1244,584,0,572,1232,0,False,0.14421,0.06275
2025-06-09 09:00:00,1150,863,0,865,1152,0,False,0.14421,0.06275
2025-06-09 10:00:00,1341,590,0,574,1325,0,False,0.14421,0.06275
2025-06-09 11:00:00,1442,628,0,628,1442,0,False,0.14421,0.06275
2025-06-09 12:00:00,1496,465,0,463,1494,0,False,0.14421,0.06275
2025-06-09 13:00:00,1648,740,0,740,1648,0,False,0.14421,0.06275
2025-06-09 14:00:00,1815,631,1812,0,7,635,True,0.54232,0.46086
2025-06-09 15:00:00,2365,695,2349,0,0,679,True,0.54232,0.46086
2025-06-09 16:00:00,982,536,968,0,0,522,True,0.54232,0.46086
2025-06-09 17:00:00,297,668,283,0,0,654,True,0.54232,0.46086
2025-06-09 18:00:00,95,753,83,0,0,741,True,0.54232,0.46086
2025-06-09 19:00:00,21,1012,3,15,0,979,False,0.14421,0.06275
2025-06-09 20:00:00,0,2788,1,76,2,2715,False,0.14421,0.06275
2025-06-09 21:00:00,0,1381,0,1412,31,0,False,0.14421,0.06275
2025-06-09 22:00:00,0,1075,0,1095,20,0,False,0.14421,0.06275
2025-06-09 23:00:00,0,502,0,516,14,0,False,0.14421,0.06275
2025-06-10 00:00:00,0,824,0,838,14,0,False,0.14421,0.06275
2025-06-10 01:00:00,0,445,0,465,20,0,False,0.14421,0.06275
2025-06-10 02:00:00,0,609,0,627,18,0,False,0.14421,0.06275
2025-06-10 03:00:00,0,756,0,774,18,0,False,0.14421,0.06275
2025-06-10 04:00:00,0,453,0,473,20,0,False,0.14421,0.06275
2025-06-10 05:00:00,0,469,0,489,20,0,False,0.14421,0.06275
2025-06-10 06:00:00,127,811,0,818,134,0,False,0.14421,0.06275
2025-06-10 07:00:00,370,828,0,842,384,0,False,0.14421,0.06275
2025-06-10 08:00:00,1091,785,0,786,1092,0,False,0.14421,0.06275
2025-06-10 09:00:00,1127,736,0,729,1120,0,False,0.14421,0.06275
2025-06-10 10:00:00,1364,608,0,601,1357,0,False,0.14421,0.06275
2025-06-10 11:00:00,1142,530,0,531,1143,0,False,0.14421,0.06275
2025-06-10 12:00:00,1826,668,0,659,1817,0,False,0.14421,0.06275
2025-06-10 13:00:00,1047,577,0,578,1048,0,False,0.14421,0.06275
2025-06-10 14:00:00,715,564,722,0,4,575,True,0.54232,0.46086
2025-06-10 15:00:00,598,676,583,0,0,661,True,0.54232,0.46086
2025-06-10 16:00:00,694,587,682,0,0,575,True,0.54232,0.46086
2025-06-10 17:00:00,665,621,644,0,0,600,True,0.54232,0.46086
2025-06-10 18:00:00,515,806,496,0,0,787,True,0.54232,0.46086
2025-06-10 19:00:00,132,1840,1,648,23,1084,False,0.14421,0.06275
2025-06-10 20:00:00,2,1069,0,1091,24,0,False,0.14421,0.06275
2025-06-10 21:00:00,0,852,0,876,24,0,False,0.14421,0.06275
2025-06-10 22:00:00,0,886,0,899,13,0,False,0.14421,0.06275
2025-06-10 23:00:00,0,891,0,908,17,0,False,0.14421,0.06275
2025-06-11 00:00:00,0,675,0,694,19,0,False,0.14421,0.06275
2025-06-11 01:00:00,0,552,0,572,20,0,False,0.14421,0.06275
2025-06-11 02:00:00,0,608,0,628,20,0,False,0.14421,0.06275
2025-06-11 03:00:00,0,665,0,686,21,0,False,0.14421,0.06275
2025-06-11 04:00:00,0,463,0,484,21,0,False,0.14421,0.06275
2025-06-11 05:00:00,257,551,0,532,238,0,False,0.14421,0.06275
2025-06-11 06:00:00,1723,585,152,73,1195,136,False,0.14421,0.06275
2025-06-11 07:00:00,3422,793,0,774,3403,0,False,0.14421,0.06275
2025-06-11 08:00:00,4542,858,0,828,4512,0,False,0.14421,0.06275
2025-06-11 09:00:00,5517,765,592,516,4676,0,False,0.14421,0.06275
2025-06-11 10:00:00,6304,771,5036,0,497,0,False,0.14421,0.06275
2025-06-11 11:00:00,7040,597,6337,0,106,0,False,0.14421,0.06275
2025-06-11 12:00:00,7352,441,6843,0,68,0,False,0.14421,0.06275
2025-06-11 13:00:00,7154,766,6377,0,12,1,False,0.14421,0.06275
2025-06-11 14:00:00,4284,688,4299,0,0,703,True,0.54232,0.46086
2025-06-11 15:00:00,4265,475,4255,0,0,465,True,0.54232,0.46086
2025-06-11 16:00:00,3434,637,3419,0,0,622,True,0.54232,0.46086
2025-06-11 17:00:00,1891,598,1875,0,0,582,True,0.54232,0.46086
2025-06-11 18:00:00,1119,1588,1105,0,0,1574,True,0.54232,0.46086
2025-06-11 19:00:00,305,1222,8,12,18,931,False,0.14421,0.06275
2025-06-11 20:00:00,10,3294,8,13,0,3279,False,0.14421,0.06275
2025-06-11 21:00:00,0,1520,16,2,0,1534,False,0.14421,0.06275
2025-06-11 22:00:00,0,1814,0,17,0,1797,False,0.14421,0.06275
2025-06-11 23:00:00,0,804,0,402,12,414,False,0.14421,0.06275
2025-06-12 00:00:00,0,798,0,816,18,0,False,0.14421,0.06275
2025-06-12 01:00:00,0,555,0,576,21,0,False,0.14421,0.06275
2025-06-12 02:00:00,0,806,0,827,21,0,False,0.14421,0.06275
2025-06-12 03:00:00,0,586,0,606,20,0,False,0.14421,0.06275
2025-06-12 04:00:00,0,545,0,567,22,0,False,0.14421,0.06275
2025-06-12 05:00:00,247,721,0,590,116,0,False,0.14421,0.06275
2025-06-12 06:00:00,1552,437,648,7,1054,580,False,0.14421,0.06275
2025-06-12 07:00:00,3130,1109,0,1085,3106,0,False,0.14421,0.06275
2025-06-12 08:00:00,4394,608,0,580,4366,0,False,0.14421,0.06275
2025-06-12 09:00:00,5391,1323,0,1287,5355,0,False,0.14421,0.06275
2025-06-12 10:00:00,5946,1213,3035,191,1889,0,False,0.14421,0.06275
2025-06-12 11:00:00,4242,1316,2801,0,125,0,False,0.14421,0.06275
2025-06-12 12:00:00,6389,630,5651,0,108,0,False,0.14421,0.06275
2025-06-12 13:00:00,7135,578,6451,0,106,0,False,0.14421,0.06275
2025-06-12 14:00:00,6272,532,6292,0,0,552,True,0.54232,0.46086
2025-06-12 15:00:00,4999,846,4986,0,0,833,True,0.54232,0.46086
2025-06-12 16:00:00,3650,1134,3645,0,0,1129,True,0.54232,0.46086
2025-06-12 17:00:00,2439,618,2421,0,0,600,True,0.54232,0.46086
2025-06-12 18:00:00,997,2045,982,0,0,2030,True,0.54232,0.46086
2025-06-12 19:00:00,305,1402,15,6,1,1107,False,0.14421,0.06275
2025-06-12 20:00:00,13,2300,17,9,0,2295,False,0.14421,0.06275
2025-06-12 21:00:00,0,1470,7,5,0,1472,False,0.14421,0.06275
2025-06-12 22:00:00,0,1752,3,12,0,1743,False,0.14421,0.06275
2025-06-12 23:00:00,0,1112,0,1009,37,140,False,0.14421,0.06275
2025-06-13 00:00:00,0,933,0,949,16,0,False,0.14421,0.06275
2025-06-13 01:00:00,0,618,0,638,20,0,False,0.14421,0.06275
2025-06-13 02:00:00,0,440,0,459,19,0,False,0.14421,0.06275
2025-06-13 03:00:00,0,446,0,466,20,0,False,0.14421,0.06275
2025-06-13 04:00:00,0,744,0,764,20,0,False,0.14421,0.06275
2025-06-13 05:00:00,94,456,0,456,94,0,False,0.14421,0.06275
2025-06-13 06:00:00,329,472,0,233,90,0,False,0.14421,0.06275
2025-06-13 07:00:00,870,680,0,656,846,0,False,0.14421,0.06275
2025-06-13 08:00:00,1527,915,0,905,1517,0,False,0.14421,0.06275
2025-06-13 09:00:00,2811,722,0,703,2792,0,False,0.14421,0.06275
2025-06-13 10:00:00,6058,661,0,532,5929,0,False,0.14421,0.06275
2025-06-13 11:00:00,6185,562,1798,134,3959,0,False,0.14421,0.06275
2025-06-13 12:00:00,7128,527,6434,0,167,0,False,0.14421,0.06275
2025-06-13 13:00:00,6434,706,5571,0,158,1,False,0.14421,0.06275
2025-06-13 14:00:00,5451,621,5464,0,0,634,True,0.54232,0.46086
2025-06-13 15:00:00,4222,748,4207,0,0,733,True,0.54232,0.46086
2025-06-13 16:00:00,3227,1297,3211,0,0,1281,True,0.54232,0.46086
2025-06-13 17:00:00,2447,720,2437,0,0,710,True,0.54232,0.46086
2025-06-13 18:00:00,1021,1201,998,0,0,1178,True,0.54232,0.46086
2025-06-13 19:00:00,309,1168,13,16,2,858,False,0.14421,0.06275
2025-06-13 20:00:00,7,1350,7,15,0,1335,False,0.14421,0.06275
2025-06-13 21:00:00,0,3496,18,10,0,3504,False,0.14421,0.06275
2025-06-13 22:00:00,0,1367,4,2,0,1369,False,0.14421,0.06275
2025-06-13 23:00:00,0,716,3,380,20,359,False,0.14421,0.06275
2025-06-14 00:00:00,0,628,0,642,14,0,False,0.14421,0.06275
2025-06-14 01:00:00,0,593,0,604,11,0,False,0.14421,0.06275
2025-06-14 02:00:00,0,446,0,455,9,0,False,0.14421,0.06275
2025-06-14 03:00:00,0,509,0,523,14,0,False,0.14421,0.06275
2025-06-14 04:00:00,0,625,0,645,20,0,False,0.14421,0.06275
2025-06-14 05:00:00,0,449,0,467,18,0,False,0.14421,0.06275
2025-06-14 06:00:00,219,671,0,609,157,0,False,0.14421,0.06275
2025-06-14 07:00:00,539,667,0,649,521,0,False,0.14421,0.06275
2025-06-14 08:00:00,1017,916,0,890,991,0,False,0.14421,0.06275
2025-06-14 09:00:00,1380,694,0,668,1354,0,False,0.14421,0.06275
2025-06-14 10:00:00,1092,845,0,846,1093,0,False,0.14421,0.06275
2025-06-14 11:00:00,902,560,0,550,892,0,False,0.14421,0.06275
2025-06-14 12:00:00,644,2779,0,2777,642,0,False,0.14421,0.06275
2025-06-14 13:00:00,735,686,0,676,725,0,False,0.14421,0.06275
2025-06-14 14:00:00,907,1162,903,0,4,1162,True,0.54232,0.46086
2025-06-14 15:00:00,740,703,728,0,0,691,True,0.54232,0.46086
2025-06-14 16:00:00,777,786,766,0,0,775,True,0.54232,0.46086
2025-06-14 17:00:00,707,538,688,0,0,519,True,0.54232,0.46086
2025-06-14 18:00:00,515,783,493,0,0,761,True,0.54232,0.46086
2025-06-14 19:00:00,103,683,4,147,2,439,False,0.14421,0.06275
2025-06-14 20:00:00,4,1559,0,1559,4,0,False,0.14421,0.06275
2025-06-14 21:00:00,0,1963,0,1971,8,0,False,0.14421,0.06275
2025-06-14 22:00:00,0,1639,0,1643,4,0,False,0.14421,0.06275
2025-06-14 23:00:00,0,647,0,654,7,0,False,0.14421,0.06275
2025-06-15 00:00:00,0,457,0,468,11,0,False,0.14421,0.06275
2025-06-15 01:00:00,0,471,0,483,12,0,False,0.14421,0.06275
2025-06-15 02:00:00,0,462,0,479,17,0,False,0.14421,0.06275
2025-06-15 03:00:00,0,448,0,467,19,0,False,0.14421,0.06275
2025-06-15 04:00:00,0,438,0,458,20,0,False,0.14421,0.06275
2025-06-15 05:00:00,8,552,0,566,22,0,False,0.14421,0.06275
2025-06-15 06:00:00,239,501,0,479,217,0,False,0.14421,0.06275
2025-06-15 07:00:00,797,879,0,894,812,0,False,0.14421,0.06275
2025-06-15 08:00:00,1226,645,0,648,1229,0,False,0.14421,0.06275
2025-06-15 09:00:00,3272,602,0,504,3174,0,False,0.14421,0.06275
2025-06-15 10:00:00,5341,504,200,78,4715,0,False,0.14421,0.06275
2025-06-15 11:00:00,6799,488,1247,125,5189,0,False,0.14421,0.06275
2025-06-15 12:00:00,7181,645,6239,0,297,0,False,0.14421,0.06275
2025-06-15 13:00:00,6286,1011,5127,0,148,0,False,0.14421,0.06275
2025-06-15 14:00:00,5985,1015,5989,0,0,1019,True,0.54232,0.46086
2025-06-15 15:00:00,4081,935,4065,0,0,919,True,0.54232,0.46086
2025-06-15 16:00:00,3345,552,3329,0,0,536,True,0.54232,0.46086
2025-06-15 17:00:00,2330,509,2319,0,0,498,True,0.54232,0.46086
2025-06-15 18:00:00,1247,711,1231,0,0,695,True,0.54232,0.46086
2025-06-15 19:00:00,349,1316,8,14,0,961,False,0.14421,0.06275
2025-06-15 20:00:00,23,1971,0,17,0,1931,False,0.14421,0.06275
2025-06-15 21:00:00,0,2992,29,1,0,3020,False,0.14421,0.06275
2025-06-15 22:00:00,0,860,0,10,0,850,False,0.14421,0.06275
2025-06-15 23:00:00,0,1036,2,51,4,993,False,0.14421,0.06275
2025-06-16 00:00:00,0,631,0,308,8,331,False,0.14421,0.06275
2025-06-16 01:00:00,0,561,0,577,16,0,False,0.14421,0.06275
2025-06-16 02:00:00,0,583,0,603,20,0,False,0.14421,0.06275
2025-06-16 03:00:00,0,453,0,473,20,0,False,0.14421,0.06275
2025-06-16 04:00:00,0,607,0,627,20,0,False,0.14421,0.06275
2025-06-16 05:00:00,72,446,0,424,50,0,False,0.14421,0.06275
2025-06-16 06:00:00,501,625,0,204,80,0,False,0.14421,0.06275
2025-06-16 07:00:00,1046,995,0,995,1046,0,False,0.14421,0.06275
2025-06-16 08:00:00,3922,750,0,515,3687,0,False,0.14421,0.06275
2025-06-16 09:00:00,5670,595,0,448,5523,0,False,0.14421,0.06275
2025-06-16 10:00:00,6527,680,1606,404,4645,0,False,0.14421,0.06275
2025-06-16 11:00:00,7216,617,6442,0,157,0,False,0.14421,0.06275
2025-06-16 12:00:00,7540,547,6877,0,116,0,False,0.14421,0.06275
2025-06-16 13:00:00,7434,474,6804,0,156,0,False,0.14421,0.06275
2025-06-16 14:00:00,6607,644,6622,0,0,659,True,0.54232,0.46086
2025-06-16 15:00:00,5342,476,5331,0,0,465,True,0.54232,0.46086
2025-06-16 16:00:00,3848,579,3838,0,0,569,True,0.54232,0.46086
2025-06-16 17:00:00,2205,748,2193,0,0,736,True,0.54232,0.46086
2025-06-16 18:00:00,1144,1218,1127,0,0,1201,True,0.54232,0.46086
2025-06-16 19:00:00,434,584,9,22,64,201,False,0.14421,0.06275
2025-06-16 20:00:00,15,1015,0,13,0,987,False,0.14421,0.06275
2025-06-16 21:00:00,0,1540,11,12,0,1539,False,0.14421,0.06275
2025-06-16 22:00:00,0,1457,4,10,0,1451,False,0.14421,0.06275
2025-06-16 23:00:00,0,648,0,21,0,627,False,0.14421,0.06275
2025-06-17 00:00:00,0,551,0,22,0,529,False,0.14421,0.06275
2025-06-17 01:00:00,0,730,0,16,0,714,False,0.14421,0.06275
2025-06-17 02:00:00,0,466,0,24,0,442,False,0.14421,0.06275
2025-06-17 03:00:00,0,503,0,23,0,480,False,0.14421,0.06275
2025-06-17 04:00:00,0,529,0,24,0,505,False,0.14421,0.06275
2025-06-17 05:00:00,28,508,0,39,2,443,False,0.14421,0.06275
2025-06-17 06:00:00,393,664,0,322,51,0,False,0.14421,0.06275
2025-06-17 07:00:00,1037,1051,0,1031,1017,0,False,0.14421,0.06275
2025-06-17 08:00:00,2315,994,0,960,2281,0,False,0.14421,0.06275
2025-06-17 09:00:00,3314,679,0,656,3291,0,False,0.14421,0.06275
2025-06-17 10:00:00,3831,696,0,649,3784,0,False,0.14421,0.06275
2025-06-17 11:00:00,4638,620,10,424,4432,0,False,0.14421,0.06275
2025-06-17 12:00:00,2991,706,1972,0,313,0,False,0.14421,0.06275
2025-06-17 13:00:00,2506,453,1895,0,158,0,False,0.14421,0.06275
2025-06-17 14:00:00,1506,639,1517,0,1,651,True,0.54232,0.46086
2025-06-17 15:00:00,966,692,955,0,0,681,True,0.54232,0.46086
2025-06-17 16:00:00,601,577,590,0,0,566,True,0.54232,0.46086
2025-06-17 17:00:00,540,629,522,0,0,611,True,0.54232,0.46086
2025-06-17 18:00:00,362,961,340,0,0,939,True,0.54232,0.46086
2025-06-17 19:00:00,86,1261,10,8,0,1177,False,0.14421,0.06275
2025-06-17 20:00:00,0,3884,40,11,0,3913,False,0.14421,0.06275
2025-06-17 21:00:00,0,1156,0,17,0,1139,False,0.14421,0.06275
2025-06-17 22:00:00,0,1353,4,8,0,1349,False,0.14421,0.06275
2025-06-17 23:00:00,0,1041,0,88,5,958,False,0.14421,0.06275
2025-06-18 00:00:00,0,655,0,679,24,0,False,0.14421,0.06275
2025-06-18 01:00:00,0,574,0,588,14,0,False,0.14421,0.06275
2025-06-18 02:00:00,0,813,0,829,16,0,False,0.14421,0.06275
2025-06-18 03:00:00,0,785,0,801,16,0,False,0.14421,0.06275
2025-06-18 04:00:00,0,630,0,646,16,0,False,0.14421,0.06275
2025-06-18 05:00:00,0,435,0,451,16,0,False,0.14421,0.06275
2025-06-18 06:00:00,196,781,0,713,128,0,False,0.14421,0.06275
2025-06-18 07:00:00,456,1084,0,1934,1306,0,False,0.14421,0.06275
2025-06-18 08:00:00,971,770,0,13236,13437,0,False,0.14421,0.06275
2025-06-18 09:00:00,973,715,47,225,436,0,False,0.14421,0.06275
2025-06-18 10:00:00,2126,647,1286,0,193,0,False,0.14421,0.06275
2025-06-18 11:00:00,2975,568,2247,0,160,0,False,0.14421,0.06275
2025-06-18 12:00:00,2319,658,1608,0,53,0,False,0.14421,0.06275
2025-06-18 13:00:00,2617,693,1815,0,109,0,False,0.14421,0.06275
2025-06-18 14:00:00,1587,466,1595,0,1,475,True,0.54232,0.46086
2025-06-18 15:00:00,1003,780,990,0,0,767,True,0.54232,0.46086
2025-06-18 16:00:00,1647,864,1628,0,0,845,True,0.54232,0.46086
2025-06-18 17:00:00,1669,911,1654,0,0,896,True,0.54232,0.46086
2025-06-18 18:00:00,1088,1261,1073,0,0,1246,True,0.54232,0.46086
2025-06-18 19:00:00,314,2149,8,2,0,1841,False,0.14421,0.06275
2025-06-18 20:00:00,15,4089,41,1,0,4114,False,0.14421,0.06275
2025-06-18 21:00:00,0,1929,9,6,0,1932,False,0.14421,0.06275
2025-06-18 22:00:00,0,1957,0,1932,26,51,False,0.14421,0.06275
2025-06-18 23:00:00,0,1500,0,1510,10,0,False,0.14421,0.06275
2025-06-19 00:00:00,0,849,0,863,14,0,False,0.14421,0.06275
2025-06-19 01:00:00,0,1125,0,1145,20,0,False,0.14421,0.06275
2025-06-19 02:00:00,0,500,0,520,20,0,False,0.14421,0.06275
2025-06-19 03:00:00,0,930,0,951,21,0,False,0.14421,0.06275
2025-06-19 04:00:00,0,794,0,814,20,0,False,0.14421,0.06275
2025-06-19 05:00:00,0,661,0,680,19,0,False,0.14421,0.06275
2025-06-19 06:00:00,399,1338,0,1152,214,1,False,0.14421,0.06275
2025-06-19 07:00:00,1371,1240,0,1220,1351,0,False,0.14421,0.06275
2025-06-19 08:00:00,2094,878,0,852,2068,0,False,0.14421,0.06275
2025-06-19 09:00:00,3155,1474,0,1326,3007,0,False,0.14421,0.06275
2025-06-19 10:00:00,5561,586,141,8,4842,0,False,0.14421,0.06275
2025-06-19 11:00:00,6647,605,2184,69,3927,0,False,0.14421,0.06275
2025-06-19 12:00:00,7297,745,6362,0,190,0,False,0.14421,0.06275
2025-06-19 13:00:00,7033,652,6224,0,157,0,False,0.14421,0.06275
2025-06-19 14:00:00,6153,624,6169,0,1,641,True,0.54232,0.46086
2025-06-19 15:00:00,4798,620,4789,0,0,611,True,0.54232,0.46086
2025-06-19 16:00:00,3051,617,3041,0,0,607,True,0.54232,0.46086
2025-06-19 17:00:00,1722,698,1706,0,0,682,True,0.54232,0.46086
2025-06-19 18:00:00,810,666,799,0,0,655,True,0.54232,0.46086
2025-06-19 19:00:00,349,654,7,22,55,345,False,0.14421,0.06275
2025-06-19 20:00:00,19,638,0,25,0,594,False,0.14421,0.06275
2025-06-19 21:00:00,0,705,6,19,0,692,False,0.14421,0.06275
2025-06-19 22:00:00,0,614,0,20,0,594,False,0.14421,0.06275
2025-06-19 23:00:00,0,671,0,23,0,648,False,0.14421,0.06275
2025-06-20 00:00:00,0,640,0,755,697,582,False,0.14421,0.06275
2025-06-20 01:00:00,0,632,0,8672,8040,0,False,0.14421,0.06275
2025-06-20 02:00:00,0,581,0,796,215,0,False,0.14421,0.06275
2025-06-20 03:00:00,0,643,0,751,108,0,False,0.14421,0.06275
2025-06-20 04:00:00,0,659,0,768,109,0,False,0.14421,0.06275
2025-06-20 05:00:00,213,636,4,527,101,1,False,0.14421,0.06275
2025-06-20 06:00:00,958,550,559,231,80,0,False,0.14421,0.06275
2025-06-20 07:00:00,3542,643,2771,0,128,0,False,0.14421,0.06275
2025-06-20 08:00:00,4190,680,3384,0,126,0,False,0.14421,0.06275
2025-06-20 09:00:00,4857,609,4139,0,109,0,False,0.14421,0.06275
2025-06-20 10:00:00,5850,578,5207,0,65,0,False,0.14421,0.06275
2025-06-20 11:00:00,7147,616,6421,0,110,0,False,0.14421,0.06275
2025-06-20 12:00:00,7251,674,6498,0,79,0,False,0.14421,0.06275
2025-06-20 13:00:00,7147,510,6516,0,121,0,False,0.14421,0.06275
2025-06-20 14:00:00,6198,713,6222,0,1,738,True,0.54232,0.46086
2025-06-20 15:00:00,5189,526,5178,0,0,515,True,0.54232,0.46086
2025-06-20 16:00:00,3421,562,3409,0,0,550,True,0.54232,0.46086
2025-06-20 17:00:00,2372,680,2361,0,0,669,True,0.54232,0.46086
2025-06-20 18:00:00,1009,499,996,0,0,486,True,0.54232,0.46086
2025-06-20 19:00:00,274,631,4,21,3,343,False,0.14421,0.06275
2025-06-20 20:00:00,17,557,0,24,0,516,False,0.14421,0.06275
2025-06-20 21:00:00,0,669,10,16,0,663,False,0.14421,0.06275
2025-06-20 22:00:00,0,514,0,22,0,492,False,0.14421,0.06275
2025-06-20 23:00:00,0,613,0,18,0,595,False,0.14421,0.06275
2025-06-21 00:00:00,0,460,0,23,0,437,False,0.14421,0.06275
2025-06-21 01:00:00,0,573,0,24,0,549,False,0.14421,0.06275
2025-06-21 02:00:00,0,546,0,17,0,529,False,0.14421,0.06275
2025-06-21 03:00:00,0,424,0,22,0,402,False,0.14421,0.06275
2025-06-21 04:00:00,0,579,0,21,0,558,False,0.14421,0.06275
2025-06-21 05:00:00,240,520,0,18,77,339,False,0.14421,0.06275
2025-06-21 06:00:00,1657,449,0,28,1236,0,False,0.14421,0.06275
2025-06-21 07:00:00,3296,563,0,527,3260,0,False,0.14421,0.06275
2025-06-21 08:00:00,4535,444,0,399,4490,0,False,0.14421,0.06275
2025-06-21 09:00:00,5432,441,2895,117,2213,0,False,0.14421,0.06275
2025-06-21 10:00:00,6353,705,5548,0,100,0,False,0.14421,0.06275
2025-06-21 11:00:00,7070,471,6476,0,123,0,False,0.14421,0.06275
2025-06-21 12:00:00,7363,565,6731,0,67,0,False,0.14421,0.06275
2025-06-21 13:00:00,7170,674,6362,0,134,0,False,0.14421,0.06275
2025-06-21 14:00:00,6713,507,6702,0,10,506,True,0.54232,0.46086
2025-06-21 15:00:00,5254,483,5246,0,0,475,True,0.54232,0.46086
2025-06-21 16:00:00,3667,684,3656,0,0,673,True,0.54232,0.46086
2025-06-21 17:00:00,2880,555,2873,0,0,548,True,0.54232,0.46086
2025-06-21 18:00:00,1052,623,1039,0,0,610,True,0.54232,0.46086
2025-06-21 19:00:00,281,485,2,25,12,193,False,0.14421,0.06275
2025-06-21 20:00:00,17,570,0,23,0,530,False,0.14421,0.06275
2025-06-21 21:00:00,0,640,5,11,0,634,False,0.14421,0.06275
2025-06-21 22:00:00,0,560,0,24,0,536,False,0.14421,0.06275
2025-06-21 23:00:00,0,654,0,19,0,635,False,0.14421,0.06275
2025-06-22 00:00:00,0,541,0,21,0,520,False,0.14421,0.06275
2025-06-22 01:00:00,0,643,0,25,0,618,False,0.14421,0.06275
2025-06-22 02:00:00,0,495,0,20,0,475,False,0.14421,0.06275
2025-06-22 03:00:00,0,650,0,19,0,631,False,0.14421,0.06275
2025-06-22 04:00:00,0,533,0,23,0,510,False,0.14421,0.06275
2025-06-22 05:00:00,0,536,2,15,0,523,False,0.14421,0.06275
2025-06-22 06:00:00,26,560,0,20,0,514,False,0.14421,0.06275
2025-06-22 07:00:00,323,499,0,477,305,4,False,0.14421,0.06275
2025-06-22 08:00:00,1040,671,0,652,1021,0,False,0.14421,0.06275
2025-06-22 09:00:00,1844,522,0,515,1837,0,False,0.14421,0.06275
2025-06-22 10:00:00,4964,642,0,429,4751,0,False,0.14421,0.06275
2025-06-22 11:00:00,6639,517,1785,0,4337,0,False,0.14421,0.06275
2025-06-22 12:00:00,7166,563,6457,0,146,0,False,0.14421,0.06275
2025-06-22 13:00:00,6959,603,6230,0,126,0,False,0.14421,0.06275
2025-06-22 14:00:00,4352,1092,4359,0,0,1099,True,0.54232,0.46086
2025-06-22 15:00:00,3288,4231,3300,0,0,4243,True,0.54232,0.46086
2025-06-22 16:00:00,2061,1638,2047,0,0,1624,True,0.54232,0.46086
2025-06-22 17:00:00,2362,1684,2343,0,0,1665,True,0.54232,0.46086
2025-06-22 18:00:00,1166,2067,1153,0,0,2054,True,0.54232,0.46086
2025-06-22 19:00:00,397,2223,24,250,7,1607,False,0.14421,0.06275
2025-06-22 20:00:00,18,4063,0,4135,91,1,False,0.14421,0.06275
2025-06-22 21:00:00,0,1380,0,1444,64,0,False,0.14421,0.06275
2025-06-22 22:00:00,0,1678,0,1739,61,0,False,0.14421,0.06275
2025-06-22 23:00:00,0,1293,0,1317,24,0,False,0.14421,0.06275
2025-06-23 00:00:00,0,1419,0,1438,19,0,False,0.14421,0.06275
2025-06-23 01:00:00,0,1151,0,1169,18,0,False,0.14421,0.06275
2025-06-23 02:00:00,0,1395,0,1412,18,1,False,0.14421,0.06275
2025-06-23 03:00:00,0,1191,0,1204,13,0,False,0.14421,0.06275
2025-06-23 04:00:00,0,631,0,644,13,0,False,0.14421,0.06275
2025-06-23 05:00:00,232,1524,0,1509,217,0,False,0.14421,0.06275
2025-06-23 06:00:00,1427,555,400,179,1003,352,False,0.14421,0.06275
2025-06-23 07:00:00,3045,1200,0,1153,2998,0,False,0.14421,0.06275
2025-06-23 08:00:00,4144,1743,0,1696,4097,0,False,0.14421,0.06275
2025-06-23 09:00:00,4729,2708,0,2632,4653,0,False,0.14421,0.06275
2025-06-23 10:00:00,5835,2370,2081,1636,3020,0,False,0.14421,0.06275
2025-06-23 11:00:00,6611,4460,1951,0,200,0,False,0.14421,0.06275
2025-06-23 12:00:00,6826,2195,4529,0,102,0,False,0.14421,0.06275
2025-06-23 13:00:00,5746,1980,3526,0,240,0,False,0.14421,0.06275
2025-06-23 14:00:00,5179,2187,5169,0,0,2177,True,0.54232,0.46086
2025-06-23 15:00:00,3599,2069,3589,0,0,2059,True,0.54232,0.46086
2025-06-23 16:00:00,2661,2047,2647,0,0,2033,True,0.54232,0.46086
2025-06-23 17:00:00,2040,1605,2033,0,0,1598,True,0.54232,0.46086
2025-06-23 18:00:00,1043,2350,1038,0,0,2345,True,0.54232,0.46086
2025-06-23 19:00:00,301,2059,18,4,0,1772,False,0.14421,0.06275
2025-06-23 20:00:00,27,2513,0,2269,85,302,False,0.14421,0.06275
2025-06-23 21:00:00,0,2162,0,2246,85,1,False,0.14421,0.06275
2025-06-23 22:00:00,0,1888,0,1960,72,0,False,0.14421,0.06275
2025-06-23 23:00:00,0,1779,0,1828,49,0,False,0.14421,0.06275
2025-06-24 00:00:00,0,1351,0,1361,10,0,False,0.14421,0.06275
2025-06-24 01:00:00,0,1232,0,1240,8,0,False,0.14421,0.06275
2025-06-24 02:00:00,0,1081,0,1084,4,1,False,0.14421,0.06275
2025-06-24 03:00:00,0,1747,0,1753,6,0,False,0.14421,0.06275
2025-06-24 04:00:00,0,926,0,930,4,0,False,0.14421,0.06275
2025-06-24 05:00:00,176,1379,0,1362,159,0,False,0.14421,0.06275
2025-06-24 06:00:00,1607,832,170,416,1172,151,False,0.14421,0.06275
2025-06-24 07:00:00,3194,1032,0,959,3121,0,False,0.14421,0.06275
2025-06-24 08:00:00,4390,548,0,459,4301,0,False,0.14421,0.06275
2025-06-24 09:00:00,5347,1695,0,1601,5253,0,False,0.14421,0.06275
2025-06-24 10:00:00,6208,1388,3293,283,1810,0,False,0.14421,0.06275
2025-06-24 11:00:00,6927,1432,5302,0,193,0,False,0.14421,0.06275
2025-06-24 12:00:00,7155,1678,5372,0,106,1,False,0.14421,0.06275
2025-06-24 13:00:00,7007,1606,5278,0,123,0,False,0.14421,0.06275
2025-06-24 14:00:00,6235,1682,6244,0,1,1692,True,0.54232,0.46086
2025-06-24 15:00:00,5096,1726,5087,0,0,1717,True,0.54232,0.46086
2025-06-24 16:00:00,3642,1672,3621,0,0,1651,True,0.54232,0.46086
2025-06-24 17:00:00,2424,3189,2440,0,0,3205,True,0.54232,0.46086
2025-06-24 18:00:00,932,2385,916,0,0,2369,True,0.54232,0.46086
2025-06-24 19:00:00,233,4087,17,2200,45,1716,False,0.14421,0.06275
2025-06-24 20:00:00,12,2774,0,2845,105,22,False,0.14421,0.06275
2025-06-24 21:00:00,0,2455,0,2562,107,0,False,0.14421,0.06275
2025-06-24 22:00:00,0,2275,0,2350,98,23,False,0.14421,0.06275
2025-06-24 23:00:00,0,1788,0,1877,89,0,False,0.14421,0.06275
2025-06-25 00:00:00,0,1242,0,1324,83,1,False,0.14421,0.06275
2025-06-25 01:00:00,0,1796,0,1867,72,1,False,0.14421,0.06275
2025-06-25 02:00:00,0,1213,0,1231,18,0,False,0.14421,0.06275
2025-06-25 03:00:00,0,1571,0,1592,21,0,False,0.14421,0.06275
2025-06-25 04:00:00,0,1085,0,1099,14,0,False,0.14421,0.06275
2025-06-25 05:00:00,205,1449,0,1433,189,0,False,0.14421,0.06275
2025-06-25 06:00:00,1639,1066,69,537,1117,76,False,0.14421,0.06275
2025-06-25 07:00:00,3055,1170,0,1114,2999,0,False,0.14421,0.06275
2025-06-25 08:00:00,4347,1660,0,1562,4249,0,False,0.14421,0.06275
2025-06-25 09:00:00,5229,1117,0,987,5099,0,False,0.14421,0.06275
2025-06-25 10:00:00,6095,1576,2526,373,2366,0,False,0.14421,0.06275
2025-06-25 11:00:00,7030,634,6192,0,205,1,False,0.14421,0.06275
2025-06-25 12:00:00,6223,1550,4522,0,151,0,False,0.14421,0.06275
2025-06-25 13:00:00,5613,2270,3179,0,164,0,False,0.14421,0.06275
2025-06-25 14:00:00,4638,1513,4632,0,0,1507,True,0.54232,0.46086
2025-06-25 15:00:00,4399,1546,4396,0,0,1543,True,0.54232,0.46086
2025-06-25 16:00:00,3488,1696,3474,0,0,1682,True,0.54232,0.46086
2025-06-25 17:00:00,2430,2233,2426,0,0,2229,True,0.54232,0.46086
2025-06-25 18:00:00,1026,1967,1005,0,0,1946,True,0.54232,0.46086
2025-06-25 19:00:00,281,1741,9,11,0,1458,False,0.14421,0.06275
2025-06-25 20:00:00,16,1590,4,5,0,1573,False,0.14421,0.06275
2025-06-25 21:00:00,0,1778,0,1800,97,75,False,0.14421,0.06275
2025-06-25 22:00:00,0,1909,0,2005,96,0,False,0.14421,0.06275
2025-06-25 23:00:00,0,1389,0,1463,75,1,False,0.14421,0.06275
2025-06-26 00:00:00,0,1460,0,1498,38,0,False,0.14421,0.06275
2025-06-26 01:00:00,0,1299,0,1311,12,0,False,0.14421,0.06275
2025-06-26 02:00:00,0,987,0,999,12,0,False,0.14421,0.06275
2025-06-26 03:00:00,0,1127,0,1130,4,1,False,0.14421,0.06275
2025-06-26 04:00:00,0,898,0,908,10,0,False,0.14421,0.06275
2025-06-26 05:00:00,96,888,0,891,99,0,False,0.14421,0.06275
2025-06-26 06:00:00,332,876,0,871,327,0,False,0.14421,0.06275
2025-06-26 07:00:00,600,846,0,832,586,0,False,0.14421,0.06275
2025-06-26 08:00:00,1387,500,0,479,1366,0,False,0.14421,0.06275
2025-06-26 09:00:00,1197,490,0,483,1190,0,False,0.14421,0.06275
2025-06-26 10:00:00,2171,617,0,612,2166,0,False,0.14421,0.06275
2025-06-26 11:00:00,1664,478,0,441,1627,0,False,0.14421,0.06275
2025-06-26 12:00:00,5822,441,67,90,5404,0,False,0.14421,0.06275
2025-06-26 13:00:00,1865,690,0,683,1858,0,False,0.14421,0.06275
2025-06-26 14:00:00,1067,494,1061,0,10,498,True,0.54232,0.46086
2025-06-26 15:00:00,819,543,801,0,0,525,True,0.54232,0.46086
2025-06-26 16:00:00,927,464,913,0,0,450,True,0.54232,0.46086
2025-06-26 17:00:00,734,915,715,0,0,896,True,0.54232,0.46086
2025-06-26 18:00:00,449,1275,435,0,0,1261,True,0.54232,0.46086
2025-06-26 19:00:00,181,3681,16,11,0,3505,False,0.14421,0.06275
2025-06-26 20:00:00,1,1293,10,7,0,1295,False,0.14421,0.06275
2025-06-26 21:00:00,0,1579,8,5,0,1582,False,0.14421,0.06275
2025-06-26 22:00:00,0,1686,1,754,28,961,False,0.14421,0.06275
2025-06-26 23:00:00,0,1094,0,1111,17,0,False,0.14421,0.06275
2025-06-27 00:00:00,0,586,0,596,10,0,False,0.14421,0.06275
2025-06-27 01:00:00,0,452,0,462,10,0,False,0.14421,0.06275
2025-06-27 02:00:00,0,448,0,458,10,0,False,0.14421,0.06275
2025-06-27 03:00:00,0,685,0,691,6,0,False,0.14421,0.06275
2025-06-27 04:00:00,0,487,0,494,7,0,False,0.14421,0.06275
2025-06-27 05:00:00,266,720,0,654,200,0,False,0.14421,0.06275
2025-06-27 06:00:00,642,573,0,96,165,0,False,0.14421,0.06275
2025-06-27 07:00:00,2317,976,0,905,2246,0,False,0.14421,0.06275
2025-06-27 08:00:00,2543,546,0,537,2534,0,False,0.14421,0.06275
2025-06-27 09:00:00,4303,463,8,204,4036,0,False,0.14421,0.06275
2025-06-27 10:00:00,6728,575,570,308,5891,0,False,0.14421,0.06275
2025-06-27 11:00:00,7141,458,6245,0,438,0,False,0.14421,0.06275
2025-06-27 12:00:00,7448,477,6814,0,158,1,False,0.14421,0.06275
2025-06-27 13:00:00,7334,504,6695,0,135,0,False,0.14421,0.06275
2025-06-27 14:00:00,6454,469,6481,0,1,497,True,0.54232,0.46086
2025-06-27 15:00:00,4539,484,4526,0,0,471,True,0.54232,0.46086
2025-06-27 16:00:00,2902,893,2885,0,0,876,True,0.54232,0.46086
2025-06-27 17:00:00,2770,692,2748,0,1,671,True,0.54232,0.46086
2025-06-27 18:00:00,1070,1779,1056,0,0,1765,True,0.54232,0.46086
2025-06-27 19:00:00,248,1507,10,12,0,1257,False,0.14421,0.06275
2025-06-27 20:00:00,9,986,3,19,0,961,False,0.14421,0.06275
2025-06-27 21:00:00,0,2122,14,13,0,2123,False,0.14421,0.06275
2025-06-27 22:00:00,0,986,2,12,0,976,False,0.14421,0.06275
2025-06-27 23:00:00,0,1274,4,6,0,1272,False,0.14421,0.06275
2025-06-28 00:00:00,0,715,0,15,0,700,False,0.14421,0.06275
2025-06-28 01:00:00,0,433,0,369,18,82,False,0.14421,0.06275
2025-06-28 02:00:00,0,531,0,551,20,0,False,0.14421,0.06275
2025-06-28 03:00:00,0,833,0,853,20,0,False,0.14421,0.06275
2025-06-28 04:00:00,0,478,0,494,16,0,False,0.14421,0.06275
2025-06-28 05:00:00,0,442,0,462,20,0,False,0.14421,0.06275
2025-06-28 06:00:00,0,471,0,485,14,0,False,0.14421,0.06275
2025-06-28 07:00:00,135,1056,0,1052,131,0,False,0.14421,0.06275
2025-06-28 08:00:00,270,814,0,804,260,0,False,0.14421,0.06275
2025-06-28 09:00:00,516,770,0,773,519,0,False,0.14421,0.06275
2025-06-28 10:00:00,887,1159,0,1146,874,0,False,0.14421,0.06275
2025-06-28 11:00:00,1082,604,0,589,1067,0,False,0.14421,0.06275
2025-06-28 12:00:00,1162,1182,0,1170,1150,0,False,0.14421,0.06275
2025-06-28 13:00:00,1621,1323,0,1312,1610,0,False,0.14421,0.06275
2025-06-28 14:00:00,1684,744,1674,0,19,753,True,0.54232,0.46086
2025-06-28 15:00:00,1460,653,1445,0,0,638,True,0.54232,0.46086
2025-06-28 16:00:00,880,730,867,0,0,717,True,0.54232,0.46086
2025-06-28 17:00:00,911,1036,886,0,0,1011,True,0.54232,0.46086
2025-06-28 18:00:00,427,1006,296,89,11,797,True,0.54232,0.46086
2025-06-28 19:00:00,135,1072,0,951,14,0,False,0.14421,0.06275
2025-06-28 20:00:00,4,3093,0,3094,5,0,False,0.14421,0.06275
2025-06-28 21:00:00,0,2359,0,2376,17,0,False,0.14421,0.06275
2025-06-28 22:00:00,0,1133,0,1147,14,0,False,0.14421,0.06275
2025-06-28 23:00:00,0,1009,0,1020,11,0,False,0.14421,0.06275
2025-06-29 00:00:00,0,802,0,822,20,0,False,0.14421,0.06275
2025-06-29 01:00:00,0,453,0,474,21,0,False,0.14421,0.06275
2025-06-29 02:00:00,0,1016,0,1037,21,0,False,0.14421,0.06275
2025-06-29 03:00:00,0,661,0,680,20,1,False,0.14421,0.06275
2025-06-29 04:00:00,0,589,0,611,22,0,False,0.14421,0.06275
2025-06-29 05:00:00,0,750,0,770,20,0,False,0.14421,0.06275
2025-06-29 06:00:00,315,457,0,445,303,0,False,0.14421,0.06275
2025-06-29 07:00:00,951,898,0,879,932,0,False,0.14421,0.06275
2025-06-29 08:00:00,3078,823,0,716,2971,0,False,0.14421,0.06275
2025-06-29 09:00:00,5494,706,0,602,5390,0,False,0.14421,0.06275
2025-06-29 10:00:00,6379,628,387,295,5659,0,False,0.14421,0.06275
2025-06-29 11:00:00,7075,2570,4266,52,291,0,False,0.14421,0.06275
2025-06-29 12:00:00,7352,7541,0,309,120,0,False,0.14421,0.06275
2025-06-29 13:00:00,7242,7038,75,45,174,0,False,0.14421,0.06275
2025-06-29 14:00:00,6569,1394,6540,0,0,1365,True,0.54232,0.46086
2025-06-29 15:00:00,5240,1148,5224,0,0,1132,True,0.54232,0.46086
2025-06-29 16:00:00,4205,550,4191,0,0,536,True,0.54232,0.46086
2025-06-29 17:00:00,2682,1051,2672,0,0,1041,True,0.54232,0.46086
2025-06-29 18:00:00,994,1813,968,0,0,1787,True,0.54232,0.46086
2025-06-29 19:00:00,208,7022,11,225,2,6602,False,0.14421,0.06275
2025-06-29 20:00:00,16,4953,0,5000,63,0,False,0.14421,0.06275
2025-06-29 21:00:00,0,4268,0,4334,66,0,False,0.14421,0.06275
2025-06-29 22:00:00,0,4105,0,4144,39,0,False,0.14421,0.06275
2025-06-29 23:00:00,0,3402,0,3415,13,0,False,0.14421,0.06275
2025-06-30 00:00:00,0,2969,0,2983,14,0,False,0.14421,0.06275
2025-06-30 01:00:00,0,2486,0,2494,9,1,False,0.14421,0.06275
2025-06-30 02:00:00,0,2449,0,2456,7,0,False,0.14421,0.06275
2025-06-30 03:00:00,0,2661,0,2671,10,0,False,0.14421,0.06275
2025-06-30 04:00:00,0,2246,0,2255,9,0,False,0.14421,0.06275
2025-06-30 05:00:00,140,2227,0,2212,125,0,False,0.14421,0.06275
2025-06-30 06:00:00,1722,1466,17,704,960,17,False,0.14421,0.06275
2025-06-30 07:00:00,3334,800,0,742,3276,0,False,0.14421,0.06275
2025-06-30 08:00:00,4506,1052,0,1031,4485,0,False,0.14421,0.06275
2025-06-30 09:00:00,5361,3632,0,3540,5269,0,False,0.14421,0.06275
2025-06-30 10:00:00,6246,1382,3757,417,1524,0,False,0.14421,0.06275
2025-06-30 11:00:00,6962,1627,5150,0,186,1,False,0.14421,0.06275
2025-06-30 12:00:00,7253,584,6535,0,134,0,False,0.14421,0.06275
2025-06-30 13:00:00,5219,1025,4072,0,122,0,False,0.14421,0.06275
2025-06-30 14:00:00,6469,1303,6469,0,0,1303,True,0.54232,0.46086
2025-06-30 15:00:00,5052,867,5034,0,0,849,True,0.54232,0.46086
2025-06-30 16:00:00,3417,1784,3405,0,0,1772,True,0.54232,0.46086
2025-06-30 17:00:00,2622,1509,2603,0,0,1490,True,0.54232,0.46086
2025-06-30 18:00:00,947,1869,932,0,0,1854,True,0.54232,0.46086
2025-06-30 19:00:00,163,1685,13,3,0,1532,False,0.14421,0.06275
2025-06-30 20:00:00,11,2128,28,1,0,2144,False,0.14421,0.06275
2025-06-30 21:00:00,0,2036,4,953,32,1119,False,0.14421,0.06275
2025-06-30 22:00:00,0,1927,0,1952,25,0,False,0.14421,0.06275
2025-06-30 23:00:00,0,1658,0,1676,18,0,False,0.14421,0.06275
2025-07-01 00:00:00,0,1276,0,1280,4,0,False,0.14421,0.06275
2025-07-01 01:00:00,0,885,0,893,8,0,False,0.14421,0.06275
2025-07-01 02:00:00,0,1339,0,1344,6,1,False,0.14421,0.06275
2025-07-01 03:00:00,0,613,0,619,6,0,False,0.14421,0.06275
2025-07-01 04:00:00,0,976,0,988,12,0,False,0.14421,0.06275
2025-07-01 05:00:00,17,1108,0,1110,19,0,False,0.14421,0.06275
2025-07-01 06:00:00,278,890,0,869,257,0,False,0.14421,0.06275
2025-07-01 07:00:00,844,1264,0,1245,825,0,False,0.14421,0.06275
2025-07-01 08:00:00,1205,1276,0,1264,1193,0,False,0.14421,0.06275
2025-07-01 09:00:00,2373,922,0,902,2353,0,False,0.14421,0.06275
2025-07-01 10:00:00,3909,636,7,342,3608,0,False,0.14421,0.06275
2025-07-01 11:00:00,4612,1236,23,571,3924,0,False,0.14421,0.06275
2025-07-01 12:00:00,5446,625,1500,0,3321,0,False,0.14421,0.06275
2025-07-01 13:00:00,6513,1330,4941,0,242,0,False,0.14421,0.06275
2025-07-01 14:00:00,6073,1280,6079,0,0,1286,True,0.54232,0.46086
2025-07-01 15:00:00,4014,1856,3998,0,0,1840,True,0.54232,0.46086
2025-07-01 16:00:00,2666,1484,2653,0,0,1471,True,0.54232,0.46086
2025-07-01 17:00:00,2082,1871,2070,0,0,1859,True,0.54232,0.46086
2025-07-01 18:00:00,521,1964,502,0,0,1945,True,0.54232,0.46086
2025-07-01 19:00:00,43,3939,10,28,0,3878,False,0.14421,0.06275
2025-07-01 20:00:00,0,2385,0,2473,88,0,False,0.14421,0.06275
2025-07-01 21:00:00,0,2407,0,2486,79,0,False,0.14421,0.06275
2025-07-01 22:00:00,0,1939,0,1995,57,1,False,0.14421,0.06275
2025-07-01 23:00:00,0,1540,0,1551,11,0,False,0.14421,0.06275
2025-07-02 00:00:00,0,1408,0,1411,3,0,False,0.14421,0.06275
2025-07-02 01:00:00,0,983,0,985,2,0,False,0.14421,0.06275
2025-07-02 02:00:00,0,1100,0,1103,4,1,False,0.14421,0.06275
2025-07-02 03:00:00,0,889,0,891,2,0,False,0.14421,0.06275
2025-07-02 04:00:00,0,1035,0,1038,3,0,False,0.14421,0.06275
2025-07-02 05:00:00,11,819,0,820,12,0,False,0.14421,0.06275
2025-07-02 06:00:00,418,804,0,782,396,0,False,0.14421,0.06275
2025-07-02 07:00:00,733,1449,0,1432,716,0,False,0.14421,0.06275
2025-07-02 08:00:00,1853,921,0,901,1833,0,False,0.14421,0.06275
2025-07-02 09:00:00,2549,576,0,547,2520,0,False,0.14421,0.06275
2025-07-02 10:00:00,3602,447,0,412,3567,0,False,0.14421,0.06275
2025-07-02 11:00:00,3851,1082,0,1042,3811,0,False,0.14421,0.06275
2025-07-02 12:00:00,5129,706,1752,282,2953,0,False,0.14421,0.06275
2025-07-02 13:00:00,4469,882,3376,0,211,0,False,0.14421,0.06275
2025-07-02 14:00:00,4125,1025,4121,0,0,1021,True,0.54232,0.46086
2025-07-02 15:00:00,3464,1795,3454,0,0,1785,True,0.54232,0.46086
2025-07-02 16:00:00,3383,817,3370,0,0,804,True,0.54232,0.46086
2025-07-02 17:00:00,2213,1680,2194,0,0,1661,True,0.54232,0.46086
2025-07-02 18:00:00,1182,1688,1170,0,0,1676,True,0.54232,0.46086
2025-07-02 19:00:00,467,2117,36,1,0,1685,False,0.14421,0.06275
2025-07-02 20:00:00,40,2313,18,1,0,2290,False,0.14421,0.06275
2025-07-02 21:00:00,0,2689,0,1554,44,1179,False,0.14421,0.06275
2025-07-02 22:00:00,0,3025,0,3109,84,0,False,0.14421,0.06275
2025-07-02 23:00:00,0,2687,0,2732,45,0,False,0.14421,0.06275
2025-07-03 00:00:00,0,2391,0,2408,17,0,False,0.14421,0.06275
2025-07-03 01:00:00,0,1960,0,1982,23,1,False,0.14421,0.06275
2025-07-03 02:00:00,0,1837,0,1861,24,0,False,0.14421,0.06275
2025-07-03 03:00:00,0,1758,0,1783,25,0,False,0.14421,0.06275
2025-07-03 04:00:00,0,1642,0,1669,27,0,False,0.14421,0.06275
2025-07-03 05:00:00,138,2120,0,2113,131,0,False,0.14421,0.06275
2025-07-03 06:00:00,1426,1678,0,667,415,0,False,0.14421,0.06275
2025-07-03 07:00:00,2969,2020,0,1942,2891,0,False,0.14421,0.06275
2025-07-03 08:00:00,4241,1230,0,1157,4168,0,False,0.14421,0.06275
2025-07-03 09:00:00,3661,320,0,254,3595,0,False,0.14421,0.06275
2025-07-03 10:00:00,4719,1378,183,994,4152,0,False,0.14421,0.06275
2025-07-03 11:00:00,6886,549,6040,0,297,0,False,0.14421,0.06275
2025-07-03 12:00:00,6784,1386,5271,0,128,1,False,0.14421,0.06275
2025-07-03 13:00:00,6369,1311,4933,0,125,0,False,0.14421,0.06275
2025-07-03 14:00:00,6416,1353,6425,0,0,1362,True,0.54232,0.46086
2025-07-03 15:00:00,5152,1475,5140,0,0,1463,True,0.54232,0.46086
2025-07-03 16:00:00,3554,1968,3546,0,0,1960,True,0.54232,0.46086
2025-07-03 17:00:00,2205,1405,2185,0,1,1386,True,0.54232,0.46086
2025-07-03 18:00:00,483,2352,463,0,0,2332,True,0.54232,0.46086
2025-07-03 19:00:00,13,2517,20,4,0,2520,False,0.14421,0.06275
2025-07-03 20:00:00,0,6743,12,5528,60,1287,False,0.14421,0.06275
2025-07-03 21:00:00,0,4035,0,4090,55,0,False,0.14421,0.06275
2025-07-03 22:00:00,0,3866,0,3881,15,0,False,0.14421,0.06275
2025-07-03 23:00:00,0,4364,0,4372,8,0,False,0.14421,0.06275
2025-07-04 00:00:00,0,3566,0,3582,16,0,False,0.14421,0.06275
2025-07-04 01:00:00,0,3074,0,3089,15,0,False,0.14421,0.06275
2025-07-04 02:00:00,0,2940,0,2957,17,0,False,0.14421,0.06275
2025-07-04 03:00:00,0,3023,0,3039,16,0,False,0.14421,0.06275
2025-07-04 04:00:00,0,2968,0,2986,18,0,False,0.14421,0.06275
2025-07-04 05:00:00,154,3032,0,3016,138,0,False,0.14421,0.06275
2025-07-04 06:00:00,1545,2799,0,1565,311,0,False,0.14421,0.06275
2025-07-04 07:00:00,3265,1975,0,1910,3200,0,False,0.14421,0.06275
2025-07-04 08:00:00,4620,1340,0,1308,4588,0,False,0.14421,0.06275
2025-07-04 09:00:00,5648,587,0,561,5622,0,False,0.14421,0.06275
2025-07-04 10:00:00,6599,539,4434,0,1626,0,False,0.14421,0.06275
2025-07-04 11:00:00,7028,800,6011,0,218,1,False,0.14421,0.06275
2025-07-04 12:00:00,7575,615,6837,0,123,0,False,0.14421,0.06275
2025-07-04 13:00:00,7365,553,6696,0,116,0,False,0.14421,0.06275
2025-07-04 14:00:00,6715,981,6713,0,1,980,True,0.54232,0.46086
2025-07-04 15:00:00,5497,514,5484,0,0,501,True,0.54232,0.46086
2025-07-04 16:00:00,3742,1168,3733,0,0,1159,True,0.54232,0.46086
2025-07-04 17:00:00,2769,856,2757,0,0,844,True,0.54232,0.46086
2025-07-04 18:00:00,1061,1337,1046,0,0,1322,True,0.54232,0.46086
2025-07-04 19:00:00,233,6300,43,0,0,6110,False,0.14421,0.06275
2025-07-04 20:00:00,17,6969,0,5493,36,1495,False,0.14421,0.06275
2025-07-04 21:00:00,0,7342,0,7346,4,0,False,0.14421,0.06275
2025-07-04 22:00:00,0,7867,0,7880,13,0,False,0.14421,0.06275
2025-07-04 23:00:00,0,6303,0,6318,15,0,False,0.14421,0.06275
2025-07-05 00:00:00,0,6189,0,6193,4,0,False,0.14421,0.06275
2025-07-05 01:00:00,0,6434,0,6437,3,0,False,0.14421,0.06275
2025-07-05 02:00:00,0,6307,0,6310,3,0,False,0.14421,0.06275
2025-07-05 03:00:00,0,6105,0,6111,6,0,False,0.14421,0.06275
2025-07-05 04:00:00,0,6426,0,6434,8,0,False,0.14421,0.06275
2025-07-05 05:00:00,198,6193,0,6185,190,0,False,0.14421,0.06275
2025-07-05 06:00:00,765,1891,75,1568,444,77,False,0.14421,0.06275
2025-07-05 07:00:00,2255,927,0,907,2235,0,False,0.14421,0.06275
2025-07-05 08:00:00,4485,971,0,913,4427,0,False,0.14421,0.06275
2025-07-05 09:00:00,5462,586,0,545,5421,0,False,0.14421,0.06275
2025-07-05 10:00:00,5748,492,2544,120,2832,0,False,0.14421,0.06275
2025-07-05 11:00:00,5925,462,5267,0,196,0,False,0.14421,0.06275
2025-07-05 12:00:00,6294,622,5533,0,139,0,False,0.14421,0.06275
2025-07-05 13:00:00,6246,554,5618,0,74,0,False,0.14421,0.06275
2025-07-05 14:00:00,5281,902,5302,0,0,923,True,0.54232,0.46086
2025-07-05 15:00:00,4175,467,4166,0,0,458,True,0.54232,0.46086
2025-07-05 16:00:00,3221,1005,3203,0,0,987,True,0.54232,0.46086
2025-07-05 17:00:00,2876,1208,2868,0,0,1200,True,0.54232,0.46086
2025-07-05 18:00:00,1044,1504,1030,0,0,1490,True,0.54232,0.46086
2025-07-05 19:00:00,258,3735,34,0,0,3511,False,0.14421,0.06275
2025-07-05 20:00:00,13,5690,12,1910,32,3811,False,0.14421,0.06275
2025-07-05 21:00:00,0,3669,0,3687,18,0,False,0.14421,0.06275
2025-07-05 22:00:00,0,4008,0,4021,13,0,False,0.14421,0.06275
2025-07-05 23:00:00,0,3578,0,3585,7,0,False,0.14421,0.06275
2025-07-06 00:00:00,0,3689,0,3692,3,0,False,0.14421,0.06275
2025-07-06 01:00:00,0,2853,0,2862,10,1,False,0.14421,0.06275
2025-07-06 02:00:00,0,3308,0,3317,9,0,False,0.14421,0.06275
2025-07-06 03:00:00,0,2932,0,2944,12,0,False,0.14421,0.06275
2025-07-06 04:00:00,0,3067,0,3079,12,0,False,0.14421,0.06275
2025-07-06 05:00:00,162,3094,0,3075,143,0,False,0.14421,0.06275
2025-07-06 06:00:00,1074,3265,0,2437,246,0,False,0.14421,0.06275
2025-07-06 07:00:00,2250,2958,0,2911,2203,0,False,0.14421,0.06275
2025-07-06 08:00:00,3643,3287,0,3232,3588,0,False,0.14421,0.06275
2025-07-06 09:00:00,4640,3517,0,3448,4571,0,False,0.14421,0.06275
2025-07-06 10:00:00,5568,3773,0,2904,4699,0,False,0.14421,0.06275
2025-07-06 11:00:00,5904,4867,963,163,237,0,False,0.14421,0.06275
2025-07-06 12:00:00,6618,4366,2124,0,128,0,False,0.14421,0.06275
2025-07-06 13:00:00,6922,2245,4558,0,119,0,False,0.14421,0.06275
2025-07-06 14:00:00,6060,1623,6054,0,0,1617,True,0.54232,0.46086
2025-07-06 15:00:00,4925,1620,4911,0,0,1606,True,0.54232,0.46086
2025-07-06 16:00:00,3161,1409,3148,0,0,1396,True,0.54232,0.46086
2025-07-06 17:00:00,2350,1465,2332,0,0,1447,True,0.54232,0.46086
2025-07-06 18:00:00,916,1719,905,0,0,1708,True,0.54232,0.46086
2025-07-06 19:00:00,242,1804,13,5,0,1570,False,0.14421,0.06275
2025-07-06 20:00:00,11,3696,10,997,20,2718,False,0.14421,0.06275
2025-07-06 21:00:00,0,1561,0,1653,92,0,False,0.14421,0.06275
2025-07-06 22:00:00,0,1876,0,1924,49,1,False,0.14421,0.06275
2025-07-06 23:00:00,0,1397,0,1447,50,0,False,0.14421,0.06275
2025-07-07 00:00:00,0,1457,0,1459,3,1,False,0.14421,0.06275
2025-07-07 01:00:00,0,888,0,888,0,0,False,0.14421,0.06275
2025-07-07 02:00:00,0,1295,0,1299,4,0,False,0.14421,0.06275
2025-07-07 03:00:00,0,831,0,836,5,0,False,0.14421,0.06275
2025-07-07 04:00:00,0,1204,0,1214,10,0,False,0.14421,0.06275
2025-07-07 05:00:00,139,611,0,600,128,0,False,0.14421,0.06275
2025-07-07 06:00:00,1276,813,118,425,868,98,False,0.14421,0.06275
2025-07-07 07:00:00,2588,852,27,573,2283,1,False,0.14421,0.06275
2025-07-07 08:00:00,3955,665,6,304,3588,0,False,0.14421,0.06275
2025-07-07 09:00:00,4938,1254,0,643,4327,0,False,0.14421,0.06275
2025-07-07 10:00:00,4175,1217,0,699,3657,0,False,0.14421,0.06275
2025-07-07 11:00:00,5673,1161,3515,0,997,0,False,0.14421,0.06275
2025-07-07 12:00:00,5359,1321,3812,0,226,0,False,0.14421,0.06275
2025-07-07 13:00:00,4324,1411,2773,0,140,0,False,0.14421,0.06275
2025-07-07 14:00:00,4613,1555,4604,0,1,1547,True,0.54232,0.46086
2025-07-07 15:00:00,3354,1504,3342,0,0,1492,True,0.54232,0.46086
2025-07-07 16:00:00,2188,1456,2182,0,0,1450,True,0.54232,0.46086
2025-07-07 17:00:00,2317,1794,2295,0,0,1772,True,0.54232,0.46086
2025-07-07 18:00:00,962,2077,951,0,0,2066,True,0.54232,0.46086
2025-07-07 19:00:00,280,1724,12,10,0,1446,False,0.14421,0.06275
2025-07-07 20:00:00,10,1626,9,3,0,1622,False,0.14421,0.06275
2025-07-07 21:00:00,0,2712,0,2160,66,618,False,0.14421,0.06275
2025-07-07 22:00:00,0,1442,0,1523,81,0,False,0.14421,0.06275
2025-07-07 23:00:00,0,1425,0,1482,57,0,False,0.14421,0.06275
2025-07-08 00:00:00,0,1392,0,1395,3,0,False,0.14421,0.06275
2025-07-08 01:00:00,0,982,0,983,1,0,False,0.14421,0.06275
2025-07-08 02:00:00,0,1560,0,1560,0,0,False,0.14421,0.06275
2025-07-08 03:00:00,0,678,0,682,4,0,False,0.14421,0.06275
2025-07-08 04:00:00,0,1303,0,1310,9,2,False,0.14421,0.06275
2025-07-08 05:00:00,37,819,0,812,30,0,False,0.14421,0.06275
2025-07-08 06:00:00,518,1117,0,997,398,0,False,0.14421,0.06275
2025-07-08 07:00:00,1640,1223,0,1166,1583,0,False,0.14421,0.06275
2025-07-08 08:00:00,4097,771,0,647,3973,0,False,0.14421,0.06275
2025-07-08 09:00:00,5159,3301,0,3137,4995,0,False,0.14421,0.06275
2025-07-08 10:00:00,5615,1325,503,576,4363,0,False,0.14421,0.06275
2025-07-08 11:00:00,5604,1578,3781,0,245,0,False,0.14421,0.06275
2025-07-08 12:00:00,5255,1475,3622,0,158,0,False,0.14421,0.06275
2025-07-08 13:00:00,5153,1207,3768,0,178,0,False,0.14421,0.06275
2025-07-08 14:00:00,5549,1451,5540,0,2,1444,True,0.54232,0.46086
2025-07-08 15:00:00,3468,1566,3455,0,0,1553,True,0.54232,0.46086
2025-07-08 16:00:00,3471,1331,3454,0,0,1314,True,0.54232,0.46086
2025-07-08 17:00:00,2227,1505,2214,0,0,1492,True,0.54232,0.46086
2025-07-08 18:00:00,885,2107,866,0,0,2088,True,0.54232,0.46086
2025-07-08 19:00:00,234,2834,6,7,0,2599,False,0.14421,0.06275
2025-07-08 20:00:00,22,2650,9,1028,67,1676,False,0.14421,0.06275
2025-07-08 21:00:00,0,2257,0,2340,84,1,False,0.14421,0.06275
2025-07-08 22:00:00,0,2385,0,2417,32,0,False,0.14421,0.06275
2025-07-08 23:00:00,0,1557,0,1610,53,0,False,0.14421,0.06275
2025-07-09 00:00:00,0,1263,0,1267,4,0,False,0.14421,0.06275
2025-07-09 01:00:00,0,1359,0,1360,1,0,False,0.14421,0.06275
2025-07-09 02:00:00,0,894,0,895,2,1,False,0.14421,0.06275
2025-07-09 03:00:00,0,1141,0,1142,1,0,False,0.14421,0.06275
2025-07-09 04:00:00,0,1097,0,1103,6,0,False,0.14421,0.06275
2025-07-09 05:00:00,0,779,0,787,8,0,False,0.14421,0.06275
2025-07-09 06:00:00,55,917,0,911,49,0,False,0.14421,0.06275
2025-07-09 07:00:00,80,1175,0,1174,79,0,False,0.14421,0.06275
2025-07-09 08:00:00,686,1022,0,938,602,0,False,0.14421,0.06275
2025-07-09 09:00:00,1008,1124,0,1109,993,0,False,0.14421,0.06275
2025-07-09 10:00:00,2359,1140,0,1111,2330,0,False,0.14421,0.06275
2025-07-09 11:00:00,2139,663,0,648,2124,0,False,0.14421,0.06275
2025-07-09 12:00:00,1887,592,0,246,1538,0,False,0.14421,0.06275
2025-07-09 13:00:00,1734,582,0,399,1550,0,False,0.14421,0.06275
2025-07-09 14:00:00,1476,1002,1453,0,16,995,True,0.54232,0.46086
2025-07-09 15:00:00,2144,487,2127,0,0,470,True,0.54232,0.46086
2025-07-09 16:00:00,2477,531,2458,0,0,512,True,0.54232,0.46086
2025-07-09 17:00:00,1764,1383,1745,0,0,1364,True,0.54232,0.46086
2025-07-09 18:00:00,787,1248,768,0,0,1229,True,0.54232,0.46086
2025-07-09 19:00:00,95,1171,7,22,0,1061,False,0.14421,0.06275
2025-07-09 20:00:00,0,1177,0,415,12,774,False,0.14421,0.06275
2025-07-09 21:00:00,0,1572,0,1576,4,0,False,0.14421,0.06275
2025-07-09 22:00:00,0,2499,0,2503,4,0,False,0.14421,0.06275
2025-07-09 23:00:00,0,1703,0,1720,17,0,False,0.14421,0.06275
2025-07-10 00:00:00,0,1084,0,1099,15,0,False,0.14421,0.06275
2025-07-10 01:00:00,0,821,0,829,8,0,False,0.14421,0.06275
2025-07-10 02:00:00,0,1017,0,1023,6,0,False,0.14421,0.06275
2025-07-10 03:00:00,0,1005,0,1015,10,0,False,0.14421,0.06275
2025-07-10 04:00:00,0,910,0,921,11,0,False,0.14421,0.06275
2025-07-10 05:00:00,0,581,0,594,13,0,False,0.14421,0.06275
2025-07-10 06:00:00,0,749,0,761,12,0,False,0.14421,0.06275
2025-07-10 07:00:00,130,954,0,936,112,0,False,0.14421,0.06275
2025-07-10 08:00:00,289,943,0,938,284,0,False,0.14421,0.06275
2025-07-10 09:00:00,489,1520,0,1517,486,0,False,0.14421,0.06275
2025-07-10 10:00:00,628,852,0,847,623,0,False,0.14421,0.06275
2025-07-10 11:00:00,906,703,0,703,906,0,False,0.14421,0.06275
2025-07-10 12:00:00,1465,910,0,902,1457,0,False,0.14421,0.06275
2025-07-10 13:00:00,1403,480,0,490,1413,0,False,0.14421,0.06275
2025-07-10 14:00:00,790,468,784,0,10,472,True,0.54232,0.46086
2025-07-10 15:00:00,780,877,758,0,0,855,True,0.54232,0.46086
2025-07-10 16:00:00,991,510,970,0,0,489,True,0.54232,0.46086
2025-07-10 17:00:00,734,1453,704,0,0,1423,True,0.54232,0.46086
2025-07-10 18:00:00,362,690,15,158,20,205,True,0.54232,0.46086
2025-07-10 19:00:00,98,2179,0,2087,6,0,False,0.14421,0.06275
2025-07-10 20:00:00,0,3546,0,3553,7,0,False,0.14421,0.06275
2025-07-10 21:00:00,0,3955,0,3959,4,0,False,0.14421,0.06275
2025-07-10 22:00:00,0,3786,0,3789,3,0,False,0.14421,0.06275
2025-07-10 23:00:00,0,3513,0,3531,18,0,False,0.14421,0.06275
2025-07-11 00:00:00,0,2935,0,2947,12,0,False,0.14421,0.06275
2025-07-11 01:00:00,0,2830,0,2842,12,0,False,0.14421,0.06275
2025-07-11 02:00:00,0,2981,0,2995,14,0,False,0.14421,0.06275
2025-07-11 03:00:00,0,2889,0,2901,12,0,False,0.14421,0.06275
2025-07-11 04:00:00,0,2868,0,2880,12,0,False,0.14421,0.06275
2025-07-11 05:00:00,0,2964,0,2978,14,0,False,0.14421,0.06275
2025-07-11 06:00:00,92,1824,0,1804,72,0,False,0.14421,0.06275
2025-07-11 07:00:00,741,728,0,701,714,0,False,0.14421,0.06275
2025-07-11 08:00:00,1190,982,0,972,1180,0,False,0.14421,0.06275
2025-07-11 09:00:00,1312,864,0,853,1301,0,False,0.14421,0.06275
2025-07-11 10:00:00,2829,3285,0,3265,2809,0,False,0.14421,0.06275
2025-07-11 11:00:00,5399,725,0,659,5333,0,False,0.14421,0.06275
2025-07-11 12:00:00,6906,775,2097,152,4186,0,False,0.14421,0.06275
2025-07-11 13:00:00,4909,933,3729,0,247,0,False,0.14421,0.06275
2025-07-11 14:00:00,3537,899,3506,0,2,870,True,0.54232,0.46086
2025-07-11 15:00:00,2743,942,2728,0,0,927,True,0.54232,0.46086
2025-07-11 16:00:00,3485,941,3468,0,0,924,True,0.54232,0.46086
2025-07-11 17:00:00,2326,1385,2303,0,0,1362,True,0.54232,0.46086
2025-07-11 18:00:00,914,1908,888,0,0,1882,True,0.54232,0.46086
2025-07-11 19:00:00,218,3340,8,24,0,3106,False,0.14421,0.06275
2025-07-11 20:00:00,23,2623,1,24,0,2577,False,0.14421,0.06275
2025-07-11 21:00:00,0,2805,0,2416,28,417,False,0.14421,0.06275
2025-07-11 22:00:00,0,2076,0,2076,0,0,False,0.14421,0.06275
2025-07-11 23:00:00,0,1511,0,1521,10,0,False,0.14421,0.06275
2025-07-12 00:00:00,0,944,0,954,10,0,False,0.14421,0.06275
2025-07-12 01:00:00,0,899,0,909,10,0,False,0.14421,0.06275
2025-07-12 02:00:00,0,1290,0,1302,12,0,False,0.14421,0.06275
2025-07-12 03:00:00,0,770,0,787,18,1,False,0.14421,0.06275
2025-07-12 04:00:00,0,855,0,874,19,0,False,0.14421,0.06275
2025-07-12 05:00:00,38,618,0,619,39,0,False,0.14421,0.06275
2025-07-12 06:00:00,383,771,0,672,284,0,False,0.14421,0.06275
2025-07-12 07:00:00,808,957,0,944,795,0,False,0.14421,0.06275
2025-07-12 08:00:00,1909,1200,0,1187,1896,0,False,0.14421,0.06275
2025-07-12 09:00:00,4003,1265,0,1159,3897,0,False,0.14421,0.06275
2025-07-12 10:00:00,5844,866,0,825,5803,0,False,0.14421,0.06275
2025-07-12 11:00:00,6650,1252,2937,147,2608,0,False,0.14421,0.06275
2025-07-12 12:00:00,6968,1449,5452,0,68,1,False,0.14421,0.06275
2025-07-12 13:00:00,6889,2556,4293,0,40,0,False,0.14421,0.06275
2025-07-12 14:00:00,6254,2049,6236,0,0,2031,True,0.54232,0.46086
2025-07-12 15:00:00,4950,1997,4940,0,0,1987,True,0.54232,0.46086
2025-07-12 16:00:00,3540,618,3527,0,0,605,True,0.54232,0.46086
2025-07-12 17:00:00,2140,1003,2117,0,0,980,True,0.54232,0.46086
2025-07-12 18:00:00,669,1335,646,0,0,1312,True,0.54232,0.46086
2025-07-12 19:00:00,211,1664,7,24,0,1436,False,0.14421,0.06275
2025-07-12 20:00:00,5,1523,1,26,0,1493,False,0.14421,0.06275
2025-07-12 21:00:00,0,2454,0,217,7,2244,False,0.14421,0.06275
2025-07-12 22:00:00,0,2026,0,2051,25,0,False,0.14421,0.06275
2025-07-12 23:00:00,0,1465,0,1471,6,0,False,0.14421,0.06275
2025-07-13 00:00:00,0,1252,0,1257,5,0,False,0.14421,0.06275
2025-07-13 01:00:00,0,1047,0,1055,8,0,False,0.14421,0.06275
2025-07-13 02:00:00,0,927,0,933,6,0,False,0.14421,0.06275
2025-07-13 03:00:00,0,727,0,738,12,1,False,0.14421,0.06275
2025-07-13 04:00:00,0,1041,0,1053,12,0,False,0.14421,0.06275
2025-07-13 05:00:00,11,522,0,525,14,0,False,0.14421,0.06275
2025-07-13 06:00:00,368,929,0,822,261,0,False,0.14421,0.06275
2025-07-13 07:00:00,983,904,0,883,962,0,False,0.14421,0.06275
2025-07-13 08:00:00,2344,1448,0,1439,2335,0,False,0.14421,0.06275
2025-07-13 09:00:00,3447,1021,0,1017,3443,0,False,0.14421,0.06275
2025-07-13 10:00:00,4011,663,0,526,3874,0,False,0.14421,0.06275
2025-07-13 11:00:00,5900,1549,531,586,4406,0,False,0.14421,0.06275
2025-07-13 12:00:00,6673,1780,4726,0,167,0,False,0.14421,0.06275
2025-07-13 13:00:00,4609,2067,2477,0,65,0,False,0.14421,0.06275
2025-07-13 14:00:00,5055,2798,5009,0,0,2752,True,0.54232,0.46086
2025-07-13 15:00:00,4957,1827,4948,0,0,1818,True,0.54232,0.46086
2025-07-13 16:00:00,3535,602,3519,0,0,586,True,0.54232,0.46086
2025-07-13 17:00:00,2252,1369,2227,0,0,1344,True,0.54232,0.46086
2025-07-13 18:00:00,870,1259,852,0,0,1241,True,0.54232,0.46086
2025-07-13 19:00:00,239,2554,5,18,0,2302,False,0.14421,0.06275
2025-07-13 20:00:00,3,3735,2,1461,16,2289,False,0.14421,0.06275
2025-07-13 21:00:00,0,3802,0,3820,18,0,False,0.14421,0.06275
2025-07-13 22:00:00,0,1341,0,1349,8,0,False,0.14421,0.06275
2025-07-13 23:00:00,0,1607,0,1613,6,0,False,0.14421,0.06275
2025-07-14 00:00:00,0,1093,0,1094,1,0,False,0.14421,0.06275
2025-07-14 01:00:00,0,906,0,909,3,0,False,0.14421,0.06275
2025-07-14 02:00:00,0,1029,0,1032,3,0,False,0.14421,0.06275
2025-07-14 03:00:00,0,806,0,816,10,0,False,0.14421,0.06275
2025-07-14 04:00:00,0,1212,0,1222,11,1,False,0.14421,0.06275
2025-07-14 05:00:00,1,480,0,494,15,0,False,0.14421,0.06275
2025-07-14 06:00:00,652,843,0,609,418,0,False,0.14421,0.06275
2025-07-14 07:00:00,2853,942,0,847,2758,0,False,0.14421,0.06275
2025-07-14 08:00:00,2967,1214,0,1042,2795,0,False,0.14421,0.06275
2025-07-14 09:00:00,4027,852,0,586,3761,0,False,0.14421,0.06275
2025-07-14 10:00:00,3491,1370,0,1285,3406,0,False,0.14421,0.06275
2025-07-14 11:00:00,3440,1471,565,995,2399,0,False,0.14421,0.06275
2025-07-14 12:00:00,3259,1487,1672,0,100,0,False,0.14421,0.06275
2025-07-14 13:00:00,3993,926,2985,0,82,0,False,0.14421,0.06275
2025-07-14 14:00:00,5699,1410,5681,0,0,1392,True,0.54232,0.46086
2025-07-14 15:00:00,3451,1467,3434,0,0,1450,True,0.54232,0.46086
2025-07-14 16:00:00,2708,1918,2688,0,0,1898,True,0.54232,0.46086
2025-07-14 17:00:00,1249,1425,1233,0,0,1409,True,0.54232,0.46086
2025-07-14 18:00:00,800,1247,771,0,0,1218,True,0.54232,0.46086
2025-07-14 19:00:00,169,1749,9,22,0,1567,False,0.14421,0.06275
2025-07-14 20:00:00,1,1647,2,21,0,1627,False,0.14421,0.06275
2025-07-14 21:00:00,0,2356,0,903,26,1479,False,0.14421,0.06275
2025-07-14 22:00:00,0,1659,0,1663,4,0,False,0.14421,0.06275
2025-07-14 23:00:00,0,1375,0,1377,2,0,False,0.14421,0.06275
2025-07-15 00:00:00,0,859,0,865,6,0,False,0.14421,0.06275
2025-07-15 01:00:00,0,1447,0,1450,3,0,False,0.14421,0.06275
2025-07-15 02:00:00,0,875,0,876,2,1,False,0.14421,0.06275
2025-07-15 03:00:00,0,1108,0,1111,3,0,False,0.14421,0.06275
2025-07-15 04:00:00,0,1193,0,1197,4,0,False,0.14421,0.06275
2025-07-15 05:00:00,0,660,0,669,9,0,False,0.14421,0.06275
2025-07-15 06:00:00,303,1355,0,1323,271,0,False,0.14421,0.06275
2025-07-15 07:00:00,2327,851,0,801,2277,0,False,0.14421,0.06275
2025-07-15 08:00:00,3834,1295,0,1294,3833,0,False,0.14421,0.06275
2025-07-15 09:00:00,5130,1441,0,1335,5024,0,False,0.14421,0.06275
2025-07-15 10:00:00,5980,1028,1791,666,3827,0,False,0.14421,0.06275
2025-07-15 11:00:00,6453,1283,5003,0,167,0,False,0.14421,0.06275
2025-07-15 12:00:00,5125,1514,3556,0,55,0,False,0.14421,0.06275
2025-07-15 13:00:00,4325,1588,2692,0,45,0,False,0.14421,0.06275
2025-07-15 14:00:00,6299,1325,6283,0,0,1309,True,0.54232,0.46086
2025-07-15 15:00:00,4251,1568,4237,0,0,1554,True,0.54232,0.46086
2025-07-15 16:00:00,2914,1643,2896,0,0,1625,True,0.54232,0.46086
2025-07-15 17:00:00,1745,2223,1725,0,0,2203,True,0.54232,0.46086
2025-07-15 18:00:00,989,1685,968,0,0,1664,True,0.54232,0.46086
2025-07-15 19:00:00,205,1852,13,24,0,1636,False,0.14421,0.06275
2025-07-15 20:00:00,5,3622,0,1248,33,2402,False,0.14421,0.06275
2025-07-15 21:00:00,0,2417,0,2421,4,0,False,0.14421,0.06275
2025-07-15 22:00:00,0,2729,0,2734,5,0,False,0.14421,0.06275
2025-07-15 23:00:00,0,1452,0,1455,3,0,False,0.14421,0.06275
2025-07-16 00:00:00,0,1381,0,1383,2,0,False,0.14421,0.06275
2025-07-16 01:00:00,0,1297,0,1297,0,0,False,0.14421,0.06275
2025-07-16 02:00:00,0,1244,0,1246,2,0,False,0.14421,0.06275
2025-07-16 03:00:00,0,1179,0,1180,1,0,False,0.14421,0.06275
2025-07-16 04:00:00,0,974,0,977,3,0,False,0.14421,0.06275
2025-07-16 05:00:00,53,860,0,848,41,0,False,0.14421,0.06275
2025-07-16 06:00:00,1166,837,254,499,832,258,False,0.14421,0.06275
2025-07-16 07:00:00,2811,1147,0,1101,2777,12,False,0.14421,0.06275
2025-07-16 08:00:00,4119,582,0,566,4103,0,False,0.14421,0.06275
2025-07-16 09:00:00,4987,1787,0,1750,4950,0,False,0.14421,0.06275
2025-07-16 10:00:00,5840,965,2332,535,3078,0,False,0.14421,0.06275
2025-07-16 11:00:00,6567,1986,4457,0,124,0,False,0.14421,0.06275
2025-07-16 12:00:00,6062,1413,4588,0,62,1,False,0.14421,0.06275
2025-07-16 13:00:00,5606,1488,4035,0,83,0,False,0.14421,0.06275
2025-07-16 14:00:00,5333,1512,5312,0,0,1491,True,0.54232,0.46086
2025-07-16 15:00:00,3986,2147,3969,0,0,2130,True,0.54232,0.46086
2025-07-16 16:00:00,3260,1486,3244,0,0,1470,True,0.54232,0.46086
2025-07-16 17:00:00,1643,1652,1616,0,0,1625,True,0.54232,0.46086
2025-07-16 18:00:00,854,1923,839,0,0,1908,True,0.54232,0.46086
2025-07-16 19:00:00,152,2824,3,18,0,2657,False,0.14421,0.06275
2025-07-16 20:00:00,2,2218,0,1241,38,1013,False,0.14421,0.06275
2025-07-16 21:00:00,0,2362,0,2363,1,0,False,0.14421,0.06275
2025-07-16 22:00:00,0,2364,0,2369,6,1,False,0.14421,0.06275
2025-07-16 23:00:00,0,1778,0,1782,4,0,False,0.14421,0.06275
2025-07-17 00:00:00,0,1321,0,1321,0,0,False,0.14421,0.06275
2025-07-17 01:00:00,0,1404,0,1409,5,0,False,0.14421,0.06275
2025-07-17 02:00:00,0,1222,0,1227,5,0,False,0.14421,0.06275
2025-07-17 03:00:00,0,746,0,748,2,0,False,0.14421,0.06275
2025-07-17 04:00:00,0,1171,0,1175,4,0,False,0.14421,0.06275
2025-07-17 05:00:00,96,1170,0,1162,88,0,False,0.14421,0.06275
2025-07-17 06:00:00,555,1223,0,967,299,0,False,0.14421,0.06275
2025-07-17 07:00:00,1513,1231,0,1107,1389,0,False,0.14421,0.06275
2025-07-17 08:00:00,2385,1334,0,1103,2154,0,False,0.14421,0.06275
2025-07-17 09:00:00,4350,1805,0,1287,3832,0,False,0.14421,0.06275
2025-07-17 10:00:00,4988,923,0,428,4493,0,False,0.14421,0.06275
2025-07-17 11:00:00,4981,1683,543,565,3320,0,False,0.14421,0.06275
2025-07-17 12:00:00,5598,1442,4027,0,129,0,False,0.14421,0.06275
2025-07-17 13:00:00,5617,1764,3775,0,78,0,False,0.14421,0.06275
2025-07-17 14:00:00,4105,1433,4094,0,0,1422,True,0.54232,0.46086
2025-07-17 15:00:00,3816,1432,3794,0,0,1410,True,0.54232,0.46086
2025-07-17 16:00:00,3226,1499,3211,0,0,1484,True,0.54232,0.46086
2025-07-17 17:00:00,2195,1760,2175,0,0,1740,True,0.54232,0.46086
2025-07-17 18:00:00,766,1917,746,0,0,1897,True,0.54232,0.46086
2025-07-17 19:00:00,181,1722,3,15,3,1532,False,0.14421,0.06275
2025-07-17 20:00:00,2,1729,0,24,0,1703,False,0.14421,0.06275
2025-07-17 21:00:00,0,2319,0,1445,31,905,False,0.14421,0.06275
2025-07-17 22:00:00,0,2433,0,2436,3,0,False,0.14421,0.06275
2025-07-17 23:00:00,0,1510,0,1514,4,0,False,0.14421,0.06275
2025-07-18 00:00:00,0,1184,0,1185,1,0,False,0.14421,0.06275
2025-07-18 01:00:00,0,1378,0,1379,1,0,False,0.14421,0.06275
2025-07-18 02:00:00,0,1036,0,1037,1,0,False,0.14421,0.06275
2025-07-18 03:00:00,0,823,0,826,3,0,False,0.14421,0.06275
2025-07-18 04:00:00,0,1056,0,1062,6,0,False,0.14421,0.06275
2025-07-18 05:00:00,36,823,0,811,24,0,False,0.14421,0.06275
2025-07-18 06:00:00,1441,999,17,343,789,21,False,0.14421,0.06275
2025-07-18 07:00:00,3291,1231,0,1189,3249,0,False,0.14421,0.06275
2025-07-18 08:00:00,3557,1252,0,999,3304,0,False,0.14421,0.06275
2025-07-18 09:00:00,5058,1220,0,847,4685,0,False,0.14421,0.06275
2025-07-18 10:00:00,4869,873,726,34,3304,0,False,0.14421,0.06275
2025-07-18 11:00:00,6760,1420,5183,0,157,0,False,0.14421,0.06275
2025-07-18 12:00:00,6936,498,6364,0,74,0,False,0.14421,0.06275
2025-07-18 13:00:00,7219,8105,0,946,60,0,False,0.14421,0.06275
2025-07-18 14:00:00,6305,1452,6246,0,0,1393,True,0.54232,0.46086
2025-07-18 15:00:00,5137,1361,5119,0,0,1343,True,0.54232,0.46086
2025-07-18 16:00:00,3790,1458,3772,0,0,1440,True,0.54232,0.46086
2025-07-18 17:00:00,2303,1182,2279,0,0,1158,True,0.54232,0.46086
2025-07-18 18:00:00,956,1721,938,0,0,1703,True,0.54232,0.46086
2025-07-18 19:00:00,157,3850,0,26,0,3667,False,0.14421,0.06275
2025-07-18 20:00:00,5,3335,0,1655,28,1703,False,0.14421,0.06275
2025-07-18 21:00:00,0,4122,0,4122,0,0,False,0.14421,0.06275
2025-07-18 22:00:00,0,4462,0,4469,7,0,False,0.14421,0.06275
2025-07-18 23:00:00,0,3669,0,3669,0,0,False,0.14421,0.06275
2025-07-19 00:00:00,0,3078,0,3078,0,0,False,0.14421,0.06275
2025-07-19 01:00:00,0,3139,0,3143,4,0,False,0.14421,0.06275
2025-07-19 02:00:00,0,2762,0,2763,1,0,False,0.14421,0.06275
2025-07-19 03:00:00,0,2921,0,2929,8,0,False,0.14421,0.06275
2025-07-19 04:00:00,0,2967,0,2978,11,0,False,0.14421,0.06275
2025-07-19 05:00:00,30,2810,0,2801,21,0,False,0.14421,0.06275
2025-07-19 06:00:00,1490,2806,0,1678,362,0,False,0.14421,0.06275
2025-07-19 07:00:00,3150,2846,0,2780,3084,0,False,0.14421,0.06275
2025-07-19 08:00:00,4432,1158,0,1140,4414,0,False,0.14421,0.06275
2025-07-19 09:00:00,5335,1755,0,1742,5322,0,False,0.14421,0.06275
2025-07-19 10:00:00,6178,2013,3221,1292,2236,0,False,0.14421,0.06275
2025-07-19 11:00:00,6866,1195,5539,0,132,0,False,0.14421,0.06275
2025-07-19 12:00:00,7156,500,6602,0,54,0,False,0.14421,0.06275
2025-07-19 13:00:00,6705,2345,4289,0,71,0,False,0.14421,0.06275
2025-07-19 14:00:00,6338,2119,6316,0,0,2097,True,0.54232,0.46086
2025-07-19 15:00:00,4651,1805,4636,0,0,1790,True,0.54232,0.46086
2025-07-19 16:00:00,3473,597,3463,0,0,587,True,0.54232,0.46086
2025-07-19 17:00:00,2250,1224,2229,0,0,1203,True,0.54232,0.46086
2025-07-19 18:00:00,817,1525,802,0,1,1511,True,0.54232,0.46086
2025-07-19 19:00:00,209,1457,3,19,0,1232,False,0.14421,0.06275
2025-07-19 20:00:00,7,2439,0,31,0,2401,False,0.14421,0.06275
2025-07-19 21:00:00,0,2749,0,1362,32,1419,False,0.14421,0.06275
2025-07-19 22:00:00,0,2126,0,2136,10,0,False,0.14421,0.06275
2025-07-19 23:00:00,0,1487,0,1489,2,0,False,0.14421,0.06275
2025-07-20 00:00:00,0,881,0,890,10,1,False,0.14421,0.06275
2025-07-20 01:00:00,0,1024,0,1028,4,0,False,0.14421,0.06275
2025-07-20 02:00:00,0,1227,0,1239,12,0,False,0.14421,0.06275
2025-07-20 03:00:00,0,534,0,542,8,0,False,0.14421,0.06275
2025-07-20 04:00:00,0,966,0,976,10,0,False,0.14421,0.06275
2025-07-20 05:00:00,0,708,0,722,14,0,False,0.14421,0.06275
2025-07-20 06:00:00,108,885,0,872,95,0,False,0.14421,0.06275
2025-07-20 07:00:00,817,1042,0,1027,802,0,False,0.14421,0.06275
2025-07-20 08:00:00,1451,1301,0,1291,1441,0,False,0.14421,0.06275
2025-07-20 09:00:00,2265,1136,0,1073,2202,0,False,0.14421,0.06275
2025-07-20 10:00:00,1569,842,0,846,1573,0,False,0.14421,0.06275
2025-07-20 11:00:00,3278,546,0,470,3202,0,False,0.14421,0.06275
2025-07-20 12:00:00,5512,1810,0,770,4472,0,False,0.14421,0.06275
2025-07-20 13:00:00,5709,2025,2123,422,1983,0,False,0.14421,0.06275
2025-07-20 14:00:00,5162,1993,5132,0,0,1963,True,0.54232,0.46086
2025-07-20 15:00:00,3709,1436,3689,0,0,1416,True,0.54232,0.46086
2025-07-20 16:00:00,3162,1696,3142,0,0,1676,True,0.54232,0.46086
2025-07-20 17:00:00,1231,1854,1207,0,0,1830,True,0.54232,0.46086
2025-07-20 18:00:00,431,1426,414,0,0,1409,True,0.54232,0.46086
2025-07-20 19:00:00,231,1833,0,5067,4771,1306,False,0.14421,0.06275
2025-07-20 20:00:00,9,4898,2,10284,6748,1355,False,0.14421,0.06275
2025-07-20 21:00:00,0,2293,0,22,0,2271,False,0.14421,0.06275
2025-07-20 22:00:00,0,1787,0,26,0,1761,False,0.14421,0.06275
2025-07-20 23:00:00,0,1352,0,22,0,1330,False,0.14421,0.06275
2025-07-21 00:00:00,0,1089,0,26,0,1063,False,0.14421,0.06275
2025-07-21 01:00:00,0,856,0,24,0,832,False,0.14421,0.06275
2025-07-21 02:00:00,0,669,0,27,0,642,False,0.14421,0.06275
2025-07-21 03:00:00,0,551,0,26,0,525,False,0.14421,0.06275
2025-07-21 04:00:00,0,930,0,28,0,902,False,0.14421,0.06275
2025-07-21 05:00:00,32,447,0,29,0,386,False,0.14421,0.06275
2025-07-21 06:00:00,1100,653,0,27,560,86,False,0.14421,0.06275
2025-07-21 07:00:00,2649,800,0,757,2606,0,False,0.14421,0.06275
2025-07-21 08:00:00,4104,1161,0,1145,4088,0,False,0.14421,0.06275
2025-07-21 09:00:00,3715,1654,0,1429,3490,0,False,0.14421,0.06275
2025-07-21 10:00:00,5700,2144,1787,1599,3368,0,False,0.14421,0.06275
2025-07-21 11:00:00,6425,916,5309,0,200,0,False,0.14421,0.06275
2025-07-21 12:00:00,5625,718,4803,0,104,0,False,0.14421,0.06275
2025-07-21 13:00:00,7310,1466,5773,0,71,0,False,0.14421,0.06275
2025-07-21 14:00:00,6551,744,6532,0,8,733,True,0.54232,0.46086
2025-07-21 15:00:00,5299,526,5285,0,0,512,True,0.54232,0.46086
2025-07-21 16:00:00,3803,1502,3784,0,0,1483,True,0.54232,0.46086
2025-07-21 17:00:00,2222,913,2204,0,0,895,True,0.54232,0.46086
2025-07-21 18:00:00,734,1247,713,0,0,1226,True,0.54232,0.46086
2025-07-21 19:00:00,159,1211,4,22,0,1034,False,0.14421,0.06275
2025-07-21 20:00:00,5,1666,0,18,0,1643,False,0.14421,0.06275
2025-07-21 21:00:00,0,1877,0,31,0,1846,False,0.14421,0.06275
2025-07-21 22:00:00,0,1940,0,21,0,1919,False,0.14421,0.06275
2025-07-21 23:00:00,0,1079,0,435,16,660,False,0.14421,0.06275
2025-07-22 00:00:00,0,584,0,610,26,0,False,0.14421,0.06275
2025-07-22 01:00:00,0,948,0,972,24,0,False,0.14421,0.06275
2025-07-22 02:00:00,0,546,0,574,28,0,False,0.14421,0.06275
2025-07-22 03:00:00,0,715,0,739,24,0,False,0.14421,0.06275
2025-07-22 04:00:00,0,771,0,798,27,0,False,0.14421,0.06275
2025-07-22 05:00:00,17,529,0,540,28,0,False,0.14421,0.06275
2025-07-22 06:00:00,1446,468,30,102,1080,30,False,0.14421,0.06275
2025-07-22 07:00:00,3148,576,0,543,3115,0,False,0.14421,0.06275
2025-07-22 08:00:00,4507,899,0,873,4481,0,False,0.14421,0.06275
2025-07-22 09:00:00,5425,1136,0,1126,5415,0,False,0.14421,0.06275
2025-07-22 10:00:00,6272,891,4194,0,1187,0,False,0.14421,0.06275
2025-07-22 11:00:00,6971,717,6139,0,115,0,False,0.14421,0.06275
2025-07-22 12:00:00,7271,801,6392,0,78,0,False,0.14421,0.06275
2025-07-22 13:00:00,7204,647,6489,0,68,0,False,0.14421,0.06275
2025-07-22 14:00:00,6455,584,6465,0,1,595,True,0.54232,0.46086
2025-07-22 15:00:00,4271,831,4256,0,0,816,True,0.54232,0.46086
2025-07-22 16:00:00,3197,581,3182,0,0,566,True,0.54232,0.46086
2025-07-22 17:00:00,2511,935,2497,0,0,921,True,0.54232,0.46086
2025-07-22 18:00:00,870,1292,845,0,0,1267,True,0.54232,0.46086
2025-07-22 19:00:00,207,1487,8,25,0,1263,False,0.14421,0.06275
2025-07-22 20:00:00,2,1072,2,15,0,1057,False,0.14421,0.06275
2025-07-22 21:00:00,0,1561,0,31,0,1530,False,0.14421,0.06275
2025-07-22 22:00:00,0,2313,0,20,0,2293,False,0.14421,0.06275
2025-07-22 23:00:00,0,1239,0,25,0,1214,False,0.14421,0.06275
2025-07-23 00:00:00,0,792,0,411,22,403,False,0.14421,0.06275
2025-07-23 01:00:00,0,444,0,466,22,0,False,0.14421,0.06275
2025-07-23 02:00:00,0,683,0,705,22,0,False,0.14421,0.06275
2025-07-23 03:00:00,0,616,0,639,23,0,False,0.14421,0.06275
2025-07-23 04:00:00,0,504,0,527,23,0,False,0.14421,0.06275
2025-07-23 05:00:00,30,720,0,722,32,0,False,0.14421,0.06275
2025-07-23 06:00:00,1358,457,22,85,990,26,False,0.14421,0.06275
2025-07-23 07:00:00,2961,715,0,686,2932,0,False,0.14421,0.06275
2025-07-23 08:00:00,4425,609,0,590,4406,0,False,0.14421,0.06275
2025-07-23 09:00:00,5270,1302,0,1289,5257,0,False,0.14421,0.06275
2025-07-23 10:00:00,5694,789,3490,290,1705,0,False,0.14421,0.06275
2025-07-23 11:00:00,6291,484,5700,0,107,0,False,0.14421,0.06275
2025-07-23 12:00:00,7303,476,6752,0,75,0,False,0.14421,0.06275
2025-07-23 13:00:00,6103,477,5546,0,80,0,False,0.14421,0.06275
2025-07-23 14:00:00,5387,928,5397,0,0,938,True,0.54232,0.46086
2025-07-23 15:00:00,3477,940,3453,0,0,916,True,0.54232,0.46086
2025-07-23 16:00:00,2530,934,2516,0,0,920,True,0.54232,0.46086
2025-07-23 17:00:00,2393,1279,2368,0,0,1254,True,0.54232,0.46086
2025-07-23 18:00:00,673,1550,657,0,0,1534,True,0.54232,0.46086
2025-07-23 19:00:00,169,1708,0,24,0,1515,False,0.14421,0.06275
2025-07-23 20:00:00,2,4570,7,22,0,4553,False,0.14421,0.06275
2025-07-23 21:00:00,0,2334,0,1673,24,685,False,0.14421,0.06275
2025-07-23 22:00:00,0,2279,0,2297,18,0,False,0.14421,0.06275
2025-07-23 23:00:00,0,1312,0,1336,24,0,False,0.14421,0.06275
2025-07-24 00:00:00,0,655,0,675,21,1,False,0.14421,0.06275
2025-07-24 01:00:00,0,1296,0,1317,21,0,False,0.14421,0.06275
2025-07-24 02:00:00,0,452,0,474,22,0,False,0.14421,0.06275
2025-07-24 03:00:00,0,697,0,719,22,0,False,0.14421,0.06275
2025-07-24 04:00:00,0,701,0,722,21,0,False,0.14421,0.06275
2025-07-24 05:00:00,39,436,0,438,41,0,False,0.14421,0.06275
2025-07-24 06:00:00,1113,711,84,180,616,118,False,0.14421,0.06275
2025-07-24 07:00:00,2677,825,0,792,2657,13,False,0.14421,0.06275
2025-07-24 08:00:00,4160,1154,0,1141,4147,0,False,0.14421,0.06275
2025-07-24 09:00:00,5115,1059,0,1041,5097,0,False,0.14421,0.06275
2025-07-24 10:00:00,5939,670,2512,255,3012,0,False,0.14421,0.06275
2025-07-24 11:00:00,6632,1004,5529,0,99,0,False,0.14421,0.06275
2025-07-24 12:00:00,6602,597,5946,0,59,0,False,0.14421,0.06275
2025-07-24 13:00:00,6587,1134,5356,0,97,0,False,0.14421,0.06275
2025-07-24 14:00:00,5891,1374,5894,0,1,1378,True,0.54232,0.46086
2025-07-24 15:00:00,4679,1445,4660,0,0,1426,True,0.54232,0.46086
2025-07-24 16:00:00,3355,1606,3340,0,0,1591,True,0.54232,0.46086
2025-07-24 17:00:00,2085,1453,2084,0,0,1452,True,0.54232,0.46086
2025-07-24 18:00:00,714,2174,699,0,0,2159,True,0.54232,0.46086
2025-07-24 19:00:00,185,1822,1,22,0,1616,False,0.14421,0.06275
2025-07-24 20:00:00,3,1668,0,25,0,1640,False,0.14421,0.06275
2025-07-24 21:00:00,0,2632,0,1723,30,939,False,0.14421,0.06275
2025-07-24 22:00:00,0,2549,0,2551,2,0,False,0.14421,0.06275
2025-07-24 23:00:00,0,1302,0,1320,18,0,False,0.14421,0.06275
2025-07-25 00:00:00,0,1139,0,1153,14,0,False,0.14421,0.06275
2025-07-25 01:00:00,0,1303,0,1319,16,0,False,0.14421,0.06275
2025-07-25 02:00:00,0,913,0,921,8,0,False,0.14421,0.06275
2025-07-25 03:00:00,0,1141,0,1161,20,0,False,0.14421,0.06275
2025-07-25 04:00:00,0,918,0,935,18,1,False,0.14421,0.06275
2025-07-25 05:00:00,13,874,0,887,26,0,False,0.14421,0.06275
2025-07-25 06:00:00,465,1054,0,888,299,0,False,0.14421,0.06275
2025-07-25 07:00:00,1248,1017,0,995,1226,0,False,0.14421,0.06275
2025-07-25 08:00:00,3673,914,0,908,3667,0,False,0.14421,0.06275
2025-07-25 09:00:00,4970,1625,0,1587,4932,0,False,0.14421,0.06275
2025-07-25 10:00:00,5837,1271,450,1011,5127,0,False,0.14421,0.06275
2025-07-25 11:00:00,5745,694,4859,0,192,0,False,0.14421,0.06275
2025-07-25 12:00:00,4999,828,4074,0,97,0,False,0.14421,0.06275
2025-07-25 13:00:00,5518,948,4497,0,73,0,False,0.14421,0.06275
2025-07-25 14:00:00,2271,1588,2265,0,0,1582,True,0.54232,0.46086
2025-07-25 15:00:00,4882,1044,3083,651,2062,656,True,0.54232,0.46086
2025-07-25 16:00:00,2153,1190,2124,0,0,1161,True,0.54232,0.46086
2025-07-25 17:00:00,1548,2508,1536,0,0,2496,True,0.54232,0.46086
2025-07-25 18:00:00,598,1672,577,0,0,1651,True,0.54232,0.46086
2025-07-25 19:00:00,183,2459,0,28,0,2248,False,0.14421,0.06275
2025-07-25 20:00:00,0,3630,13,13,0,3630,False,0.14421,0.06275
2025-07-25 21:00:00,0,1654,0,970,24,708,False,0.14421,0.06275
2025-07-25 22:00:00,0,2849,0,2855,6,0,False,0.14421,0.06275
2025-07-25 23:00:00,0,1334,0,1339,6,1,False,0.14421,0.06275
2025-07-26 00:00:00,0,1222,0,1236,14,0,False,0.14421,0.06275
2025-07-26 01:00:00,0,1035,0,1048,14,1,False,0.14421,0.06275
2025-07-26 02:00:00,0,1252,0,1270,18,0,False,0.14421,0.06275
2025-07-26 03:00:00,0,547,0,567,20,0,False,0.14421,0.06275
2025-07-26 04:00:00,0,1070,0,1092,22,0,False,0.14421,0.06275
2025-07-26 05:00:00,19,634,0,649,34,0,False,0.14421,0.06275
2025-07-26 06:00:00,712,704,15,502,511,16,False,0.14421,0.06275
2025-07-26 07:00:00,2153,1042,0,1019,2130,0,False,0.14421,0.06275
2025-07-26 08:00:00,3620,1238,0,1215,3597,0,False,0.14421,0.06275
2025-07-26 09:00:00,4964,1135,0,1131,4960,0,False,0.14421,0.06275
2025-07-26 10:00:00,6146,677,1662,315,4122,0,False,0.14421,0.06275
2025-07-26 11:00:00,6647,1204,5206,0,237,0,False,0.14421,0.06275
2025-07-26 12:00:00,6915,1176,5714,0,25,0,False,0.14421,0.06275
2025-07-26 13:00:00,6711,1554,5076,0,81,0,False,0.14421,0.06275
2025-07-26 14:00:00,5699,1914,5700,0,0,1915,True,0.54232,0.46086
2025-07-26 15:00:00,4196,1463,4182,0,0,1449,True,0.54232,0.46086
2025-07-26 16:00:00,2873,606,2854,0,0,587,True,0.54232,0.46086
2025-07-26 17:00:00,2094,820,2072,0,0,798,True,0.54232,0.46086
2025-07-26 18:00:00,651,1559,633,0,0,1541,True,0.54232,0.46086
2025-07-26 19:00:00,186,1800,0,20,0,1594,False,0.14421,0.06275
2025-07-26 20:00:00,0,1567,0,20,0,1547,False,0.14421,0.06275
2025-07-26 21:00:00,0,2813,0,121,4,2696,False,0.14421,0.06275
2025-07-26 22:00:00,0,2001,0,2035,35,1,False,0.14421,0.06275
2025-07-26 23:00:00,0,1647,0,1666,19,0,False,0.14421,0.06275
2025-07-27 00:00:00,0,729,0,746,17,0,False,0.14421,0.06275
2025-07-27 01:00:00,0,1016,0,1034,18,0,False,0.14421,0.06275
2025-07-27 02:00:00,0,797,0,820,23,0,False,0.14421,0.06275
2025-07-27 03:00:00,0,590,0,612,22,0,False,0.14421,0.06275
2025-07-27 04:00:00,0,955,0,977,22,0,False,0.14421,0.06275
2025-07-27 05:00:00,55,634,0,630,51,0,False,0.14421,0.06275
2025-07-27 06:00:00,710,616,0,531,625,0,False,0.14421,0.06275
2025-07-27 07:00:00,740,933,0,922,729,0,False,0.14421,0.06275
2025-07-27 08:00:00,1029,1200,0,1194,1023,0,False,0.14421,0.06275
2025-07-27 09:00:00,1645,1491,0,1484,1638,0,False,0.14421,0.06275
2025-07-27 10:00:00,1789,3609,0,3605,1785,0,False,0.14421,0.06275
2025-07-27 11:00:00,1513,1208,0,1207,1512,0,False,0.14421,0.06275
2025-07-27 12:00:00,1069,1350,0,1353,1073,1,False,0.14421,0.06275
2025-07-27 13:00:00,1432,1558,0,1569,1443,0,False,0.14421,0.06275
2025-07-27 14:00:00,2773,893,2766,0,5,891,True,0.54232,0.46086
2025-07-27 15:00:00,2627,1118,2605,0,0,1096,True,0.54232,0.46086
2025-07-27 16:00:00,1149,1015,1134,0,0,1000,True,0.54232,0.46086
2025-07-27 17:00:00,1734,1411,1707,0,0,1384,True,0.54232,0.46086
2025-07-27 18:00:00,557,2223,546,0,0,2212,True,0.54232,0.46086
2025-07-27 19:00:00,176,972,5,596,30,235,False,0.14421,0.06275
2025-07-27 20:00:00,0,2096,0,2106,11,1,False,0.14421,0.06275
2025-07-27 21:00:00,0,2013,0,2033,20,0,False,0.14421,0.06275
2025-07-27 22:00:00,0,1763,0,1783,20,0,False,0.14421,0.06275
2025-07-27 23:00:00,0,1135,0,1154,19,0,False,0.14421,0.06275
2025-07-28 00:00:00,0,604,0,623,19,0,False,0.14421,0.06275
2025-07-28 01:00:00,0,1029,0,1052,23,0,False,0.14421,0.06275
2025-07-28 02:00:00,0,956,0,982,26,0,False,0.14421,0.06275
2025-07-28 03:00:00,0,1016,0,1042,26,0,False,0.14421,0.06275
2025-07-28 04:00:00,0,972,0,997,25,0,False,0.14421,0.06275
2025-07-28 05:00:00,70,643,0,644,71,0,False,0.14421,0.06275
2025-07-28 06:00:00,556,1061,0,835,330,0,False,0.14421,0.06275
2025-07-28 07:00:00,1104,2503,0,2488,1089,0,False,0.14421,0.06275
2025-07-28 08:00:00,4120,2734,0,2642,4028,0,False,0.14421,0.06275
2025-07-28 09:00:00,5055,3478,0,3463,5040,0,False,0.14421,0.06275
2025-07-28 10:00:00,5857,3518,529,2814,4624,0,False,0.14421,0.06275
2025-07-28 11:00:00,6577,886,5422,0,269,0,False,0.14421,0.06275
2025-07-28 12:00:00,6756,3286,3408,0,62,0,False,0.14421,0.06275
2025-07-28 13:00:00,5910,1308,4546,0,56,0,False,0.14421,0.06275
2025-07-28 14:00:00,6040,1035,6043,0,0,1038,True,0.54232,0.46086
2025-07-28 15:00:00,4466,1698,4450,0,0,1682,True,0.54232,0.46086
2025-07-28 16:00:00,3259,1297,3231,0,0,1269,True,0.54232,0.46086
2025-07-28 17:00:00,1967,2414,1964,0,0,2411,True,0.54232,0.46086
2025-07-28 18:00:00,665,1960,641,0,0,1936,True,0.54232,0.46086
2025-07-28 19:00:00,191,1474,0,24,0,1259,False,0.14421,0.06275
2025-07-28 20:00:00,1,1602,0,30,0,1571,False,0.14421,0.06275
2025-07-28 21:00:00,0,2531,0,1623,32,940,False,0.14421,0.06275
2025-07-28 22:00:00,0,2118,0,2132,14,0,False,0.14421,0.06275
2025-07-28 23:00:00,0,1525,0,1539,14,0,False,0.14421,0.06275
2025-07-29 00:00:00,0,1608,0,1628,20,0,False,0.14421,0.06275
2025-07-29 01:00:00,0,870,0,890,20,0,False,0.14421,0.06275
2025-07-29 02:00:00,0,1063,0,1083,20,0,False,0.14421,0.06275
2025-07-29 03:00:00,0,1303,0,1322,19,0,False,0.14421,0.06275
2025-07-29 04:00:00,0,752,0,771,19,0,False,0.14421,0.06275
2025-07-29 05:00:00,10,884,0,897,24,1,False,0.14421,0.06275
2025-07-29 06:00:00,874,1324,50,1097,658,61,False,0.14421,0.06275
2025-07-29 07:00:00,2435,1032,0,1018,2421,0,False,0.14421,0.06275
2025-07-29 08:00:00,3894,915,0,887,3866,0,False,0.14421,0.06275
2025-07-29 09:00:00,4886,967,0,956,4875,0,False,0.14421,0.06275
2025-07-29 10:00:00,5743,1130,1421,366,3558,0,False,0.14421,0.06275
2025-07-29 11:00:00,6448,1199,5140,0,109,0,False,0.14421,0.06275
2025-07-29 12:00:00,6753,819,5892,0,42,0,False,0.14421,0.06275
2025-07-29 13:00:00,6626,1931,4646,0,49,0,False,0.14421,0.06275
2025-07-29 14:00:00,5830,1723,5832,0,0,1725,True,0.54232,0.46086
2025-07-29 15:00:00,4593,1742,4573,0,0,1722,True,0.54232,0.46086
2025-07-29 16:00:00,3182,1817,3154,0,0,1789,True,0.54232,0.46086
2025-07-29 17:00:00,1750,3602,1742,0,0,3594,True,0.54232,0.46086
2025-07-29 18:00:00,574,2095,558,0,0,2079,True,0.54232,0.46086
2025-07-29 19:00:00,177,2248,0,594,24,1501,False,0.14421,0.06275
2025-07-29 20:00:00,0,1630,0,1641,12,1,False,0.14421,0.06275
2025-07-29 21:00:00,0,2435,0,2447,12,0,False,0.14421,0.06275
2025-07-29 22:00:00,0,2423,0,2431,8,0,False,0.14421,0.06275
2025-07-29 23:00:00,0,1597,0,1611,15,1,False,0.14421,0.06275
2025-07-30 00:00:00,0,1278,0,1291,13,0,False,0.14421,0.06275
2025-07-30 01:00:00,0,1278,0,1294,16,0,False,0.14421,0.06275
2025-07-30 02:00:00,0,1386,0,1402,16,0,False,0.14421,0.06275
2025-07-30 03:00:00,0,1147,0,1165,18,0,False,0.14421,0.06275
2025-07-30 04:00:00,0,1104,0,1122,18,0,False,0.14421,0.06275
2025-07-30 05:00:00,14,1127,0,1138,25,0,False,0.14421,0.06275
2025-07-30 06:00:00,928,956,0,442,414,0,False,0.14421,0.06275
2025-07-30 07:00:00,2463,1591,0,1560,2432,0,False,0.14421,0.06275
2025-07-30 08:00:00,3900,626,0,611,3885,0,False,0.14421,0.06275
2025-07-30 09:00:00,4841,1085,0,1065,4821,0,False,0.14421,0.06275
2025-07-30 10:00:00,5742,1188,1357,634,3831,0,False,0.14421,0.06275
2025-07-30 11:00:00,6382,1200,5008,0,174,0,False,0.14421,0.06275
2025-07-30 12:00:00,6618,716,5857,0,45,0,False,0.14421,0.06275
2025-07-30 13:00:00,6541,2021,4467,0,53,0,False,0.14421,0.06275
2025-07-30 14:00:00,5890,1473,5892,0,1,1476,True,0.54232,0.46086
2025-07-30 15:00:00,4553,1610,4535,0,0,1592,True,0.54232,0.46086
2025-07-30 16:00:00,3028,1713,3001,0,0,1686,True,0.54232,0.46086
2025-07-30 17:00:00,1972,2804,1964,0,0,2796,True,0.54232,0.46086
2025-07-30 18:00:00,753,1785,729,0,0,1761,True,0.54232,0.46086
2025-07-30 19:00:00,234,4080,10,728,14,3142,False,0.14421,0.06275
2025-07-30 20:00:00,0,1890,0,1920,30,0,False,0.14421,0.06275
2025-07-30 21:00:00,0,1883,0,1897,14,0,False,0.14421,0.06275
2025-07-30 22:00:00,0,2523,0,2534,12,1,False,0.14421,0.06275
2025-07-30 23:00:00,0,1698,0,1716,18,0,False,0.14421,0.06275
2025-07-31 00:00:00,0,1422,0,1441,19,0,False,0.14421,0.06275
2025-07-31 01:00:00,0,1378,0,1398,20,0,False,0.14421,0.06275
2025-07-31 02:00:00,0,928,0,943,15,0,False,0.14421,0.06275
2025-07-31 03:00:00,0,1297,0,1313,16,0,False,0.14421,0.06275
2025-07-31 04:00:00,0,1057,0,1072,16,1,False,0.14421,0.06275
2025-07-31 05:00:00,0,1132,0,1148,16,0,False,0.14421,0.06275
2025-07-31 06:00:00,306,1484,0,1463,285,0,False,0.14421,0.06275
2025-07-31 07:00:00,1433,1671,0,1667,1429,0,False,0.14421,0.06275
2025-07-31 08:00:00,954,914,0,918,958,0,False,0.14421,0.06275
2025-07-31 09:00:00,1972,922,0,911,1961,0,False,0.14421,0.06275
2025-07-31 10:00:00,862,598,0,590,854,0,False,0.14421,0.06275
2025-07-31 11:00:00,1889,578,0,582,1893,0,False,0.14421,0.06275
2025-07-31 12:00:00,1272,622,0,625,1275,0,False,0.14421,0.06275
2025-07-31 13:00:00,997,660,0,671,1008,0,False,0.14421,0.06275
2025-07-31 14:00:00,764,594,765,0,2,597,True,0.54232,0.46086
2025-07-31 15:00:00,613,585,592,0,0,564,True,0.54232,0.46086
2025-07-31 16:00:00,226,611,201,0,0,586,True,0.54232,0.46086
2025-07-31 17:00:00,120,1774,95,0,0,1749,True,0.54232,0.46086
2025-07-31 18:00:00,40,1319,21,1,0,1299,True,0.54232,0.46086
2025-07-31 19:00:00,0,1655,0,18,0,1637,False,0.14421,0.06275
2025-07-31 20:00:00,0,1517,3,1208,22,334,False,0.14421,0.06275
2025-07-31 21:00:00,0,2505,0,2517,12,0,False,0.14421,0.06275
2025-07-31 22:00:00,0,2225,0,2244,19,0,False,0.14421,0.06275
2025-07-31 23:00:00,0,1080,0,1105,25,0,False,0.14421,0.06275
2025-08-01 00:00:00,0,495,0,521,26,0,False,0.14421,0.06275
2025-08-01 01:00:00,0,737,0,760,23,0,False,0.14421,0.06275
2025-08-01 02:00:00,0,755,0,783,28,0,False,0.14421,0.06275
2025-08-01 03:00:00,0,476,0,502,26,0,False,0.14421,0.06275
2025-08-01 04:00:00,0,481,0,506,25,0,False,0.14421,0.06275
2025-08-01 05:00:00,0,448,0,474,26,0,False,0.14421,0.06275
2025-08-01 06:00:00,165,756,0,745,154,0,False,0.14421,0.06275
2025-08-01 07:00:00,466,568,0,561,459,0,False,0.14421,0.06275
2025-08-01 08:00:00,1431,463,0,425,1393,0,False,0.14421,0.06275
2025-08-01 09:00:00,3757,713,63,289,3270,0,False,0.14421,0.06275
2025-08-01 10:00:00,4301,1097,0,678,3882,0,False,0.14421,0.06275
2025-08-01 11:00:00,5351,843,18,304,4794,0,False,0.14421,0.06275
2025-08-01 12:00:00,6440,551,4446,0,1443,0,False,0.14421,0.06275
2025-08-01 13:00:00,7144,816,6078,0,250,0,False,0.14421,0.06275
2025-08-01 14:00:00,5533,661,5540,0,0,668,True,0.54232,0.46086
2025-08-01 15:00:00,4879,639,4865,0,0,625,True,0.54232,0.46086
2025-08-01 16:00:00,3495,853,3474,0,0,832,True,0.54232,0.46086
2025-08-01 17:00:00,2092,477,2078,0,0,463,True,0.54232,0.46086
2025-08-01 18:00:00,581,1090,557,0,0,1066,True,0.54232,0.46086
2025-08-01 19:00:00,142,1378,1,25,0,1212,False,0.14421,0.06275
2025-08-01 20:00:00,0,3678,0,25,0,3653,False,0.14421,0.06275
2025-08-01 21:00:00,0,2267,1,19,0,2249,False,0.14421,0.06275
2025-08-01 22:00:00,0,1433,0,118,5,1320,False,0.14421,0.06275
2025-08-01 23:00:00,0,961,0,993,32,0,False,0.14421,0.06275
2025-08-02 00:00:00,0,473,0,499,26,0,False,0.14421,0.06275
2025-08-02 01:00:00,0,458,0,480,22,0,False,0.14421,0.06275
2025-08-02 02:00:00,0,457,0,481,24,0,False,0.14421,0.06275
2025-08-02 03:00:00,0,727,0,751,24,0,False,0.14421,0.06275
2025-08-02 04:00:00,0,461,0,486,25,0,False,0.14421,0.06275
2025-08-02 05:00:00,9,470,0,488,27,0,False,0.14421,0.06275
2025-08-02 06:00:00,1045,435,135,123,743,145,False,0.14421,0.06275
2025-08-02 07:00:00,2695,823,0,795,2667,0,False,0.14421,0.06275
2025-08-02 08:00:00,4077,835,0,820,4062,0,False,0.14421,0.06275
2025-08-02 09:00:00,5217,1039,0,1028,5206,0,False,0.14421,0.06275
2025-08-02 10:00:00,6133,572,2980,155,2736,0,False,0.14421,0.06275
2025-08-02 11:00:00,6794,520,6161,0,113,0,False,0.14421,0.06275
2025-08-02 12:00:00,6426,470,5856,0,100,0,False,0.14421,0.06275
2025-08-02 13:00:00,4816,456,4298,0,62,0,False,0.14421,0.06275
2025-08-02 14:00:00,5783,1167,5777,0,0,1161,True,0.54232,0.46086
2025-08-02 15:00:00,4384,1089,4370,0,0,1075,True,0.54232,0.46086
2025-08-02 16:00:00,3271,1138,3245,0,0,1112,True,0.54232,0.46086
2025-08-02 17:00:00,2021,1397,2001,0,0,1377,True,0.54232,0.46086
2025-08-02 18:00:00,541,958,522,0,0,939,True,0.54232,0.46086
2025-08-02 19:00:00,130,928,2,22,0,778,False,0.14421,0.06275
2025-08-02 20:00:00,0,1644,4,21,0,1627,False,0.14421,0.06275
2025-08-02 21:00:00,0,1849,0,32,0,1817,False,0.14421,0.06275
2025-08-02 22:00:00,0,1230,0,23,0,1207,False,0.14421,0.06275
2025-08-02 23:00:00,0,877,0,45,2,834,False,0.14421,0.06275
2025-08-03 00:00:00,0,606,0,633,27,0,False,0.14421,0.06275
2025-08-03 01:00:00,0,616,0,640,24,0,False,0.14421,0.06275
2025-08-03 02:00:00,0,571,0,595,24,0,False,0.14421,0.06275
2025-08-03 03:00:00,0,856,0,880,24,0,False,0.14421,0.06275
2025-08-03 04:00:00,0,620,0,644,24,0,False,0.14421,0.06275
2025-08-03 05:00:00,7,589,0,608,26,0,False,0.14421,0.06275
2025-08-03 06:00:00,696,583,0,212,325,0,False,0.14421,0.06275
2025-08-03 07:00:00,2180,672,0,639,2147,0,False,0.14421,0.06275
2025-08-03 08:00:00,3740,1259,0,1235,3716,0,False,0.14421,0.06275
2025-08-03 09:00:00,4783,1213,0,1201,4771,0,False,0.14421,0.06275
2025-08-03 10:00:00,5701,662,1394,371,4016,0,False,0.14421,0.06275
2025-08-03 11:00:00,6441,734,5383,0,324,0,False,0.14421,0.06275
2025-08-03 12:00:00,6617,1734,4736,0,147,0,False,0.14421,0.06275
2025-08-03 13:00:00,6402,7285,0,937,54,0,False,0.14421,0.06275
2025-08-03 14:00:00,5692,1298,5688,0,0,1294,True,0.54232,0.46086
2025-08-03 15:00:00,4436,1316,4420,0,0,1300,True,0.54232,0.46086
2025-08-03 16:00:00,3165,743,3149,0,0,727,True,0.54232,0.46086
2025-08-03 17:00:00,1929,1007,1901,0,0,979,True,0.54232,0.46086
2025-08-03 18:00:00,744,1667,738,0,1,1662,True,0.54232,0.46086
2025-08-03 19:00:00,191,1802,2,19,0,1594,False,0.14421,0.06275
2025-08-03 20:00:00,0,4295,14,16,0,4293,False,0.14421,0.06275
2025-08-03 21:00:00,0,2778,0,2380,30,428,False,0.14421,0.06275
2025-08-03 22:00:00,0,2068,0,2102,34,0,False,0.14421,0.06275
2025-08-03 23:00:00,0,1387,0,1409,22,0,False,0.14421,0.06275
2025-08-04 00:00:00,0,1112,0,1134,22,0,False,0.14421,0.06275
2025-08-04 01:00:00,0,672,0,692,20,0,False,0.14421,0.06275
2025-08-04 02:00:00,0,795,0,816,21,0,False,0.14421,0.06275
2025-08-04 03:00:00,0,719,0,743,24,0,False,0.14421,0.06275
2025-08-04 04:00:00,0,885,0,908,23,0,False,0.14421,0.06275
2025-08-04 05:00:00,0,596,0,616,20,0,False,0.14421,0.06275
2025-08-04 06:00:00,468,802,0,615,281,0,False,0.14421,0.06275
2025-08-04 07:00:00,1539,628,0,591,1502,0,False,0.14421,0.06275
2025-08-04 08:00:00,2777,638,0,615,2754,0,False,0.14421,0.06275
2025-08-04 09:00:00,3636,1051,0,1032,3617,0,False,0.14421,0.06275
2025-08-04 10:00:00,4448,1225,0,1211,4434,0,False,0.14421,0.06275
2025-08-04 11:00:00,5300,4974,73,2627,2880,0,False,0.14421,0.06275
2025-08-04 12:00:00,5719,6337,0,753,135,0,False,0.14421,0.06275
2025-08-04 13:00:00,5788,6293,0,566,61,0,False,0.14421,0.06275
2025-08-04 14:00:00,5013,700,5016,0,0,703,True,0.54232,0.46086
2025-08-04 15:00:00,3922,804,3907,0,0,789,True,0.54232,0.46086
2025-08-04 16:00:00,2778,631,2758,0,0,611,True,0.54232,0.46086
2025-08-04 17:00:00,1742,1929,1721,0,0,1908,True,0.54232,0.46086
2025-08-04 18:00:00,784,1522,765,0,0,1503,True,0.54232,0.46086
2025-08-04 19:00:00,165,1398,3,21,0,1215,False,0.14421,0.06275
2025-08-04 20:00:00,0,2162,1,15,0,2148,False,0.14421,0.06275
2025-08-04 21:00:00,0,2236,0,28,0,2208,False,0.14421,0.06275
2025-08-04 22:00:00,0,2056,0,1068,31,1019,False,0.14421,0.06275
2025-08-04 23:00:00,0,1432,0,1459,27,0,False,0.14421,0.06275
2025-08-05 00:00:00,0,724,0,748,24,0,False,0.14421,0.06275
2025-08-05 01:00:00,0,957,0,981,24,0,False,0.14421,0.06275
2025-08-05 02:00:00,0,632,0,656,24,0,False,0.14421,0.06275
2025-08-05 03:00:00,0,858,0,882,24,0,False,0.14421,0.06275
2025-08-05 04:00:00,0,702,0,727,25,0,False,0.14421,0.06275
2025-08-05 05:00:00,10,450,0,467,27,0,False,0.14421,0.06275
2025-08-05 06:00:00,423,828,0,641,236,0,False,0.14421,0.06275
2025-08-05 07:00:00,1337,972,0,956,1321,0,False,0.14421,0.06275
2025-08-05 08:00:00,2862,549,0,539,2852,0,False,0.14421,0.06275
2025-08-05 09:00:00,3870,481,0,482,3871,0,False,0.14421,0.06275
2025-08-05 10:00:00,4117,452,0,442,4107,0,False,0.14421,0.06275
2025-08-05 11:00:00,4043,448,882,251,2964,0,False,0.14421,0.06275
2025-08-05 12:00:00,3966,462,3296,0,208,0,False,0.14421,0.06275
2025-08-05 13:00:00,4344,710,3536,0,98,0,False,0.14421,0.06275
2025-08-05 14:00:00,4186,441,4194,0,1,450,True,0.54232,0.46086
2025-08-05 15:00:00,3468,558,3458,0,0,548,True,0.54232,0.46086
2025-08-05 16:00:00,2839,483,2819,0,0,463,True,0.54232,0.46086
2025-08-05 17:00:00,1903,890,1885,0,0,872,True,0.54232,0.46086
2025-08-05 18:00:00,790,1381,764,0,0,1355,True,0.54232,0.46086
2025-08-05 19:00:00,218,1663,5,22,0,1428,False,0.14421,0.06275
2025-08-05 20:00:00,0,2210,3,20,0,2193,False,0.14421,0.06275
2025-08-05 21:00:00,0,2038,0,22,0,2016,False,0.14421,0.06275
2025-08-05 22:00:00,0,1696,0,31,0,1665,False,0.14421,0.06275
2025-08-05 23:00:00,0,1301,0,311,17,1007,False,0.14421,0.06275
2025-08-06 00:00:00,0,827,0,856,29,0,False,0.14421,0.06275
2025-08-06 01:00:00,0,619,0,642,23,0,False,0.14421,0.06275
2025-08-06 02:00:00,0,771,0,796,25,0,False,0.14421,0.06275
2025-08-06 03:00:00,0,561,0,585,24,0,False,0.14421,0.06275
2025-08-06 04:00:00,0,688,0,712,24,0,False,0.14421,0.06275
2025-08-06 05:00:00,0,602,0,624,22,0,False,0.14421,0.06275
2025-08-06 06:00:00,462,906,0,626,182,0,False,0.14421,0.06275
2025-08-06 07:00:00,1505,620,0,604,1489,0,False,0.14421,0.06275
2025-08-06 08:00:00,1961,1022,0,1015,1954,0,False,0.14421,0.06275
2025-08-06 09:00:00,3268,892,0,890,3266,0,False,0.14421,0.06275
2025-08-06 10:00:00,4539,843,0,836,4532,0,False,0.14421,0.06275
2025-08-06 11:00:00,4670,949,588,702,3835,0,False,0.14421,0.06275
2025-08-06 12:00:00,4953,757,3938,0,258,0,False,0.14421,0.06275
2025-08-06 13:00:00,4932,653,4177,0,102,0,False,0.14421,0.06275
2025-08-06 14:00:00,4065,711,4068,0,2,716,True,0.54232,0.46086
2025-08-06 15:00:00,3078,739,3051,0,0,712,True,0.54232,0.46086
2025-08-06 16:00:00,1954,836,1932,0,0,814,True,0.54232,0.46086
2025-08-06 17:00:00,1155,1546,1129,0,0,1520,True,0.54232,0.46086
2025-08-06 18:00:00,682,1822,664,0,0,1804,True,0.54232,0.46086
2025-08-06 19:00:00,100,1387,1,20,0,1268,False,0.14421,0.06275
2025-08-06 20:00:00,0,4614,0,19,0,4595,False,0.14421,0.06275
2025-08-06 21:00:00,0,1888,0,1100,32,820,False,0.14421,0.06275
2025-08-06 22:00:00,0,1895,0,1923,28,0,False,0.14421,0.06275
2025-08-06 23:00:00,0,1508,0,1533,25,0,False,0.14421,0.06275
2025-08-07 00:00:00,0,696,0,719,23,0,False,0.14421,0.06275
2025-08-07 01:00:00,0,640,0,665,25,0,False,0.14421,0.06275
2025-08-07 02:00:00,0,615,0,643,28,0,False,0.14421,0.06275
2025-08-07 03:00:00,0,612,0,640,28,0,False,0.14421,0.06275
2025-08-07 04:00:00,0,766,0,796,30,0,False,0.14421,0.06275
2025-08-07 05:00:00,0,498,0,523,25,0,False,0.14421,0.06275
2025-08-07 06:00:00,349,478,0,396,267,0,False,0.14421,0.06275
2025-08-07 07:00:00,1094,948,0,932,1078,0,False,0.14421,0.06275
2025-08-07 08:00:00,1997,621,0,593,1969,0,False,0.14421,0.06275
2025-08-07 09:00:00,3559,455,0,451,3555,0,False,0.14421,0.06275
2025-08-07 10:00:00,5377,452,0,440,5365,0,False,0.14421,0.06275
2025-08-07 11:00:00,5908,480,2331,119,3216,0,False,0.14421,0.06275
2025-08-07 12:00:00,6244,465,5655,0,124,0,False,0.14421,0.06275
2025-08-07 13:00:00,6793,450,6253,0,90,0,False,0.14421,0.06275
2025-08-07 14:00:00,6049,471,6057,0,0,479,True,0.54232,0.46086
2025-08-07 15:00:00,4566,490,4548,0,0,472,True,0.54232,0.46086
2025-08-07 16:00:00,3160,539,3134,0,0,513,True,0.54232,0.46086
2025-08-07 17:00:00,1821,1376,1808,0,0,1363,True,0.54232,0.46086
2025-08-07 18:00:00,527,1515,504,0,0,1492,True,0.54232,0.46086
2025-08-07 19:00:00,115,1203,1,21,0,1068,False,0.14421,0.06275
2025-08-07 20:00:00,0,1943,0,21,0,1922,False,0.14421,0.06275
2025-08-07 21:00:00,0,2436,0,22,0,2414,False,0.14421,0.06275
2025-08-07 22:00:00,0,1634,0,65,2,1571,False,0.14421,0.06275
2025-08-07 23:00:00,0,1230,0,1264,34,0,False,0.14421,0.06275
2025-08-08 00:00:00,0,898,0,922,24,0,False,0.14421,0.06275
2025-08-08 01:00:00,0,872,0,894,22,0,False,0.14421,0.06275
2025-08-08 02:00:00,0,729,0,753,24,0,False,0.14421,0.06275
2025-08-08 03:00:00,0,653,0,679,26,0,False,0.14421,0.06275
2025-08-08 04:00:00,0,593,0,617,24,0,False,0.14421,0.06275
2025-08-08 05:00:00,4,585,0,602,21,0,False,0.14421,0.06275
2025-08-08 06:00:00,746,605,22,315,459,25,False,0.14421,0.06275
2025-08-08 07:00:00,2441,784,0,763,2422,2,False,0.14421,0.06275
2025-08-08 08:00:00,3959,723,0,712,3948,0,False,0.14421,0.06275
2025-08-08 09:00:00,4891,1107,0,1096,4880,0,False,0.14421,0.06275
2025-08-08 10:00:00,6004,2405,929,240,2910,0,False,0.14421,0.06275
2025-08-08 11:00:00,6508,6078,246,3,187,0,False,0.14421,0.06275
2025-08-08 12:00:00,6702,6954,0,343,91,0,False,0.14421,0.06275
2025-08-08 13:00:00,6768,6390,343,0,35,0,False,0.14421,0.06275
2025-08-08 14:00:00,5850,744,5818,0,0,712,True,0.54232,0.46086
2025-08-08 15:00:00,4538,772,4522,0,0,756,True,0.54232,0.46086
2025-08-08 16:00:00,3145,1130,3119,0,0,1104,True,0.54232,0.46086
2025-08-08 17:00:00,1772,2195,1757,0,0,2180,True,0.54232,0.46086
2025-08-08 18:00:00,484,1718,462,0,0,1696,True,0.54232,0.46086
2025-08-08 19:00:00,103,1819,1,22,0,1695,False,0.14421,0.06275
2025-08-08 20:00:00,0,1748,0,24,0,1724,False,0.14421,0.06275
2025-08-08 21:00:00,0,2294,2,113,5,2188,False,0.14421,0.06275
2025-08-08 22:00:00,0,1511,0,1543,33,1,False,0.14421,0.06275
2025-08-08 23:00:00,0,1114,0,1134,20,0,False,0.14421,0.06275
2025-08-09 00:00:00,0,1239,0,1261,22,0,False,0.14421,0.06275
2025-08-09 01:00:00,0,677,0,697,20,0,False,0.14421,0.06275
2025-08-09 02:00:00,0,784,0,805,21,0,False,0.14421,0.06275
2025-08-09 03:00:00,0,591,0,612,21,0,False,0.14421,0.06275
2025-08-09 04:00:00,0,610,0,634,24,0,False,0.14421,0.06275
2025-08-09 05:00:00,1,582,0,603,22,0,False,0.14421,0.06275
2025-08-09 06:00:00,706,729,0,342,319,0,False,0.14421,0.06275
2025-08-09 07:00:00,2303,645,0,609,2267,0,False,0.14421,0.06275
2025-08-09 08:00:00,3764,1286,0,1273,3751,0,False,0.14421,0.06275
2025-08-09 09:00:00,4758,2428,0,2419,4749,0,False,0.14421,0.06275
2025-08-09 10:00:00,5676,1611,1225,1170,4010,0,False,0.14421,0.06275
2025-08-09 11:00:00,6334,2556,3549,0,229,0,False,0.14421,0.06275
2025-08-09 12:00:00,6512,2377,4065,0,70,0,False,0.14421,0.06275
2025-08-09 13:00:00,6503,1976,4471,0,56,0,False,0.14421,0.06275
2025-08-09 14:00:00,5780,1963,5766,0,0,1949,True,0.54232,0.46086
2025-08-09 15:00:00,4361,1831,4357,0,0,1827,True,0.54232,0.46086
2025-08-09 16:00:00,3002,939,2988,0,0,925,True,0.54232,0.46086
2025-08-09 17:00:00,1702,893,1676,0,0,867,True,0.54232,0.46086
2025-08-09 18:00:00,545,1412,525,0,0,1392,True,0.54232,0.46086
2025-08-09 19:00:00,118,1819,0,21,0,1680,False,0.14421,0.06275
2025-08-09 20:00:00,0,1525,0,18,0,1507,False,0.14421,0.06275
2025-08-09 21:00:00,0,2967,0,986,21,2002,False,0.14421,0.06275
2025-08-09 22:00:00,0,1961,0,1983,22,0,False,0.14421,0.06275
2025-08-09 23:00:00,0,1206,0,1231,25,0,False,0.14421,0.06275
2025-08-10 00:00:00,0,1148,0,1170,22,0,False,0.14421,0.06275
2025-08-10 01:00:00,0,765,0,787,22,0,False,0.14421,0.06275
2025-08-10 02:00:00,0,699,0,721,22,0,False,0.14421,0.06275
2025-08-10 03:00:00,0,528,0,552,24,0,False,0.14421,0.06275
2025-08-10 04:00:00,0,756,0,780,24,0,False,0.14421,0.06275
2025-08-10 05:00:00,0,635,0,659,24,0,False,0.14421,0.06275
2025-08-10 06:00:00,604,571,0,423,456,0,False,0.14421,0.06275
2025-08-10 07:00:00,2050,753,0,731,2028,0,False,0.14421,0.06275
2025-08-10 08:00:00,3501,979,0,955,3477,0,False,0.14421,0.06275
2025-08-10 09:00:00,4517,837,0,824,4504,0,False,0.14421,0.06275
2025-08-10 10:00:00,5286,3014,153,2651,4770,0,False,0.14421,0.06275
2025-08-10 11:00:00,5721,654,4906,0,161,0,False,0.14421,0.06275
2025-08-10 12:00:00,6212,662,5459,0,91,0,False,0.14421,0.06275
2025-08-10 13:00:00,6143,2085,3960,0,98,0,False,0.14421,0.06275
2025-08-10 14:00:00,5173,1872,5171,0,2,1872,True,0.54232,0.46086
2025-08-10 15:00:00,3668,2212,3649,0,0,2193,True,0.54232,0.46086
2025-08-10 16:00:00,3169,1229,3155,0,0,1215,True,0.54232,0.46086
2025-08-10 17:00:00,1632,1220,1602,0,0,1190,True,0.54232,0.46086
2025-08-10 18:00:00,535,1997,514,0,0,1976,True,0.54232,0.46086
2025-08-10 19:00:00,120,2197,2,14,0,2065,False,0.14421,0.06275
2025-08-10 20:00:00,0,2101,0,313,9,1797,False,0.14421,0.06275
2025-08-10 21:00:00,0,2172,0,2200,29,1,False,0.14421,0.06275
2025-08-10 22:00:00,0,2020,0,2032,12,0,False,0.14421,0.06275
2025-08-10 23:00:00,0,1472,0,1489,17,0,False,0.14421,0.06275
2025-08-11 00:00:00,0,1300,0,1313,13,0,False,0.14421,0.06275
2025-08-11 01:00:00,0,925,0,941,16,0,False,0.14421,0.06275
2025-08-11 02:00:00,0,951,0,969,18,0,False,0.14421,0.06275
2025-08-11 03:00:00,0,769,0,789,20,0,False,0.14421,0.06275
2025-08-11 04:00:00,0,1084,0,1106,22,0,False,0.14421,0.06275
2025-08-11 05:00:00,0,614,0,632,18,0,False,0.14421,0.06275
2025-08-11 06:00:00,571,771,0,507,307,0,False,0.14421,0.06275
2025-08-11 07:00:00,2049,956,0,919,2012,0,False,0.14421,0.06275
2025-08-11 08:00:00,3546,649,0,625,3522,0,False,0.14421,0.06275
2025-08-11 09:00:00,4490,1309,0,1298,4479,0,False,0.14421,0.06275
2025-08-11 10:00:00,5393,901,194,682,4980,0,False,0.14421,0.06275
2025-08-11 11:00:00,6180,1340,4660,0,180,0,False,0.14421,0.06275
2025-08-11 12:00:00,6071,3660,2359,70,122,0,False,0.14421,0.06275
2025-08-11 13:00:00,4395,672,3663,0,60,0,False,0.14421,0.06275
2025-08-11 14:00:00,4622,1825,4612,0,2,1817,True,0.54232,0.46086
2025-08-11 15:00:00,3640,1048,3626,0,0,1034,True,0.54232,0.46086
2025-08-11 16:00:00,2424,1708,2399,0,0,1683,True,0.54232,0.46086
2025-08-11 17:00:00,1962,3389,1955,0,0,3382,True,0.54232,0.46086
2025-08-11 18:00:00,496,1746,477,0,0,1727,True,0.54232,0.46086
2025-08-11 19:00:00,100,1825,0,8,0,1717,False,0.14421,0.06275
2025-08-11 20:00:00,0,1682,0,742,29,969,False,0.14421,0.06275
2025-08-11 21:00:00,0,2302,0,2308,6,0,False,0.14421,0.06275
2025-08-11 22:00:00,0,1893,0,1908,15,0,False,0.14421,0.06275
2025-08-11 23:00:00,0,1282,0,1304,22,0,False,0.14421,0.06275
2025-08-12 00:00:00,0,1379,0,1396,17,0,False,0.14421,0.06275
2025-08-12 01:00:00,0,1201,0,1218,17,0,False,0.14421,0.06275
2025-08-12 02:00:00,0,1191,0,1204,13,0,False,0.14421,0.06275
2025-08-12 03:00:00,0,597,0,616,20,1,False,0.14421,0.06275
2025-08-12 04:00:00,0,1233,0,1251,18,0,False,0.14421,0.06275
2025-08-12 05:00:00,0,585,0,604,19,0,False,0.14421,0.06275
2025-08-12 06:00:00,542,943,0,777,376,0,False,0.14421,0.06275
2025-08-12 07:00:00,2073,1232,0,1200,2041,0,False,0.14421,0.06275
2025-08-12 08:00:00,3520,770,0,745,3495,0,False,0.14421,0.06275
2025-08-12 09:00:00,4549,1100,0,1087,4536,0,False,0.14421,0.06275
2025-08-12 10:00:00,5489,857,386,621,4867,0,False,0.14421,0.06275
2025-08-12 11:00:00,6135,1660,4295,0,180,0,False,0.14421,0.06275
2025-08-12 12:00:00,6309,1289,4891,0,129,0,False,0.14421,0.06275
2025-08-12 13:00:00,6380,1417,4908,0,55,0,False,0.14421,0.06275
2025-08-12 14:00:00,5462,1065,5463,0,0,1066,True,0.54232,0.46086
2025-08-12 15:00:00,4197,1862,4179,0,0,1844,True,0.54232,0.46086
2025-08-12 16:00:00,2851,1083,2828,0,0,1060,True,0.54232,0.46086
2025-08-12 17:00:00,1565,2865,1549,0,0,2849,True,0.54232,0.46086
2025-08-12 18:00:00,481,1526,464,0,0,1509,True,0.54232,0.46086
2025-08-12 19:00:00,91,1589,0,21,0,1477,False,0.14421,0.06275
2025-08-12 20:00:00,0,4670,0,2179,24,2515,False,0.14421,0.06275
2025-08-12 21:00:00,0,3240,0,3256,16,0,False,0.14421,0.06275
2025-08-12 22:00:00,0,1829,0,1845,16,0,False,0.14421,0.06275
2025-08-12 23:00:00,0,1586,0,1604,18,0,False,0.14421,0.06275
2025-08-13 00:00:00,0,1337,0,1357,20,0,False,0.14421,0.06275
2025-08-13 01:00:00,0,1048,0,1068,20,0,False,0.14421,0.06275
2025-08-13 02:00:00,0,933,0,953,20,0,False,0.14421,0.06275
2025-08-13 03:00:00,0,859,0,880,22,1,False,0.14421,0.06275
2025-08-13 04:00:00,0,879,0,901,22,0,False,0.14421,0.06275
2025-08-13 05:00:00,0,705,0,727,22,0,False,0.14421,0.06275
2025-08-13 06:00:00,553,754,0,591,390,0,False,0.14421,0.06275
2025-08-13 07:00:00,2141,1441,0,1417,2117,0,False,0.14421,0.06275
2025-08-13 08:00:00,3591,490,0,474,3575,0,False,0.14421,0.06275
2025-08-13 09:00:00,4561,875,0,856,4542,0,False,0.14421,0.06275
2025-08-13 10:00:00,5598,1325,649,1098,4722,0,False,0.14421,0.06275
2025-08-13 11:00:00,6300,6728,0,568,140,0,False,0.14421,0.06275
2025-08-13 12:00:00,6504,5291,1381,265,97,0,False,0.14421,0.06275
2025-08-13 13:00:00,6389,1290,5046,0,53,0,False,0.14421,0.06275
2025-08-13 14:00:00,5332,1549,5296,0,2,1515,True,0.54232,0.46086
2025-08-13 15:00:00,3839,1295,3824,0,0,1280,True,0.54232,0.46086
2025-08-13 16:00:00,1871,1799,1839,0,0,1767,True,0.54232,0.46086
2025-08-13 17:00:00,1497,2515,344,7086,6912,1188,True,0.54232,0.46086
2025-08-13 18:00:00,752,1524,444,74,100,1242,True,0.54232,0.46086
2025-08-13 19:00:00,28,1713,0,2132,1865,1418,False,0.14421,0.06275
2025-08-13 20:00:00,0,2056,0,24,0,2032,False,0.14421,0.06275
2025-08-13 21:00:00,0,2738,0,25,0,2713,False,0.14421,0.06275
2025-08-13 22:00:00,0,1555,0,23,0,1532,False,0.14421,0.06275
2025-08-13 23:00:00,0,1516,0,26,0,1490,False,0.14421,0.06275
2025-08-14 00:00:00,0,1576,0,22,0,1554,False,0.14421,0.06275
2025-08-14 01:00:00,0,1268,0,29,0,1239,False,0.14421,0.06275
2025-08-14 02:00:00,0,1319,0,845,31,505,False,0.14421,0.06275
2025-08-14 03:00:00,0,1082,0,1099,17,0,False,0.14421,0.06275
2025-08-14 04:00:00,0,861,0,882,21,0,False,0.14421,0.06275
2025-08-14 05:00:00,2,1252,0,1270,20,0,False,0.14421,0.06275
2025-08-14 06:00:00,323,715,0,446,54,0,False,0.14421,0.06275
2025-08-14 07:00:00,1205,1346,0,1327,1186,0,False,0.14421,0.06275
2025-08-14 08:00:00,2479,766,0,765,2478,0,False,0.14421,0.06275
2025-08-14 09:00:00,2918,842,0,834,2910,0,False,0.14421,0.06275
2025-08-14 10:00:00,4151,663,0,658,4146,0,False,0.14421,0.06275
2025-08-14 11:00:00,4111,807,0,807,4111,0,False,0.14421,0.06275
2025-08-14 12:00:00,4366,1147,2728,0,492,1,False,0.14421,0.06275
2025-08-14 13:00:00,5283,762,4420,0,101,0,False,0.14421,0.06275
2025-08-14 14:00:00,5200,1434,5197,0,2,1433,True,0.54232,0.46086
2025-08-14 15:00:00,3668,1704,3652,0,0,1688,True,0.54232,0.46086
2025-08-14 16:00:00,2183,1721,2150,0,0,1688,True,0.54232,0.46086
2025-08-14 17:00:00,878,2655,867,0,0,2644,True,0.54232,0.46086
2025-08-14 18:00:00,547,1752,528,0,0,1733,True,0.54232,0.46086
2025-08-14 19:00:00,232,1935,25,937,867,1658,False,0.14421,0.06275
2025-08-14 20:00:00,0,1583,0,30,0,1553,False,0.14421,0.06275
2025-08-14 21:00:00,0,2312,0,1845,25,492,False,0.14421,0.06275
2025-08-14 22:00:00,0,2417,0,2433,16,0,False,0.14421,0.06275
2025-08-14 23:00:00,0,1677,0,1701,24,0,False,0.14421,0.06275
2025-08-15 00:00:00,0,1430,0,1454,24,0,False,0.14421,0.06275
2025-08-15 01:00:00,0,1074,0,1092,18,0,False,0.14421,0.06275
2025-08-15 02:00:00,0,1058,0,1076,18,0,False,0.14421,0.06275
2025-08-15 03:00:00,0,851,0,871,20,0,False,0.14421,0.06275
2025-08-15 04:00:00,0,847,0,869,22,0,False,0.14421,0.06275
2025-08-15 05:00:00,0,901,0,921,20,0,False,0.14421,0.06275
2025-08-15 06:00:00,508,906,0,788,390,0,False,0.14421,0.06275
2025-08-15 07:00:00,2124,951,0,907,2080,0,False,0.14421,0.06275
2025-08-15 08:00:00,3172,669,0,471,2974,0,False,0.14421,0.06275
2025-08-15 09:00:00,3343,1027,0,807,3123,0,False,0.14421,0.06275
2025-08-15 10:00:00,5568,728,0,593,5433,0,False,0.14421,0.06275
2025-08-15 11:00:00,6219,1169,3584,0,1467,1,False,0.14421,0.06275
2025-08-15 12:00:00,6580,1128,5343,0,109,0,False,0.14421,0.06275
2025-08-15 13:00:00,6564,702,5739,0,123,0,False,0.14421,0.06275
2025-08-15 14:00:00,5824,1198,5825,0,0,1199,True,0.54232,0.46086
2025-08-15 15:00:00,4276,1272,4258,0,0,1254,True,0.54232,0.46086
2025-08-15 16:00:00,2889,1242,2855,0,0,1208,True,0.54232,0.46086
2025-08-15 17:00:00,1479,2333,1469,0,0,2323,True,0.54232,0.46086
2025-08-15 18:00:00,401,1398,380,0,0,1377,True,0.54232,0.46086
2025-08-15 19:00:00,71,1859,0,17,0,1771,False,0.14421,0.06275
2025-08-15 20:00:00,0,1299,0,22,0,1277,False,0.14421,0.06275
2025-08-15 21:00:00,0,1807,0,128,4,1683,False,0.14421,0.06275
2025-08-15 22:00:00,0,1972,0,2010,38,0,False,0.14421,0.06275
2025-08-15 23:00:00,0,1261,0,1282,21,0,False,0.14421,0.06275
2025-08-16 00:00:00,0,717,0,738,21,0,False,0.14421,0.06275
2025-08-16 01:00:00,0,670,0,692,22,0,False,0.14421,0.06275
2025-08-16 02:00:00,0,667,0,687,21,1,False,0.14421,0.06275
2025-08-16 03:00:00,0,447,0,471,24,0,False,0.14421,0.06275
2025-08-16 04:00:00,0,455,0,477,22,0,False,0.14421,0.06275
2025-08-16 05:00:00,0,452,0,474,22,0,False,0.14421,0.06275
2025-08-16 06:00:00,525,678,0,564,411,0,False,0.14421,0.06275
2025-08-16 07:00:00,2279,608,0,575,2246,0,False,0.14421,0.06275
2025-08-16 08:00:00,3659,1027,0,1017,3649,0,False,0.14421,0.06275
2025-08-16 09:00:00,4577,3489,0,3474,4562,0,False,0.14421,0.06275
2025-08-16 10:00:00,5656,555,1018,329,4412,0,False,0.14421,0.06275
2025-08-16 11:00:00,6328,903,5255,0,170,0,False,0.14421,0.06275
2025-08-16 12:00:00,6384,1000,5293,0,91,0,False,0.14421,0.06275
2025-08-16 13:00:00,6466,1904,4483,0,79,0,False,0.14421,0.06275
2025-08-16 14:00:00,5726,2228,5705,0,0,2207,True,0.54232,0.46086
2025-08-16 15:00:00,4178,1556,4160,0,0,1538,True,0.54232,0.46086
2025-08-16 16:00:00,2320,670,2304,0,0,654,True,0.54232,0.46086
2025-08-16 17:00:00,1099,1725,1070,0,0,1696,True,0.54232,0.46086
2025-08-16 18:00:00,399,1529,381,0,0,1511,True,0.54232,0.46086
2025-08-16 19:00:00,41,1618,0,22,0,1555,False,0.14421,0.06275
2025-08-16 20:00:00,0,1748,0,25,0,1723,False,0.14421,0.06275
2025-08-16 21:00:00,0,2085,0,877,31,1239,False,0.14421,0.06275
2025-08-16 22:00:00,0,2157,0,2168,11,0,False,0.14421,0.06275
2025-08-16 23:00:00,0,1740,0,1757,17,0,False,0.14421,0.06275
2025-08-17 00:00:00,0,1114,0,1128,14,0,False,0.14421,0.06275
2025-08-17 01:00:00,0,1314,0,1325,11,0,False,0.14421,0.06275
2025-08-17 02:00:00,0,782,0,801,19,0,False,0.14421,0.06275
2025-08-17 03:00:00,0,863,0,882,19,0,False,0.14421,0.06275
2025-08-17 04:00:00,0,782,0,802,21,1,False,0.14421,0.06275
2025-08-17 05:00:00,0,762,0,783,21,0,False,0.14421,0.06275
2025-08-17 06:00:00,414,730,0,651,335,0,False,0.14421,0.06275
2025-08-17 07:00:00,1968,1105,0,1067,1930,0,False,0.14421,0.06275
2025-08-17 08:00:00,3442,1330,0,1231,3343,0,False,0.14421,0.06275
2025-08-17 09:00:00,4396,1642,0,1631,4385,0,False,0.14421,0.06275
2025-08-17 10:00:00,5441,966,0,792,5267,0,False,0.14421,0.06275
2025-08-17 11:00:00,6138,1046,4846,0,246,0,False,0.14421,0.06275
2025-08-17 12:00:00,6156,1561,4511,0,84,0,False,0.14421,0.06275
2025-08-17 13:00:00,4842,2271,2505,0,66,0,False,0.14421,0.06275
2025-08-17 14:00:00,2306,1976,2284,0,0,1954,True,0.54232,0.46086
2025-08-17 15:00:00,3959,1762,3946,0,0,1749,True,0.54232,0.46086
2025-08-17 16:00:00,2221,872,2205,0,0,856,True,0.54232,0.46086
2025-08-17 17:00:00,1253,1158,1234,0,0,1139,True,0.54232,0.46086
2025-08-17 18:00:00,466,2033,452,0,0,2019,True,0.54232,0.46086
2025-08-17 19:00:00,74,2276,6,6,0,2202,False,0.14421,0.06275
2025-08-17 20:00:00,0,4576,0,2227,32,2381,False,0.14421,0.06275
2025-08-17 21:00:00,0,2178,0,2196,18,0,False,0.14421,0.06275
2025-08-17 22:00:00,0,2241,0,2262,22,1,False,0.14421,0.06275
2025-08-17 23:00:00,0,1663,0,1681,18,0,False,0.14421,0.06275
2025-08-18 00:00:00,0,1485,0,1501,16,0,False,0.14421,0.06275
2025-08-18 01:00:00,0,864,0,880,16,0,False,0.14421,0.06275
2025-08-18 02:00:00,0,938,0,954,16,0,False,0.14421,0.06275
2025-08-18 03:00:00,0,800,0,819,19,0,False,0.14421,0.06275
2025-08-18 04:00:00,0,736,0,752,16,0,False,0.14421,0.06275
2025-08-18 05:00:00,0,970,0,986,16,0,False,0.14421,0.06275
2025-08-18 06:00:00,90,613,0,612,89,0,False,0.14421,0.06275
2025-08-18 07:00:00,466,1338,0,1320,448,0,False,0.14421,0.06275
2025-08-18 08:00:00,2592,1056,0,796,2332,0,False,0.14421,0.06275
2025-08-18 09:00:00,3687,946,0,574,3315,0,False,0.14421,0.06275
2025-08-18 10:00:00,5820,984,0,832,5668,0,False,0.14421,0.06275
2025-08-18 11:00:00,6655,740,2596,298,3617,0,False,0.14421,0.06275
2025-08-18 12:00:00,6745,1140,5500,0,105,0,False,0.14421,0.06275
2025-08-18 13:00:00,6296,1681,4548,0,67,0,False,0.14421,0.06275
2025-08-18 14:00:00,5552,1132,5557,0,0,1137,True,0.54232,0.46086
2025-08-18 15:00:00,4454,1178,4433,0,0,1157,True,0.54232,0.46086
2025-08-18 16:00:00,2820,625,2803,0,0,608,True,0.54232,0.46086
2025-08-18 17:00:00,1492,1202,1471,0,0,1181,True,0.54232,0.46086
2025-08-18 18:00:00,586,973,563,0,1,951,True,0.54232,0.46086
2025-08-18 19:00:00,89,1230,3,14,0,1130,False,0.14421,0.06275
2025-08-18 20:00:00,0,1000,2,11,0,991,False,0.14421,0.06275
2025-08-18 21:00:00,0,1760,4,15,0,1749,False,0.14421,0.06275
2025-08-18 22:00:00,0,2088,2,17,0,2073,False,0.14421,0.06275
2025-08-18 23:00:00,0,1010,0,116,5,899,False,0.14421,0.06275
2025-08-19 00:00:00,0,952,0,979,27,0,False,0.14421,0.06275
2025-08-19 01:00:00,0,577,0,598,21,0,False,0.14421,0.06275
2025-08-19 02:00:00,0,603,0,621,18,0,False,0.14421,0.06275
2025-08-19 03:00:00,0,615,0,637,22,0,False,0.14421,0.06275
2025-08-19 04:00:00,0,606,0,626,20,0,False,0.14421,0.06275
2025-08-19 05:00:00,0,581,0,603,22,0,False,0.14421,0.06275
2025-08-19 06:00:00,517,911,0,658,264,0,False,0.14421,0.06275
2025-08-19 07:00:00,2293,665,0,657,2285,0,False,0.14421,0.06275
2025-08-19 08:00:00,3128,1068,0,1047,3107,0,False,0.14421,0.06275
2025-08-19 09:00:00,2957,1079,0,1071,2949,0,False,0.14421,0.06275
2025-08-19 10:00:00,2856,1141,0,1133,2848,0,False,0.14421,0.06275
2025-08-19 11:00:00,3633,614,0,475,3494,0,False,0.14421,0.06275
2025-08-19 12:00:00,4884,4060,498,224,550,0,False,0.14421,0.06275
2025-08-19 13:00:00,6249,6173,176,212,112,0,False,0.14421,0.06275
2025-08-19 14:00:00,5245,1789,5227,0,0,1771,True,0.54232,0.46086
2025-08-19 15:00:00,4640,1512,4633,0,0,1505,True,0.54232,0.46086
2025-08-19 16:00:00,3189,657,3177,0,0,645,True,0.54232,0.46086
2025-08-19 17:00:00,1393,709,1373,0,0,689,True,0.54232,0.46086
2025-08-19 18:00:00,506,1145,495,0,0,1134,True,0.54232,0.46086
2025-08-19 19:00:00,61,1334,11,16,0,1268,False,0.14421,0.06275
2025-08-19 20:00:00,0,1449,16,7,0,1458,False,0.14421,0.06275
2025-08-19 21:00:00,0,1802,0,19,0,1783,False,0.14421,0.06275
2025-08-19 22:00:00,0,1714,0,71,6,1649,False,0.14421,0.06275
2025-08-19 23:00:00,0,1118,0,1143,25,0,False,0.14421,0.06275
2025-08-20 00:00:00,0,822,0,847,25,0,False,0.14421,0.06275
2025-08-20 01:00:00,0,653,0,679,26,0,False,0.14421,0.06275
2025-08-20 02:00:00,0,620,0,645,25,0,False,0.14421,0.06275
2025-08-20 03:00:00,0,611,0,636,25,0,False,0.14421,0.06275
2025-08-20 04:00:00,0,670,0,695,25,0,False,0.14421,0.06275
2025-08-20 05:00:00,0,717,0,743,26,0,False,0.14421,0.06275
2025-08-20 06:00:00,162,633,0,629,158,0,False,0.14421,0.06275
2025-08-20 07:00:00,584,885,0,884,583,0,False,0.14421,0.06275
2025-08-20 08:00:00,547,634,0,643,556,0,False,0.14421,0.06275
2025-08-20 09:00:00,1017,668,0,659,1008,0,False,0.14421,0.06275
2025-08-20 10:00:00,1704,925,0,919,1698,0,False,0.14421,0.06275
2025-08-20 11:00:00,2222,921,0,928,2229,0,False,0.14421,0.06275
2025-08-20 12:00:00,2348,803,0,790,2335,0,False,0.14421,0.06275
2025-08-20 13:00:00,2312,800,0,5420,6932,0,False,0.14421,0.06275
2025-08-20 14:00:00,1205,685,1184,0,12,676,True,0.54232,0.46086
2025-08-20 15:00:00,783,848,760,0,0,825,True,0.54232,0.46086
2025-08-20 16:00:00,608,631,592,0,0,615,True,0.54232,0.46086
2025-08-20 17:00:00,261,706,248,0,0,693,True,0.54232,0.46086
2025-08-20 18:00:00,148,982,134,0,0,968,True,0.54232,0.46086
2025-08-20 19:00:00,46,2087,12,17,10,2046,False,0.14421,0.06275
2025-08-20 20:00:00,0,2004,8,9,0,2003,False,0.14421,0.06275
2025-08-20 21:00:00,0,1392,0,25,0,1367,False,0.14421,0.06275
2025-08-20 22:00:00,0,1249,0,22,0,1227,False,0.14421,0.06275
2025-08-20 23:00:00,0,1010,0,25,0,985,False,0.14421,0.06275
2025-08-21 00:00:00,0,632,0,383,48,297,False,0.14421,0.06275
2025-08-21 01:00:00,0,570,0,595,25,0,False,0.14421,0.06275
2025-08-21 02:00:00,0,591,0,617,26,0,False,0.14421,0.06275
2025-08-21 03:00:00,0,526,0,552,26,0,False,0.14421,0.06275
2025-08-21 04:00:00,0,733,0,886,153,0,False,0.14421,0.06275
2025-08-21 05:00:00,0,445,0,472,27,0,False,0.14421,0.06275
2025-08-21 06:00:00,412,458,10,392,352,16,False,0.14421,0.06275
2025-08-21 07:00:00,2144,689,0,690,2145,0,False,0.14421,0.06275
2025-08-21 08:00:00,2453,506,0,364,2311,0,False,0.14421,0.06275
2025-08-21 09:00:00,1498,882,0,834,1450,0,False,0.14421,0.06275
2025-08-21 10:00:00,2865,851,0,791,2805,0,False,0.14421,0.06275
2025-08-21 11:00:00,2492,719,0,571,2344,0,False,0.14421,0.06275
2025-08-21 12:00:00,3040,1241,0,1139,2938,0,False,0.14421,0.06275
2025-08-21 13:00:00,3467,634,1613,136,1356,0,False,0.14421,0.06275
2025-08-21 14:00:00,2759,591,2729,0,2,563,True,0.54232,0.46086
2025-08-21 15:00:00,2178,646,2158,0,0,626,True,0.54232,0.46086
2025-08-21 16:00:00,2225,594,2205,0,0,574,True,0.54232,0.46086
2025-08-21 17:00:00,1265,1081,1252,0,0,1068,True,0.54232,0.46086
2025-08-21 18:00:00,536,897,517,0,0,878,True,0.54232,0.46086
2025-08-21 19:00:00,57,906,3,11,0,841,False,0.14421,0.06275
2025-08-21 20:00:00,0,1635,19,15,0,1639,False,0.14421,0.06275
2025-08-21 21:00:00,0,1640,5,8,0,1637,False,0.14421,0.06275
2025-08-21 22:00:00,0,873,3,9,1,868,False,0.14421,0.06275
2025-08-21 23:00:00,0,873,0,17,0,856,False,0.14421,0.06275
2025-08-22 00:00:00,0,656,0,24,0,632,False,0.14421,0.06275
2025-08-22 01:00:00,0,589,0,30,0,559,False,0.14421,0.06275
2025-08-22 02:00:00,0,582,0,23,0,559,False,0.14421,0.06275
2025-08-22 03:00:00,0,623,0,444,19,198,False,0.14421,0.06275
2025-08-22 04:00:00,0,694,0,722,28,0,False,0.14421,0.06275
2025-08-22 05:00:00,0,740,0,766,26,0,False,0.14421,0.06275
2025-08-22 06:00:00,89,591,0,529,27,0,False,0.14421,0.06275
2025-08-22 07:00:00,2285,939,0,938,2284,0,False,0.14421,0.06275
2025-08-22 08:00:00,3694,1181,0,1114,3627,0,False,0.14421,0.06275
2025-08-22 09:00:00,4507,681,0,641,4467,0,False,0.14421,0.06275
2025-08-22 10:00:00,5649,592,1091,302,4268,0,False,0.14421,0.06275
2025-08-22 11:00:00,6407,624,5427,0,356,0,False,0.14421,0.06275
2025-08-22 12:00:00,6568,1392,5019,0,157,0,False,0.14421,0.06275
2025-08-22 13:00:00,6479,6766,0,384,97,0,False,0.14421,0.06275
2025-08-22 14:00:00,5399,930,5369,0,0,900,True,0.54232,0.46086
2025-08-22 15:00:00,2533,1046,2533,0,0,1046,True,0.54232,0.46086
2025-08-22 16:00:00,2645,635,2630,0,0,620,True,0.54232,0.46086
2025-08-22 17:00:00,1109,707,1087,0,0,685,True,0.54232,0.46086
2025-08-22 18:00:00,312,1121,297,0,0,1106,True,0.54232,0.46086
2025-08-22 19:00:00,35,1526,0,13,0,1478,False,0.14421,0.06275
2025-08-22 20:00:00,0,1173,3,19,0,1157,False,0.14421,0.06275
2025-08-22 21:00:00,0,2120,41,12,0,2149,False,0.14421,0.06275
2025-08-22 22:00:00,0,1498,0,15,0,1483,False,0.14421,0.06275
2025-08-22 23:00:00,0,1071,2,22,0,1051,False,0.14421,0.06275
2025-08-23 00:00:00,0,1222,0,1058,28,192,False,0.14421,0.06275
2025-08-23 01:00:00,0,505,0,525,20,0,False,0.14421,0.06275
2025-08-23 02:00:00,0,477,0,503,26,0,False,0.14421,0.06275
2025-08-23 03:00:00,0,638,0,664,26,0,False,0.14421,0.06275
2025-08-23 04:00:00,0,626,0,654,28,0,False,0.14421,0.06275
2025-08-23 05:00:00,0,465,0,491,26,0,False,0.14421,0.06275
2025-08-23 06:00:00,369,451,0,339,257,0,False,0.14421,0.06275
2025-08-23 07:00:00,2118,632,0,608,2094,0,False,0.14421,0.06275
2025-08-23 08:00:00,3443,693,0,674,3424,0,False,0.14421,0.06275
2025-08-23 09:00:00,4218,720,0,700,4198,0,False,0.14421,0.06275
2025-08-23 10:00:00,5360,2914,0,2603,5049,0,False,0.14421,0.06275
2025-08-23 11:00:00,6177,5820,699,599,257,0,False,0.14421,0.06275
2025-08-23 12:00:00,5893,4938,861,37,131,0,False,0.14421,0.06275
2025-08-23 13:00:00,5571,3604,1926,100,141,0,False,0.14421,0.06275
2025-08-23 14:00:00,5537,2213,5488,0,3,2167,True,0.54232,0.46086
2025-08-23 15:00:00,3895,1217,3885,0,0,1207,True,0.54232,0.46086
2025-08-23 16:00:00,2353,637,2334,0,0,618,True,0.54232,0.46086
2025-08-23 17:00:00,1172,869,1156,0,0,853,True,0.54232,0.46086
2025-08-23 18:00:00,331,1776,312,0,0,1757,True,0.54232,0.46086
2025-08-23 19:00:00,31,2212,22,6,0,2197,False,0.14421,0.06275
2025-08-23 20:00:00,0,2124,36,9,0,2151,False,0.14421,0.06275
2025-08-23 21:00:00,0,2333,0,1127,30,1236,False,0.14421,0.06275
2025-08-23 22:00:00,0,1672,0,1697,25,0,False,0.14421,0.06275
2025-08-23 23:00:00,0,1025,0,1049,24,0,False,0.14421,0.06275
2025-08-24 00:00:00,0,1258,0,1278,20,0,False,0.14421,0.06275
2025-08-24 01:00:00,0,593,0,616,23,0,False,0.14421,0.06275
2025-08-24 02:00:00,0,886,0,909,23,0,False,0.14421,0.06275
2025-08-24 03:00:00,0,690,0,716,26,0,False,0.14421,0.06275
2025-08-24 04:00:00,0,619,0,645,26,0,False,0.14421,0.06275
2025-08-24 05:00:00,0,761,0,785,24,0,False,0.14421,0.06275
2025-08-24 06:00:00,378,746,0,626,258,0,False,0.14421,0.06275
2025-08-24 07:00:00,2199,769,0,723,2153,0,False,0.14421,0.06275
2025-08-24 08:00:00,3563,1007,0,978,3534,0,False,0.14421,0.06275
2025-08-24 09:00:00,4364,657,0,423,4130,0,False,0.14421,0.06275
2025-08-24 10:00:00,5119,1132,0,637,4624,0,False,0.14421,0.06275
2025-08-24 11:00:00,5630,794,4139,0,697,0,False,0.14421,0.06275
2025-08-24 12:00:00,5573,687,4775,0,111,0,False,0.14421,0.06275
2025-08-24 13:00:00,3382,2108,1238,20,56,0,False,0.14421,0.06275
2025-08-24 14:00:00,3089,2557,3081,0,0,2549,True,0.54232,0.46086
2025-08-24 15:00:00,3469,1431,3468,0,0,1430,True,0.54232,0.46086
2025-08-24 16:00:00,2420,1184,2396,0,0,1160,True,0.54232,0.46086
2025-08-24 17:00:00,1401,924,1391,0,0,914,True,0.54232,0.46086
2025-08-24 18:00:00,671,1147,658,0,0,1134,True,0.54232,0.46086
2025-08-24 19:00:00,86,1517,6,13,0,1424,False,0.14421,0.06275
2025-08-24 20:00:00,0,2015,4,13,0,2006,False,0.14421,0.06275
2025-08-24 21:00:00,0,1568,0,70,1,1499,False,0.14421,0.06275
2025-08-24 22:00:00,0,1742,0,1780,38,0,False,0.14421,0.06275
2025-08-24 23:00:00,0,801,0,824,23,0,False,0.14421,0.06275
2025-08-25 00:00:00,0,1468,0,1491,23,0,False,0.14421,0.06275
2025-08-25 01:00:00,0,660,0,679,19,0,False,0.14421,0.06275
2025-08-25 02:00:00,0,955,0,976,21,0,False,0.14421,0.06275
2025-08-25 03:00:00,0,984,0,1008,24,0,False,0.14421,0.06275
2025-08-25 04:00:00,0,614,0,640,26,0,False,0.14421,0.06275
2025-08-25 05:00:00,0,571,0,595,24,0,False,0.14421,0.06275
2025-08-25 06:00:00,149,657,0,653,145,0,False,0.14421,0.06275
2025-08-25 07:00:00,663,990,0,986,659,0,False,0.14421,0.06275
2025-08-25 08:00:00,1468,1112,0,1094,1450,0,False,0.14421,0.06275
2025-08-25 09:00:00,3252,3195,0,2966,3023,0,False,0.14421,0.06275
2025-08-25 10:00:00,5191,1062,0,960,5089,0,False,0.14421,0.06275
2025-08-25 11:00:00,5714,666,658,410,4800,0,False,0.14421,0.06275
2025-08-25 12:00:00,4670,1366,3005,0,299,0,False,0.14421,0.06275
2025-08-25 13:00:00,4870,1616,3166,0,88,0,False,0.14421,0.06275
2025-08-25 14:00:00,3755,1358,3760,0,0,1363,True,0.54232,0.46086
2025-08-25 15:00:00,2083,1522,2065,0,0,1504,True,0.54232,0.46086
2025-08-25 16:00:00,2033,481,2018,0,0,466,True,0.54232,0.46086
2025-08-25 17:00:00,697,1867,674,0,0,1844,True,0.54232,0.46086
2025-08-25 18:00:00,281,1374,268,0,0,1361,True,0.54232,0.46086
2025-08-25 19:00:00,9,1524,26,13,0,1528,False,0.14421,0.06275
2025-08-25 20:00:00,0,1894,7,9,0,1892,False,0.14421,0.06275
2025-08-25 21:00:00,0,2411,32,393,14,2064,False,0.14421,0.06275
2025-08-25 22:00:00,0,2065,0,2098,33,0,False,0.14421,0.06275
2025-08-25 23:00:00,0,1256,0,1273,18,1,False,0.14421,0.06275
2025-08-26 00:00:00,0,1127,0,1145,18,0,False,0.14421,0.06275
2025-08-26 01:00:00,0,1057,0,1079,22,0,False,0.14421,0.06275
2025-08-26 02:00:00,0,793,0,816,23,0,False,0.14421,0.06275
2025-08-26 03:00:00,0,582,0,606,24,0,False,0.14421,0.06275
2025-08-26 04:00:00,0,783,0,808,25,0,False,0.14421,0.06275
2025-08-26 05:00:00,0,789,0,813,24,0,False,0.14421,0.06275
2025-08-26 06:00:00,374,600,0,511,285,0,False,0.14421,0.06275
2025-08-26 07:00:00,2207,795,0,756,2168,0,False,0.14421,0.06275
2025-08-26 08:00:00,3539,1070,0,1058,3527,0,False,0.14421,0.06275
2025-08-26 09:00:00,4360,776,0,776,4360,0,False,0.14421,0.06275
2025-08-26 10:00:00,5477,615,544,470,4788,0,False,0.14421,0.06275
2025-08-26 11:00:00,6333,497,5608,0,228,0,False,0.14421,0.06275
2025-08-26 12:00:00,6622,682,5835,0,105,0,False,0.14421,0.06275
2025-08-26 13:00:00,4698,6683,85,2135,65,0,False,0.14421,0.06275
2025-08-26 14:00:00,2890,1080,2906,0,0,1096,True,0.54232,0.46086
2025-08-26 15:00:00,4219,1104,4218,0,0,1103,True,0.54232,0.46086
2025-08-26 16:00:00,2626,631,2606,0,0,611,True,0.54232,0.46086
2025-08-26 17:00:00,905,1307,890,0,0,1292,True,0.54232,0.46086
2025-08-26 18:00:00,267,1258,252,0,0,1243,True,0.54232,0.46086
2025-08-26 19:00:00,19,1463,2,23,0,1423,False,0.14421,0.06275
2025-08-26 20:00:00,0,1765,48,5,0,1808,False,0.14421,0.06275
2025-08-26 21:00:00,0,1755,18,11,0,1762,False,0.14421,0.06275
2025-08-26 22:00:00,0,1838,0,234,12,1616,False,0.14421,0.06275
2025-08-26 23:00:00,0,1325,0,1361,36,0,False,0.14421,0.06275
2025-08-27 00:00:00,0,871,0,898,27,0,False,0.14421,0.06275
2025-08-27 01:00:00,0,596,0,622,26,0,False,0.14421,0.06275
2025-08-27 02:00:00,0,762,0,787,25,0,False,0.14421,0.06275
2025-08-27 03:00:00,0,728,0,755,27,0,False,0.14421,0.06275
2025-08-27 04:00:00,0,663,0,689,26,0,False,0.14421,0.06275
2025-08-27 05:00:00,0,582,0,607,25,0,False,0.14421,0.06275
2025-08-27 06:00:00,520,582,0,436,374,0,False,0.14421,0.06275
2025-08-27 07:00:00,1880,895,0,884,1869,0,False,0.14421,0.06275
2025-08-27 08:00:00,2862,673,0,503,2692,0,False,0.14421,0.06275
2025-08-27 09:00:00,4234,699,0,507,4042,0,False,0.14421,0.06275
2025-08-27 10:00:00,5119,858,0,674,4935,0,False,0.14421,0.06275
2025-08-27 11:00:00,6168,863,3854,0,1451,0,False,0.14421,0.06275
2025-08-27 12:00:00,5531,897,4539,0,95,0,False,0.14421,0.06275
2025-08-27 13:00:00,3893,1350,2423,0,120,0,False,0.14421,0.06275
2025-08-27 14:00:00,2905,1353,2930,0,0,1378,True,0.54232,0.46086
2025-08-27 15:00:00,4195,813,4177,0,0,795,True,0.54232,0.46086
2025-08-27 16:00:00,2621,676,2609,0,0,664,True,0.54232,0.46086
2025-08-27 17:00:00,870,932,849,0,1,912,True,0.54232,0.46086
2025-08-27 18:00:00,265,1137,249,0,0,1121,True,0.54232,0.46086
2025-08-27 19:00:00,15,1248,33,13,0,1253,False,0.14421,0.06275
2025-08-27 20:00:00,0,1221,0,17,0,1204,False,0.14421,0.06275
2025-08-27 21:00:00,0,2330,0,24,0,2306,False,0.14421,0.06275
2025-08-27 22:00:00,0,1419,13,14,0,1418,False,0.14421,0.06275
2025-08-27 23:00:00,0,914,0,69,1,846,False,0.14421,0.06275
2025-08-28 00:00:00,0,1061,0,1095,34,0,False,0.14421,0.06275
2025-08-28 01:00:00,0,616,0,641,25,0,False,0.14421,0.06275
2025-08-28 02:00:00,0,585,0,617,32,0,False,0.14421,0.06275
2025-08-28 03:00:00,0,457,0,485,28,0,False,0.14421,0.06275
2025-08-28 04:00:00,0,454,0,482,28,0,False,0.14421,0.06275
2025-08-28 05:00:00,0,466,0,494,28,0,False,0.14421,0.06275
2025-08-28 06:00:00,381,443,0,316,254,0,False,0.14421,0.06275
2025-08-28 07:00:00,2175,748,0,713,2140,0,False,0.14421,0.06275
2025-08-28 08:00:00,3449,926,0,916,3439,0,False,0.14421,0.06275
2025-08-28 09:00:00,4236,1965,0,1954,4225,0,False,0.14421,0.06275
2025-08-28 10:00:00,5374,1752,337,1625,4910,0,False,0.14421,0.06275
2025-08-28 11:00:00,6231,493,5382,0,356,0,False,0.14421,0.06275
2025-08-28 12:00:00,6217,634,5480,0,103,0,False,0.14421,0.06275
2025-08-28 13:00:00,6135,1184,4847,0,104,0,False,0.14421,0.06275
2025-08-28 14:00:00,4916,697,4917,0,1,699,True,0.54232,0.46086
2025-08-28 15:00:00,3582,944,3568,0,0,930,True,0.54232,0.46086
2025-08-28 16:00:00,1720,632,1705,0,0,617,True,0.54232,0.46086
2025-08-28 17:00:00,916,693,903,0,0,680,True,0.54232,0.46086
2025-08-28 18:00:00,507,1168,494,0,0,1155,True,0.54232,0.46086
2025-08-28 19:00:00,24,1370,15,10,0,1351,False,0.14421,0.06275
2025-08-28 20:00:00,0,1388,0,23,0,1365,False,0.14421,0.06275
2025-08-28 21:00:00,0,1533,5,20,0,1518,False,0.14421,0.06275
2025-08-28 22:00:00,0,1705,0,22,0,1683,False,0.14421,0.06275
2025-08-28 23:00:00,0,843,13,7,0,849,False,0.14421,0.06275
2025-08-29 00:00:00,0,1152,0,232,14,934,False,0.14421,0.06275
2025-08-29 01:00:00,0,625,0,650,25,0,False,0.14421,0.06275
2025-08-29 02:00:00,0,693,0,719,26,0,False,0.14421,0.06275
2025-08-29 03:00:00,0,642,0,668,26,0,False,0.14421,0.06275
2025-08-29 04:00:00,0,619,0,647,28,0,False,0.14421,0.06275
2025-08-29 05:00:00,0,1011,0,1038,27,0,False,0.14421,0.06275
2025-08-29 06:00:00,106,730,0,713,89,0,False,0.14421,0.06275
2025-08-29 07:00:00,248,672,0,666,242,0,False,0.14421,0.06275
2025-08-29 08:00:00,744,784,0,768,728,0,False,0.14421,0.06275
2025-08-29 09:00:00,3808,811,0,516,3513,0,False,0.14421,0.06275
2025-08-29 10:00:00,4128,1063,0,713,3778,0,False,0.14421,0.06275
2025-08-29 11:00:00,2861,653,0,624,2832,0,False,0.14421,0.06275
2025-08-29 12:00:00,4722,602,487,298,3931,0,False,0.14421,0.06275
2025-08-29 13:00:00,3902,776,2840,0,286,0,False,0.14421,0.06275
2025-08-29 14:00:00,407,967,389,0,1,950,True,0.54232,0.46086
2025-08-29 15:00:00,2128,936,2110,0,0,918,True,0.54232,0.46086
2025-08-29 16:00:00,617,1112,595,0,0,1090,True,0.54232,0.46086
2025-08-29 17:00:00,895,947,882,0,0,934,True,0.54232,0.46086
2025-08-29 18:00:00,173,1038,155,0,0,1020,True,0.54232,0.46086
2025-08-29 19:00:00,4,1245,4,11,0,1234,False,0.14421,0.06275
2025-08-29 20:00:00,0,1098,0,29,0,1069,False,0.14421,0.06275
2025-08-29 21:00:00,0,2418,5,18,0,2405,False,0.14421,0.06275
2025-08-29 22:00:00,0,1484,0,19,0,1465,False,0.14421,0.06275
2025-08-29 23:00:00,0,1060,0,383,12,689,False,0.14421,0.06275
2025-08-30 00:00:00,0,905,0,932,27,0,False,0.14421,0.06275
2025-08-30 01:00:00,0,640,0,665,25,0,False,0.14421,0.06275
2025-08-30 02:00:00,0,601,0,627,26,0,False,0.14421,0.06275
2025-08-30 03:00:00,0,584,0,611,27,0,False,0.14421,0.06275
2025-08-30 04:00:00,0,790,0,817,27,0,False,0.14421,0.06275
2025-08-30 05:00:00,0,702,0,729,27,0,False,0.14421,0.06275
2025-08-30 06:00:00,344,610,0,463,197,0,False,0.14421,0.06275
2025-08-30 07:00:00,2056,797,0,772,2031,0,False,0.14421,0.06275
2025-08-30 08:00:00,3400,1079,0,1066,3387,0,False,0.14421,0.06275
2025-08-30 09:00:00,4133,984,0,939,4088,0,False,0.14421,0.06275
2025-08-30 10:00:00,5365,868,29,667,5135,0,False,0.14421,0.06275
2025-08-30 11:00:00,6014,534,5015,0,465,0,False,0.14421,0.06275
2025-08-30 12:00:00,6146,500,5517,0,129,0,False,0.14421,0.06275
2025-08-30 13:00:00,6434,1217,5152,0,65,0,False,0.14421,0.06275
2025-08-30 14:00:00,4399,812,4390,0,0,803,True,0.54232,0.46086
2025-08-30 15:00:00,3825,989,3821,0,0,985,True,0.54232,0.46086
2025-08-30 16:00:00,2429,617,2414,0,0,602,True,0.54232,0.46086
2025-08-30 17:00:00,783,657,763,0,0,637,True,0.54232,0.46086
2025-08-30 18:00:00,380,1316,360,0,0,1296,True,0.54232,0.46086
2025-08-30 19:00:00,10,1438,0,23,0,1405,False,0.14421,0.06275
2025-08-30 20:00:00,0,3968,3,17,0,3954,False,0.14421,0.06275
2025-08-30 21:00:00,0,1526,15,15,0,1526,False,0.14421,0.06275
2025-08-30 22:00:00,0,1847,0,1048,31,830,False,0.14421,0.06275
2025-08-30 23:00:00,0,1200,0,1222,22,0,False,0.14421,0.06275
2025-08-31 00:00:00,0,789,0,808,19,0,False,0.14421,0.06275
2025-08-31 01:00:00,0,592,0,618,26,0,False,0.14421,0.06275
2025-08-31 02:00:00,0,630,0,656,26,0,False,0.14421,0.06275
2025-08-31 03:00:00,0,582,0,608,26,0,False,0.14421,0.06275
2025-08-31 04:00:00,0,875,0,900,25,0,False,0.14421,0.06275
2025-08-31 05:00:00,0,620,0,645,25,0,False,0.14421,0.06275
2025-08-31 06:00:00,344,590,0,519,273,0,False,0.14421,0.06275
2025-08-31 07:00:00,2023,629,0,612,2006,0,False,0.14421,0.06275
2025-08-31 08:00:00,3331,1060,0,1046,3317,0,False,0.14421,0.06275
2025-08-31 09:00:00,4093,882,0,883,4094,0,False,0.14421,0.06275
2025-08-31 10:00:00,5279,1053,0,1020,5246,0,False,0.14421,0.06275
2025-08-31 11:00:00,6165,3762,2150,192,445,0,False,0.14421,0.06275
2025-08-31 12:00:00,6369,6987,0,720,102,0,False,0.14421,0.06275
2025-08-31 13:00:00,6192,7296,0,1232,128,0,False,0.14421,0.06275
2025-08-31 14:00:00,4883,924,4844,0,2,887,True,0.54232,0.46086
2025-08-31 15:00:00,3697,944,3681,0,0,928,True,0.54232,0.46086
2025-08-31 16:00:00,2208,614,2194,0,0,600,True,0.54232,0.46086
2025-08-31 17:00:00,687,660,674,0,0,647,True,0.54232,0.46086
2025-08-31 18:00:00,231,1118,221,0,0,1108,True,0.54232,0.46086
2025-08-31 19:00:00,10,1359,4,13,0,1340,False,0.14421,0.06275
2025-08-31 20:00:00,0,2358,6,17,0,2347,False,0.14421,0.06275
2025-08-31 21:00:00,0,2033,9,16,0,2026,False,0.14421,0.06275
2025-08-31 22:00:00,0,1689,9,18,0,1680,False,0.14421,0.06275
2025-08-31 23:00:00,0,985,0,599,30,416,False,0.14421,0.06275
2025-09-01 00:00:00,0,490,0,516,26,0,False,0.14421,0.06275
2025-09-01 01:00:00,0,472,0,495,23,0,False,0.14421,0.06275
2025-09-01 02:00:00,0,465,0,488,23,0,False,0.14421,0.06275
2025-09-01 03:00:00,0,653,0,677,24,0,False,0.14421,0.06275
2025-09-01 04:00:00,0,592,0,615,23,0,False,0.14421,0.06275
2025-09-01 05:00:00,0,475,0,499,24,0,False,0.14421,0.06275
2025-09-01 06:00:00,407,493,0,384,298,0,False,0.14421,0.06275
2025-09-01 07:00:00,1435,666,0,674,1443,0,False,0.14421,0.06275
2025-09-01 08:00:00,2687,988,0,952,2651,0,False,0.14421,0.06275
2025-09-01 09:00:00,3494,982,0,960,3472,0,False,0.14421,0.06275
2025-09-01 10:00:00,3698,2673,0,2663,3688,0,False,0.14421,0.06275
2025-09-01 11:00:00,5539,1399,695,287,3732,0,False,0.14421,0.06275
2025-09-01 12:00:00,5315,4931,788,613,209,0,False,0.14421,0.06275
2025-09-01 13:00:00,3731,960,2664,0,107,0,False,0.14421,0.06275
2025-09-01 14:00:00,3167,811,3174,0,0,818,True,0.54232,0.46086
2025-09-01 15:00:00,2521,934,2504,0,0,917,True,0.54232,0.46086
2025-09-01 16:00:00,1614,608,1596,0,0,590,True,0.54232,0.46086
2025-09-01 17:00:00,1084,683,1066,0,0,665,True,0.54232,0.46086
2025-09-01 18:00:00,319,1521,296,0,0,1498,True,0.54232,0.46086
2025-09-01 19:00:00,6,1499,1,13,0,1481,False,0.14421,0.06275
2025-09-01 20:00:00,0,1337,12,0,0,1349,False,0.14421,0.06275
2025-09-01 21:00:00,0,1753,0,23,0,1730,False,0.14421,0.06275
2025-09-01 22:00:00,0,1841,5,14,0,1832,False,0.14421,0.06275
2025-09-01 23:00:00,0,705,8,12,0,701,False,0.14421,0.06275
2025-09-02 00:00:00,0,701,0,516,18,203,False,0.14421,0.06275
2025-09-02 01:00:00,0,585,0,611,26,0,False,0.14421,0.06275
2025-09-02 02:00:00,0,774,0,798,24,0,False,0.14421,0.06275
2025-09-02 03:00:00,0,616,0,642,26,0,False,0.14421,0.06275
2025-09-02 04:00:00,0,587,0,613,26,0,False,0.14421,0.06275
2025-09-02 05:00:00,0,589,0,613,24,0,False,0.14421,0.06275
2025-09-02 06:00:00,323,606,0,470,187,0,False,0.14421,0.06275
2025-09-02 07:00:00,998,619,0,610,989,0,False,0.14421,0.06275
2025-09-02 08:00:00,3020,999,0,988,3009,0,False,0.14421,0.06275
2025-09-02 09:00:00,3828,1360,0,1350,3818,0,False,0.14421,0.06275
2025-09-02 10:00:00,5051,949,0,924,5026,0,False,0.14421,0.06275
2025-09-02 11:00:00,6007,976,3015,243,2259,0,False,0.14421,0.06275
2025-09-02 12:00:00,6258,3097,3145,112,128,0,False,0.14421,0.06275
2025-09-02 13:00:00,6143,719,5313,0,111,0,False,0.14421,0.06275
2025-09-02 14:00:00,5112,786,5089,0,3,766,True,0.54232,0.46086
2025-09-02 15:00:00,3566,765,3553,0,0,752,True,0.54232,0.46086
2025-09-02 16:00:00,2237,746,2226,0,0,735,True,0.54232,0.46086
2025-09-02 17:00:00,643,664,624,0,0,645,True,0.54232,0.46086
2025-09-02 18:00:00,227,988,221,0,0,982,True,0.54232,0.46086
2025-09-02 19:00:00,6,1448,4,20,0,1426,False,0.14421,0.06275
2025-09-02 20:00:00,0,1336,4,14,0,1326,False,0.14421,0.06275
2025-09-02 21:00:00,0,1822,0,20,0,1802,False,0.14421,0.06275
2025-09-02 22:00:00,0,1106,0,19,0,1087,False,0.14421,0.06275
2025-09-02 23:00:00,0,1122,0,16,0,1106,False,0.14421,0.06275
2025-09-03 00:00:00,0,795,0,22,0,773,False,0.14421,0.06275
2025-09-03 01:00:00,0,545,0,204,11,352,False,0.14421,0.06275
2025-09-03 02:00:00,0,690,0,716,26,0,False,0.14421,0.06275
2025-09-03 03:00:00,0,450,0,476,26,0,False,0.14421,0.06275
2025-09-03 04:00:00,0,483,0,507,24,0,False,0.14421,0.06275
2025-09-03 05:00:00,0,491,0,517,26,0,False,0.14421,0.06275
2025-09-03 06:00:00,211,582,0,453,82,0,False,0.14421,0.06275
2025-09-03 07:00:00,1021,1150,0,1136,1007,0,False,0.14421,0.06275
2025-09-03 08:00:00,3053,546,0,537,3044,0,False,0.14421,0.06275
2025-09-03 09:00:00,3758,569,0,553,3742,0,False,0.14421,0.06275
2025-09-03 10:00:00,5016,524,0,514,5006,0,False,0.14421,0.06275
2025-09-03 11:00:00,5930,998,2786,121,2267,0,False,0.14421,0.06275
2025-09-03 12:00:00,6398,708,5495,0,195,0,False,0.14421,0.06275
2025-09-03 13:00:00,6387,991,5286,0,110,0,False,0.14421,0.06275
2025-09-03 14:00:00,2769,1353,2751,0,2,1337,True,0.54232,0.46086
2025-09-03 15:00:00,1876,587,1853,0,0,564,True,0.54232,0.46086
2025-09-03 16:00:00,2187,1268,2174,0,0,1255,True,0.54232,0.46086
2025-09-03 17:00:00,626,716,614,0,0,704,True,0.54232,0.46086
2025-09-03 18:00:00,222,1663,228,0,0,1669,True,0.54232,0.46086
2025-09-03 19:00:00,5,1131,9,12,0,1123,False,0.14421,0.06275
2025-09-03 20:00:00,0,4814,47,5,0,4856,False,0.14421,0.06275
2025-09-03 21:00:00,0,1903,0,1208,26,721,False,0.14421,0.06275
2025-09-03 22:00:00,0,1369,0,1391,22,0,False,0.14421,0.06275
2025-09-03 23:00:00,0,1153,0,1165,12,0,False,0.14421,0.06275
2025-09-04 00:00:00,0,759,0,781,22,0,False,0.14421,0.06275
2025-09-04 01:00:00,0,628,0,652,24,0,False,0.14421,0.06275
2025-09-04 02:00:00,0,617,0,641,24,0,False,0.14421,0.06275
2025-09-04 03:00:00,0,624,0,649,25,0,False,0.14421,0.06275
2025-09-04 04:00:00,0,601,0,627,26,0,False,0.14421,0.06275
2025-09-04 05:00:00,0,884,0,908,24,0,False,0.14421,0.06275
2025-09-04 06:00:00,281,721,0,712,272,0,False,0.14421,0.06275
2025-09-04 07:00:00,1764,934,0,900,1730,0,False,0.14421,0.06275
2025-09-04 08:00:00,3018,695,0,677,3000,0,False,0.14421,0.06275
2025-09-04 09:00:00,3703,646,0,622,3679,0,False,0.14421,0.06275
2025-09-04 10:00:00,4994,633,0,604,4965,0,False,0.14421,0.06275
2025-09-04 11:00:00,5575,1010,2911,130,1784,0,False,0.14421,0.06275
2025-09-04 12:00:00,6119,954,5075,0,90,0,False,0.14421,0.06275
2025-09-04 13:00:00,4683,960,3606,0,117,0,False,0.14421,0.06275
2025-09-04 14:00:00,3759,1416,3759,0,0,1416,True,0.54232,0.46086
2025-09-04 15:00:00,3497,572,3489,0,0,564,True,0.54232,0.46086
2025-09-04 16:00:00,1430,1220,1413,0,0,1203,True,0.54232,0.46086
2025-09-04 17:00:00,563,852,553,0,0,842,True,0.54232,0.46086
2025-09-04 18:00:00,188,1404,169,0,0,1385,True,0.54232,0.46086
2025-09-04 19:00:00,0,1445,18,8,0,1455,False,0.14421,0.06275
2025-09-04 20:00:00,0,2046,20,4,0,2062,False,0.14421,0.06275
2025-09-04 21:00:00,0,1515,3,17,0,1501,False,0.14421,0.06275
2025-09-04 22:00:00,0,1252,2,9,0,1245,False,0.14421,0.06275
2025-09-04 23:00:00,0,798,0,581,29,246,False,0.14421,0.06275
2025-09-05 00:00:00,0,515,0,540,25,0,False,0.14421,0.06275
2025-09-05 01:00:00,0,626,0,651,25,0,False,0.14421,0.06275
2025-09-05 02:00:00,0,672,0,698,26,0,False,0.14421,0.06275
2025-09-05 03:00:00,0,475,0,501,26,0,False,0.14421,0.06275
2025-09-05 04:00:00,0,480,0,506,26,0,False,0.14421,0.06275
2025-09-05 05:00:00,0,470,0,498,28,0,False,0.14421,0.06275
2025-09-05 06:00:00,23,681,0,700,42,0,False,0.14421,0.06275
2025-09-05 07:00:00,1069,705,0,648,1012,0,False,0.14421,0.06275
2025-09-05 08:00:00,983,812,0,819,990,0,False,0.14421,0.06275
2025-09-05 09:00:00,1268,1362,0,1349,1255,0,False,0.14421,0.06275
2025-09-05 10:00:00,2572,974,0,966,2564,0,False,0.14421,0.06275
2025-09-05 11:00:00,2270,762,0,762,2270,0,False,0.14421,0.06275
2025-09-05 12:00:00,4075,1158,0,558,3475,0,False,0.14421,0.06275
2025-09-05 13:00:00,4089,1298,710,1802,3883,0,False,0.14421,0.06275
2025-09-05 14:00:00,3467,614,3441,0,7,595,True,0.54232,0.46086
2025-09-05 15:00:00,2877,1386,2864,0,0,1373,True,0.54232,0.46086
2025-09-05 16:00:00,1841,926,1828,0,0,913,True,0.54232,0.46086
2025-09-05 17:00:00,627,1319,608,0,0,1300,True,0.54232,0.46086
2025-09-05 18:00:00,206,1707,196,0,0,1697,True,0.54232,0.46086
2025-09-05 19:00:00,8,1364,0,37,8,1327,False,0.14421,0.06275
2025-09-05 20:00:00,0,2559,72,4,0,2627,False,0.14421,0.06275
2025-09-05 21:00:00,0,2241,40,141,18,2158,False,0.14421,0.06275
2025-09-05 22:00:00,0,1533,0,1571,38,0,False,0.14421,0.06275
2025-09-05 23:00:00,0,1218,0,1236,18,0,False,0.14421,0.06275
2025-09-06 00:00:00,0,1018,0,1042,24,0,False,0.14421,0.06275
2025-09-06 01:00:00,0,885,0,911,26,0,False,0.14421,0.06275
2025-09-06 02:00:00,0,831,0,991,160,0,False,0.14421,0.06275
2025-09-06 03:00:00,0,805,0,946,141,0,False,0.14421,0.06275
2025-09-06 04:00:00,0,516,0,558,42,0,False,0.14421,0.06275
2025-09-06 05:00:00,0,702,0,851,149,0,False,0.14421,0.06275
2025-09-06 06:00:00,88,948,0,886,26,0,False,0.14421,0.06275
2025-09-06 07:00:00,794,1216,0,1208,786,0,False,0.14421,0.06275
2025-09-06 08:00:00,1805,626,0,626,1805,0,False,0.14421,0.06275
2025-09-06 09:00:00,3022,3112,0,3201,3111,0,False,0.14421,0.06275
2025-09-06 10:00:00,4115,1499,0,1429,4045,0,False,0.14421,0.06275
2025-09-06 11:00:00,5058,1407,0,1225,4876,0,False,0.14421,0.06275
2025-09-06 12:00:00,4790,5271,372,1493,640,0,False,0.14421,0.06275
2025-09-06 13:00:00,4476,6079,0,1708,105,0,False,0.14421,0.06275
2025-09-06 14:00:00,3550,1878,3520,0,0,1848,True,0.54232,0.46086
2025-09-06 15:00:00,2520,1729,1666,55,831,1651,True,0.54232,0.46086
2025-09-06 16:00:00,427,1049,409,1,0,1030,True,0.54232,0.46086
2025-09-06 17:00:00,0,2051,12,514,448,1997,True,0.54232,0.46086
2025-09-06 18:00:00,0,1555,2,19,0,1538,True,0.54232,0.46086
2025-09-06 19:00:00,0,1628,6,9,0,1625,False,0.14421,0.06275
2025-09-06 20:00:00,0,2595,33,10,0,2618,False,0.14421,0.06275
2025-09-06 21:00:00,0,2072,0,1097,27,1002,False,0.14421,0.06275
2025-09-06 22:00:00,0,750,0,784,34,0,False,0.14421,0.06275
2025-09-06 23:00:00,0,1275,0,1305,30,0,False,0.14421,0.06275
2025-09-07 00:00:00,0,898,0,930,32,0,False,0.14421,0.06275
2025-09-07 01:00:00,0,801,0,836,35,0,False,0.14421,0.06275
2025-09-07 02:00:00,0,615,0,647,32,0,False,0.14421,0.06275
2025-09-07 03:00:00,0,865,0,898,33,0,False,0.14421,0.06275
2025-09-07 04:00:00,0,620,0,650,30,0,False,0.14421,0.06275
2025-09-07 05:00:00,0,703,0,733,30,0,False,0.14421,0.06275
2025-09-07 06:00:00,0,579,0,606,27,0,False,0.14421,0.06275
2025-09-07 07:00:00,4,919,0,941,26,0,False,0.14421,0.06275
2025-09-07 08:00:00,170,1543,0,1526,153,0,False,0.14421,0.06275
2025-09-07 09:00:00,449,989,0,985,445,0,False,0.14421,0.06275
2025-09-07 10:00:00,577,867,0,859,569,0,False,0.14421,0.06275
2025-09-07 11:00:00,1456,757,0,736,1435,0,False,0.14421,0.06275
2025-09-07 12:00:00,1199,600,0,591,1190,0,False,0.14421,0.06275
2025-09-07 13:00:00,808,870,0,11716,11654,0,False,0.14421,0.06275
2025-09-07 14:00:00,608,1003,583,0,9,987,True,0.54232,0.46086
2025-09-07 15:00:00,612,1027,601,0,0,1016,True,0.54232,0.46086
2025-09-07 16:00:00,894,984,877,0,0,967,True,0.54232,0.46086
2025-09-07 17:00:00,789,1042,784,0,0,1037,True,0.54232,0.46086
2025-09-07 18:00:00,155,1641,170,0,0,1656,True,0.54232,0.46086
2025-09-07 19:00:00,6,1446,28,10,11,1469,False,0.14421,0.06275
2025-09-07 20:00:00,0,1974,1,17,0,1958,False,0.14421,0.06275
2025-09-07 21:00:00,0,1354,7,16,0,1345,False,0.14421,0.06275
2025-09-07 22:00:00,0,1259,1,378,15,897,False,0.14421,0.06275
2025-09-07 23:00:00,0,776,0,802,26,0,False,0.14421,0.06275
2025-09-08 00:00:00,0,1188,0,1209,21,0,False,0.14421,0.06275
2025-09-08 01:00:00,0,598,0,623,25,0,False,0.14421,0.06275
2025-09-08 02:00:00,0,622,0,646,24,0,False,0.14421,0.06275
2025-09-08 03:00:00,0,583,0,609,26,0,False,0.14421,0.06275
2025-09-08 04:00:00,0,589,0,615,26,0,False,0.14421,0.06275
2025-09-08 05:00:00,0,580,0,604,24,0,False,0.14421,0.06275
2025-09-08 06:00:00,90,604,0,602,88,0,False,0.14421,0.06275
2025-09-08 07:00:00,558,760,0,775,573,0,False,0.14421,0.06275
2025-09-08 08:00:00,2266,900,0,900,2266,0,False,0.14421,0.06275
2025-09-08 09:00:00,3274,841,0,844,3277,0,False,0.14421,0.06275
2025-09-08 10:00:00,4196,989,0,966,4173,0,False,0.14421,0.06275
2025-09-08 11:00:00,4587,690,46,479,4330,0,False,0.14421,0.06275
2025-09-08 12:00:00,4734,782,3312,0,640,0,False,0.14421,0.06275
2025-09-08 13:00:00,4715,627,3923,0,165,0,False,0.14421,0.06275
2025-09-08 14:00:00,4202,836,4174,0,2,810,True,0.54232,0.46086
2025-09-08 15:00:00,2998,561,2985,0,0,548,True,0.54232,0.46086
2025-09-08 16:00:00,2041,537,2026,0,0,522,True,0.54232,0.46086
2025-09-08 17:00:00,1159,905,1145,0,0,891,True,0.54232,0.46086
2025-09-08 18:00:00,247,531,230,0,0,514,True,0.54232,0.46086
2025-09-08 19:00:00,0,2592,42,4,0,2630,False,0.14421,0.06275
2025-09-08 20:00:00,0,2522,13,14,0,2521,False,0.14421,0.06275
2025-09-08 21:00:00,0,995,6,6,0,995,False,0.14421,0.06275
2025-09-08 22:00:00,0,1542,15,8,0,1549,False,0.14421,0.06275
2025-09-08 23:00:00,0,654,2,16,0,640,False,0.14421,0.06275
2025-09-09 00:00:00,0,628,0,488,24,164,False,0.14421,0.06275
2025-09-09 01:00:00,0,588,0,619,31,0,False,0.14421,0.06275
2025-09-09 02:00:00,0,585,0,615,30,0,False,0.14421,0.06275
2025-09-09 03:00:00,0,618,0,646,28,0,False,0.14421,0.06275
2025-09-09 04:00:00,0,590,0,618,28,0,False,0.14421,0.06275
2025-09-09 05:00:00,0,601,0,626,25,0,False,0.14421,0.06275
2025-09-09 06:00:00,229,607,0,529,151,0,False,0.14421,0.06275
2025-09-09 07:00:00,1611,791,0,786,1606,0,False,0.14421,0.06275
2025-09-09 08:00:00,2894,936,0,941,2899,0,False,0.14421,0.06275
2025-09-09 09:00:00,3474,788,0,769,3455,0,False,0.14421,0.06275
2025-09-09 10:00:00,4907,641,0,604,4870,0,False,0.14421,0.06275
2025-09-09 11:00:00,5926,509,3254,118,2281,0,False,0.14421,0.06275
2025-09-09 12:00:00,6210,490,5637,0,83,0,False,0.14421,0.06275
2025-09-09 13:00:00,6067,673,5325,0,69,0,False,0.14421,0.06275
2025-09-09 14:00:00,4964,477,4972,0,0,485,True,0.54232,0.46086
2025-09-09 15:00:00,3276,503,3263,0,0,490,True,0.54232,0.46086
2025-09-09 16:00:00,1887,473,1871,0,0,457,True,0.54232,0.46086
2025-09-09 17:00:00,771,476,752,0,0,457,True,0.54232,0.46086
2025-09-09 18:00:00,282,689,263,0,0,670,True,0.54232,0.46086
2025-09-09 19:00:00,0,1196,10,10,0,1196,False,0.14421,0.06275
2025-09-09 20:00:00,0,1629,6,2,0,1633,False,0.14421,0.06275
2025-09-09 21:00:00,0,1885,0,17,0,1868,False,0.14421,0.06275
2025-09-09 22:00:00,0,1069,11,9,0,1071,False,0.14421,0.06275
2025-09-09 23:00:00,0,711,5,2,0,714,False,0.14421,0.06275
2025-09-10 00:00:00,0,628,2,11,0,619,False,0.14421,0.06275
2025-09-10 01:00:00,0,616,7,10,0,613,False,0.14421,0.06275
2025-09-10 02:00:00,0,578,0,20,0,558,False,0.14421,0.06275
2025-09-10 03:00:00,0,597,1,13,0,585,False,0.14421,0.06275
2025-09-10 04:00:00,0,607,0,607,28,28,False,0.14421,0.06275
2025-09-10 05:00:00,0,615,0,642,27,0,False,0.14421,0.06275
2025-09-10 06:00:00,35,581,0,572,26,0,False,0.14421,0.06275
2025-09-10 07:00:00,384,1082,0,1097,399,0,False,0.14421,0.06275
2025-09-10 08:00:00,926,1028,0,1031,929,0,False,0.14421,0.06275
2025-09-10 09:00:00,2689,868,0,863,2684,0,False,0.14421,0.06275
2025-09-10 10:00:00,2107,705,0,706,2108,0,False,0.14421,0.06275
2025-09-10 11:00:00,2068,600,0,600,2068,0,False,0.14421,0.06275
2025-09-10 12:00:00,3485,595,0,504,3394,0,False,0.14421,0.06275
2025-09-10 13:00:00,4992,579,2155,1136,3394,0,False,0.14421,0.06275
2025-09-10 14:00:00,4426,625,4400,0,5,604,True,0.54232,0.46086
2025-09-10 15:00:00,2672,751,2663,0,0,742,True,0.54232,0.46086
2025-09-10 16:00:00,1626,572,1612,0,0,558,True,0.54232,0.46086
2025-09-10 17:00:00,918,713,902,0,0,697,True,0.54232,0.46086
2025-09-10 18:00:00,374,868,356,0,0,850,True,0.54232,0.46086
2025-09-10 19:00:00,4,2083,10,32,9,2066,False,0.14421,0.06275
2025-09-10 20:00:00,0,1297,20,3,0,1314,False,0.14421,0.06275
2025-09-10 21:00:00,0,902,3,14,0,891,False,0.14421,0.06275
2025-09-10 22:00:00,0,1859,9,7,0,1861,False,0.14421,0.06275
2025-09-10 23:00:00,0,1209,15,28,14,1210,False,0.14421,0.06275
2025-09-11 00:00:00,0,634,0,127,32,539,False,0.14421,0.06275
2025-09-11 01:00:00,0,616,0,646,30,0,False,0.14421,0.06275
2025-09-11 02:00:00,0,611,0,637,26,0,False,0.14421,0.06275
2025-09-11 03:00:00,0,571,0,598,27,0,False,0.14421,0.06275
2025-09-11 04:00:00,0,588,0,614,26,0,False,0.14421,0.06275
2025-09-11 05:00:00,0,609,0,737,128,0,False,0.14421,0.06275
2025-09-11 06:00:00,176,612,0,570,134,0,False,0.14421,0.06275
2025-09-11 07:00:00,1534,1025,0,1003,1512,0,False,0.14421,0.06275
2025-09-11 08:00:00,2729,861,0,864,2732,0,False,0.14421,0.06275
2025-09-11 09:00:00,3322,741,0,769,3350,0,False,0.14421,0.06275
2025-09-11 10:00:00,4784,626,0,682,4840,0,False,0.14421,0.06275
2025-09-11 11:00:00,5791,584,2865,140,2482,0,False,0.14421,0.06275
2025-09-11 12:00:00,5937,588,5136,0,213,0,False,0.14421,0.06275
2025-09-11 13:00:00,5723,623,5000,0,100,0,False,0.14421,0.06275
2025-09-11 14:00:00,4551,619,4544,0,2,614,True,0.54232,0.46086
2025-09-11 15:00:00,3058,602,3043,0,0,587,True,0.54232,0.46086
2025-09-11 16:00:00,1633,576,1622,0,0,565,True,0.54232,0.46086
2025-09-11 17:00:00,498,637,480,0,0,619,True,0.54232,0.46086
2025-09-11 18:00:00,171,738,155,0,0,722,True,0.54232,0.46086
2025-09-11 19:00:00,2,1160,20,13,10,1175,False,0.14421,0.06275
2025-09-11 20:00:00,0,4535,29,12,0,4552,False,0.14421,0.06275
2025-09-11 21:00:00,0,2056,51,2,0,2105,False,0.14421,0.06275
2025-09-11 22:00:00,0,1842,11,681,43,1215,False,0.14421,0.06275
2025-09-11 23:00:00,0,973,0,1001,29,1,False,0.14421,0.06275
2025-09-12 00:00:00,0,620,0,645,25,0,False,0.14421,0.06275
2025-09-12 01:00:00,0,613,0,639,26,0,False,0.14421,0.06275
2025-09-12 02:00:00,0,719,0,876,157,0,False,0.14421,0.06275
2025-09-12 03:00:00,0,644,0,672,28,0,False,0.14421,0.06275
2025-09-12 04:00:00,0,606,0,759,153,0,False,0.14421,0.06275
2025-09-12 05:00:00,0,619,0,647,28,0,False,0.14421,0.06275
2025-09-12 06:00:00,147,616,0,626,157,0,False,0.14421,0.06275
2025-09-12 07:00:00,1543,727,0,722,1538,0,False,0.14421,0.06275
2025-09-12 08:00:00,2774,1185,0,1248,2837,0,False,0.14421,0.06275
2025-09-12 09:00:00,3363,1071,0,1073,3365,0,False,0.14421,0.06275
2025-09-12 10:00:00,4695,864,0,909,4740,0,False,0.14421,0.06275
2025-09-12 11:00:00,5930,813,2736,163,2544,0,False,0.14421,0.06275
2025-09-12 12:00:00,6037,5635,251,0,151,0,False,0.14421,0.06275
2025-09-12 13:00:00,5828,5397,441,64,54,0,False,0.14421,0.06275
2025-09-12 14:00:00,4649,560,4630,0,0,541,True,0.54232,0.46086
2025-09-12 15:00:00,2988,611,2969,0,0,592,True,0.54232,0.46086
2025-09-12 16:00:00,1528,600,1515,0,0,587,True,0.54232,0.46086
2025-09-12 17:00:00,409,899,395,0,0,885,True,0.54232,0.46086
2025-09-12 18:00:00,120,879,104,1,0,862,True,0.54232,0.46086
2025-09-12 19:00:00,0,1266,23,11,8,1286,False,0.14421,0.06275
2025-09-12 20:00:00,0,1472,17,6,0,1483,False,0.14421,0.06275
2025-09-12 21:00:00,0,1550,38,10,0,1578,False,0.14421,0.06275
2025-09-12 22:00:00,0,1198,16,9,0,1205,False,0.14421,0.06275
2025-09-12 23:00:00,0,851,3,13,0,841,False,0.14421,0.06275
2025-09-13 00:00:00,0,620,4,9,0,615,False,0.14421,0.06275
2025-09-13 01:00:00,0,590,5,16,0,579,False,0.14421,0.06275
2025-09-13 02:00:00,0,586,61,100,89,636,False,0.14421,0.06275
2025-09-13 03:00:00,0,589,0,627,38,0,False,0.14421,0.06275
2025-09-13 04:00:00,0,605,0,629,24,0,False,0.14421,0.06275
2025-09-13 05:00:00,0,596,0,622,26,0,False,0.14421,0.06275
2025-09-13 06:00:00,135,583,0,566,118,0,False,0.14421,0.06275
2025-09-13 07:00:00,1535,818,0,813,1530,0,False,0.14421,0.06275
2025-09-13 08:00:00,2738,1098,0,1153,2793,0,False,0.14421,0.06275
2025-09-13 09:00:00,3173,764,0,800,3209,0,False,0.14421,0.06275
2025-09-13 10:00:00,4666,679,0,703,4690,0,False,0.14421,0.06275
2025-09-13 11:00:00,5583,630,2240,174,2887,0,False,0.14421,0.06275
2025-09-13 12:00:00,5522,545,4825,0,152,0,False,0.14421,0.06275
2025-09-13 13:00:00,5269,1656,3518,0,95,0,False,0.14421,0.06275
2025-09-13 14:00:00,2175,909,2179,0,1,914,True,0.54232,0.46086
2025-09-13 15:00:00,1568,676,1550,0,0,658,True,0.54232,0.46086
2025-09-13 16:00:00,1033,588,1026,0,0,581,True,0.54232,0.46086
2025-09-13 17:00:00,199,1093,188,10,0,1072,True,0.54232,0.46086
2025-09-13 18:00:00,26,1032,15,3,0,1018,True,0.54232,0.46086
2025-09-13 19:00:00,0,3181,39,16,9,3213,False,0.14421,0.06275
2025-09-13 20:00:00,0,2688,8,12,0,2684,False,0.14421,0.06275
2025-09-13 21:00:00,0,1209,11,10,0,1210,False,0.14421,0.06275
2025-09-13 22:00:00,0,1271,9,564,56,772,False,0.14421,0.06275
2025-09-13 23:00:00,0,600,0,626,26,0,False,0.14421,0.06275
2025-09-14 00:00:00,0,720,0,748,28,0,False,0.14421,0.06275
2025-09-14 01:00:00,0,701,0,729,28,0,False,0.14421,0.06275
2025-09-14 02:00:00,0,503,0,664,161,0,False,0.14421,0.06275
2025-09-14 03:00:00,0,473,0,507,34,0,False,0.14421,0.06275
2025-09-14 04:00:00,0,463,0,613,150,0,False,0.14421,0.06275
2025-09-14 05:00:00,0,761,0,808,47,0,False,0.14421,0.06275
2025-09-14 06:00:00,85,450,0,392,27,0,False,0.14421,0.06275
2025-09-14 07:00:00,1291,626,0,620,1285,0,False,0.14421,0.06275
2025-09-14 08:00:00,1519,484,0,519,1554,0,False,0.14421,0.06275
2025-09-14 09:00:00,3164,589,0,607,3182,0,False,0.14421,0.06275
2025-09-14 10:00:00,3790,497,0,538,3831,0,False,0.14421,0.06275
2025-09-14 11:00:00,5301,998,0,941,5244,0,False,0.14421,0.06275
2025-09-14 12:00:00,4065,3127,1443,714,209,0,False,0.14421,0.06275
2025-09-14 13:00:00,3867,5656,0,1937,148,0,False,0.14421,0.06275
2025-09-14 14:00:00,3586,2109,3579,0,0,2102,True,0.54232,0.46086
2025-09-14 15:00:00,1495,1339,1476,0,0,1320,True,0.54232,0.46086
2025-09-14 16:00:00,1321,627,1303,0,0,609,True,0.54232,0.46086
2025-09-14 17:00:00,409,707,391,0,0,689,True,0.54232,0.46086
2025-09-14 18:00:00,92,1695,92,3,0,1692,True,0.54232,0.46086
2025-09-14 19:00:00,0,1767,54,20,9,1810,False,0.14421,0.06275
2025-09-14 20:00:00,0,3511,55,0,0,3566,False,0.14421,0.06275
2025-09-14 21:00:00,0,1372,12,1038,51,397,False,0.14421,0.06275
2025-09-14 22:00:00,0,1782,0,1798,16,0,False,0.14421,0.06275
2025-09-14 23:00:00,0,941,0,965,24,0,False,0.14421,0.06275
2025-09-15 00:00:00,0,647,0,670,23,0,False,0.14421,0.06275
2025-09-15 01:00:00,0,609,0,773,164,0,False,0.14421,0.06275
2025-09-15 02:00:00,0,598,0,624,26,0,False,0.14421,0.06275
2025-09-15 03:00:00,0,598,0,755,157,0,False,0.14421,0.06275
2025-09-15 04:00:00,0,592,0,618,26,0,False,0.14421,0.06275
2025-09-15 05:00:00,0,594,0,750,156,0,False,0.14421,0.06275
2025-09-15 06:00:00,100,626,0,551,25,0,False,0.14421,0.06275
2025-09-15 07:00:00,1220,945,0,947,1222,0,False,0.14421,0.06275
2025-09-15 08:00:00,1641,751,0,768,1658,0,False,0.14421,0.06275
2025-09-15 09:00:00,1611,949,0,960,1622,0,False,0.14421,0.06275
2025-09-15 10:00:00,3213,880,0,946,3279,0,False,0.14421,0.06275
2025-09-15 11:00:00,4031,2047,0,2077,4061,0,False,0.14421,0.06275
2025-09-15 12:00:00,4575,699,892,364,3348,0,False,0.14421,0.06275
2025-09-15 13:00:00,4031,4504,130,872,269,0,False,0.14421,0.06275
2025-09-15 14:00:00,4489,662,4453,0,2,628,True,0.54232,0.46086
2025-09-15 15:00:00,2805,857,2793,0,0,845,True,0.54232,0.46086
2025-09-15 16:00:00,1356,644,1345,0,0,633,True,0.54232,0.46086
2025-09-15 17:00:00,347,748,331,0,0,732,True,0.54232,0.46086
2025-09-15 18:00:00,96,997,87,8,0,980,True,0.54232,0.46086
2025-09-15 19:00:00,0,1088,11,9,9,1099,False,0.14421,0.06275
2025-09-15 20:00:00,0,1613,8,8,0,1613,False,0.14421,0.06275
2025-09-15 21:00:00,0,2027,5,6,0,2026,False,0.14421,0.06275
2025-09-15 22:00:00,0,1141,14,10,0,1145,False,0.14421,0.06275
2025-09-15 23:00:00,0,867,2,14,0,855,False,0.14421,0.06275
2025-09-16 00:00:00,0,602,0,15,0,587,False,0.14421,0.06275
2025-09-16 01:00:00,0,751,0,190,48,609,False,0.14421,0.06275
2025-09-16 02:00:00,0,606,0,632,26,0,False,0.14421,0.06275
2025-09-16 03:00:00,0,879,0,903,24,0,False,0.14421,0.06275
2025-09-16 04:00:00,0,576,0,600,24,0,False,0.14421,0.06275
2025-09-16 05:00:00,0,596,0,742,146,0,False,0.14421,0.06275
2025-09-16 06:00:00,17,763,0,766,20,0,False,0.14421,0.06275
2025-09-16 07:00:00,459,1136,0,1120,443,0,False,0.14421,0.06275
2025-09-16 08:00:00,1233,1178,0,1176,1231,0,False,0.14421,0.06275
2025-09-16 09:00:00,3213,1773,0,1806,3246,0,False,0.14421,0.06275
2025-09-16 10:00:00,3258,2106,0,2147,3299,0,False,0.14421,0.06275
2025-09-16 11:00:00,5581,929,0,942,5594,0,False,0.14421,0.06275
2025-09-16 12:00:00,4129,828,1904,0,1397,0,False,0.14421,0.06275
2025-09-16 13:00:00,6011,685,5179,0,147,0,False,0.14421,0.06275
2025-09-16 14:00:00,3421,910,3423,0,0,912,True,0.54232,0.46086
2025-09-16 15:00:00,2121,691,2108,0,0,678,True,0.54232,0.46086
2025-09-16 16:00:00,1924,615,1905,0,0,596,True,0.54232,0.46086
2025-09-16 17:00:00,732,626,720,0,0,614,True,0.54232,0.46086
2025-09-16 18:00:00,168,904,162,0,0,898,True,0.54232,0.46086
2025-09-16 19:00:00,0,1310,7,14,9,1312,False,0.14421,0.06275
2025-09-16 20:00:00,0,1733,11,7,0,1737,False,0.14421,0.06275
2025-09-16 21:00:00,0,1711,15,0,0,1726,False,0.14421,0.06275
2025-09-16 22:00:00,0,848,21,7,0,862,False,0.14421,0.06275
2025-09-16 23:00:00,0,608,7,12,0,603,False,0.14421,0.06275
2025-09-17 00:00:00,0,599,5,17,0,587,False,0.14421,0.06275
2025-09-17 01:00:00,0,610,0,13,0,597,False,0.14421,0.06275
2025-09-17 02:00:00,0,650,2,231,50,471,False,0.14421,0.06275
2025-09-17 03:00:00,0,581,0,606,25,0,False,0.14421,0.06275
2025-09-17 04:00:00,0,593,0,615,22,0,False,0.14421,0.06275
2025-09-17 05:00:00,0,598,0,620,22,0,False,0.14421,0.06275
2025-09-17 06:00:00,38,628,0,710,120,0,False,0.14421,0.06275
2025-09-17 07:00:00,662,1394,0,1402,670,0,False,0.14421,0.06275
2025-09-17 08:00:00,1378,1023,0,1023,1378,0,False,0.14421,0.06275
2025-09-17 09:00:00,3122,877,0,907,3152,0,False,0.14421,0.06275
2025-09-17 10:00:00,4141,889,0,947,4199,0,False,0.14421,0.06275
2025-09-17 11:00:00,4638,1078,0,1159,4719,0,False,0.14421,0.06275
2025-09-17 12:00:00,5654,1816,2746,0,1092,0,False,0.14421,0.06275
2025-09-17 13:00:00,5478,5487,105,247,133,0,False,0.14421,0.06275
2025-09-17 14:00:00,3912,734,3871,0,3,696,True,0.54232,0.46086
2025-09-17 15:00:00,2365,724,2351,0,0,710,True,0.54232,0.46086
2025-09-17 16:00:00,1541,643,1525,0,0,627,True,0.54232,0.46086
2025-09-17 17:00:00,450,967,434,0,0,951,True,0.54232,0.46086
2025-09-17 18:00:00,150,885,138,7,0,866,True,0.54232,0.46086
2025-09-17 19:00:00,0,2686,27,17,13,2709,False,0.14421,0.06275
2025-09-17 20:00:00,0,4793,78,5,0,4866,False,0.14421,0.06275
2025-09-17 21:00:00,0,1208,3,412,79,878,False,0.14421,0.06275
2025-09-17 22:00:00,0,1777,0,1803,26,0,False,0.14421,0.06275
2025-09-17 23:00:00,0,1097,0,1118,21,0,False,0.14421,0.06275
2025-09-18 00:00:00,0,609,0,635,26,0,False,0.14421,0.06275
2025-09-18 01:00:00,0,607,0,768,161,0,False,0.14421,0.06275
2025-09-18 02:00:00,0,595,0,620,25,0,False,0.14421,0.06275
2025-09-18 03:00:00,0,592,0,752,160,0,False,0.14421,0.06275
2025-09-18 04:00:00,0,601,0,628,27,0,False,0.14421,0.06275
2025-09-18 05:00:00,0,716,0,861,145,0,False,0.14421,0.06275
2025-09-18 06:00:00,2,692,0,721,31,0,False,0.14421,0.06275
2025-09-18 07:00:00,470,1023,0,1016,463,0,False,0.14421,0.06275
2025-09-18 08:00:00,1232,1207,0,1220,1245,0,False,0.14421,0.06275
2025-09-18 09:00:00,1599,815,0,841,1625,0,False,0.14421,0.06275
2025-09-18 10:00:00,1862,834,0,873,1901,0,False,0.14421,0.06275
2025-09-18 11:00:00,2409,707,0,734,2436,0,False,0.14421,0.06275
2025-09-18 12:00:00,3047,690,0,731,3088,0,False,0.14421,0.06275
2025-09-18 13:00:00,3989,522,0,562,4029,0,False,0.14421,0.06275
2025-09-18 14:00:00,3489,612,3473,0,22,618,True,0.54232,0.46086
2025-09-18 15:00:00,2544,513,2534,0,0,503,True,0.54232,0.46086
2025-09-18 16:00:00,1180,548,1167,0,0,535,True,0.54232,0.46086
2025-09-18 17:00:00,274,549,259,0,0,534,True,0.54232,0.46086
2025-09-18 18:00:00,68,1013,56,3,0,998,True,0.54232,0.46086
2025-09-18 19:00:00,0,1614,17,24,22,1629,False,0.14421,0.06275
2025-09-18 20:00:00,0,1285,26,0,0,1311,False,0.14421,0.06275
2025-09-18 21:00:00,0,1607,44,0,0,1651,False,0.14421,0.06275
2025-09-18 22:00:00,0,1427,19,4,0,1442,False,0.14421,0.06275
2025-09-18 23:00:00,0,1103,28,5,0,1126,False,0.14421,0.06275
2025-09-19 00:00:00,0,558,0,13,0,545,False,0.14421,0.06275
2025-09-19 01:00:00,0,458,29,330,82,239,False,0.14421,0.06275
2025-09-19 02:00:00,0,550,0,578,28,0,False,0.14421,0.06275
2025-09-19 03:00:00,0,442,0,468,26,0,False,0.14421,0.06275
2025-09-19 04:00:00,0,460,0,487,27,0,False,0.14421,0.06275
2025-09-19 05:00:00,0,475,0,628,153,0,False,0.14421,0.06275
2025-09-19 06:00:00,42,622,0,604,24,0,False,0.14421,0.06275
2025-09-19 07:00:00,1313,1271,0,1249,1291,0,False,0.14421,0.06275
2025-09-19 08:00:00,2415,744,0,777,2448,0,False,0.14421,0.06275
2025-09-19 09:00:00,2894,559,0,638,2973,0,False,0.14421,0.06275
2025-09-19 10:00:00,4083,729,0,825,4179,0,False,0.14421,0.06275
2025-09-19 11:00:00,5040,687,723,517,4147,0,False,0.14421,0.06275
2025-09-19 12:00:00,5668,4693,1046,370,299,0,False,0.14421,0.06275
2025-09-19 13:00:00,5277,5835,48,741,135,0,False,0.14421,0.06275
2025-09-19 14:00:00,4017,583,4012,0,0,578,True,0.54232,0.46086
2025-09-19 15:00:00,2683,676,2670,0,0,663,True,0.54232,0.46086
2025-09-19 16:00:00,1159,1086,1144,0,0,1071,True,0.54232,0.46086
2025-09-19 17:00:00,264,920,251,0,0,907,True,0.54232,0.46086
2025-09-19 18:00:00,60,1297,50,1,0,1286,True,0.54232,0.46086
2025-09-19 19:00:00,0,1417,8,12,12,1425,False,0.14421,0.06275
2025-09-19 20:00:00,0,1899,7,7,0,1899,False,0.14421,0.06275
2025-09-19 21:00:00,0,1073,15,4,0,1084,False,0.14421,0.06275
2025-09-19 22:00:00,0,1707,29,5,0,1731,False,0.14421,0.06275
2025-09-19 23:00:00,0,929,2,8,0,923,False,0.14421,0.06275
2025-09-20 00:00:00,0,1083,0,784,50,349,False,0.14421,0.06275
2025-09-20 01:00:00,0,457,0,484,27,0,False,0.14421,0.06275
2025-09-20 02:00:00,0,470,0,495,25,0,False,0.14421,0.06275
2025-09-20 03:00:00,0,482,0,627,145,0,False,0.14421,0.06275
2025-09-20 04:00:00,0,448,0,480,32,0,False,0.14421,0.06275
2025-09-20 05:00:00,0,462,0,617,155,0,False,0.14421,0.06275
2025-09-20 06:00:00,42,454,0,444,32,0,False,0.14421,0.06275
2025-09-20 07:00:00,1439,488,0,479,1430,0,False,0.14421,0.06275
2025-09-20 08:00:00,2583,750,0,781,2614,0,False,0.14421,0.06275
2025-09-20 09:00:00,3017,670,0,704,3051,0,False,0.14421,0.06275
2025-09-20 10:00:00,4299,781,0,837,4355,0,False,0.14421,0.06275
2025-09-20 11:00:00,5565,495,1995,303,3378,0,False,0.14421,0.06275
2025-09-20 12:00:00,5880,470,5042,0,368,0,False,0.14421,0.06275
2025-09-20 13:00:00,5590,4712,1133,392,137,0,False,0.14421,0.06275
2025-09-20 14:00:00,4274,930,4274,0,1,931,True,0.54232,0.46086
2025-09-20 15:00:00,2517,715,2510,0,0,708,True,0.54232,0.46086
2025-09-20 16:00:00,1138,560,1121,0,0,543,True,0.54232,0.46086
2025-09-20 17:00:00,280,859,263,0,0,842,True,0.54232,0.46086
2025-09-20 18:00:00,54,529,47,2,0,520,True,0.54232,0.46086
2025-09-20 19:00:00,0,2786,18,18,13,2799,False,0.14421,0.06275
2025-09-20 20:00:00,0,2746,39,0,0,2785,False,0.14421,0.06275
2025-09-20 21:00:00,0,1160,9,13,0,1156,False,0.14421,0.06275
2025-09-20 22:00:00,0,1538,27,14,0,1551,False,0.14421,0.06275
2025-09-20 23:00:00,0,763,0,646,58,175,False,0.14421,0.06275
2025-09-21 00:00:00,0,483,0,509,26,0,False,0.14421,0.06275
2025-09-21 01:00:00,0,477,0,504,27,0,False,0.14421,0.06275
2025-09-21 02:00:00,0,455,0,480,25,0,False,0.14421,0.06275
2025-09-21 03:00:00,0,465,0,586,121,0,False,0.14421,0.06275
2025-09-21 04:00:00,0,464,0,588,124,0,False,0.14421,0.06275
2025-09-21 05:00:00,0,475,0,504,29,0,False,0.14421,0.06275
2025-09-21 06:00:00,58,468,0,526,116,0,False,0.14421,0.06275
2025-09-21 07:00:00,1481,784,0,774,1471,0,False,0.14421,0.06275
2025-09-21 08:00:00,2443,578,0,613,2478,0,False,0.14421,0.06275
2025-09-21 09:00:00,3012,713,0,768,3067,0,False,0.14421,0.06275
2025-09-21 10:00:00,4217,531,0,552,4238,0,False,0.14421,0.06275
2025-09-21 11:00:00,4400,479,585,419,3755,0,False,0.14421,0.06275
2025-09-21 12:00:00,4644,512,3903,0,229,0,False,0.14421,0.06275
2025-09-21 13:00:00,4606,5282,0,792,116,0,False,0.14421,0.06275
2025-09-21 14:00:00,3892,742,3899,0,2,751,True,0.54232,0.46086
2025-09-21 15:00:00,2469,1044,2457,0,0,1032,True,0.54232,0.46086
2025-09-21 16:00:00,1389,602,1375,0,0,588,True,0.54232,0.46086
2025-09-21 17:00:00,629,1241,630,0,0,1242,True,0.54232,0.46086
2025-09-21 18:00:00,105,767,95,1,0,756,True,0.54232,0.46086
2025-09-21 19:00:00,0,1162,9,21,14,1164,False,0.14421,0.06275
2025-09-21 20:00:00,0,1211,33,0,0,1244,False,0.14421,0.06275
2025-09-21 21:00:00,0,850,5,5,0,850,False,0.14421,0.06275
2025-09-21 22:00:00,0,856,9,8,0,857,False,0.14421,0.06275
2025-09-21 23:00:00,0,623,0,11,0,612,False,0.14421,0.06275
2025-09-22 00:00:00,0,606,4,12,0,598,False,0.14421,0.06275
2025-09-22 01:00:00,0,617,1,14,0,604,False,0.14421,0.06275
2025-09-22 02:00:00,0,440,0,15,0,425,False,0.14421,0.06275
2025-09-22 03:00:00,0,458,0,15,0,443,False,0.14421,0.06275
2025-09-22 04:00:00,0,466,0,247,54,273,False,0.14421,0.06275
2025-09-22 05:00:00,0,432,0,456,24,0,False,0.14421,0.06275
2025-09-22 06:00:00,67,588,0,544,23,0,False,0.14421,0.06275
2025-09-22 07:00:00,1055,1012,0,1003,1046,0,False,0.14421,0.06275
2025-09-22 08:00:00,2356,3529,0,3588,2415,0,False,0.14421,0.06275
2025-09-22 09:00:00,2544,1750,0,1769,2563,0,False,0.14421,0.06275
2025-09-22 10:00:00,3753,2451,0,2472,3774,0,False,0.14421,0.06275
2025-09-22 11:00:00,3768,1066,0,1110,3812,0,False,0.14421,0.06275
2025-09-22 12:00:00,5537,3675,565,393,1690,0,False,0.14421,0.06275
2025-09-22 13:00:00,5355,1515,3718,0,122,0,False,0.14421,0.06275
2025-09-22 14:00:00,4071,981,4040,0,5,955,True,0.54232,0.46086
2025-09-22 15:00:00,2279,582,2270,0,0,573,True,0.54232,0.46086
2025-09-22 16:00:00,1048,558,1033,0,0,543,True,0.54232,0.46086
2025-09-22 17:00:00,378,764,362,0,0,748,True,0.54232,0.46086
2025-09-22 18:00:00,138,897,131,3,0,887,True,0.54232,0.46086
2025-09-22 19:00:00,0,1106,7,20,11,1104,False,0.14421,0.06275
2025-09-22 20:00:00,0,839,4,3,0,840,False,0.14421,0.06275
2025-09-22 21:00:00,0,1455,18,3,0,1470,False,0.14421,0.06275
2025-09-22 22:00:00,0,1367,10,10,0,1367,False,0.14421,0.06275
2025-09-22 23:00:00,0,487,0,5,0,482,False,0.14421,0.06275
2025-09-23 00:00:00,0,479,0,13,0,466,False,0.14421,0.06275
2025-09-23 01:00:00,0,464,0,12,0,452,False,0.14421,0.06275
2025-09-23 02:00:00,0,451,2,15,0,438,False,0.14421,0.06275
2025-09-23 03:00:00,0,454,4,3,0,455,False,0.14421,0.06275
2025-09-23 04:00:00,0,480,0,16,0,464,False,0.14421,0.06275
2025-09-23 05:00:00,0,437,32,416,83,136,False,0.14421,0.06275
2025-09-23 06:00:00,26,509,0,503,20,0,False,0.14421,0.06275
2025-09-23 07:00:00,1027,1005,0,998,1020,0,False,0.14421,0.06275
2025-09-23 08:00:00,2150,874,0,909,2185,0,False,0.14421,0.06275
2025-09-23 09:00:00,2657,630,0,639,2666,0,False,0.14421,0.06275
2025-09-23 10:00:00,3760,680,0,705,3785,0,False,0.14421,0.06275
2025-09-23 11:00:00,4160,480,0,518,4198,0,False,0.14421,0.06275
2025-09-23 12:00:00,4058,512,2291,126,1381,0,False,0.14421,0.06275
2025-09-23 13:00:00,2879,789,1975,0,115,0,False,0.14421,0.06275
2025-09-23 14:00:00,1832,617,1839,0,0,624,True,0.54232,0.46086
2025-09-23 15:00:00,1421,652,1409,0,0,640,True,0.54232,0.46086
2025-09-23 16:00:00,1152,456,1142,0,0,446,True,0.54232,0.46086
2025-09-23 17:00:00,219,1188,225,0,0,1194,True,0.54232,0.46086
2025-09-23 18:00:00,5,1224,3,12,0,1210,True,0.54232,0.46086
2025-09-23 19:00:00,0,3007,35,18,16,3040,False,0.14421,0.06275
2025-09-23 20:00:00,0,3876,65,1,0,3940,False,0.14421,0.06275
2025-09-23 21:00:00,0,1420,21,340,75,1176,False,0.14421,0.06275
2025-09-23 22:00:00,0,1687,0,1711,24,0,False,0.14421,0.06275
2025-09-23 23:00:00,0,1326,0,1352,26,0,False,0.14421,0.06275
2025-09-24 00:00:00,0,1208,0,1232,24,0,False,0.14421,0.06275
2025-09-24 01:00:00,0,1042,0,1194,152,0,False,0.14421,0.06275
2025-09-24 02:00:00,0,832,0,861,29,0,False,0.14421,0.06275
2025-09-24 03:00:00,0,709,0,858,149,0,False,0.14421,0.06275
2025-09-24 04:00:00,0,1159,0,1189,30,0,False,0.14421,0.06275
2025-09-24 05:00:00,0,617,0,645,28,0,False,0.14421,0.06275
2025-09-24 06:00:00,0,810,0,968,158,0,False,0.14421,0.06275
2025-09-24 07:00:00,202,1249,0,1239,192,0,False,0.14421,0.06275
2025-09-24 08:00:00,505,860,0,848,493,0,False,0.14421,0.06275
2025-09-24 09:00:00,575,774,0,772,573,0,False,0.14421,0.06275
2025-09-24 10:00:00,1249,592,0,596,1253,0,False,0.14421,0.06275
2025-09-24 11:00:00,1167,585,0,611,1193,0,False,0.14421,0.06275
2025-09-24 12:00:00,1205,439,0,470,1236,0,False,0.14421,0.06275
2025-09-24 13:00:00,559,606,0,604,557,0,False,0.14421,0.06275
2025-09-24 14:00:00,387,695,384,0,7,699,True,0.54232,0.46086
2025-09-24 15:00:00,346,675,337,0,0,666,True,0.54232,0.46086
2025-09-24 16:00:00,187,487,168,0,0,468,True,0.54232,0.46086
2025-09-24 17:00:00,54,689,37,0,0,672,True,0.54232,0.46086
2025-09-24 18:00:00,3,718,0,10,0,705,True,0.54232,0.46086
2025-09-24 19:00:00,0,1659,15,1157,60,577,False,0.14421,0.06275
2025-09-24 20:00:00,0,1550,0,1566,16,0,False,0.14421,0.06275
2025-09-24 21:00:00,0,1917,0,1939,22,0,False,0.14421,0.06275
2025-09-24 22:00:00,0,1715,0,1857,143,1,False,0.14421,0.06275
2025-09-24 23:00:00,0,895,0,921,26,0,False,0.14421,0.06275
2025-09-25 00:00:00,0,623,0,779,156,0,False,0.14421,0.06275
2025-09-25 01:00:00,0,675,0,707,32,0,False,0.14421,0.06275
2025-09-25 02:00:00,0,707,0,857,150,0,False,0.14421,0.06275
2025-09-25 03:00:00,0,780,0,812,32,0,False,0.14421,0.06275
2025-09-25 04:00:00,0,529,0,688,159,0,False,0.14421,0.06275
2025-09-25 05:00:00,0,525,0,555,30,0,False,0.14421,0.06275
2025-09-25 06:00:00,0,802,0,966,164,0,False,0.14421,0.06275
2025-09-25 07:00:00,27,1015,0,1029,41,0,False,0.14421,0.06275
2025-09-25 08:00:00,235,620,0,615,230,0,False,0.14421,0.06275
2025-09-25 09:00:00,368,876,0,885,377,0,False,0.14421,0.06275
2025-09-25 10:00:00,851,616,0,625,860,0,False,0.14421,0.06275
2025-09-25 11:00:00,1143,654,0,671,1160,0,False,0.14421,0.06275
2025-09-25 12:00:00,1483,577,0,597,1503,0,False,0.14421,0.06275
2025-09-25 13:00:00,658,538,0,10898,11018,0,False,0.14421,0.06275
2025-09-25 14:00:00,636,466,612,0,9,451,True,0.54232,0.46086
2025-09-25 15:00:00,498,444,484,0,0,430,True,0.54232,0.46086
2025-09-25 16:00:00,268,805,264,0,0,801,True,0.54232,0.46086
2025-09-25 17:00:00,117,694,100,2,0,675,True,0.54232,0.46086
2025-09-25 18:00:00,8,767,3,11,0,751,True,0.54232,0.46086
2025-09-25 19:00:00,0,1110,47,17,17,1157,False,0.14421,0.06275
2025-09-25 20:00:00,0,1220,68,0,0,1288,False,0.14421,0.06275
2025-09-25 21:00:00,0,852,6,10,0,848,False,0.14421,0.06275
2025-09-25 22:00:00,0,1831,78,7,0,1902,False,0.14421,0.06275
2025-09-25 23:00:00,0,1299,34,5,0,1328,False,0.14421,0.06275
2025-09-26 00:00:00,0,785,8,382,82,493,False,0.14421,0.06275
2025-09-26 01:00:00,0,1217,0,1248,31,0,False,0.14421,0.06275
2025-09-26 02:00:00,0,635,0,666,31,0,False,0.14421,0.06275
2025-09-26 03:00:00,0,487,0,518,31,0,False,0.14421,0.06275
2025-09-26 04:00:00,0,1072,0,1230,158,0,False,0.14421,0.06275
2025-09-26 05:00:00,0,450,0,480,30,0,False,0.14421,0.06275
2025-09-26 06:00:00,15,623,0,765,157,0,False,0.14421,0.06275
2025-09-26 07:00:00,646,1110,0,1105,641,0,False,0.14421,0.06275
2025-09-26 08:00:00,2011,618,0,640,2033,0,False,0.14421,0.06275
2025-09-26 09:00:00,2994,846,0,895,3043,0,False,0.14421,0.06275
2025-09-26 10:00:00,3913,677,0,703,3939,0,False,0.14421,0.06275
2025-09-26 11:00:00,4735,733,668,523,3857,0,False,0.14421,0.06275
2025-09-26 12:00:00,4384,565,3303,0,516,0,False,0.14421,0.06275
2025-09-26 13:00:00,3806,651,3080,0,75,0,False,0.14421,0.06275
2025-09-26 14:00:00,3797,556,3765,0,0,524,True,0.54232,0.46086
2025-09-26 15:00:00,2085,560,2075,0,0,550,True,0.54232,0.46086
2025-09-26 16:00:00,730,1160,715,0,0,1145,True,0.54232,0.46086
2025-09-26 17:00:00,239,853,230,0,0,844,True,0.54232,0.46086
2025-09-26 18:00:00,28,1519,22,2,0,1511,True,0.54232,0.46086
2025-09-26 19:00:00,0,1127,13,7,7,1140,False,0.14421,0.06275
2025-09-26 20:00:00,0,4558,44,12,0,4590,False,0.14421,0.06275
2025-09-26 21:00:00,0,1045,6,11,0,1040,False,0.14421,0.06275
2025-09-26 22:00:00,0,1872,0,1876,45,41,False,0.14421,0.06275
2025-09-26 23:00:00,0,1730,0,1755,26,1,False,0.14421,0.06275
2025-09-27 00:00:00,0,840,0,861,21,0,False,0.14421,0.06275
2025-09-27 01:00:00,0,701,0,725,24,0,False,0.14421,0.06275
2025-09-27 02:00:00,0,626,0,786,160,0,False,0.14421,0.06275
2025-09-27 03:00:00,0,584,0,612,28,0,False,0.14421,0.06275
2025-09-27 04:00:00,0,785,0,930,145,0,False,0.14421,0.06275
2025-09-27 05:00:00,0,502,0,531,29,0,False,0.14421,0.06275
2025-09-27 06:00:00,8,645,0,791,154,0,False,0.14421,0.06275
2025-09-27 07:00:00,1023,782,0,771,1012,0,False,0.14421,0.06275
2025-09-27 08:00:00,2110,844,0,879,2145,0,False,0.14421,0.06275
2025-09-27 09:00:00,2407,1264,0,1280,2423,0,False,0.14421,0.06275
2025-09-27 10:00:00,3592,664,0,673,3601,0,False,0.14421,0.06275
2025-09-27 11:00:00,5055,725,76,600,4854,0,False,0.14421,0.06275
2025-09-27 12:00:00,5568,795,4339,0,434,0,False,0.14421,0.06275
2025-09-27 13:00:00,2194,1498,680,34,50,0,False,0.14421,0.06275
2025-09-27 14:00:00,3145,1085,3111,0,0,1051,True,0.54232,0.46086
2025-09-27 15:00:00,2172,1464,2176,0,0,1468,True,0.54232,0.46086
2025-09-27 16:00:00,1249,634,1239,0,0,624,True,0.54232,0.46086
2025-09-27 17:00:00,532,983,521,0,0,972,True,0.54232,0.46086
2025-09-27 18:00:00,27,1260,28,0,0,1261,True,0.54232,0.46086
2025-09-27 19:00:00,0,1579,42,22,22,1621,False,0.14421,0.06275
2025-09-27 20:00:00,0,1182,39,9,0,1212,False,0.14421,0.06275
2025-09-27 21:00:00,0,1693,26,13,0,1706,False,0.14421,0.06275
2025-09-27 22:00:00,0,1955,14,453,24,1540,False,0.14421,0.06275
2025-09-27 23:00:00,0,1237,0,1267,30,0,False,0.14421,0.06275
2025-09-28 00:00:00,0,1193,0,1217,24,0,False,0.14421,0.06275
2025-09-28 01:00:00,0,888,0,914,26,0,False,0.14421,0.06275
2025-09-28 02:00:00,0,1011,0,1036,25,0,False,0.14421,0.06275
2025-09-28 03:00:00,0,695,0,853,158,0,False,0.14421,0.06275
2025-09-28 04:00:00,0,640,0,669,29,0,False,0.14421,0.06275
2025-09-28 05:00:00,0,750,0,898,148,0,False,0.14421,0.06275
2025-09-28 06:00:00,0,776,0,809,33,0,False,0.14421,0.06275
2025-09-28 07:00:00,300,516,0,492,276,0,False,0.14421,0.06275
2025-09-28 08:00:00,965,1095,0,1095,965,0,False,0.14421,0.06275
2025-09-28 09:00:00,1635,818,0,825,1642,0,False,0.14421,0.06275
2025-09-28 10:00:00,3655,782,0,797,3670,0,False,0.14421,0.06275
2025-09-28 11:00:00,4989,546,0,614,5057,0,False,0.14421,0.06275
2025-09-28 12:00:00,5289,841,1594,243,3097,0,False,0.14421,0.06275
2025-09-28 13:00:00,4984,6335,0,1408,57,0,False,0.14421,0.06275
2025-09-28 14:00:00,3687,1860,3589,0,2,1764,True,0.54232,0.46086
2025-09-28 15:00:00,1991,1673,1983,0,0,1665,True,0.54232,0.46086
2025-09-28 16:00:00,878,650,862,0,0,634,True,0.54232,0.46086
2025-09-28 17:00:00,249,1394,231,0,0,1376,True,0.54232,0.46086
2025-09-28 18:00:00,31,1808,35,11,0,1801,True,0.54232,0.46086
2025-09-28 19:00:00,0,3772,84,11,8,3853,False,0.14421,0.06275
2025-09-28 20:00:00,0,3794,0,2896,34,932,False,0.14421,0.06275
2025-09-28 21:00:00,0,1682,0,1702,20,0,False,0.14421,0.06275
2025-09-28 22:00:00,0,1796,0,1822,26,0,False,0.14421,0.06275
2025-09-28 23:00:00,0,1543,0,1563,20,0,False,0.14421,0.06275
2025-09-29 00:00:00,0,1135,0,1289,155,1,False,0.14421,0.06275
2025-09-29 01:00:00,0,621,0,643,22,0,False,0.14421,0.06275
2025-09-29 02:00:00,0,995,0,1147,152,0,False,0.14421,0.06275
2025-09-29 03:00:00,0,708,0,733,25,0,False,0.14421,0.06275
2025-09-29 04:00:00,0,607,0,756,149,0,False,0.14421,0.06275
2025-09-29 05:00:00,0,600,0,734,134,0,False,0.14421,0.06275
2025-09-29 06:00:00,2,714,0,743,31,0,False,0.14421,0.06275
2025-09-29 07:00:00,1029,970,0,950,1009,0,False,0.14421,0.06275
2025-09-29 08:00:00,1948,763,0,814,1999,0,False,0.14421,0.06275
2025-09-29 09:00:00,2345,849,0,838,2334,0,False,0.14421,0.06275
2025-09-29 10:00:00,3592,684,0,724,3632,0,False,0.14421,0.06275
2025-09-29 11:00:00,4628,646,0,636,4618,0,False,0.14421,0.06275
2025-09-29 12:00:00,3912,615,2123,224,1398,0,False,0.14421,0.06275
2025-09-29 13:00:00,4577,622,3913,0,42,0,False,0.14421,0.06275
2025-09-29 14:00:00,3625,625,3639,0,0,639,True,0.54232,0.46086
2025-09-29 15:00:00,1854,583,1832,0,0,561,True,0.54232,0.46086
2025-09-29 16:00:00,1133,601,1112,0,0,580,True,0.54232,0.46086
2025-09-29 17:00:00,527,765,508,0,0,746,True,0.54232,0.46086
2025-09-29 18:00:00,29,1719,37,6,0,1721,True,0.54232,0.46086
2025-09-29 19:00:00,0,1553,29,18,12,1576,False,0.14421,0.06275
2025-09-29 20:00:00,0,1328,1,19,0,1310,False,0.14421,0.06275
2025-09-29 21:00:00,0,1278,29,9,0,1298,False,0.14421,0.06275
2025-09-29 22:00:00,0,1852,5,6,0,1851,False,0.14421,0.06275
2025-09-29 23:00:00,0,766,18,5,0,779,False,0.14421,0.06275
2025-09-30 00:00:00,0,666,1,14,0,653,False,0.14421,0.06275
2025-09-30 01:00:00,0,753,0,747,77,83,False,0.14421,0.06275
2025-09-30 02:00:00,0,492,0,520,28,0,False,0.14421,0.06275
2025-09-30 03:00:00,0,476,0,502,26,0,False,0.14421,0.06275
2025-09-30 04:00:00,0,684,0,713,29,0,False,0.14421,0.06275
2025-09-30 05:00:00,0,684,0,838,154,0,False,0.14421,0.06275
2025-09-30 06:00:00,6,481,0,501,26,0,False,0.14421,0.06275
2025-09-30 07:00:00,571,825,0,804,550,0,False,0.14421,0.06275
2025-09-30 08:00:00,1362,657,0,663,1368,0,False,0.14421,0.06275
2025-09-30 09:00:00,2568,617,0,692,2643,0,False,0.14421,0.06275
2025-09-30 10:00:00,3292,452,0,475,3315,0,False,0.14421,0.06275
2025-09-30 11:00:00,4432,469,0,521,4484,0,False,0.14421,0.06275
2025-09-30 12:00:00,4791,476,1807,280,2788,0,False,0.14421,0.06275
2025-09-30 13:00:00,4540,490,3898,0,152,0,False,0.14421,0.06275
2025-09-30 14:00:00,3641,471,3645,0,0,475,True,0.54232,0.46086
2025-09-30 15:00:00,1988,441,1976,0,0,429,True,0.54232,0.46086
2025-09-30 16:00:00,965,463,951,0,0,449,True,0.54232,0.46086
2025-09-30 17:00:00,268,499,253,0,0,484,True,0.54232,0.46086
2025-09-30 18:00:00,32,1051,29,5,0,1043,True,0.54232,0.46086
2025-09-30 19:00:00,0,1112,25,15,14,1136,False,0.14421,0.06275
2025-09-30 20:00:00,0,2944,34,6,0,2972,False,0.14421,0.06275
2025-09-30 21:00:00,0,1787,35,6,0,1816,False,0.14421,0.06275
2025-09-30 22:00:00,0,1559,5,12,0,1552,False,0.14421,0.06275
2025-09-30 23:00:00,0,831,2,11,0,822,False,0.14421,0.06275
2025-10-01 00:00:00,0,784,0,209,48,623,False,0.14336,0.0619
2025-10-01 01:00:00,0,554,0,590,36,0,False,0.14336,0.0619
2025-10-01 02:00:00,0,617,0,644,27,0,False,0.14336,0.0619
2025-10-01 03:00:00,0,491,0,518,27,0,False,0.14336,0.0619
2025-10-01 04:00:00,0,475,0,607,132,0,False,0.14336,0.0619
2025-10-01 05:00:00,0,478,0,509,31,0,False,0.14336,0.0619
2025-10-01 06:00:00,3,513,0,640,130,0,False,0.14336,0.0619
2025-10-01 07:00:00,943,901,0,880,922,0,False,0.14336,0.0619
2025-10-01 08:00:00,1819,696,0,717,1840,0,False,0.14336,0.0619
2025-10-01 09:00:00,2355,507,0,525,2373,0,False,0.14336,0.0619
2025-10-01 10:00:00,3648,450,0,504,3702,0,False,0.14336,0.0619
2025-10-01 11:00:00,5170,459,0,509,5220,0,False,0.14336,0.0619
2025-10-01 12:00:00,5444,510,3897,0,1037,0,False,0.14336,0.0619
2025-10-01 13:00:00,5169,457,4523,0,189,0,False,0.14336,0.0619
2025-10-01 14:00:00,3738,472,3187,0,79,0,False,0.14336,0.0619
2025-10-01 15:00:00,1986,489,1409,0,88,0,False,0.14336,0.0619
2025-10-01 16:00:00,865,461,867,0,0,463,True,0.34371,0.26225
2025-10-01 17:00:00,208,689,199,0,0,680,True,0.34371,0.26225
2025-10-01 18:00:00,19,652,20,3,0,650,True,0.34371,0.26225
2025-10-01 19:00:00,0,1142,1,10,0,1133,True,0.34371,0.26225
2025-10-01 20:00:00,0,1210,17,23,21,1225,False,0.14336,0.0619
2025-10-01 21:00:00,0,2107,64,3,0,2168,False,0.14336,0.0619
2025-10-01 22:00:00,0,986,32,4,0,1014,False,0.14336,0.0619
2025-10-01 23:00:00,0,545,0,18,0,527,False,0.14336,0.0619
2025-10-02 00:00:00,0,469,0,19,0,450,False,0.14336,0.0619
2025-10-02 01:00:00,0,595,0,18,0,577,False,0.14336,0.0619
2025-10-02 02:00:00,0,479,0,14,0,465,False,0.14336,0.0619
2025-10-02 03:00:00,0,466,0,13,0,453,False,0.14336,0.0619
2025-10-02 04:00:00,0,603,0,11,0,592,False,0.14336,0.0619
2025-10-02 05:00:00,0,459,0,10,0,449,False,0.14336,0.0619
2025-10-02 06:00:00,2,580,27,62,58,601,False,0.14336,0.0619
2025-10-02 07:00:00,908,932,0,913,915,26,False,0.14336,0.0619
2025-10-02 08:00:00,1614,646,0,666,1634,0,False,0.14336,0.0619
2025-10-02 09:00:00,2295,468,0,482,2309,0,False,0.14336,0.0619
2025-10-02 10:00:00,3575,475,0,478,3578,0,False,0.14336,0.0619
2025-10-02 11:00:00,5088,448,0,518,5158,0,False,0.14336,0.0619
2025-10-02 12:00:00,5369,494,3452,0,1423,0,False,0.14336,0.0619
2025-10-02 13:00:00,5074,461,4447,0,166,0,False,0.14336,0.0619
2025-10-02 14:00:00,3715,471,3173,0,71,0,False,0.14336,0.0619
2025-10-02 15:00:00,1954,484,1374,0,96,0,False,0.14336,0.0619
2025-10-02 16:00:00,936,452,944,0,4,464,True,0.34371,0.26225
2025-10-02 17:00:00,262,714,246,0,0,698,True,0.34371,0.26225
2025-10-02 18:00:00,23,684,21,3,0,679,True,0.34371,0.26225
2025-10-02 19:00:00,0,1016,0,18,0,998,True,0.34371,0.26225
2025-10-02 20:00:00,0,3270,7,25,20,3272,False,0.14336,0.0619
2025-10-02 21:00:00,0,1216,12,1,0,1227,False,0.14336,0.0619
2025-10-02 22:00:00,0,1426,0,9,0,1417,False,0.14336,0.0619
2025-10-02 23:00:00,0,755,10,15,0,750,False,0.14336,0.0619
2025-10-03 00:00:00,0,583,0,11,0,572,False,0.14336,0.0619
2025-10-03 01:00:00,0,569,0,11,0,558,False,0.14336,0.0619
2025-10-03 02:00:00,0,556,0,17,0,539,False,0.14336,0.0619
2025-10-03 03:00:00,0,448,0,19,0,429,False,0.14336,0.0619
2025-10-03 04:00:00,0,533,0,501,52,84,False,0.14336,0.0619
2025-10-03 05:00:00,0,473,0,498,25,0,False,0.14336,0.0619
2025-10-03 06:00:00,0,482,0,503,21,0,False,0.14336,0.0619
2025-10-03 07:00:00,848,880,0,867,835,0,False,0.14336,0.0619
2025-10-03 08:00:00,1389,844,0,846,1391,0,False,0.14336,0.0619
2025-10-03 09:00:00,2218,602,0,608,2224,0,False,0.14336,0.0619
2025-10-03 10:00:00,3423,566,0,612,3469,0,False,0.14336,0.0619
2025-10-03 11:00:00,4943,738,0,767,4972,0,False,0.14336,0.0619
2025-10-03 12:00:00,5215,495,2575,144,2289,0,False,0.14336,0.0619
2025-10-03 13:00:00,4852,503,4236,0,113,0,False,0.14336,0.0619
2025-10-03 14:00:00,3479,501,2932,0,46,0,False,0.14336,0.0619
2025-10-03 15:00:00,1821,496,1255,0,70,0,False,0.14336,0.0619
2025-10-03 16:00:00,786,484,777,0,7,482,True,0.34371,0.26225
2025-10-03 17:00:00,191,697,173,0,0,679,True,0.34371,0.26225
2025-10-03 18:00:00,13,676,24,7,0,680,True,0.34371,0.26225
2025-10-03 19:00:00,0,1015,0,17,0,998,True,0.34371,0.26225
2025-10-03 20:00:00,0,1339,31,19,19,1370,False,0.14336,0.0619
2025-10-03 21:00:00,0,2075,62,0,0,2137,False,0.14336,0.0619
2025-10-03 22:00:00,0,1520,8,4,0,1524,False,0.14336,0.0619
2025-10-03 23:00:00,0,632,0,16,0,616,False,0.14336,0.0619
2025-10-04 00:00:00,0,597,3,14,0,586,False,0.14336,0.0619
2025-10-04 01:00:00,0,459,4,2,0,461,False,0.14336,0.0619
2025-10-04 02:00:00,0,571,5,12,0,564,False,0.14336,0.0619
2025-10-04 03:00:00,0,477,0,18,0,459,False,0.14336,0.0619
2025-10-04 04:00:00,0,584,2,10,0,576,False,0.14336,0.0619
2025-10-04 05:00:00,0,473,0,121,72,424,False,0.14336,0.0619
2025-10-04 06:00:00,4,540,0,563,27,0,False,0.14336,0.0619
2025-10-04 07:00:00,817,708,0,700,809,0,False,0.14336,0.0619
2025-10-04 08:00:00,1255,1322,0,1344,1277,0,False,0.14336,0.0619
2025-10-04 09:00:00,2078,689,0,706,2095,0,False,0.14336,0.0619
2025-10-04 10:00:00,3208,614,0,634,3228,0,False,0.14336,0.0619
2025-10-04 11:00:00,4718,564,0,607,4761,0,False,0.14336,0.0619
2025-10-04 12:00:00,5018,575,1802,305,2946,0,False,0.14336,0.0619
2025-10-04 13:00:00,4640,5648,1488,2627,131,0,False,0.14336,0.0619
2025-10-04 14:00:00,3367,5028,0,1709,48,0,False,0.14336,0.0619
2025-10-04 15:00:00,1829,1109,675,0,45,0,False,0.14336,0.0619
2025-10-04 16:00:00,820,782,817,0,0,779,True,0.34371,0.26225
2025-10-04 17:00:00,233,823,211,0,0,801,True,0.34371,0.26225
2025-10-04 18:00:00,16,794,13,13,0,778,True,0.34371,0.26225
2025-10-04 19:00:00,0,1639,0,16,0,1623,True,0.34371,0.26225
2025-10-04 20:00:00,0,4466,18,23,18,4479,False,0.14336,0.0619
2025-10-04 21:00:00,0,1523,34,2,0,1555,False,0.14336,0.0619
2025-10-04 22:00:00,0,1223,13,1,0,1235,False,0.14336,0.0619
2025-10-04 23:00:00,0,809,3,33,12,791,False,0.14336,0.0619
2025-10-05 00:00:00,0,733,0,775,54,12,False,0.14336,0.0619
2025-10-05 01:00:00,0,705,0,734,29,0,False,0.14336,0.0619
2025-10-05 02:00:00,0,726,0,752,26,0,False,0.14336,0.0619
2025-10-05 03:00:00,0,599,0,625,26,0,False,0.14336,0.0619
2025-10-05 04:00:00,0,725,0,877,152,0,False,0.14336,0.0619
2025-10-05 05:00:00,0,599,0,624,25,0,False,0.14336,0.0619
2025-10-05 06:00:00,0,664,0,817,154,1,False,0.14336,0.0619
2025-10-05 07:00:00,701,934,0,917,684,0,False,0.14336,0.0619
2025-10-05 08:00:00,1109,992,0,1001,1118,0,False,0.14336,0.0619
2025-10-05 09:00:00,1969,660,0,677,1986,0,False,0.14336,0.0619
2025-10-05 10:00:00,3131,584,0,607,3154,0,False,0.14336,0.0619
2025-10-05 11:00:00,4664,471,0,521,4714,0,False,0.14336,0.0619
2025-10-05 12:00:00,4938,466,1266,241,3447,0,False,0.14336,0.0619
2025-10-05 13:00:00,4543,4542,1031,1208,178,0,False,0.14336,0.0619
2025-10-05 14:00:00,3275,3402,847,1024,50,0,False,0.14336,0.0619
2025-10-05 15:00:00,1664,1139,562,96,59,0,False,0.14336,0.0619
2025-10-05 16:00:00,727,604,734,0,0,611,True,0.34371,0.26225
2025-10-05 17:00:00,187,1103,168,0,0,1084,True,0.34371,0.26225
2025-10-05 18:00:00,9,1585,8,11,0,1573,True,0.34371,0.26225
2025-10-05 19:00:00,0,1055,9,11,0,1053,True,0.34371,0.26225
2025-10-05 20:00:00,0,2189,6,30,17,2182,False,0.14336,0.0619
2025-10-05 21:00:00,0,2377,31,7,1,2402,False,0.14336,0.0619
2025-10-05 22:00:00,0,1604,28,2,0,1630,False,0.14336,0.0619
2025-10-05 23:00:00,0,1083,38,5,0,1116,False,0.14336,0.0619
2025-10-06 00:00:00,0,487,35,189,74,407,False,0.14336,0.0619
2025-10-06 01:00:00,0,889,0,919,30,0,False,0.14336,0.0619
2025-10-06 02:00:00,0,473,0,499,26,0,False,0.14336,0.0619
2025-10-06 03:00:00,0,461,0,486,25,0,False,0.14336,0.0619
2025-10-06 04:00:00,0,564,0,590,26,0,False,0.14336,0.0619
2025-10-06 05:00:00,0,797,0,950,153,0,False,0.14336,0.0619
2025-10-06 06:00:00,0,488,0,514,26,0,False,0.14336,0.0619
2025-10-06 07:00:00,603,892,0,1012,723,0,False,0.14336,0.0619
2025-10-06 08:00:00,1022,1005,0,1016,1033,0,False,0.14336,0.0619
2025-10-06 09:00:00,1949,672,0,670,1947,0,False,0.14336,0.0619
2025-10-06 10:00:00,3112,609,0,641,3144,0,False,0.14336,0.0619
2025-10-06 11:00:00,4688,569,0,616,4735,0,False,0.14336,0.0619
2025-10-06 12:00:00,4996,503,1113,254,3634,0,False,0.14336,0.0619
2025-10-06 13:00:00,4624,594,3857,0,173,0,False,0.14336,0.0619
2025-10-06 14:00:00,3322,500,2725,0,97,0,False,0.14336,0.0619
2025-10-06 15:00:00,1669,504,1082,0,83,0,False,0.14336,0.0619
2025-10-06 16:00:00,721,501,720,0,0,500,True,0.34371,0.26225
2025-10-06 17:00:00,174,1090,166,0,0,1082,True,0.34371,0.26225
2025-10-06 18:00:00,6,1708,8,5,0,1705,True,0.34371,0.26225
2025-10-06 19:00:00,0,844,6,12,0,838,True,0.34371,0.26225
2025-10-06 20:00:00,0,1825,71,21,21,1896,False,0.14336,0.0619
2025-10-06 21:00:00,0,2013,24,5,0,2032,False,0.14336,0.0619
2025-10-06 22:00:00,0,1553,0,10,0,1543,False,0.14336,0.0619
2025-10-06 23:00:00,0,1321,27,5,0,1343,False,0.14336,0.0619
2025-10-07 00:00:00,0,628,4,9,0,623,False,0.14336,0.0619
2025-10-07 01:00:00,0,545,32,270,99,406,False,0.14336,0.0619
2025-10-07 02:00:00,0,748,0,777,29,0,False,0.14336,0.0619
2025-10-07 03:00:00,0,784,0,812,28,0,False,0.14336,0.0619
2025-10-07 04:00:00,0,500,0,528,28,0,False,0.14336,0.0619
2025-10-07 05:00:00,0,471,0,610,139,0,False,0.14336,0.0619
2025-10-07 06:00:00,0,928,0,958,30,0,False,0.14336,0.0619
2025-10-07 07:00:00,223,984,0,973,212,0,False,0.14336,0.0619
2025-10-07 08:00:00,900,689,0,687,898,0,False,0.14336,0.0619
2025-10-07 09:00:00,2000,576,0,602,2026,0,False,0.14336,0.0619
2025-10-07 10:00:00,3320,688,0,699,3331,0,False,0.14336,0.0619
2025-10-07 11:00:00,3769,491,0,539,3817,0,False,0.14336,0.0619
2025-10-07 12:00:00,4978,463,28,384,4871,0,False,0.14336,0.0619
2025-10-07 13:00:00,4041,471,3350,0,220,0,False,0.14336,0.0619
2025-10-07 14:00:00,3493,541,2869,0,83,0,False,0.14336,0.0619
2025-10-07 15:00:00,1682,798,822,0,62,0,False,0.14336,0.0619
2025-10-07 16:00:00,896,600,901,0,0,605,True,0.34371,0.26225
2025-10-07 17:00:00,209,719,192,0,0,702,True,0.34371,0.26225
2025-10-07 18:00:00,4,1885,4,10,0,1875,True,0.34371,0.26225
2025-10-07 19:00:00,0,1177,22,8,0,1191,True,0.34371,0.26225
2025-10-07 20:00:00,0,1525,12,26,18,1529,False,0.14336,0.0619
2025-10-07 21:00:00,0,1833,2,10,0,1825,False,0.14336,0.0619
2025-10-07 22:00:00,0,1652,12,8,0,1656,False,0.14336,0.0619
2025-10-07 23:00:00,0,1033,40,9,0,1064,False,0.14336,0.0619
2025-10-08 00:00:00,0,694,15,9,0,700,False,0.14336,0.0619
2025-10-08 01:00:00,0,831,1,191,22,663,False,0.14336,0.0619
2025-10-08 02:00:00,0,788,0,819,31,0,False,0.14336,0.0619
2025-10-08 03:00:00,0,703,0,729,26,0,False,0.14336,0.0619
2025-10-08 04:00:00,0,536,0,563,27,0,False,0.14336,0.0619
2025-10-08 05:00:00,0,493,0,520,27,0,False,0.14336,0.0619
2025-10-08 06:00:00,0,589,0,734,145,0,False,0.14336,0.0619
2025-10-08 07:00:00,61,1220,0,1227,68,0,False,0.14336,0.0619
2025-10-08 08:00:00,60,698,0,711,73,0,False,0.14336,0.0619
2025-10-08 09:00:00,176,575,0,566,169,2,False,0.14336,0.0619
2025-10-08 10:00:00,705,630,0,632,707,0,False,0.14336,0.0619
2025-10-08 11:00:00,585,484,0,496,597,0,False,0.14336,0.0619
2025-10-08 12:00:00,663,588,0,588,663,0,False,0.14336,0.0619
2025-10-08 13:00:00,1836,443,0,473,1866,0,False,0.14336,0.0619
2025-10-08 14:00:00,2335,458,0,491,2368,0,False,0.14336,0.0619
2025-10-08 15:00:00,2066,467,0,3695,5294,0,False,0.14336,0.0619
2025-10-08 16:00:00,751,600,753,0,8,610,True,0.34371,0.26225
2025-10-08 17:00:00,306,796,286,0,0,776,True,0.34371,0.26225
2025-10-08 18:00:00,9,665,6,3,0,659,True,0.34371,0.26225
2025-10-08 19:00:00,0,1350,0,15,0,1335,True,0.34371,0.26225
2025-10-08 20:00:00,0,4016,39,21,21,4055,False,0.14336,0.0619
2025-10-08 21:00:00,0,2072,20,501,54,1645,False,0.14336,0.0619
2025-10-08 22:00:00,0,835,0,871,36,0,False,0.14336,0.0619
2025-10-08 23:00:00,0,491,0,525,34,0,False,0.14336,0.0619
2025-10-09 00:00:00,0,464,0,496,32,0,False,0.14336,0.0619
2025-10-09 01:00:00,0,446,0,590,144,0,False,0.14336,0.0619
2025-10-09 02:00:00,0,465,0,494,29,0,False,0.14336,0.0619
2025-10-09 03:00:00,0,466,0,790,324,0,False,0.14336,0.0619
2025-10-09 04:00:00,0,448,0,477,29,0,False,0.14336,0.0619
2025-10-09 05:00:00,0,444,0,564,120,0,False,0.14336,0.0619
2025-10-09 06:00:00,0,627,0,748,121,0,False,0.14336,0.0619
2025-10-09 07:00:00,570,606,0,606,570,0,False,0.14336,0.0619
2025-10-09 08:00:00,872,800,0,811,883,0,False,0.14336,0.0619
2025-10-09 09:00:00,1996,661,0,673,2008,0,False,0.14336,0.0619
2025-10-09 10:00:00,3338,779,0,804,3363,0,False,0.14336,0.0619
2025-10-09 11:00:00,4986,535,0,586,5037,0,False,0.14336,0.0619
2025-10-09 12:00:00,5296,491,2058,166,2913,0,False,0.14336,0.0619
2025-10-09 13:00:00,5006,2857,2049,349,449,0,False,0.14336,0.0619
2025-10-09 14:00:00,3550,5239,0,1842,153,0,False,0.14336,0.0619
2025-10-09 15:00:00,1712,5353,0,3713,72,0,False,0.14336,0.0619
2025-10-09 16:00:00,752,551,730,0,0,529,True,0.34371,0.26225
2025-10-09 17:00:00,167,519,155,0,0,507,True,0.34371,0.26225
2025-10-09 18:00:00,4,826,1,5,0,818,True,0.34371,0.26225
2025-10-09 19:00:00,0,1375,2,8,0,1369,True,0.34371,0.26225
2025-10-09 20:00:00,0,1080,8,35,18,1071,False,0.14336,0.0619
2025-10-09 21:00:00,0,1196,9,12,0,1193,False,0.14336,0.0619
2025-10-09 22:00:00,0,927,0,17,0,910,False,0.14336,0.0619
2025-10-09 23:00:00,0,750,13,14,0,749,False,0.14336,0.0619
2025-10-10 00:00:00,0,966,23,11,0,978,False,0.14336,0.0619
2025-10-10 01:00:00,0,599,0,13,0,586,False,0.14336,0.0619
2025-10-10 02:00:00,0,801,2,10,0,793,False,0.14336,0.0619
2025-10-10 03:00:00,0,1012,18,9,0,1021,False,0.14336,0.0619
2025-10-10 04:00:00,0,1131,0,175,29,985,False,0.14336,0.0619
2025-10-10 05:00:00,0,1114,0,1140,26,0,False,0.14336,0.0619
2025-10-10 06:00:00,0,1044,0,1064,20,0,False,0.14336,0.0619
2025-10-10 07:00:00,507,1803,0,1813,517,0,False,0.14336,0.0619
2025-10-10 08:00:00,643,777,0,792,658,0,False,0.14336,0.0619
2025-10-10 09:00:00,1800,530,0,558,1828,0,False,0.14336,0.0619
2025-10-10 10:00:00,3159,519,0,560,3200,0,False,0.14336,0.0619
2025-10-10 11:00:00,4816,489,0,522,4849,0,False,0.14336,0.0619
2025-10-10 12:00:00,5168,440,1004,224,3948,0,False,0.14336,0.0619
2025-10-10 13:00:00,4833,461,4122,0,250,0,False,0.14336,0.0619
2025-10-10 14:00:00,3416,456,2844,0,116,0,False,0.14336,0.0619
2025-10-10 15:00:00,1636,452,1128,0,56,0,False,0.14336,0.0619
2025-10-10 16:00:00,724,455,735,0,0,466,True,0.34371,0.26225
2025-10-10 17:00:00,157,1003,141,0,0,987,True,0.34371,0.26225
2025-10-10 18:00:00,3,1178,2,11,0,1166,True,0.34371,0.26225
2025-10-10 19:00:00,0,1535,12,5,0,1542,True,0.34371,0.26225
2025-10-10 20:00:00,0,1532,11,19,11,1535,False,0.14336,0.0619
2025-10-10 21:00:00,0,4330,68,3,3,4398,False,0.14336,0.0619
2025-10-10 22:00:00,0,1729,86,0,0,1815,False,0.14336,0.0619
2025-10-10 23:00:00,0,488,22,304,87,293,False,0.14336,0.0619
2025-10-11 00:00:00,0,911,0,930,19,0,False,0.14336,0.0619
2025-10-11 01:00:00,0,854,0,875,21,0,False,0.14336,0.0619
2025-10-11 02:00:00,0,820,0,840,20,0,False,0.14336,0.0619
2025-10-11 03:00:00,0,524,0,648,124,0,False,0.14336,0.0619
2025-10-11 04:00:00,0,852,0,975,123,0,False,0.14336,0.0619
2025-10-11 05:00:00,0,872,0,986,114,0,False,0.14336,0.0619
2025-10-11 06:00:00,0,935,0,961,26,0,False,0.14336,0.0619
2025-10-11 07:00:00,148,787,0,872,233,0,False,0.14336,0.0619
2025-10-11 08:00:00,865,936,0,939,868,0,False,0.14336,0.0619
2025-10-11 09:00:00,1943,485,0,517,1975,0,False,0.14336,0.0619
2025-10-11 10:00:00,3032,493,0,514,3053,0,False,0.14336,0.0619
2025-10-11 11:00:00,4645,573,0,640,4712,0,False,0.14336,0.0619
2025-10-11 12:00:00,2744,801,0,830,2773,0,False,0.14336,0.0619
2025-10-11 13:00:00,2951,3866,0,2681,1766,0,False,0.14336,0.0619
2025-10-11 14:00:00,2174,5860,0,3788,102,0,False,0.14336,0.0619
2025-10-11 15:00:00,1608,5496,0,3985,97,0,False,0.14336,0.0619
2025-10-11 16:00:00,698,694,679,0,0,675,True,0.34371,0.26225
2025-10-11 17:00:00,222,1107,209,0,0,1094,True,0.34371,0.26225
2025-10-11 18:00:00,0,939,0,15,0,924,True,0.34371,0.26225
2025-10-11 19:00:00,0,891,15,11,0,895,True,0.34371,0.26225
2025-10-11 20:00:00,0,807,15,36,25,811,False,0.14336,0.0619
2025-10-11 21:00:00,0,1481,11,4,0,1488,False,0.14336,0.0619
2025-10-11 22:00:00,0,711,5,14,0,702,False,0.14336,0.0619
2025-10-11 23:00:00,0,884,0,7,0,877,False,0.14336,0.0619
2025-10-12 00:00:00,0,469,0,13,0,456,False,0.14336,0.0619
2025-10-12 01:00:00,0,804,0,22,0,782,False,0.14336,0.0619
2025-10-12 02:00:00,0,594,0,9,0,585,False,0.14336,0.0619
2025-10-12 03:00:00,0,855,1,17,0,839,False,0.14336,0.0619
2025-10-12 04:00:00,0,474,0,17,0,457,False,0.14336,0.0619
2025-10-12 05:00:00,0,826,1,16,0,811,False,0.14336,0.0619
2025-10-12 06:00:00,0,863,0,853,108,118,False,0.14336,0.0619
2025-10-12 07:00:00,43,606,0,620,57,0,False,0.14336,0.0619
2025-10-12 08:00:00,439,3552,0,3564,451,0,False,0.14336,0.0619
2025-10-12 09:00:00,959,879,0,894,974,0,False,0.14336,0.0619
2025-10-12 10:00:00,930,459,0,479,950,0,False,0.14336,0.0619
2025-10-12 11:00:00,376,573,0,591,394,0,False,0.14336,0.0619
2025-10-12 12:00:00,357,1652,0,1674,379,0,False,0.14336,0.0619
2025-10-12 13:00:00,439,791,0,803,451,0,False,0.14336,0.0619
2025-10-12 14:00:00,238,877,0,5753,5114,0,False,0.14336,0.0619
2025-10-12 15:00:00,207,676,0,7104,6635,0,False,0.14336,0.0619
2025-10-12 16:00:00,137,876,125,0,2,866,True,0.34371,0.26225
2025-10-12 17:00:00,5,1164,0,23,0,1136,True,0.34371,0.26225
2025-10-12 18:00:00,0,1249,0,8,0,1241,True,0.34371,0.26225
2025-10-12 19:00:00,0,1670,11,4,0,1677,True,0.34371,0.26225
2025-10-12 20:00:00,0,1110,5,17,11,1109,False,0.14336,0.0619
2025-10-12 21:00:00,0,1153,14,3,0,1164,False,0.14336,0.0619
2025-10-12 22:00:00,0,1965,13,3,0,1975,False,0.14336,0.0619
2025-10-12 23:00:00,0,717,7,10,0,714,False,0.14336,0.0619
2025-10-13 00:00:00,0,1005,1,13,0,993,False,0.14336,0.0619
2025-10-13 01:00:00,0,617,10,14,0,613,False,0.14336,0.0619
2025-10-13 02:00:00,0,965,0,822,60,203,False,0.14336,0.0619
2025-10-13 03:00:00,0,616,0,648,32,0,False,0.14336,0.0619
2025-10-13 04:00:00,0,967,0,997,30,0,False,0.14336,0.0619
2025-10-13 05:00:00,0,689,0,718,29,0,False,0.14336,0.0619
2025-10-13 06:00:00,0,886,0,1006,120,0,False,0.14336,0.0619
2025-10-13 07:00:00,21,1124,0,1230,127,0,False,0.14336,0.0619
2025-10-13 08:00:00,249,994,0,998,253,0,False,0.14336,0.0619
2025-10-13 09:00:00,616,846,0,851,621,0,False,0.14336,0.0619
2025-10-13 10:00:00,756,662,0,672,766,0,False,0.14336,0.0619
2025-10-13 11:00:00,902,695,0,715,922,0,False,0.14336,0.0619
2025-10-13 12:00:00,914,743,0,756,927,0,False,0.14336,0.0619
2025-10-13 13:00:00,923,1678,0,1690,935,0,False,0.14336,0.0619
2025-10-13 14:00:00,605,1743,0,1762,624,0,False,0.14336,0.0619
2025-10-13 15:00:00,530,1450,0,6113,5193,0,False,0.14336,0.0619
2025-10-13 16:00:00,316,1084,293,0,6,1067,True,0.34371,0.26225
2025-10-13 17:00:00,73,2213,92,0,0,2232,True,0.34371,0.26225
2025-10-13 18:00:00,0,1446,9,8,0,1447,True,0.34371,0.26225
2025-10-13 19:00:00,0,1187,0,15,0,1172,True,0.34371,0.26225
2025-10-13 20:00:00,0,1391,12,30,20,1393,False,0.14336,0.0619
2025-10-13 21:00:00,0,4018,0,3683,26,361,False,0.14336,0.0619
2025-10-13 22:00:00,0,1107,0,1135,28,0,False,0.14336,0.0619
2025-10-13 23:00:00,0,622,0,646,24,0,False,0.14336,0.0619
2025-10-14 00:00:00,0,975,0,1093,118,0,False,0.14336,0.0619
2025-10-14 01:00:00,0,591,0,619,28,0,False,0.14336,0.0619
2025-10-14 02:00:00,0,1021,0,1147,126,0,False,0.14336,0.0619
2025-10-14 03:00:00,0,657,0,777,120,0,False,0.14336,0.0619
2025-10-14 04:00:00,0,990,0,1017,27,0,False,0.14336,0.0619
2025-10-14 05:00:00,0,857,0,1234,377,0,False,0.14336,0.0619
2025-10-14 06:00:00,0,563,0,693,130,0,False,0.14336,0.0619
2025-10-14 07:00:00,5,1122,0,1231,114,0,False,0.14336,0.0619
2025-10-14 08:00:00,225,852,0,857,230,0,False,0.14336,0.0619
2025-10-14 09:00:00,631,683,0,687,635,0,False,0.14336,0.0619
2025-10-14 10:00:00,1073,527,0,536,1082,0,False,0.14336,0.0619
2025-10-14 11:00:00,1170,636,0,645,1179,0,False,0.14336,0.0619
2025-10-14 12:00:00,1224,448,0,463,1239,0,False,0.14336,0.0619
2025-10-14 13:00:00,1290,622,0,635,1303,0,False,0.14336,0.0619
2025-10-14 14:00:00,1319,451,0,3320,4188,0,False,0.14336,0.0619
2025-10-14 15:00:00,845,453,0,4997,5389,0,False,0.14336,0.0619
2025-10-14 16:00:00,607,617,578,0,8,596,True,0.34371,0.26225
2025-10-14 17:00:00,162,1272,158,0,0,1268,True,0.34371,0.26225
2025-10-14 18:00:00,0,1383,3,14,0,1372,True,0.34371,0.26225
2025-10-14 19:00:00,0,1518,39,0,0,1557,True,0.34371,0.26225
2025-10-14 20:00:00,0,1428,28,24,17,1449,False,0.14336,0.0619
2025-10-14 21:00:00,0,1936,3,5,1,1935,False,0.14336,0.0619
2025-10-14 22:00:00,0,981,1,12,0,970,False,0.14336,0.0619
2025-10-14 23:00:00,0,482,0,13,0,469,False,0.14336,0.0619
2025-10-15 00:00:00,0,853,18,11,0,860,False,0.14336,0.0619
2025-10-15 01:00:00,0,514,0,193,37,358,False,0.14336,0.0619
2025-10-15 02:00:00,0,748,0,777,29,0,False,0.14336,0.0619
2025-10-15 03:00:00,0,795,0,822,27,0,False,0.14336,0.0619
2025-10-15 04:00:00,0,453,0,479,26,0,False,0.14336,0.0619
2025-10-15 05:00:00,0,875,0,1000,125,0,False,0.14336,0.0619
2025-10-15 06:00:00,0,916,0,942,26,0,False,0.14336,0.0619
2025-10-15 07:00:00,334,1139,0,1234,429,0,False,0.14336,0.0619
2025-10-15 08:00:00,954,818,0,834,970,0,False,0.14336,0.0619
2025-10-15 09:00:00,1707,600,0,620,1727,0,False,0.14336,0.0619
2025-10-15 10:00:00,2696,584,0,629,2741,0,False,0.14336,0.0619
2025-10-15 11:00:00,3382,461,0,498,3419,0,False,0.14336,0.0619
2025-10-15 12:00:00,3486,443,0,479,3522,0,False,0.14336,0.0619
2025-10-15 13:00:00,3484,620,1362,135,1637,0,False,0.14336,0.0619
2025-10-15 14:00:00,3042,459,2355,0,228,0,False,0.14336,0.0619
2025-10-15 15:00:00,1500,456,945,0,99,0,False,0.14336,0.0619
2025-10-15 16:00:00,887,477,868,0,0,458,True,0.34371,0.26225
2025-10-15 17:00:00,157,1221,137,0,0,1201,True,0.34371,0.26225
2025-10-15 18:00:00,0,1114,0,15,0,1099,True,0.34371,0.26225
2025-10-15 19:00:00,0,1394,3,17,0,1380,True,0.34371,0.26225
2025-10-15 20:00:00,0,3192,39,21,21,3231,False,0.14336,0.0619
2025-10-15 21:00:00,0,3255,41,0,0,3296,False,0.14336,0.0619
2025-10-15 22:00:00,0,1718,3,223,40,1538,False,0.14336,0.0619
2025-10-15 23:00:00,0,1165,0,1195,30,0,False,0.14336,0.0619
2025-10-16 00:00:00,0,617,0,639,22,0,False,0.14336,0.0619
2025-10-16 01:00:00,0,993,0,1015,22,0,False,0.14336,0.0619
2025-10-16 02:00:00,0,970,0,1087,117,0,False,0.14336,0.0619
2025-10-16 03:00:00,0,961,0,1082,121,0,False,0.14336,0.0619
2025-10-16 04:00:00,0,862,0,973,111,0,False,0.14336,0.0619
2025-10-16 05:00:00,0,983,0,1012,29,0,False,0.14336,0.0619
2025-10-16 06:00:00,0,757,0,865,108,0,False,0.14336,0.0619
2025-10-16 07:00:00,130,897,0,966,199,0,False,0.14336,0.0619
2025-10-16 08:00:00,407,439,0,458,426,0,False,0.14336,0.0619
2025-10-16 09:00:00,1419,1472,0,1493,1440,0,False,0.14336,0.0619
2025-10-16 10:00:00,2943,1045,0,1069,2967,0,False,0.14336,0.0619
2025-10-16 11:00:00,4623,716,0,763,4670,0,False,0.14336,0.0619
2025-10-16 12:00:00,5310,586,187,447,4984,0,False,0.14336,0.0619
2025-10-16 13:00:00,4095,477,3047,0,571,0,False,0.14336,0.0619
2025-10-16 14:00:00,2053,426,1512,0,115,0,False,0.14336,0.0619
2025-10-16 15:00:00,1423,444,908,0,71,0,False,0.14336,0.0619
2025-10-16 16:00:00,647,445,655,0,2,455,True,0.34371,0.26225
2025-10-16 17:00:00,238,1061,223,5,0,1041,True,0.34371,0.26225
2025-10-16 18:00:00,0,1831,14,4,0,1841,True,0.34371,0.26225
2025-10-16 19:00:00,0,1463,2,12,0,1453,True,0.34371,0.26225
2025-10-16 20:00:00,0,1136,0,15,10,1131,False,0.14336,0.0619
2025-10-16 21:00:00,0,2127,18,6,0,2139,False,0.14336,0.0619
2025-10-16 22:00:00,0,1501,9,16,0,1494,False,0.14336,0.0619
2025-10-16 23:00:00,0,882,15,11,0,886,False,0.14336,0.0619
2025-10-17 00:00:00,0,1003,4,9,0,998,False,0.14336,0.0619
2025-10-17 01:00:00,0,1025,0,539,54,540,False,0.14336,0.0619
2025-10-17 02:00:00,0,1044,0,1066,22,0,False,0.14336,0.0619
2025-10-17 03:00:00,0,1032,0,1056,24,0,False,0.14336,0.0619
2025-10-17 04:00:00,0,1061,0,1176,115,0,False,0.14336,0.0619
2025-10-17 05:00:00,0,1155,0,1264,109,0,False,0.14336,0.0619
2025-10-17 06:00:00,0,1487,0,1594,107,0,False,0.14336,0.0619
2025-10-17 07:00:00,115,2198,0,2181,98,0,False,0.14336,0.0619
2025-10-17 08:00:00,390,1139,0,1165,416,0,False,0.14336,0.0619
2025-10-17 09:00:00,1279,566,0,573,1286,0,False,0.14336,0.0619
2025-10-17 10:00:00,2831,665,0,705,2871,0,False,0.14336,0.0619
2025-10-17 11:00:00,4475,565,0,615,4525,0,False,0.14336,0.0619
2025-10-17 12:00:00,4828,588,0,659,4899,0,False,0.14336,0.0619
2025-10-17 13:00:00,4241,3307,699,963,1198,0,False,0.14336,0.0619
2025-10-17 14:00:00,2935,480,2386,0,69,0,False,0.14336,0.0619
2025-10-17 15:00:00,1283,517,724,0,42,0,False,0.14336,0.0619
2025-10-17 16:00:00,616,669,621,0,0,674,True,0.34371,0.26225
2025-10-17 17:00:00,107,1337,114,0,0,1344,True,0.34371,0.26225
2025-10-17 18:00:00,0,1250,2,15,0,1237,True,0.34371,0.26225
2025-10-17 19:00:00,0,1439,4,15,0,1428,True,0.34371,0.26225
2025-10-17 20:00:00,0,1171,1,32,20,1160,False,0.14336,0.0619
2025-10-17 21:00:00,0,1401,45,6,0,1440,False,0.14336,0.0619
2025-10-17 22:00:00,0,1235,5,8,0,1232,False,0.14336,0.0619
2025-10-17 23:00:00,0,640,0,16,0,624,False,0.14336,0.0619
2025-10-18 00:00:00,0,1044,0,16,1,1029,False,0.14336,0.0619
2025-10-18 01:00:00,0,890,0,11,1,880,False,0.14336,0.0619
2025-10-18 02:00:00,0,1042,8,373,34,711,False,0.14336,0.0619
2025-10-18 03:00:00,0,891,0,923,32,0,False,0.14336,0.0619
2025-10-18 04:00:00,0,806,0,829,23,0,False,0.14336,0.0619
2025-10-18 05:00:00,0,860,0,884,24,0,False,0.14336,0.0619
2025-10-18 06:00:00,0,1484,0,1591,107,0,False,0.14336,0.0619
2025-10-18 07:00:00,109,2013,0,1991,87,0,False,0.14336,0.0619
2025-10-18 08:00:00,397,1100,0,1115,412,0,False,0.14336,0.0619
2025-10-18 09:00:00,1195,1130,0,1140,1205,0,False,0.14336,0.0619
2025-10-18 10:00:00,2747,563,0,604,2788,0,False,0.14336,0.0619
2025-10-18 11:00:00,4347,519,0,596,4424,0,False,0.14336,0.0619
2025-10-18 12:00:00,4688,1068,0,1119,4739,0,False,0.14336,0.0619
2025-10-18 13:00:00,4201,3310,275,952,1568,0,False,0.14336,0.0619
2025-10-18 14:00:00,2876,5218,0,2501,159,0,False,0.14336,0.0619
2025-10-18 15:00:00,1219,3945,151,2929,52,0,False,0.14336,0.0619
2025-10-18 16:00:00,596,614,586,0,6,610,True,0.34371,0.26225
2025-10-18 17:00:00,181,1382,165,0,0,1366,True,0.34371,0.26225
2025-10-18 18:00:00,0,1579,2,16,0,1565,True,0.34371,0.26225
2025-10-18 19:00:00,0,1229,4,18,0,1215,True,0.34371,0.26225
2025-10-18 20:00:00,0,3131,20,16,10,3145,False,0.14336,0.0619
2025-10-18 21:00:00,0,3669,21,9,0,3681,False,0.14336,0.0619
2025-10-18 22:00:00,0,1679,16,982,36,749,False,0.14336,0.0619
2025-10-18 23:00:00,0,1293,0,1303,10,0,False,0.14336,0.0619
2025-10-19 00:00:00,0,762,0,782,20,0,False,0.14336,0.0619
2025-10-19 01:00:00,0,1051,0,1075,24,0,False,0.14336,0.0619
2025-10-19 02:00:00,0,712,0,841,129,0,False,0.14336,0.0619
2025-10-19 03:00:00,0,1073,0,1188,116,1,False,0.14336,0.0619
2025-10-19 04:00:00,0,1177,0,1289,112,0,False,0.14336,0.0619
2025-10-19 05:00:00,0,607,0,635,28,0,False,0.14336,0.0619
2025-10-19 06:00:00,0,1167,0,1284,117,0,False,0.14336,0.0619
2025-10-19 07:00:00,161,806,0,887,242,0,False,0.14336,0.0619
2025-10-19 08:00:00,544,669,0,695,570,0,False,0.14336,0.0619
2025-10-19 09:00:00,1361,619,0,635,1377,0,False,0.14336,0.0619
2025-10-19 10:00:00,2782,604,0,677,2855,0,False,0.14336,0.0619
2025-10-19 11:00:00,3872,598,0,660,3934,0,False,0.14336,0.0619
2025-10-19 12:00:00,3859,1100,0,1134,3893,0,False,0.14336,0.0619
2025-10-19 13:00:00,3664,886,815,509,2472,0,False,0.14336,0.0619
2025-10-19 14:00:00,2709,3896,0,1394,207,0,False,0.14336,0.0619
2025-10-19 15:00:00,1408,3490,80,2208,46,0,False,0.14336,0.0619
2025-10-19 16:00:00,721,670,729,0,0,678,True,0.34371,0.26225
2025-10-19 17:00:00,224,1154,211,2,0,1139,True,0.34371,0.26225
2025-10-19 18:00:00,0,949,6,9,0,946,True,0.34371,0.26225
2025-10-19 19:00:00,0,1239,6,12,0,1233,True,0.34371,0.26225
2025-10-19 20:00:00,0,1141,13,24,22,1152,False,0.14336,0.0619
2025-10-19 21:00:00,0,2171,91,0,0,2262,False,0.14336,0.0619
2025-10-19 22:00:00,0,969,5,10,0,964,False,0.14336,0.0619
2025-10-19 23:00:00,0,702,5,6,0,701,False,0.14336,0.0619
2025-10-20 00:00:00,0,609,0,12,0,597,False,0.14336,0.0619
2025-10-20 01:00:00,0,606,1,14,0,593,False,0.14336,0.0619
2025-10-20 02:00:00,0,478,0,12,0,466,False,0.14336,0.0619
2025-10-20 03:00:00,0,737,0,9,0,728,False,0.14336,0.0619
2025-10-20 04:00:00,0,639,8,500,121,268,False,0.14336,0.0619
2025-10-20 05:00:00,0,794,0,820,26,0,False,0.14336,0.0619
2025-10-20 06:00:00,0,605,0,629,24,0,False,0.14336,0.0619
2025-10-20 07:00:00,20,971,0,988,37,0,False,0.14336,0.0619
2025-10-20 08:00:00,319,838,0,837,318,0,False,0.14336,0.0619
2025-10-20 09:00:00,414,646,0,646,414,0,False,0.14336,0.0619
2025-10-20 10:00:00,189,1029,0,1024,184,0,False,0.14336,0.0619
2025-10-20 11:00:00,298,1236,0,1233,295,0,False,0.14336,0.0619
2025-10-20 12:00:00,639,899,0,902,642,0,False,0.14336,0.0619
2025-10-20 13:00:00,497,893,0,904,508,0,False,0.14336,0.0619
2025-10-20 14:00:00,607,866,0,873,614,0,False,0.14336,0.0619
2025-10-20 15:00:00,1163,864,0,871,1170,0,False,0.14336,0.0619
2025-10-20 16:00:00,966,882,962,0,11,889,True,0.34371,0.26225
2025-10-20 17:00:00,306,723,296,0,1,714,True,0.34371,0.26225
2025-10-20 18:00:00,0,781,6,11,0,776,True,0.34371,0.26225
2025-10-20 19:00:00,0,1320,0,1115,24,229,True,0.34371,0.26225
2025-10-20 20:00:00,0,2822,0,2852,30,0,False,0.14336,0.0619
2025-10-20 21:00:00,0,3140,0,3165,25,0,False,0.14336,0.0619
2025-10-20 22:00:00,0,1648,0,1678,30,0,False,0.14336,0.0619
2025-10-20 23:00:00,0,640,0,765,125,0,False,0.14336,0.0619
2025-10-21 00:00:00,0,613,0,737,124,0,False,0.14336,0.0619
2025-10-21 01:00:00,0,452,0,478,26,0,False,0.14336,0.0619
2025-10-21 02:00:00,0,574,0,697,123,0,False,0.14336,0.0619
2025-10-21 03:00:00,0,462,0,589,127,0,False,0.14336,0.0619
2025-10-21 04:00:00,0,558,0,671,113,0,False,0.14336,0.0619
2025-10-21 05:00:00,0,451,0,481,30,0,False,0.14336,0.0619
2025-10-21 06:00:00,0,614,0,731,117,0,False,0.14336,0.0619
2025-10-21 07:00:00,76,910,0,903,69,0,False,0.14336,0.0619
2025-10-21 08:00:00,414,608,0,629,435,0,False,0.14336,0.0619
2025-10-21 09:00:00,1082,464,0,472,1090,0,False,0.14336,0.0619
2025-10-21 10:00:00,2740,463,0,481,2758,0,False,0.14336,0.0619
2025-10-21 11:00:00,4341,466,0,521,4396,0,False,0.14336,0.0619
2025-10-21 12:00:00,4661,449,0,550,4762,0,False,0.14336,0.0619
2025-10-21 13:00:00,4269,476,2083,77,1787,0,False,0.14336,0.0619
2025-10-21 14:00:00,2967,444,2343,0,180,0,False,0.14336,0.0619
2025-10-21 15:00:00,1172,450,664,0,58,0,False,0.14336,0.0619
2025-10-21 16:00:00,571,470,582,0,0,481,True,0.34371,0.26225
2025-10-21 17:00:00,101,600,88,3,0,584,True,0.34371,0.26225
2025-10-21 18:00:00,0,1059,12,3,0,1068,True,0.34371,0.26225
2025-10-21 19:00:00,0,1459,13,6,0,1466,True,0.34371,0.26225
2025-10-21 20:00:00,0,1115,20,22,19,1132,False,0.14336,0.0619
2025-10-21 21:00:00,0,1871,13,16,0,1868,False,0.14336,0.0619
2025-10-21 22:00:00,0,1160,50,0,0,1210,False,0.14336,0.0619
2025-10-21 23:00:00,0,662,3,8,0,657,False,0.14336,0.0619
2025-10-22 00:00:00,0,1044,21,0,0,1065,False,0.14336,0.0619
2025-10-22 01:00:00,0,503,1,10,0,494,False,0.14336,0.0619
2025-10-22 02:00:00,0,959,0,20,0,939,False,0.14336,0.0619
2025-10-22 03:00:00,0,479,0,13,0,466,False,0.14336,0.0619
2025-10-22 04:00:00,0,893,0,721,60,232,False,0.14336,0.0619
2025-10-22 05:00:00,0,556,0,580,24,0,False,0.14336,0.0619
2025-10-22 06:00:00,0,832,0,856,24,0,False,0.14336,0.0619
2025-10-22 07:00:00,0,1108,0,1132,24,0,False,0.14336,0.0619
2025-10-22 08:00:00,0,827,0,943,116,0,False,0.14336,0.0619
2025-10-22 09:00:00,783,477,0,491,797,0,False,0.14336,0.0619
2025-10-22 10:00:00,726,476,0,490,740,0,False,0.14336,0.0619
2025-10-22 11:00:00,3167,459,0,485,3193,0,False,0.14336,0.0619
2025-10-22 12:00:00,4010,467,0,524,4067,0,False,0.14336,0.0619
2025-10-22 13:00:00,3669,431,0,475,3713,0,False,0.14336,0.0619
2025-10-22 14:00:00,2404,466,0,508,2446,0,False,0.14336,0.0619
2025-10-22 15:00:00,1195,425,390,53,433,0,False,0.14336,0.0619
2025-10-22 16:00:00,571,455,577,0,0,461,True,0.34371,0.26225
2025-10-22 17:00:00,93,933,83,0,0,923,True,0.34371,0.26225
2025-10-22 18:00:00,0,1254,22,7,0,1269,True,0.34371,0.26225
2025-10-22 19:00:00,0,1433,2,11,0,1424,True,0.34371,0.26225
2025-10-22 20:00:00,0,2740,56,22,20,2794,False,0.14336,0.0619
2025-10-22 21:00:00,0,2482,39,2,0,2519,False,0.14336,0.0619
2025-10-22 22:00:00,0,1927,24,1,0,1950,False,0.14336,0.0619
2025-10-22 23:00:00,0,666,0,6,0,660,False,0.14336,0.0619
2025-10-23 00:00:00,0,607,29,599,108,145,False,0.14336,0.0619
2025-10-23 01:00:00,0,881,0,906,25,0,False,0.14336,0.0619
2025-10-23 02:00:00,0,615,0,639,24,0,False,0.14336,0.0619
2025-10-23 03:00:00,0,814,0,935,121,0,False,0.14336,0.0619
2025-10-23 04:00:00,0,1214,0,1239,25,0,False,0.14336,0.0619
2025-10-23 05:00:00,0,538,0,650,112,0,False,0.14336,0.0619
2025-10-23 06:00:00,0,952,0,1068,116,0,False,0.14336,0.0619
2025-10-23 07:00:00,231,972,0,970,229,0,False,0.14336,0.0619
2025-10-23 08:00:00,821,815,0,836,842,0,False,0.14336,0.0619
2025-10-23 09:00:00,1417,458,0,467,1426,0,False,0.14336,0.0619
2025-10-23 10:00:00,2596,445,0,453,2604,0,False,0.14336,0.0619
2025-10-23 11:00:00,3395,484,0,538,3449,0,False,0.14336,0.0619
2025-10-23 12:00:00,3986,443,0,485,4028,0,False,0.14336,0.0619
2025-10-23 13:00:00,4007,457,1050,232,2732,0,False,0.14336,0.0619
2025-10-23 14:00:00,2565,438,1911,0,216,0,False,0.14336,0.0619
2025-10-23 15:00:00,1292,469,704,0,119,0,False,0.14336,0.0619
2025-10-23 16:00:00,569,443,577,0,0,451,True,0.34371,0.26225
2025-10-23 17:00:00,118,611,110,2,0,601,True,0.34371,0.26225
2025-10-23 18:00:00,0,840,5,21,0,824,True,0.34371,0.26225
2025-10-23 19:00:00,0,1927,36,5,0,1958,True,0.34371,0.26225
2025-10-23 20:00:00,0,1509,43,42,38,1548,False,0.14336,0.0619
2025-10-23 21:00:00,0,1663,16,7,0,1672,False,0.14336,0.0619
2025-10-23 22:00:00,0,1748,30,7,0,1771,False,0.14336,0.0619
2025-10-23 23:00:00,0,1050,0,20,0,1030,False,0.14336,0.0619
2025-10-24 00:00:00,0,1056,28,6,2,1080,False,0.14336,0.0619
2025-10-24 01:00:00,0,571,0,13,0,558,False,0.14336,0.0619
2025-10-24 02:00:00,0,982,0,639,38,381,False,0.14336,0.0619
2025-10-24 03:00:00,0,942,0,965,23,0,False,0.14336,0.0619
2025-10-24 04:00:00,0,1040,0,1064,24,0,False,0.14336,0.0619
2025-10-24 05:00:00,0,927,0,1029,102,0,False,0.14336,0.0619
2025-10-24 06:00:00,0,967,0,986,19,0,False,0.14336,0.0619
2025-10-24 07:00:00,72,1597,0,1672,147,0,False,0.14336,0.0619
2025-10-24 08:00:00,503,824,0,846,525,0,False,0.14336,0.0619
2025-10-24 09:00:00,1027,532,0,536,1031,0,False,0.14336,0.0619
2025-10-24 10:00:00,2693,508,0,539,2724,0,False,0.14336,0.0619
2025-10-24 11:00:00,2477,508,0,561,2530,0,False,0.14336,0.0619
2025-10-24 12:00:00,2030,434,0,486,2082,0,False,0.14336,0.0619
2025-10-24 13:00:00,2279,472,0,501,2308,0,False,0.14336,0.0619
2025-10-24 14:00:00,2734,427,0,500,2807,0,False,0.14336,0.0619
2025-10-24 15:00:00,1279,445,0,467,1301,0,False,0.14336,0.0619
2025-10-24 16:00:00,826,445,813,0,18,450,True,0.34371,0.26225
2025-10-24 17:00:00,118,567,103,2,0,550,True,0.34371,0.26225
2025-10-24 18:00:00,0,2554,35,22,0,2567,True,0.34371,0.26225
2025-10-24 19:00:00,0,1404,15,4,0,1415,True,0.34371,0.26225
2025-10-24 20:00:00,0,1167,7,24,18,1168,False,0.14336,0.0619
2025-10-24 21:00:00,0,2036,22,0,0,2058,False,0.14336,0.0619
2025-10-24 22:00:00,0,1733,49,4,0,1778,False,0.14336,0.0619
2025-10-24 23:00:00,0,867,0,16,2,853,False,0.14336,0.0619
2025-10-25 00:00:00,0,880,9,14,0,875,False,0.14336,0.0619
2025-10-25 01:00:00,0,938,0,950,48,36,False,0.14336,0.0619
2025-10-25 02:00:00,0,922,0,945,23,0,False,0.14336,0.0619
2025-10-25 03:00:00,0,1054,0,1077,23,0,False,0.14336,0.0619
2025-10-25 04:00:00,0,1090,0,1201,111,0,False,0.14336,0.0619
2025-10-25 05:00:00,0,1081,0,1188,107,0,False,0.14336,0.0619
2025-10-25 06:00:00,0,1433,0,1530,97,0,False,0.14336,0.0619
2025-10-25 07:00:00,73,1927,0,1997,143,0,False,0.14336,0.0619
2025-10-25 08:00:00,699,1973,0,1980,706,0,False,0.14336,0.0619
2025-10-25 09:00:00,1623,998,0,1015,1640,0,False,0.14336,0.0619
2025-10-25 10:00:00,2570,641,0,678,2607,0,False,0.14336,0.0619
2025-10-25 11:00:00,4225,525,0,562,4262,0,False,0.14336,0.0619
2025-10-25 12:00:00,3788,1333,0,1342,3797,0,False,0.14336,0.0619
2025-10-25 13:00:00,1776,1717,0,1770,1829,0,False,0.14336,0.0619
2025-10-25 14:00:00,2966,2860,551,977,532,0,False,0.14336,0.0619
2025-10-25 15:00:00,1371,5674,0,4423,120,0,False,0.14336,0.0619
2025-10-25 16:00:00,718,817,718,0,0,817,True,0.34371,0.26225
2025-10-25 17:00:00,89,1146,78,3,0,1132,True,0.34371,0.26225
2025-10-25 18:00:00,0,1015,0,9,0,1006,True,0.34371,0.26225
2025-10-25 19:00:00,0,943,7,17,0,933,True,0.34371,0.26225
2025-10-25 20:00:00,0,1837,23,30,22,1852,False,0.14336,0.0619
2025-10-25 21:00:00,0,3748,65,1,0,3812,False,0.14336,0.0619
2025-10-25 22:00:00,0,1238,12,12,0,1238,False,0.14336,0.0619
2025-10-25 23:00:00,0,1046,36,7,0,1075,False,0.14336,0.0619
2025-10-26 00:00:00,0,527,0,372,51,206,False,0.14336,0.0619
2025-10-26 01:00:00,0,1028,0,1049,21,0,False,0.14336,0.0619
2025-10-26 02:00:00,0,1074,0,1098,24,0,False,0.14336,0.0619
2025-10-26 03:00:00,0,1013,0,1036,23,0,False,0.14336,0.0619
2025-10-26 04:00:00,0,899,0,1017,118,0,False,0.14336,0.0619
2025-10-26 05:00:00,0,1008,0,1115,107,0,False,0.14336,0.0619
2025-10-26 06:00:00,0,1357,0,1381,24,0,False,0.14336,0.0619
2025-10-26 07:00:00,107,1966,0,2045,186,0,False,0.14336,0.0619
2025-10-26 08:00:00,469,3557,0,3581,493,0,False,0.14336,0.0619
2025-10-26 09:00:00,1062,1628,0,1648,1082,0,False,0.14336,0.0619
2025-10-26 10:00:00,2691,750,0,791,2732,0,False,0.14336,0.0619
2025-10-26 11:00:00,4202,789,0,845,4258,0,False,0.14336,0.0619
2025-10-26 12:00:00,4510,2569,0,2659,4600,0,False,0.14336,0.0619
2025-10-26 13:00:00,4291,5656,0,3332,1967,0,False,0.14336,0.0619
2025-10-26 14:00:00,3138,5677,0,2730,191,0,False,0.14336,0.0619
2025-10-26 15:00:00,856,5660,0,4907,103,0,False,0.14336,0.0619
2025-10-26 16:00:00,524,646,524,0,0,646,True,0.34371,0.26225
2025-10-26 17:00:00,68,1760,57,2,0,1747,True,0.34371,0.26225
2025-10-26 18:00:00,0,1205,18,8,0,1215,True,0.34371,0.26225
2025-10-26 19:00:00,0,1634,14,5,0,1643,True,0.34371,0.26225
2025-10-26 20:00:00,0,1718,18,27,18,1727,False,0.14336,0.0619
2025-10-26 21:00:00,0,2021,35,45,6,2017,False,0.14336,0.0619
2025-10-26 22:00:00,0,1232,72,215,189,1277,False,0.14336,0.0619
2025-10-26 23:00:00,0,1178,26,9,0,1195,False,0.14336,0.0619
2025-10-27 00:00:00,0,4637,0,4138,33,532,False,0.14336,0.0619
2025-10-27 01:00:00,0,4756,0,4777,21,0,False,0.14336,0.0619
2025-10-27 02:00:00,0,4776,0,4796,20,0,False,0.14336,0.0619
2025-10-27 03:00:00,0,4674,0,4773,99,0,False,0.14336,0.0619
2025-10-27 04:00:00,0,4674,0,4767,93,0,False,0.14336,0.0619
2025-10-27 05:00:00,0,1324,0,1420,96,0,False,0.14336,0.0619
2025-10-27 06:00:00,0,2370,0,2469,99,0,False,0.14336,0.0619
2025-10-27 07:00:00,55,2558,0,2616,113,0,False,0.14336,0.0619
2025-10-27 08:00:00,647,934,0,932,645,0,False,0.14336,0.0619
2025-10-27 09:00:00,1652,646,0,665,1671,0,False,0.14336,0.0619
2025-10-27 10:00:00,2759,637,0,701,2823,0,False,0.14336,0.0619
2025-10-27 11:00:00,4204,636,0,693,4261,0,False,0.14336,0.0619
2025-10-27 12:00:00,2411,568,0,596,2439,0,False,0.14336,0.0619
2025-10-27 13:00:00,1824,602,0,643,1865,0,False,0.14336,0.0619
2025-10-27 14:00:00,1322,563,0,573,1332,0,False,0.14336,0.0619
2025-10-27 15:00:00,1156,588,187,133,514,0,False,0.14336,0.0619
2025-10-27 16:00:00,596,577,605,0,0,586,True,0.34371,0.26225
2025-10-27 17:00:00,103,2070,88,6,0,2049,True,0.34371,0.26225
2025-10-27 18:00:00,0,2308,35,1,0,2342,True,0.34371,0.26225
2025-10-27 19:00:00,0,2293,12,2,0,2303,True,0.34371,0.26225
2025-10-27 20:00:00,0,2623,26,20,20,2649,False,0.14336,0.0619
2025-10-27 21:00:00,0,3184,24,822,46,2432,False,0.14336,0.0619
2025-10-27 22:00:00,0,1791,0,1805,14,0,False,0.14336,0.0619
2025-10-27 23:00:00,0,1123,0,1148,25,0,False,0.14336,0.0619
2025-10-28 00:00:00,0,1023,0,1045,22,0,False,0.14336,0.0619
2025-10-28 01:00:00,0,1011,0,1120,109,0,False,0.14336,0.0619
2025-10-28 02:00:00,0,1124,0,1237,113,0,False,0.14336,0.0619
2025-10-28 03:00:00,0,1081,0,1192,111,0,False,0.14336,0.0619
2025-10-28 04:00:00,0,1051,0,1136,85,0,False,0.14336,0.0619
2025-10-28 05:00:00,0,1754,0,1861,107,0,False,0.14336,0.0619
2025-10-28 06:00:00,0,1752,0,1848,96,0,False,0.14336,0.0619
2025-10-28 07:00:00,47,974,0,1056,129,0,False,0.14336,0.0619
2025-10-28 08:00:00,440,771,0,791,460,0,False,0.14336,0.0619
2025-10-28 09:00:00,1190,474,0,490,1206,0,False,0.14336,0.0619
2025-10-28 10:00:00,2414,483,0,524,2455,0,False,0.14336,0.0619
2025-10-28 11:00:00,2382,481,0,531,2432,0,False,0.14336,0.0619
2025-10-28 12:00:00,2788,476,0,495,2807,0,False,0.14336,0.0619
2025-10-28 13:00:00,3622,503,0,553,3672,0,False,0.14336,0.0619
2025-10-28 14:00:00,1696,475,0,498,1719,0,False,0.14336,0.0619
2025-10-28 15:00:00,565,493,0,728,800,0,False,0.14336,0.0619
2025-10-28 16:00:00,461,470,470,0,1,480,True,0.34371,0.26225
2025-10-28 17:00:00,59,1662,51,8,0,1646,True,0.34371,0.26225
2025-10-28 18:00:00,0,2363,60,9,0,2414,True,0.34371,0.26225
2025-10-28 19:00:00,0,1891,19,5,0,1905,True,0.34371,0.26225
2025-10-28 20:00:00,0,2244,31,32,16,2259,False,0.14336,0.0619
2025-10-28 21:00:00,0,2359,59,0,0,2418,False,0.14336,0.0619
2025-10-28 22:00:00,0,2192,24,1135,31,1112,False,0.14336,0.0619
2025-10-28 23:00:00,0,958,0,976,18,0,False,0.14336,0.0619
2025-10-29 00:00:00,0,1046,0,1072,26,0,False,0.14336,0.0619
2025-10-29 01:00:00,0,1001,0,1023,22,0,False,0.14336,0.0619
2025-10-29 02:00:00,0,845,0,966,121,0,False,0.14336,0.0619
2025-10-29 03:00:00,0,950,0,1071,121,0,False,0.14336,0.0619
2025-10-29 04:00:00,0,834,0,949,115,0,False,0.14336,0.0619
2025-10-29 05:00:00,0,881,0,910,29,0,False,0.14336,0.0619
2025-10-29 06:00:00,0,1621,0,1727,106,0,False,0.14336,0.0619
2025-10-29 07:00:00,18,2068,0,2170,120,0,False,0.14336,0.0619
2025-10-29 08:00:00,351,1798,0,1818,371,0,False,0.14336,0.0619
2025-10-29 09:00:00,836,576,0,593,853,0,False,0.14336,0.0619
2025-10-29 10:00:00,1241,529,0,547,1259,0,False,0.14336,0.0619
2025-10-29 11:00:00,931,854,0,859,936,0,False,0.14336,0.0619
2025-10-29 12:00:00,889,629,0,639,899,0,False,0.14336,0.0619
2025-10-29 13:00:00,845,2158,0,2174,861,0,False,0.14336,0.0619
2025-10-29 14:00:00,865,1572,0,5272,4565,0,False,0.14336,0.0619
2025-10-29 15:00:00,437,1154,0,6406,5689,0,False,0.14336,0.0619
2025-10-29 16:00:00,245,1534,210,0,12,1511,True,0.34371,0.26225
2025-10-29 17:00:00,25,1920,32,6,0,1921,True,0.34371,0.26225
2025-10-29 18:00:00,0,1703,0,14,0,1689,True,0.34371,0.26225
2025-10-29 19:00:00,0,2013,18,14,0,2017,True,0.34371,0.26225
2025-10-29 20:00:00,0,3238,12,19,14,3245,False,0.14336,0.0619
2025-10-29 21:00:00,0,2874,42,982,23,1957,False,0.14336,0.0619
2025-10-29 22:00:00,0,1380,0,1393,13,0,False,0.14336,0.0619
2025-10-29 23:00:00,0,892,0,904,12,0,False,0.14336,0.0619
2025-10-30 00:00:00,0,1006,0,1024,18,0,False,0.14336,0.0619
2025-10-30 01:00:00,0,1082,0,1397,315,0,False,0.14336,0.0619
2025-10-30 02:00:00,0,1047,0,1165,118,0,False,0.14336,0.0619
2025-10-30 03:00:00,0,973,0,1089,116,0,False,0.14336,0.0619
2025-10-30 04:00:00,0,1044,0,1065,21,0,False,0.14336,0.0619
2025-10-30 05:00:00,0,1213,0,1332,119,0,False,0.14336,0.0619
2025-10-30 06:00:00,0,871,0,989,118,0,False,0.14336,0.0619
2025-10-30 07:00:00,0,1821,0,1923,102,0,False,0.14336,0.0619
2025-10-30 08:00:00,95,1870,0,1868,93,0,False,0.14336,0.0619
2025-10-30 09:00:00,307,1721,0,1745,331,0,False,0.14336,0.0619
2025-10-30 10:00:00,506,821,0,832,517,0,False,0.14336,0.0619
2025-10-30 11:00:00,1332,616,0,622,1338,0,False,0.14336,0.0619
2025-10-30 12:00:00,1310,587,0,596,1319,0,False,0.14336,0.0619
2025-10-30 13:00:00,580,739,0,754,595,0,False,0.14336,0.0619
2025-10-30 14:00:00,313,1774,0,7128,5667,0,False,0.14336,0.0619
2025-10-30 15:00:00,224,1891,0,7319,5652,0,False,0.14336,0.0619
2025-10-30 16:00:00,69,1723,45,0,6,1705,True,0.34371,0.26225
2025-10-30 17:00:00,1,1643,12,2,0,1652,True,0.34371,0.26225
2025-10-30 18:00:00,0,1800,6,9,0,1797,True,0.34371,0.26225
2025-10-30 19:00:00,0,1481,2,11,0,1472,True,0.34371,0.26225
2025-10-30 20:00:00,0,1740,27,20,20,1767,False,0.14336,0.0619
2025-10-30 21:00:00,0,1099,32,4,0,1127,False,0.14336,0.0619
2025-10-30 22:00:00,0,2214,49,0,0,2263,False,0.14336,0.0619
2025-10-30 23:00:00,0,1326,6,1066,48,314,False,0.14336,0.0619
2025-10-31 00:00:00,0,766,0,795,29,0,False,0.14336,0.0619
2025-10-31 01:00:00,0,1156,0,1188,32,0,False,0.14336,0.0619
2025-10-31 02:00:00,0,961,0,992,31,0,False,0.14336,0.0619
2025-10-31 03:00:00,0,766,0,896,130,0,False,0.14336,0.0619
2025-10-31 04:00:00,0,926,0,1061,135,0,False,0.14336,0.0619
2025-10-31 05:00:00,0,792,0,916,124,0,False,0.14336,0.0619
2025-10-31 06:00:00,0,898,0,932,34,0,False,0.14336,0.0619
2025-10-31 07:00:00,60,889,0,1008,179,0,False,0.14336,0.0619
2025-10-31 08:00:00,712,701,0,704,715,0,False,0.14336,0.0619
2025-10-31 09:00:00,1124,1211,0,1219,1132,0,False,0.14336,0.0619
2025-10-31 10:00:00,1520,3180,0,3199,1539,0,False,0.14336,0.0619
2025-10-31 11:00:00,2068,1275,0,1294,2087,0,False,0.14336,0.0619
2025-10-31 12:00:00,1130,625,0,634,1139,0,False,0.14336,0.0619
2025-10-31 13:00:00,1999,726,0,746,2019,0,False,0.14336,0.0619
2025-10-31 14:00:00,768,587,0,2452,2633,0,False,0.14336,0.0619
2025-10-31 15:00:00,438,1527,0,5423,4334,0,False,0.14336,0.0619
2025-10-31 16:00:00,436,1117,394,0,10,1085,True,0.34371,0.26225
2025-10-31 17:00:00,49,1493,50,13,1,1482,True,0.34371,0.26225
2025-10-31 18:00:00,0,1456,3,2,0,1457,True,0.34371,0.26225
2025-10-31 19:00:00,0,1155,6,17,0,1144,True,0.34371,0.26225
2025-10-31 20:00:00,0,1240,42,41,35,1276,False,0.14336,0.0619
2025-10-31 21:00:00,0,1235,7,9,0,1233,False,0.14336,0.0619
2025-10-31 22:00:00,0,1800,16,3,0,1813,False,0.14336,0.0619
2025-10-31 23:00:00,0,1052,15,0,0,1067,False,0.14336,0.0619
2025-11-01 00:00:00,0,1133,47,2,0,1178,False,0.14336,0.0619
2025-11-01 01:00:00,0,1118,0,1070,38,86,False,0.14336,0.0619
2025-11-01 02:00:00,0,1114,0,1135,21,0,False,0.14336,0.0619
2025-11-01 03:00:00,0,1070,0,1187,117,0,False,0.14336,0.0619
2025-11-01 04:00:00,0,1111,0,1224,113,0,False,0.14336,0.0619
2025-11-01 05:00:00,0,1007,0,1110,103,0,False,0.14336,0.0619
2025-11-01 06:00:00,0,1421,0,1535,114,0,False,0.14336,0.0619
2025-11-01 07:00:00,32,2077,0,2160,115,0,False,0.14336,0.0619
2025-11-01 08:00:00,703,1335,0,1346,714,0,False,0.14336,0.0619
2025-11-01 09:00:00,1273,707,0,708,1274,0,False,0.14336,0.0619
2025-11-01 10:00:00,2687,1159,0,1171,2699,0,False,0.14336,0.0619
2025-11-01 11:00:00,4006,1390,0,1426,4042,0,False,0.14336,0.0619
2025-11-01 12:00:00,4304,1334,0,1413,4383,0,False,0.14336,0.0619
2025-11-01 13:00:00,3878,1623,635,381,2001,0,False,0.14336,0.0619
2025-11-01 14:00:00,2483,4446,0,2275,312,0,False,0.14336,0.0619
2025-11-01 15:00:00,718,4435,0,3848,131,0,False,0.14336,0.0619
2025-11-01 16:00:00,459,847,407,0,0,795,True,0.34371,0.26225
2025-11-01 17:00:00,46,1438,47,2,0,1437,True,0.34371,0.26225
2025-11-01 18:00:00,0,1296,8,16,1,1289,True,0.34371,0.26225
2025-11-01 19:00:00,0,1403,4,14,0,1393,True,0.34371,0.26225
2025-11-01 20:00:00,0,2393,30,18,13,2418,False,0.14336,0.0619
2025-11-01 21:00:00,0,4039,36,0,0,4075,False,0.14336,0.0619
2025-11-01 22:00:00,0,1586,20,862,25,769,False,0.14336,0.0619
2025-11-01 23:00:00,0,1129,0,1148,19,0,False,0.14336,0.0619
2025-11-02 00:00:00,0,1130,0,1154,24,0,False,0.14336,0.0619
2025-11-02 01:00:00,0,1325,0,1432,107,0,False,0.14336,0.0619
2025-11-02 02:00:00,0,1207,0,1317,110,0,False,0.14336,0.0619
2025-11-02 03:00:00,0,1083,0,1188,105,0,False,0.14336,0.0619
2025-11-02 04:00:00,0,1222,0,1323,101,0,False,0.14336,0.0619
2025-11-02 05:00:00,0,1461,0,1615,154,0,False,0.14336,0.0619
2025-11-02 06:00:00,42,1586,0,1634,90,0,False,0.14336,0.0619
2025-11-02 07:00:00,731,4918,0,4934,747,0,False,0.14336,0.0619
2025-11-02 08:00:00,1279,5665,0,5682,1296,0,False,0.14336,0.0619
2025-11-02 09:00:00,2661,5147,0,5187,2701,0,False,0.14336,0.0619
2025-11-02 10:00:00,3968,4554,0,4597,4011,0,False,0.14336,0.0619
2025-11-02 11:00:00,4304,4217,0,4263,4350,0,False,0.14336,0.0619
2025-11-02 12:00:00,3865,5123,0,3339,2081,0,False,0.14336,0.0619
2025-11-02 13:00:00,2443,4347,0,2086,182,0,False,0.14336,0.0619
2025-11-02 14:00:00,682,4315,0,3694,61,0,False,0.14336,0.0619
2025-11-02 15:00:00,447,5338,0,4955,64,0,False,0.14336,0.0619
2025-11-02 16:00:00,44,782,52,7,0,783,True,0.34371,0.26225
2025-11-02 17:00:00,0,1732,22,4,0,1750,True,0.34371,0.26225
2025-11-02 18:00:00,0,1469,3,13,0,1459,True,0.34371,0.26225
2025-11-02 19:00:00,0,1339,4,8,0,1335,True,0.34371,0.26225
2025-11-02 20:00:00,0,4237,42,20,18,4277,False,0.14336,0.0619
2025-11-02 21:00:00,0,2511,32,1,0,2542,False,0.14336,0.0619
2025-11-02 22:00:00,0,1658,0,1588,47,117,False,0.14336,0.0619
2025-11-02 23:00:00,0,4803,0,4819,16,0,False,0.14336,0.0619
2025-11-03 00:00:00,0,4808,0,4816,8,0,False,0.14336,0.0619
2025-11-03 01:00:00,0,4772,0,4867,96,1,False,0.14336,0.0619
2025-11-03 02:00:00,0,4791,0,4883,92,0,False,0.14336,0.0619
2025-11-03 03:00:00,0,1613,0,1704,91,0,False,0.14336,0.0619
2025-11-03 04:00:00,0,1318,0,1476,158,0,False,0.14336,0.0619
2025-11-03 05:00:00,0,1640,0,1729,89,0,False,0.14336,0.0619
2025-11-03 06:00:00,59,1751,0,1833,141,0,False,0.14336,0.0619
2025-11-03 07:00:00,581,2856,0,2873,598,0,False,0.14336,0.0619
2025-11-03 08:00:00,741,1911,0,1932,762,0,False,0.14336,0.0619
2025-11-03 09:00:00,1412,1750,0,1775,1437,0,False,0.14336,0.0619
2025-11-03 10:00:00,2308,1825,0,1872,2355,0,False,0.14336,0.0619
2025-11-03 11:00:00,2059,1326,0,1385,2118,0,False,0.14336,0.0619
2025-11-03 12:00:00,1302,568,0,605,1339,0,False,0.14336,0.0619
2025-11-03 13:00:00,644,624,0,645,665,0,False,0.14336,0.0619
2025-11-03 14:00:00,818,1745,0,1773,846,0,False,0.14336,0.0619
2025-11-03 15:00:00,397,1592,0,6501,5306,0,False,0.14336,0.0619
2025-11-03 16:00:00,17,1616,14,0,0,1613,True,0.34371,0.26225
2025-11-03 17:00:00,0,2512,19,2,0,2529,True,0.34371,0.26225
2025-11-03 18:00:00,0,1545,0,11,0,1534,True,0.34371,0.26225
2025-11-03 19:00:00,0,1397,5,5,0,1397,True,0.34371,0.26225
2025-11-03 20:00:00,0,1387,16,24,23,1402,False,0.14336,0.0619
2025-11-03 21:00:00,0,2225,50,0,0,2275,False,0.14336,0.0619
2025-11-03 22:00:00,0,2396,24,1219,27,1228,False,0.14336,0.0619
2025-11-03 23:00:00,0,1132,0,1147,15,0,False,0.14336,0.0619
2025-11-04 00:00:00,0,1003,0,1026,23,0,False,0.14336,0.0619
2025-11-04 01:00:00,0,1059,0,1082,23,0,False,0.14336,0.0619
2025-11-04 02:00:00,0,1080,0,1193,113,0,False,0.14336,0.0619
2025-11-04 03:00:00,0,1136,0,1249,113,0,False,0.14336,0.0619
2025-11-04 04:00:00,0,1103,0,1210,107,0,False,0.14336,0.0619
2025-11-04 05:00:00,0,1086,0,1194,108,0,False,0.14336,0.0619
2025-11-04 06:00:00,24,1802,0,1876,98,0,False,0.14336,0.0619
2025-11-04 07:00:00,680,2821,0,2837,696,0,False,0.14336,0.0619
2025-11-04 08:00:00,1217,3123,0,3140,1234,0,False,0.14336,0.0619
2025-11-04 09:00:00,2577,609,0,658,2626,0,False,0.14336,0.0619
2025-11-04 10:00:00,3896,584,0,650,3962,0,False,0.14336,0.0619
2025-11-04 11:00:00,4189,1336,0,1402,4255,0,False,0.14336,0.0619
2025-11-04 12:00:00,3999,1086,1314,796,2395,0,False,0.14336,0.0619
2025-11-04 13:00:00,2384,593,1576,0,215,0,False,0.14336,0.0619
2025-11-04 14:00:00,821,589,177,14,69,0,False,0.14336,0.0619
2025-11-04 15:00:00,483,1272,8,885,88,0,False,0.14336,0.0619
2025-11-04 16:00:00,39,1743,38,5,2,1739,True,0.34371,0.26225
2025-11-04 17:00:00,0,2282,23,5,0,2300,True,0.34371,0.26225
2025-11-04 18:00:00,0,1666,7,3,0,1670,True,0.34371,0.26225
2025-11-04 19:00:00,0,1930,7,17,0,1920,True,0.34371,0.26225
2025-11-04 20:00:00,0,3437,51,22,20,3486,False,0.14336,0.0619
2025-11-04 21:00:00,0,3655,0,2387,33,1301,False,0.14336,0.0619
2025-11-04 22:00:00,0,2453,0,2477,24,0,False,0.14336,0.0619
2025-11-04 23:00:00,0,1464,0,1490,26,0,False,0.14336,0.0619
2025-11-05 00:00:00,0,1298,0,1399,101,0,False,0.14336,0.0619
2025-11-05 01:00:00,0,1256,0,1359,103,0,False,0.14336,0.0619
2025-11-05 02:00:00,0,1200,0,1301,101,0,False,0.14336,0.0619
2025-11-05 03:00:00,0,1208,0,1313,105,0,False,0.14336,0.0619
2025-11-05 04:00:00,0,1463,0,1562,99,0,False,0.14336,0.0619
2025-11-05 05:00:00,0,1395,0,1562,167,0,False,0.14336,0.0619
2025-11-05 06:00:00,59,2353,0,2387,93,0,False,0.14336,0.0619
2025-11-05 07:00:00,562,2716,0,2734,580,0,False,0.14336,0.0619
2025-11-05 08:00:00,1403,1893,0,1903,1413,0,False,0.14336,0.0619
2025-11-05 09:00:00,1902,1776,0,1806,1932,0,False,0.14336,0.0619
2025-11-05 10:00:00,1972,1571,0,1623,2024,0,False,0.14336,0.0619
2025-11-05 11:00:00,1363,781,0,811,1393,0,False,0.14336,0.0619
2025-11-05 12:00:00,1579,591,0,618,1606,0,False,0.14336,0.0619
2025-11-05 13:00:00,1469,1286,0,1306,1489,0,False,0.14336,0.0619
2025-11-05 14:00:00,761,1519,0,1544,786,0,False,0.14336,0.0619
2025-11-05 15:00:00,313,1937,0,1963,339,0,False,0.14336,0.0619
2025-11-05 16:00:00,9,1894,14,5,1,1895,True,0.34371,0.26225
2025-11-05 17:00:00,0,1771,18,2,1,1788,True,0.34371,0.26225
2025-11-05 18:00:00,0,1574,5,1,0,1578,True,0.34371,0.26225
2025-11-05 19:00:00,0,1646,13,5,0,1654,True,0.34371,0.26225
2025-11-05 20:00:00,0,4454,0,2682,41,1813,False,0.14336,0.0619
2025-11-05 21:00:00,0,2425,0,2444,19,0,False,0.14336,0.0619
2025-11-05 22:00:00,0,1452,0,1478,26,0,False,0.14336,0.0619
2025-11-05 23:00:00,0,1107,0,1131,24,0,False,0.14336,0.0619
2025-11-06 00:00:00,0,1016,0,1144,128,0,False,0.14336,0.0619
2025-11-06 01:00:00,0,699,0,822,123,0,False,0.14336,0.0619
2025-11-06 02:00:00,0,1083,0,1103,20,0,False,0.14336,0.0619
2025-11-06 03:00:00,0,1091,0,1207,116,0,False,0.14336,0.0619
2025-11-06 04:00:00,0,1126,0,1240,114,0,False,0.14336,0.0619
2025-11-06 05:00:00,0,1122,0,1233,111,0,False,0.14336,0.0619
2025-11-06 06:00:00,22,1103,0,1192,111,0,False,0.14336,0.0619
2025-11-06 07:00:00,651,1660,0,1674,665,0,False,0.14336,0.0619
2025-11-06 08:00:00,1167,765,0,783,1185,0,False,0.14336,0.0619
2025-11-06 09:00:00,2193,620,0,654,2227,0,False,0.14336,0.0619
2025-11-06 10:00:00,1497,1568,0,1588,1517,0,False,0.14336,0.0619
2025-11-06 11:00:00,2264,1662,0,1673,2275,0,False,0.14336,0.0619
2025-11-06 12:00:00,3006,1597,0,1641,3050,0,False,0.14336,0.0619
2025-11-06 13:00:00,2365,617,0,666,2414,0,False,0.14336,0.0619
2025-11-06 14:00:00,563,599,0,616,580,0,False,0.14336,0.0619
2025-11-06 15:00:00,518,1452,0,1475,541,0,False,0.14336,0.0619
2025-11-06 16:00:00,45,1580,55,0,2,1592,True,0.34371,0.26225
2025-11-06 17:00:00,0,2509,17,2,0,2524,True,0.34371,0.26225
2025-11-06 18:00:00,0,1860,18,3,0,1875,True,0.34371,0.26225
2025-11-06 19:00:00,0,2014,0,10,0,2004,True,0.34371,0.26225
2025-11-06 20:00:00,0,4609,22,1380,20,3271,False,0.14336,0.0619
2025-11-06 21:00:00,0,2566,0,2596,30,0,False,0.14336,0.0619
2025-11-06 22:00:00,0,2354,0,2366,12,0,False,0.14336,0.0619
2025-11-06 23:00:00,0,1400,0,1426,26,0,False,0.14336,0.0619
2025-11-07 00:00:00,0,1325,0,1430,105,0,False,0.14336,0.0619
2025-11-07 01:00:00,0,1298,0,1475,177,0,False,0.14336,0.0619
2025-11-07 02:00:00,0,1369,0,1465,96,0,False,0.14336,0.0619
2025-11-07 03:00:00,0,1590,0,1684,94,0,False,0.14336,0.0619
2025-11-07 04:00:00,0,1959,0,2105,146,0,False,0.14336,0.0619
2025-11-07 05:00:00,0,2398,0,2591,193,0,False,0.14336,0.0619
2025-11-07 06:00:00,47,2447,0,2466,66,0,False,0.14336,0.0619
2025-11-07 07:00:00,785,2337,0,2342,790,0,False,0.14336,0.0619
2025-11-07 08:00:00,1275,2910,0,2928,1293,0,False,0.14336,0.0619
2025-11-07 09:00:00,2489,1645,0,1691,2535,0,False,0.14336,0.0619
2025-11-07 10:00:00,3293,2203,0,2305,3395,0,False,0.14336,0.0619
2025-11-07 11:00:00,3275,1775,0,1834,3334,0,False,0.14336,0.0619
2025-11-07 12:00:00,2849,615,0,661,2895,0,False,0.14336,0.0619
2025-11-07 13:00:00,2788,3933,0,2333,1188,0,False,0.14336,0.0619
2025-11-07 14:00:00,995,5878,0,5031,148,0,False,0.14336,0.0619
2025-11-07 15:00:00,455,7000,0,6689,144,0,False,0.14336,0.0619
2025-11-07 16:00:00,20,1878,14,16,0,1856,True,0.34371,0.26225
2025-11-07 17:00:00,0,2368,64,1,0,2431,True,0.34371,0.26225
2025-11-07 18:00:00,0,1668,26,8,0,1686,True,0.34371,0.26225
2025-11-07 19:00:00,0,1390,22,5,0,1407,True,0.34371,0.26225
2025-11-07 20:00:00,0,3371,46,25,24,3416,False,0.14336,0.0619
2025-11-07 21:00:00,0,3466,10,1917,32,1591,False,0.14336,0.0619
2025-11-07 22:00:00,0,1171,0,1187,16,0,False,0.14336,0.0619
2025-11-07 23:00:00,0,1113,0,1131,18,0,False,0.14336,0.0619
2025-11-08 00:00:00,0,728,0,744,16,0,False,0.14336,0.0619
2025-11-08 01:00:00,0,947,0,1056,109,0,False,0.14336,0.0619
2025-11-08 02:00:00,0,987,0,1107,120,0,False,0.14336,0.0619
2025-11-08 03:00:00,0,966,0,1093,127,0,False,0.14336,0.0619
2025-11-08 04:00:00,0,660,0,786,126,0,False,0.14336,0.0619
2025-11-08 05:00:00,0,959,0,985,26,0,False,0.14336,0.0619
2025-11-08 06:00:00,0,1326,0,1448,122,0,False,0.14336,0.0619
2025-11-08 07:00:00,172,2237,0,2241,176,0,False,0.14336,0.0619
2025-11-08 08:00:00,498,818,0,828,508,0,False,0.14336,0.0619
2025-11-08 09:00:00,570,705,0,728,593,0,False,0.14336,0.0619
2025-11-08 10:00:00,856,1947,0,1974,883,0,False,0.14336,0.0619
2025-11-08 11:00:00,3372,1724,0,1790,3438,0,False,0.14336,0.0619
2025-11-08 12:00:00,2960,1427,0,1501,3034,0,False,0.14336,0.0619
2025-11-08 13:00:00,1186,1036,0,1055,1205,0,False,0.14336,0.0619
2025-11-08 14:00:00,549,1667,0,1674,556,0,False,0.14336,0.0619
2025-11-08 15:00:00,377,959,0,974,392,0,False,0.14336,0.0619
2025-11-08 16:00:00,30,729,42,3,0,738,True,0.34371,0.26225
2025-11-08 17:00:00,0,1725,36,3,0,1758,True,0.34371,0.26225
2025-11-08 18:00:00,0,1329,9,4,0,1334,True,0.34371,0.26225
2025-11-08 19:00:00,0,895,0,11,0,884,True,0.34371,0.26225
2025-11-08 20:00:00,0,2534,59,29,23,2587,False,0.14336,0.0619
2025-11-08 21:00:00,0,1751,18,933,38,874,False,0.14336,0.0619
2025-11-08 22:00:00,0,1713,0,1729,16,0,False,0.14336,0.0619
2025-11-08 23:00:00,0,974,0,995,21,0,False,0.14336,0.0619
2025-11-09 00:00:00,0,689,0,805,116,0,False,0.14336,0.0619
2025-11-09 01:00:00,0,1138,0,1163,25,0,False,0.14336,0.0619
2025-11-09 02:00:00,0,1000,0,1112,112,0,False,0.14336,0.0619
2025-11-09 03:00:00,0,669,0,782,113,0,False,0.14336,0.0619
2025-11-09 04:00:00,0,1167,0,1286,119,0,False,0.14336,0.0619
2025-11-09 05:00:00,0,1048,0,1164,116,0,False,0.14336,0.0619
2025-11-09 06:00:00,14,1423,0,1517,108,0,False,0.14336,0.0619
2025-11-09 07:00:00,377,2246,0,2266,397,0,False,0.14336,0.0619
2025-11-09 08:00:00,1000,5579,0,5612,1033,0,False,0.14336,0.0619
2025-11-09 09:00:00,1207,5377,0,5392,1222,0,False,0.14336,0.0619
2025-11-09 10:00:00,1236,5836,0,5868,1268,0,False,0.14336,0.0619
2025-11-09 11:00:00,2022,5956,0,5995,2061,0,False,0.14336,0.0619
2025-11-09 12:00:00,2627,5978,0,6022,2671,0,False,0.14336,0.0619
2025-11-09 13:00:00,1450,4313,0,4354,1491,0,False,0.14336,0.0619
2025-11-09 14:00:00,722,999,0,1015,738,0,False,0.14336,0.0619
2025-11-09 15:00:00,300,848,0,4305,3757,0,False,0.14336,0.0619
2025-11-09 16:00:00,0,1656,42,10,0,1688,True,0.34371,0.26225
2025-11-09 17:00:00,0,1457,23,2,0,1478,True,0.34371,0.26225
2025-11-09 18:00:00,0,1683,11,12,0,1682,True,0.34371,0.26225
2025-11-09 19:00:00,0,1037,20,7,0,1050,True,0.34371,0.26225
2025-11-09 20:00:00,0,1987,36,22,22,2023,False,0.14336,0.0619
2025-11-09 21:00:00,0,4636,38,1283,28,3419,False,0.14336,0.0619
2025-11-09 22:00:00,0,1347,0,1369,22,0,False,0.14336,0.0619
2025-11-09 23:00:00,0,1234,0,1256,22,0,False,0.14336,0.0619
2025-11-10 00:00:00,0,661,0,682,21,0,False,0.14336,0.0619
2025-11-10 01:00:00,0,621,0,759,138,0,False,0.14336,0.0619
2025-11-10 02:00:00,0,954,0,1084,130,0,False,0.14336,0.0619
2025-11-10 03:00:00,0,622,0,648,26,0,False,0.14336,0.0619
2025-11-10 04:00:00,0,835,0,972,137,0,False,0.14336,0.0619
2025-11-10 05:00:00,0,703,0,919,216,0,False,0.14336,0.0619
2025-11-10 06:00:00,0,1019,0,1151,132,0,False,0.14336,0.0619
2025-11-10 07:00:00,101,932,0,942,111,0,False,0.14336,0.0619
2025-11-10 08:00:00,179,1311,0,1330,198,0,False,0.14336,0.0619
2025-11-10 09:00:00,370,991,0,1015,394,0,False,0.14336,0.0619
2025-11-10 10:00:00,472,679,0,704,497,0,False,0.14336,0.0619
2025-11-10 11:00:00,609,649,0,665,625,0,False,0.14336,0.0619
2025-11-10 12:00:00,365,607,0,624,382,0,False,0.14336,0.0619
2025-11-10 13:00:00,209,578,0,606,237,0,False,0.14336,0.0619
2025-11-10 14:00:00,216,560,0,11765,11421,0,False,0.14336,0.0619
2025-11-10 15:00:00,51,1407,0,2973,1617,0,False,0.14336,0.0619
2025-11-10 16:00:00,0,1790,21,0,0,1811,True,0.34371,0.26225
2025-11-10 17:00:00,0,1889,33,0,0,1922,True,0.34371,0.26225
2025-11-10 18:00:00,0,1764,26,10,0,1780,True,0.34371,0.26225
2025-11-10 19:00:00,0,1446,0,18,0,1428,True,0.34371,0.26225
2025-11-10 20:00:00,0,1501,20,41,27,1507,False,0.14336,0.0619
2025-11-10 21:00:00,0,2011,23,6,0,2028,False,0.14336,0.0619
2025-11-10 22:00:00,0,1751,37,210,18,1596,False,0.14336,0.0619
2025-11-10 23:00:00,0,1332,0,1360,28,0,False,0.14336,0.0619
2025-11-11 00:00:00,0,1309,0,1337,28,0,False,0.14336,0.0619
2025-11-11 01:00:00,0,1347,0,1374,27,0,False,0.14336,0.0619
2025-11-11 02:00:00,0,1228,0,1338,110,0,False,0.14336,0.0619
2025-11-11 03:00:00,0,1163,0,1270,107,0,False,0.14336,0.0619
2025-11-11 04:00:00,0,1235,0,1329,94,0,False,0.14336,0.0619
2025-11-11 05:00:00,0,1227,0,1325,98,0,False,0.14336,0.0619
2025-11-11 06:00:00,19,2283,0,2348,85,1,False,0.14336,0.0619
2025-11-11 07:00:00,359,3285,0,3351,425,0,False,0.14336,0.0619
2025-11-11 08:00:00,1070,2536,0,2552,1086,0,False,0.14336,0.0619
2025-11-11 09:00:00,980,1794,0,1816,1002,0,False,0.14336,0.0619
2025-11-11 10:00:00,1645,2584,0,2616,1677,0,False,0.14336,0.0619
2025-11-11 11:00:00,1803,2512,0,2574,1865,0,False,0.14336,0.0619
2025-11-11 12:00:00,1923,2925,0,2972,1970,0,False,0.14336,0.0619
2025-11-11 13:00:00,1725,2447,0,2488,1766,0,False,0.14336,0.0619
2025-11-11 14:00:00,986,2528,0,2547,1005,0,False,0.14336,0.0619
2025-11-11 15:00:00,334,2131,0,5327,3530,0,False,0.14336,0.0619
2025-11-11 16:00:00,7,853,27,7,3,869,True,0.34371,0.26225
2025-11-11 17:00:00,0,1866,17,3,0,1880,True,0.34371,0.26225
2025-11-11 18:00:00,0,2252,10,17,0,2245,True,0.34371,0.26225
2025-11-11 19:00:00,0,3387,41,0,0,3428,True,0.34371,0.26225
2025-11-11 20:00:00,0,4819,34,2253,25,2625,False,0.14336,0.0619
2025-11-11 21:00:00,0,3524,0,3546,22,0,False,0.14336,0.0619
2025-11-11 22:00:00,0,2007,0,2023,16,0,False,0.14336,0.0619
2025-11-11 23:00:00,0,1275,0,1354,79,0,False,0.14336,0.0619
2025-11-12 00:00:00,0,1307,0,1451,144,0,False,0.14336,0.0619
2025-11-12 01:00:00,0,1598,0,1675,77,0,False,0.14336,0.0619
2025-11-12 02:00:00,0,1136,0,1269,133,0,False,0.14336,0.0619
2025-11-12 03:00:00,0,1720,0,1802,82,0,False,0.14336,0.0619
2025-11-12 04:00:00,0,1834,0,1966,132,0,False,0.14336,0.0619
2025-11-12 05:00:00,0,2507,0,2741,234,0,False,0.14336,0.0619
2025-11-12 06:00:00,0,2125,0,2290,165,0,False,0.14336,0.0619
2025-11-12 07:00:00,163,2585,0,2591,169,0,False,0.14336,0.0619
2025-11-12 08:00:00,484,2613,0,2626,497,0,False,0.14336,0.0619
2025-11-12 09:00:00,1014,2455,0,2478,1037,0,False,0.14336,0.0619
2025-11-12 10:00:00,1588,2173,0,2219,1634,0,False,0.14336,0.0619
2025-11-12 11:00:00,2261,1830,0,1860,2291,0,False,0.14336,0.0619
2025-11-12 12:00:00,2682,1833,0,1894,2743,0,False,0.14336,0.0619
2025-11-12 13:00:00,2234,1480,0,1521,2275,0,False,0.14336,0.0619
2025-11-12 14:00:00,1047,576,0,2509,2980,0,False,0.14336,0.0619
2025-11-12 15:00:00,390,1766,0,3371,1995,0,False,0.14336,0.0619
2025-11-12 16:00:00,24,1895,31,8,2,1896,True,0.34371,0.26225
2025-11-12 17:00:00,0,2746,77,0,0,2823,True,0.34371,0.26225
2025-11-12 18:00:00,0,2397,50,0,0,2447,True,0.34371,0.26225
2025-11-12 19:00:00,0,2520,11,4,0,2527,True,0.34371,0.26225
2025-11-12 20:00:00,0,3026,53,498,24,2605,False,0.14336,0.0619
2025-11-12 21:00:00,0,4349,0,4375,26,0,False,0.14336,0.0619
2025-11-12 22:00:00,0,1414,0,1437,23,0,False,0.14336,0.0619
2025-11-12 23:00:00,0,1459,0,1483,24,0,False,0.14336,0.0619
2025-11-13 00:00:00,0,1160,0,1264,104,0,False,0.14336,0.0619
2025-11-13 01:00:00,0,1093,0,1194,101,0,False,0.14336,0.0619
2025-11-13 02:00:00,0,1083,0,1182,99,0,False,0.14336,0.0619
2025-11-13 03:00:00,0,1298,0,1466,168,0,False,0.14336,0.0619
2025-11-13 04:00:00,0,1335,0,1437,102,0,False,0.14336,0.0619
2025-11-13 05:00:00,0,1914,0,2013,99,0,False,0.14336,0.0619
2025-11-13 06:00:00,18,1752,0,1832,98,0,False,0.14336,0.0619
2025-11-13 07:00:00,458,2431,0,2447,474,0,False,0.14336,0.0619
2025-11-13 08:00:00,1047,1950,0,1965,1062,0,False,0.14336,0.0619
2025-11-13 09:00:00,1881,1714,0,1741,1908,0,False,0.14336,0.0619
2025-11-13 10:00:00,2319,1676,0,1713,2356,0,False,0.14336,0.0619
2025-11-13 11:00:00,1874,1069,0,1111,1916,0,False,0.14336,0.0619
2025-11-13 12:00:00,1681,579,0,614,1716,0,False,0.14336,0.0619
2025-11-13 13:00:00,1359,1340,0,1372,1391,0,False,0.14336,0.0619
2025-11-13 14:00:00,1096,1737,0,3513,2872,0,False,0.14336,0.0619
2025-11-13 15:00:00,211,1778,0,3525,1958,0,False,0.14336,0.0619
2025-11-13 16:00:00,2,2004,30,13,2,2021,True,0.34371,0.26225
2025-11-13 17:00:00,0,2573,60,0,0,2633,True,0.34371,0.26225
2025-11-13 18:00:00,0,2286,31,7,0,2310,True,0.34371,0.26225
2025-11-13 19:00:00,0,2398,19,22,0,2395,True,0.34371,0.26225
2025-11-13 20:00:00,0,2242,88,14,14,2330,False,0.14336,0.0619
2025-11-13 21:00:00,0,2429,0,1838,25,616,False,0.14336,0.0619
2025-11-13 22:00:00,0,1703,0,1726,23,0,False,0.14336,0.0619
2025-11-13 23:00:00,0,1615,0,1636,21,0,False,0.14336,0.0619
2025-11-14 00:00:00,0,1339,0,1435,96,0,False,0.14336,0.0619
2025-11-14 01:00:00,0,1367,0,1460,93,0,False,0.14336,0.0619
2025-11-14 02:00:00,0,1393,0,1492,99,0,False,0.14336,0.0619
2025-11-14 03:00:00,0,1498,0,1799,301,0,False,0.14336,0.0619
2025-11-14 04:00:00,0,1759,0,1852,93,0,False,0.14336,0.0619
2025-11-14 05:00:00,0,2409,0,2547,138,0,False,0.14336,0.0619
2025-11-14 06:00:00,8,2411,0,2478,75,0,False,0.14336,0.0619
2025-11-14 07:00:00,291,2716,0,2725,300,0,False,0.14336,0.0619
2025-11-14 08:00:00,1000,2482,0,2492,1010,0,False,0.14336,0.0619
2025-11-14 09:00:00,2163,2178,0,2213,2198,0,False,0.14336,0.0619
2025-11-14 10:00:00,3465,1265,0,1335,3535,0,False,0.14336,0.0619
2025-11-14 11:00:00,3910,487,0,523,3946,0,False,0.14336,0.0619
2025-11-14 12:00:00,2587,1649,0,1679,2617,0,False,0.14336,0.0619
2025-11-14 13:00:00,1316,732,0,761,1345,0,False,0.14336,0.0619
2025-11-14 14:00:00,816,901,8,625,532,0,False,0.14336,0.0619
2025-11-14 15:00:00,216,2015,0,1862,63,0,False,0.14336,0.0619
2025-11-14 16:00:00,15,1689,67,2,0,1739,True,0.34371,0.26225
2025-11-14 17:00:00,0,2421,31,5,0,2447,True,0.34371,0.26225
2025-11-14 18:00:00,0,2295,21,3,0,2313,True,0.34371,0.26225
2025-11-14 19:00:00,0,2206,29,3,0,2232,True,0.34371,0.26225
2025-11-14 20:00:00,0,2232,20,27,14,2239,False,0.14336,0.0619
2025-11-14 21:00:00,0,4711,0,3370,23,1364,False,0.14336,0.0619
2025-11-14 22:00:00,0,1515,0,1534,19,0,False,0.14336,0.0619
2025-11-14 23:00:00,0,1436,0,1458,22,0,False,0.14336,0.0619
2025-11-15 00:00:00,0,1183,0,1290,107,0,False,0.14336,0.0619
2025-11-15 01:00:00,0,1313,0,1414,101,0,False,0.14336,0.0619
2025-11-15 02:00:00,0,1190,0,1290,100,0,False,0.14336,0.0619
2025-11-15 03:00:00,0,1346,0,1432,86,0,False,0.14336,0.0619
2025-11-15 04:00:00,0,2255,0,2345,90,0,False,0.14336,0.0619
2025-11-15 05:00:00,0,2274,0,2414,140,0,False,0.14336,0.0619
2025-11-15 06:00:00,11,2925,0,3027,113,0,False,0.14336,0.0619
2025-11-15 07:00:00,460,2747,0,2760,473,0,False,0.14336,0.0619
2025-11-15 08:00:00,973,2499,0,2506,980,0,False,0.14336,0.0619
2025-11-15 09:00:00,2180,2218,0,2277,2239,0,False,0.14336,0.0619
2025-11-15 10:00:00,3493,2107,0,2162,3548,0,False,0.14336,0.0619
2025-11-15 11:00:00,3925,1828,0,1886,3983,0,False,0.14336,0.0619
2025-11-15 12:00:00,3462,1995,0,2079,3546,0,False,0.14336,0.0619
2025-11-15 13:00:00,1727,1615,0,564,676,0,False,0.14336,0.0619
2025-11-15 14:00:00,901,3641,74,2912,98,0,False,0.14336,0.0619
2025-11-15 15:00:00,359,1940,0,1700,119,0,False,0.14336,0.0619
2025-11-15 16:00:00,8,682,13,9,2,680,True,0.34371,0.26225
2025-11-15 17:00:00,0,2938,67,0,0,3005,True,0.34371,0.26225
2025-11-15 18:00:00,0,1857,19,2,0,1874,True,0.34371,0.26225
2025-11-15 19:00:00,0,2321,18,6,0,2333,True,0.34371,0.26225
2025-11-15 20:00:00,0,1696,71,10,10,1767,False,0.14336,0.0619
2025-11-15 21:00:00,0,2372,50,4,0,2418,False,0.14336,0.0619
2025-11-15 22:00:00,0,1508,0,1389,32,151,False,0.14336,0.0619
2025-11-15 23:00:00,0,1350,0,1373,23,0,False,0.14336,0.0619
2025-11-16 00:00:00,0,1067,0,1092,25,0,False,0.14336,0.0619
2025-11-16 01:00:00,0,1016,0,1119,103,0,False,0.14336,0.0619
2025-11-16 02:00:00,0,961,0,1060,99,0,False,0.14336,0.0619
2025-11-16 03:00:00,0,949,0,1052,103,0,False,0.14336,0.0619
2025-11-16 04:00:00,0,934,0,1036,102,0,False,0.14336,0.0619
2025-11-16 05:00:00,0,928,0,1026,98,0,False,0.14336,0.0619
2025-11-16 06:00:00,0,1964,0,2059,95,0,False,0.14336,0.0619
2025-11-16 07:00:00,349,2314,0,2330,365,0,False,0.14336,0.0619
2025-11-16 08:00:00,1076,2034,0,2045,1087,0,False,0.14336,0.0619
2025-11-16 09:00:00,1965,1480,0,1502,1987,0,False,0.14336,0.0619
2025-11-16 10:00:00,3122,1469,0,1513,3166,0,False,0.14336,0.0619
2025-11-16 11:00:00,2733,480,0,535,2788,0,False,0.14336,0.0619
2025-11-16 12:00:00,2145,1752,0,1791,2184,0,False,0.14336,0.0619
2025-11-16 13:00:00,1350,2405,0,2431,1376,0,False,0.14336,0.0619
2025-11-16 14:00:00,743,5729,0,5742,756,0,False,0.14336,0.0619
2025-11-16 15:00:00,425,2307,0,3838,1956,0,False,0.14336,0.0619
2025-11-16 16:00:00,14,716,0,18,6,690,True,0.34371,0.26225
2025-11-16 17:00:00,0,1769,6,6,0,1769,True,0.34371,0.26225
2025-11-16 18:00:00,0,2069,33,3,0,2099,True,0.34371,0.26225
2025-11-16 19:00:00,0,1703,39,7,0,1735,True,0.34371,0.26225
2025-11-16 20:00:00,0,2565,48,27,24,2610,False,0.14336,0.0619
2025-11-16 21:00:00,0,2054,26,0,0,2080,False,0.14336,0.0619
2025-11-16 22:00:00,0,1655,18,559,26,1140,False,0.14336,0.0619
2025-11-16 23:00:00,0,1353,0,1379,26,0,False,0.14336,0.0619
2025-11-17 00:00:00,0,1062,0,1085,23,0,False,0.14336,0.0619
2025-11-17 01:00:00,0,1076,0,1162,86,0,False,0.14336,0.0619
2025-11-17 02:00:00,0,1524,0,1621,97,0,False,0.14336,0.0619
2025-11-17 03:00:00,0,1125,0,1208,83,0,False,0.14336,0.0619
2025-11-17 04:00:00,0,1207,0,1360,153,0,False,0.14336,0.0619
2025-11-17 05:00:00,0,1709,0,1797,88,0,False,0.14336,0.0619
2025-11-17 06:00:00,6,2447,0,2556,115,0,False,0.14336,0.0619
2025-11-17 07:00:00,533,2459,0,2459,533,0,False,0.14336,0.0619
2025-11-17 08:00:00,1372,568,0,583,1387,0,False,0.14336,0.0619
2025-11-17 09:00:00,2518,2087,0,2136,2567,0,False,0.14336,0.0619
2025-11-17 10:00:00,2301,2427,0,2444,2318,0,False,0.14336,0.0619
2025-11-17 11:00:00,3563,2890,0,2956,3629,0,False,0.14336,0.0619
2025-11-17 12:00:00,3144,1113,0,1124,3155,0,False,0.14336,0.0619
2025-11-17 13:00:00,1900,804,0,758,1854,0,False,0.14336,0.0619
2025-11-17 14:00:00,522,798,0,442,166,0,False,0.14336,0.0619
2025-11-17 15:00:00,399,1852,0,1559,106,0,False,0.14336,0.0619
2025-11-17 16:00:00,13,2014,62,3,1,2061,True,0.34371,0.26225
2025-11-17 17:00:00,0,3149,38,0,0,3187,True,0.34371,0.26225
2025-11-17 18:00:00,0,3014,19,9,0,3024,True,0.34371,0.26225
2025-11-17 19:00:00,0,2863,39,0,0,2902,True,0.34371,0.26225
2025-11-17 20:00:00,0,4296,1,3015,38,1320,False,0.14336,0.0619
2025-11-17 21:00:00,0,5442,0,5454,12,0,False,0.14336,0.0619
2025-11-17 22:00:00,0,1681,0,1696,15,0,False,0.14336,0.0619
2025-11-17 23:00:00,0,1526,0,1618,92,0,False,0.14336,0.0619
2025-11-18 00:00:00,0,1467,0,1557,90,0,False,0.14336,0.0619
2025-11-18 01:00:00,0,1179,0,1269,90,0,False,0.14336,0.0619
2025-11-18 02:00:00,0,1251,0,1405,154,0,False,0.14336,0.0619
2025-11-18 03:00:00,0,1599,0,1679,80,0,False,0.14336,0.0619
2025-11-18 04:00:00,0,2683,0,2821,138,0,False,0.14336,0.0619
2025-11-18 05:00:00,0,2335,0,2411,76,0,False,0.14336,0.0619
2025-11-18 06:00:00,6,2152,0,2298,152,0,False,0.14336,0.0619
2025-11-18 07:00:00,372,2575,0,2637,434,0,False,0.14336,0.0619
2025-11-18 08:00:00,874,2272,0,2282,884,0,False,0.14336,0.0619
2025-11-18 09:00:00,2059,2228,0,2262,2093,0,False,0.14336,0.0619
2025-11-18 10:00:00,3370,1855,0,1920,3435,0,False,0.14336,0.0619
2025-11-18 11:00:00,3795,1611,0,1669,3853,0,False,0.14336,0.0619
2025-11-18 12:00:00,3433,579,0,669,3523,0,False,0.14336,0.0619
2025-11-18 13:00:00,1828,1241,0,662,1249,0,False,0.14336,0.0619
2025-11-18 14:00:00,462,1161,0,819,120,0,False,0.14336,0.0619
2025-11-18 15:00:00,263,1565,0,1403,101,0,False,0.14336,0.0619
2025-11-18 16:00:00,10,1765,44,8,0,1791,True,0.34371,0.26225
2025-11-18 17:00:00,0,2989,9,7,0,2991,True,0.34371,0.26225
2025-11-18 18:00:00,0,2621,37,2,0,2656,True,0.34371,0.26225
2025-11-18 19:00:00,0,2868,20,2,0,2886,True,0.34371,0.26225
2025-11-18 20:00:00,0,1996,51,13,13,2047,False,0.14336,0.0619
2025-11-18 21:00:00,0,2630,0,2577,30,83,False,0.14336,0.0619
2025-11-18 22:00:00,0,1975,0,1981,6,0,False,0.14336,0.0619
2025-11-18 23:00:00,0,1698,0,1714,16,0,False,0.14336,0.0619
2025-11-19 00:00:00,0,1635,0,1794,159,0,False,0.14336,0.0619
2025-11-19 01:00:00,0,1205,0,1289,84,0,False,0.14336,0.0619
2025-11-19 02:00:00,0,1542,0,1679,137,0,False,0.14336,0.0619
2025-11-19 03:00:00,0,1568,0,1647,79,0,False,0.14336,0.0619
2025-11-19 04:00:00,0,2439,0,2548,109,0,False,0.14336,0.0619
2025-11-19 05:00:00,0,2612,0,2710,98,0,False,0.14336,0.0619
2025-11-19 06:00:00,0,2633,0,2736,103,0,False,0.14336,0.0619
2025-11-19 07:00:00,225,2319,0,2313,219,0,False,0.14336,0.0619
2025-11-19 08:00:00,672,1728,0,1735,679,0,False,0.14336,0.0619
2025-11-19 09:00:00,2049,2284,0,2308,2073,0,False,0.14336,0.0619
2025-11-19 10:00:00,3362,2189,0,2242,3415,0,False,0.14336,0.0619
2025-11-19 11:00:00,3775,1825,0,1905,3855,0,False,0.14336,0.0619
2025-11-19 12:00:00,3406,1389,0,1452,3469,0,False,0.14336,0.0619
2025-11-19 13:00:00,1810,1638,0,1597,1769,0,False,0.14336,0.0619
2025-11-19 14:00:00,474,595,0,266,145,0,False,0.14336,0.0619
2025-11-19 15:00:00,261,2064,0,1883,80,0,False,0.14336,0.0619
2025-11-19 16:00:00,12,2102,65,0,0,2155,True,0.34371,0.26225
2025-11-19 17:00:00,0,3275,46,0,0,3321,True,0.34371,0.26225
2025-11-19 18:00:00,0,2989,57,0,0,3046,True,0.34371,0.26225
2025-11-19 19:00:00,0,3374,11,12,0,3373,True,0.34371,0.26225
2025-11-19 20:00:00,0,2789,0,2144,34,679,False,0.14336,0.0619
2025-11-19 21:00:00,0,6891,0,6893,2,0,False,0.14336,0.0619
2025-11-19 22:00:00,0,2277,0,2279,2,0,False,0.14336,0.0619
2025-11-19 23:00:00,0,2072,0,2154,82,0,False,0.14336,0.0619
2025-11-20 00:00:00,0,1285,0,1431,146,0,False,0.14336,0.0619
2025-11-20 01:00:00,0,1480,0,1565,85,0,False,0.14336,0.0619
2025-11-20 02:00:00,0,1598,0,1726,128,0,False,0.14336,0.0619
2025-11-20 03:00:00,0,2140,0,2263,123,0,False,0.14336,0.0619
2025-11-20 04:00:00,0,2079,0,2184,105,0,False,0.14336,0.0619
2025-11-20 05:00:00,0,2156,0,2239,83,0,False,0.14336,0.0619
2025-11-20 06:00:00,0,2718,0,2828,110,0,False,0.14336,0.0619
2025-11-20 07:00:00,356,2188,0,2188,356,0,False,0.14336,0.0619
2025-11-20 08:00:00,1000,1523,0,1541,1018,0,False,0.14336,0.0619
2025-11-20 09:00:00,2002,2269,0,2311,2044,0,False,0.14336,0.0619
2025-11-20 10:00:00,3376,2016,0,2066,3426,0,False,0.14336,0.0619
2025-11-20 11:00:00,3730,1833,0,1866,3763,0,False,0.14336,0.0619
2025-11-20 12:00:00,2968,1727,0,1763,3004,0,False,0.14336,0.0619
2025-11-20 13:00:00,1551,939,0,976,1588,0,False,0.14336,0.0619
2025-11-20 14:00:00,729,1019,0,712,422,0,False,0.14336,0.0619
2025-11-20 15:00:00,190,2301,0,2203,92,0,False,0.14336,0.0619
2025-11-20 16:00:00,5,2250,38,0,0,2283,True,0.34371,0.26225
2025-11-20 17:00:00,0,2179,45,7,0,2217,True,0.34371,0.26225
2025-11-20 18:00:00,0,2705,36,2,0,2739,True,0.34371,0.26225
2025-11-20 19:00:00,0,2958,29,7,0,2980,True,0.34371,0.26225
2025-11-20 20:00:00,0,2997,61,843,24,2239,False,0.14336,0.0619
2025-11-20 21:00:00,0,2958,0,2969,11,0,False,0.14336,0.0619
2025-11-20 22:00:00,0,2582,0,2586,4,0,False,0.14336,0.0619
2025-11-20 23:00:00,0,1604,0,1614,10,0,False,0.14336,0.0619
2025-11-21 00:00:00,0,1256,0,1430,174,0,False,0.14336,0.0619
2025-11-21 01:00:00,0,1284,0,1371,87,0,False,0.14336,0.0619
2025-11-21 02:00:00,0,1927,0,2016,89,0,False,0.14336,0.0619
2025-11-21 03:00:00,0,2291,0,2434,143,0,False,0.14336,0.0619
2025-11-21 04:00:00,0,2506,0,2646,140,0,False,0.14336,0.0619
2025-11-21 05:00:00,0,2404,0,2530,126,0,False,0.14336,0.0619
2025-11-21 06:00:00,1,2655,0,2745,91,0,False,0.14336,0.0619
2025-11-21 07:00:00,360,2892,0,2897,365,0,False,0.14336,0.0619
2025-11-21 08:00:00,910,2525,0,2551,936,0,False,0.14336,0.0619
2025-11-21 09:00:00,1096,1248,0,1276,1124,0,False,0.14336,0.0619
2025-11-21 10:00:00,720,3077,0,3099,742,0,False,0.14336,0.0619
2025-11-21 11:00:00,1338,3537,0,3554,1355,0,False,0.14336,0.0619
2025-11-21 12:00:00,2070,2892,0,2955,2133,0,False,0.14336,0.0619
2025-11-21 13:00:00,1176,4261,0,4297,1212,0,False,0.14336,0.0619
2025-11-21 14:00:00,728,1755,0,1784,757,0,False,0.14336,0.0619
2025-11-21 15:00:00,92,1811,0,6921,5202,0,False,0.14336,0.0619
2025-11-21 16:00:00,0,1708,47,8,2,1749,True,0.34371,0.26225
2025-11-21 17:00:00,0,2770,18,0,0,2788,True,0.34371,0.26225
2025-11-21 18:00:00,0,2357,38,0,0,2395,True,0.34371,0.26225
2025-11-21 19:00:00,0,2093,35,0,0,2128,True,0.34371,0.26225
2025-11-21 20:00:00,0,3303,48,1583,35,1803,False,0.14336,0.0619
2025-11-21 21:00:00,0,5663,0,5678,15,0,False,0.14336,0.0619
2025-11-21 22:00:00,0,1368,0,1372,4,0,False,0.14336,0.0619
2025-11-21 23:00:00,0,1173,0,1265,92,0,False,0.14336,0.0619
2025-11-22 00:00:00,0,1179,0,1276,97,0,False,0.14336,0.0619
2025-11-22 01:00:00,0,1581,0,1689,108,0,False,0.14336,0.0619
2025-11-22 02:00:00,0,1126,0,1225,99,0,False,0.14336,0.0619
2025-11-22 03:00:00,0,1884,0,1983,99,0,False,0.14336,0.0619
2025-11-22 04:00:00,0,1871,0,1969,98,0,False,0.14336,0.0619
2025-11-22 05:00:00,0,1946,0,2104,158,0,False,0.14336,0.0619
2025-11-22 06:00:00,0,1444,0,1542,98,0,False,0.14336,0.0619
2025-11-22 07:00:00,20,2119,0,2191,92,0,False,0.14336,0.0619
2025-11-22 08:00:00,244,2008,0,2036,272,0,False,0.14336,0.0619
2025-11-22 09:00:00,429,858,0,875,446,0,False,0.14336,0.0619
2025-11-22 10:00:00,674,1463,0,1493,704,0,False,0.14336,0.0619
2025-11-22 11:00:00,892,1920,0,1937,909,0,False,0.14336,0.0619
2025-11-22 12:00:00,958,2424,0,2444,978,0,False,0.14336,0.0619
2025-11-22 13:00:00,1469,1868,0,1909,1510,0,False,0.14336,0.0619
2025-11-22 14:00:00,494,1509,0,7059,6044,0,False,0.14336,0.0619
2025-11-22 15:00:00,183,1857,0,6291,4617,0,False,0.14336,0.0619
2025-11-22 16:00:00,8,876,15,8,3,878,True,0.34371,0.26225
2025-11-22 17:00:00,0,1975,20,13,0,1982,True,0.34371,0.26225
2025-11-22 18:00:00,0,1872,32,3,0,1901,True,0.34371,0.26225
2025-11-22 19:00:00,0,2667,16,5,0,2678,True,0.34371,0.26225
2025-11-22 20:00:00,0,3827,107,12,12,3934,False,0.14336,0.0619
2025-11-22 21:00:00,0,4356,0,3561,244,1039,False,0.14336,0.0619
2025-11-22 22:00:00,0,1961,0,2068,107,0,False,0.14336,0.0619
2025-11-22 23:00:00,0,1441,0,1541,100,0,False,0.14336,0.0619
2025-11-23 00:00:00,0,1390,0,1481,91,0,False,0.14336,0.0619
2025-11-23 01:00:00,0,2500,0,2629,129,0,False,0.14336,0.0619
2025-11-23 02:00:00,0,1845,0,1967,122,0,False,0.14336,0.0619
2025-11-23 03:00:00,0,2367,0,2458,91,0,False,0.14336,0.0619
2025-11-23 04:00:00,0,1991,0,2124,133,0,False,0.14336,0.0619
2025-11-23 05:00:00,0,2486,0,2613,127,0,False,0.14336,0.0619
2025-11-23 06:00:00,0,2820,0,2989,169,0,False,0.14336,0.0619
2025-11-23 07:00:00,266,3105,0,3155,316,0,False,0.14336,0.0619
2025-11-23 08:00:00,1086,2301,0,2323,1108,0,False,0.14336,0.0619
2025-11-23 09:00:00,1794,2226,0,2261,1829,0,False,0.14336,0.0619
2025-11-23 10:00:00,1615,2276,0,2320,1659,0,False,0.14336,0.0619
2025-11-23 11:00:00,1369,2243,0,2280,1406,0,False,0.14336,0.0619
2025-11-23 12:00:00,984,3180,0,3193,997,0,False,0.14336,0.0619
2025-11-23 13:00:00,809,2652,0,2671,828,0,False,0.14336,0.0619
2025-11-23 14:00:00,261,1820,0,1846,287,0,False,0.14336,0.0619
2025-11-23 15:00:00,85,2601,0,4248,1732,0,False,0.14336,0.0619
2025-11-23 16:00:00,0,1425,33,17,0,1441,True,0.34371,0.26225
2025-11-23 17:00:00,0,1870,31,14,0,1887,True,0.34371,0.26225
2025-11-23 18:00:00,0,2407,44,0,0,2451,True,0.34371,0.26225
2025-11-23 19:00:00,0,1522,7,46,0,1483,True,0.34371,0.26225
2025-11-23 20:00:00,0,2648,0,2447,16,217,False,0.14336,0.0619
2025-11-23 21:00:00,0,3431,0,3520,89,0,False,0.14336,0.0619
2025-11-23 22:00:00,0,1504,0,1589,85,0,False,0.14336,0.0619
2025-11-23 23:00:00,0,1086,0,1162,76,0,False,0.14336,0.0619
2025-11-24 00:00:00,0,1813,0,1893,80,0,False,0.14336,0.0619
2025-11-24 01:00:00,0,1649,0,1987,338,0,False,0.14336,0.0619
2025-11-24 02:00:00,0,2315,0,2405,90,0,False,0.14336,0.0619
2025-11-24 03:00:00,0,1653,0,1788,135,0,False,0.14336,0.0619
2025-11-24 04:00:00,0,2172,0,2309,137,0,False,0.14336,0.0619
2025-11-24 05:00:00,0,2167,0,2292,125,0,False,0.14336,0.0619
2025-11-24 06:00:00,0,1533,0,1659,126,0,False,0.14336,0.0619
2025-11-24 07:00:00,418,2624,0,2632,426,0,False,0.14336,0.0619
2025-11-24 08:00:00,766,2275,0,2293,784,0,False,0.14336,0.0619
2025-11-24 09:00:00,1888,1070,0,1106,1924,0,False,0.14336,0.0619
2025-11-24 10:00:00,3162,1636,0,1686,3212,0,False,0.14336,0.0619
2025-11-24 11:00:00,3677,1006,0,1063,3734,0,False,0.14336,0.0619
2025-11-24 12:00:00,3334,786,0,844,3392,0,False,0.14336,0.0619
2025-11-24 13:00:00,1446,1305,0,1336,1477,0,False,0.14336,0.0619
2025-11-24 14:00:00,582,1096,0,949,435,0,False,0.14336,0.0619
2025-11-24 15:00:00,221,1688,0,1588,121,0,False,0.14336,0.0619
2025-11-24 16:00:00,6,1698,50,11,0,1731,True,0.34371,0.26225
2025-11-24 17:00:00,0,2755,37,5,0,2787,True,0.34371,0.26225
2025-11-24 18:00:00,0,2499,31,1,0,2529,True,0.34371,0.26225
2025-11-24 19:00:00,0,2742,21,0,0,2763,True,0.34371,0.26225
2025-11-24 20:00:00,0,2936,47,485,25,2523,False,0.14336,0.0619
2025-11-24 21:00:00,0,6547,0,6565,18,0,False,0.14336,0.0619
2025-11-24 22:00:00,0,1547,0,1563,16,0,False,0.14336,0.0619
2025-11-24 23:00:00,0,1341,0,1429,88,0,False,0.14336,0.0619
2025-11-25 00:00:00,0,1136,0,1224,88,0,False,0.14336,0.0619
2025-11-25 01:00:00,0,2089,0,2178,89,0,False,0.14336,0.0619
2025-11-25 02:00:00,0,2014,0,2165,151,0,False,0.14336,0.0619
2025-11-25 03:00:00,0,1671,0,1760,89,0,False,0.14336,0.0619
2025-11-25 04:00:00,0,2343,0,2464,121,0,False,0.14336,0.0619
2025-11-25 05:00:00,0,1697,0,1809,112,0,False,0.14336,0.0619
2025-11-25 06:00:00,0,2288,0,2415,127,0,False,0.14336,0.0619
2025-11-25 07:00:00,33,983,0,1023,73,0,False,0.14336,0.0619
2025-11-25 08:00:00,526,1335,0,1351,542,0,False,0.14336,0.0619
2025-11-25 09:00:00,989,1634,0,1668,1023,0,False,0.14336,0.0619
2025-11-25 10:00:00,1400,1673,0,1690,1417,0,False,0.14336,0.0619
2025-11-25 11:00:00,860,1619,0,1643,884,0,False,0.14336,0.0619
2025-11-25 12:00:00,708,1628,0,1659,739,0,False,0.14336,0.0619
2025-11-25 13:00:00,455,1373,0,1402,484,0,False,0.14336,0.0619
2025-11-25 14:00:00,318,1023,0,6266,5561,0,False,0.14336,0.0619
2025-11-25 15:00:00,106,1705,0,6160,4561,0,False,0.14336,0.0619
2025-11-25 16:00:00,0,1659,45,14,0,1690,True,0.34371,0.26225
2025-11-25 17:00:00,0,2327,20,0,0,2347,True,0.34371,0.26225
2025-11-25 18:00:00,0,2011,15,4,1,2023,True,0.34371,0.26225
2025-11-25 19:00:00,0,2104,10,2,0,2112,True,0.34371,0.26225
2025-11-25 20:00:00,0,2018,76,14,14,2094,False,0.14336,0.0619
2025-11-25 21:00:00,0,1368,20,4,0,1384,False,0.14336,0.0619
2025-11-25 22:00:00,0,2163,0,1887,24,300,False,0.14336,0.0619
2025-11-25 23:00:00,0,1403,0,1410,7,0,False,0.14336,0.0619
2025-11-26 00:00:00,0,1084,0,1100,16,0,False,0.14336,0.0619
2025-11-26 01:00:00,0,961,0,1079,118,0,False,0.14336,0.0619
2025-11-26 02:00:00,0,1298,0,1325,27,0,False,0.14336,0.0619
2025-11-26 03:00:00,0,1016,0,1130,114,0,False,0.14336,0.0619
2025-11-26 04:00:00,0,1157,0,1271,114,0,False,0.14336,0.0619
2025-11-26 05:00:00,0,1402,0,1525,123,0,False,0.14336,0.0619
2025-11-26 06:00:00,0,1079,0,1197,118,0,False,0.14336,0.0619
2025-11-26 07:00:00,322,1062,0,1076,337,1,False,0.14336,0.0619
2025-11-26 08:00:00,750,2197,0,2214,767,0,False,0.14336,0.0619
2025-11-26 09:00:00,1638,2993,0,3011,1656,0,False,0.14336,0.0619
2025-11-26 10:00:00,1714,993,0,1018,1739,0,False,0.14336,0.0619
2025-11-26 11:00:00,1589,1064,0,1076,1601,0,False,0.14336,0.0619
2025-11-26 12:00:00,1535,1867,0,1905,1573,0,False,0.14336,0.0619
2025-11-26 13:00:00,1319,1477,0,1513,1355,0,False,0.14336,0.0619
2025-11-26 14:00:00,672,1062,0,6458,6068,0,False,0.14336,0.0619
2025-11-26 15:00:00,199,1492,0,1804,511,0,False,0.14336,0.0619
2025-11-26 16:00:00,0,1841,18,4,0,1855,True,0.34371,0.26225
2025-11-26 17:00:00,0,1360,17,8,0,1369,True,0.34371,0.26225
2025-11-26 18:00:00,0,942,0,9,0,933,True,0.34371,0.26225
2025-11-26 19:00:00,0,1797,0,16,0,1781,True,0.34371,0.26225
2025-11-26 20:00:00,0,3970,10,23,18,3975,False,0.14336,0.0619
2025-11-26 21:00:00,0,2059,68,0,0,2127,False,0.14336,0.0619
2025-11-26 22:00:00,0,1412,0,1431,52,33,False,0.14336,0.0619
2025-11-26 23:00:00,0,1015,0,1042,27,0,False,0.14336,0.0619
2025-11-27 00:00:00,0,692,0,716,24,0,False,0.14336,0.0619
2025-11-27 01:00:00,0,996,0,1139,143,0,False,0.14336,0.0619
2025-11-27 02:00:00,0,646,0,683,37,0,False,0.14336,0.0619
2025-11-27 03:00:00,0,1009,0,1133,124,0,False,0.14336,0.0619
2025-11-27 04:00:00,0,1114,0,1143,29,0,False,0.14336,0.0619
2025-11-27 05:00:00,0,1123,0,1243,120,0,False,0.14336,0.0619
2025-11-27 06:00:00,0,930,0,1039,109,0,False,0.14336,0.0619
2025-11-27 07:00:00,334,1262,0,1269,341,0,False,0.14336,0.0619
2025-11-27 08:00:00,720,6194,0,6214,740,0,False,0.14336,0.0619
2025-11-27 09:00:00,1863,5357,0,5375,1881,0,False,0.14336,0.0619
2025-11-27 10:00:00,2834,5719,0,5767,2882,0,False,0.14336,0.0619
2025-11-27 11:00:00,3708,6451,0,6484,3741,0,False,0.14336,0.0619
2025-11-27 12:00:00,3234,6618,0,6696,3312,0,False,0.14336,0.0619
2025-11-27 13:00:00,1287,6286,0,6297,1298,0,False,0.14336,0.0619
2025-11-27 14:00:00,563,6497,0,7001,1067,0,False,0.14336,0.0619
2025-11-27 15:00:00,289,2906,0,2763,146,0,False,0.14336,0.0619
2025-11-27 16:00:00,3,1830,56,0,0,1883,True,0.34371,0.26225
2025-11-27 17:00:00,0,2050,36,0,0,2086,True,0.34371,0.26225
2025-11-27 18:00:00,0,1994,26,0,0,2020,True,0.34371,0.26225
2025-11-27 19:00:00,0,1890,30,0,0,1920,True,0.34371,0.26225
2025-11-27 20:00:00,0,1226,45,8,8,1271,False,0.14336,0.0619
2025-11-27 21:00:00,0,3713,42,872,20,2903,False,0.14336,0.0619
2025-11-27 22:00:00,0,1532,0,1555,23,0,False,0.14336,0.0619
2025-11-27 23:00:00,0,1218,0,1234,16,0,False,0.14336,0.0619
2025-11-28 00:00:00,0,2051,0,2145,94,0,False,0.14336,0.0619
2025-11-28 01:00:00,0,1079,0,1181,102,0,False,0.14336,0.0619
2025-11-28 02:00:00,0,1978,0,2080,102,0,False,0.14336,0.0619
2025-11-28 03:00:00,0,1748,0,1913,165,0,False,0.14336,0.0619
2025-11-28 04:00:00,0,1452,0,1555,103,0,False,0.14336,0.0619
2025-11-28 05:00:00,0,2176,0,2270,94,0,False,0.14336,0.0619
2025-11-28 06:00:00,0,1524,0,1678,154,0,False,0.14336,0.0619
2025-11-28 07:00:00,165,2119,0,2134,180,0,False,0.14336,0.0619
2025-11-28 08:00:00,679,2623,0,2637,693,0,False,0.14336,0.0619
2025-11-28 09:00:00,1833,1774,0,1785,1844,0,False,0.14336,0.0619
2025-11-28 10:00:00,2610,896,0,947,2661,0,False,0.14336,0.0619
2025-11-28 11:00:00,2674,2022,0,2083,2735,0,False,0.14336,0.0619
2025-11-28 12:00:00,2322,2709,0,2748,2361,0,False,0.14336,0.0619
2025-11-28 13:00:00,1223,2377,0,2406,1252,0,False,0.14336,0.0619
2025-11-28 14:00:00,757,3030,0,5007,2734,0,False,0.14336,0.0619
2025-11-28 15:00:00,206,2667,0,2874,413,0,False,0.14336,0.0619
2025-11-28 16:00:00,2,2374,20,11,1,2382,True,0.34371,0.26225
2025-11-28 17:00:00,0,2919,17,0,0,2936,True,0.34371,0.26225
2025-11-28 18:00:00,0,2570,42,0,0,2612,True,0.34371,0.26225
2025-11-28 19:00:00,0,2527,60,0,0,2587,True,0.34371,0.26225
2025-11-28 20:00:00,0,3547,0,2365,27,1209,False,0.14336,0.0619
2025-11-28 21:00:00,0,1786,0,1801,15,0,False,0.14336,0.0619
2025-11-28 22:00:00,0,1300,0,1313,13,0,False,0.14336,0.0619
2025-11-28 23:00:00,0,1242,0,1326,84,0,False,0.14336,0.0619
2025-11-29 00:00:00,0,1907,0,1977,70,0,False,0.14336,0.0619
2025-11-29 01:00:00,0,1567,0,1644,77,0,False,0.14336,0.0619
2025-11-29 02:00:00,0,2363,0,2488,125,0,False,0.14336,0.0619
2025-11-29 03:00:00,0,1648,0,1716,68,0,False,0.14336,0.0619
2025-11-29 04:00:00,0,2170,0,2284,114,0,False,0.14336,0.0619
2025-11-29 05:00:00,0,1639,0,1768,129,0,False,0.14336,0.0619
2025-11-29 06:00:00,0,2915,0,3065,150,0,False,0.14336,0.0619
2025-11-29 07:00:00,186,3005,0,3020,201,0,False,0.14336,0.0619
2025-11-29 08:00:00,664,1668,0,1680,676,0,False,0.14336,0.0619
2025-11-29 09:00:00,1822,1409,0,1438,1851,0,False,0.14336,0.0619
2025-11-29 10:00:00,3073,2386,0,2428,3115,0,False,0.14336,0.0619
2025-11-29 11:00:00,3558,2289,0,2336,3605,0,False,0.14336,0.0619
2025-11-29 12:00:00,3260,3038,0,3104,3326,0,False,0.14336,0.0619
2025-11-29 13:00:00,1611,2168,0,2213,1656,0,False,0.14336,0.0619
2025-11-29 14:00:00,470,2385,0,2511,596,0,False,0.14336,0.0619
2025-11-29 15:00:00,194,2340,0,2482,336,0,False,0.14336,0.0619
2025-11-29 16:00:00,5,1357,12,7,6,1363,True,0.34371,0.26225
2025-11-29 17:00:00,0,2344,30,1,0,2373,True,0.34371,0.26225
2025-11-29 18:00:00,0,2136,33,10,0,2159,True,0.34371,0.26225
2025-11-29 19:00:00,1,3128,54,0,0,3181,True,0.34371,0.26225
2025-11-29 20:00:00,0,2209,41,17,17,2250,False,0.14336,0.0619
2025-11-29 21:00:00,0,5431,0,4712,23,742,False,0.14336,0.0619
2025-11-29 22:00:00,0,1785,0,1791,6,0,False,0.14336,0.0619
2025-11-29 23:00:00,0,1692,0,1696,4,0,False,0.14336,0.0619
2025-11-30 00:00:00,0,1631,0,1860,229,0,False,0.14336,0.0619
2025-11-30 01:00:00,0,1967,0,2098,131,0,False,0.14336,0.0619
2025-11-30 02:00:00,0,2249,0,2305,56,0,False,0.14336,0.0619
2025-11-30 03:00:00,0,2103,0,2159,56,0,False,0.14336,0.0619
2025-11-30 04:00:00,0,2309,0,2367,58,0,False,0.14336,0.0619
2025-11-30 05:00:00,0,2226,0,2375,149,0,False,0.14336,0.0619
2025-11-30 06:00:00,0,2515,0,2667,152,0,False,0.14336,0.0619
2025-11-30 07:00:00,145,3291,0,3394,248,0,False,0.14336,0.0619
2025-11-30 08:00:00,363,2427,0,2453,389,0,False,0.14336,0.0619
2025-11-30 09:00:00,439,1519,0,1538,458,0,False,0.14336,0.0619
2025-11-30 10:00:00,787,1886,0,1905,806,0,False,0.14336,0.0619
2025-11-30 11:00:00,843,2125,0,2147,865,0,False,0.14336,0.0619
2025-11-30 12:00:00,389,2978,0,3009,420,0,False,0.14336,0.0619
2025-11-30 13:00:00,393,2998,0,3014,409,0,False,0.14336,0.0619
2025-11-30 14:00:00,349,3395,0,5733,2687,0,False,0.14336,0.0619
2025-11-30 15:00:00,54,2057,0,5342,3339,0,False,0.14336,0.0619
2025-11-30 16:00:00,0,1835,21,8,0,1848,True,0.34371,0.26225
2025-11-30 17:00:00,0,2064,25,0,0,2089,True,0.34371,0.26225
2025-11-30 18:00:00,0,2088,48,3,0,2133,True,0.34371,0.26225
2025-11-30 19:00:00,0,2106,28,810,15,1339,True,0.34371,0.26225
2025-11-30 20:00:00,0,2990,0,2991,1,0,False,0.14336,0.0619
2025-11-30 21:00:00,0,4381,0,4383,2,0,False,0.14336,0.0619
2025-11-30 22:00:00,0,1187,0,1282,95,0,False,0.14336,0.0619
2025-11-30 23:00:00,0,1082,0,1177,95,0,False,0.14336,0.0619
2025-12-01 00:00:00,0,788,0,885,97,0,False,0.14336,0.0619
2025-12-01 01:00:00,0,915,0,934,19,0,False,0.14336,0.0619
2025-12-01 02:00:00,0,1777,0,1868,91,0,False,0.14336,0.0619
2025-12-01 03:00:00,0,1696,0,1790,94,0,False,0.14336,0.0619
2025-12-01 04:00:00,0,1238,0,1331,93,0,False,0.14336,0.0619
2025-12-01 05:00:00,0,1956,0,2114,158,0,False,0.14336,0.0619
2025-12-01 06:00:00,0,1944,0,2023,79,0,False,0.14336,0.0619
2025-12-01 07:00:00,168,1367,0,1438,239,0,False,0.14336,0.0619
2025-12-01 08:00:00,624,3516,0,3522,630,0,False,0.14336,0.0619
2025-12-01 09:00:00,1889,4208,0,4228,1909,0,False,0.14336,0.0619
2025-12-01 10:00:00,2750,6998,0,7021,2773,0,False,0.14336,0.0619
2025-12-01 11:00:00,3150,4497,0,4582,3235,0,False,0.14336,0.0619
2025-12-01 12:00:00,3220,4197,0,4248,3271,0,False,0.14336,0.0619
2025-12-01 13:00:00,1583,3999,0,4032,1616,0,False,0.14336,0.0619
2025-12-01 14:00:00,475,3260,0,4334,1549,0,False,0.14336,0.0619
2025-12-01 15:00:00,219,2413,0,2541,347,0,False,0.14336,0.0619
2025-12-01 16:00:00,4,2089,34,10,3,2112,True,0.34371,0.26225
2025-12-01 17:00:00,0,3260,28,2,0,3286,True,0.34371,0.26225
2025-12-01 18:00:00,0,2458,29,0,0,2487,True,0.34371,0.26225
2025-12-01 19:00:00,0,2967,36,0,0,3003,True,0.34371,0.26225
2025-12-01 20:00:00,0,2610,42,1306,37,1383,False,0.14336,0.0619
2025-12-01 21:00:00,0,1987,0,1996,9,0,False,0.14336,0.0619
2025-12-01 22:00:00,0,2633,0,2638,5,0,False,0.14336,0.0619
2025-12-01 23:00:00,0,1516,0,1586,70,0,False,0.14336,0.0619
2025-12-02 00:00:00,0,2266,0,2395,129,0,False,0.14336,0.0619
2025-12-02 01:00:00,0,2197,0,2261,64,0,False,0.14336,0.0619
2025-12-02 02:00:00,0,2368,0,2494,126,0,False,0.14336,0.0619
2025-12-02 03:00:00,0,1813,0,1957,144,0,False,0.14336,0.0619
2025-12-02 04:00:00,0,2695,0,2802,107,0,False,0.14336,0.0619
2025-12-02 05:00:00,0,2589,0,2699,110,0,False,0.14336,0.0619
2025-12-02 06:00:00,0,2557,0,2700,143,0,False,0.14336,0.0619
2025-12-02 07:00:00,33,1959,0,1994,68,0,False,0.14336,0.0619
2025-12-02 08:00:00,332,3136,0,3153,349,0,False,0.14336,0.0619
2025-12-02 09:00:00,384,4013,0,4037,408,0,False,0.14336,0.0619
2025-12-02 10:00:00,329,5435,0,5464,358,0,False,0.14336,0.0619
2025-12-02 11:00:00,303,5316,0,5342,329,0,False,0.14336,0.0619
2025-12-02 12:00:00,272,3778,0,3811,305,0,False,0.14336,0.0619
2025-12-02 13:00:00,230,4422,0,4455,263,0,False,0.14336,0.0619
2025-12-02 14:00:00,111,2380,0,2956,687,0,False,0.14336,0.0619
2025-12-02 15:00:00,8,2634,0,3390,764,0,False,0.14336,0.0619
2025-12-02 16:00:00,0,2709,41,444,6,2312,True,0.34371,0.26225
2025-12-02 17:00:00,0,3213,0,3327,114,0,True,0.34371,0.26225
2025-12-02 18:00:00,0,2974,0,2945,190,219,True,0.34371,0.26225
2025-12-02 19:00:00,0,3215,4,1782,10,1447,True,0.34371,0.26225
2025-12-02 20:00:00,0,2893,0,5823,2930,0,False,0.14336,0.0619
2025-12-02 21:00:00,0,3315,0,3391,76,0,False,0.14336,0.0619
2025-12-02 22:00:00,0,2619,0,2755,137,1,False,0.14336,0.0619
2025-12-02 23:00:00,0,1919,0,2044,125,0,False,0.14336,0.0619
2025-12-03 00:00:00,0,1966,0,2084,118,0,False,0.14336,0.0619
2025-12-03 01:00:00,0,2079,0,2177,98,0,False,0.14336,0.0619
2025-12-03 02:00:00,0,2163,0,2216,53,0,False,0.14336,0.0619
2025-12-03 03:00:00,0,2092,0,2212,120,0,False,0.14336,0.0619
2025-12-03 04:00:00,0,2472,0,2598,126,0,False,0.14336,0.0619
2025-12-03 05:00:00,0,2531,0,2605,75,1,False,0.14336,0.0619
2025-12-03 06:00:00,0,2517,0,2634,117,0,False,0.14336,0.0619
2025-12-03 07:00:00,43,1822,0,1873,94,0,False,0.14336,0.0619
2025-12-03 08:00:00,254,1423,0,1444,275,0,False,0.14336,0.0619
2025-12-03 09:00:00,870,2407,0,2421,884,0,False,0.14336,0.0619
2025-12-03 10:00:00,2472,2047,0,2096,2521,0,False,0.14336,0.0619
2025-12-03 11:00:00,2777,1942,0,2023,2858,0,False,0.14336,0.0619
2025-12-03 12:00:00,2685,2326,0,2381,2740,0,False,0.14336,0.0619
2025-12-03 13:00:00,1907,2092,0,2127,1942,0,False,0.14336,0.0619
2025-12-03 14:00:00,925,1637,0,1666,954,0,False,0.14336,0.0619
2025-12-03 15:00:00,317,2505,0,3439,1251,0,False,0.14336,0.0619
2025-12-03 16:00:00,3,2245,39,17,3,2267,True,0.34371,0.26225
2025-12-03 17:00:00,0,2560,12,14,0,2558,True,0.34371,0.26225
2025-12-03 18:00:00,0,3201,79,0,0,3280,True,0.34371,0.26225
2025-12-03 19:00:00,0,3005,59,666,6,2404,True,0.34371,0.26225
2025-12-03 20:00:00,0,2990,0,2994,4,0,False,0.14336,0.0619
2025-12-03 21:00:00,0,3429,0,3433,4,0,False,0.14336,0.0619
2025-12-03 22:00:00,0,1939,0,1998,59,0,False,0.14336,0.0619
2025-12-03 23:00:00,0,1541,0,1612,71,0,False,0.14336,0.0619
2025-12-04 00:00:00,0,3658,0,3781,123,0,False,0.14336,0.0619
2025-12-04 01:00:00,0,3425,0,3547,122,0,False,0.14336,0.0619
2025-12-04 02:00:00,0,4260,0,4363,103,0,False,0.14336,0.0619
2025-12-04 03:00:00,0,4150,0,4398,249,1,False,0.14336,0.0619
2025-12-04 04:00:00,0,4035,0,4156,121,0,False,0.14336,0.0619
2025-12-04 05:00:00,0,4048,0,4141,93,0,False,0.14336,0.0619
2025-12-04 06:00:00,0,4239,0,4346,107,0,False,0.14336,0.0619
2025-12-04 07:00:00,44,4458,0,4580,166,0,False,0.14336,0.0619
2025-12-04 08:00:00,798,4804,0,4827,821,0,False,0.14336,0.0619
2025-12-04 09:00:00,1280,5744,0,5763,1299,0,False,0.14336,0.0619
2025-12-04 10:00:00,885,7549,0,7590,926,0,False,0.14336,0.0619
2025-12-04 11:00:00,1104,5688,0,5700,1116,0,False,0.14336,0.0619
2025-12-04 12:00:00,2271,5426,0,5488,2333,0,False,0.14336,0.0619
2025-12-04 13:00:00,1723,3932,0,3977,1768,0,False,0.14336,0.0619
2025-12-04 14:00:00,556,1525,0,3784,2815,0,False,0.14336,0.0619
2025-12-04 15:00:00,169,2744,0,4465,1890,0,False,0.14336,0.0619
2025-12-04 16:00:00,6,2721,29,27,6,2723,True,0.34371,0.26225
2025-12-04 17:00:00,0,2978,57,6,0,3029,True,0.34371,0.26225
2025-12-04 18:00:00,0,3327,15,16,0,3326,True,0.34371,0.26225
2025-12-04 19:00:00,0,3749,0,2634,6,1121,True,0.34371,0.26225
2025-12-04 20:00:00,0,3095,0,3095,0,0,False,0.14336,0.0619
2025-12-04 21:00:00,1,4459,0,4458,0,0,False,0.14336,0.0619
2025-12-04 22:00:00,0,2368,0,2416,48,0,False,0.14336,0.0619
2025-12-04 23:00:00,0,2304,0,2471,167,0,False,0.14336,0.0619
2025-12-05 00:00:00,0,3346,0,3512,166,0,False,0.14336,0.0619
2025-12-05 01:00:00,0,2954,0,3100,146,0,False,0.14336,0.0619
2025-12-05 02:00:00,0,3202,0,3344,142,0,False,0.14336,0.0619
2025-12-05 03:00:00,0,3247,0,3393,146,0,False,0.14336,0.0619
2025-12-05 04:00:00,0,3397,0,3550,153,0,False,0.14336,0.0619
2025-12-05 05:00:00,0,3607,0,3756,150,1,False,0.14336,0.0619
2025-12-05 06:00:00,0,3591,0,3759,168,0,False,0.14336,0.0619
2025-12-05 07:00:00,149,3346,0,3400,203,0,False,0.14336,0.0619
2025-12-05 08:00:00,607,5223,0,5237,621,0,False,0.14336,0.0619
2025-12-05 09:00:00,1757,5060,0,5106,1803,0,False,0.14336,0.0619
2025-12-05 10:00:00,3007,4453,0,3668,2222,0,False,0.14336,0.0619
2025-12-05 11:00:00,3522,4938,0,3647,2231,0,False,0.14336,0.0619
2025-12-05 12:00:00,3267,4485,0,3459,2241,0,False,0.14336,0.0619
2025-12-05 13:00:00,1600,3318,0,3314,1596,0,False,0.14336,0.0619
2025-12-05 14:00:00,509,3054,0,4272,1727,0,False,0.14336,0.0619
2025-12-05 15:00:00,146,3217,0,4552,1481,0,False,0.14336,0.0619
2025-12-05 16:00:00,5,3519,32,28,14,3532,True,0.34371,0.26225
2025-12-05 17:00:00,0,3581,40,0,0,3621,True,0.34371,0.26225
2025-12-05 18:00:00,0,3375,53,0,0,3428,True,0.34371,0.26225
2025-12-05 19:00:00,0,3361,0,2911,10,460,True,0.34371,0.26225
2025-12-05 20:00:00,0,3605,0,3605,0,0,False,0.14336,0.0619
2025-12-05 21:00:00,0,6453,0,6457,4,0,False,0.14336,0.0619
2025-12-05 22:00:00,0,1857,0,1956,99,0,False,0.14336,0.0619
2025-12-05 23:00:00,0,1245,0,1329,84,0,False,0.14336,0.0619
2025-12-06 00:00:00,0,2610,0,2712,102,0,False,0.14336,0.0619
2025-12-06 01:00:00,0,2469,0,2543,74,0,False,0.14336,0.0619
2025-12-06 02:00:00,0,2438,0,2544,106,0,False,0.14336,0.0619
2025-12-06 03:00:00,0,2527,0,2637,110,0,False,0.14336,0.0619
2025-12-06 04:00:00,0,2444,0,2543,99,0,False,0.14336,0.0619
2025-12-06 05:00:00,0,2511,0,2650,139,0,False,0.14336,0.0619
2025-12-06 06:00:00,0,2851,0,3004,153,0,False,0.14336,0.0619
2025-12-06 07:00:00,31,2759,0,2906,178,0,False,0.14336,0.0619
2025-12-06 08:00:00,416,3344,0,3346,418,0,False,0.14336,0.0619
2025-12-06 09:00:00,802,2572,0,2598,828,0,False,0.14336,0.0619
2025-12-06 10:00:00,608,2743,0,2773,638,0,False,0.14336,0.0619
2025-12-06 11:00:00,1069,2267,0,2296,1098,0,False,0.14336,0.0619
2025-12-06 12:00:00,795,3513,0,3536,818,0,False,0.14336,0.0619
2025-12-06 13:00:00,1087,2734,0,2753,1106,0,False,0.14336,0.0619
2025-12-06 14:00:00,632,2261,0,5236,3607,0,False,0.14336,0.0619
2025-12-06 15:00:00,201,2819,0,6943,4325,0,False,0.14336,0.0619
2025-12-06 16:00:00,3,1330,0,26,8,1309,True,0.34371,0.26225
2025-12-06 17:00:00,0,3489,51,0,0,3540,True,0.34371,0.26225
2025-12-06 18:00:00,0,2711,56,0,0,2767,True,0.34371,0.26225
2025-12-06 19:00:00,0,2965,44,507,8,2510,True,0.34371,0.26225
2025-12-06 20:00:00,0,2634,0,2638,4,0,False,0.14336,0.0619
2025-12-06 21:00:00,0,2282,0,2284,2,0,False,0.14336,0.0619
2025-12-06 22:00:00,0,1843,0,1905,62,0,False,0.14336,0.0619
2025-12-06 23:00:00,0,2076,0,2151,75,0,False,0.14336,0.0619
2025-12-07 00:00:00,0,2186,0,2303,117,0,False,0.14336,0.0619
2025-12-07 01:00:00,0,2402,0,2510,108,0,False,0.14336,0.0619
2025-12-07 02:00:00,0,2580,0,2724,144,0,False,0.14336,0.0619
2025-12-07 03:00:00,0,2492,0,2584,92,0,False,0.14336,0.0619
2025-12-07 04:00:00,0,2548,0,2722,174,0,False,0.14336,0.0619
2025-12-07 05:00:00,0,2645,0,2701,56,0,False,0.14336,0.0619
2025-12-07 06:00:00,0,2791,0,2897,106,0,False,0.14336,0.0619
2025-12-07 07:00:00,120,3458,0,3510,172,0,False,0.14336,0.0619
2025-12-07 08:00:00,599,2595,0,2616,620,0,False,0.14336,0.0619
2025-12-07 09:00:00,1641,2517,0,2550,1674,0,False,0.14336,0.0619
2025-12-07 10:00:00,2758,2409,0,2473,2822,0,False,0.14336,0.0619
2025-12-07 11:00:00,3586,2284,0,2306,3608,0,False,0.14336,0.0619
2025-12-07 12:00:00,1316,2903,0,2936,1349,0,False,0.14336,0.0619
2025-12-07 13:00:00,882,2855,0,3052,1079,0,False,0.14336,0.0619
2025-12-07 14:00:00,855,3456,0,5111,2510,0,False,0.14336,0.0619
2025-12-07 15:00:00,206,2236,0,2654,624,0,False,0.14336,0.0619
2025-12-07 16:00:00,0,2533,58,1,1,2591,True,0.34371,0.26225
2025-12-07 17:00:00,0,2583,36,0,0,2619,True,0.34371,0.26225
2025-12-07 18:00:00,0,2079,30,20,0,2089,True,0.34371,0.26225
2025-12-07 19:00:00,0,2866,55,0,0,2921,True,0.34371,0.26225
2025-12-07 20:00:00,0,6251,0,5169,27,1109,False,0.14336,0.0619
2025-12-07 21:00:00,0,2279,0,2281,2,0,False,0.14336,0.0619
2025-12-07 22:00:00,0,2369,0,2373,4,0,False,0.14336,0.0619
2025-12-07 23:00:00,0,1441,0,1530,89,0,False,0.14336,0.0619
2025-12-08 00:00:00,0,1948,0,2099,151,0,False,0.14336,0.0619
2025-12-08 01:00:00,0,2357,0,2442,85,0,False,0.14336,0.0619
2025-12-08 02:00:00,0,2487,0,2668,181,0,False,0.14336,0.0619
2025-12-08 03:00:00,0,2498,0,2560,62,0,False,0.14336,0.0619
2025-12-08 04:00:00,0,2664,0,2822,158,0,False,0.14336,0.0619
2025-12-08 05:00:00,0,2659,0,2744,85,0,False,0.14336,0.0619
2025-12-08 06:00:00,0,2705,0,2853,148,0,False,0.14336,0.0619
2025-12-08 07:00:00,145,2605,0,2636,176,0,False,0.14336,0.0619
2025-12-08 08:00:00,647,1717,0,1738,668,0,False,0.14336,0.0619
2025-12-08 09:00:00,1780,2610,0,2614,1784,0,False,0.14336,0.0619
2025-12-08 10:00:00,2920,2729,0,2283,2474,0,False,0.14336,0.0619
2025-12-08 11:00:00,3351,2517,0,2620,3454,0,False,0.14336,0.0619
2025-12-08 12:00:00,2689,2664,0,2741,2766,0,False,0.14336,0.0619
2025-12-08 13:00:00,1536,2575,0,2622,1583,0,False,0.14336,0.0619
2025-12-08 14:00:00,612,2423,0,2854,1043,0,False,0.14336,0.0619
2025-12-08 15:00:00,180,2933,0,3320,567,0,False,0.14336,0.0619
2025-12-08 16:00:00,2,2661,61,5,0,2715,True,0.34371,0.26225
2025-12-08 17:00:00,0,3944,30,21,0,3953,True,0.34371,0.26225
2025-12-08 18:00:00,0,3597,73,0,0,3670,True,0.34371,0.26225
2025-12-08 19:00:00,0,3603,0,2567,8,1044,True,0.34371,0.26225
2025-12-08 20:00:00,0,5465,0,5467,2,0,False,0.14336,0.0619
2025-12-08 21:00:00,0,3660,0,3662,2,0,False,0.14336,0.0619
2025-12-08 22:00:00,1,3084,0,3165,82,0,False,0.14336,0.0619
2025-12-08 23:00:00,0,2807,0,2951,144,0,False,0.14336,0.0619
2025-12-09 00:00:00,0,3144,0,3289,145,0,False,0.14336,0.0619
2025-12-09 01:00:00,0,3050,0,3199,149,0,False,0.14336,0.0619
2025-12-09 02:00:00,0,3668,0,3811,143,0,False,0.14336,0.0619
2025-12-09 03:00:00,0,3413,0,3578,165,0,False,0.14336,0.0619
2025-12-09 04:00:00,0,3420,0,3564,144,0,False,0.14336,0.0619
2025-12-09 05:00:00,0,3764,0,3908,144,0,False,0.14336,0.0619
2025-12-09 06:00:00,0,3254,0,3417,163,0,False,0.14336,0.0619
2025-12-09 07:00:00,124,3421,0,3476,179,0,False,0.14336,0.0619
2025-12-09 08:00:00,546,7061,0,7082,567,0,False,0.14336,0.0619
2025-12-09 09:00:00,1667,7908,0,7941,1700,0,False,0.14336,0.0619
2025-12-09 10:00:00,2871,7363,0,6718,2226,0,False,0.14336,0.0619
2025-12-09 11:00:00,3394,8199,0,7032,2227,0,False,0.14336,0.0619
2025-12-09 12:00:00,3162,6871,0,5941,2232,0,False,0.14336,0.0619
2025-12-09 13:00:00,1720,6004,0,6167,1883,0,False,0.14336,0.0619
2025-12-09 14:00:00,784,5674,0,7046,2156,0,False,0.14336,0.0619
2025-12-09 15:00:00,342,5872,0,6981,1451,0,False,0.14336,0.0619
2025-12-09 16:00:00,2,3391,69,6,4,3456,True,0.34371,0.26225
2025-12-09 17:00:00,0,3416,49,0,0,3465,True,0.34371,0.26225
2025-12-09 18:00:00,0,4041,13,17,0,4037,True,0.34371,0.26225
2025-12-09 19:00:00,0,3335,0,2847,14,502,True,0.34371,0.26225
2025-12-09 20:00:00,0,3514,0,3573,59,0,False,0.14336,0.0619
2025-12-09 21:00:00,0,3598,0,3668,70,0,False,0.14336,0.0619
2025-12-09 22:00:00,0,3183,0,3279,96,0,False,0.14336,0.0619
2025-12-09 23:00:00,0,2032,0,2063,31,0,False,0.14336,0.0619
2025-12-10 00:00:00,0,5387,0,5496,109,0,False,0.14336,0.0619
2025-12-10 01:00:00,0,5417,0,5540,123,0,False,0.14336,0.0619
2025-12-10 02:00:00,0,5335,0,5442,107,0,False,0.14336,0.0619
2025-12-10 03:00:00,0,5284,0,5431,147,0,False,0.14336,0.0619
2025-12-10 04:00:00,0,5504,0,5651,147,0,False,0.14336,0.0619
2025-12-10 05:00:00,0,5539,0,5659,120,0,False,0.14336,0.0619
2025-12-10 06:00:00,0,4362,0,4559,197,0,False,0.14336,0.0619
2025-12-10 07:00:00,229,3320,0,3367,276,0,False,0.14336,0.0619
2025-12-10 08:00:00,652,3868,0,3875,659,0,False,0.14336,0.0619
2025-12-10 09:00:00,1799,3434,0,3460,1825,0,False,0.14336,0.0619
2025-12-10 10:00:00,2854,2911,0,2979,2922,0,False,0.14336,0.0619
2025-12-10 11:00:00,2506,2855,0,2926,2577,0,False,0.14336,0.0619
2025-12-10 12:00:00,2064,2531,0,2580,2113,0,False,0.14336,0.0619
2025-12-10 13:00:00,1247,2419,0,2985,1813,0,False,0.14336,0.0619
2025-12-10 14:00:00,459,2308,0,4186,2337,0,False,0.14336,0.0619
2025-12-10 15:00:00,157,2183,0,2348,322,0,False,0.14336,0.0619
2025-12-10 16:00:00,0,1912,53,0,0,1965,True,0.34371,0.26225
2025-12-10 17:00:00,0,2044,22,1,1,2066,True,0.34371,0.26225
2025-12-10 18:00:00,0,2073,40,0,0,2113,True,0.34371,0.26225
2025-12-10 19:00:00,0,1802,1,11,0,1792,True,0.34371,0.26225
2025-12-10 20:00:00,0,1607,58,38,38,1665,False,0.14336,0.0619
2025-12-10 21:00:00,0,2511,52,744,28,1847,False,0.14336,0.0619
2025-12-10 22:00:00,0,1949,0,1952,3,0,False,0.14336,0.0619
2025-12-10 23:00:00,0,1535,0,1537,2,0,False,0.14336,0.0619
2025-12-11 00:00:00,0,1518,0,1607,89,0,False,0.14336,0.0619
2025-12-11 01:00:00,0,2022,0,2102,80,0,False,0.14336,0.0619
2025-12-11 02:00:00,0,1395,0,1485,90,0,False,0.14336,0.0619
2025-12-11 03:00:00,0,2386,0,2477,91,0,False,0.14336,0.0619
2025-12-11 04:00:00,0,2350,0,2503,153,0,False,0.14336,0.0619
2025-12-11 05:00:00,0,2117,0,2206,89,0,False,0.14336,0.0619
2025-12-11 06:00:00,0,1982,0,2132,150,0,False,0.14336,0.0619
2025-12-11 07:00:00,133,1729,0,1736,140,0,False,0.14336,0.0619
2025-12-11 08:00:00,713,1231,0,1245,727,0,False,0.14336,0.0619
2025-12-11 09:00:00,1673,2459,0,2490,1704,0,False,0.14336,0.0619
2025-12-11 10:00:00,2849,2303,0,2359,2905,0,False,0.14336,0.0619
2025-12-11 11:00:00,3420,2303,0,2365,3482,0,False,0.14336,0.0619
2025-12-11 12:00:00,3241,1718,0,1768,3291,0,False,0.14336,0.0619
2025-12-11 13:00:00,1564,1663,0,2097,1998,0,False,0.14336,0.0619
2025-12-11 14:00:00,471,1785,0,1708,394,0,False,0.14336,0.0619
2025-12-11 15:00:00,375,2962,0,2679,92,0,False,0.14336,0.0619
2025-12-11 16:00:00,6,2785,14,15,0,2778,True,0.34371,0.26225
2025-12-11 17:00:00,0,3642,25,0,0,3667,True,0.34371,0.26225
2025-12-11 18:00:00,0,3017,56,0,0,3073,True,0.34371,0.26225
2025-12-11 19:00:00,0,3296,15,1161,8,2158,True,0.34371,0.26225
2025-12-11 20:00:00,0,4864,0,4865,1,0,False,0.14336,0.0619
2025-12-11 21:00:00,0,4956,0,4957,1,0,False,0.14336,0.0619
2025-12-11 22:00:00,1,3161,0,3201,44,3,False,0.14336,0.0619
2025-12-11 23:00:00,0,1494,0,1574,80,0,False,0.14336,0.0619
2025-12-12 00:00:00,0,2992,0,3146,154,0,False,0.14336,0.0619
2025-12-12 01:00:00,0,2871,0,3019,148,0,False,0.14336,0.0619
2025-12-12 02:00:00,0,2592,0,2720,128,0,False,0.14336,0.0619
2025-12-12 03:00:00,0,3098,0,3260,162,0,False,0.14336,0.0619
2025-12-12 04:00:00,0,2872,0,3026,154,0,False,0.14336,0.0619
2025-12-12 05:00:00,0,2851,0,3006,155,0,False,0.14336,0.0619
2025-12-12 06:00:00,0,3095,0,3240,145,0,False,0.14336,0.0619
2025-12-12 07:00:00,108,2885,0,2938,161,0,False,0.14336,0.0619
2025-12-12 08:00:00,519,6255,0,6274,538,0,False,0.14336,0.0619
2025-12-12 09:00:00,1630,6064,0,6085,1651,0,False,0.14336,0.0619
2025-12-12 10:00:00,2817,5741,0,5117,2193,0,False,0.14336,0.0619
2025-12-12 11:00:00,3367,6856,0,5988,2499,0,False,0.14336,0.0619
2025-12-12 12:00:00,3159,7277,0,7365,3247,0,False,0.14336,0.0619
2025-12-12 13:00:00,1605,8420,0,9463,2648,0,False,0.14336,0.0619
2025-12-12 14:00:00,548,3350,0,4584,1782,0,False,0.14336,0.0619
2025-12-12 15:00:00,208,2793,0,2731,146,0,False,0.14336,0.0619
2025-12-12 16:00:00,4,2590,45,25,0,2606,True,0.34371,0.26225
2025-12-12 17:00:00,0,2948,39,0,0,2987,True,0.34371,0.26225
2025-12-12 18:00:00,0,2500,49,0,0,2549,True,0.34371,0.26225
2025-12-12 19:00:00,0,2901,18,8,0,2911,True,0.34371,0.26225
2025-12-12 20:00:00,0,3046,0,2507,20,559,False,0.14336,0.0619
2025-12-12 21:00:00,0,2911,0,2911,0,0,False,0.14336,0.0619
2025-12-12 22:00:00,0,2818,0,2818,0,0,False,0.14336,0.0619
2025-12-12 23:00:00,0,1579,0,1634,55,0,False,0.14336,0.0619
2025-12-13 00:00:00,0,2578,0,2673,95,0,False,0.14336,0.0619
2025-12-13 01:00:00,0,2497,0,2540,43,0,False,0.14336,0.0619
2025-12-13 02:00:00,0,2454,0,2559,105,0,False,0.14336,0.0619
2025-12-13 03:00:00,0,2636,0,2734,98,0,False,0.14336,0.0619
2025-12-13 04:00:00,0,2410,0,2524,114,0,False,0.14336,0.0619
2025-12-13 05:00:00,0,2848,0,2923,75,0,False,0.14336,0.0619
2025-12-13 06:00:00,0,2863,0,3015,152,0,False,0.14336,0.0619
2025-12-13 07:00:00,87,3401,0,3489,175,0,False,0.14336,0.0619
2025-12-13 08:00:00,392,3205,0,3234,421,0,False,0.14336,0.0619
2025-12-13 09:00:00,935,2766,0,2791,960,0,False,0.14336,0.0619
2025-12-13 10:00:00,1705,2843,0,2729,1591,0,False,0.14336,0.0619
2025-12-13 11:00:00,2144,2621,0,2680,2203,0,False,0.14336,0.0619
2025-12-13 12:00:00,1515,3118,0,3166,1563,0,False,0.14336,0.0619
2025-12-13 13:00:00,613,3653,0,4094,1054,0,False,0.14336,0.0619
2025-12-13 14:00:00,488,3506,0,4483,1465,0,False,0.14336,0.0619
2025-12-13 15:00:00,69,2829,0,3723,963,0,False,0.14336,0.0619
2025-12-13 16:00:00,0,2542,10,3,1,2550,True,0.34371,0.26225
2025-12-13 17:00:00,0,3539,16,0,0,3555,True,0.34371,0.26225
2025-12-13 18:00:00,0,2803,6,1103,9,1715,True,0.34371,0.26225
2025-12-13 19:00:00,0,2642,0,2651,9,0,True,0.34371,0.26225
2025-12-13 20:00:00,0,4609,0,4609,0,0,False,0.14336,0.0619
2025-12-13 21:00:00,0,2689,0,2766,77,0,False,0.14336,0.0619
2025-12-13 22:00:00,0,1351,0,1438,87,0,False,0.14336,0.0619
2025-12-13 23:00:00,0,1374,0,1510,136,0,False,0.14336,0.0619
2025-12-14 00:00:00,0,2114,0,2170,56,0,False,0.14336,0.0619
2025-12-14 01:00:00,0,2490,0,2622,132,0,False,0.14336,0.0619
2025-12-14 02:00:00,0,2417,0,2488,71,0,False,0.14336,0.0619
2025-12-14 03:00:00,0,2353,0,2461,108,0,False,0.14336,0.0619
2025-12-14 04:00:00,0,2380,0,2485,105,0,False,0.14336,0.0619
2025-12-14 05:00:00,0,2487,0,2595,108,0,False,0.14336,0.0619
2025-12-14 06:00:00,0,2410,0,2472,62,0,False,0.14336,0.0619
2025-12-14 07:00:00,0,2868,0,2947,79,0,False,0.14336,0.0619
2025-12-14 08:00:00,0,3032,0,3165,133,0,False,0.14336,0.0619
2025-12-14 09:00:00,0,2538,0,2695,157,0,False,0.14336,0.0619
2025-12-14 10:00:00,14,2908,0,3015,121,0,False,0.14336,0.0619
2025-12-14 11:00:00,281,2469,0,2488,300,0,False,0.14336,0.0619
2025-12-14 12:00:00,316,3102,0,3119,333,0,False,0.14336,0.0619
2025-12-14 13:00:00,379,4125,0,4720,974,0,False,0.14336,0.0619
2025-12-14 14:00:00,137,4086,0,5748,1799,0,False,0.14336,0.0619
2025-12-14 15:00:00,25,2825,0,4643,1843,0,False,0.14336,0.0619
2025-12-14 16:00:00,0,3012,37,13,0,3036,True,0.34371,0.26225
2025-12-14 17:00:00,0,3194,20,508,4,2710,True,0.34371,0.26225
2025-12-14 18:00:00,0,3005,0,3011,6,0,True,0.34371,0.26225
2025-12-14 19:00:00,0,3209,0,3210,1,0,True,0.34371,0.26225
2025-12-14 20:00:00,0,3794,0,3853,59,0,False,0.14336,0.0619
2025-12-14 21:00:00,0,6869,0,6964,95,0,False,0.14336,0.0619
2025-12-14 22:00:00,0,1687,0,1776,89,0,False,0.14336,0.0619
2025-12-14 23:00:00,0,2494,0,2565,71,0,False,0.14336,0.0619
2025-12-15 00:00:00,0,3224,0,3324,100,0,False,0.14336,0.0619
2025-12-15 01:00:00,0,3179,0,3324,145,0,False,0.14336,0.0619
2025-12-15 02:00:00,0,3331,0,3496,165,0,False,0.14336,0.0619
2025-12-15 03:00:00,0,3001,0,3150,149,0,False,0.14336,0.0619
2025-12-15 04:00:00,0,3384,0,3521,137,0,False,0.14336,0.0619
2025-12-15 05:00:00,0,3008,0,3156,148,0,False,0.14336,0.0619
2025-12-15 06:00:00,0,3519,0,3981,462,0,False,0.14336,0.0619
2025-12-15 07:00:00,5,3507,0,5731,2229,0,False,0.14336,0.0619
2025-12-15 08:00:00,159,3126,0,5194,2227,0,False,0.14336,0.0619
2025-12-15 09:00:00,527,3026,0,3222,723,0,False,0.14336,0.0619
2025-12-15 10:00:00,1302,3425,0,3476,1353,0,False,0.14336,0.0619
2025-12-15 11:00:00,2028,3115,0,3145,2058,0,False,0.14336,0.0619
2025-12-15 12:00:00,2498,2690,0,2423,2231,0,False,0.14336,0.0619
2025-12-15 13:00:00,1417,2452,0,2140,1105,0,False,0.14336,0.0619
2025-12-15 14:00:00,459,2481,0,2030,8,0,False,0.14336,0.0619
2025-12-15 15:00:00,170,3538,0,3368,0,0,False,0.14336,0.0619
2025-12-15 16:00:00,0,3057,0,3057,0,0,True,0.34371,0.26225
2025-12-15 17:00:00,0,4486,0,4488,2,0,True,0.34371,0.26225
2025-12-15 18:00:00,0,3585,0,3585,0,0,True,0.34371,0.26225
2025-12-15 19:00:00,0,3402,0,3402,0,0,True,0.34371,0.26225
2025-12-15 20:00:00,0,4335,0,4335,0,0,False,0.14336,0.0619
2025-12-15 21:00:00,0,6537,0,6539,2,0,False,0.14336,0.0619
2025-12-15 22:00:00,0,1640,0,1644,4,0,False,0.14336,0.0619
2025-12-15 23:00:00,0,2871,0,2871,0,0,False,0.14336,0.0619
2025-12-16 00:00:00,0,4902,0,4902,0,0,False,0.14336,0.0619
2025-12-16 01:00:00,0,4913,0,4914,1,0,False,0.14336,0.0619
2025-12-16 02:00:00,0,5162,0,5162,0,0,False,0.14336,0.0619
2025-12-16 03:00:00,0,5164,0,5165,1,0,False,0.14336,0.0619
2025-12-16 04:00:00,0,5307,0,5307,0,0,False,0.14336,0.0619
2025-12-16 05:00:00,0,4876,0,4878,2,0,False,0.14336,0.0619
2025-12-16 06:00:00,0,5039,0,5041,2,0,False,0.14336,0.0619
2025-12-16 07:00:00,27,5357,0,5344,14,0,False,0.14336,0.0619
2025-12-16 08:00:00,343,4744,0,4519,118,0,False,0.14336,0.0619
2025-12-16 09:00:00,719,6441,0,5790,68,0,False,0.14336,0.0619
2025-12-16 10:00:00,1760,5786,0,4080,54,0,False,0.14336,0.0619
2025-12-16 11:00:00,2617,5144,0,2587,60,0,False,0.14336,0.0619
2025-12-16 12:00:00,2842,4721,0,1947,68,0,False,0.14336,0.0619
2025-12-16 13:00:00,1545,4736,0,3237,46,0,False,0.14336,0.0619
2025-12-16 14:00:00,469,5842,0,5415,42,0,False,0.14336,0.0619
2025-12-16 15:00:00,166,4641,0,4548,73,0,False,0.14336,0.0619
2025-12-16 16:00:00,4,2521,20,364,1,2174,True,0.34371,0.26225
2025-12-16 17:00:00,0,2816,0,1383,5,1438,True,0.34371,0.26225
2025-12-16 18:00:00,0,2879,0,2982,103,0,True,0.34371,0.26225
2025-12-16 19:00:00,0,2867,0,2962,95,0,True,0.34371,0.26225
2025-12-16 20:00:00,0,4594,0,4592,0,2,False,0.14336,0.0619
2025-12-16 21:00:00,0,5847,0,5847,0,0,False,0.14336,0.0619
2025-12-16 22:00:00,0,2157,0,2171,22,8,False,0.14336,0.0619
2025-12-16 23:00:00,0,1351,0,1349,0,2,False,0.14336,0.0619
2025-12-17 00:00:00,0,3735,0,3763,28,0,False,0.14336,0.0619
2025-12-17 01:00:00,0,5124,0,5126,2,0,False,0.14336,0.0619
2025-12-17 02:00:00,0,5027,0,5031,4,0,False,0.14336,0.0619
2025-12-17 03:00:00,0,4943,0,4965,22,0,False,0.14336,0.0619
2025-12-17 04:00:00,0,4944,0,4944,0,0,False,0.14336,0.0619
2025-12-17 05:00:00,0,4919,0,4943,24,0,False,0.14336,0.0619
2025-12-17 06:00:00,0,4881,0,4881,0,0,False,0.14336,0.0619
2025-12-17 07:00:00,210,2802,0,2773,181,0,False,0.14336,0.0619
2025-12-17 08:00:00,664,2365,0,2272,571,0,False,0.14336,0.0619
2025-12-17 09:00:00,1122,2311,0,2112,923,0,False,0.14336,0.0619
2025-12-17 10:00:00,1952,2298,0,1522,1176,0,False,0.14336,0.0619
2025-12-17 11:00:00,1025,1946,0,1943,1022,0,False,0.14336,0.0619
2025-12-17 12:00:00,911,1931,0,1822,802,0,False,0.14336,0.0619
2025-12-17 13:00:00,1655,1811,0,427,271,0,False,0.14336,0.0619
2025-12-17 14:00:00,788,2704,0,1936,20,0,False,0.14336,0.0619
2025-12-17 15:00:00,236,2068,0,1844,12,0,False,0.14336,0.0619
2025-12-17 16:00:00,2,2316,56,60,0,2310,True,0.34371,0.26225
2025-12-17 17:00:00,0,3053,0,2177,7,883,True,0.34371,0.26225
2025-12-17 18:00:00,0,2313,0,2323,10,0,True,0.34371,0.26225
2025-12-17 19:00:00,0,2309,0,2310,1,0,True,0.34371,0.26225
2025-12-17 20:00:00,0,2367,0,2369,2,0,False,0.14336,0.0619
2025-12-17 21:00:00,0,2748,0,2750,2,0,False,0.14336,0.0619
2025-12-17 22:00:00,1,1661,0,1660,0,0,False,0.14336,0.0619
2025-12-17 23:00:00,0,770,0,414,0,356,False,0.14336,0.0619
2025-12-18 00:00:00,0,1246,0,33,0,1213,False,0.14336,0.0619
2025-12-18 01:00:00,0,1473,0,34,0,1439,False,0.14336,0.0619
2025-12-18 02:00:00,0,2359,0,1270,22,1111,False,0.14336,0.0619
2025-12-18 03:00:00,0,2465,0,2482,17,0,False,0.14336,0.0619
2025-12-18 04:00:00,0,2398,0,2413,15,0,False,0.14336,0.0619
2025-12-18 05:00:00,0,2413,0,2546,133,0,False,0.14336,0.0619
2025-12-18 06:00:00,0,2754,0,2828,74,0,False,0.14336,0.0619
2025-12-18 07:00:00,95,2372,0,2403,126,0,False,0.14336,0.0619
2025-12-18 08:00:00,480,1184,9,1188,475,0,False,0.14336,0.0619
2025-12-18 09:00:00,1506,2014,7,1991,1476,0,False,0.14336,0.0619
2025-12-18 10:00:00,2622,3237,0,3217,2602,0,False,0.14336,0.0619
2025-12-18 11:00:00,3183,5209,0,5208,3182,0,False,0.14336,0.0619
2025-12-18 12:00:00,3005,2823,0,2836,3018,0,False,0.14336,0.0619
2025-12-18 13:00:00,1601,2717,0,2746,1630,0,False,0.14336,0.0619
2025-12-18 14:00:00,529,2629,0,2656,556,0,False,0.14336,0.0619
2025-12-18 15:00:00,210,1703,0,1735,242,0,False,0.14336,0.0619
2025-12-18 16:00:00,8,1799,14,14,2,1793,True,0.34371,0.26225
2025-12-18 17:00:00,0,2369,12,12,0,2369,True,0.34371,0.26225
2025-12-18 18:00:00,0,2230,12,6,0,2236,True,0.34371,0.26225
2025-12-18 19:00:00,0,1228,7,31,0,1204,True,0.34371,0.26225
2025-12-18 20:00:00,0,3009,24,841,18,2210,False,0.14336,0.0619
2025-12-18 21:00:00,0,2836,0,2844,8,0,False,0.14336,0.0619
2025-12-18 22:00:00,0,934,0,936,2,0,False,0.14336,0.0619
2025-12-18 23:00:00,0,1066,0,1159,93,0,False,0.14336,0.0619
2025-12-19 00:00:00,0,916,0,1005,89,0,False,0.14336,0.0619
2025-12-19 01:00:00,0,1175,0,1273,98,0,False,0.14336,0.0619
2025-12-19 02:00:00,0,1236,0,1324,88,0,False,0.14336,0.0619
2025-12-19 03:00:00,0,1688,0,1775,87,0,False,0.14336,0.0619
2025-12-19 04:00:00,0,1276,0,1360,84,0,False,0.14336,0.0619
2025-12-19 05:00:00,0,781,0,871,90,0,False,0.14336,0.0619
2025-12-19 06:00:00,0,1706,0,1794,88,0,False,0.14336,0.0619
2025-12-19 07:00:00,0,1735,0,1818,83,0,False,0.14336,0.0619
2025-12-19 08:00:00,137,2135,0,2195,197,0,False,0.14336,0.0619
2025-12-19 09:00:00,190,2926,0,10080,7344,0,False,0.14336,0.0619
2025-12-19 10:00:00,497,2334,0,6219,4382,0,False,0.14336,0.0619
2025-12-19 11:00:00,539,2081,0,2177,635,0,False,0.14336,0.0619
2025-12-19 12:00:00,367,2659,0,2761,469,0,False,0.14336,0.0619
2025-12-19 13:00:00,341,3187,0,3117,271,0,False,0.14336,0.0619
2025-12-19 14:00:00,174,4446,0,4561,289,0,False,0.14336,0.0619
2025-12-19 15:00:00,56,1060,0,1235,231,0,False,0.14336,0.0619
2025-12-19 16:00:00,0,789,16,9,0,796,True,0.34371,0.26225
2025-12-19 17:00:00,0,2015,0,20,0,1995,True,0.34371,0.26225
2025-12-19 18:00:00,0,1215,0,15,0,1200,True,0.34371,0.26225
2025-12-19 19:00:00,0,1058,3,23,0,1038,True,0.34371,0.26225
2025-12-19 20:00:00,0,1516,7,14,5,1514,False,0.14336,0.0619
2025-12-19 21:00:00,0,2770,75,17,0,2828,False,0.14336,0.0619
2025-12-19 22:00:00,0,1507,1,819,20,709,False,0.14336,0.0619
2025-12-19 23:00:00,0,1527,0,1536,9,0,False,0.14336,0.0619
2025-12-20 00:00:00,0,1475,0,1486,11,0,False,0.14336,0.0619
2025-12-20 01:00:00,0,1337,0,1425,88,0,False,0.14336,0.0619
2025-12-20 02:00:00,0,1121,0,1199,78,0,False,0.14336,0.0619
2025-12-20 03:00:00,0,1830,0,2004,174,0,False,0.14336,0.0619
2025-12-20 04:00:00,0,2513,0,2630,117,0,False,0.14336,0.0619
2025-12-20 05:00:00,0,2432,0,2494,62,0,False,0.14336,0.0619
2025-12-20 06:00:00,0,2296,0,2356,60,0,False,0.14336,0.0619
2025-12-20 07:00:00,83,2808,0,2903,178,0,False,0.14336,0.0619
2025-12-20 08:00:00,453,2597,0,2575,431,0,False,0.14336,0.0619
2025-12-20 09:00:00,1532,2235,0,2237,1534,0,False,0.14336,0.0619
2025-12-20 10:00:00,2691,2761,0,2727,2657,0,False,0.14336,0.0619
2025-12-20 11:00:00,3238,1445,0,1455,3248,0,False,0.14336,0.0619
2025-12-20 12:00:00,3091,2767,0,2873,3197,0,False,0.14336,0.0619
2025-12-20 13:00:00,1701,3005,0,2700,1396,0,False,0.14336,0.0619
2025-12-20 14:00:00,691,3039,0,2604,256,0,False,0.14336,0.0619
2025-12-20 15:00:00,227,2594,0,2488,121,0,False,0.14336,0.0619
2025-12-20 16:00:00,4,860,0,52,0,804,True,0.34371,0.26225
2025-12-20 17:00:00,0,2461,27,19,0,2469,True,0.34371,0.26225
2025-12-20 18:00:00,0,2559,4,15,0,2548,True,0.34371,0.26225
2025-12-20 19:00:00,0,2487,0,20,0,2467,True,0.34371,0.26225
2025-12-20 20:00:00,0,1921,19,24,2,1918,False,0.14336,0.0619
2025-12-20 21:00:00,2,5748,0,5758,18,6,False,0.14336,0.0619
2025-12-20 22:00:00,0,1448,0,1448,0,0,False,0.14336,0.0619
2025-12-20 23:00:00,0,1478,0,1480,2,0,False,0.14336,0.0619
2025-12-21 00:00:00,0,1087,0,1162,75,0,False,0.14336,0.0619
2025-12-21 01:00:00,0,1419,0,1489,70,0,False,0.14336,0.0619
2025-12-21 02:00:00,0,2287,0,2411,124,0,False,0.14336,0.0619
2025-12-21 03:00:00,0,1807,0,1933,126,0,False,0.14336,0.0619
2025-12-21 04:00:00,0,1766,0,1842,76,0,False,0.14336,0.0619
2025-12-21 05:00:00,0,1814,0,1874,60,0,False,0.14336,0.0619
2025-12-21 06:00:00,0,1884,0,1997,113,0,False,0.14336,0.0619
2025-12-21 07:00:00,60,2549,0,2597,108,0,False,0.14336,0.0619
2025-12-21 08:00:00,460,2051,0,2405,814,0,False,0.14336,0.0619
2025-12-21 09:00:00,1474,2538,0,2541,1477,0,False,0.14336,0.0619
2025-12-21 10:00:00,2588,1584,0,1588,2592,0,False,0.14336,0.0619
2025-12-21 11:00:00,2932,1591,0,1583,2924,0,False,0.14336,0.0619
2025-12-21 12:00:00,2276,2193,0,2237,2320,0,False,0.14336,0.0619
2025-12-21 13:00:00,1124,2232,0,2238,1130,0,False,0.14336,0.0619
2025-12-21 14:00:00,503,2481,0,2994,1016,0,False,0.14336,0.0619
2025-12-21 15:00:00,347,2315,0,2431,463,0,False,0.14336,0.0619
2025-12-21 16:00:00,10,2325,0,47,4,2272,True,0.34371,0.26225
2025-12-21 17:00:00,0,2455,35,6,0,2484,True,0.34371,0.26225
2025-12-21 18:00:00,0,2088,8,27,0,2069,True,0.34371,0.26225
2025-12-21 19:00:00,0,2815,19,2,0,2832,True,0.34371,0.26225
2025-12-21 20:00:00,0,2962,0,2589,21,394,False,0.14336,0.0619
2025-12-21 21:00:00,0,2657,0,2657,0,0,False,0.14336,0.0619
2025-12-21 22:00:00,0,1324,0,1336,12,0,False,0.14336,0.0619
2025-12-21 23:00:00,0,1273,0,1350,77,0,False,0.14336,0.0619
2025-12-22 00:00:00,0,1240,0,1309,69,0,False,0.14336,0.0619
2025-12-22 01:00:00,0,2156,0,2222,66,0,False,0.14336,0.0619
2025-12-22 02:00:00,0,2192,0,2302,110,0,False,0.14336,0.0619
2025-12-22 03:00:00,0,2531,0,2703,172,0,False,0.14336,0.0619
2025-12-22 04:00:00,0,2394,0,2517,123,0,False,0.14336,0.0619
2025-12-22 05:00:00,0,2483,0,2636,153,0,False,0.14336,0.0619
2025-12-22 06:00:00,0,2525,0,2583,58,0,False,0.14336,0.0619
2025-12-22 07:00:00,77,2660,0,2743,160,0,False,0.14336,0.0619
2025-12-22 08:00:00,453,3194,0,3169,428,0,False,0.14336,0.0619
2025-12-22 09:00:00,1533,3702,0,3632,1463,0,False,0.14336,0.0619
2025-12-22 10:00:00,2731,3706,0,2880,1905,0,False,0.14336,0.0619
2025-12-22 11:00:00,3313,3910,0,3584,2987,0,False,0.14336,0.0619
2025-12-22 12:00:00,3134,5212,0,5143,3065,0,False,0.14336,0.0619
2025-12-22 13:00:00,1717,5560,0,5612,1769,0,False,0.14336,0.0619
2025-12-22 14:00:00,529,7999,0,8141,671,0,False,0.14336,0.0619
2025-12-22 15:00:00,214,5184,0,5515,545,0,False,0.14336,0.0619
2025-12-22 16:00:00,6,2917,3,48,6,2872,True,0.34371,0.26225
2025-12-22 17:00:00,0,2880,0,25,0,2855,True,0.34371,0.26225
2025-12-22 18:00:00,0,2412,3,36,0,2379,True,0.34371,0.26225
2025-12-22 19:00:00,0,3149,30,1033,19,2165,True,0.34371,0.26225
2025-12-22 20:00:00,0,3175,0,3190,15,0,False,0.14336,0.0619
2025-12-22 21:00:00,0,3187,0,3201,14,0,False,0.14336,0.0619
2025-12-22 22:00:00,0,1149,0,1168,19,0,False,0.14336,0.0619
2025-12-22 23:00:00,0,1465,0,1630,165,0,False,0.14336,0.0619
2025-12-23 00:00:00,0,2140,0,2282,142,0,False,0.14336,0.0619
2025-12-23 01:00:00,0,2657,0,2751,94,0,False,0.14336,0.0619
2025-12-23 02:00:00,0,2445,0,2604,159,0,False,0.14336,0.0619
2025-12-23 03:00:00,0,2494,0,2598,104,0,False,0.14336,0.0619
2025-12-23 04:00:00,0,2549,0,2848,299,0,False,0.14336,0.0619
2025-12-23 05:00:00,0,2425,0,2532,107,0,False,0.14336,0.0619
2025-12-23 06:00:00,0,2485,0,2605,120,0,False,0.14336,0.0619
2025-12-23 07:00:00,80,2622,0,2736,194,0,False,0.14336,0.0619
2025-12-23 08:00:00,497,4823,0,4837,511,0,False,0.14336,0.0619
2025-12-23 09:00:00,498,5612,0,5621,507,0,False,0.14336,0.0619
2025-12-23 10:00:00,586,5752,0,5743,577,0,False,0.14336,0.0619
2025-12-23 11:00:00,1080,5590,0,5611,1101,0,False,0.14336,0.0619
2025-12-23 12:00:00,1130,5723,0,5733,1140,0,False,0.14336,0.0619
2025-12-23 13:00:00,531,5435,0,5452,548,0,False,0.14336,0.0619
2025-12-23 14:00:00,262,3957,0,4509,814,0,False,0.14336,0.0619
2025-12-23 15:00:00,50,3012,0,3760,798,0,False,0.14336,0.0619
2025-12-23 16:00:00,0,3485,12,73,1,3425,True,0.34371,0.26225
2025-12-23 17:00:00,0,3358,1,2353,24,1030,True,0.34371,0.26225
2025-12-23 18:00:00,0,2736,0,2756,20,0,True,0.34371,0.26225
2025-12-23 19:00:00,0,2935,0,2949,14,0,True,0.34371,0.26225
2025-12-23 20:00:00,0,3144,0,3154,10,0,False,0.14336,0.0619
2025-12-23 21:00:00,0,4064,0,4191,127,0,False,0.14336,0.0619
2025-12-23 22:00:00,0,2358,0,2471,113,0,False,0.14336,0.0619
2025-12-23 23:00:00,0,1752,0,1871,119,0,False,0.14336,0.0619
2025-12-24 00:00:00,0,1257,0,1354,97,0,False,0.14336,0.0619
2025-12-24 01:00:00,0,1997,0,2097,100,0,False,0.14336,0.0619
2025-12-24 02:00:00,0,2343,0,2452,109,0,False,0.14336,0.0619
2025-12-24 03:00:00,0,2241,0,2367,126,0,False,0.14336,0.0619
2025-12-24 04:00:00,0,2502,0,2642,140,0,False,0.14336,0.0619
2025-12-24 05:00:00,0,2295,0,2437,142,0,False,0.14336,0.0619
2025-12-24 06:00:00,0,1708,0,1767,59,0,False,0.14336,0.0619
2025-12-24 07:00:00,43,2575,0,2649,117,0,False,0.14336,0.0619
2025-12-24 08:00:00,476,2743,0,2749,482,0,False,0.14336,0.0619
2025-12-24 09:00:00,1594,2256,0,4428,3766,0,False,0.14336,0.0619
2025-12-24 10:00:00,2090,1407,0,1478,2161,0,False,0.14336,0.0619
2025-12-24 11:00:00,1190,2506,0,4892,3576,0,False,0.14336,0.0619
2025-12-24 12:00:00,1106,2780,0,3853,2179,0,False,0.14336,0.0619
2025-12-24 13:00:00,1207,3339,0,2536,404,0,False,0.14336,0.0619
2025-12-24 14:00:00,1137,3395,0,2515,257,0,False,0.14336,0.0619
2025-12-24 15:00:00,266,2371,0,2268,163,0,False,0.14336,0.0619
2025-12-24 16:00:00,9,2354,0,62,0,2283,True,0.34371,0.26225
2025-12-24 17:00:00,0,2955,10,8,0,2957,True,0.34371,0.26225
2025-12-24 18:00:00,0,2126,16,30,0,2112,True,0.34371,0.26225
2025-12-24 19:00:00,0,3140,0,1947,21,1214,True,0.34371,0.26225
2025-12-24 20:00:00,0,3886,0,3889,3,0,False,0.14336,0.0619
2025-12-24 21:00:00,0,6328,0,6329,1,0,False,0.14336,0.0619
2025-12-24 22:00:00,0,2492,0,2495,3,0,False,0.14336,0.0619
2025-12-24 23:00:00,0,2090,0,2106,16,0,False,0.14336,0.0619
2025-12-25 00:00:00,0,2274,0,2296,22,0,False,0.14336,0.0619
2025-12-25 01:00:00,0,3601,0,3625,24,0,False,0.14336,0.0619
2025-12-25 02:00:00,0,3207,0,3232,25,0,False,0.14336,0.0619
2025-12-25 03:00:00,0,3010,0,3031,21,0,False,0.14336,0.0619
2025-12-25 04:00:00,0,3019,0,3039,20,0,False,0.14336,0.0619
2025-12-25 05:00:00,0,2428,0,2449,21,0,False,0.14336,0.0619
2025-12-25 06:00:00,0,2905,0,2924,19,0,False,0.14336,0.0619
2025-12-25 07:00:00,0,4241,0,4256,15,0,False,0.14336,0.0619
2025-12-25 08:00:00,118,3761,0,3768,125,0,False,0.14336,0.0619
2025-12-25 09:00:00,224,3359,0,5157,2022,0,False,0.14336,0.0619
2025-12-25 10:00:00,405,3252,0,6066,3219,0,False,0.14336,0.0619
2025-12-25 11:00:00,723,3454,0,6087,3356,0,False,0.14336,0.0619
2025-12-25 12:00:00,2314,3874,0,3837,2277,0,False,0.14336,0.0619
2025-12-25 13:00:00,1496,3596,0,2292,192,0,False,0.14336,0.0619
2025-12-25 14:00:00,678,3006,0,2406,78,0,False,0.14336,0.0619
2025-12-25 15:00:00,212,2854,0,2686,46,2,False,0.14336,0.0619
2025-12-25 16:00:00,3,1260,2,15,0,1244,True,0.34371,0.26225
2025-12-25 17:00:00,0,2777,0,29,0,2748,True,0.34371,0.26225
2025-12-25 18:00:00,0,2934,0,24,0,2910,True,0.34371,0.26225
2025-12-25 19:00:00,0,3396,15,29,1,3383,True,0.34371,0.26225
2025-12-25 20:00:00,0,3865,0,8006,4141,0,False,0.14336,0.0619
2025-12-25 21:00:00,0,3723,0,9090,5367,0,False,0.14336,0.0619
2025-12-25 22:00:00,0,2125,0,4166,2041,0,False,0.14336,0.0619
2025-12-25 23:00:00,0,4940,0,5197,257,0,False,0.14336,0.0619
2025-12-26 00:00:00,0,6057,0,6333,276,0,False,0.14336,0.0619
2025-12-26 01:00:00,0,6808,0,7059,251,0,False,0.14336,0.0619
2025-12-26 02:00:00,0,6313,0,6553,240,0,False,0.14336,0.0619
2025-12-26 03:00:00,0,7106,0,7150,44,0,False,0.14336,0.0619
2025-12-26 04:00:00,0,6810,0,6868,58,0,False,0.14336,0.0619
2025-12-26 05:00:00,0,6819,0,6871,52,0,False,0.14336,0.0619
2025-12-26 06:00:00,0,7058,0,7123,65,0,False,0.14336,0.0619
2025-12-26 07:00:00,88,6908,0,6880,60,0,False,0.14336,0.0619
2025-12-26 08:00:00,558,8831,0,8332,59,0,False,0.14336,0.0619
2025-12-26 09:00:00,1421,8333,0,6968,56,0,False,0.14336,0.0619
2025-12-26 10:00:00,2666,6143,0,3518,41,0,False,0.14336,0.0619
2025-12-26 11:00:00,2503,4729,0,2290,64,0,False,0.14336,0.0619
2025-12-26 12:00:00,1996,6780,0,4838,54,0,False,0.14336,0.0619
2025-12-26 13:00:00,1723,6542,0,4860,41,0,False,0.14336,0.0619
2025-12-26 14:00:00,876,4355,0,3527,48,0,False,0.14336,0.0619
2025-12-26 15:00:00,383,2938,0,2596,44,3,False,0.14336,0.0619
2025-12-26 16:00:00,15,3479,7,11,1,3461,True,0.34371,0.26225
2025-12-26 17:00:00,0,3741,33,21,0,3753,True,0.34371,0.26225
2025-12-26 18:00:00,0,3507,0,338,4,3173,True,0.34371,0.26225
2025-12-26 19:00:00,0,4345,0,4363,18,0,True,0.34371,0.26225
2025-12-26 20:00:00,0,3861,0,7474,3613,0,False,0.14336,0.0619
2025-12-26 21:00:00,0,4379,0,8502,4123,0,False,0.14336,0.0619
2025-12-26 22:00:00,0,1379,0,4876,3497,0,False,0.14336,0.0619
2025-12-26 23:00:00,0,2062,0,2813,751,0,False,0.14336,0.0619
2025-12-27 00:00:00,0,3085,0,3384,299,0,False,0.14336,0.0619
2025-12-27 01:00:00,0,3171,0,3432,261,0,False,0.14336,0.0619
2025-12-27 02:00:00,0,3170,0,3414,244,0,False,0.14336,0.0619
2025-12-27 03:00:00,0,2774,0,2878,104,0,False,0.14336,0.0619
2025-12-27 04:00:00,0,3287,0,3339,52,0,False,0.14336,0.0619
2025-12-27 05:00:00,0,3453,0,3501,48,0,False,0.14336,0.0619
2025-12-27 06:00:00,0,3414,0,3489,75,0,False,0.14336,0.0619
2025-12-27 07:00:00,0,3796,0,3837,41,0,False,0.14336,0.0619
2025-12-27 08:00:00,0,3754,0,3804,50,0,False,0.14336,0.0619
2025-12-27 09:00:00,0,2631,0,2675,44,0,False,0.14336,0.0619
2025-12-27 10:00:00,35,677,0,694,52,0,False,0.14336,0.0619
2025-12-27 11:00:00,287,583,0,370,74,0,False,0.14336,0.0619
2025-12-27 12:00:00,1689,583,1066,0,40,0,False,0.14336,0.0619
2025-12-27 13:00:00,1235,615,578,0,42,0,False,0.14336,0.0619
2025-12-27 14:00:00,339,580,0,283,42,0,False,0.14336,0.0619
2025-12-27 15:00:00,100,577,0,512,37,2,False,0.14336,0.0619
2025-12-27 16:00:00,3,1837,1,25,0,1810,True,0.34371,0.26225
2025-12-27 17:00:00,0,2357,4,12,0,2349,True,0.34371,0.26225
2025-12-27 18:00:00,0,2891,13,14,0,2890,True,0.34371,0.26225
2025-12-27 19:00:00,0,3005,18,12,0,3011,True,0.34371,0.26225
2025-12-27 20:00:00,0,2746,0,6311,3630,65,False,0.14336,0.0619
2025-12-27 21:00:00,0,3026,0,6934,3908,0,False,0.14336,0.0619
2025-12-27 22:00:00,0,3094,0,6291,3197,0,False,0.14336,0.0619
2025-12-27 23:00:00,0,2770,0,3710,940,0,False,0.14336,0.0619
2025-12-28 00:00:00,0,3142,0,3443,301,0,False,0.14336,0.0619
2025-12-28 01:00:00,0,3089,0,3358,269,0,False,0.14336,0.0619
2025-12-28 02:00:00,0,3104,0,3343,239,0,False,0.14336,0.0619
2025-12-28 03:00:00,0,3560,0,3708,148,0,False,0.14336,0.0619
2025-12-28 04:00:00,0,2817,0,2865,48,0,False,0.14336,0.0619
2025-12-28 05:00:00,0,3878,0,3931,53,0,False,0.14336,0.0619
2025-12-28 06:00:00,0,3401,0,3470,69,0,False,0.14336,0.0619
2025-12-28 07:00:00,8,2860,0,2907,55,0,False,0.14336,0.0619
2025-12-28 08:00:00,102,2870,0,2807,39,0,False,0.14336,0.0619
2025-12-28 09:00:00,333,3114,0,2835,54,0,False,0.14336,0.0619
2025-12-28 10:00:00,1207,2251,0,1082,38,0,False,0.14336,0.0619
2025-12-28 11:00:00,1874,2141,0,329,62,0,False,0.14336,0.0619
2025-12-28 12:00:00,1985,2189,0,258,54,0,False,0.14336,0.0619
2025-12-28 13:00:00,1437,2279,0,879,38,1,False,0.14336,0.0619
2025-12-28 14:00:00,513,807,0,334,40,0,False,0.14336,0.0619
2025-12-28 15:00:00,233,2293,0,2098,39,1,False,0.14336,0.0619
2025-12-28 16:00:00,5,1498,0,32,0,1461,True,0.34371,0.26225
2025-12-28 17:00:00,0,2371,2,9,0,2364,True,0.34371,0.26225
2025-12-28 18:00:00,0,2632,14,25,0,2621,True,0.34371,0.26225
2025-12-28 19:00:00,0,2396,21,0,0,2417,True,0.34371,0.26225
2025-12-28 20:00:00,0,2375,0,6426,4103,52,False,0.14336,0.0619
2025-12-28 21:00:00,0,2298,0,6853,4555,0,False,0.14336,0.0619
2025-12-28 22:00:00,0,2163,0,3418,1255,0,False,0.14336,0.0619
2025-12-28 23:00:00,0,2238,0,2511,273,0,False,0.14336,0.0619
2025-12-29 00:00:00,0,2227,0,2477,250,0,False,0.14336,0.0619
2025-12-29 01:00:00,0,1607,0,1856,249,0,False,0.14336,0.0619
2025-12-29 02:00:00,0,2004,0,2245,241,0,False,0.14336,0.0619
2025-12-29 03:00:00,0,2272,0,2444,172,0,False,0.14336,0.0619
2025-12-29 04:00:00,0,2263,0,2315,52,0,False,0.14336,0.0619
2025-12-29 05:00:00,0,2302,0,2368,66,0,False,0.14336,0.0619
2025-12-29 06:00:00,0,2173,0,2227,54,0,False,0.14336,0.0619
2025-12-29 07:00:00,0,2274,0,2324,50,0,False,0.14336,0.0619
2025-12-29 08:00:00,0,2254,0,2301,47,0,False,0.14336,0.0619
2025-12-29 09:00:00,75,1450,0,1425,50,0,False,0.14336,0.0619
2025-12-29 10:00:00,289,1540,0,1307,56,0,False,0.14336,0.0619
2025-12-29 11:00:00,172,2239,0,2110,43,0,False,0.14336,0.0619
2025-12-29 12:00:00,276,2384,0,2146,38,0,False,0.14336,0.0619
2025-12-29 13:00:00,175,1843,0,1706,38,0,False,0.14336,0.0619
2025-12-29 14:00:00,97,1967,0,1912,42,0,False,0.14336,0.0619
2025-12-29 15:00:00,74,2450,0,2430,54,0,False,0.14336,0.0619
2025-12-29 16:00:00,0,1859,6,14,1,1852,True,0.34371,0.26225
2025-12-29 17:00:00,0,1706,0,19,0,1687,True,0.34371,0.26225
2025-12-29 18:00:00,0,1530,0,20,0,1510,True,0.34371,0.26225
2025-12-29 19:00:00,0,2483,0,14,0,2469,True,0.34371,0.26225
2025-12-29 20:00:00,0,1681,0,7265,5639,55,False,0.14336,0.0619
2025-12-29 21:00:00,0,2181,0,5682,3501,0,False,0.14336,0.0619
2025-12-29 22:00:00,0,1425,0,1536,111,0,False,0.14336,0.0619
2025-12-29 23:00:00,0,2136,0,2200,64,0,False,0.14336,0.0619
2025-12-30 00:00:00,0,2301,0,2357,56,0,False,0.14336,0.0619
2025-12-30 01:00:00,0,2319,0,2369,50,0,False,0.14336,0.0619
2025-12-30 02:00:00,0,2222,0,2278,56,0,False,0.14336,0.0619
2025-12-30 03:00:00,0,2689,0,2735,46,0,False,0.14336,0.0619
2025-12-30 04:00:00,0,2238,0,2292,54,0,False,0.14336,0.0619
2025-12-30 05:00:00,0,2530,0,2580,50,0,False,0.14336,0.0619
2025-12-30 06:00:00,0,2576,0,2628,52,0,False,0.14336,0.0619
2025-12-30 07:00:00,70,2470,0,2458,58,0,False,0.14336,0.0619
2025-12-30 08:00:00,458,2687,0,2274,45,0,False,0.14336,0.0619
2025-12-30 09:00:00,1489,2327,0,879,41,0,False,0.14336,0.0619
2025-12-30 10:00:00,1840,2265,0,468,43,0,False,0.14336,0.0619
2025-12-30 11:00:00,2152,2461,9,363,45,0,False,0.14336,0.0619
2025-12-30 12:00:00,1289,2280,0,1037,46,0,False,0.14336,0.0619
2025-12-30 13:00:00,786,2475,0,1722,33,0,False,0.14336,0.0619
2025-12-30 14:00:00,823,2564,0,1777,36,0,False,0.14336,0.0619
2025-12-30 15:00:00,387,2275,0,1931,43,0,False,0.14336,0.0619
2025-12-30 16:00:00,14,2637,0,33,1,2591,True,0.34371,0.26225
2025-12-30 17:00:00,0,2580,4,14,0,2570,True,0.34371,0.26225
2025-12-30 18:00:00,0,2801,43,2,0,2842,True,0.34371,0.26225
2025-12-30 19:00:00,0,1759,1,5,0,1755,True,0.34371,0.26225
2025-12-30 20:00:00,0,2502,0,5997,3531,36,False,0.14336,0.0619
2025-12-30 21:00:00,0,2375,0,6270,3895,0,False,0.14336,0.0619
2025-12-30 22:00:00,0,2633,0,5801,3168,0,False,0.14336,0.0619
2025-12-30 23:00:00,0,2492,0,3070,578,0,False,0.14336,0.0619
2025-12-31 00:00:00,0,2515,0,2769,254,0,False,0.14336,0.0619
2025-12-31 01:00:00,0,2591,0,2830,239,0,False,0.0,0.0
2025-12-31 02:00:00,0,2454,0,2701,247,0,False,0.0,0.0
2025-12-31 03:00:00,0,2630,0,2812,182,0,False,0.0,0.0
2025-12-31 04:00:00,0,2534,0,2573,39,0,False,0.0,0.0
2025-12-31 05:00:00,0,2535,0,2605,70,0,False,0.0,0.0
2025-12-31 06:00:00,0,2563,0,2614,51,0,False,0.0,0.0
2025-12-31 07:00:00,210,2649,0,2480,41,0,False,0.0,0.0
2025-12-31 08:00:00,589,2496,0,1948,41,0,False,0.0,0.0
2025-12-31 09:00:00,1629,2540,0,946,35,0,False,0.0,0.0
2025-12-31 10:00:00,2234,2256,113,189,54,0,False,0.0,0.0
2025-12-31 11:00:00,3204,2207,951,0,46,0,False,0.0,0.0
2025-12-31 12:00:00,3198,2199,1044,80,35,0,False,0.0,0.0
2025-12-31 13:00:00,1722,2234,0,547,35,0,False,0.0,0.0
2025-12-31 14:00:00,862,2093,0,1262,31,0,False,0.0,0.0
2025-12-31 15:00:00,375,1519,0,1198,54,0,False,0.0,0.0
2025-12-31 16:00:00,12,2290,0,25,1,2254,False,0.0,0.0
2025-12-31 17:00:00,0,2397,11,15,0,2393,False,0.0,0.0
2025-12-31 18:00:00,0,2454,10,13,0,2451,False,0.0,0.0
2025-12-31 19:00:00,0,2868,23,9,0,2882,False,0.0,0.0
2025-12-31 20:00:00,0,2297,0,6443,4205,59,False,0.0,0.0
2025-12-31 21:00:00,0,2399,0,7149,4750,0,False,0.0,0.0
2025-12-31 22:00:00,0,2837,0,4924,2087,0,False,0.0,0.0
2025-12-31 23:00:00,0,2253,0,2535,282,0,False,0.0,0.0
